names,scores,logfoldchanges,pvals,pvals_adj
Rap1b,2.4031572,0.97405,0.016254192370766616,1.0
Cfl1,2.1286395,0.50557387,0.03328410910570461,1.0
Gimap7,1.9148754,1.0750271,0.055508399746545894,1.0
Cotl1,1.8698725,0.7626852,0.0615015362681549,1.0
Elk4,1.8608718,1.0706859,0.06276227832332924,1.0
Muc2,1.8451208,0.20832406,0.06501996787014404,1.0
Usf2,1.83387,1.2099302,0.06667328408205517,1.0
Phgr1,1.8248695,0.93257284,0.06802072845315701,1.0
Tet3,1.8068683,2.115334,0.07078281665793297,1.0
Ap1b1,1.7956176,2.9630213,0.07255536108185308,1.0
Tspan1,1.741614,0.6202977,0.08157600556282195,1.0
Cd7,1.7213627,0.5577036,0.08518502850245888,1.0
Sptbn1,1.7168624,1.3479669,0.08600431551346448,1.0
Rasal3,1.6853603,1.3966123,0.09191907014494564,1.0
mt-Cytb,1.6111054,0.77185893,0.10715673405294816,1.0
Ptpn6,1.5863539,1.0377135,0.11265906079202606,1.0
Elovl5,1.5841037,2.2046928,0.1131701196585481,1.0
Fau,1.5773532,0.3917314,0.11471426130694712,1.0
Laptm5,1.5773532,0.3498951,0.11471426130694712,1.0
Tram1,1.5683527,0.8836757,0.11679884763228153,1.0
Cyp2c55,1.5458512,0.66773164,0.12214050646969048,1.0
Atf7ip,1.5391008,1.4598181,0.12377969801207045,1.0
Slc37a2,1.5053486,1.9393318,0.13223448758644865,1.0
Tkt,1.496348,1.0686585,0.13456300130034415,1.0
mt-Nd2,1.4828471,1.7306195,0.1381150433710113,1.0
Idh3a,1.4738464,1.1838511,0.14052292672565844,1.0
Papola,1.390591,0.5975238,0.1643494739345841,1.0
Wac,1.3793403,1.3849074,0.1677898546245299,1.0
Il2rg,1.3680896,0.55977595,0.17128404103442196,1.0
Capzb,1.3680896,0.47227037,0.17128404103442196,1.0
Pigr,1.359089,0.45625734,0.1741183941762473,1.0
Kif5b,1.3388376,1.5938423,0.18062352943130477,1.0
Dbnl,1.3388376,0.9155,0.18062352943130477,1.0
Cyfip2,1.3343374,1.0652188,0.1820933187914835,1.0
Tff3,1.3343374,0.6945681,0.1820933187914835,1.0
Cd164,1.3275869,0.34624317,0.18431460851100046,1.0
Commd6,1.3208364,2.836573,0.1865558943721829,1.0
Prkag1,1.2803339,2.5503247,0.20042775659482692,1.0
Ifi30,1.2735834,2.19881,0.2028111045068377,1.0
Rab1a,1.2713332,1.0750786,0.20361012346445162,1.0
Chchd10,1.2713332,1.1191282,0.20361012346445162,1.0
Guk1,1.2600825,2.0683444,0.20763960300676676,1.0
Jun,1.2578324,1.5461729,0.20845239306068297,1.0
Tex261,1.2578324,1.6942888,0.20845239306068297,1.0
Xbp1,1.2443315,1.1540066,0.21337759425918246,1.0
Eif3g,1.2128294,0.8772373,0.22519505053301214,1.0
Ak3,1.2128294,0.6556774,0.22519505053301214,1.0
Ctsw,1.2105793,0.47120962,0.22605669783201754,1.0
Prss32,1.2083291,1.1469259,0.2269206954411287,1.0
Cited4,1.2038288,2.3343601,0.22865574966911206,1.0
mt-Nd4l,1.1993285,1.2577896,0.23040022919195813,1.0
Stk17b,1.1993285,0.74213386,0.23040022919195813,1.0
Zc3h14,1.1970783,1.7549342,0.2312760083502664,1.0
Fth1,1.1948283,0.32154027,0.2321541496886369,1.0
Gimap1,1.1858276,1.1858792,0.23569037482388955,1.0
Fkbp4,1.1723268,1.133937,0.24106589449992044,1.0
Vps26b,1.1633261,1.4120795,0.2446971941227254,1.0
Gga1,1.1633261,2.7125328,0.2446971941227254,1.0
Sf3b3,1.1498253,1.0954465,0.2502158408374807,1.0
Vrk1,1.1430749,2.7833242,0.2530075202455142,1.0
Smc4,1.1408247,1.7902628,0.25394288358056827,1.0
Rack1,1.1385746,0.49382666,0.25488065109885893,1.0
Rnf213,1.1385746,1.0788761,0.25488065109885893,1.0
Tle3,1.1363244,0.60377854,0.2558208242196478,1.0
Selenop,1.1340742,1.1461446,0.25676340434144496,1.0
Adnp,1.1250737,1.1860191,0.26055782207850475,1.0
Bcas2,1.1228235,1.6425714,0.26151245745154195,1.0
Mcrip1,1.1183232,1.6547185,0.26342897430528966,1.0
Cnn2,1.1048223,0.5021136,0.26923658111549864,1.0
Rab5c,1.1025722,0.521606,0.2702129942991133,1.0
Atp6v0d1,1.0958217,3.4830723,0.27315679068556453,1.0
Hnf4a,1.0958217,1.5171834,0.27315679068556453,1.0
Lgals4,1.0958217,0.15556976,0.27315679068556453,1.0
Aak1,1.0913215,3.5261984,0.27513146259643806,1.0
Acly,1.0890713,0.7783869,0.2761224438189188,1.0
Tbc1d22b,1.0823208,1.8695446,0.2791099798385136,1.0
Sytl3,1.0823208,3.2739475,0.2791099798385136,1.0
Cbl,1.0778205,1.86874,0.2811138397673002,1.0
Ppie,1.0733203,1.700094,0.28312744303346904,1.0
Psma4,1.0733203,1.0738472,0.28312744303346904,1.0
Tmsb4x,1.0710701,0.16541618,0.28413790043113496,1.0
Nudt18,1.06882,2.8382626,0.2851507960332902,1.0
mt-Co3,1.0665698,0.5763232,0.286166130582437,1.0
Cuta,1.0665698,1.1001565,0.286166130582437,1.0
Itm2b,1.0620695,0.32825303,0.288204119376948,1.0
Atp5l,1.0598193,1.3623726,0.2892267749923554,1.0
Huwe1,1.0553191,1.2858038,0.2912794119111526,1.0
Xrn2,1.0508188,1.3893065,0.29334182047850643,1.0
Mrfap1,1.0463185,2.2455196,0.2954140052450952,1.0
Necap2,1.0463185,2.3454516,0.2954140052450952,1.0
Stx16,1.0463185,2.1529784,0.2954140052450952,1.0
Wdr41,1.0395681,26.699156,0.2985406217989369,1.0
Sept5,1.0395681,26.522356,0.2985406217989369,1.0
mt-Nd1,1.0395681,0.57655835,0.2985406217989369,1.0
Hnrnpk,1.0395681,26.712126,0.2985406217989369,1.0
Cdca3,1.0395681,26.589138,0.2985406217989369,1.0
Ube3c,1.0373179,2.3598192,0.2995877196999054,1.0
Eif2s2,1.0283173,2.1439874,0.3038005841376049,1.0
Fubp1,1.0283173,2.3668678,0.3038005841376049,1.0
Ppp6r1,1.0283173,0.93191975,0.3038005841376049,1.0
Pom121,1.0283173,2.0554411,0.3038005841376049,1.0
Bud31,1.0238171,2.0109298,0.30592170495266624,1.0
Pkn1,1.0238171,0.9549537,0.30592170495266624,1.0
Fasn,1.0193168,1.0329843,0.3080526213183694,1.0
Nono,1.0170666,0.6257268,0.30912175343580994,1.0
Mt1,1.0170666,1.4331845,0.30912175343580994,1.0
Smim4,1.0103161,2.0432792,0.31234384783798463,1.0
Slc28a2,1.0103161,1.8241744,0.31234384783798463,1.0
Elob,1.008066,0.8118465,0.31342277915500005,1.0
Lrrfip1,1.0058159,0.77073944,0.3145041605853989,1.0
Akt1,0.9990654,0.7562624,0.31776300619613185,1.0
Diaph1,0.99681526,1.4709965,0.31885418859574166,1.0
Eif4g3,0.99681526,0.8561424,0.31885418859574166,1.0
Reg4,0.9900648,0.27872577,0.32214243706388856,1.0
Nsmce1,0.9833144,2.8203905,0.32545273564877597,1.0
Tecpr1,0.97881407,2.741079,0.32767184955017103,1.0
Cd151,0.97881407,2.4608958,0.32767184955017103,1.0
Far1,0.9743138,2.46352,0.3299007600857573,1.0
Serf2,0.97206366,0.51499903,0.33101888845371663,1.0
Atg3,0.96981347,2.7299254,0.3321394651642501,1.0
Tsc22d2,0.96981347,1.6720725,0.3321394651642501,1.0
Setd1b,0.96981347,2.2962787,0.3321394651642501,1.0
Zg16,0.96756333,0.6383903,0.33326248989237395,1.0
Shisa5,0.96306306,0.28342307,0.33551588197377347,1.0
Drg2,0.9608129,1.5016711,0.3366462485492482,1.0
Fis1,0.9608129,0.53102475,0.3366462485492482,1.0
Ptgr2,0.9608129,1.5094243,0.3366462485492482,1.0
Brd1,0.9608129,2.2326677,0.3366462485492482,1.0
Pfdn1,0.9563126,2.2357633,0.33891432063274696,1.0
Glrx2,0.9563126,2.2063355,0.33891432063274696,1.0
Gpa33,0.9495622,0.7727211,0.342334768905733,1.0
Atf6,0.947312,2.26861,0.3434798069395989,1.0
Txn2,0.94506186,0.7288411,0.3446272883290874,1.0
Dapk3,0.94506186,1.9017689,0.3446272883290874,1.0
Dnajc3,0.94506186,0.5191349,0.3446272883290874,1.0
Eci1,0.9428117,1.3781546,0.345777212465722,1.0
Eef1b2,0.93831146,0.41857648,0.3480843864161901,1.0
Ptdss1,0.93606126,1.8983221,0.3492416348825993,1.0
Pdcd6,0.9338111,0.8822543,0.35040132340121677,1.0
Ddx58,0.9248105,4.066513,0.35506446281891735,1.0
Daxx,0.92031026,1.3764881,0.3574106523709154,1.0
Pdlim5,0.92031026,3.2529001,0.3574106523709154,1.0
Srpk1,0.92031026,0.8919569,0.3574106523709154,1.0
Arhgef1,0.9180601,0.6402527,0.35858739908206605,1.0
Ddx3x,0.9158099,1.1466346,0.35976657919337407,1.0
Wls,0.9158099,3.193932,0.35976657919337407,1.0
Gtf2a1,0.9158099,3.3418276,0.35976657919337407,1.0
Bag1,0.9135598,0.6929163,0.3609481917541697,1.0
S100a10,0.91130966,0.2415826,0.36213223578716514,1.0
Polr2g,0.91130966,1.2885451,0.36213223578716514,1.0
Ramp1,0.91130966,3.173907,0.36213223578716514,1.0
Sdhc,0.9090595,0.4976554,0.3633187102884142,1.0
Hmg20a,0.9090595,1.5840775,0.3633187102884142,1.0
Ttc7,0.9090595,0.8102272,0.3633187102884142,1.0
Cyc1,0.9068094,1.0499065,0.3645076142272732,1.0
Prr12,0.9068094,1.0180943,0.3645076142272732,1.0
Echs1,0.9068094,3.0478523,0.3645076142272732,1.0
Psmd2,0.9068094,2.8132343,0.3645076142272732,1.0
Clec2h,0.9045592,1.6266546,0.3656989465463616,1.0
Arpc3,0.90230906,0.48146307,0.3668927061615235,1.0
Grk6,0.8978088,0.9241143,0.3692875028093393,1.0
Cyb5a,0.8978088,1.1958412,0.3692875028093393,1.0
Tspyl1,0.8978088,2.6991482,0.3692875028093393,1.0
Myo15b,0.8978088,1.3699054,0.3692875028093393,1.0
Agfg1,0.8888082,0.702352,0.3741061729741044,1.0
Sod2,0.88655806,1.5614793,0.3753168910483967,1.0
St6galnac6,0.88655806,0.85692006,0.3753168910483967,1.0
Csnk1g2,0.88655806,0.58055156,0.3753168910483967,1.0
Spata13,0.88655806,1.6119486,0.3753168910483967,1.0
Atpif1,0.88655806,0.6859764,0.3753168910483967,1.0
Esrp1,0.88655806,1.5221981,0.3753168910483967,1.0
Muc3,0.8843079,0.24897712,0.37653002677712477,1.0
Cetn3,0.8843079,1.4820737,0.37653002677712477,1.0
Pdap1,0.87755746,0.9362636,0.3801839264862752,1.0
Cystm1,0.8753073,0.62325674,0.38140671929328673,1.0
Trappc12,0.8753073,2.1281633,0.38140671929328673,1.0
Clk1,0.870807,1.2470129,0.3838595356908484,1.0
Eif3l,0.870807,0.7379367,0.3838595356908484,1.0
F11r,0.86855686,1.2802373,0.3850895563284996,1.0
Flot1,0.8663067,26.262964,0.3863219832446052,1.0
Mvp,0.8663067,2.0098274,0.3863219832446052,1.0
Zkscan6,0.8663067,26.41051,0.3863219832446052,1.0
Stk10,0.8663067,2.05752,0.3863219832446052,1.0
Bcl10,0.8663067,26.44508,0.3863219832446052,1.0
Rnf111,0.8663067,26.162815,0.3863219832446052,1.0
Fam136a,0.8663067,26.295317,0.3863219832446052,1.0
Ints7,0.8663067,26.216093,0.3863219832446052,1.0
Rhof,0.8663067,1.1635709,0.3863219832446052,1.0
Id3,0.86180645,0.717048,0.3887940497056459,1.0
Hmox2,0.8573061,0.93835765,0.39127572238683883,1.0
Hist1h2bc,0.8573061,0.643968,0.39127572238683883,1.0
Tomm6,0.8573061,2.0103757,0.39127572238683883,1.0
Prrc2c,0.855056,0.4858108,0.39252015697520737,1.0
D8Ertd738e,0.85280585,1.0189788,0.3937669881618975,1.0
Rnf44,0.8460554,0.5793309,0.39752184407855995,1.0
Prkag2,0.8393049,1.7443888,0.4012982061813323,1.0
Tmed9,0.8393049,0.5706805,0.4012982061813323,1.0
Fgd3,0.8393049,1.2717109,0.4012982061813323,1.0
Vdr,0.8370548,1.130262,0.402561764143729,1.0
Epn1,0.8370548,1.1157483,0.402561764143729,1.0
Ganab,0.83480465,1.7528188,0.40382770425495296,1.0
Usp22,0.83480465,1.7285194,0.40382770425495296,1.0
Igkc,0.8303044,0.41609454,0.4063667231732039,1.0
Lgals3,0.8280542,0.0797852,0.4076397980354802,1.0
Entpd5,0.8235539,0.6972525,0.4101930684959947,1.0
Rac2,0.8213038,0.14341834,0.41147325998262074,1.0
Ino80b,0.8213038,1.7874938,0.41147325998262074,1.0
Sept7,0.8213038,1.0007654,0.41147325998262074,1.0
Ptms,0.81680346,0.43144065,0.4140407449806459,1.0
Ing1,0.81680346,1.1007578,0.4140407449806459,1.0
Cldn15,0.81680346,1.165285,0.4140407449806459,1.0
Arf5,0.8145533,1.1425084,0.41532803421320263,1.0
Rtcb,0.8145533,1.155708,0.41532803421320263,1.0
Acaa2,0.8123032,1.4244653,0.41661768503570684,1.0
Nsmce3,0.81005305,2.3580315,0.4179096952389296,1.0
Myo1f,0.8078029,0.7946551,0.4192040625856862,1.0
Rab8a,0.8078029,0.38351393,0.4192040625856862,1.0
Zbtb4,0.8055527,2.6240993,0.4205007848108201,1.0
Tmem14c,0.8055527,2.608836,0.4205007848108201,1.0
Itgb7,0.8033026,1.0211427,0.42179985962118494,1.0
Tmbim6,0.8033026,0.9067306,0.42179985962118494,1.0
Thy1,0.80105245,0.21646321,0.42310128469563024,1.0
Retnlb,0.7965521,0.96955985,0.425711176212042,1.0
Psmd10,0.79205185,2.1916618,0.42833044023017686,1.0
Lad1,0.7898017,1.1382028,0.4296435808265384,1.0
Tcrg-C1,0.7898017,1.6504928,0.4296435808265384,1.0
Tmem250-ps,0.7875516,1.2963004,0.4309590571711447,1.0
AI837181,0.7853014,1.2967199,0.4322768667464082,1.0
Arl6ip5,0.7853014,0.45308864,0.4322768667464082,1.0
Il17ra,0.78305125,2.0144522,0.43359700700662784,1.0
Muc3a,0.78305125,2.1151795,0.43359700700662784,1.0
Casp7,0.78305125,1.7703054,0.43359700700662784,1.0
Psen1,0.78305125,0.9963065,0.43359700700662784,1.0
Psmd3,0.7808011,1.2624813,0.4349194753779785,1.0
Ube2r2,0.7808011,0.50955707,0.4349194753779785,1.0
Gak,0.778551,1.994278,0.4362442692584998,1.0
Cds2,0.77630085,1.4000908,0.43757138601808676,1.0
Psma7,0.77405065,1.9679679,0.43890082299847955,1.0
Zc3hav1,0.77405065,0.95976794,0.43890082299847955,1.0
Tstd1,0.7718005,0.664576,0.4402325775132554,1.0
Nudc,0.7718005,0.9964424,0.4402325775132554,1.0
Nadk,0.76730025,0.6753137,0.4429030282593993,1.0
Poldip3,0.76730025,0.73588395,0.4429030282593993,1.0
Padi2,0.7650501,1.0140327,0.44424171897703313,1.0
Atp6ap1,0.7627999,1.6187346,0.445582716201568,1.0
Ndufv2,0.7605498,0.90438056,0.4469260171056507,1.0
Paip2,0.7605498,0.83222705,0.4469260171056507,1.0
Lima1,0.75829965,1.7381433,0.4482716188337236,1.0
Bclaf1,0.74929905,1.4693712,0.4536769758873307,1.0
Cox6a1,0.74929905,1.1521529,0.4536769758873307,1.0
Chp2,0.74929905,3.6723464,0.4536769758873307,1.0
Cideb,0.74929905,3.4173894,0.4536769758873307,1.0
Ate1,0.74929905,3.0802376,0.4536769758873307,1.0
Cops2,0.74929905,3.4187846,0.4536769758873307,1.0
Ehmt1,0.74929905,3.6202924,0.4536769758873307,1.0
Fnta,0.74929905,3.151931,0.4536769758873307,1.0
Ctsh,0.7447988,3.0159516,0.45639338303977783,1.0
Snrnp48,0.7447988,3.0147998,0.45639338303977783,1.0
Trio,0.7447988,3.1331334,0.45639338303977783,1.0
Mtif3,0.7447988,2.8310814,0.45639338303977783,1.0
Lmbrd1,0.7447988,3.310596,0.45639338303977783,1.0
Tbc1d9b,0.7447988,2.9678202,0.45639338303977783,1.0
Bag3,0.7447988,3.1281593,0.45639338303977783,1.0
Pnpla2,0.7447988,0.679701,0.45639338303977783,1.0
Cbfa2t2,0.7447988,2.9183178,0.45639338303977783,1.0
Arhgap15,0.7447988,3.0220077,0.45639338303977783,1.0
Hps5,0.7447988,3.0000544,0.45639338303977783,1.0
Ankhd1,0.7447988,2.8719625,0.45639338303977783,1.0
Lcp2,0.74254864,1.241721,0.457755008210057,1.0
Arid1b,0.74254864,1.2080418,0.457755008210057,1.0
Csnk2a2,0.74029845,2.8442707,0.4591189103440123,1.0
Heatr1,0.74029845,2.7079034,0.4591189103440123,1.0
Tgfbr1,0.74029845,2.9756024,0.4591189103440123,1.0
Mtap,0.74029845,2.9617646,0.4591189103440123,1.0
Rnf220,0.7357982,1.0397348,0.4618535330364928,1.0
Mta2,0.7357982,0.46889308,0.4618535330364928,1.0
Pip5k1b,0.7357982,1.4794236,0.4618535330364928,1.0
Rangap1,0.7357982,2.6598642,0.4618535330364928,1.0
Tapbp,0.7357982,0.657113,0.4618535330364928,1.0
Gstt2,0.73129785,2.6526237,0.46459722590201824,1.0
Ranbp9,0.73129785,1.5324681,0.46459722590201824,1.0
Esyt1,0.7290477,0.52104384,0.46597246564642836,1.0
Ogdh,0.7290477,0.40807596,0.46597246564642836,1.0
Arsb,0.7267976,2.6235182,0.46734996327375833,1.0
Hadh,0.7267976,0.81376725,0.46734996327375833,1.0
Sfpq,0.7267976,0.7217909,0.46734996327375833,1.0
Elk3,0.7267976,0.95045286,0.46734996327375833,1.0
Triobp,0.7267976,1.4328396,0.46734996327375833,1.0
Ap2m1,0.7267976,1.5233374,0.46734996327375833,1.0
Rnf103,0.7267976,2.5401866,0.46734996327375833,1.0
Bola2,0.7267976,0.8918917,0.46734996327375833,1.0
Rpp21,0.7267976,2.5469017,0.46734996327375833,1.0
Nudcd3,0.7222973,1.5082388,0.4701117190333234,1.0
Smim7,0.7222973,0.9537205,0.4701117190333234,1.0
Ola1,0.7222973,1.4678342,0.4701117190333234,1.0
Cep350,0.717797,1.104929,0.47288246661086875,1.0
Vps35l,0.7132967,1.278229,0.4756621789852383,1.0
Gimap8,0.7132967,0.6470372,0.4756621789852383,1.0
Cic,0.7132967,1.4032122,0.4756621789852383,1.0
Sdc1,0.7132967,1.4309816,0.4756621789852383,1.0
Dhcr24,0.7132967,1.3568668,0.4756621789852383,1.0
Pttg1ip,0.7132967,1.3084835,0.4756621789852383,1.0
Gabarapl2,0.7042961,0.7654121,0.4812483877843795,1.0
Msn,0.7042961,0.29428616,0.4812483877843795,1.0
Ctps2,0.7042961,1.2626275,0.4812483877843795,1.0
Ppp4c,0.7042961,0.9550488,0.4812483877843795,1.0
Cyth1,0.7042961,1.3973981,0.4812483877843795,1.0
Ubqln4,0.7042961,1.2707249,0.4812483877843795,1.0
Gm2a,0.702046,1.113892,0.4826504995107601,1.0
H2afx,0.69979584,1.272841,0.4840548279120812,1.0
H2afv,0.69979584,0.6834531,0.4840548279120812,1.0
Pomp,0.69979584,0.8915846,0.4840548279120812,1.0
Ubxn4,0.69979584,1.307323,0.4840548279120812,1.0
Suco,0.6930454,25.937895,0.488281076854048,1.0
Lgals2,0.6930454,26.031359,0.488281076854048,1.0
Brd3,0.6930454,25.975172,0.488281076854048,1.0
Traf1,0.6930454,26.183355,0.488281076854048,1.0
Dhx33,0.6930454,26.317858,0.488281076854048,1.0
Vps53,0.6930454,26.1419,0.488281076854048,1.0
Psip1,0.6930454,0.61414474,0.488281076854048,1.0
Cnksr3,0.6930454,26.185253,0.488281076854048,1.0
Tent2,0.6930454,25.95035,0.488281076854048,1.0
Tiparp,0.6930454,26.156168,0.488281076854048,1.0
Sertad3,0.6930454,26.143438,0.488281076854048,1.0
St3gal6,0.6930454,26.109886,0.488281076854048,1.0
Ube2e3,0.6930454,26.06716,0.488281076854048,1.0
Bloc1s6,0.6930454,26.310993,0.488281076854048,1.0
Def8,0.6930454,26.096596,0.488281076854048,1.0
Ilrun,0.6930454,0.62454015,0.488281076854048,1.0
Zc3h7a,0.69079524,1.8135835,0.4896942355028968,1.0
Nktr,0.69079524,1.2801807,0.4896942355028968,1.0
Ywhag,0.6885451,0.7224966,0.49110959246001595,1.0
Bloc1s1,0.6862949,1.8383387,0.4925271439677822,1.0
Trap1,0.6862949,1.6628296,0.4925271439677822,1.0
Myd88,0.6862949,1.660332,0.4925271439677822,1.0
Atp5md,0.6862949,0.5678566,0.4925271439677822,1.0
Sh3bgrl3,0.6862949,0.48928374,0.4925271439677822,1.0
Cd82,0.6840448,0.52791816,0.4939468862405061,1.0
Ahnak,0.68179464,1.2017316,0.4953688154644462,1.0
Zdhhc7,0.68179464,1.7778281,0.4953688154644462,1.0
Slc27a4,0.68179464,1.8121053,0.4953688154644462,1.0
R3hdm4,0.6795445,0.71737665,0.4967929277978238,1.0
Arpc2,0.6750442,0.7022785,0.4996476862856811,1.0
Akirin2,0.6750442,1.1813002,0.4996476862856811,1.0
Tbcb,0.6750442,1.137233,0.4996476862856811,1.0
Arglu1,0.67279404,1.8108829,0.5010783246165567,1.0
Gripap1,0.67279404,1.5779035,0.5010783246165567,1.0
Ndufs3,0.67279404,0.8371665,0.5010783246165567,1.0
Klf5,0.67279404,0.4478306,0.5010783246165567,1.0
Cbx1,0.67279404,1.4818672,0.5010783246165567,1.0
Gsdmc4,0.6705439,1.0219886,0.5025111304096946,1.0
Limk1,0.6705439,1.1298236,0.5025111304096946,1.0
BC005537,0.6682938,0.6661793,0.5039460996833705,1.0
Sh3bgrl2,0.6682938,1.5072261,0.5039460996833705,1.0
Virma,0.6682938,1.6517341,0.5039460996833705,1.0
C1galt1c1,0.6682938,1.7727032,0.5039460996833705,1.0
Bag6,0.6682938,1.5342731,0.5039460996833705,1.0
Rnf121,0.6682938,1.5510439,0.5039460996833705,1.0
Tatdn2,0.6682938,1.5562279,0.5039460996833705,1.0
Eps8l3,0.6660436,1.673212,0.5053832284279223,1.0
Ppp2r1a,0.6660436,1.1054037,0.5053832284279223,1.0
Entpd7,0.66379344,1.0760238,0.5068225126057707,1.0
Tnrc6c,0.66379344,1.6759537,0.5068225126057707,1.0
Tmem30b,0.66379344,0.8865541,0.5068225126057707,1.0
Zbtb14,0.66379344,1.5553935,0.5068225126057707,1.0
Cab39,0.66379344,0.53143686,0.5068225126057707,1.0
Lsm12,0.66379344,1.4888444,0.5068225126057707,1.0
Spop,0.66379344,1.6721472,0.5068225126057707,1.0
Guca2a,0.6592932,0.55448776,0.5097075309715653,1.0
Ptbp1,0.6592932,1.000485,0.5097075309715653,1.0
Mgat1,0.6592932,1.2728558,0.5097075309715653,1.0
Senp1,0.6592932,1.3975898,0.5097075309715653,1.0
Rrbp1,0.65704304,0.677174,0.5111532569449402,1.0
Casc3,0.65704304,0.93235797,0.5111532569449402,1.0
Yars,0.65479285,1.5300502,0.5126011219225106,1.0
Nup62,0.65479285,1.5172246,0.5126011219225106,1.0
Impad1,0.6502926,1.5049363,0.5155032521549806,1.0
Lypla2,0.6502926,1.4801668,0.5155032521549806,1.0
Tspan14,0.6502926,1.4371717,0.5155032521549806,1.0
Gatad2b,0.64804244,0.5714874,0.5169575089727935,1.0
Wdr46,0.64804244,1.3480036,0.5169575089727935,1.0
Bcat2,0.6457923,1.33865,0.5184138879206746,1.0
Sesn3,0.6457923,1.423555,0.5184138879206746,1.0
Srsf7,0.6457923,1.365427,0.5184138879206746,1.0
Asna1,0.6457923,0.79261935,0.5184138879206746,1.0
Fam234a,0.6457923,0.6888775,0.5184138879206746,1.0
Setd3,0.6435421,1.055526,0.5198723847107283,1.0
Trappc6b,0.641292,1.4440371,0.5213329950273617,1.0
Stk25,0.641292,1.4946498,0.5213329950273617,1.0
Srek1,0.641292,1.3716598,0.5213329950273617,1.0
Arl6ip4,0.641292,1.2317936,0.5213329950273617,1.0
Hcfc1r1,0.641292,0.62021756,0.5213329950273617,1.0
Cables1,0.63904184,0.96785825,0.5227957145273117,1.0
H2-D1,0.6367917,1.2258987,0.5242605388396676,1.0
Ipcef1,0.6367917,0.50417155,0.5242605388396676,1.0
Dctn4,0.6367917,1.2488751,0.5242605388396676,1.0
B4galt1,0.6345416,0.5500431,0.5257274635659013,1.0
Cdh1,0.6345416,0.24496399,0.5257274635659013,1.0
Tbrg1,0.6345416,0.9663566,0.5257274635659013,1.0
Mprip,0.6322914,2.0647185,0.5271964842798929,1.0
Atp5f1,0.6322914,0.9061919,0.5271964842798929,1.0
Eef2,0.6322914,1.916947,0.5271964842798929,1.0
Utp11,0.6322914,0.5732873,0.5271964842798929,1.0
Dctn5,0.6322914,2.054195,0.5271964842798929,1.0
Sult1a1,0.6322914,0.44779027,0.5271964842798929,1.0
Gtpbp4,0.6322914,2.267938,0.5271964842798929,1.0
Rae1,0.6322914,0.852105,0.5271964842798929,1.0
Msl2,0.625541,0.59749,0.5316160776739234,1.0
Rnf41,0.62329084,1.8958213,0.5330934375268941,1.0
Foxn2,0.62329084,2.0106103,0.5330934375268941,1.0
Ldlr,0.62329084,2.1414094,0.5330934375268941,1.0
Cbx5,0.62329084,1.8830899,0.5330934375268941,1.0
Med15,0.62329084,1.9297874,0.5330934375268941,1.0
Prrc2b,0.62329084,0.9096035,0.5330934375268941,1.0
Fam20b,0.62329084,2.0772195,0.5330934375268941,1.0
Vrk3,0.62329084,0.9414876,0.5330934375268941,1.0
Atxn7,0.6187905,2.1500266,0.5360543729745925,1.0
Vamp2,0.6187905,1.9213649,0.5360543729745925,1.0
Itih5,0.6187905,1.8745958,0.5360543729745925,1.0
Acap2,0.6187905,1.8704633,0.5360543729745925,1.0
Irgm1,0.6187905,0.724074,0.5360543729745925,1.0
Add1,0.6165404,0.35182622,0.5375379393598032,1.0
Ahcyl2,0.6165404,0.8833345,0.5375379393598032,1.0
Mospd3,0.61429024,2.0727143,0.5390235653339681,1.0
Rbm19,0.61429024,1.8925318,0.5390235653339681,1.0
Cnpy3,0.61429024,1.840857,0.5390235653339681,1.0
Supt4a,0.61429024,0.48970622,0.5390235653339681,1.0
Ndrg3,0.61429024,1.7898146,0.5390235653339681,1.0
Ifi209,0.61429024,1.7673686,0.5390235653339681,1.0
Arhgef2,0.61429024,1.1933373,0.5390235653339681,1.0
Hs6st1,0.61429024,1.8319135,0.5390235653339681,1.0
Mthfd2,0.61429024,1.7912282,0.5390235653339681,1.0
Fam102b,0.61429024,1.9258108,0.5390235653339681,1.0
Psma5,0.61204004,0.8490209,0.5405112462239633,1.0
Me2,0.61204004,0.8631148,0.5405112462239633,1.0
Ppif,0.6097899,1.7406002,0.5420009773293785,1.0
Fam78a,0.6097899,0.8221265,0.5420009773293785,1.0
Ndufaf8,0.6097899,1.6937926,0.5420009773293785,1.0
Cops4,0.6097899,1.8203447,0.5420009773293785,1.0
Rhoa,0.6097899,0.70590115,0.5420009773293785,1.0
Pisd,0.6097899,1.7727495,0.5420009773293785,1.0
Fcgbp,0.60528964,0.50581366,0.5449865712485954,1.0
Tapbpl,0.60528964,0.7017644,0.5449865712485954,1.0
Clk4,0.60528964,1.7490835,0.5449865712485954,1.0
Arfip2,0.60528964,1.7543533,0.5449865712485954,1.0
Sdf2l1,0.60528964,0.77303135,0.5449865712485954,1.0
Nrros,0.60528964,1.627392,0.5449865712485954,1.0
Eps8l2,0.60528964,1.7469908,0.5449865712485954,1.0
Kmt2e,0.6007893,0.64649415,0.5479803089438948,1.0
Atf7,0.6007893,1.485965,0.5479803089438948,1.0
Colgalt1,0.6007893,1.1675855,0.5479803089438948,1.0
Vcp,0.5985392,0.4718972,0.5494802196676076,1.0
Bcl3,0.59628904,1.6378019,0.550982151833185,1.0
Abcb1a,0.59628904,0.9919774,0.550982151833185,1.0
Trim2,0.59628904,1.6285216,0.550982151833185,1.0
Crip1,0.5940389,0.40568647,0.5524861005501872,1.0
Noc2l,0.59178877,1.1355145,0.5539920609011744,1.0
Sumo3,0.59178877,1.1610869,0.5539920609011744,1.0
Sec11a,0.59178877,0.6321405,0.5539920609011744,1.0
Sart1,0.59178877,0.9968624,0.5539920609011744,1.0
Prkcb,0.59178877,0.6501493,0.5539920609011744,1.0
mt-Nd5,0.59178877,0.45009392,0.5539920609011744,1.0
Eif4g1,0.58728844,1.0120262,0.5570099967005755,1.0
Mgrn1,0.58728844,1.0976748,0.5570099967005755,1.0
Psmd11,0.58728844,1.0896893,0.5570099967005755,1.0
Gabarap,0.58278817,0.83403075,0.5600359193533501,1.0
Txndc15,0.58278817,1.1262894,0.5600359193533501,1.0
Fyb,0.58278817,0.49390006,0.5600359193533501,1.0
Vsir,0.58278817,0.521373,0.5600359193533501,1.0
Snrpd2,0.58278817,0.63838196,0.5600359193533501,1.0
Fermt3,0.57828784,0.7150595,0.5630697885519893,1.0
Hmgcl,0.57828784,0.8991376,0.5630697885519893,1.0
Misp,0.57828784,0.8616955,0.5630697885519893,1.0
Trdc,0.57828784,0.27311912,0.5630697885519893,1.0
Synj2bp,0.5760377,1.3833066,0.5645896903928027,1.0
Nfic,0.57378757,3.1475148,0.5661115635608347,1.0
Ipo9,0.57378757,2.5803146,0.5661115635608347,1.0
Atg4d,0.57378757,2.6340432,0.5661115635608347,1.0
Fen1,0.57378757,3.503156,0.5661115635608347,1.0
Ebag9,0.57378757,3.0372107,0.5661115635608347,1.0
Csad,0.57378757,2.7406595,0.5661115635608347,1.0
Ulk3,0.57378757,2.676026,0.5661115635608347,1.0
Irak4,0.57378757,3.0811322,0.5661115635608347,1.0
Car4,0.57378757,0.7149351,0.5661115635608347,1.0
Clock,0.57378757,2.7447338,0.5661115635608347,1.0
Kctd2,0.57378757,3.525662,0.5661115635608347,1.0
Asb2,0.57378757,0.81335413,0.5661115635608347,1.0
Plcg2,0.57378757,2.5958366,0.5661115635608347,1.0
Med13l,0.57378757,2.6760578,0.5661115635608347,1.0
Nck2,0.57378757,3.2296176,0.5661115635608347,1.0
Cdc34,0.57153744,0.69264436,0.5676354028974526,1.0
Tmem214,0.57153744,1.3869601,0.5676354028974526,1.0
Bcr,0.5692873,2.5767882,0.569161203217436,1.0
Med29,0.5692873,2.639805,0.569161203217436,1.0
Maf1,0.5692873,2.7165477,0.569161203217436,1.0
Sdc4,0.5692873,0.89700335,0.569161203217436,1.0
Jkamp,0.5692873,2.464876,0.569161203217436,1.0
Amot,0.5692873,2.6821096,0.569161203217436,1.0
Txlng,0.5692873,2.8590133,0.569161203217436,1.0
Naa25,0.5692873,2.6784759,0.569161203217436,1.0
Mtss1,0.5692873,2.5687013,0.569161203217436,1.0
Tbcel,0.5692873,2.792559,0.569161203217436,1.0
Dele1,0.5692873,2.5546618,0.569161203217436,1.0
Ccdc71,0.5692873,2.5619798,0.569161203217436,1.0
Pccb,0.5692873,2.5680346,0.569161203217436,1.0
Atrn,0.5692873,2.5217226,0.569161203217436,1.0
Nmd3,0.5692873,2.5446603,0.569161203217436,1.0
Naip1,0.5692873,2.6816483,0.569161203217436,1.0
Wdr74,0.5692873,2.8742447,0.569161203217436,1.0
Cd72,0.5692873,0.78005487,0.569161203217436,1.0
Ucp2,0.5670371,0.14634047,0.5706889593090214,1.0
Polb,0.564787,2.3173885,0.5722186659339479,1.0
Wdr43,0.564787,2.3874137,0.5722186659339479,1.0
Chuk,0.564787,2.435983,0.5722186659339479,1.0
Eya2,0.564787,2.5611417,0.5722186659339479,1.0
Son,0.564787,0.35360166,0.5722186659339479,1.0
Smcr8,0.564787,2.5582771,0.5722186659339479,1.0
Fbxo11,0.564787,2.555102,0.5722186659339479,1.0
Atp9b,0.564787,2.6975617,0.5722186659339479,1.0
Cops8,0.564787,2.4054246,0.5722186659339479,1.0
Adipor2,0.564787,2.4385574,0.5722186659339479,1.0
Czib,0.564787,2.2620094,0.5722186659339479,1.0
Pcyox1,0.564787,2.401677,0.5722186659339479,1.0
Acsl4,0.564787,0.9562785,0.5722186659339479,1.0
Gramd1a,0.564787,0.84609675,0.5722186659339479,1.0
Tmem115,0.564787,2.5628023,0.5722186659339479,1.0
Usp5,0.564787,2.4879649,0.5722186659339479,1.0
Wdr45,0.564787,2.4235306,0.5722186659339479,1.0
Lrrc1,0.564787,2.364242,0.5722186659339479,1.0
Arfgap2,0.564787,2.6157694,0.5722186659339479,1.0
Cox7c,0.56253684,1.3109616,0.5737503178275014,1.0
Rnf141,0.56253684,2.4769413,0.5737503178275014,1.0
Amz2,0.5602867,2.3696153,0.5752839096985631,1.0
Prpf8,0.5602867,0.67828274,0.5752839096985631,1.0
Dhx38,0.5602867,2.2838516,0.5752839096985631,1.0
Fam92a,0.5602867,2.2765903,0.5752839096985631,1.0
Zmynd19,0.5602867,2.1655443,0.5752839096985631,1.0
Trp53inp1,0.5602867,0.8585813,0.5752839096985631,1.0
Mettl9,0.5602867,0.6313189,0.5752839096985631,1.0
Rrm2b,0.5602867,2.4425786,0.5752839096985631,1.0
Cd38,0.5602867,2.2911923,0.5752839096985631,1.0
Stim1,0.5602867,1.0384147,0.5752839096985631,1.0
Psme2b,0.5602867,2.44804,0.5752839096985631,1.0
Sec24a,0.5580365,1.4105264,0.576819436229655,1.0
Mcl1,0.5580365,0.43762317,0.576819436229655,1.0
Aqp4,0.5557864,1.8057542,0.5783568920769875,1.0
Taldo1,0.5557864,0.3566918,0.5783568920769875,1.0
Bcl9l,0.5557864,2.29417,0.5783568920769875,1.0
Ghitm,0.5557864,0.5411452,0.5783568920769875,1.0
Tmem201,0.5557864,1.9475741,0.5783568920769875,1.0
Klhl22,0.5557864,2.1088142,0.5783568920769875,1.0
Lfng,0.5557864,0.56901294,0.5783568920769875,1.0
Vps28,0.55353624,0.4514478,0.5798962718705074,1.0
Aagab,0.55353624,0.83087623,0.5798962718705074,1.0
Ppig,0.55353624,1.1783978,0.5798962718705074,1.0
Serhl,0.55353624,1.2811939,0.5798962718705074,1.0
Crlf3,0.55353624,0.8347507,0.5798962718705074,1.0
B4galnt1,0.5512861,0.90827376,0.5814375702139478,1.0
Slc4a2,0.54903597,1.1830713,0.5829807816848752,1.0
Crtc2,0.54903597,1.2682962,0.5829807816848752,1.0
Lck,0.54903597,0.27678427,0.5829807816848752,1.0
Ruvbl2,0.54903597,1.1843864,0.5829807816848752,1.0
Selenbp1,0.54903597,1.1573964,0.5829807816848752,1.0
Pacs1,0.54903597,0.56760544,0.5829807816848752,1.0
Dctn2,0.5467858,0.6798959,0.5845259008347417,1.0
Lpar6,0.5467858,0.5291433,0.5845259008347417,1.0
Chn2,0.5467858,0.6446802,0.5845259008347417,1.0
Fam83e,0.54453564,0.8499016,0.5860729221889338,1.0
Sprr2a3,0.5422855,0.6064285,0.5876218402468242,1.0
AA467197,0.5422855,0.6081549,0.5876218402468242,1.0
Hint1,0.5422855,0.54310215,0.5876218402468242,1.0
Slc9a1,0.54003537,1.1904311,0.5891726494818232,1.0
Dapk2,0.54003537,0.705253,0.5891726494818232,1.0
Retreg3,0.54003537,1.0977435,0.5891726494818232,1.0
Srsf5,0.54003537,1.2304441,0.5891726494818232,1.0
Ranbp1,0.53778523,0.63889277,0.5907253443414313,1.0
Mknk2,0.53778523,0.21080051,0.5907253443414313,1.0
Ino80d,0.53553504,1.1596359,0.5922799192472914,1.0
Med11,0.53553504,1.1781504,0.5922799192472914,1.0
Tcp11l2,0.53553504,1.0932423,0.5922799192472914,1.0
Saa1,0.53553504,0.96168417,0.5922799192472914,1.0
Tmod3,0.5332849,0.8617676,0.5938363685952425,1.0
Dad1,0.5332849,0.15236288,0.5938363685952425,1.0
Rab25,0.53103477,1.1220951,0.5953946867553739,1.0
Apbb1ip,0.53103477,0.5503551,0.5953946867553739,1.0
Mier1,0.53103477,0.5298079,0.5953946867553739,1.0
U2af2,0.53103477,0.42646214,0.5953946867553739,1.0
Lbh,0.53103477,0.25949702,0.5953946867553739,1.0
Eif4ebp2,0.53103477,0.32649565,0.5953946867553739,1.0
Adipor1,0.52878463,0.641107,0.5969548680720798,1.0
Dync1h1,0.52878463,0.38533112,0.5969548680720798,1.0
Thap4,0.5265345,1.1469897,0.5985169068641137,1.0
Ralgds,0.5265345,1.1074115,0.5985169068641137,1.0
Ezh1,0.5265345,0.9634811,0.5985169068641137,1.0
Plcb3,0.5265345,0.68398446,0.5985169068641137,1.0
Snrpe,0.5242843,0.69983846,0.6000807974246456,1.0
Hsdl2,0.52203417,1.0748602,0.6016465340213167,1.0
Mbd2,0.52203417,0.14362293,0.6016465340213167,1.0
Mtfr1,0.52203417,1.1580783,0.6016465340213167,1.0
Pms1,0.51978403,25.657232,0.6032141108962976,1.0
Bivm,0.51978403,25.591228,0.6032141108962976,1.0
Mars2,0.51978403,25.677094,0.6032141108962976,1.0
Nceh1,0.51978403,25.823103,0.6032141108962976,1.0
Zmynd8,0.51978403,25.543379,0.6032141108962976,1.0
Camsap2,0.51978403,25.706806,0.6032141108962976,1.0
Ptprs,0.51978403,25.36967,0.6032141108962976,1.0
Ston2,0.51978403,25.368708,0.6032141108962976,1.0
Accs,0.51978403,25.421251,0.6032141108962976,1.0
Exosc1,0.51978403,25.613087,0.6032141108962976,1.0
Kdsr,0.51978403,25.494873,0.6032141108962976,1.0
Gmcl1,0.51978403,25.246033,0.6032141108962976,1.0
Il15ra,0.51978403,25.048819,0.6032141108962976,1.0
Sfmbt2,0.51978403,25.403315,0.6032141108962976,1.0
Selenof,0.51978403,25.886646,0.6032141108962976,1.0
Cep131,0.51978403,25.636286,0.6032141108962976,1.0
Maged1,0.51978403,25.546352,0.6032141108962976,1.0
Socs5,0.51978403,25.579697,0.6032141108962976,1.0
Aida,0.51978403,25.69791,0.6032141108962976,1.0
B4galt6,0.51978403,25.488682,0.6032141108962976,1.0
Dok4,0.51978403,25.591011,0.6032141108962976,1.0
Chm,0.51978403,25.475275,0.6032141108962976,1.0
Tmem80,0.51978403,25.659716,0.6032141108962976,1.0
Agtpbp1,0.51978403,25.452465,0.6032141108962976,1.0
Ripk1,0.51978403,25.437576,0.6032141108962976,1.0
Ampd3,0.51978403,25.735935,0.6032141108962976,1.0
Nagk,0.51978403,25.459286,0.6032141108962976,1.0
Rnf135,0.51978403,25.922474,0.6032141108962976,1.0
Nfx1,0.51978403,25.579546,0.6032141108962976,1.0
Itpr3,0.51978403,25.651226,0.6032141108962976,1.0
Mdn1,0.51978403,25.473875,0.6032141108962976,1.0
Llgl2,0.51978403,25.583855,0.6032141108962976,1.0
Lyrm2,0.51978403,25.718811,0.6032141108962976,1.0
Zfp523,0.51978403,25.565474,0.6032141108962976,1.0
AI413582,0.51978403,25.617403,0.6032141108962976,1.0
Kdm2b,0.51978403,25.580074,0.6032141108962976,1.0
Nfat5,0.51978403,25.593754,0.6032141108962976,1.0
Vps4a,0.51978403,25.515734,0.6032141108962976,1.0
Fam53a,0.51978403,25.514261,0.6032141108962976,1.0
Snrnp35,0.51978403,25.626125,0.6032141108962976,1.0
Coa6,0.51978403,25.700434,0.6032141108962976,1.0
Lnx2,0.51978403,25.877607,0.6032141108962976,1.0
Pced1b,0.51978403,25.53404,0.6032141108962976,1.0
Rap1gap2,0.51978403,25.452871,0.6032141108962976,1.0
Naa40,0.51978403,25.408054,0.6032141108962976,1.0
Wdr92,0.51978403,25.761621,0.6032141108962976,1.0
Cdkn2c,0.51978403,25.535759,0.6032141108962976,1.0
Nkrf,0.51978403,25.687943,0.6032141108962976,1.0
Ankle2,0.51978403,25.504192,0.6032141108962976,1.0
Idua,0.51978403,25.514091,0.6032141108962976,1.0
Gstz1,0.51978403,25.648823,0.6032141108962976,1.0
Slc22a23,0.51978403,25.680996,0.6032141108962976,1.0
Galnt3,0.51978403,25.739641,0.6032141108962976,1.0
Arhgef12,0.51978403,25.711586,0.6032141108962976,1.0
Herc1,0.51978403,0.7685733,0.6032141108962976,1.0
Mns1,0.51978403,25.381649,0.6032141108962976,1.0
Mmadhc,0.51978403,25.394876,0.6032141108962976,1.0
Neo1,0.51978403,25.51785,0.6032141108962976,1.0
Noxa1,0.51978403,25.634014,0.6032141108962976,1.0
Pdhx,0.51978403,25.674793,0.6032141108962976,1.0
Vwa8,0.51978403,25.627163,0.6032141108962976,1.0
Ankrd46,0.51978403,25.57451,0.6032141108962976,1.0
Aqp11,0.51978403,25.424467,0.6032141108962976,1.0
Sfxn2,0.51978403,25.550856,0.6032141108962976,1.0
Ecd,0.51978403,25.554775,0.6032141108962976,1.0
Espn,0.51978403,25.52489,0.6032141108962976,1.0
Rev3l,0.51978403,25.624117,0.6032141108962976,1.0
Thap2,0.51978403,25.702091,0.6032141108962976,1.0
Pdcd2l,0.51978403,25.707191,0.6032141108962976,1.0
Sipa1l3,0.51978403,25.441933,0.6032141108962976,1.0
Kdm1a,0.51978403,25.592081,0.6032141108962976,1.0
Spg20,0.51978403,25.383402,0.6032141108962976,1.0
Fblim1,0.51978403,25.73726,0.6032141108962976,1.0
Stk38l,0.51978403,25.575682,0.6032141108962976,1.0
Mier3,0.51978403,25.589943,0.6032141108962976,1.0
Cyb561a3,0.51978403,25.487474,0.6032141108962976,1.0
Hars,0.5175339,0.9495215,0.6047835222663451,1.0
Flii,0.5175339,0.524396,0.6047835222663451,1.0
Pdk3,0.51528376,1.4556942,0.6063547623228605,1.0
Lemd3,0.51528376,1.5117005,0.6063547623228605,1.0
Prr14l,0.51528376,1.6110749,0.6063547623228605,1.0
Npc2,0.51528376,0.48318234,0.6063547623228605,1.0
Tmem183a,0.51528376,1.4475561,0.6063547623228605,1.0
Ncald,0.51528376,1.4367684,0.6063547623228605,1.0
Lrmp,0.51528376,0.77486145,0.6063547623228605,1.0
Tes,0.51528376,0.34932047,0.6063547623228605,1.0
Cdc42se2,0.51303357,0.924906,0.6079278252319482,1.0
Cpne3,0.51303357,0.7505279,0.6079278252319482,1.0
Scfd1,0.51078343,1.3863184,0.6095027051344756,1.0
Ahdc1,0.51078343,1.4174224,0.6095027051344756,1.0
Mcm6,0.51078343,0.50341016,0.6095027051344756,1.0
Zdhhc3,0.51078343,0.98523045,0.6095027051344756,1.0
Copz1,0.51078343,0.76109105,0.6095027051344756,1.0
Wdr26,0.51078343,0.40537268,0.6095027051344756,1.0
Nop58,0.51078343,1.7705714,0.6095027051344756,1.0
Mlec,0.5085333,0.14522064,0.6110793961461315,1.0
Perp,0.5085333,0.7757534,0.6110793961461315,1.0
Hectd3,0.5085333,0.96708995,0.6110793961461315,1.0
Ppp2ca,0.50628316,0.5001467,0.612657892357488,1.0
Herc2,0.50628316,1.5558856,0.612657892357488,1.0
Csrp1,0.50628316,1.6045805,0.612657892357488,1.0
Brd7,0.50628316,1.4941498,0.612657892357488,1.0
Adck2,0.50628316,1.4580373,0.612657892357488,1.0
Ldb1,0.504033,0.5575642,0.6142381878340607,1.0
Sectm1b,0.504033,0.990041,0.6142381878340607,1.0
Lysmd2,0.50178283,1.3369625,0.6158202766163704,1.0
Fbxo8,0.50178283,1.2549062,0.6158202766163704,1.0
Sac3d1,0.50178283,1.3225476,0.6158202766163704,1.0
Znhit2,0.50178283,1.350445,0.6158202766163704,1.0
Ank,0.50178283,0.5295896,0.6158202766163704,1.0
Dyrk2,0.50178283,1.2625684,0.6158202766163704,1.0
Parp4,0.50178283,1.3691033,0.6158202766163704,1.0
Ncoa2,0.4995327,0.8915834,0.6174041527200054,1.0
Sap30bp,0.49728256,1.3014704,0.6189898101356838,1.0
Rnf11,0.49728256,1.3331972,0.6189898101356838,1.0
Gfm1,0.49728256,1.490183,0.6189898101356838,1.0
Pfdn2,0.49728256,1.4257319,0.6189898101356838,1.0
Rab22a,0.49728256,1.3963089,0.6189898101356838,1.0
Smchd1,0.49728256,1.3186564,0.6189898101356838,1.0
Srrm2,0.49728256,0.5398374,0.6189898101356838,1.0
Qk,0.49728256,1.4667908,0.6189898101356838,1.0
Adss,0.49728256,1.2944665,0.6189898101356838,1.0
Glmp,0.49728256,1.340034,0.6189898101356838,1.0
Rexo2,0.49728256,0.7137767,0.6189898101356838,1.0
Ift52,0.49728256,1.3987013,0.6189898101356838,1.0
Ythdc1,0.49728256,1.349211,0.6189898101356838,1.0
Rap1a,0.49728256,1.4773954,0.6189898101356838,1.0
Cep120,0.49728256,1.5338506,0.6189898101356838,1.0
Tbl1x,0.49728256,1.4405091,0.6189898101356838,1.0
Tspan8,0.49728256,0.2939571,0.6189898101356838,1.0
Ndufa4,0.4950324,0.33671996,0.6205772428293175,1.0
Il6st,0.49278226,0.5321196,0.6221664447420755,1.0
Nudt3,0.49278226,1.5599872,0.6221664447420755,1.0
Phf14,0.49278226,1.3058233,0.6221664447420755,1.0
Utp6,0.49278226,1.3992517,0.6221664447420755,1.0
Bsg,0.49278226,0.3213468,0.6221664447420755,1.0
Sc5d,0.49278226,1.4133508,0.6221664447420755,1.0
Prr5,0.49278226,0.8110907,0.6221664447420755,1.0
Slc2a3,0.49278226,1.2520349,0.6221664447420755,1.0
Ubxn6,0.49278226,1.1960363,0.6221664447420755,1.0
Prelid2,0.48828197,1.2768879,0.6253501318663139,1.0
Dpp4,0.48828197,1.3662442,0.6253501318663139,1.0
Pglyrp1,0.48828197,1.3616742,0.6253501318663139,1.0
Arpc1b,0.48828197,0.16972087,0.6253501318663139,1.0
Sh3d19,0.48828197,1.2234299,0.6253501318663139,1.0
Adh1,0.48828197,0.5483201,0.6253501318663139,1.0
Hikeshi,0.48378167,1.0638903,0.6285408225453595,1.0
Stk38,0.48378167,0.48781368,0.6285408225453595,1.0
Psme1,0.48378167,0.1164575,0.6285408225453595,1.0
Galnt10,0.48378167,1.1678628,0.6285408225453595,1.0
Pfn1,0.48378167,0.2669554,0.6285408225453595,1.0
Uprt,0.48378167,1.2229003,0.6285408225453595,1.0
Dpy30,0.48378167,0.84579533,0.6285408225453595,1.0
Nin,0.48378167,0.73113126,0.6285408225453595,1.0
Rin3,0.48378167,0.8416318,0.6285408225453595,1.0
S100a13,0.48378167,0.8244313,0.6285408225453595,1.0
Chst11,0.48378167,0.96508384,0.6285408225453595,1.0
Ccpg1,0.47928137,1.18919,0.6317384674244728,1.0
Cish,0.47928137,1.2700477,0.6317384674244728,1.0
Psme4,0.47928137,1.1576526,0.6317384674244728,1.0
Myo9b,0.47928137,1.0973315,0.6317384674244728,1.0
Ccdc50,0.47928137,1.010209,0.6317384674244728,1.0
Slc39a1,0.47928137,0.8687041,0.6317384674244728,1.0
Chmp1b,0.4747811,0.86649597,0.6349430167593592,1.0
Pcbp1,0.4747811,0.4078409,0.6349430167593592,1.0
Med10,0.4747811,0.6295483,0.6349430167593592,1.0
Slc6a6,0.4747811,1.0824716,0.6349430167593592,1.0
Snx12,0.4747811,1.1715491,0.6349430167593592,1.0
Aebp2,0.4747811,1.2139993,0.6349430167593592,1.0
Gnai3,0.47253093,0.5097872,0.6365478649466417,1.0
Tmem123,0.47253093,0.6195073,0.6365478649466417,1.0
Rabac1,0.47253093,0.36877254,0.6365478649466417,1.0
Prrc2a,0.4702808,0.81918675,0.6381544204183482,1.0
Calm3,0.4702808,0.32172003,0.6381544204183482,1.0
Stxbp5,0.4702808,1.1228323,0.6381544204183482,1.0
Zfp384,0.4702808,1.1648897,0.6381544204183482,1.0
Ppp1cb,0.4702808,0.414894,0.6381544204183482,1.0
Tbc1d14,0.4702808,1.1665112,0.6381544204183482,1.0
Marveld1,0.4702808,1.0775995,0.6381544204183482,1.0
Skap1,0.46803063,0.73055804,0.6397626768478563,1.0
Smarcb1,0.4657805,0.7876007,0.6413726278846114,1.0
Ablim1,0.4657805,0.24950723,0.6413726278846114,1.0
Atp5mpl,0.4657805,0.4198158,0.6413726278846114,1.0
Phrf1,0.4657805,1.1344653,0.6413726278846114,1.0
Osbpl3,0.4657805,0.8658864,0.6413726278846114,1.0
Nipbl,0.4657805,0.519788,0.6413726278846114,1.0
Dram2,0.4657805,0.911762,0.6413726278846114,1.0
Kdm4a,0.4657805,1.0602843,0.6413726278846114,1.0
Acap1,0.4657805,0.6217158,0.6413726278846114,1.0
Atxn7l1,0.4657805,0.864257,0.6413726278846114,1.0
Mapre1,0.46353036,0.40101647,0.6429842671541985,1.0
Cd2bp2,0.4612802,0.7534506,0.6445975882584138,1.0
Ybx3,0.4612802,0.7763548,0.6445975882584138,1.0
Yif1a,0.4612802,0.91342306,0.6445975882584138,1.0
Ap1ar,0.4612802,0.5288518,0.6445975882584138,1.0
Nfkbiz,0.4612802,1.0042322,0.6445975882584138,1.0
Heca,0.4612802,0.6481398,0.6445975882584138,1.0
Akr1b3,0.45903006,0.86022997,0.6462125847753368,1.0
Oard1,0.4567799,1.1395143,0.6478292502594036,1.0
Rmnd5a,0.4567799,0.76627994,0.6478292502594036,1.0
Arih1,0.4567799,0.8805251,0.6478292502594036,1.0
Aimp1,0.4567799,0.6886091,0.6478292502594036,1.0
Ndufa8,0.4567799,0.1973299,0.6478292502594036,1.0
Ero1l,0.45452976,1.7787709,0.6494475782414799,1.0
Tnks2,0.45452976,1.7513201,0.6494475782414799,1.0
Exosc8,0.45452976,2.1550572,0.6494475782414799,1.0
Cd84,0.45452976,1.9696727,0.6494475782414799,1.0
Dcps,0.45452976,1.6196139,0.6494475782414799,1.0
Unc119b,0.45452976,1.8051097,0.6494475782414799,1.0
Shmt1,0.45452976,1.769954,0.6494475782414799,1.0
Hint2,0.45452976,1.722562,0.6494475782414799,1.0
Usp9x,0.45452976,1.831347,0.6494475782414799,1.0
Ctnnd1,0.45452976,1.8666066,0.6494475782414799,1.0
Ppil2,0.45452976,2.0320683,0.6494475782414799,1.0
Dus2,0.45452976,1.8292152,0.6494475782414799,1.0
Rnf113a2,0.45452976,1.8272748,0.6494475782414799,1.0
Atrnl1,0.45452976,2.173939,0.6494475782414799,1.0
Eif2s1,0.45452976,1.7461014,0.6494475782414799,1.0
Metap2,0.4522796,0.76010233,0.6510675622289352,1.0
Nfatc2,0.4522796,1.1366245,0.6510675622289352,1.0
Gatad1,0.4522796,0.7358154,0.6510675622289352,1.0
Eid1,0.4522796,1.1558238,0.6510675622289352,1.0
Zkscan1,0.45002946,1.633531,0.6526891957057179,1.0
Mef2a,0.45002946,1.978592,0.6526891957057179,1.0
Hist1h1e,0.45002946,0.05631101,0.6526891957057179,1.0
Dus1l,0.45002946,1.7387336,0.6526891957057179,1.0
Aplp2,0.45002946,1.5876229,0.6526891957057179,1.0
Enpep,0.45002946,1.7837828,0.6526891957057179,1.0
Nfia,0.45002946,1.6934358,0.6526891957057179,1.0
Cep57,0.45002946,1.9126282,0.6526891957057179,1.0
Apool,0.45002946,1.6510956,0.6526891957057179,1.0
Mif,0.45002946,1.9718908,0.6526891957057179,1.0
Hivep1,0.45002946,1.7140387,0.6526891957057179,1.0
Tmem171,0.45002946,1.695646,0.6526891957057179,1.0
Slc5a8,0.45002946,1.6597387,0.6526891957057179,1.0
Ccndbp1,0.44777933,0.40273228,0.6543124721324294,1.0
Macf1,0.44777933,0.32038426,0.6543124721324294,1.0
Ppp2cb,0.44777933,0.9992444,0.6543124721324294,1.0
Top1,0.44777933,0.5097784,0.6543124721324294,1.0
Thap3,0.44552916,1.5312384,0.6559373849464007,1.0
Slc16a5,0.44552916,1.6834288,0.6559373849464007,1.0
Sertad2,0.44552916,1.5565184,0.6559373849464007,1.0
Phactr4,0.44552916,1.7359114,0.6559373849464007,1.0
Klri1,0.44552916,1.7163886,0.6559373849464007,1.0
Il27ra,0.44552916,1.5817486,0.6559373849464007,1.0
Entr1,0.44552916,1.5889491,0.6559373849464007,1.0
Ppm1m,0.44552916,1.8627636,0.6559373849464007,1.0
Eppk1,0.44552916,1.5688953,0.6559373849464007,1.0
Mroh1,0.44552916,1.5715153,0.6559373849464007,1.0
Rab19,0.44552916,1.5560138,0.6559373849464007,1.0
Eif4b,0.44552916,0.17848185,0.6559373849464007,1.0
Apc,0.44552916,1.5462942,0.6559373849464007,1.0
Farsb,0.44552916,1.550831,0.6559373849464007,1.0
Cops5,0.44552916,1.5756195,0.6559373849464007,1.0
Hjurp,0.44552916,1.5956222,0.6559373849464007,1.0
Atg12,0.44552916,1.4277229,0.6559373849464007,1.0
Gtdc1,0.44552916,1.5886141,0.6559373849464007,1.0
Micos10,0.44552916,0.39957452,0.6559373849464007,1.0
Hnrnpll,0.44552916,1.6869936,0.6559373849464007,1.0
Creb3l2,0.44552916,1.8670063,0.6559373849464007,1.0
Coasy,0.44552916,1.8216838,0.6559373849464007,1.0
Helz,0.44552916,1.879223,0.6559373849464007,1.0
Rnps1,0.44327903,0.5505627,0.6575639275617682,1.0
Lman2,0.44327903,0.6082412,0.6575639275617682,1.0
Atp5o,0.44327903,0.34731627,0.6575639275617682,1.0
Zc3h13,0.44102886,1.6644124,0.6591920933695501,1.0
Yme1l1,0.44102886,0.84409016,0.6591920933695501,1.0
Pik3c3,0.44102886,1.7073663,0.6591920933695501,1.0
Pnrc2,0.44102886,0.44157496,0.6591920933695501,1.0
Arid5b,0.44102886,1.5128287,0.6591920933695501,1.0
Fgd6,0.44102886,1.4224415,0.6591920933695501,1.0
Man1a2,0.44102886,1.5361142,0.6591920933695501,1.0
Bms1,0.44102886,1.5250852,0.6591920933695501,1.0
Rabggta,0.44102886,1.5428501,0.6591920933695501,1.0
Slc23a2,0.44102886,1.5350894,0.6591920933695501,1.0
Nisch,0.43877873,1.077201,0.6608218757377246,1.0
Tmem134,0.43877873,0.8642864,0.6608218757377246,1.0
Cnnm4,0.4365286,1.3911649,0.6624532680113069,1.0
Mon1a,0.4365286,1.4051151,0.6624532680113069,1.0
C87436,0.4365286,1.4124902,0.6624532680113069,1.0
Psmf1,0.4365286,1.3489715,0.6624532680113069,1.0
Yaf2,0.4365286,1.2613281,0.6624532680113069,1.0
Cgn,0.4365286,1.4313012,0.6624532680113069,1.0
Ttc39a,0.4365286,1.4266052,0.6624532680113069,1.0
Zfp639,0.4365286,1.4695996,0.6624532680113069,1.0
Pyroxd1,0.4365286,1.48453,0.6624532680113069,1.0
Fra10ac1,0.4365286,1.488862,0.6624532680113069,1.0
Nup210,0.43427843,0.4411562,0.6640862635124283,1.0
Matr3,0.43427843,0.30908805,0.6640862635124283,1.0
Ubtf,0.43427843,0.48312563,0.6640862635124283,1.0
Nxf1,0.43427843,1.0242914,0.6640862635124283,1.0
Mtpn,0.4320283,1.2303039,0.6657208555404143,1.0
Klre1,0.4320283,1.1835451,0.6657208555404143,1.0
Agpat1,0.4320283,1.4994464,0.6657208555404143,1.0
Klrc1,0.4320283,1.0300452,0.6657208555404143,1.0
Seh1l,0.4320283,1.4407437,0.6657208555404143,1.0
Yeats4,0.4320283,1.4680532,0.6657208555404143,1.0
Rnf128,0.4320283,1.5184529,0.6657208555404143,1.0
Arhgef7,0.4320283,1.4282438,0.6657208555404143,1.0
Wwp2,0.42977813,0.6456321,0.667357037371865,1.0
Spint1,0.42977813,0.8499202,0.667357037371865,1.0
Ces2c,0.42977813,0.4426357,0.667357037371865,1.0
Prkcd,0.42977813,0.7737524,0.667357037371865,1.0
Wbp2,0.42977813,0.934533,0.667357037371865,1.0
Plpbp,0.427528,1.222023,0.6689948022607346,1.0
Sprtn,0.427528,1.1651614,0.6689948022607346,1.0
Pear1,0.427528,1.2853503,0.6689948022607346,1.0
Fbxl4,0.427528,1.2670876,0.6689948022607346,1.0
Cyp51,0.427528,1.3693619,0.6689948022607346,1.0
Ppp1r7,0.427528,1.4713593,0.6689948022607346,1.0
Arhgef5,0.427528,1.3726193,0.6689948022607346,1.0
Tmem222,0.427528,1.3398238,0.6689948022607346,1.0
Cd37,0.42527783,0.35037854,0.6706341434384119,1.0
Tm9sf3,0.42527783,0.4516064,0.6706341434384119,1.0
Gdi2,0.42527783,0.86077577,0.6706341434384119,1.0
Ap2s1,0.42527783,1.0501302,0.6706341434384119,1.0
Fbxo22,0.4230277,0.7806352,0.6722750541138014,1.0
Arid2,0.4230277,1.2155067,0.6722750541138014,1.0
Trim28,0.42077756,1.2200997,0.6739175274734053,1.0
Phax,0.42077756,1.0229851,0.6739175274734053,1.0
Uqcr10,0.42077756,0.52435994,0.6739175274734053,1.0
Khdrbs1,0.42077756,0.9187585,0.6739175274734053,1.0
Spint2,0.42077756,0.27207032,0.6739175274734053,1.0
Fads2,0.42077756,0.86606026,0.6739175274734053,1.0
Atp6v1b2,0.42077756,0.7439806,0.6739175274734053,1.0
Akr1c13,0.42077756,0.65680945,0.6739175274734053,1.0
Syap1,0.4185274,1.3116448,0.6755615566814053,1.0
Fadd,0.4185274,1.2245258,0.6755615566814053,1.0
Slc25a23,0.4185274,1.2047641,0.6755615566814053,1.0
Prelid3b,0.4185274,0.5721489,0.6755615566814053,1.0
Vasp,0.4185274,-0.011345192,0.6755615566814053,1.0
Slc39a14,0.4185274,0.97417647,0.6755615566814053,1.0
Sel1l,0.41627726,0.79335326,0.6772071348797453,1.0
Ndufb7,0.41627726,0.2881995,0.6772071348797453,1.0
Arhgap45,0.41627726,0.28285524,0.6772071348797453,1.0
Tiprl,0.41627726,0.5738469,0.6772071348797453,1.0
Ccdc47,0.4140271,0.97358394,0.6788542551882146,1.0
Ly9,0.4140271,0.61422735,0.6788542551882146,1.0
Myl12a,0.4140271,0.32620186,0.6788542551882146,1.0
Tcirg1,0.41177696,0.75369436,0.6805029107045318,1.0
mt-Nd4,0.41177696,0.7546602,0.6805029107045318,1.0
Sdcbp,0.41177696,0.35481405,0.6805029107045318,1.0
Zdhhc5,0.41177696,0.48164895,0.6805029107045318,1.0
Eif1ad,0.41177696,0.79313743,0.6805029107045318,1.0
Ist1,0.41177696,0.58484733,0.6805029107045318,1.0
Otulin,0.41177696,0.61207485,0.6805029107045318,1.0
Rab2a,0.41177696,0.45847246,0.6805029107045318,1.0
Bscl2,0.40952682,0.56516093,0.6821530945044292,1.0
Nit1,0.40727666,1.0090976,0.683804799641737,1.0
Copa,0.40727666,0.3851052,0.683804799641737,1.0
Chd2,0.40727666,0.43863818,0.683804799641737,1.0
mt-Atp8,0.40727666,-0.00070930837,0.683804799641737,1.0
Cox14,0.40727666,0.4850379,0.683804799641737,1.0
Vgll4,0.40727666,0.5768305,0.683804799641737,1.0
Rftn1,0.40727666,0.7565055,0.683804799641737,1.0
Eapp,0.40277636,0.7392897,0.6871127460349089,1.0
Wnk1,0.40277636,0.36862677,0.6871127460349089,1.0
Zmiz1,0.40277636,0.78126097,0.6871127460349089,1.0
Tars,0.40052623,0.57987946,0.6887689732896956,1.0
Znfx1,0.39827606,2.2528856,0.6904266938799104,1.0
Lta,0.39827606,2.2810175,0.6904266938799104,1.0
Atp5a1,0.39827606,0.760536,0.6904266938799104,1.0
Strn,0.39827606,2.316137,0.6904266938799104,1.0
Pdlim2,0.39827606,2.4773934,0.6904266938799104,1.0
Plekha8,0.39827606,2.4183805,0.6904266938799104,1.0
Nfu1,0.39827606,2.3522825,0.6904266938799104,1.0
Larp4b,0.39827606,1.0442402,0.6904266938799104,1.0
Tmem126b,0.39827606,2.20137,0.6904266938799104,1.0
Wdr83,0.39827606,2.1279538,0.6904266938799104,1.0
Pigk,0.39827606,2.5788121,0.6904266938799104,1.0
Zswim4,0.39827606,3.0306668,0.6904266938799104,1.0
Lrrc14,0.39827606,2.2561188,0.6904266938799104,1.0
Rpp25l,0.39827606,2.5100002,0.6904266938799104,1.0
Taco1,0.39827606,2.9432936,0.6904266938799104,1.0
Abhd8,0.39827606,0.8163535,0.6904266938799104,1.0
Smim8,0.39827606,2.3137028,0.6904266938799104,1.0
Msrb1,0.39827606,2.1937006,0.6904266938799104,1.0
AW549877,0.39827606,2.2858777,0.6904266938799104,1.0
Acad9,0.39827606,2.337786,0.6904266938799104,1.0
Eef2k,0.39827606,2.6383111,0.6904266938799104,1.0
Stn1,0.39827606,2.328087,0.6904266938799104,1.0
Plod3,0.39827606,2.2183042,0.6904266938799104,1.0
Kti12,0.39827606,2.566797,0.6904266938799104,1.0
Ndst1,0.39827606,2.1967921,0.6904266938799104,1.0
Tmem102,0.39827606,2.954726,0.6904266938799104,1.0
Sp2,0.39827606,2.5678768,0.6904266938799104,1.0
Snx11,0.39827606,2.2790537,0.6904266938799104,1.0
Grhpr,0.39827606,2.2329226,0.6904266938799104,1.0
Pus3,0.39827606,2.315179,0.6904266938799104,1.0
Styk1,0.39827606,2.81524,0.6904266938799104,1.0
Fam45a,0.39827606,2.1776156,0.6904266938799104,1.0
Rasd1,0.39827606,2.284144,0.6904266938799104,1.0
Sept4,0.39827606,2.269356,0.6904266938799104,1.0
Rad51d,0.39827606,2.6193826,0.6904266938799104,1.0
Vps51,0.39827606,2.3738732,0.6904266938799104,1.0
Bmyc,0.39827606,2.2685788,0.6904266938799104,1.0
Chst14,0.39827606,2.6584353,0.6904266938799104,1.0
Immp1l,0.39827606,2.9545867,0.6904266938799104,1.0
Ilf3,0.39827606,2.3137915,0.6904266938799104,1.0
Hnrnpab,0.39827606,0.5244708,0.6904266938799104,1.0
Spg21,0.39827606,2.4019191,0.6904266938799104,1.0
Sord,0.39827606,2.2631063,0.6904266938799104,1.0
Cpeb4,0.39827606,3.0035768,0.6904266938799104,1.0
Rnf14,0.39827606,2.408874,0.6904266938799104,1.0
Mob3a,0.39827606,2.704721,0.6904266938799104,1.0
Trappc10,0.39827606,2.6769216,0.6904266938799104,1.0
Cfap298,0.39827606,2.329805,0.6904266938799104,1.0
Ppp4r1,0.39827606,2.2991104,0.6904266938799104,1.0
Tmem39a,0.39827606,2.3267694,0.6904266938799104,1.0
Dvl3,0.39827606,2.3300064,0.6904266938799104,1.0
Azi2,0.39827606,2.138082,0.6904266938799104,1.0
Poli,0.39827606,2.358047,0.6904266938799104,1.0
Tomm20,0.39602593,0.52784324,0.6920859007511656,1.0
Crim1,0.3937758,1.977156,0.6937465868276906,1.0
Mansc1,0.3937758,2.0285387,0.6937465868276906,1.0
Smad2,0.3937758,2.1188104,0.6937465868276906,1.0
Ocln,0.3937758,2.0985234,0.6937465868276906,1.0
Psmg4,0.3937758,2.1168513,0.6937465868276906,1.0
Cd79b,0.3937758,2.0946798,0.6937465868276906,1.0
Map3k2,0.3937758,2.073816,0.6937465868276906,1.0
Arid4a,0.3937758,2.0698771,0.6937465868276906,1.0
Mfng,0.3937758,2.1035888,0.6937465868276906,1.0
Cdk2ap2,0.3937758,2.1284225,0.6937465868276906,1.0
Fa2h,0.3937758,1.1518611,0.6937465868276906,1.0
Fam173a,0.3937758,2.0486562,0.6937465868276906,1.0
Zfp90,0.3937758,2.1364417,0.6937465868276906,1.0
Prkrip1,0.3937758,2.1392515,0.6937465868276906,1.0
Mtg1,0.3937758,2.1261802,0.6937465868276906,1.0
Fto,0.3937758,2.4771843,0.6937465868276906,1.0
Pik3r2,0.3937758,2.1851027,0.6937465868276906,1.0
Ncbp2,0.3937758,2.2538378,0.6937465868276906,1.0
Asf1a,0.3937758,2.1120977,0.6937465868276906,1.0
Itga4,0.3937758,0.43166038,0.6937465868276906,1.0
Echdc1,0.3937758,2.0602534,0.6937465868276906,1.0
Fam122a,0.3937758,2.061838,0.6937465868276906,1.0
Tex10,0.3937758,2.097296,0.6937465868276906,1.0
Liph,0.3937758,2.1893704,0.6937465868276906,1.0
Tapt1,0.3937758,2.2233496,0.6937465868276906,1.0
Mcrs1,0.3937758,2.1125023,0.6937465868276906,1.0
Ago3,0.3937758,2.143443,0.6937465868276906,1.0
Atp6v0b,0.3937758,2.0413554,0.6937465868276906,1.0
Mtf1,0.3937758,2.289046,0.6937465868276906,1.0
Wsb1,0.3937758,2.0612879,0.6937465868276906,1.0
Gdpd1,0.3937758,2.0295742,0.6937465868276906,1.0
Ttll1,0.3937758,2.400581,0.6937465868276906,1.0
Cmbl,0.3937758,2.1009796,0.6937465868276906,1.0
Inpp5k,0.3937758,2.060242,0.6937465868276906,1.0
Stx17,0.3937758,2.278619,0.6937465868276906,1.0
Ddx5,0.3937758,0.7367312,0.6937465868276906,1.0
Glipr2,0.3937758,2.320651,0.6937465868276906,1.0
Acot8,0.3937758,2.2677705,0.6937465868276906,1.0
Tfdp1,0.3937758,1.9249072,0.6937465868276906,1.0
Ifitm10,0.3937758,2.4109652,0.6937465868276906,1.0
Ap2a2,0.3937758,2.1866624,0.6937465868276906,1.0
Mapk8ip3,0.3937758,2.0163102,0.6937465868276906,1.0
Zfp952,0.3937758,2.1775649,0.6937465868276906,1.0
Dnajc1,0.3937758,2.3264384,0.6937465868276906,1.0
Isoc2b,0.3937758,2.0475187,0.6937465868276906,1.0
Xpc,0.3937758,1.9980376,0.6937465868276906,1.0
Mad2l1,0.3937758,2.1830852,0.6937465868276906,1.0
Man2a2,0.3937758,1.3221418,0.6937465868276906,1.0
Lpcat3,0.3937758,0.7226939,0.6937465868276906,1.0
Ptpre,0.3937758,2.0616434,0.6937465868276906,1.0
Crat,0.3937758,2.278342,0.6937465868276906,1.0
Psmd5,0.3937758,1.8709439,0.6937465868276906,1.0
Zfp52,0.3937758,2.051804,0.6937465868276906,1.0
Surf2,0.3937758,2.076602,0.6937465868276906,1.0
Pcgf5,0.3892755,2.0157962,0.6970723681870886,1.0
Rbm34,0.3892755,2.057763,0.6970723681870886,1.0
Scaf8,0.3892755,1.8423755,0.6970723681870886,1.0
Atmin,0.3892755,0.47266772,0.6970723681870886,1.0
Amdhd2,0.3892755,2.0179505,0.6970723681870886,1.0
Homer1,0.3892755,1.8503232,0.6970723681870886,1.0
Snx18,0.3892755,0.67920625,0.6970723681870886,1.0
Elf2,0.3892755,1.8689833,0.6970723681870886,1.0
Pitrm1,0.3892755,2.041243,0.6970723681870886,1.0
Csnk2a1,0.3892755,0.5885928,0.6970723681870886,1.0
Ubap2l,0.3892755,1.0978081,0.6970723681870886,1.0
Ndufs6,0.3892755,0.71974623,0.6970723681870886,1.0
Dcp1b,0.3892755,1.9866977,0.6970723681870886,1.0
Uxt,0.3892755,2.0560875,0.6970723681870886,1.0
Ppt2,0.3892755,1.5873103,0.6970723681870886,1.0
Tmco6,0.3892755,1.8742665,0.6970723681870886,1.0
Hirip3,0.3892755,1.8234375,0.6970723681870886,1.0
AA986860,0.3892755,2.0624545,0.6970723681870886,1.0
Orai3,0.3892755,1.9613001,0.6970723681870886,1.0
Mosmo,0.3892755,1.7097306,0.6970723681870886,1.0
Otc,0.3892755,2.1897578,0.6970723681870886,1.0
Ss18l2,0.3892755,1.805412,0.6970723681870886,1.0
Kit,0.3892755,0.51988,0.6970723681870886,1.0
Gbe1,0.3892755,1.8367684,0.6970723681870886,1.0
Mdh1,0.3892755,0.17694841,0.6970723681870886,1.0
S100pbp,0.3892755,1.9813702,0.6970723681870886,1.0
Tmem238l,0.3892755,2.1472776,0.6970723681870886,1.0
Dnajc4,0.3892755,2.0265136,0.6970723681870886,1.0
Slc25a16,0.3892755,1.9604832,0.6970723681870886,1.0
B4gat1,0.3892755,2.0851922,0.6970723681870886,1.0
Bahd1,0.3892755,1.8798765,0.6970723681870886,1.0
Krt19,0.3892755,0.108442515,0.6970723681870886,1.0
Atf1,0.38702533,0.5622867,0.6987374492123086,1.0
Cldn7,0.38702533,0.4532112,0.6987374492123086,1.0
Rusc1,0.3847752,1.858365,0.7004039809276716,1.0
Asnsd1,0.3847752,1.5363287,0.7004039809276716,1.0
Ttr,0.3847752,1.9676957,0.7004039809276716,1.0
Irf2bpl,0.3847752,1.534088,0.7004039809276716,1.0
Rock1,0.3847752,0.27383378,0.7004039809276716,1.0
Strn4,0.3847752,0.7861244,0.7004039809276716,1.0
Fbxo31,0.3847752,1.9569547,0.7004039809276716,1.0
Zfp809,0.3847752,1.9425517,0.7004039809276716,1.0
Marveld3,0.3847752,1.5860511,0.7004039809276716,1.0
Cyfip1,0.3847752,1.9549072,0.7004039809276716,1.0
Tasor,0.3847752,1.7927469,0.7004039809276716,1.0
Atp11b,0.3847752,1.8612264,0.7004039809276716,1.0
Slc14a1,0.3847752,1.8478,0.7004039809276716,1.0
Tdrd3,0.3847752,1.7907199,0.7004039809276716,1.0
Tbk1,0.3847752,1.3988075,0.7004039809276716,1.0
Agap3,0.3847752,1.6097783,0.7004039809276716,1.0
Tcerg1,0.3847752,1.5457718,0.7004039809276716,1.0
Sf3a2,0.3847752,0.88227516,0.7004039809276716,1.0
Plekho2,0.3847752,1.8180897,0.7004039809276716,1.0
Arap3,0.3847752,1.7833852,0.7004039809276716,1.0
Eri3,0.3847752,1.7901058,0.7004039809276716,1.0
Nsf,0.3847752,1.7238652,0.7004039809276716,1.0
Ndufb10,0.3847752,0.23820132,0.7004039809276716,1.0
Erp29,0.3847752,1.1562331,0.7004039809276716,1.0
Trim24,0.3847752,1.3343892,0.7004039809276716,1.0
Klra6,0.3847752,0.5551687,0.7004039809276716,1.0
Traf3ip3,0.3847752,0.913737,0.7004039809276716,1.0
Mep1a,0.3847752,0.88434,0.7004039809276716,1.0
Ip6k1,0.38252506,0.45875984,0.7020719561518332,1.0
Flcn,0.38252506,1.1049607,0.7020719561518332,1.0
Zfp106,0.38252506,0.6773525,0.7020719561518332,1.0
Dpep1,0.3802749,1.0867037,0.7037413676826043,1.0
Dguok,0.3802749,0.95983714,0.7037413676826043,1.0
Cyld,0.3802749,0.9629927,0.7037413676826043,1.0
Rab7,0.3802749,1.0790519,0.7037413676826043,1.0
Dnajc14,0.3802749,0.5244639,0.7037413676826043,1.0
Hgs,0.3757746,0.9278904,0.7070844707515505,1.0
Ppm1h,0.3757746,1.0804057,0.7070844707515505,1.0
Mecr,0.3757746,1.0999756,0.7070844707515505,1.0
Ammecr1l,0.3757746,1.0247583,0.7070844707515505,1.0
Prkd3,0.3757746,0.9459554,0.7070844707515505,1.0
Sumo1,0.37352446,0.3427414,0.7087581477819536,1.0
Decr1,0.37127432,0.9026936,0.710433232103608,1.0
Stx6,0.37127432,0.8681811,0.710433232103608,1.0
Atf6b,0.37127432,0.87130976,0.710433232103608,1.0
Ppp1ca,0.37127432,0.3712078,0.710433232103608,1.0
Osbpl8,0.37127432,0.9087911,0.710433232103608,1.0
Slc25a1,0.37127432,0.5007026,0.710433232103608,1.0
Szrd1,0.37127432,0.49145052,0.710433232103608,1.0
Slc25a20,0.37127432,0.40406764,0.710433232103608,1.0
Srgn,0.37127432,0.060489945,0.710433232103608,1.0
Med9,0.37127432,0.84574616,0.710433232103608,1.0
Aoc1,0.37127432,1.1381463,0.710433232103608,1.0
Pycr2,0.37127432,0.9230829,0.710433232103608,1.0
Bzw1,0.36902416,0.3938144,0.7121097164114865,1.0
Senp2,0.36677402,0.7862741,0.7137875933802738,1.0
Sirt2,0.36677402,0.41024125,0.7137875933802738,1.0
Ptpn2,0.36677402,0.84488815,0.7137875933802738,1.0
Arfip1,0.36677402,0.5671364,0.7137875933802738,1.0
Txndc9,0.36677402,0.8971538,0.7137875933802738,1.0
Gnpnat1,0.36677402,0.8586299,0.7137875933802738,1.0
Trappc4,0.36677402,0.5953413,0.7137875933802738,1.0
Prkar2a,0.36677402,0.855083,0.7137875933802738,1.0
Slc39a7,0.36677402,0.80771625,0.7137875933802738,1.0
Csk,0.36452386,0.49439937,0.7154668556644616,1.0
Cnot1,0.36452386,0.4581263,0.7154668556644616,1.0
Wrnip1,0.36227372,0.6730067,0.7171474958984425,1.0
Golph3l,0.36227372,0.51524055,0.7171474958984425,1.0
Gdi1,0.36227372,0.7754922,0.7171474958984425,1.0
Rars,0.36227372,0.8480469,0.7171474958984425,1.0
Acad11,0.36227372,0.872132,0.7171474958984425,1.0
Ctbp1,0.36227372,0.33419368,0.7171474958984425,1.0
St14,0.36227372,0.7833228,0.7171474958984425,1.0
Spg7,0.36227372,0.99332714,0.7171474958984425,1.0
Atp6ap2,0.36227372,0.5248794,0.7171474958984425,1.0
Ppard,0.36227372,0.83149046,0.7171474958984425,1.0
Mpc2,0.36227372,0.7278282,0.7171474958984425,1.0
St8sia4,0.36227372,0.8020848,0.7171474958984425,1.0
Ets1,0.35777342,0.08090894,0.7205128806534342,1.0
Ilk,0.35777342,0.72664493,0.7205128806534342,1.0
Smarcd2,0.35777342,0.7514641,0.7205128806534342,1.0
Prr15l,0.3555233,0.36564553,0.7221976103435981,1.0
Sympk,0.35327312,0.7179336,0.723883688322055,1.0
Tm9sf4,0.35327312,0.7783905,0.723883688322055,1.0
Got2,0.35327312,0.31437233,0.723883688322055,1.0
Ginm1,0.351023,0.8129266,0.7255711071241445,1.0
Ddx23,0.351023,0.38266596,0.7255711071241445,1.0
Carhsp1,0.34877282,0.6377862,0.7272598592656878,1.0
Smc5,0.34877282,0.42116964,0.7272598592656878,1.0
Clec2d,0.34877282,0.15504895,0.7272598592656878,1.0
Ikzf3,0.34877282,0.13367765,0.7272598592656878,1.0
Ptpn12,0.34877282,0.8766376,0.7272598592656878,1.0
Tmem259,0.34877282,0.74112827,0.7272598592656878,1.0
B4galnt2,0.34877282,0.41504395,0.7272598592656878,1.0
Rundc3b,0.34877282,0.7082779,0.7272598592656878,1.0
Xlr4a,0.3465227,25.110012,0.7289499372430848,1.0
Efnb1,0.3465227,24.918129,0.7289499372430848,1.0
Snx4,0.3465227,24.821188,0.7289499372430848,1.0
Spice1,0.3465227,24.900816,0.7289499372430848,1.0
Nup93,0.3465227,25.06892,0.7289499372430848,1.0
Irf2bp1,0.3465227,24.749187,0.7289499372430848,1.0
Fbxo46,0.3465227,24.881044,0.7289499372430848,1.0
Elmo3,0.3465227,25.024923,0.7289499372430848,1.0
Slc26a1,0.3465227,25.171268,0.7289499372430848,1.0
Pgam1,0.3465227,25.12386,0.7289499372430848,1.0
Pxmp2,0.3465227,24.985155,0.7289499372430848,1.0
Gadd45a,0.3465227,25.002958,0.7289499372430848,1.0
Parl,0.3465227,25.19684,0.7289499372430848,1.0
Szt2,0.3465227,24.850857,0.7289499372430848,1.0
Hhex,0.3465227,24.676298,0.7289499372430848,1.0
Zfp410,0.3465227,25.062542,0.7289499372430848,1.0
Lrrc66,0.3465227,24.893394,0.7289499372430848,1.0
Ltbp4,0.3465227,24.795786,0.7289499372430848,1.0
Nup107,0.3465227,24.801025,0.7289499372430848,1.0
Castor1,0.3465227,24.88728,0.7289499372430848,1.0
Fam160a2,0.3465227,25.04096,0.7289499372430848,1.0
Tmem253,0.3465227,25.174707,0.7289499372430848,1.0
Coq7,0.3465227,25.146282,0.7289499372430848,1.0
Pi4kb,0.3465227,24.746584,0.7289499372430848,1.0
Tmem159,0.3465227,24.816423,0.7289499372430848,1.0
Mterf2,0.3465227,24.985779,0.7289499372430848,1.0
Mcpt1,0.3465227,25.056507,0.7289499372430848,1.0
Gjb2,0.3465227,25.02093,0.7289499372430848,1.0
Zfp873,0.3465227,24.790241,0.7289499372430848,1.0
Gstm1,0.3465227,25.098682,0.7289499372430848,1.0
Nkap,0.3465227,25.02093,0.7289499372430848,1.0
Ppip5k1,0.3465227,25.152842,0.7289499372430848,1.0
Gcfc2,0.3465227,24.846613,0.7289499372430848,1.0
Ccdc124,0.3465227,24.988058,0.7289499372430848,1.0
Ybx1,0.3465227,0.81896055,0.7289499372430848,1.0
Atp2b4,0.3465227,24.850815,0.7289499372430848,1.0
Blvrb,0.3465227,24.863266,0.7289499372430848,1.0
Pxmp4,0.3465227,24.527863,0.7289499372430848,1.0
Eif3j1,0.3465227,24.987062,0.7289499372430848,1.0
Zfp142,0.3465227,24.960962,0.7289499372430848,1.0
Tsku,0.3465227,24.832764,0.7289499372430848,1.0
Ppp1r11,0.3465227,25.124146,0.7289499372430848,1.0
Tmem176b,0.3465227,25.10468,0.7289499372430848,1.0
Dph5,0.3465227,24.636702,0.7289499372430848,1.0
Lipg,0.3465227,25.14264,0.7289499372430848,1.0
Map10,0.3465227,24.855654,0.7289499372430848,1.0
Map3k21,0.3465227,25.130735,0.7289499372430848,1.0
Galns,0.3465227,25.03898,0.7289499372430848,1.0
Ccdc163,0.3465227,24.89558,0.7289499372430848,1.0
Eif2b3,0.3465227,24.753357,0.7289499372430848,1.0
Med26,0.3465227,24.676298,0.7289499372430848,1.0
Crtc1,0.3465227,24.94927,0.7289499372430848,1.0
Cep85,0.3465227,24.61683,0.7289499372430848,1.0
Nprl3,0.3465227,24.838303,0.7289499372430848,1.0
Pheta1,0.3465227,24.832087,0.7289499372430848,1.0
Zfp131,0.3465227,25.022175,0.7289499372430848,1.0
Usp35,0.3465227,24.559938,0.7289499372430848,1.0
Pkn3,0.3465227,25.079464,0.7289499372430848,1.0
Endog,0.3465227,25.054943,0.7289499372430848,1.0
Pde6d,0.3465227,24.910553,0.7289499372430848,1.0
Ppwd1,0.3465227,25.176191,0.7289499372430848,1.0
Coq10b,0.3465227,24.918682,0.7289499372430848,1.0
Msantd4,0.3465227,25.15948,0.7289499372430848,1.0
Pla2g10,0.3465227,25.128191,0.7289499372430848,1.0
Atpaf1,0.3465227,25.072083,0.7289499372430848,1.0
Klhl26,0.3465227,24.746584,0.7289499372430848,1.0
Incenp,0.3465227,24.852404,0.7289499372430848,1.0
Frs2,0.3465227,25.091436,0.7289499372430848,1.0
Tfrc,0.3465227,24.687838,0.7289499372430848,1.0
Gpr19,0.3465227,25.072445,0.7289499372430848,1.0
Zfp518a,0.3465227,24.69016,0.7289499372430848,1.0
Ugt8a,0.3465227,25.374443,0.7289499372430848,1.0
Rbsn,0.3465227,24.846754,0.7289499372430848,1.0
Fads6,0.3465227,24.996962,0.7289499372430848,1.0
Maco1,0.3465227,24.847977,0.7289499372430848,1.0
Kxd1,0.3465227,25.160284,0.7289499372430848,1.0
Fnbp1l,0.3465227,24.716774,0.7289499372430848,1.0
Hoxa9,0.3465227,24.937626,0.7289499372430848,1.0
Dmd,0.3465227,25.060583,0.7289499372430848,1.0
Tspan12,0.3465227,24.937803,0.7289499372430848,1.0
Ankrd9,0.3465227,25.07857,0.7289499372430848,1.0
Cdc42bpb,0.3465227,25.141733,0.7289499372430848,1.0
Naip2,0.3465227,24.960962,0.7289499372430848,1.0
Lrwd1,0.3465227,24.978426,0.7289499372430848,1.0
Vasn,0.3465227,24.930384,0.7289499372430848,1.0
Nme7,0.3465227,25.194153,0.7289499372430848,1.0
Cwf19l2,0.3465227,25.008287,0.7289499372430848,1.0
Kif1bp,0.3465227,25.041119,0.7289499372430848,1.0
Unc5b,0.3465227,25.012264,0.7289499372430848,1.0
Hsf2,0.3465227,24.859186,0.7289499372430848,1.0
Zfp771,0.3465227,25.0049,0.7289499372430848,1.0
Slc8b1,0.3465227,25.114557,0.7289499372430848,1.0
Fgd2,0.3465227,25.045424,0.7289499372430848,1.0
Hsd3b7,0.3465227,24.78629,0.7289499372430848,1.0
Sorbs2,0.3465227,25.11926,0.7289499372430848,1.0
Cnr2,0.3465227,25.065722,0.7289499372430848,1.0
Tspan33,0.3465227,25.04851,0.7289499372430848,1.0
Hspb11,0.3465227,25.046667,0.7289499372430848,1.0
Hexim2,0.3465227,25.08211,0.7289499372430848,1.0
Macc1,0.3465227,25.304157,0.7289499372430848,1.0
Lias,0.3465227,25.111954,0.7289499372430848,1.0
Fnip1,0.3465227,24.850815,0.7289499372430848,1.0
Nufip1,0.3465227,24.71811,0.7289499372430848,1.0
Zfp507,0.3465227,25.433447,0.7289499372430848,1.0
Arrdc3,0.3465227,24.78356,0.7289499372430848,1.0
Gemin5,0.3465227,24.852228,0.7289499372430848,1.0
Tpra1,0.3465227,25.093338,0.7289499372430848,1.0
Ttc30b,0.3465227,24.863266,0.7289499372430848,1.0
Cldn2,0.3465227,24.777496,0.7289499372430848,1.0
Dph7,0.3465227,25.09541,0.7289499372430848,1.0
Lyn,0.3465227,24.974293,0.7289499372430848,1.0
Arfgef3,0.3465227,24.872766,0.7289499372430848,1.0
Inpp5a,0.3465227,24.969252,0.7289499372430848,1.0
Tubgcp2,0.3465227,24.50742,0.7289499372430848,1.0
Specc1,0.3465227,24.82206,0.7289499372430848,1.0
Epop,0.3465227,25.11934,0.7289499372430848,1.0
Atf5,0.3465227,24.670479,0.7289499372430848,1.0
Bmp3,0.3465227,24.774256,0.7289499372430848,1.0
Dedd,0.3465227,25.004559,0.7289499372430848,1.0
Mysm1,0.3465227,24.852137,0.7289499372430848,1.0
Hinfp,0.3465227,24.985155,0.7289499372430848,1.0
Racgap1,0.3465227,24.936447,0.7289499372430848,1.0
Ttc19,0.3465227,25.031687,0.7289499372430848,1.0
Slc5a6,0.3465227,24.973446,0.7289499372430848,1.0
Armt1,0.3465227,25.287493,0.7289499372430848,1.0
Oxsr1,0.3465227,24.788641,0.7289499372430848,1.0
Mfsd1,0.3465227,25.03494,0.7289499372430848,1.0
Plpp6,0.3465227,24.827444,0.7289499372430848,1.0
Apex2,0.3465227,25.159954,0.7289499372430848,1.0
Tmem175,0.3465227,25.0857,0.7289499372430848,1.0
Zfp653,0.3465227,24.746305,0.7289499372430848,1.0
Arhgef6,0.3465227,0.43339583,0.7289499372430848,1.0
Clba1,0.3465227,25.086338,0.7289499372430848,1.0
Rttn,0.3465227,24.784864,0.7289499372430848,1.0
Stambp,0.3465227,25.077692,0.7289499372430848,1.0
Ppid,0.3465227,25.116968,0.7289499372430848,1.0
Anpep,0.3465227,25.192366,0.7289499372430848,1.0
Ccdc171,0.3465227,24.73167,0.7289499372430848,1.0
Vamp1,0.3465227,25.09938,0.7289499372430848,1.0
T2,0.3465227,24.89693,0.7289499372430848,1.0
Agk,0.3465227,24.749187,0.7289499372430848,1.0
Kif9,0.3465227,25.008287,0.7289499372430848,1.0
Aldh1a7,0.3465227,25.09866,0.7289499372430848,1.0
Myo5c,0.3465227,25.156595,0.7289499372430848,1.0
L3mbtl2,0.3465227,24.960302,0.7289499372430848,1.0
Zfp160,0.3465227,25.051325,0.7289499372430848,1.0
Mlh1,0.3465227,25.061127,0.7289499372430848,1.0
Lratd2,0.3465227,25.019293,0.7289499372430848,1.0
Tcta,0.3465227,25.045393,0.7289499372430848,1.0
Zfp87,0.3465227,24.83492,0.7289499372430848,1.0
Dtx2,0.3465227,25.195028,0.7289499372430848,1.0
Chchd4,0.3465227,25.09909,0.7289499372430848,1.0
Naaladl1,0.3465227,24.994732,0.7289499372430848,1.0
Khdrbs3,0.3465227,24.893002,0.7289499372430848,1.0
Top1mt,0.3465227,24.534864,0.7289499372430848,1.0
Dusp1,0.3465227,24.976984,0.7289499372430848,1.0
Ercc6l,0.3465227,25.088528,0.7289499372430848,1.0
Nav2,0.3465227,24.747316,0.7289499372430848,1.0
Ap1s2,0.3465227,24.795256,0.7289499372430848,1.0
Lyrm4,0.3465227,25.037342,0.7289499372430848,1.0
Apip,0.3465227,24.84232,0.7289499372430848,1.0
Tpd52,0.3465227,24.87942,0.7289499372430848,1.0
Hps1,0.3465227,24.892298,0.7289499372430848,1.0
Gfi1,0.3465227,25.056017,0.7289499372430848,1.0
Mfsd7a,0.3465227,24.960962,0.7289499372430848,1.0
Slc25a28,0.3465227,25.102707,0.7289499372430848,1.0
Ocrl,0.3465227,24.928036,0.7289499372430848,1.0
Stag1,0.3465227,24.98763,0.7289499372430848,1.0
Uba5,0.3465227,25.16675,0.7289499372430848,1.0
Mnt,0.3465227,25.42902,0.7289499372430848,1.0
Wdr81,0.3465227,25.168097,0.7289499372430848,1.0
Hsd17b14,0.3465227,25.031866,0.7289499372430848,1.0
Smim38,0.3465227,25.099922,0.7289499372430848,1.0
Cep162,0.3465227,24.857765,0.7289499372430848,1.0
Cttn,0.3465227,25.068981,0.7289499372430848,1.0
Snrpn,0.3465227,25.151205,0.7289499372430848,1.0
Treml2,0.3465227,25.160284,0.7289499372430848,1.0
Zbtb5,0.3465227,25.013914,0.7289499372430848,1.0
Csnk1e,0.3465227,24.945068,0.7289499372430848,1.0
Chmp4c,0.3465227,24.82206,0.7289499372430848,1.0
Zfp946,0.3465227,24.80922,0.7289499372430848,1.0
Anapc13,0.3465227,0.40999115,0.7289499372430848,1.0
Naa10,0.3465227,25.137228,0.7289499372430848,1.0
Pi4k2a,0.3465227,25.148407,0.7289499372430848,1.0
Atf4,0.3465227,25.103815,0.7289499372430848,1.0
Ggcx,0.3465227,24.85451,0.7289499372430848,1.0
Dnaaf2,0.3465227,24.84231,0.7289499372430848,1.0
Tox3,0.3465227,25.095322,0.7289499372430848,1.0
Zmym1,0.3465227,25.05255,0.7289499372430848,1.0
Zc3h8,0.3465227,24.88924,0.7289499372430848,1.0
Hs1bp3,0.3465227,25.040678,0.7289499372430848,1.0
Plekhg3,0.3465227,25.191423,0.7289499372430848,1.0
Bckdha,0.3465227,24.89958,0.7289499372430848,1.0
Dusp2,0.3465227,25.026466,0.7289499372430848,1.0
Psph,0.3465227,25.064129,0.7289499372430848,1.0
Rbbp9,0.3465227,25.159513,0.7289499372430848,1.0
Slc39a6,0.3465227,24.72101,0.7289499372430848,1.0
Rassf6,0.3465227,24.788153,0.7289499372430848,1.0
Zfyve1,0.3465227,24.911625,0.7289499372430848,1.0
Kiz,0.34427255,0.6618071,0.7306413335334134,1.0
Furin,0.34427255,0.4619706,0.7306413335334134,1.0
Slc25a24,0.34427255,0.45370075,0.7306413335334134,1.0
Wdr83os,0.34427255,0.3245087,0.7306413335334134,1.0
Ddx42,0.34427255,0.7323407,0.7306413335334134,1.0
Aldoa,0.3420224,0.37010527,0.7323340405945287,1.0
Chmp2b,0.3420224,0.90309626,0.7323340405945287,1.0
Ppp1r16b,0.3420224,0.32739905,0.7323340405945287,1.0
Ndufs7,0.33977225,0.36001906,0.7340280508651622,1.0
Eif2b2,0.33977225,0.5141561,0.7340280508651622,1.0
Ptpra,0.33977225,0.49862158,0.7340280508651622,1.0
Timm10b,0.33977225,0.65917087,0.7340280508651622,1.0
Adgrg5,0.33977225,0.41507268,0.7340280508651622,1.0
Appl2,0.33977225,0.47812524,0.7340280508651622,1.0
Letmd1,0.33977225,0.6556815,0.7340280508651622,1.0
Pold4,0.33977225,0.61743283,0.7340280508651622,1.0
Nolc1,0.33527195,1.1725252,0.7374199506948956,1.0
Zfp260,0.33527195,1.114412,0.7374199506948956,1.0
Gns,0.33527195,1.0130548,0.7374199506948956,1.0
Mbtps1,0.33527195,1.3314567,0.7374199506948956,1.0
Slc25a39,0.33527195,0.43166193,0.7374199506948956,1.0
Mea1,0.33527195,1.5624206,0.7374199506948956,1.0
Nupr1,0.33527195,1.4557316,0.7374199506948956,1.0
Rpa2,0.33527195,1.546534,0.7374199506948956,1.0
Lrp1,0.33527195,1.2070689,0.7374199506948956,1.0
Cpox,0.33527195,0.68023014,0.7374199506948956,1.0
Chmp4b,0.33527195,0.67570025,0.7374199506948956,1.0
Erbb3,0.33527195,1.1823974,0.7374199506948956,1.0
Tpr,0.33527195,0.34344983,0.7374199506948956,1.0
Tuba1c,0.3330218,0.47817343,0.7391178250367458,1.0
Gng2,0.3330218,0.793782,0.7391178250367458,1.0
Psma1,0.3330218,0.3461037,0.7391178250367458,1.0
Polr3c,0.33077165,0.9948791,0.7408169721538177,1.0
Dkc1,0.33077165,0.57040566,0.7408169721538177,1.0
Dym,0.33077165,1.592132,0.7408169721538177,1.0
Tmub2,0.33077165,1.0322877,0.7408169721538177,1.0
Ctnna1,0.33077165,0.6322963,0.7408169721538177,1.0
Rnaseh2b,0.33077165,1.0674307,0.7408169721538177,1.0
Arpp19,0.33077165,0.5011617,0.7408169721538177,1.0
mt-Co1,0.33077165,0.62821734,0.7408169721538177,1.0
Scnn1a,0.33077165,0.9763006,0.7408169721538177,1.0
Uba7,0.33077165,1.2422903,0.7408169721538177,1.0
Iah1,0.33077165,1.0190243,0.7408169721538177,1.0
Tmem50a,0.32852152,0.23667213,0.7425173843907373,1.0
Creb3l1,0.32852152,0.5832733,0.7425173843907373,1.0
Dda1,0.32627136,1.0785648,0.7442190540736155,1.0
Mrtfa,0.32627136,0.53270847,0.7442190540736155,1.0
Eri1,0.32627136,1.0090002,0.7442190540736155,1.0
Imp3,0.32627136,1.0511705,0.7442190540736155,1.0
Usp3,0.32627136,1.1000615,0.7442190540736155,1.0
Dpm1,0.32627136,0.57305443,0.7442190540736155,1.0
Rnf145,0.32627136,1.3015945,0.7442190540736155,1.0
Unc13d,0.32627136,1.2252493,0.7442190540736155,1.0
Nom1,0.32627136,0.97199667,0.7442190540736155,1.0
Asph,0.32627136,1.1967227,0.7442190540736155,1.0
Erbin,0.32402122,0.37260216,0.7459219735101503,1.0
Bmp2k,0.32402122,0.7418363,0.7459219735101503,1.0
Tceal9,0.32402122,0.4705485,0.7459219735101503,1.0
Cltb,0.32402122,0.25496426,0.7459219735101503,1.0
Exoc2,0.32177106,1.0688907,0.74762613498973,1.0
Sh3bgrl,0.32177106,0.4748564,0.74762613498973,1.0
Alkbh6,0.32177106,1.2862359,0.74762613498973,1.0
Ppan,0.32177106,1.0280895,0.74762613498973,1.0
Grcc10,0.32177106,0.07788244,0.74762613498973,1.0
Prxl2c,0.32177106,1.0465698,0.74762613498973,1.0
Mtch2,0.32177106,1.0051315,0.74762613498973,1.0
Ctsa,0.32177106,0.2667315,0.74762613498973,1.0
Faap20,0.32177106,0.957913,0.74762613498973,1.0
Man2b2,0.32177106,1.138581,0.74762613498973,1.0
Retsat,0.32177106,0.9458607,0.74762613498973,1.0
Nploc4,0.32177106,0.923459,0.74762613498973,1.0
Tmem8,0.32177106,0.89687264,0.74762613498973,1.0
Cnot7,0.32177106,0.97927815,0.74762613498973,1.0
Snx3,0.32177106,0.81537545,0.74762613498973,1.0
Hdac1,0.32177106,0.49150783,0.74762613498973,1.0
Arap1,0.31952092,0.8166569,0.7493315307835373,1.0
Wbp1,0.31952092,0.3584239,0.7493315307835373,1.0
Map11,0.3172708,1.1245924,0.7510381531446536,1.0
Zfp512b,0.3172708,0.9677292,0.7510381531446536,1.0
Paqr4,0.3172708,1.0091406,0.7510381531446536,1.0
Pja2,0.3172708,0.85541683,0.7510381531446536,1.0
Fkbp5,0.3172708,0.36621878,0.7510381531446536,1.0
Fus,0.3172708,0.25162184,0.7510381531446536,1.0
Igbp1,0.3172708,1.2510095,0.7510381531446536,1.0
Egln1,0.3172708,1.1644061,0.7510381531446536,1.0
Bspry,0.3172708,1.0266391,0.7510381531446536,1.0
Irgm2,0.3172708,0.9664878,0.7510381531446536,1.0
Zmat2,0.3172708,1.0558759,0.7510381531446536,1.0
Erg28,0.3172708,0.9847967,0.7510381531446536,1.0
Spink1,0.3172708,0.92599005,0.7510381531446536,1.0
Mapk14,0.31502062,0.6958116,0.7527459943081632,1.0
Otud4,0.31502062,0.7207226,0.7527459943081632,1.0
Kansl1,0.31502062,0.75487494,0.7527459943081632,1.0
Nucks1,0.3127705,0.31887186,0.7544550464912587,1.0
Atp13a3,0.3127705,0.4037368,0.7544550464912587,1.0
Eef1g,0.3127705,0.9783385,0.7544550464912587,1.0
Bbx,0.3127705,0.9620409,0.7544550464912587,1.0
Fam192a,0.3127705,1.0614183,0.7544550464912587,1.0
Endod1,0.3127705,0.97033083,0.7544550464912587,1.0
Foxn3,0.3127705,0.91154826,0.7544550464912587,1.0
Ccnt2,0.3127705,0.9270706,0.7544550464912587,1.0
Cd2ap,0.3127705,0.90863675,0.7544550464912587,1.0
Camk2n1,0.3127705,0.9608088,0.7544550464912587,1.0
Ctdsp1,0.3127705,0.3259012,0.7544550464912587,1.0
Atpaf2,0.3127705,0.91130215,0.7544550464912587,1.0
Hipk2,0.3127705,1.004343,0.7544550464912587,1.0
Zfp397,0.3127705,0.9002171,0.7544550464912587,1.0
Qdpr,0.31052032,0.7123864,0.7561653018933467,1.0
Ubash3b,0.31052032,0.78890485,0.7561653018933467,1.0
Map1lc3a,0.3082702,0.83462095,0.7578767526961533,1.0
Traf3ip2,0.3082702,0.91480863,0.7578767526961533,1.0
Pygo2,0.3082702,0.95498955,0.7578767526961533,1.0
Gabpa,0.3082702,0.7808877,0.7578767526961533,1.0
Pitpnb,0.3082702,0.78338665,0.7578767526961533,1.0
Kpna6,0.3082702,0.9167793,0.7578767526961533,1.0
R3hdm2,0.3082702,0.9322592,0.7578767526961533,1.0
Sgpp2,0.3082702,0.7078008,0.7578767526961533,1.0
Rsbn1,0.3082702,0.7856543,0.7578767526961533,1.0
Kdm6a,0.3082702,0.7774675,0.7578767526961533,1.0
Plec,0.3082702,0.7813968,0.7578767526961533,1.0
Nup153,0.3082702,0.74410605,0.7578767526961533,1.0
Dctn6,0.3082702,0.46712855,0.7578767526961533,1.0
Eef1e1,0.3082702,0.8088575,0.7578767526961533,1.0
Shmt2,0.30602002,0.6209792,0.7595893910638307,1.0
Rxylt1,0.3037699,0.7785553,0.761303209143064,1.0
Abhd17a,0.3037699,0.8228302,0.761303209143064,1.0
Arfgap1,0.3037699,0.8823165,0.761303209143064,1.0
Rpe,0.3037699,0.7585666,0.761303209143064,1.0
Lpin1,0.3037699,0.8264498,0.761303209143064,1.0
Yipf3,0.3037699,0.41938806,0.761303209143064,1.0
Adprh,0.3037699,0.5704078,0.761303209143064,1.0
Edem2,0.3037699,0.84036994,0.761303209143064,1.0
Trmt10c,0.3037699,0.6836135,0.761303209143064,1.0
Kdm5b,0.3037699,0.857616,0.761303209143064,1.0
Nol7,0.30151975,0.64075935,0.7630181990631788,1.0
Tpd52l2,0.30151975,0.5049404,0.7630181990631788,1.0
Zscan29,0.2992696,0.8233142,0.7647343529362484,1.0
Nufip2,0.2992696,0.47547424,0.7647343529362484,1.0
Men1,0.2992696,0.9290642,0.7647343529362484,1.0
Pdcd6ip,0.2992696,0.2645494,0.7647343529362484,1.0
Agpat5,0.2992696,0.79501784,0.7647343529362484,1.0
Abhd17b,0.2992696,0.40638456,0.7647343529362484,1.0
Atp5d,0.2992696,0.2857056,0.7647343529362484,1.0
Ndfip1,0.2992696,0.078067645,0.7647343529362484,1.0
Klra7,0.2992696,0.7235933,0.7647343529362484,1.0
Hdgf,0.2992696,0.71854305,0.7647343529362484,1.0
Rif1,0.2992696,0.8121471,0.7647343529362484,1.0
Inpp4b,0.2992696,0.5940548,0.7647343529362484,1.0
Ergic1,0.29701945,0.7819693,0.766451662857202,1.0
Clpp,0.29701945,0.68815726,0.766451662857202,1.0
Atp13a1,0.29701945,0.74232244,0.766451662857202,1.0
Hmgcs2,0.2947693,0.073920645,0.7681701209039336,1.0
Pigq,0.2947693,0.6824388,0.7681701209039336,1.0
Taf11,0.2947693,0.6731299,0.7681701209039336,1.0
Mllt3,0.2947693,0.77124196,0.7681701209039336,1.0
Plekha2,0.2947693,0.33190787,0.7681701209039336,1.0
Pkm,0.2947693,0.43077385,0.7681701209039336,1.0
Tspan9,0.2947693,0.35758334,0.7681701209039336,1.0
Rbm22,0.29251915,0.63609445,0.76988971913741,1.0
Cst3,0.29251915,0.31855464,0.76988971913741,1.0
Hagh,0.29026902,0.71614397,0.7716104496017816,1.0
Grap2,0.29026902,0.28436002,0.7716104496017816,1.0
Dhx8,0.29026902,0.4562947,0.7716104496017816,1.0
Rab21,0.29026902,0.28790483,0.7716104496017816,1.0
Hexb,0.29026902,0.8075664,0.7716104496017816,1.0
Trp53,0.29026902,0.35120252,0.7716104496017816,1.0
Ndrg1,0.29026902,0.5081829,0.7716104496017816,1.0
Srp9,0.29026902,0.4035954,0.7716104496017816,1.0
Mef2d,0.28801885,0.60650367,0.7733323043244908,1.0
Sec16a,0.28576872,0.6027251,0.7750552753163832,1.0
Haus1,0.28576872,0.5371061,0.7750552753163832,1.0
Ubp1,0.28576872,0.5872108,0.7750552753163832,1.0
Coro2a,0.28576872,0.0802479,0.7750552753163832,1.0
Klhdc2,0.28576872,0.22008644,0.7750552753163832,1.0
Ndufa7,0.28576872,0.15981418,0.7750552753163832,1.0
Sqstm1,0.28576872,0.3567437,0.7750552753163832,1.0
Ap3d1,0.28576872,0.34453428,0.7750552753163832,1.0
Pdia6,0.28351855,0.4874924,0.7767793545718172,1.0
Capza1,0.28351855,0.35117584,0.7767793545718172,1.0
Rapgef1,0.28351855,0.37088284,0.7767793545718172,1.0
Clptm1l,0.28351855,0.44153318,0.7767793545718172,1.0
Sidt2,0.28126842,0.37356123,0.778504534068776,1.0
Ptges3,0.28126842,0.38817015,0.778504534068776,1.0
Tmem106b,0.28126842,0.6856822,0.778504534068776,1.0
Kdm7a,0.27901825,0.52990294,0.7802308057689782,1.0
Pde9a,0.27901825,0.41824535,0.7802308057689782,1.0
Tbcc,0.27676812,1.271535,0.7819581616179903,1.0
Rere,0.27676812,1.160761,0.7819581616179903,1.0
Smarcc1,0.27676812,1.4389296,0.7819581616179903,1.0
Chkb,0.27676812,1.5381913,0.7819581616179903,1.0
Them6,0.27676812,1.2180046,0.7819581616179903,1.0
Rgp1,0.27676812,1.2850701,0.7819581616179903,1.0
Nprl2,0.27676812,1.2226721,0.7819581616179903,1.0
Tnik,0.27676812,1.2553285,0.7819581616179903,1.0
Dusp10,0.27676812,1.2134691,0.7819581616179903,1.0
Fam49a,0.27676812,1.4058939,0.7819581616179903,1.0
Bcl2l13,0.27676812,1.287834,0.7819581616179903,1.0
Hnrnpu,0.27676812,1.6378762,0.7819581616179903,1.0
Katna1,0.27676812,1.7294933,0.7819581616179903,1.0
Etfdh,0.27676812,1.5003057,0.7819581616179903,1.0
Msto1,0.27676812,1.5012164,0.7819581616179903,1.0
Gclm,0.27676812,0.33493373,0.7819581616179903,1.0
Pop4,0.27676812,1.2908274,0.7819581616179903,1.0
Cisd2,0.27676812,0.7730636,0.7819581616179903,1.0
Reep3,0.27676812,1.3283259,0.7819581616179903,1.0
Napa,0.27676812,0.6052309,0.7819581616179903,1.0
Tmem33,0.27676812,1.2885739,0.7819581616179903,1.0
Zmym2,0.27676812,1.2807528,0.7819581616179903,1.0
Ccdc88c,0.27676812,1.2575833,0.7819581616179903,1.0
Ankrd52,0.27676812,1.3715237,0.7819581616179903,1.0
Zfp683,0.27676812,1.6902629,0.7819581616179903,1.0
Ankrd39,0.27676812,1.1573666,0.7819581616179903,1.0
Taf12,0.27676812,1.3256718,0.7819581616179903,1.0
Ccser2,0.27676812,1.2562099,0.7819581616179903,1.0
Ssbp4,0.27451798,0.61061794,0.783686593545338,1.0
Leprotl1,0.27451798,0.39579937,0.783686593545338,1.0
Parp9,0.27451798,0.37364978,0.783686593545338,1.0
Cisd1,0.27451798,0.33862236,0.783686593545338,1.0
Rab8b,0.27451798,0.092782766,0.783686593545338,1.0
Pigc,0.27226782,1.3773994,0.7854160934646199,1.0
Pprc1,0.27226782,1.1753621,0.7854160934646199,1.0
Asb6,0.27226782,1.440727,0.7854160934646199,1.0
Zfp64,0.27226782,1.3679285,0.7854160934646199,1.0
Dph6,0.27226782,1.4647303,0.7854160934646199,1.0
Rfx1,0.27226782,1.4315355,0.7854160934646199,1.0
Gga3,0.27226782,1.3422269,0.7854160934646199,1.0
Casp1,0.27226782,1.257294,0.7854160934646199,1.0
Ptpn9,0.27226782,1.2510633,0.7854160934646199,1.0
Nop2,0.27226782,1.1904076,0.7854160934646199,1.0
Ift80,0.27226782,1.396185,0.7854160934646199,1.0
Scap,0.27226782,1.4115115,0.7854160934646199,1.0
Srsf9,0.27226782,0.37789905,0.7854160934646199,1.0
Trbc1,0.27226782,0.24091701,0.7854160934646199,1.0
Dap3,0.27226782,1.2212598,0.7854160934646199,1.0
Nelfa,0.27226782,1.3278029,0.7854160934646199,1.0
Spryd7,0.27226782,1.2121662,0.7854160934646199,1.0
Cyth2,0.27226782,1.3894068,0.7854160934646199,1.0
Cdc123,0.27226782,1.015251,0.7854160934646199,1.0
Tmub1,0.27226782,1.172759,0.7854160934646199,1.0
Ralb,0.27226782,1.2392961,0.7854160934646199,1.0
Tnpo3,0.27226782,1.708455,0.7854160934646199,1.0
Tesc,0.27226782,1.6161813,0.7854160934646199,1.0
Npc1,0.27226782,1.1569002,0.7854160934646199,1.0
Tpi1,0.27226782,0.7434675,0.7854160934646199,1.0
Fahd1,0.27226782,1.1406206,0.7854160934646199,1.0
Ring1,0.27226782,0.8680876,0.7854160934646199,1.0
Dsg2,0.27226782,0.6523489,0.7854160934646199,1.0
Gtf3c2,0.27001768,0.42900315,0.7871466532736194,1.0
Dazap1,0.27001768,0.09892201,0.7871466532736194,1.0
March7,0.27001768,0.46661562,0.7871466532736194,1.0
Fuca2,0.27001768,0.53945076,0.7871466532736194,1.0
Pole3,0.26776752,1.1830646,0.7888782648544189,1.0
Tom1l1,0.26776752,1.0431122,0.7888782648544189,1.0
Prkaa2,0.26776752,1.1281786,0.7888782648544189,1.0
Rbm4,0.26776752,0.07680796,0.7888782648544189,1.0
Scmh1,0.26776752,1.1815035,0.7888782648544189,1.0
Polr3e,0.26776752,1.1534916,0.7888782648544189,1.0
Foxj3,0.26776752,1.0647069,0.7888782648544189,1.0
Rest,0.26776752,1.1787828,0.7888782648544189,1.0
Elmod3,0.26776752,1.0806653,0.7888782648544189,1.0
Sfswap,0.26776752,1.0147543,0.7888782648544189,1.0
F2rl1,0.26776752,1.0797707,0.7888782648544189,1.0
Brd4,0.26776752,0.16782966,0.7888782648544189,1.0
Nsun2,0.26776752,0.8071476,0.7888782648544189,1.0
Tvp23b,0.26776752,1.0871389,0.7888782648544189,1.0
Naip6,0.26776752,1.0472337,0.7888782648544189,1.0
Ctbp2,0.26776752,1.3293054,0.7888782648544189,1.0
Arhgef16,0.26776752,1.0199616,0.7888782648544189,1.0
Igsf9,0.26776752,1.0218076,0.7888782648544189,1.0
Aven,0.26776752,1.1197537,0.7888782648544189,1.0
Pcif1,0.26776752,1.0196484,0.7888782648544189,1.0
Aaas,0.26776752,1.1971227,0.7888782648544189,1.0
Tmed5,0.26776752,1.1002275,0.7888782648544189,1.0
Ttc4,0.26776752,1.2928671,0.7888782648544189,1.0
Calhm2,0.26776752,1.03399,0.7888782648544189,1.0
Fam204a,0.26776752,1.0977215,0.7888782648544189,1.0
Ube2c,0.26776752,1.124844,0.7888782648544189,1.0
Cacul1,0.26776752,1.1636139,0.7888782648544189,1.0
Ptges2,0.26776752,1.1164545,0.7888782648544189,1.0
Csrp2,0.26776752,0.72190034,0.7888782648544189,1.0
Sval1,0.26776752,1.1124164,0.7888782648544189,1.0
Ccnb2,0.26776752,1.1799397,0.7888782648544189,1.0
Copg2,0.26776752,1.0426189,0.7888782648544189,1.0
Slc44a1,0.26776752,1.0018696,0.7888782648544189,1.0
Slc9a9,0.26776752,1.0105203,0.7888782648544189,1.0
Zfp110,0.26776752,1.0304773,0.7888782648544189,1.0
Flot2,0.26776752,1.2687843,0.7888782648544189,1.0
Fbxo25,0.26776752,1.157307,0.7888782648544189,1.0
Rapgef6,0.26551738,0.454909,0.790610920073513,1.0
Mapk1ip1l,0.26551738,0.85469997,0.790610920073513,1.0
Ube2b,0.26551738,0.35649765,0.790610920073513,1.0
Leng8,0.26551738,0.39943397,0.790610920073513,1.0
Cmtm6,0.26551738,0.33005846,0.790610920073513,1.0
Mmd,0.26326725,1.1099614,0.7923446107819232,1.0
Emc3,0.26326725,1.067486,0.7923446107819232,1.0
Gpd2,0.26326725,0.94948953,0.7923446107819232,1.0
Cluap1,0.26326725,0.9140791,0.7923446107819232,1.0
Bpgm,0.26326725,1.0779994,0.7923446107819232,1.0
Cdc23,0.26326725,1.0629222,0.7923446107819232,1.0
Lactb2,0.26326725,0.9803044,0.7923446107819232,1.0
Zpr1,0.26326725,0.9538283,0.7923446107819232,1.0
Rcn3,0.26326725,1.0070679,0.7923446107819232,1.0
Oaz1,0.26326725,1.016596,0.7923446107819232,1.0
Trpm4,0.26326725,1.1034049,0.7923446107819232,1.0
Map3k1,0.26326725,0.2963796,0.7923446107819232,1.0
Tipin,0.26326725,0.7536765,0.7923446107819232,1.0
Cyp20a1,0.26326725,0.9373119,0.7923446107819232,1.0
Snrpa1,0.26326725,0.7851344,0.7923446107819232,1.0
Slc43a2,0.26326725,1.0254928,0.7923446107819232,1.0
Rap2c,0.26326725,1.2794286,0.7923446107819232,1.0
Pcnt,0.26326725,1.0166694,0.7923446107819232,1.0
Camta2,0.26326725,1.1347098,0.7923446107819232,1.0
Rnft1,0.26326725,0.9174333,0.7923446107819232,1.0
Prdm2,0.26326725,0.64254755,0.7923446107819232,1.0
Hmgxb3,0.26326725,1.1118252,0.7923446107819232,1.0
Plekha3,0.26326725,1.0388916,0.7923446107819232,1.0
Pde5a,0.26326725,1.0682464,0.7923446107819232,1.0
Trbv19,0.26326725,1.1665056,0.7923446107819232,1.0
Slc16a10,0.26326725,1.0931343,0.7923446107819232,1.0
Prkacb,0.26326725,0.2587764,0.7923446107819232,1.0
Rprd1a,0.26326725,0.9370836,0.7923446107819232,1.0
Limk2,0.26326725,1.0670319,0.7923446107819232,1.0
Prps1l3,0.26326725,0.25194985,0.7923446107819232,1.0
Cnot2,0.26101708,0.34120467,0.7940793288153116,1.0
Pcbd2,0.26101708,0.5880604,0.7940793288153116,1.0
Ezh2,0.25876695,0.94979626,0.7958150659940968,1.0
Ier3ip1,0.25876695,0.98642844,0.7958150659940968,1.0
Fbxw7,0.25876695,0.92628,0.7958150659940968,1.0
Vhl,0.25876695,1.0218369,0.7958150659940968,1.0
Tor1b,0.25876695,0.93516546,0.7958150659940968,1.0
Tmem161a,0.25876695,0.86035234,0.7958150659940968,1.0
Cryl1,0.25876695,0.9815094,0.7958150659940968,1.0
Brpf3,0.25876695,0.8802375,0.7958150659940968,1.0
Nudt19,0.25876695,0.9444172,0.7958150659940968,1.0
Uba2,0.25876695,0.5246251,0.7958150659940968,1.0
Cnppd1,0.25876695,0.6348408,0.7958150659940968,1.0
Dgcr6,0.25876695,0.8869825,0.7958150659940968,1.0
Armc1,0.25876695,0.831448,0.7958150659940968,1.0
Rbm15,0.25876695,0.68617177,0.7958150659940968,1.0
Tomm22,0.25876695,0.5958597,0.7958150659940968,1.0
Fabp5,0.25876695,0.8698749,0.7958150659940968,1.0
Gatd1,0.25876695,0.99179715,0.7958150659940968,1.0
Ddc,0.25876695,0.96260214,0.7958150659940968,1.0
Bnip1,0.25876695,0.9251187,0.7958150659940968,1.0
Uso1,0.25876695,1.0420482,0.7958150659940968,1.0
Pde7a,0.25876695,0.6641761,0.7958150659940968,1.0
Cnot4,0.25876695,0.8661318,0.7958150659940968,1.0
Tspan7,0.25876695,0.94894433,0.7958150659940968,1.0
Wdr18,0.25876695,1.0076622,0.7958150659940968,1.0
Dop1a,0.25876695,0.91820794,0.7958150659940968,1.0
Zbtb38,0.25876695,0.72991496,0.7958150659940968,1.0
Nup98,0.25876695,0.8758664,0.7958150659940968,1.0
Trmt1l,0.25876695,1.0337197,0.7958150659940968,1.0
Tox4,0.25426665,0.52134615,0.7992895649940036,1.0
Ddit4,0.25426665,0.34203643,0.7992895649940036,1.0
Atp5j,0.25426665,0.38874292,0.7992895649940036,1.0
B3gnt3,0.25426665,0.48284253,0.7992895649940036,1.0
Abhd11,0.25426665,0.71208787,0.7992895649940036,1.0
Ak2,0.25426665,0.55289036,0.7992895649940036,1.0
Preb,0.25426665,0.61186516,0.7992895649940036,1.0
Tmem192,0.25426665,0.7137304,0.7992895649940036,1.0
Paxx,0.25426665,0.8079518,0.7992895649940036,1.0
Plekha1,0.25426665,0.71543926,0.7992895649940036,1.0
Mettl7b,0.2520165,0.37517792,0.8010283103807814,1.0
Lasp1,0.2520165,0.831117,0.8010283103807814,1.0
Gtf3a,0.2520165,0.36446738,0.8010283103807814,1.0
Acot11,0.24976635,0.8276158,0.802768042044501,1.0
Exoc3,0.24976635,0.53776807,0.802768042044501,1.0
Mettl4,0.24976635,0.6804065,0.802768042044501,1.0
Tdg,0.24976635,0.7432341,0.802768042044501,1.0
Cybc1,0.24976635,0.92744863,0.802768042044501,1.0
Akt3,0.24976635,0.9710984,0.802768042044501,1.0
Atic,0.24976635,0.67494696,0.802768042044501,1.0
B3galnt2,0.24976635,0.6668398,0.802768042044501,1.0
Rnmt,0.24976635,0.74746937,0.802768042044501,1.0
Mical1,0.24976635,0.589899,0.802768042044501,1.0
Oxa1l,0.2475162,0.32512993,0.804508751731098,1.0
Hspa4,0.2475162,0.32561132,0.804508751731098,1.0
Rbm47,0.2475162,0.41715798,0.804508751731098,1.0
Smarce1,0.24526607,0.52887464,0.8062504311719606,1.0
Zfp217,0.24526607,0.45668584,0.8062504311719606,1.0
Uap1,0.24526607,0.6110569,0.8062504311719606,1.0
Prr13,0.24526607,0.25681844,0.8062504311719606,1.0
Cct7,0.24526607,0.6005222,0.8062504311719606,1.0
Ets2,0.24526607,0.51668847,0.8062504311719606,1.0
Aqp8,0.24526607,0.42406943,0.8062504311719606,1.0
Zdhhc18,0.24526607,0.038075548,0.8062504311719606,1.0
Sec62,0.24526607,0.4861505,0.8062504311719606,1.0
Calm2,0.24526607,0.53458345,0.8062504311719606,1.0
Bbip1,0.24526607,0.6030981,0.8062504311719606,1.0
Prpf6,0.24076577,0.4454644,0.8097366661700088,1.0
Mmp15,0.24076577,0.6661032,0.8097366661700088,1.0
Anapc11,0.24076577,0.5216895,0.8097366661700088,1.0
Idh1,0.24076577,0.67337215,0.8097366661700088,1.0
Arhgef3,0.24076577,0.18981709,0.8097366661700088,1.0
Man1a,0.24076577,0.28138763,0.8097366661700088,1.0
Cd63,0.24076577,0.470187,0.8097366661700088,1.0
Mindy2,0.24076577,0.5509175,0.8097366661700088,1.0
Lsm3,0.24076577,0.5495663,0.8097366661700088,1.0
Fundc2,0.24076577,0.46153614,0.8097366661700088,1.0
Rad23b,0.24076577,0.17888534,0.8097366661700088,1.0
Apeh,0.24076577,0.43077913,0.8097366661700088,1.0
Cxxc1,0.24076577,0.48442537,0.8097366661700088,1.0
Vezf1,0.24076577,0.63647676,0.8097366661700088,1.0
Afg3l2,0.23626547,0.6164951,0.8132266806032931,1.0
Srf,0.23626547,0.5184352,0.8132266806032931,1.0
Sra1,0.23626547,0.3796529,0.8132266806032931,1.0
Kat6a,0.23626547,0.5041526,0.8132266806032931,1.0
Nckap1l,0.23626547,0.4919458,0.8132266806032931,1.0
Akirin1,0.23626547,0.53854257,0.8132266806032931,1.0
Crot,0.23626547,0.45521596,0.8132266806032931,1.0
Spin1,0.23626547,0.26009625,0.8132266806032931,1.0
Copb2,0.23626547,0.46009943,0.8132266806032931,1.0
Usp25,0.23626547,0.31120986,0.8132266806032931,1.0
Brms1,0.23626547,0.5232435,0.8132266806032931,1.0
Psmb9,0.23401532,0.23026538,0.8149730842854214,1.0
Fnbp1,0.23401532,0.10968776,0.8149730842854214,1.0
Myo1g,0.23176518,0.4266656,0.8167204078112699,1.0
Arcn1,0.23176518,0.14435042,0.8167204078112699,1.0
Tmem189,0.23176518,0.2021639,0.8167204078112699,1.0
Lpxn,0.23176518,0.18821688,0.8167204078112699,1.0
Itpr2,0.23176518,0.45684338,0.8167204078112699,1.0
Mta1,0.23176518,0.6205886,0.8167204078112699,1.0
Anxa4,0.23176518,0.4846142,0.8167204078112699,1.0
Serpinb6a,0.23176518,0.4587946,0.8167204078112699,1.0
Rab5if,0.23176518,0.38990697,0.8167204078112699,1.0
Bin1,0.23176518,0.51122534,0.8167204078112699,1.0
Glg1,0.23176518,0.28982267,0.8167204078112699,1.0
Cd160,0.22951503,0.00011425631,0.8184686428137098,1.0
Tmem234,0.22726488,0.2722879,0.8202177809120151,1.0
mt-Co2,0.22726488,0.07692954,0.8202177809120151,1.0
Arpc5l,0.22726488,0.29404822,0.8202177809120151,1.0
Sar1b,0.22726488,0.5838781,0.8202177809120151,1.0
Prpf4b,0.22726488,0.08224213,0.8202177809120151,1.0
Nfkb2,0.22726488,0.4474325,0.8202177809120151,1.0
Cers2,0.22726488,0.4523596,0.8202177809120151,1.0
Ccnk,0.22726488,0.5128903,0.8202177809120151,1.0
Slc39a4,0.22726488,0.5307049,0.8202177809120151,1.0
S100a6,0.22726488,0.36182466,0.8202177809120151,1.0
Nfkbia,0.22726488,0.3986673,0.8202177809120151,1.0
Dnajc8,0.22726488,0.59687054,0.8202177809120151,1.0
Uqcrfs1,0.22501473,0.06740629,0.8219678137119835,1.0
Trip12,0.22501473,0.26507294,0.8219678137119835,1.0
Rad9a,0.22276458,2.20497,0.8237187328060565,1.0
Mindy1,0.22276458,1.6947243,0.8237187328060565,1.0
Morc2a,0.22276458,1.8106637,0.8237187328060565,1.0
Aktip,0.22276458,1.5043756,0.8237187328060565,1.0
Ap3m1,0.22276458,2.2692177,0.8237187328060565,1.0
Ap1g2,0.22276458,1.7224237,0.8237187328060565,1.0
Nr1h2,0.22276458,1.5431876,0.8237187328060565,1.0
Jdp2,0.22276458,2.114539,0.8237187328060565,1.0
Pla2g15,0.22276458,1.8283162,0.8237187328060565,1.0
Utp4,0.22276458,1.5951859,0.8237187328060565,1.0
Pcnp,0.22276458,1.5472393,0.8237187328060565,1.0
Nkiras1,0.22276458,2.3070111,0.8237187328060565,1.0
Fpgs,0.22276458,1.8107333,0.8237187328060565,1.0
Tamm41,0.22276458,2.2529812,0.8237187328060565,1.0
Rflnb,0.22276458,1.6245954,0.8237187328060565,1.0
Mzt2,0.22276458,1.7650625,0.8237187328060565,1.0
Uqcc1,0.22276458,1.7147493,0.8237187328060565,1.0
Ten1,0.22276458,1.9577674,0.8237187328060565,1.0
Guf1,0.22276458,1.7411214,0.8237187328060565,1.0
Cenpn,0.22276458,2.4093773,0.8237187328060565,1.0
Srrd,0.22276458,1.6240331,0.8237187328060565,1.0
Tpm4,0.22276458,0.40855512,0.8237187328060565,1.0
Mfsd8,0.22276458,1.6282895,0.8237187328060565,1.0
Wdr6,0.22276458,1.8899776,0.8237187328060565,1.0
Galt,0.22276458,1.9597142,0.8237187328060565,1.0
Ube2l6,0.22276458,1.7517555,0.8237187328060565,1.0
Pex11g,0.22276458,1.8271911,0.8237187328060565,1.0
Plbd1,0.22276458,1.7621901,0.8237187328060565,1.0
Zcchc24,0.22276458,1.5358462,0.8237187328060565,1.0
Nmnat3,0.22276458,1.5359712,0.8237187328060565,1.0
Parp3,0.22276458,1.7756283,0.8237187328060565,1.0
Polrmt,0.22276458,1.968229,0.8237187328060565,1.0
Gpatch2,0.22276458,1.7368969,0.8237187328060565,1.0
Abcg3,0.22276458,2.3643944,0.8237187328060565,1.0
Arhgap39,0.22276458,1.7124791,0.8237187328060565,1.0
Tada2a,0.22276458,2.3727512,0.8237187328060565,1.0
Fastk,0.22276458,1.6807398,0.8237187328060565,1.0
Ing4,0.22276458,0.39613363,0.8237187328060565,1.0
Ankrd13b,0.22276458,1.6889553,0.8237187328060565,1.0
Myo18a,0.22276458,1.5763068,0.8237187328060565,1.0
Timm22,0.22276458,1.6380682,0.8237187328060565,1.0
Leo1,0.22276458,1.8465257,0.8237187328060565,1.0
Mto1,0.22276458,1.5096663,0.8237187328060565,1.0
Zfp984,0.22276458,1.6700337,0.8237187328060565,1.0
Tmem86b,0.22276458,2.0516443,0.8237187328060565,1.0
Tjp1,0.22276458,1.6981825,0.8237187328060565,1.0
Siah1b,0.22276458,1.6266044,0.8237187328060565,1.0
Klhl6,0.22276458,2.5657938,0.8237187328060565,1.0
St3gal5,0.22276458,1.5202713,0.8237187328060565,1.0
Lsm5,0.22276458,1.8048481,0.8237187328060565,1.0
Fbxo6,0.22276458,1.5489546,0.8237187328060565,1.0
Sgf29,0.22276458,1.742268,0.8237187328060565,1.0
Zfp691,0.22276458,1.6048195,0.8237187328060565,1.0
Myo5b,0.22276458,1.9579223,0.8237187328060565,1.0
Leng1,0.22276458,1.7306918,0.8237187328060565,1.0
Nomo1,0.22276458,1.8314662,0.8237187328060565,1.0
Tm7sf2,0.22276458,1.7318721,0.8237187328060565,1.0
Ubr1,0.22276458,2.147309,0.8237187328060565,1.0
D11Wsu47e,0.22276458,1.9742012,0.8237187328060565,1.0
Tmem104,0.22276458,1.773848,0.8237187328060565,1.0
Znhit3,0.22276458,1.7753619,0.8237187328060565,1.0
Cdc42ep3,0.22276458,1.7379779,0.8237187328060565,1.0
Slc40a1,0.22276458,1.7043601,0.8237187328060565,1.0
Efcab14,0.22276458,1.5332296,0.8237187328060565,1.0
Map3k3,0.22276458,1.6362594,0.8237187328060565,1.0
Shq1,0.22276458,2.1622345,0.8237187328060565,1.0
Tcf3,0.22276458,1.7189333,0.8237187328060565,1.0
Klf16,0.22276458,1.7936114,0.8237187328060565,1.0
Mvd,0.22276458,2.1478612,0.8237187328060565,1.0
Ift140,0.22276458,1.6542349,0.8237187328060565,1.0
Deaf1,0.22276458,1.5891099,0.8237187328060565,1.0
Smyd4,0.22276458,2.144346,0.8237187328060565,1.0
Pnkd,0.22276458,1.6528195,0.8237187328060565,1.0
Ctso,0.22276458,1.6300473,0.8237187328060565,1.0
Ccr9,0.22276458,1.5123022,0.8237187328060565,1.0
Stam,0.22276458,1.6158966,0.8237187328060565,1.0
Metrnl,0.22276458,1.7544037,0.8237187328060565,1.0
Ice1,0.22276458,1.4913085,0.8237187328060565,1.0
Tfpi,0.22276458,1.785061,0.8237187328060565,1.0
Cdadc1,0.22276458,1.7648389,0.8237187328060565,1.0
Gata3,0.22276458,1.4758097,0.8237187328060565,1.0
Tti2,0.22276458,1.566669,0.8237187328060565,1.0
Pck1,0.22276458,1.601649,0.8237187328060565,1.0
Eif3m,0.22276458,1.699742,0.8237187328060565,1.0
Xrcc6,0.22276458,1.5879028,0.8237187328060565,1.0
Eif2b1,0.22276458,0.55786175,0.8237187328060565,1.0
Bod1l,0.22276458,1.5721939,0.8237187328060565,1.0
Nudt5,0.22276458,2.3383968,0.8237187328060565,1.0
Ell,0.22276458,2.4700572,0.8237187328060565,1.0
Sqle,0.22276458,1.8108855,0.8237187328060565,1.0
Zbtb43,0.22276458,1.5385624,0.8237187328060565,1.0
Gsn,0.22276458,1.6926548,0.8237187328060565,1.0
Tmem60,0.22276458,1.6802623,0.8237187328060565,1.0
Rnasel,0.22276458,1.9497942,0.8237187328060565,1.0
St6gal1,0.22276458,1.8568434,0.8237187328060565,1.0
Arpc1a,0.22276458,1.8048952,0.8237187328060565,1.0
Gemin6,0.22276458,1.8233202,0.8237187328060565,1.0
Tyk2,0.22276458,1.7819561,0.8237187328060565,1.0
Nagpa,0.22276458,1.6111255,0.8237187328060565,1.0
Ppfibp1,0.22276458,1.776831,0.8237187328060565,1.0
Cep170b,0.22276458,1.5521487,0.8237187328060565,1.0
Hspe1,0.22276458,1.6877074,0.8237187328060565,1.0
Dido1,0.22276458,1.5138041,0.8237187328060565,1.0
Ncapd2,0.22276458,1.6256422,0.8237187328060565,1.0
Adpgk,0.22276458,1.493857,0.8237187328060565,1.0
Mfhas1,0.22276458,2.1635277,0.8237187328060565,1.0
Adcy6,0.22276458,1.6327623,0.8237187328060565,1.0
Akr1c19,0.22276458,0.40256247,0.8237187328060565,1.0
Slc35c2,0.22276458,1.7894602,0.8237187328060565,1.0
Ndst2,0.22276458,1.8267716,0.8237187328060565,1.0
Jagn1,0.22276458,1.7221373,0.8237187328060565,1.0
Ap1s3,0.22276458,1.8790985,0.8237187328060565,1.0
Usp37,0.22276458,2.2619898,0.8237187328060565,1.0
Snapin,0.22276458,1.6025,0.8237187328060565,1.0
Fam126b,0.22276458,1.815063,0.8237187328060565,1.0
Ehd3,0.22276458,1.9417156,0.8237187328060565,1.0
Tmem106c,0.22276458,1.6232373,0.8237187328060565,1.0
Med6,0.22276458,1.818925,0.8237187328060565,1.0
Mapk9,0.22276458,1.7551838,0.8237187328060565,1.0
Ublcp1,0.22276458,1.9008422,0.8237187328060565,1.0
Zfp239,0.22276458,1.7663221,0.8237187328060565,1.0
Lrrc8b,0.22276458,1.6839517,0.8237187328060565,1.0
Bad,0.22276458,1.5196166,0.8237187328060565,1.0
Gipc2,0.22276458,1.5736743,0.8237187328060565,1.0
Prps1,0.22276458,1.7659054,0.8237187328060565,1.0
Pex7,0.22276458,2.342788,0.8237187328060565,1.0
Ltv1,0.22276458,1.7068193,0.8237187328060565,1.0
Rnaseh2c,0.22276458,1.6819719,0.8237187328060565,1.0
Usp21,0.22276458,1.6732754,0.8237187328060565,1.0
Ccdc93,0.22276458,1.6159139,0.8237187328060565,1.0
Mdfic,0.22276458,2.5739958,0.8237187328060565,1.0
Gusb,0.22276458,1.8465229,0.8237187328060565,1.0
Pigt,0.22276458,0.40365225,0.8237187328060565,1.0
Rcc1l,0.22276458,1.5765327,0.8237187328060565,1.0
Ranbp6,0.22276458,2.0195525,0.8237187328060565,1.0
Ncapd3,0.22276458,1.6573375,0.8237187328060565,1.0
Cdx2,0.22276458,1.7762668,0.8237187328060565,1.0
Cyp39a1,0.22276458,1.5685014,0.8237187328060565,1.0
Enpp4,0.22276458,1.6211022,0.8237187328060565,1.0
Kif3a,0.22276458,1.526479,0.8237187328060565,1.0
Sgpl1,0.22276458,1.475796,0.8237187328060565,1.0
Gpr180,0.22276458,1.7491897,0.8237187328060565,1.0
Agap1,0.22276458,1.6805996,0.8237187328060565,1.0
Calhm6,0.22276458,1.6408306,0.8237187328060565,1.0
Eloa,0.22276458,0.3354782,0.8237187328060565,1.0
Fahd2a,0.22276458,1.5574672,0.8237187328060565,1.0
Kat14,0.22276458,1.6590691,0.8237187328060565,1.0
Eloc,0.22276458,1.8015386,0.8237187328060565,1.0
Asap2,0.22276458,1.7621632,0.8237187328060565,1.0
Rubcn,0.22276458,2.3406239,0.8237187328060565,1.0
Stk40,0.22276458,0.40448195,0.8237187328060565,1.0
Slc36a1,0.22276458,2.3918438,0.8237187328060565,1.0
Adgrg1,0.22276458,2.4450643,0.8237187328060565,1.0
Cyp2c65,0.22276458,1.511315,0.8237187328060565,1.0
Zfp605,0.22276458,1.5232451,0.8237187328060565,1.0
Nanp,0.22276458,1.743986,0.8237187328060565,1.0
Mark4,0.22276458,1.8448365,0.8237187328060565,1.0
Cox18,0.2182643,1.6069496,0.8272231961802271,1.0
Ciao1,0.2182643,1.4246682,0.8272231961802271,1.0
Fam110a,0.2182643,1.4894612,0.8272231961802271,1.0
Ppm1a,0.2182643,0.27093643,0.8272231961802271,1.0
Slc49a4,0.2182643,1.5313404,0.8272231961802271,1.0
Arhgef28,0.2182643,1.4154735,0.8272231961802271,1.0
Mms19,0.2182643,1.3652,0.8272231961802271,1.0
Tmem87b,0.2182643,1.851667,0.8272231961802271,1.0
Fntb,0.2182643,1.8489802,0.8272231961802271,1.0
Mafk,0.2182643,1.3898356,0.8272231961802271,1.0
Vcpip1,0.2182643,1.4055048,0.8272231961802271,1.0
St5,0.2182643,1.4561632,0.8272231961802271,1.0
Fam98a,0.2182643,1.4669329,0.8272231961802271,1.0
Rab12,0.2182643,1.6332874,0.8272231961802271,1.0
Ehbp1l1,0.2182643,1.1641628,0.8272231961802271,1.0
Arl14ep,0.2182643,1.2310051,0.8272231961802271,1.0
Rab3d,0.2182643,1.5392971,0.8272231961802271,1.0
Qtrt1,0.2182643,1.5768381,0.8272231961802271,1.0
Tmem248,0.2182643,1.3670632,0.8272231961802271,1.0
Slc27a6,0.2182643,1.3265797,0.8272231961802271,1.0
Lmbr1l,0.2182643,1.4114375,0.8272231961802271,1.0
Acvr1b,0.2182643,1.5348575,0.8272231961802271,1.0
Cfap97,0.2182643,1.5913551,0.8272231961802271,1.0
Oma1,0.2182643,1.284352,0.8272231961802271,1.0
Insig2,0.2182643,1.5068036,0.8272231961802271,1.0
Timm17b,0.2182643,1.3885131,0.8272231961802271,1.0
Tinf2,0.2182643,1.5001768,0.8272231961802271,1.0
Krit1,0.2182643,1.5167917,0.8272231961802271,1.0
Uvrag,0.2182643,1.431296,0.8272231961802271,1.0
Papolg,0.2182643,1.4295086,0.8272231961802271,1.0
Orc2,0.2182643,1.4226031,0.8272231961802271,1.0
Dhx34,0.2182643,1.2605467,0.8272231961802271,1.0
Tma16,0.2182643,1.5877048,0.8272231961802271,1.0
Ccdc91,0.2182643,1.3917016,0.8272231961802271,1.0
Ccdc32,0.2182643,1.3046074,0.8272231961802271,1.0
Ppp1r14d,0.2182643,1.3982258,0.8272231961802271,1.0
Bfar,0.2182643,1.2612436,0.8272231961802271,1.0
Fopnl,0.2182643,1.4902841,0.8272231961802271,1.0
Arfrp1,0.2182643,1.5967963,0.8272231961802271,1.0
Zgpat,0.2182643,1.5453671,0.8272231961802271,1.0
Pus7l,0.2182643,1.3745412,0.8272231961802271,1.0
Nkapd1,0.2182643,1.2565883,0.8272231961802271,1.0
Acat2,0.2182643,1.39493,0.8272231961802271,1.0
Ttc39b,0.2182643,1.2770386,0.8272231961802271,1.0
Hmg20b,0.2182643,1.4949046,0.8272231961802271,1.0
Rpap2,0.2182643,1.3667953,0.8272231961802271,1.0
Atp5k,0.2182643,0.29277137,0.8272231961802271,1.0
Inip,0.2182643,1.4495473,0.8272231961802271,1.0
Npepl1,0.2182643,0.3273531,0.8272231961802271,1.0
Fgfbp1,0.2182643,1.3093592,0.8272231961802271,1.0
Grb2,0.2182643,0.5649618,0.8272231961802271,1.0
Banf1,0.2182643,1.3607754,0.8272231961802271,1.0
Polr2i,0.2182643,1.4953235,0.8272231961802271,1.0
Rab4a,0.2182643,1.4203724,0.8272231961802271,1.0
Btrc,0.2182643,1.5880958,0.8272231961802271,1.0
Lactb,0.2182643,1.4779655,0.8272231961802271,1.0
Prpf31,0.2182643,1.1265649,0.8272231961802271,1.0
Zfp830,0.2182643,1.4791163,0.8272231961802271,1.0
Mylip,0.2182643,1.3696713,0.8272231961802271,1.0
Tmem179b,0.2182643,1.6111419,0.8272231961802271,1.0
Nf1,0.2182643,1.438774,0.8272231961802271,1.0
Trpm1,0.2182643,1.4141614,0.8272231961802271,1.0
Slc13a2,0.2182643,1.5827712,0.8272231961802271,1.0
Casz1,0.2182643,1.402466,0.8272231961802271,1.0
Txnrd2,0.2182643,1.7379798,0.8272231961802271,1.0
Mif4gd,0.2182643,1.2236025,0.8272231961802271,1.0
Gcsh,0.2182643,1.3611238,0.8272231961802271,1.0
Selenon,0.2182643,1.2043462,0.8272231961802271,1.0
Zfp346,0.2182643,1.3982863,0.8272231961802271,1.0
Mob3b,0.2182643,1.5085632,0.8272231961802271,1.0
Rasa2,0.2182643,1.4197284,0.8272231961802271,1.0
Tctn1,0.2182643,1.2939832,0.8272231961802271,1.0
Pelo,0.2182643,1.396031,0.8272231961802271,1.0
Cnnm2,0.2182643,1.4955053,0.8272231961802271,1.0
Zdhhc12,0.2182643,1.385909,0.8272231961802271,1.0
Tmem168,0.2182643,1.4021996,0.8272231961802271,1.0
Mphosph10,0.2182643,1.5641313,0.8272231961802271,1.0
Asxl1,0.2182643,1.4728274,0.8272231961802271,1.0
Cipc,0.2182643,1.3441554,0.8272231961802271,1.0
Gatm,0.2182643,1.3919024,0.8272231961802271,1.0
Chst10,0.2182643,1.3652384,0.8272231961802271,1.0
Mical2,0.2182643,1.7313234,0.8272231961802271,1.0
Fam160b1,0.2182643,1.5137068,0.8272231961802271,1.0
Yipf6,0.2182643,1.4265114,0.8272231961802271,1.0
Bap1,0.2182643,1.2071298,0.8272231961802271,1.0
Asap1,0.2182643,1.2929851,0.8272231961802271,1.0
Idnk,0.2182643,0.399085,0.8272231961802271,1.0
Rasgrp2,0.2182643,1.2748245,0.8272231961802271,1.0
Elp5,0.2182643,1.3951125,0.8272231961802271,1.0
Ggh,0.2182643,1.4904873,0.8272231961802271,1.0
Noxo1,0.2182643,1.4186627,0.8272231961802271,1.0
Oxr1,0.2182643,1.4450284,0.8272231961802271,1.0
Mindy3,0.2182643,1.3998203,0.8272231961802271,1.0
Calcrl,0.2182643,1.3578861,0.8272231961802271,1.0
Yrdc,0.2182643,1.6337491,0.8272231961802271,1.0
Htra2,0.2182643,1.4846576,0.8272231961802271,1.0
Hdhd2,0.2182643,1.5397298,0.8272231961802271,1.0
Dimt1,0.2182643,1.5113657,0.8272231961802271,1.0
H2-M3,0.2182643,1.5190238,0.8272231961802271,1.0
Selenoi,0.2182643,1.6376729,0.8272231961802271,1.0
Gstt1,0.2182643,1.4746428,0.8272231961802271,1.0
Snx7,0.2182643,1.3723269,0.8272231961802271,1.0
Hk1,0.2182643,0.15870935,0.8272231961802271,1.0
Ube2j2,0.2182643,1.3546232,0.8272231961802271,1.0
Pfas,0.2182643,1.5131916,0.8272231961802271,1.0
Fbxl19,0.2182643,1.5260164,0.8272231961802271,1.0
Mief2,0.2182643,1.7069285,0.8272231961802271,1.0
Gfm2,0.2182643,1.4955128,0.8272231961802271,1.0
Rbfa,0.2182643,1.3771807,0.8272231961802271,1.0
Polh,0.2182643,1.2224653,0.8272231961802271,1.0
Hddc3,0.2182643,1.3394892,0.8272231961802271,1.0
Ostm1,0.2182643,1.2715204,0.8272231961802271,1.0
Ptprk,0.2182643,1.6283572,0.8272231961802271,1.0
Ppp1r21,0.2182643,1.4781722,0.8272231961802271,1.0
BC024978,0.2182643,1.3838143,0.8272231961802271,1.0
Slc7a6,0.2182643,1.4521596,0.8272231961802271,1.0
Itgb5,0.2182643,1.2865504,0.8272231961802271,1.0
Ciao2b,0.2182643,1.456334,0.8272231961802271,1.0
Selenot,0.21601415,0.7467099,0.8289767235795178,1.0
Dynll2,0.21601415,0.17894892,0.8289767235795178,1.0
Ufd1,0.21601415,0.7063616,0.8289767235795178,1.0
Atxn7l3,0.21601415,0.6960135,0.8289767235795178,1.0
Cers5,0.21601415,0.7486465,0.8289767235795178,1.0
Gpr65,0.21601415,0.8213718,0.8289767235795178,1.0
Ecsit,0.21601415,0.95036954,0.8289767235795178,1.0
Zbtb8os,0.213764,1.4016981,0.830731103511542,1.0
Nectin3,0.213764,0.85283256,0.830731103511542,1.0
Zfp277,0.213764,1.401534,0.830731103511542,1.0
Sh2d1a,0.213764,0.8627376,0.830731103511542,1.0
Syne1,0.213764,1.4050169,0.830731103511542,1.0
Bckdk,0.213764,0.32363003,0.830731103511542,1.0
Itgav,0.213764,1.1284095,0.830731103511542,1.0
Mavs,0.213764,1.4025975,0.830731103511542,1.0
Kctd11,0.213764,1.145355,0.830731103511542,1.0
Hace1,0.213764,1.0495518,0.830731103511542,1.0
Arhgap1,0.213764,0.4881981,0.830731103511542,1.0
Pla2g12a,0.213764,1.2866277,0.830731103511542,1.0
Trbv3,0.213764,0.9533879,0.830731103511542,1.0
Mtfp1,0.213764,1.1207652,0.830731103511542,1.0
Rfc3,0.213764,1.2155128,0.830731103511542,1.0
Icmt,0.213764,1.1033219,0.830731103511542,1.0
Bop1,0.213764,1.3035456,0.830731103511542,1.0
Slc10a5,0.213764,1.2126244,0.830731103511542,1.0
Kdm1b,0.213764,1.2850811,0.830731103511542,1.0
Vav3,0.213764,1.2600797,0.830731103511542,1.0
Shld3,0.213764,1.362321,0.830731103511542,1.0
Man2c1,0.213764,1.1486112,0.830731103511542,1.0
Tbc1d1,0.213764,1.3291792,0.830731103511542,1.0
Creb3l4,0.213764,1.0847402,0.830731103511542,1.0
Slc31a1,0.213764,0.53001344,0.830731103511542,1.0
Tmem29,0.213764,1.2934083,0.830731103511542,1.0
Dbf4,0.213764,1.1736486,0.830731103511542,1.0
Dpm2,0.213764,1.2459229,0.830731103511542,1.0
Sdad1,0.213764,1.2267615,0.830731103511542,1.0
Mus81,0.213764,1.069335,0.830731103511542,1.0
Rad17,0.213764,1.3549622,0.830731103511542,1.0
Itga3,0.213764,1.1255096,0.830731103511542,1.0
Dgke,0.213764,1.0845318,0.830731103511542,1.0
Zfyve27,0.213764,0.92976356,0.830731103511542,1.0
Pmm1,0.213764,1.1470526,0.830731103511542,1.0
Cebpz,0.213764,1.1718613,0.830731103511542,1.0
Usp28,0.213764,1.2141685,0.830731103511542,1.0
Poll,0.213764,1.3678501,0.830731103511542,1.0
Idi1,0.213764,1.3518168,0.830731103511542,1.0
Pepd,0.213764,1.3298788,0.830731103511542,1.0
Lrig2,0.213764,1.2557148,0.830731103511542,1.0
Pbdc1,0.213764,1.1964285,0.830731103511542,1.0
Dgat2,0.213764,0.8959077,0.830731103511542,1.0
Arhgap32,0.213764,1.1392682,0.830731103511542,1.0
Fam118b,0.213764,1.3664597,0.830731103511542,1.0
Lsm6,0.213764,1.1271162,0.830731103511542,1.0
Sec22b,0.213764,0.9318526,0.830731103511542,1.0
Cd101,0.213764,1.4038326,0.830731103511542,1.0
Stxbp1,0.213764,1.1010311,0.830731103511542,1.0
Zfp799,0.213764,1.2717676,0.830731103511542,1.0
Zbtb44,0.213764,1.3453074,0.830731103511542,1.0
Tti1,0.213764,1.2705146,0.830731103511542,1.0
Reg3g,0.213764,0.9360291,0.830731103511542,1.0
Stk11ip,0.213764,1.2138274,0.830731103511542,1.0
Rfxank,0.213764,1.3901224,0.830731103511542,1.0
Pi4ka,0.213764,1.3224741,0.830731103511542,1.0
Mon2,0.213764,0.9285938,0.830731103511542,1.0
D16Ertd472e,0.213764,0.3572121,0.830731103511542,1.0
Slc38a10,0.213764,1.2473983,0.830731103511542,1.0
Rtkn,0.213764,1.0368012,0.830731103511542,1.0
Tmem260,0.213764,1.4265198,0.830731103511542,1.0
Retreg2,0.213764,0.43916446,0.830731103511542,1.0
Klhl7,0.213764,1.0413976,0.830731103511542,1.0
Phlpp2,0.213764,1.0288125,0.830731103511542,1.0
Usp47,0.213764,1.0787779,0.830731103511542,1.0
Znhit6,0.213764,1.198483,0.830731103511542,1.0
Lst1,0.213764,1.0103712,0.830731103511542,1.0
Nme1,0.21151385,0.9315465,0.8324863275037816,1.0
Aasdhppt,0.21151385,0.6830312,0.8324863275037816,1.0
Cenpb,0.21151385,0.7360495,0.8324863275037816,1.0
Zfp362,0.2092637,0.29922122,0.8342423870710931,1.0
Rab37,0.2092637,0.34717208,0.8342423870710931,1.0
Washc1,0.2092637,0.17185283,0.8342423870710931,1.0
Ccny,0.2092637,0.1712002,0.8342423870710931,1.0
Ube2m,0.2092637,0.35758185,0.8342423870710931,1.0
Etnk1,0.2092637,0.14747566,0.8342423870710931,1.0
Ikbkb,0.2092637,0.20906325,0.8342423870710931,1.0
Hspd1,0.20701355,0.8243787,0.8359992737158299,1.0
Srp68,0.20701355,0.7541295,0.8359992737158299,1.0
Zdhhc4,0.20701355,0.9544276,0.8359992737158299,1.0
Krcc1,0.20701355,0.81181246,0.8359992737158299,1.0
Nr2c2,0.20701355,0.96004575,0.8359992737158299,1.0
Fkbp8,0.20701355,0.09935885,0.8359992737158299,1.0
Abcd3,0.20476341,0.4538567,0.8377569789279666,1.0
Dennd4b,0.20476341,0.4808083,0.8377569789279666,1.0
Pdcd4,0.20476341,0.091212295,0.8377569789279666,1.0
Mid1ip1,0.20476341,0.47826093,0.8377569789279666,1.0
Dnajc10,0.20476341,0.304196,0.8377569789279666,1.0
Stard10,0.20476341,0.18995959,0.8377569789279666,1.0
Bccip,0.20476341,0.38517857,0.8377569789279666,1.0
Pgm2,0.20251326,0.66011244,0.8395154941852212,1.0
Vapb,0.20251326,0.7034509,0.8395154941852212,1.0
Sfxn3,0.20251326,0.780163,0.8395154941852212,1.0
Cyb561,0.20251326,0.7026841,0.8395154941852212,1.0
Cdc37,0.20026311,0.26309574,0.8412748109531798,1.0
Ddx39b,0.20026311,0.50164735,0.8412748109531798,1.0
Med25,0.20026311,0.13190997,0.8412748109531798,1.0
Ddx6,0.20026311,0.29912144,0.8412748109531798,1.0
Zfr,0.19801296,0.8213216,0.8430349206854205,1.0
Arhgap4,0.19801296,0.74044734,0.8430349206854205,1.0
Calcoco1,0.19801296,0.6954953,0.8430349206854205,1.0
Uxs1,0.19801296,0.5426846,0.8430349206854205,1.0
mt-Atp6,0.19801296,0.054890018,0.8430349206854205,1.0
Cdk16,0.19801296,0.53286064,0.8430349206854205,1.0
Coq5,0.19801296,0.65631366,0.8430349206854205,1.0
Snx19,0.19801296,0.5173328,0.8430349206854205,1.0
Cnih4,0.19801296,0.4106663,0.8430349206854205,1.0
Pura,0.19801296,0.65657985,0.8430349206854205,1.0
Msi2,0.19801296,0.71753585,0.8430349206854205,1.0
Map2k7,0.19576281,0.4853249,0.8447958148236376,1.0
Ppt1,0.19351266,0.548749,0.8465574847977665,1.0
Mcm4,0.19351266,0.49801993,0.8465574847977665,1.0
Oxct1,0.19351266,0.4686718,0.8465574847977665,1.0
Psmd14,0.19351266,0.6366651,0.8465574847977665,1.0
Zfand2b,0.19351266,0.48492146,0.8465574847977665,1.0
Lgals8,0.19351266,0.5275097,0.8465574847977665,1.0
Nipsnap2,0.19351266,0.55542946,0.8465574847977665,1.0
Gpr55,0.19351266,0.1941268,0.8465574847977665,1.0
Gnptab,0.19351266,0.8396806,0.8465574847977665,1.0
Snrnp27,0.19351266,0.49305633,0.8465574847977665,1.0
Cirbp,0.19126253,0.43009982,0.8483199220261086,1.0
Rbm14,0.19126253,0.4865743,0.8483199220261086,1.0
Actn1,0.19126253,0.19605838,0.8483199220261086,1.0
Cux1,0.19126253,0.2769266,0.8483199220261086,1.0
Bzw2,0.18901238,0.47682628,0.8500831179154565,1.0
Rmdn3,0.18901238,0.49772617,0.8500831179154565,1.0
Cdc37l1,0.18901238,0.49083886,0.8500831179154565,1.0
Hip1r,0.18901238,0.6384027,0.8500831179154565,1.0
Nol6,0.18901238,0.5357468,0.8500831179154565,1.0
Rrm1,0.18901238,0.5177401,0.8500831179154565,1.0
Txnrd1,0.18901238,0.31205124,0.8500831179154565,1.0
Parg,0.18901238,0.79554546,0.8500831179154565,1.0
Abhd16a,0.18901238,0.59809273,0.8500831179154565,1.0
Rnf166,0.18676223,0.19501291,0.8518470638612199,1.0
Copb1,0.18676223,0.23297149,0.8518470638612199,1.0
Snrnp200,0.18676223,0.42464697,0.8518470638612199,1.0
Jak2,0.18676223,0.35499722,0.8518470638612199,1.0
Elp3,0.18451208,0.40541363,0.8536117512475512,1.0
Tspyl2,0.18451208,0.43015042,0.8536117512475512,1.0
Adam17,0.18451208,0.4897053,0.8536117512475512,1.0
Tmigd1,0.18451208,0.271727,0.8536117512475512,1.0
Glod4,0.18451208,0.44335613,0.8536117512475512,1.0
Ano10,0.18451208,0.48120758,0.8536117512475512,1.0
Rel,0.18451208,0.39716223,0.8536117512475512,1.0
Ints3,0.18451208,0.4013873,0.8536117512475512,1.0
Fbl,0.18451208,0.49395514,0.8536117512475512,1.0
Relb,0.18451208,0.49295506,0.8536117512475512,1.0
St13,0.18451208,0.5185462,0.8536117512475512,1.0
Pum1,0.18451208,0.49531606,0.8536117512475512,1.0
Pdlim1,0.18226193,0.45607424,0.8553771714474713,1.0
Cers6,0.18226193,0.16370139,0.8553771714474713,1.0
Fryl,0.18226193,0.1334701,0.8553771714474713,1.0
Rab1b,0.18226193,0.21083635,0.8553771714474713,1.0
Mybbp1a,0.18001178,0.36165014,0.8571433158229969,1.0
Max,0.18001178,0.3877186,0.8571433158229969,1.0
Itga1,0.18001178,0.37866223,0.8571433158229969,1.0
Ptov1,0.18001178,0.41794348,0.8571433158229969,1.0
Herpud2,0.18001178,0.44034848,0.8571433158229969,1.0
Ndufab1,0.18001178,0.5839188,0.8571433158229969,1.0
Nmi,0.18001178,0.5476616,0.8571433158229969,1.0
Sf3b5,0.18001178,0.5850976,0.8571433158229969,1.0
Zdhhc8,0.18001178,0.59554,0.8571433158229969,1.0
Rabggtb,0.18001178,0.5973946,0.8571433158229969,1.0
Psmd12,0.18001178,0.4320387,0.8571433158229969,1.0
Hnrnpr,0.18001178,0.41315767,0.8571433158229969,1.0
Selenom,0.17776164,0.32634914,0.8589101757252664,1.0
Eif4a2,0.17776164,0.03261469,0.8589101757252664,1.0
Lsm14b,0.17776164,0.13951766,0.8589101757252664,1.0
Ugt2b34,0.17776164,0.4332301,0.8589101757252664,1.0
Hsd3b3,0.17776164,0.48693871,0.8589101757252664,1.0
Snrk,0.17776164,0.35096166,0.8589101757252664,1.0
Fbxo38,0.1755115,0.45933184,0.8606777424946672,1.0
Snx9,0.1755115,0.47899526,0.8606777424946672,1.0
Dynlt3,0.1755115,0.29703483,0.8606777424946672,1.0
Cdk19,0.1755115,0.5155279,0.8606777424946672,1.0
Cabin1,0.1755115,0.33884197,0.8606777424946672,1.0
Dock8,0.1755115,0.43325293,0.8606777424946672,1.0
Pphln1,0.1755115,0.42852053,0.8606777424946672,1.0
Srpr,0.1755115,0.277471,0.8606777424946672,1.0
Rnf43,0.17326134,24.132185,0.8624460074609628,1.0
Rom1,0.17326134,24.007797,0.8624460074609628,1.0
Arhgef9,0.17326134,23.338572,0.8624460074609628,1.0
Dennd1a,0.17326134,24.007797,0.8624460074609628,1.0
Rabgap1,0.17326134,24.07171,0.8624460074609628,1.0
Zbtb6,0.17326134,23.984646,0.8624460074609628,1.0
Oxnad1,0.17326134,24.061913,0.8624460074609628,1.0
Ankrd28,0.17326134,23.63122,0.8624460074609628,1.0
Polr1b,0.17326134,23.93663,0.8624460074609628,1.0
Paqr8,0.17326134,24.174221,0.8624460074609628,1.0
Pbrm1,0.17326134,24.160048,0.8624460074609628,1.0
Dusp18,0.17326134,23.93663,0.8624460074609628,1.0
Armcx2,0.17326134,24.18496,0.8624460074609628,1.0
Usp43,0.17326134,24.18137,0.8624460074609628,1.0
Cd93,0.17326134,24.174221,0.8624460074609628,1.0
Tlr2,0.17326134,24.13391,0.8624460074609628,1.0
Bche,0.17326134,24.58204,0.8624460074609628,1.0
Snx5,0.17326134,24.021896,0.8624460074609628,1.0
Ppm1l,0.17326134,23.924904,0.8624460074609628,1.0
Trbv16,0.17326134,24.07171,0.8624460074609628,1.0
Wfikkn2,0.17326134,24.0999,0.8624460074609628,1.0
Wdr34,0.17326134,23.63122,0.8624460074609628,1.0
Trpv6,0.17326134,23.83478,0.8624460074609628,1.0
N4bp3,0.17326134,23.3979,0.8624460074609628,1.0
Car7,0.17326134,23.984646,0.8624460074609628,1.0
Mmp11,0.17326134,23.754366,0.8624460074609628,1.0
Mcm8,0.17326134,24.123606,0.8624460074609628,1.0
Csgalnact2,0.17326134,23.736591,0.8624460074609628,1.0
Slc22a21,0.17326134,24.167114,0.8624460074609628,1.0
Dnajb5,0.17326134,23.83478,0.8624460074609628,1.0
Lrrcc1,0.17326134,23.338572,0.8624460074609628,1.0
Zfand1,0.17326134,23.644087,0.8624460074609628,1.0
Dkkl1,0.17326134,23.797249,0.8624460074609628,1.0
Trim37,0.17326134,24.18137,0.8624460074609628,1.0
Apol7e,0.17326134,23.660646,0.8624460074609628,1.0
Rbfox2,0.17326134,24.13391,0.8624460074609628,1.0
Slc25a36,0.17326134,24.149525,0.8624460074609628,1.0
Agmo,0.17326134,23.90034,0.8624460074609628,1.0
Saxo2,0.17326134,23.83614,0.8624460074609628,1.0
Sytl2,0.17326134,23.984646,0.8624460074609628,1.0
H2-T23,0.17326134,23.8132,0.8624460074609628,1.0
Rhod,0.17326134,24.132185,0.8624460074609628,1.0
Ccdc61,0.17326134,23.754366,0.8624460074609628,1.0
Tmem170b,0.17326134,24.025051,0.8624460074609628,1.0
Fosb,0.17326134,23.83614,0.8624460074609628,1.0
Fbxl18,0.17326134,24.079935,0.8624460074609628,1.0
Iqce,0.17326134,24.158287,0.8624460074609628,1.0
Irs2,0.17326134,24.031384,0.8624460074609628,1.0
Ano1,0.17326134,24.0999,0.8624460074609628,1.0
Igsf23,0.17326134,23.984646,0.8624460074609628,1.0
Cd28,0.17326134,24.18496,0.8624460074609628,1.0
Casp2,0.17326134,23.338572,0.8624460074609628,1.0
Mtmr4,0.17326134,24.110004,0.8624460074609628,1.0
Sp5,0.17326134,23.736591,0.8624460074609628,1.0
Cbwd1,0.17326134,23.961912,0.8624460074609628,1.0
Cenpf,0.17326134,23.736591,0.8624460074609628,1.0
Esrrg,0.17326134,24.158287,0.8624460074609628,1.0
Rbp2,0.17326134,23.338572,0.8624460074609628,1.0
Enox2,0.17326134,24.167114,0.8624460074609628,1.0
Sgk3,0.17326134,24.079935,0.8624460074609628,1.0
Rhobtb1,0.17326134,24.098223,0.8624460074609628,1.0
Fer,0.17326134,23.957413,0.8624460074609628,1.0
Abcb9,0.17326134,23.961912,0.8624460074609628,1.0
Hus1b,0.17326134,23.660646,0.8624460074609628,1.0
Per2,0.17326134,24.174221,0.8624460074609628,1.0
Cd59a,0.17326134,24.111696,0.8624460074609628,1.0
Rb1cc1,0.17326134,24.111696,0.8624460074609628,1.0
Trim38,0.17326134,24.09655,0.8624460074609628,1.0
Il15,0.17326134,24.045752,0.8624460074609628,1.0
Hoxb3,0.17326134,24.174221,0.8624460074609628,1.0
Prr36,0.17326134,23.913286,0.8624460074609628,1.0
Plcl1,0.17326134,24.167114,0.8624460074609628,1.0
Isoc1,0.17326134,24.13391,0.8624460074609628,1.0
Ro60,0.17326134,23.924904,0.8624460074609628,1.0
Tmeff1,0.17326134,24.025051,0.8624460074609628,1.0
Hnf1a,0.17326134,23.660646,0.8624460074609628,1.0
Gnb5,0.17326134,23.957413,0.8624460074609628,1.0
Susd4,0.17326134,23.83614,0.8624460074609628,1.0
Tnfsf13b,0.17326134,23.754366,0.8624460074609628,1.0
Kazn,0.17326134,23.3979,0.8624460074609628,1.0
Ppargc1a,0.17326134,24.01875,0.8624460074609628,1.0
Coq8a,0.17326134,23.736591,0.8624460074609628,1.0
Serpinb5,0.17326134,24.021896,0.8624460074609628,1.0
Zbtb8a,0.17326134,24.098223,0.8624460074609628,1.0
Mblac2,0.17326134,23.984646,0.8624460074609628,1.0
Erich1,0.17326134,23.93663,0.8624460074609628,1.0
Slx1b,0.17326134,24.093208,0.8624460074609628,1.0
Zfp688,0.17326134,24.111696,0.8624460074609628,1.0
Sdhaf3,0.17326134,24.186758,0.8624460074609628,1.0
Rnf126,0.17326134,23.63122,0.8624460074609628,1.0
Rilpl1,0.17326134,23.3979,0.8624460074609628,1.0
Syde1,0.17326134,23.924904,0.8624460074609628,1.0
Rhobtb2,0.17326134,23.984646,0.8624460074609628,1.0
Cercam,0.17326134,24.121899,0.8624460074609628,1.0
Pwwp3a,0.17326134,24.160048,0.8624460074609628,1.0
Trip13,0.17326134,24.079935,0.8624460074609628,1.0
Cbarp,0.17326134,23.957413,0.8624460074609628,1.0
Trmt13,0.17326134,23.338572,0.8624460074609628,1.0
Mme,0.17326134,23.83614,0.8624460074609628,1.0
Tenm4,0.17326134,23.984646,0.8624460074609628,1.0
Hcn2,0.17326134,24.061913,0.8624460074609628,1.0
Slc25a15,0.17326134,23.984646,0.8624460074609628,1.0
Defa21,0.17326134,24.098223,0.8624460074609628,1.0
Cyp2d22,0.17326134,23.83614,0.8624460074609628,1.0
Mief1,0.17326134,23.866446,0.8624460074609628,1.0
Slc17a5,0.17326134,24.01875,0.8624460074609628,1.0
Card10,0.17326134,23.338572,0.8624460074609628,1.0
Arhgef39,0.17326134,23.83478,0.8624460074609628,1.0
Kctd17,0.17326134,23.90034,0.8624460074609628,1.0
Tmod2,0.17326134,24.007797,0.8624460074609628,1.0
Pla2g4a,0.17326134,24.132185,0.8624460074609628,1.0
Anp32b,0.17326134,23.59335,0.8624460074609628,1.0
Alg2,0.17326134,24.079935,0.8624460074609628,1.0
Plscr2,0.17326134,23.660646,0.8624460074609628,1.0
Dnaaf5,0.17326134,23.83478,0.8624460074609628,1.0
Enpp5,0.17326134,24.021896,0.8624460074609628,1.0
Plod1,0.17326134,24.13391,0.8624460074609628,1.0
Fam217a,0.17326134,24.140825,0.8624460074609628,1.0
Lgals12,0.17326134,24.007797,0.8624460074609628,1.0
Dcaf17,0.17326134,24.111696,0.8624460074609628,1.0
Col15a1,0.17326134,24.110004,0.8624460074609628,1.0
Ddx55,0.17326134,24.174221,0.8624460074609628,1.0
Met,0.17326134,24.07171,0.8624460074609628,1.0
Timeless,0.17326134,23.660646,0.8624460074609628,1.0
Mill2,0.17326134,23.59335,0.8624460074609628,1.0
Tyms,0.17326134,24.110004,0.8624460074609628,1.0
Adam15,0.17326134,23.338572,0.8624460074609628,1.0
Cdk7,0.17326134,24.098223,0.8624460074609628,1.0
Rnf180,0.17326134,24.121899,0.8624460074609628,1.0
Pklr,0.17326134,23.93663,0.8624460074609628,1.0
Pdss2,0.17326134,23.83478,0.8624460074609628,1.0
Zfp472,0.17326134,23.93663,0.8624460074609628,1.0
Arl4c,0.17326134,23.992315,0.8624460074609628,1.0
Nudt15,0.17326134,24.07171,0.8624460074609628,1.0
Dolk,0.17326134,23.866446,0.8624460074609628,1.0
Tdp2,0.17326134,23.338572,0.8624460074609628,1.0
Gprasp1,0.17326134,24.031384,0.8624460074609628,1.0
Nxf7,0.17326134,24.118488,0.8624460074609628,1.0
Trpv2,0.17326134,24.0999,0.8624460074609628,1.0
C3,0.17326134,23.961912,0.8624460074609628,1.0
Zfp763,0.17326134,24.098223,0.8624460074609628,1.0
Rasa4,0.17326134,23.59335,0.8624460074609628,1.0
Rhbdd2,0.17326134,23.3979,0.8624460074609628,1.0
Smtnl2,0.17326134,24.18137,0.8624460074609628,1.0
Med31,0.17326134,24.118488,0.8624460074609628,1.0
Ctdspl,0.17326134,24.079935,0.8624460074609628,1.0
Asb7,0.17326134,24.110004,0.8624460074609628,1.0
Zfp710,0.17326134,23.8132,0.8624460074609628,1.0
Nlrp6,0.17326134,24.13391,0.8624460074609628,1.0
Slc25a27,0.17326134,24.031384,0.8624460074609628,1.0
Slc35e2,0.17326134,24.18137,0.8624460074609628,1.0
Morn1,0.17326134,23.338572,0.8624460074609628,1.0
Tnfrsf14,0.17326134,24.061913,0.8624460074609628,1.0
Rnf219,0.17326134,23.736591,0.8624460074609628,1.0
Msl3l2,0.17326134,23.660646,0.8624460074609628,1.0
Rtn4ip1,0.17326134,24.07171,0.8624460074609628,1.0
Zfp12,0.17326134,23.913286,0.8624460074609628,1.0
Rfesd,0.17326134,23.984646,0.8624460074609628,1.0
Zcchc9,0.17326134,24.110004,0.8624460074609628,1.0
Sirt3,0.17326134,24.093208,0.8624460074609628,1.0
Zfp511,0.17326134,24.021896,0.8624460074609628,1.0
Pecr,0.17326134,24.18496,0.8624460074609628,1.0
Abca12,0.17326134,23.8132,0.8624460074609628,1.0
Cps1,0.17326134,23.83614,0.8624460074609628,1.0
Tcp11,0.17326134,24.118488,0.8624460074609628,1.0
Tas1r3,0.17326134,23.8132,0.8624460074609628,1.0
Ache,0.17326134,23.924904,0.8624460074609628,1.0
Tgds,0.17326134,24.160048,0.8624460074609628,1.0
Gpr35,0.17326134,23.83478,0.8624460074609628,1.0
Letm1,0.17326134,24.110004,0.8624460074609628,1.0
Slc39a13,0.17326134,23.660646,0.8624460074609628,1.0
Yes1,0.17326134,23.736591,0.8624460074609628,1.0
Ctla2a,0.17326134,24.110004,0.8624460074609628,1.0
Ip6k2,0.17326134,24.061913,0.8624460074609628,1.0
Map3k7,0.17326134,23.913286,0.8624460074609628,1.0
Anxa1,0.17326134,24.118488,0.8624460074609628,1.0
Dhtkd1,0.17326134,23.866446,0.8624460074609628,1.0
Tbc1d31,0.17326134,23.984646,0.8624460074609628,1.0
Nudt6,0.17326134,24.079935,0.8624460074609628,1.0
Chst15,0.17326134,24.132185,0.8624460074609628,1.0
Pop1,0.17326134,23.924904,0.8624460074609628,1.0
Top3a,0.17326134,24.132185,0.8624460074609628,1.0
Mtrf1l,0.17326134,24.007797,0.8624460074609628,1.0
Shroom4,0.17326134,24.167114,0.8624460074609628,1.0
Sirt4,0.17326134,24.098223,0.8624460074609628,1.0
Fbxo30,0.17326134,24.079935,0.8624460074609628,1.0
Tab2,0.17326134,0.19382654,0.8624460074609628,1.0
Pcmt1,0.17326134,0.32275894,0.8624460074609628,1.0
Tmem42,0.17326134,24.09655,0.8624460074609628,1.0
Tbx3,0.17326134,24.031384,0.8624460074609628,1.0
Batf2,0.17326134,23.90034,0.8624460074609628,1.0
Lekr1,0.17326134,23.984646,0.8624460074609628,1.0
Slc43a1,0.17326134,24.111696,0.8624460074609628,1.0
Dpy19l4,0.17326134,24.07171,0.8624460074609628,1.0
Lrrc40,0.17326134,24.174221,0.8624460074609628,1.0
Rmnd1,0.17326134,23.913286,0.8624460074609628,1.0
Nhlrc3,0.17326134,23.984646,0.8624460074609628,1.0
Pacsin1,0.17326134,23.338572,0.8624460074609628,1.0
Scd4,0.17326134,23.338572,0.8624460074609628,1.0
Qprt,0.17326134,24.07171,0.8624460074609628,1.0
Bora,0.17326134,24.13391,0.8624460074609628,1.0
Farp1,0.17326134,24.01561,0.8624460074609628,1.0
Kat8,0.17326134,23.754366,0.8624460074609628,1.0
Kif15,0.17326134,23.797249,0.8624460074609628,1.0
Ncr1,0.17326134,24.110004,0.8624460074609628,1.0
Spata1,0.17326134,24.025051,0.8624460074609628,1.0
Msrb2,0.17326134,23.660646,0.8624460074609628,1.0
Cdcp1,0.17326134,24.160048,0.8624460074609628,1.0
Zfp286,0.17326134,23.961912,0.8624460074609628,1.0
Matn2,0.17326134,24.09655,0.8624460074609628,1.0
Xiap,0.17326134,23.984646,0.8624460074609628,1.0
Pld2,0.17326134,24.0999,0.8624460074609628,1.0
Zfp369,0.17326134,23.83614,0.8624460074609628,1.0
Dlg4,0.17326134,23.797249,0.8624460074609628,1.0
Cwc22,0.17326134,23.93663,0.8624460074609628,1.0
Bcorl1,0.17326134,24.174221,0.8624460074609628,1.0
Zfp787,0.17326134,24.031384,0.8624460074609628,1.0
Arhgef11,0.17326134,23.984646,0.8624460074609628,1.0
Pir,0.17326134,24.132185,0.8624460074609628,1.0
Map9,0.17326134,24.18137,0.8624460074609628,1.0
Clec4a1,0.17326134,24.140825,0.8624460074609628,1.0
Eif5a2,0.17326134,23.3979,0.8624460074609628,1.0
Susd3,0.17326134,24.674585,0.8624460074609628,1.0
Asb1,0.17326134,24.160048,0.8624460074609628,1.0
Slfn9,0.17326134,24.158287,0.8624460074609628,1.0
Sphk2,0.17326134,23.59335,0.8624460074609628,1.0
Reps2,0.17326134,24.170662,0.8624460074609628,1.0
Pstk,0.17326134,24.135633,0.8624460074609628,1.0
Gpn1,0.17326134,23.644087,0.8624460074609628,1.0
Jrk,0.17326134,24.0999,0.8624460074609628,1.0
Fndc10,0.17326134,24.07171,0.8624460074609628,1.0
Bach2,0.17326134,23.866446,0.8624460074609628,1.0
Dusp8,0.17326134,24.160048,0.8624460074609628,1.0
Sorcs2,0.17326134,24.135633,0.8624460074609628,1.0
Tubgcp5,0.17326134,24.079935,0.8624460074609628,1.0
Zbtb45,0.17326134,24.09655,0.8624460074609628,1.0
Ticam1,0.17326134,23.961912,0.8624460074609628,1.0
Tnfaip8l1,0.17326134,23.992315,0.8624460074609628,1.0
Pard3b,0.17326134,23.866446,0.8624460074609628,1.0
Dnajc12,0.17326134,23.338572,0.8624460074609628,1.0
Cyp2u1,0.17326134,24.031384,0.8624460074609628,1.0
Heatr5a,0.17326134,23.338572,0.8624460074609628,1.0
Tmem219,0.17326134,24.158287,0.8624460074609628,1.0
Cops7b,0.17326134,24.43953,0.8624460074609628,1.0
Zan,0.17326134,24.025051,0.8624460074609628,1.0
Twnk,0.17326134,23.924904,0.8624460074609628,1.0
Traf3ip1,0.17326134,24.18137,0.8624460074609628,1.0
Tph1,0.17326134,24.186758,0.8624460074609628,1.0
Slc52a2,0.17326134,24.186758,0.8624460074609628,1.0
Mtmr10,0.17326134,24.167114,0.8624460074609628,1.0
Mecom,0.17326134,23.90034,0.8624460074609628,1.0
Kif13a,0.17326134,24.093208,0.8624460074609628,1.0
Cd83,0.17326134,24.01561,0.8624460074609628,1.0
Gpr157,0.17326134,24.09655,0.8624460074609628,1.0
Slc25a33,0.17326134,23.644087,0.8624460074609628,1.0
Recql4,0.17326134,23.8132,0.8624460074609628,1.0
Rcor3,0.17326134,23.736591,0.8624460074609628,1.0
Nek2,0.17326134,24.170662,0.8624460074609628,1.0
Ccdc114,0.17326134,23.8132,0.8624460074609628,1.0
Ccnc,0.17326134,23.961912,0.8624460074609628,1.0
Rfc5,0.17326134,24.061913,0.8624460074609628,1.0
Prap1,0.17326134,23.924904,0.8624460074609628,1.0
Telo2,0.17326134,24.135633,0.8624460074609628,1.0
Mid2,0.17326134,24.01561,0.8624460074609628,1.0
Ccna2,0.17326134,23.644087,0.8624460074609628,1.0
Ptpn5,0.17326134,24.167114,0.8624460074609628,1.0
Zfp959,0.17326134,23.93663,0.8624460074609628,1.0
Zfp119a,0.17326134,24.123606,0.8624460074609628,1.0
Zmat3,0.17326134,23.338572,0.8624460074609628,1.0
Crk,0.17326134,24.174221,0.8624460074609628,1.0
Lrp4,0.17326134,24.118488,0.8624460074609628,1.0
Tnfaip3,0.17326134,23.3979,0.8624460074609628,1.0
Slc46a1,0.17326134,23.59335,0.8624460074609628,1.0
Hrh2,0.17326134,24.18137,0.8624460074609628,1.0
Pmaip1,0.17326134,24.135633,0.8624460074609628,1.0
Smg5,0.17326134,23.866446,0.8624460074609628,1.0
Plxna1,0.17326134,23.660646,0.8624460074609628,1.0
Prc1,0.17326134,24.18137,0.8624460074609628,1.0
Fry,0.17326134,23.866446,0.8624460074609628,1.0
Fbxw17,0.17326134,24.0999,0.8624460074609628,1.0
Ghr,0.17326134,24.111696,0.8624460074609628,1.0
Tefm,0.17326134,23.913286,0.8624460074609628,1.0
Nthl1,0.17326134,23.338572,0.8624460074609628,1.0
Per3,0.17326134,23.83614,0.8624460074609628,1.0
Zfp39,0.17326134,23.3979,0.8624460074609628,1.0
Gpx3,0.17326134,23.754366,0.8624460074609628,1.0
Smn1,0.17326134,24.110004,0.8624460074609628,1.0
Jmy,0.17326134,23.90034,0.8624460074609628,1.0
Pfkfb4,0.17326134,23.984646,0.8624460074609628,1.0
Kbtbd8,0.17326134,23.63122,0.8624460074609628,1.0
Dcbld1,0.17326134,23.961912,0.8624460074609628,1.0
Pcdh17,0.17326134,24.093208,0.8624460074609628,1.0
Olfm4,0.17326134,24.135633,0.8624460074609628,1.0
Wdr90,0.17326134,24.186758,0.8624460074609628,1.0
Caprin2,0.17326134,24.174221,0.8624460074609628,1.0
Utp23,0.17326134,23.992315,0.8624460074609628,1.0
Gpr20,0.17326134,23.913286,0.8624460074609628,1.0
Zfp623,0.17326134,24.098223,0.8624460074609628,1.0
Mtx3,0.17326134,24.0999,0.8624460074609628,1.0
Irak3,0.17326134,23.83478,0.8624460074609628,1.0
Sv2a,0.17326134,24.118488,0.8624460074609628,1.0
Cpm,0.17326134,23.754366,0.8624460074609628,1.0
Lyz1,0.17326134,24.140825,0.8624460074609628,1.0
Lrig3,0.17326134,24.18496,0.8624460074609628,1.0
Hectd4,0.17326134,24.111696,0.8624460074609628,1.0
Casp4,0.17326134,24.18496,0.8624460074609628,1.0
Nek1,0.17326134,23.63122,0.8624460074609628,1.0
Acy3,0.17326134,23.866446,0.8624460074609628,1.0
Hgfac,0.17326134,24.061913,0.8624460074609628,1.0
Zfp35,0.17326134,24.01561,0.8624460074609628,1.0
Tsga10,0.17326134,23.93663,0.8624460074609628,1.0
Tmem69,0.17326134,24.09655,0.8624460074609628,1.0
Hic2,0.17326134,24.588394,0.8624460074609628,1.0
Cenpl,0.17326134,23.797249,0.8624460074609628,1.0
Tc2n,0.17326134,24.061913,0.8624460074609628,1.0
Adck1,0.17326134,24.079935,0.8624460074609628,1.0
Ttc8,0.17326134,24.007797,0.8624460074609628,1.0
Rnf157,0.17326134,23.924904,0.8624460074609628,1.0
Eif6,0.17326134,24.174221,0.8624460074609628,1.0
Trim65,0.17326134,24.118488,0.8624460074609628,1.0
Cebpd,0.17326134,24.110004,0.8624460074609628,1.0
Dstyk,0.17326134,24.118488,0.8624460074609628,1.0
Dnajc28,0.17326134,23.83614,0.8624460074609628,1.0
Iglc1,0.17326134,23.924904,0.8624460074609628,1.0
Ccdc116,0.17326134,24.031384,0.8624460074609628,1.0
Kantr,0.17326134,24.170662,0.8624460074609628,1.0
Fam234b,0.17326134,24.061913,0.8624460074609628,1.0
Med8,0.17326134,24.18137,0.8624460074609628,1.0
Paics,0.17326134,24.174221,0.8624460074609628,1.0
Pex11b,0.17326134,24.186758,0.8624460074609628,1.0
Tk1,0.17326134,23.924904,0.8624460074609628,1.0
Alyref,0.17326134,23.90034,0.8624460074609628,1.0
Tmem50b,0.17326134,24.160048,0.8624460074609628,1.0
Pafah2,0.17326134,24.132185,0.8624460074609628,1.0
Camk1,0.17326134,24.121899,0.8624460074609628,1.0
Ogg1,0.17326134,24.158287,0.8624460074609628,1.0
Gas2l1,0.17326134,23.961912,0.8624460074609628,1.0
Nipsnap1,0.17326134,24.045752,0.8624460074609628,1.0
Camk2b,0.17326134,24.01875,0.8624460074609628,1.0
Nid2,0.17326134,24.09655,0.8624460074609628,1.0
Cep135,0.17326134,23.754366,0.8624460074609628,1.0
Zfp846,0.17326134,23.924904,0.8624460074609628,1.0
Birc2,0.17326134,24.093208,0.8624460074609628,1.0
Mettl22,0.17326134,23.59335,0.8624460074609628,1.0
Orc1,0.17326134,23.3979,0.8624460074609628,1.0
Spc24,0.17326134,24.167114,0.8624460074609628,1.0
Ganc,0.17326134,24.732777,0.8624460074609628,1.0
Eif5,0.17326134,23.660646,0.8624460074609628,1.0
Sema4f,0.17326134,24.123606,0.8624460074609628,1.0
Piwil4,0.17326134,23.754366,0.8624460074609628,1.0
Pigu,0.17326134,24.061913,0.8624460074609628,1.0
Pnck,0.17326134,24.174221,0.8624460074609628,1.0
Zfp963,0.17326134,23.338572,0.8624460074609628,1.0
Lgr5,0.17326134,24.079935,0.8624460074609628,1.0
Pip4p1,0.17326134,24.18137,0.8624460074609628,1.0
Phf19,0.17326134,23.644087,0.8624460074609628,1.0
Ankrd35,0.17326134,24.167114,0.8624460074609628,1.0
Itga10,0.17326134,23.913286,0.8624460074609628,1.0
Cdh24,0.17326134,23.866446,0.8624460074609628,1.0
Phlda1,0.17326134,23.736591,0.8624460074609628,1.0
Tmc7,0.17326134,24.01875,0.8624460074609628,1.0
Adcy9,0.17326134,24.18496,0.8624460074609628,1.0
Uqcrh,0.17326134,23.984646,0.8624460074609628,1.0
Mknk1,0.17326134,23.984646,0.8624460074609628,1.0
Mpv17l,0.17326134,24.01561,0.8624460074609628,1.0
Tmem191c,0.17326134,24.18496,0.8624460074609628,1.0
Lgmn,0.17326134,23.736591,0.8624460074609628,1.0
Chic2,0.17326134,24.135633,0.8624460074609628,1.0
Tbc1d8,0.17326134,24.18496,0.8624460074609628,1.0
Bend4,0.17326134,23.3979,0.8624460074609628,1.0
Nrp1,0.17326134,23.992315,0.8624460074609628,1.0
Anks3,0.17326134,24.079935,0.8624460074609628,1.0
Rab11fip2,0.17326134,24.01561,0.8624460074609628,1.0
Fbxo27,0.17326134,24.09655,0.8624460074609628,1.0
Nfe2l3,0.17326134,23.83614,0.8624460074609628,1.0
Prr3,0.17326134,23.90034,0.8624460074609628,1.0
H2-Q4,0.17326134,23.83478,0.8624460074609628,1.0
Armh3,0.17326134,24.160048,0.8624460074609628,1.0
Kcnip2,0.17326134,24.01875,0.8624460074609628,1.0
Scg2,0.17326134,23.957413,0.8624460074609628,1.0
Nts,0.17326134,23.59335,0.8624460074609628,1.0
Ing2,0.17326134,24.021896,0.8624460074609628,1.0
Hmgn1,0.17326134,23.3979,0.8624460074609628,1.0
Izumo1r,0.17326134,23.924904,0.8624460074609628,1.0
Prpf3,0.17326134,24.174221,0.8624460074609628,1.0
Ecm1,0.17326134,24.007797,0.8624460074609628,1.0
Elmod2,0.17326134,23.83614,0.8624460074609628,1.0
Sowahb,0.17326134,24.025051,0.8624460074609628,1.0
Jchain,0.17326134,23.8132,0.8624460074609628,1.0
Plac8l1,0.17326134,23.984646,0.8624460074609628,1.0
Xpr1,0.17326134,24.098223,0.8624460074609628,1.0
Zfp612,0.17326134,23.3979,0.8624460074609628,1.0
Chst4,0.17326134,23.984646,0.8624460074609628,1.0
Spidr,0.17326134,23.3979,0.8624460074609628,1.0
Bcar1,0.17326134,24.09655,0.8624460074609628,1.0
Ythdc2,0.17326134,23.59335,0.8624460074609628,1.0
Rbm28,0.17326134,24.174221,0.8624460074609628,1.0
Gcc1,0.17326134,23.3979,0.8624460074609628,1.0
Hmgxb4,0.17326134,23.957413,0.8624460074609628,1.0
Large1,0.17326134,23.924904,0.8624460074609628,1.0
Ncaph,0.17326134,23.660646,0.8624460074609628,1.0
Tmod4,0.17326134,23.984646,0.8624460074609628,1.0
Vps72,0.17326134,23.644087,0.8624460074609628,1.0
Relt,0.17326134,23.924904,0.8624460074609628,1.0
Myof,0.17326134,23.957413,0.8624460074609628,1.0
Pole2,0.17326134,23.754366,0.8624460074609628,1.0
Chgb,0.17326134,24.0999,0.8624460074609628,1.0
Zswim7,0.17326134,23.924904,0.8624460074609628,1.0
Camk4,0.17326134,24.18496,0.8624460074609628,1.0
Pcnx4,0.17326134,23.93663,0.8624460074609628,1.0
Mipol1,0.17326134,24.0999,0.8624460074609628,1.0
Mad1l1,0.17326134,24.170662,0.8624460074609628,1.0
Zfp428,0.17326134,23.93663,0.8624460074609628,1.0
Rin2,0.17326134,23.866446,0.8624460074609628,1.0
G2e3,0.17326134,23.961912,0.8624460074609628,1.0
Parva,0.17326134,23.797249,0.8624460074609628,1.0
Smg9,0.17326134,24.135633,0.8624460074609628,1.0
Tmem18,0.17326134,23.338572,0.8624460074609628,1.0
Mt3,0.17326134,23.93663,0.8624460074609628,1.0
Zbtb41,0.17326134,23.93663,0.8624460074609628,1.0
Ddx59,0.17326134,23.3979,0.8624460074609628,1.0
Inava,0.17326134,24.174221,0.8624460074609628,1.0
Qtrt2,0.17326134,23.59335,0.8624460074609628,1.0
Zbtb20,0.17326134,24.167114,0.8624460074609628,1.0
L2hgdh,0.17326134,23.644087,0.8624460074609628,1.0
Ly6g6d,0.17326134,24.563196,0.8624460074609628,1.0
Gphn,0.17326134,24.121899,0.8624460074609628,1.0
Kif3c,0.17326134,23.797249,0.8624460074609628,1.0
Mmp17,0.17326134,23.984646,0.8624460074609628,1.0
Shf,0.17326134,23.984646,0.8624460074609628,1.0
Duox2,0.17326134,23.63122,0.8624460074609628,1.0
Spg11,0.17326134,24.061913,0.8624460074609628,1.0
Wdr76,0.17326134,23.913286,0.8624460074609628,1.0
Cbx8,0.17326134,24.149525,0.8624460074609628,1.0
Sox12,0.17326134,24.111696,0.8624460074609628,1.0
Itpkc,0.17326134,23.3979,0.8624460074609628,1.0
Ihh,0.17326134,24.098223,0.8624460074609628,1.0
Cdyl2,0.17326134,24.09655,0.8624460074609628,1.0
Srgap3,0.17326134,23.59335,0.8624460074609628,1.0
Wdhd1,0.17326134,23.63122,0.8624460074609628,1.0
Arl6ip1,0.17326134,0.3022264,0.8624460074609628,1.0
Pkd2,0.17326134,24.695503,0.8624460074609628,1.0
Klhl8,0.17326134,23.924904,0.8624460074609628,1.0
Stk19,0.17326134,23.736591,0.8624460074609628,1.0
Napepld,0.17326134,24.160048,0.8624460074609628,1.0
Tesk2,0.17326134,23.90034,0.8624460074609628,1.0
Clec9a,0.17326134,23.913286,0.8624460074609628,1.0
March5,0.17326134,23.83478,0.8624460074609628,1.0
Hars2,0.17326134,23.984646,0.8624460074609628,1.0
Tead1,0.17326134,24.167114,0.8624460074609628,1.0
Stom,0.17326134,24.09655,0.8624460074609628,1.0
Fads1,0.17326134,23.754366,0.8624460074609628,1.0
Eif2d,0.17326134,23.90034,0.8624460074609628,1.0
Hacl1,0.17326134,24.07171,0.8624460074609628,1.0
Rdh1,0.17326134,23.957413,0.8624460074609628,1.0
Dtx3,0.17326134,24.007797,0.8624460074609628,1.0
Peli2,0.17326134,23.992315,0.8624460074609628,1.0
Styx,0.17326134,24.110004,0.8624460074609628,1.0
Faap100,0.17326134,24.093208,0.8624460074609628,1.0
Cdhr1,0.17326134,23.797249,0.8624460074609628,1.0
Ccdc68,0.17326134,23.93663,0.8624460074609628,1.0
Sh3bp5,0.17326134,24.110004,0.8624460074609628,1.0
Phf7,0.17326134,24.09655,0.8624460074609628,1.0
Thrb,0.17326134,24.140825,0.8624460074609628,1.0
Polm,0.17326134,24.098223,0.8624460074609628,1.0
Erich4,0.17326134,23.83478,0.8624460074609628,1.0
Dcun1d4,0.17326134,24.149525,0.8624460074609628,1.0
Arhgap6,0.17326134,24.0999,0.8624460074609628,1.0
Myef2,0.17326134,24.0999,0.8624460074609628,1.0
Txndc16,0.17326134,24.021896,0.8624460074609628,1.0
Cd177,0.17326134,24.021896,0.8624460074609628,1.0
Plcxd2,0.17326134,23.3979,0.8624460074609628,1.0
Ddx51,0.17326134,23.644087,0.8624460074609628,1.0
Tbc1d12,0.17326134,24.007797,0.8624460074609628,1.0
Zfp319,0.17326134,23.984646,0.8624460074609628,1.0
Ces2g,0.17326134,24.098223,0.8624460074609628,1.0
Ces2a,0.17326134,24.615496,0.8624460074609628,1.0
Pygb,0.17326134,0.12261617,0.8624460074609628,1.0
Cbr2,0.17326134,24.07171,0.8624460074609628,1.0
Usp31,0.17326134,23.736591,0.8624460074609628,1.0
Zfp442,0.17326134,23.736591,0.8624460074609628,1.0
Il17re,0.17326134,23.957413,0.8624460074609628,1.0
Gmpr2,0.17326134,23.83478,0.8624460074609628,1.0
Pomt1,0.17326134,23.59335,0.8624460074609628,1.0
Ier5l,0.17326134,24.07171,0.8624460074609628,1.0
Fzd1,0.17326134,23.63122,0.8624460074609628,1.0
Pid1,0.17326134,23.913286,0.8624460074609628,1.0
Ccl28,0.17326134,24.025051,0.8624460074609628,1.0
Wdr31,0.17326134,23.754366,0.8624460074609628,1.0
Neil1,0.17326134,23.3979,0.8624460074609628,1.0
Aspscr1,0.17326134,24.160048,0.8624460074609628,1.0
Chrnb2,0.17326134,24.170662,0.8624460074609628,1.0
Asb3,0.17326134,24.079935,0.8624460074609628,1.0
Mterf1a,0.17326134,24.160048,0.8624460074609628,1.0
Slc41a2,0.17326134,24.098223,0.8624460074609628,1.0
Rapgef5,0.17326134,24.149525,0.8624460074609628,1.0
Krt10,0.17326134,24.031384,0.8624460074609628,1.0
Tmem156,0.17326134,23.992315,0.8624460074609628,1.0
Pfkm,0.17326134,23.644087,0.8624460074609628,1.0
Tmem268,0.17326134,24.098223,0.8624460074609628,1.0
Ceacam10,0.17326134,23.660646,0.8624460074609628,1.0
Prdm15,0.17326134,23.924904,0.8624460074609628,1.0
Ovol1,0.17326134,24.098223,0.8624460074609628,1.0
Klhl11,0.17326134,24.007797,0.8624460074609628,1.0
P3h4,0.17326134,24.160048,0.8624460074609628,1.0
Dnaja4,0.17326134,24.18137,0.8624460074609628,1.0
Gxylt1,0.17326134,24.031384,0.8624460074609628,1.0
Chml,0.17326134,23.754366,0.8624460074609628,1.0
Zc3h6,0.17326134,24.061913,0.8624460074609628,1.0
Acoxl,0.17326134,24.186758,0.8624460074609628,1.0
Megf8,0.17326134,23.797249,0.8624460074609628,1.0
Ubxn10,0.17326134,23.8132,0.8624460074609628,1.0
Dnajc25,0.17326134,24.167114,0.8624460074609628,1.0
Lpar1,0.17326134,23.83614,0.8624460074609628,1.0
Smoc2,0.17326134,23.924904,0.8624460074609628,1.0
Tcte2,0.17326134,23.338572,0.8624460074609628,1.0
Dnajc24,0.17326134,23.797249,0.8624460074609628,1.0
Tcrg-V4,0.17326134,23.338572,0.8624460074609628,1.0
Abt1,0.17326134,23.83614,0.8624460074609628,1.0
Hist1h4i,0.17326134,23.992315,0.8624460074609628,1.0
Zfp184,0.17326134,23.83614,0.8624460074609628,1.0
Tlr4,0.17326134,24.093208,0.8624460074609628,1.0
Katnbl1,0.17326134,23.924904,0.8624460074609628,1.0
Casp9,0.17326134,23.83614,0.8624460074609628,1.0
Slc51b,0.17326134,24.18496,0.8624460074609628,1.0
Izumo4,0.17326134,24.110004,0.8624460074609628,1.0
Zbtb7b,0.17326134,24.132185,0.8624460074609628,1.0
Cenpa,0.17326134,24.045752,0.8624460074609628,1.0
Extl2,0.17326134,24.135633,0.8624460074609628,1.0
Nptxr,0.17326134,24.021896,0.8624460074609628,1.0
Ep300,0.17326134,0.4049211,0.8624460074609628,1.0
Acnat1,0.17326134,24.140825,0.8624460074609628,1.0
Ormdl3,0.17326134,23.736591,0.8624460074609628,1.0
Gtse1,0.17326134,24.09655,0.8624460074609628,1.0
Sbf1,0.17326134,23.90034,0.8624460074609628,1.0
Zbtb17,0.17326134,23.93663,0.8624460074609628,1.0
Iffo2,0.17326134,24.18137,0.8624460074609628,1.0
Zfp619,0.17326134,24.111696,0.8624460074609628,1.0
Hnrnpdl,0.17326134,23.3979,0.8624460074609628,1.0
Spdl1,0.17326134,23.63122,0.8624460074609628,1.0
Alpi,0.17326134,24.031384,0.8624460074609628,1.0
Cab39l,0.17326134,23.866446,0.8624460074609628,1.0
Fam124a,0.17326134,23.866446,0.8624460074609628,1.0
Slc31a2,0.17326134,23.644087,0.8624460074609628,1.0
Krt23,0.17326134,24.18137,0.8624460074609628,1.0
Stard3,0.17326134,24.093208,0.8624460074609628,1.0
Napsa,0.17326134,23.866446,0.8624460074609628,1.0
Heatr5b,0.17326134,24.031384,0.8624460074609628,1.0
Pomk,0.17326134,24.186758,0.8624460074609628,1.0
Dgkq,0.17326134,23.961912,0.8624460074609628,1.0
Zfp618,0.17326134,24.025051,0.8624460074609628,1.0
Pakap-1,0.17326134,24.18137,0.8624460074609628,1.0
Abitram,0.17326134,23.8132,0.8624460074609628,1.0
Ephx1,0.17326134,0.51262796,0.8624460074609628,1.0
Cenpj,0.17326134,24.18496,0.8624460074609628,1.0
Nfkbid,0.17326134,24.121899,0.8624460074609628,1.0
Mapt,0.17326134,23.957413,0.8624460074609628,1.0
Ccdc85b,0.17326134,23.90034,0.8624460074609628,1.0
Dll4,0.17326134,24.079935,0.8624460074609628,1.0
Cep95,0.17326134,23.8132,0.8624460074609628,1.0
Otub2,0.17326134,24.18137,0.8624460074609628,1.0
Scarb1,0.17326134,23.660646,0.8624460074609628,1.0
Tctn2,0.17326134,24.025051,0.8624460074609628,1.0
Nos1ap,0.17326134,23.83614,0.8624460074609628,1.0
Rnf25,0.17326134,23.83478,0.8624460074609628,1.0
Tecpr2,0.17326134,23.957413,0.8624460074609628,1.0
Nipal1,0.17326134,24.135633,0.8624460074609628,1.0
Nfxl1,0.17326134,23.63122,0.8624460074609628,1.0
Pigyl,0.17326134,23.90034,0.8624460074609628,1.0
Smagp,0.17326134,23.754366,0.8624460074609628,1.0
Zfp27,0.17326134,24.186758,0.8624460074609628,1.0
Mfsd13b,0.17326134,24.01561,0.8624460074609628,1.0
Sox6,0.17326134,24.13391,0.8624460074609628,1.0
Zfp219,0.17326134,24.135633,0.8624460074609628,1.0
Dclre1b,0.17326134,24.158287,0.8624460074609628,1.0
Nrf1,0.17326134,24.135633,0.8624460074609628,1.0
Zbtb25,0.17326134,24.170662,0.8624460074609628,1.0
Erh,0.17326134,23.83478,0.8624460074609628,1.0
Asf1b,0.17326134,24.07171,0.8624460074609628,1.0
Oscp1,0.17326134,23.83614,0.8624460074609628,1.0
Tctex1d2,0.17326134,24.01875,0.8624460074609628,1.0
Zfp821,0.17326134,24.061913,0.8624460074609628,1.0
Txnl4b,0.17326134,23.90034,0.8624460074609628,1.0
Cenpt,0.17326134,23.913286,0.8624460074609628,1.0
Heyl,0.17326134,23.338572,0.8624460074609628,1.0
Noc3l,0.17326134,24.118488,0.8624460074609628,1.0
Kank2,0.17326134,24.09655,0.8624460074609628,1.0
Ncf2,0.17326134,23.83478,0.8624460074609628,1.0
Zdhhc1,0.17326134,24.174221,0.8624460074609628,1.0
Tango6,0.17326134,24.045752,0.8624460074609628,1.0
Zfp599,0.17326134,24.170662,0.8624460074609628,1.0
Chaf1b,0.17326134,24.167114,0.8624460074609628,1.0
Cav2,0.17326134,24.07171,0.8624460074609628,1.0
Hectd2,0.17326134,24.135633,0.8624460074609628,1.0
Tmem205,0.17326134,24.111696,0.8624460074609628,1.0
Zfp174,0.17326134,23.736591,0.8624460074609628,1.0
Ppox,0.17326134,23.992315,0.8624460074609628,1.0
Nmnat2,0.17326134,24.174221,0.8624460074609628,1.0
Taf9b,0.17326134,24.588394,0.8624460074609628,1.0
Thnsl2,0.17326134,24.01875,0.8624460074609628,1.0
Knl1,0.17326134,24.18137,0.8624460074609628,1.0
Zfp146,0.17326134,23.984646,0.8624460074609628,1.0
Rhpn2,0.17326134,24.135633,0.8624460074609628,1.0
Cdc25c,0.17326134,23.984646,0.8624460074609628,1.0
Kif20a,0.17326134,23.90034,0.8624460074609628,1.0
Cdkn2b,0.17326134,24.18496,0.8624460074609628,1.0
Hacd4,0.17326134,23.957413,0.8624460074609628,1.0
Vezt,0.17326134,24.174221,0.8624460074609628,1.0
Cadm1,0.17326134,24.01561,0.8624460074609628,1.0
Cldn23,0.17326134,24.170662,0.8624460074609628,1.0
Scn1b,0.17326134,24.0999,0.8624460074609628,1.0
Tubg2,0.17326134,24.18137,0.8624460074609628,1.0
Ghdc,0.17326134,24.01875,0.8624460074609628,1.0
Tubal3,0.17326134,24.18137,0.8624460074609628,1.0
Pyy,0.17326134,24.13391,0.8624460074609628,1.0
Slc35f2,0.17326134,23.913286,0.8624460074609628,1.0
Rpap3,0.17326134,24.186758,0.8624460074609628,1.0
Trim31,0.17326134,24.132185,0.8624460074609628,1.0
Nxpe4,0.17326134,24.031384,0.8624460074609628,1.0
Atg16l2,0.17326134,24.007797,0.8624460074609628,1.0
P2ry2,0.17326134,23.984646,0.8624460074609628,1.0
Klhl5,0.17326134,24.045752,0.8624460074609628,1.0
Rundc3a,0.17326134,24.09655,0.8624460074609628,1.0
Wscd2,0.17326134,24.079935,0.8624460074609628,1.0
Tnks,0.17326134,24.123606,0.8624460074609628,1.0
Tfcp2,0.17326134,24.111696,0.8624460074609628,1.0
Cacnb3,0.17326134,24.025051,0.8624460074609628,1.0
Kcnh3,0.17326134,23.8132,0.8624460074609628,1.0
Tulp4,0.17326134,23.984646,0.8624460074609628,1.0
Brca1,0.17326134,23.797249,0.8624460074609628,1.0
Acacb,0.17326134,23.660646,0.8624460074609628,1.0
Slamf1,0.17326134,24.167114,0.8624460074609628,1.0
Slc39a10,0.17326134,23.866446,0.8624460074609628,1.0
Ctif,0.17326134,23.660646,0.8624460074609628,1.0
Acvr1,0.17326134,24.170662,0.8624460074609628,1.0
Mogat2,0.17326134,24.021896,0.8624460074609628,1.0
Fhl4,0.17326134,24.118488,0.8624460074609628,1.0
Zfp938,0.17326134,24.118488,0.8624460074609628,1.0
BC051142,0.17326134,24.079935,0.8624460074609628,1.0
Sh3gl2,0.17326134,24.13391,0.8624460074609628,1.0
Micu3,0.17326134,24.149525,0.8624460074609628,1.0
Dmac2,0.1710112,0.29994848,0.8642149619434205,1.0
Dennd1c,0.1710112,0.4218183,0.8642149619434205,1.0
Fbxw5,0.1710112,0.38244453,0.8642149619434205,1.0
Gcg,0.1710112,0.37307104,0.8642149619434205,1.0
Emc10,0.1710112,0.40755832,0.8642149619434205,1.0
Abcf1,0.1710112,0.37295452,0.8642149619434205,1.0
Tmem186,0.1710112,0.33678502,0.8642149619434205,1.0
Abhd14b,0.1710112,0.17374438,0.8642149619434205,1.0
Ubl5,0.16876104,0.2968634,0.865984597250939,1.0
Atp6v1h,0.16876104,0.42514765,0.865984597250939,1.0
Ankrd44,0.16876104,0.16709912,0.865984597250939,1.0
Brk1,0.16876104,0.11723609,0.865984597250939,1.0
Epb41l2,0.1665109,0.24251977,0.8677549046821763,1.0
Tmem63b,0.1665109,0.46728066,0.8677549046821763,1.0
Arhgap25,0.1665109,0.20546706,0.8677549046821763,1.0
Stat6,0.16426076,0.096879,0.8695258755256785,1.0
Hdac7,0.16426076,0.32074204,0.8695258755256785,1.0
Uba1,0.16426076,0.06353688,0.8695258755256785,1.0
Tmx1,0.16426076,0.22104199,0.8695258755256785,1.0
Polr2f,0.16426076,0.31433246,0.8695258755256785,1.0
Arl1,0.16201061,0.37583992,0.8712975010600075,1.0
Mbd3,0.16201061,0.13144647,0.8712975010600075,1.0
Zfp275,0.16201061,0.2576383,0.8712975010600075,1.0
Coro1a,0.16201061,-0.068587594,0.8712975010600075,1.0
Dctn3,0.16201061,0.054255407,0.8712975010600075,1.0
Itgb2,0.15976046,0.16040978,0.8730697725538705,1.0
Tmc8,0.15751031,0.10279595,0.8748426812662488,1.0
Ifi203,0.15751031,0.19738665,0.8748426812662488,1.0
B3gat3,0.15751031,0.2306709,0.8748426812662488,1.0
Micu2,0.15526016,0.26046544,0.8766162184465269,1.0
Ermp1,0.15526016,1.0224705,0.8766162184465269,1.0
Tns4,0.15526016,0.60365456,0.8766162184465269,1.0
Sec61g,0.15526016,0.8743519,0.8766162184465269,1.0
Txndc5,0.15526016,0.2346798,0.8766162184465269,1.0
Soat1,0.15526016,0.6647349,0.8766162184465269,1.0
Urod,0.15526016,0.7103388,0.8766162184465269,1.0
Chrac1,0.15526016,0.94343996,0.8766162184465269,1.0
Secisbp2l,0.15526016,0.55915254,0.8766162184465269,1.0
Fam174a,0.15526016,0.7178827,0.8766162184465269,1.0
Usp34,0.15526016,0.11431392,0.8766162184465269,1.0
Ssbp1,0.15526016,0.575703,0.8766162184465269,1.0
Ctnnb1,0.15526016,0.23480646,0.8766162184465269,1.0
Lonp2,0.15526016,0.8835079,0.8766162184465269,1.0
Smpd1,0.15526016,0.8043702,0.8766162184465269,1.0
Dlg1,0.15526016,0.8687752,0.8766162184465269,1.0
Rabgap1l,0.15526016,0.5698456,0.8766162184465269,1.0
Lsm4,0.15526016,0.28240716,0.8766162184465269,1.0
Hivep3,0.15526016,0.8002776,0.8766162184465269,1.0
Tmem109,0.15526016,0.90680397,0.8766162184465269,1.0
Pltp,0.15526016,1.073976,0.8766162184465269,1.0
Nudt2,0.15526016,0.7474711,0.8766162184465269,1.0
H2-T3,0.15526016,0.65271896,0.8766162184465269,1.0
Leprot,0.15526016,0.58848065,0.8766162184465269,1.0
Acsf2,0.15526016,0.35230455,0.8766162184465269,1.0
Ndufs2,0.15301001,0.16860123,0.8783903753346226,1.0
Zmpste24,0.15301001,0.0037721654,0.8783903753346226,1.0
Agap2,0.15301001,0.31381634,0.8783903753346226,1.0
Hdac4,0.15301001,0.21925613,0.8783903753346226,1.0
Dnajc5,0.15301001,0.2504275,0.8783903753346226,1.0
Npm3,0.15301001,0.23044178,0.8783903753346226,1.0
Auh,0.15075988,0.4748756,0.8801651431611157,1.0
Card19,0.15075988,1.2004174,0.8801651431611157,1.0
Opa1,0.15075988,0.8070176,0.8801651431611157,1.0
Carmil2,0.15075988,1.0447934,0.8801651431611157,1.0
Epas1,0.15075988,0.60784715,0.8801651431611157,1.0
Frmd4b,0.15075988,0.6513471,0.8801651431611157,1.0
Secisbp2,0.15075988,0.67052335,0.8801651431611157,1.0
Rfc4,0.15075988,0.96708035,0.8801651431611157,1.0
Map4k2,0.15075988,1.0093129,0.8801651431611157,1.0
Phf23,0.15075988,0.418561,0.8801651431611157,1.0
Iqgap1,0.15075988,0.029937182,0.8801651431611157,1.0
Sec63,0.15075988,0.9311465,0.8801651431611157,1.0
Tmem209,0.15075988,1.0202315,0.8801651431611157,1.0
Cherp,0.15075988,0.6607101,0.8801651431611157,1.0
Ndufv3,0.15075988,0.1418832,0.8801651431611157,1.0
Pcgf3,0.15075988,0.6361521,0.8801651431611157,1.0
Camsap3,0.15075988,0.7917869,0.8801651431611157,1.0
Ppfia1,0.15075988,0.6955136,0.8801651431611157,1.0
Setd7,0.15075988,0.94821715,0.8801651431611157,1.0
Arhgap35,0.15075988,0.5128129,0.8801651431611157,1.0
Kat7,0.15075988,0.25839558,0.8801651431611157,1.0
Ahcyl1,0.15075988,0.3228638,0.8801651431611157,1.0
Miga1,0.15075988,0.8738054,0.8801651431611157,1.0
Ndufs8,0.14850973,0.16923168,0.8819405131473789,1.0
Lat,0.14850973,0.15337016,0.8819405131473789,1.0
Smg7,0.14625958,0.49665508,0.8837164765057078,1.0
Itgae,0.14625958,0.075566806,0.8837164765057078,1.0
Fam241a,0.14625958,0.60482436,0.8837164765057078,1.0
Abhd12,0.14625958,0.77952814,0.8837164765057078,1.0
Btbd7,0.14625958,0.6547608,0.8837164765057078,1.0
Dpp3,0.14625958,0.3673509,0.8837164765057078,1.0
Fbxl17,0.14625958,0.79048306,0.8837164765057078,1.0
Ang,0.14625958,0.62861824,0.8837164765057078,1.0
Cnot6,0.14625958,0.5544255,0.8837164765057078,1.0
Ap5b1,0.14625958,0.5832394,0.8837164765057078,1.0
Cisd3,0.14625958,0.08493581,0.8837164765057078,1.0
Pou2f1,0.14625958,0.7914041,0.8837164765057078,1.0
Dcaf1,0.14625958,0.48221815,0.8837164765057078,1.0
Gle1,0.14625958,0.7581327,0.8837164765057078,1.0
Nr3c1,0.14625958,0.6035985,0.8837164765057078,1.0
Lig1,0.14625958,0.7536186,0.8837164765057078,1.0
Ehd4,0.14625958,0.7934616,0.8837164765057078,1.0
Ube2h,0.14625958,0.574506,0.8837164765057078,1.0
Eno3,0.14625958,0.672551,0.8837164765057078,1.0
Tmem165,0.14625958,0.66372526,0.8837164765057078,1.0
Prmt5,0.14400943,0.24527863,0.8854930244394512,1.0
Rab11fip1,0.14400943,0.21002047,0.8854930244394512,1.0
Trp53inp2,0.14175928,0.5687519,0.8872701481431419,1.0
Nipal3,0.14175928,0.6194614,0.8872701481431419,1.0
Rhob,0.14175928,0.6723339,0.8872701481431419,1.0
Id2,0.14175928,0.6521984,0.8872701481431419,1.0
Suox,0.14175928,0.45315498,0.8872701481431419,1.0
Chmp3,0.14175928,0.33795908,0.8872701481431419,1.0
Ptger4,0.14175928,0.565236,0.8872701481431419,1.0
Otud7b,0.14175928,0.43322384,0.8872701481431419,1.0
Taf8,0.14175928,0.5581099,0.8872701481431419,1.0
Top2b,0.14175928,0.40287834,0.8872701481431419,1.0
Ubr4,0.14175928,0.19237211,0.8872701481431419,1.0
Rasgrp1,0.14175928,0.16572969,0.8872701481431419,1.0
Bsdc1,0.14175928,0.5562885,0.8872701481431419,1.0
Psmb3,0.14175928,0.7231394,0.8872701481431419,1.0
Pcgf2,0.14175928,0.41065186,0.8872701481431419,1.0
Nmt1,0.14175928,0.19693996,0.8872701481431419,1.0
Casp3,0.14175928,0.4366336,0.8872701481431419,1.0
Tfb2m,0.14175928,0.663136,0.8872701481431419,1.0
Vps29,0.14175928,0.694098,0.8872701481431419,1.0
AI597479,0.14175928,0.8881148,0.8872701481431419,1.0
Sat1,0.14175928,1.0119513,0.8872701481431419,1.0
Mtx2,0.14175928,0.6412924,0.8872701481431419,1.0
Grap,0.14175928,0.62845546,0.8872701481431419,1.0
Slc33a1,0.14175928,0.5505008,0.8872701481431419,1.0
Rab43,0.14175928,0.7475629,0.8872701481431419,1.0
Map4k4,0.14175928,0.81155026,0.8872701481431419,1.0
Mycbp2,0.14175928,0.20260108,0.8872701481431419,1.0
Chpf,0.14175928,0.7156109,0.8872701481431419,1.0
Nubp1,0.14175928,0.58609724,0.8872701481431419,1.0
Nans,0.14175928,0.1840649,0.8872701481431419,1.0
Anapc7,0.14175928,0.48757115,0.8872701481431419,1.0
Nelfcd,0.14175928,0.5735276,0.8872701481431419,1.0
Birc3,0.14175928,0.5514563,0.8872701481431419,1.0
Rmnd5b,0.14175928,0.63434494,0.8872701481431419,1.0
Tmem135,0.14175928,0.3794586,0.8872701481431419,1.0
Armc8,0.14175928,0.47253504,0.8872701481431419,1.0
Vps26c,0.14175928,0.61573935,0.8872701481431419,1.0
Naxd,0.14175928,0.51467407,0.8872701481431419,1.0
Spout1,0.14175928,0.48402897,0.8872701481431419,1.0
Clk2,0.14175928,0.51287496,0.8872701481431419,1.0
Il4ra,0.14175928,0.22726874,0.8872701481431419,1.0
Tsn,0.14175928,0.52608573,0.8872701481431419,1.0
Cd48,0.14175928,0.23847729,0.8872701481431419,1.0
Iscu,0.13725899,0.56606984,0.8908260875952009,1.0
Mcmbp,0.13725899,0.32680857,0.8908260875952009,1.0
Impdh1,0.13725899,0.49117535,0.8908260875952009,1.0
Cog6,0.13725899,0.65993553,0.8908260875952009,1.0
Dtnb,0.13725899,0.45795807,0.8908260875952009,1.0
Ddx47,0.13725899,0.3615532,0.8908260875952009,1.0
Dedd2,0.13725899,0.48759168,0.8908260875952009,1.0
Setdb1,0.13725899,0.5743391,0.8908260875952009,1.0
Glul,0.13725899,0.46148503,0.8908260875952009,1.0
Mcts1,0.13725899,0.46808657,0.8908260875952009,1.0
Strn3,0.13725899,0.31432378,0.8908260875952009,1.0
Ap5m1,0.13725899,0.5227925,0.8908260875952009,1.0
Rgs1,0.13725899,0.5479932,0.8908260875952009,1.0
Prpf4,0.13725899,0.71582973,0.8908260875952009,1.0
Spast,0.13725899,0.41483468,0.8908260875952009,1.0
Ift27,0.13725899,0.46615314,0.8908260875952009,1.0
Gbf1,0.13725899,0.35593596,0.8908260875952009,1.0
Dok2,0.13725899,0.5178415,0.8908260875952009,1.0
St6galnac4,0.13725899,0.5066833,0.8908260875952009,1.0
Ube2z,0.13725899,0.39192307,0.8908260875952009,1.0
Slc3a2,0.13725899,0.4294432,0.8908260875952009,1.0
Gmds,0.13725899,0.30746546,0.8908260875952009,1.0
Adi1,0.13725899,0.483942,0.8908260875952009,1.0
Abhd13,0.13725899,0.4427449,0.8908260875952009,1.0
Patj,0.13725899,0.49091262,0.8908260875952009,1.0
Ccdc174,0.13725899,0.3935517,0.8908260875952009,1.0
Orc3,0.13275869,0.39362583,0.8943842242468047,1.0
Actn4,0.13275869,0.14243524,0.8943842242468047,1.0
Ddx19b,0.13275869,0.35833317,0.8943842242468047,1.0
Ifngr2,0.13275869,0.42109197,0.8943842242468047,1.0
Farp2,0.13275869,0.41783422,0.8943842242468047,1.0
Rassf5,0.13275869,0.16239089,0.8943842242468047,1.0
Gorasp2,0.13275869,0.27784342,0.8943842242468047,1.0
Map2k6,0.13275869,0.25953662,0.8943842242468047,1.0
Irf1,0.13275869,0.11172576,0.8943842242468047,1.0
Atp6v0c,0.13275869,0.3419077,0.8943842242468047,1.0
Hdgfl3,0.13275869,0.35363898,0.8943842242468047,1.0
Casp6,0.13275869,0.45772314,0.8943842242468047,1.0
Iqgap2,0.13275869,0.5592792,0.8943842242468047,1.0
Trip10,0.13275869,0.14814758,0.8943842242468047,1.0
Uck2,0.13275869,0.13742192,0.8943842242468047,1.0
Tgm2,0.13275869,0.34662142,0.8943842242468047,1.0
Slc30a7,0.13275869,0.48772168,0.8943842242468047,1.0
Med4,0.13275869,0.3260676,0.8943842242468047,1.0
Ino80,0.13275869,0.3510231,0.8943842242468047,1.0
Zfp280c,0.13275869,0.15379933,0.8943842242468047,1.0
Rxrb,0.13275869,0.41066253,0.8943842242468047,1.0
Ppp2r1b,0.13275869,0.29284507,0.8943842242468047,1.0
Mtmr6,0.13275869,0.18640184,0.8943842242468047,1.0
Cd226,0.13275869,0.49611843,0.8943842242468047,1.0
Sh2b3,0.13275869,0.37989306,0.8943842242468047,1.0
Wiz,0.13275869,0.4699006,0.8943842242468047,1.0
Commd4,0.13275869,0.33217824,0.8943842242468047,1.0
Gramd4,0.13275869,0.40689966,0.8943842242468047,1.0
Wipf2,0.13275869,0.4428331,0.8943842242468047,1.0
Ube2w,0.13275869,0.6758083,0.8943842242468047,1.0
Scai,0.13275869,0.42693704,0.8943842242468047,1.0
Trim59,0.13275869,0.29680237,0.8943842242468047,1.0
Fam174b,0.12825839,0.39059675,0.8979444873502161,1.0
Nkiras2,0.12825839,0.37903175,0.8979444873502161,1.0
Tbp,0.12825839,0.35698584,0.8979444873502161,1.0
Jup,0.12825839,0.22254491,0.8979444873502161,1.0
Odf2,0.12825839,0.34269637,0.8979444873502161,1.0
Nudt4,0.12825839,0.3409024,0.8979444873502161,1.0
Ftsj3,0.12825839,0.31523684,0.8979444873502161,1.0
Degs1,0.12825839,0.33795485,0.8979444873502161,1.0
Cxxc5,0.12825839,0.71380436,0.8979444873502161,1.0
Pgp,0.12825839,0.46429244,0.8979444873502161,1.0
Tmem45b,0.12825839,0.17851354,0.8979444873502161,1.0
Ccdc25,0.12825839,0.39208183,0.8979444873502161,1.0
Uqcrc2,0.12825839,0.30391282,0.8979444873502161,1.0
Mib1,0.12825839,0.4024097,0.8979444873502161,1.0
Polr1a,0.12825839,0.39744404,0.8979444873502161,1.0
Dxo,0.12825839,0.39234266,0.8979444873502161,1.0
Plekhb2,0.12825839,0.5291311,0.8979444873502161,1.0
Tmf1,0.12825839,0.287835,0.8979444873502161,1.0
Parn,0.12825839,0.34376556,0.8979444873502161,1.0
Trbv1,0.12825839,0.28876325,0.8979444873502161,1.0
Nudt21,0.12825839,0.3149591,0.8979444873502161,1.0
Cdc5l,0.12825839,0.42749116,0.8979444873502161,1.0
Snx20,0.12825839,0.30743608,0.8979444873502161,1.0
Acsm3,0.1237581,0.36184406,0.9015068060292593,1.0
Ankib1,0.1237581,0.1533772,0.9015068060292593,1.0
Vav1,0.1237581,0.25256228,0.9015068060292593,1.0
Cxcr3,0.1237581,0.29018158,0.9015068060292593,1.0
Rnf5,0.1237581,0.03836437,0.9015068060292593,1.0
Irf7,0.1237581,0.112541884,0.9015068060292593,1.0
Pabpn1,0.1237581,0.21379155,0.9015068060292593,1.0
Acot13,0.1237581,0.2490985,0.9015068060292593,1.0
Rb1,0.1237581,0.3686135,0.9015068060292593,1.0
Zer1,0.1237581,0.32851386,0.9015068060292593,1.0
Ppp1r14b,0.1237581,0.22667062,0.9015068060292593,1.0
Git1,0.1237581,0.2108415,0.9015068060292593,1.0
Ccl9,0.1237581,0.35351717,0.9015068060292593,1.0
Sfi1,0.1237581,0.30055296,0.9015068060292593,1.0
Wrn,0.1237581,-0.09334854,0.9015068060292593,1.0
Eif4enif1,0.1237581,0.12426728,0.9015068060292593,1.0
Aig1,0.1237581,0.25312433,0.9015068060292593,1.0
B3gnt2,0.1237581,0.38539755,0.9015068060292593,1.0
Cops3,0.1237581,0.22045864,0.9015068060292593,1.0
Ints11,0.1237581,0.33539203,0.9015068060292593,1.0
Serpinb1a,0.12150796,0.06252227,0.9032887140267591,1.0
Cct8,0.12150796,0.22268619,0.9032887140267591,1.0
Psmd4,0.11925781,0.22400959,0.9050711092835519,1.0
Elovl1,0.11925781,0.23866744,0.9050711092835519,1.0
Mgat4a,0.11925781,0.115473405,0.9050711092835519,1.0
Pkn2,0.11925781,-0.073903516,0.9050711092835519,1.0
Acads,0.11925781,0.48635674,0.9050711092835519,1.0
Sde2,0.11925781,0.16129622,0.9050711092835519,1.0
Creg1,0.11925781,0.06810731,0.9050711092835519,1.0
Ndufc1,0.11925781,0.3497624,0.9050711092835519,1.0
Gmfb,0.11925781,0.2708283,0.9050711092835519,1.0
Ipo5,0.11925781,0.16626437,0.9050711092835519,1.0
Tmem127,0.11925781,0.19591714,0.9050711092835519,1.0
Ttc9c,0.11700766,0.4460714,0.9068539829058793,1.0
Ppib,0.11700766,-0.010701336,0.9068539829058793,1.0
Fabp2,0.114757515,0.07700391,0.9086373259927505,1.0
Klf6,0.114757515,0.2977222,0.9086373259927505,1.0
Tada2b,0.114757515,0.09922653,0.9086373259927505,1.0
Stx12,0.114757515,0.13556826,0.9086373259927505,1.0
Trbc2,0.114757515,-0.026628532,0.9086373259927505,1.0
Hdac5,0.114757515,0.13760509,0.9086373259927505,1.0
Naca,0.114757515,0.0767287,0.9086373259927505,1.0
Ece1,0.110257216,0.39877105,0.912205384920806,1.0
Cpsf3,0.110257216,0.28848034,0.912205384920806,1.0
Hspa14,0.110257216,0.15720913,0.912205384920806,1.0
Swap70,0.110257216,0.24508287,0.912205384920806,1.0
Gltp,0.110257216,0.24162033,0.912205384920806,1.0
Hipk1,0.110257216,0.05319865,0.912205384920806,1.0
Thumpd1,0.110257216,0.23830378,0.912205384920806,1.0
Gls,0.110257216,0.15196152,0.912205384920806,1.0
Dock10,0.10800707,0.12078836,0.9139900829250519,1.0
Lsm7,0.10800707,0.24056026,0.9139900829250519,1.0
Plxnb2,0.10575692,0.19052216,0.9157752147202327,1.0
Ccdc117,0.10575692,0.1890082,0.9157752147202327,1.0
Mtdh,0.10575692,0.32045245,0.9157752147202327,1.0
Tardbp,0.10575692,0.13255674,0.9157752147202327,1.0
Pank3,0.10575692,0.29936898,0.9157752147202327,1.0
Nfyc,0.10575692,0.2616825,0.9157752147202327,1.0
Acsl3,0.10575692,0.24188343,0.9157752147202327,1.0
Ppp2r5d,0.10575692,0.16465624,0.9157752147202327,1.0
Ptpn11,0.10350677,0.48173222,0.9175607713712031,1.0
Kmt2d,0.10125663,0.13200052,0.9193467439363878,1.0
Cpsf1,0.10125663,0.14391865,0.9193467439363878,1.0
Cox5a,0.10125663,0.012749779,0.9193467439363878,1.0
Copg1,0.10125663,0.17336471,0.9193467439363878,1.0
Acadvl,0.10125663,0.23726843,0.9193467439363878,1.0
Pgd,0.10125663,0.2697844,0.9193467439363878,1.0
Bcl2,0.10125663,-0.069923215,0.9193467439363878,1.0
Lamp1,0.10125663,0.18164875,0.9193467439363878,1.0
Bptf,0.10125663,0.19633809,0.9193467439363878,1.0
Tgm3,0.10125663,0.21242468,0.9193467439363878,1.0
Dlat,0.09900648,0.6578137,0.9211331234679173,1.0
Ell2,0.09900648,0.7556386,0.9211331234679173,1.0
Tacc2,0.09900648,0.6750909,0.9211331234679173,1.0
Fosl2,0.09900648,1.2507979,0.9211331234679173,1.0
Zfp318,0.09900648,0.733107,0.9211331234679173,1.0
Ndufb4,0.09900648,0.62710565,0.9211331234679173,1.0
Eipr1,0.09900648,0.73320484,0.9211331234679173,1.0
Ncoa5,0.09900648,0.7056272,0.9211331234679173,1.0
Tmprss4,0.09900648,0.7825167,0.9211331234679173,1.0
Rpusd3,0.09900648,0.84901774,0.9211331234679173,1.0
Nudcd2,0.09900648,0.8796422,0.9211331234679173,1.0
Dnajc16,0.09900648,0.65609866,0.9211331234679173,1.0
Zfp81,0.09900648,0.7069016,0.9211331234679173,1.0
Pgrmc1,0.09900648,0.73132,0.9211331234679173,1.0
Flnb,0.09900648,0.6510864,0.9211331234679173,1.0
Tmco4,0.09900648,0.8732778,0.9211331234679173,1.0
Gnl3l,0.09900648,0.6634729,0.9211331234679173,1.0
Ptpn1,0.09900648,0.7429724,0.9211331234679173,1.0
Got1,0.09900648,0.6644232,0.9211331234679173,1.0
Smad3,0.09900648,0.6506712,0.9211331234679173,1.0
Pias1,0.09900648,0.76655525,0.9211331234679173,1.0
Gpr132,0.09900648,0.71061283,0.9211331234679173,1.0
Rgl2,0.09900648,0.6619701,0.9211331234679173,1.0
Slc48a1,0.09900648,0.5797109,0.9211331234679173,1.0
Nrbf2,0.09900648,0.99299604,0.9211331234679173,1.0
H2-Q2,0.09900648,0.8663085,0.9211331234679173,1.0
Insr,0.09900648,1.1144449,0.9211331234679173,1.0
Mcm9,0.09900648,0.8876095,0.9211331234679173,1.0
Dcun1d5,0.09900648,0.67759186,0.9211331234679173,1.0
Klhl42,0.09900648,1.0847653,0.9211331234679173,1.0
Pfkfb2,0.09900648,0.5419587,0.9211331234679173,1.0
Sh3glb2,0.09900648,0.9716992,0.9211331234679173,1.0
Klc1,0.09900648,0.81027997,0.9211331234679173,1.0
Msra,0.09900648,0.60380435,0.9211331234679173,1.0
R3hcc1l,0.09900648,0.75992626,0.9211331234679173,1.0
Erlin2,0.09900648,0.75611246,0.9211331234679173,1.0
Cyp4f13,0.09900648,0.6646714,0.9211331234679173,1.0
Rras,0.09900648,0.70495486,0.9211331234679173,1.0
Atg101,0.09900648,0.7510302,0.9211331234679173,1.0
Haus4,0.09900648,0.82751006,0.9211331234679173,1.0
Polr2j,0.09900648,0.6966108,0.9211331234679173,1.0
Ids,0.09900648,0.5785243,0.9211331234679173,1.0
Tmem87a,0.09900648,0.6938746,0.9211331234679173,1.0
Romo1,0.09900648,1.0414133,0.9211331234679173,1.0
Polr3d,0.09900648,1.0758209,0.9211331234679173,1.0
Gbp8,0.09900648,0.9114647,0.9211331234679173,1.0
Eci2,0.09900648,0.6508224,0.9211331234679173,1.0
Rars2,0.09900648,0.6975115,0.9211331234679173,1.0
Ptpdc1,0.09900648,0.71394414,0.9211331234679173,1.0
G3bp1,0.09900648,0.57846874,0.9211331234679173,1.0
Rnf123,0.09900648,0.6484872,0.9211331234679173,1.0
Amn1,0.09900648,0.6446413,0.9211331234679173,1.0
Mettl26,0.09900648,0.9559223,0.9211331234679173,1.0
Irak2,0.09900648,0.7662393,0.9211331234679173,1.0
Chmp6,0.09900648,0.5932272,0.9211331234679173,1.0
Rab27b,0.09900648,0.84505063,0.9211331234679173,1.0
Taf5l,0.09900648,0.65609103,0.9211331234679173,1.0
Ints12,0.09900648,0.69036573,0.9211331234679173,1.0
Notch1,0.09900648,1.2125309,0.9211331234679173,1.0
Abcb7,0.09900648,0.6171781,0.9211331234679173,1.0
Fbxw2,0.09900648,1.189035,0.9211331234679173,1.0
Clasp2,0.09900648,0.7058761,0.9211331234679173,1.0
Tspan5,0.09900648,0.55861074,0.9211331234679173,1.0
Timm10,0.09900648,0.58480567,0.9211331234679173,1.0
Trdmt1,0.09900648,0.5805031,0.9211331234679173,1.0
Sept11,0.09900648,0.24812903,0.9211331234679173,1.0
Ddx28,0.09900648,0.9583973,0.9211331234679173,1.0
Zfp24,0.09900648,0.6212223,0.9211331234679173,1.0
Aldh3a2,0.09900648,0.8445567,0.9211331234679173,1.0
Wdr48,0.09900648,0.66848,0.9211331234679173,1.0
Thoc2,0.09900648,0.7232092,0.9211331234679173,1.0
Cep19,0.09900648,0.6156711,0.9211331234679173,1.0
Nob1,0.09900648,0.7425511,0.9211331234679173,1.0
Cog8,0.09900648,0.60180724,0.9211331234679173,1.0
Capn7,0.09900648,0.6166505,0.9211331234679173,1.0
Ctr9,0.09900648,0.94983274,0.9211331234679173,1.0
Twistnb,0.09900648,0.6418555,0.9211331234679173,1.0
Noc4l,0.09900648,1.1356801,0.9211331234679173,1.0
Cfap20,0.09900648,0.8189996,0.9211331234679173,1.0
Pabpc1,0.09675633,0.21733508,0.9229199010117612,1.0
Dcaf11,0.09675633,0.32193685,0.9229199010117612,1.0
Jaml,0.09675633,0.029590508,0.9229199010117612,1.0
Dsp,0.09675633,0.21085535,0.9229199010117612,1.0
Yy1,0.09675633,0.093446225,0.9229199010117612,1.0
Psen2,0.09675633,0.15232524,0.9229199010117612,1.0
Vkorc1l1,0.09450619,0.4747439,0.9247070676078636,1.0
Ercc1,0.09450619,0.86191666,0.9247070676078636,1.0
Nampt,0.09450619,0.535711,0.9247070676078636,1.0
Ift20,0.09450619,0.57503176,0.9247070676078636,1.0
Ksr1,0.09450619,0.67193586,0.9247070676078636,1.0
Prmt9,0.09450619,0.62019074,0.9247070676078636,1.0
Zscan22,0.09450619,0.6040824,0.9247070676078636,1.0
Smad5,0.09450619,0.8006602,0.9247070676078636,1.0
Pelp1,0.09450619,0.6217666,0.9247070676078636,1.0
Zhx1,0.09450619,0.57441664,0.9247070676078636,1.0
Crls1,0.09450619,0.5643466,0.9247070676078636,1.0
Slc25a45,0.09450619,0.52702916,0.9247070676078636,1.0
Alg1,0.09450619,0.5892592,0.9247070676078636,1.0
Sh2d4a,0.09450619,0.6374714,0.9247070676078636,1.0
Zup1,0.09450619,0.51309514,0.9247070676078636,1.0
Ect2,0.09450619,0.49881166,0.9247070676078636,1.0
Afmid,0.09450619,0.60517836,0.9247070676078636,1.0
Rinl,0.09450619,0.06616469,0.9247070676078636,1.0
N6amt1,0.09450619,0.90951574,0.9247070676078636,1.0
Nle1,0.09450619,0.5561124,0.9247070676078636,1.0
Mfsd9,0.09450619,0.5911915,0.9247070676078636,1.0
Dcaf6,0.09450619,0.56241536,0.9247070676078636,1.0
Zyg11b,0.09450619,0.8242947,0.9247070676078636,1.0
Afg3l1,0.09450619,0.7926769,0.9247070676078636,1.0
Zfp954,0.09450619,0.7404044,0.9247070676078636,1.0
Rtca,0.09450619,0.5621929,0.9247070676078636,1.0
Ccar2,0.09450619,1.0280172,0.9247070676078636,1.0
Tex2,0.09450619,0.7347231,0.9247070676078636,1.0
Hook2,0.09450619,0.51151395,0.9247070676078636,1.0
Zfp445,0.09450619,0.77971727,0.9247070676078636,1.0
Nab2,0.09450619,0.47184494,0.9247070676078636,1.0
Hist1h2ae,0.09450619,0.72071034,0.9247070676078636,1.0
Sik1,0.09450619,0.49213374,0.9247070676078636,1.0
Polr2m,0.09450619,0.6649185,0.9247070676078636,1.0
Zscan26,0.09450619,0.6765535,0.9247070676078636,1.0
Polr2k,0.09450619,0.572406,0.9247070676078636,1.0
Eif4e3,0.09450619,0.52150476,0.9247070676078636,1.0
Cnep1r1,0.09450619,0.45917365,0.9247070676078636,1.0
Timm17a,0.09450619,0.60438794,0.9247070676078636,1.0
Zfyve16,0.09450619,0.86511636,0.9247070676078636,1.0
Dffa,0.09450619,0.79219013,0.9247070676078636,1.0
Csnk1g1,0.09450619,0.4973193,0.9247070676078636,1.0
Gorasp1,0.09450619,0.6869404,0.9247070676078636,1.0
Eif1a,0.09450619,0.44472352,0.9247070676078636,1.0
Rab6b,0.09450619,0.59466356,0.9247070676078636,1.0
Btbd1,0.09450619,0.7672525,0.9247070676078636,1.0
Tom1l2,0.09450619,0.59283316,0.9247070676078636,1.0
B3galt5,0.09450619,0.7123793,0.9247070676078636,1.0
Bag5,0.09450619,0.62040937,0.9247070676078636,1.0
Ddr1,0.09450619,0.59829736,0.9247070676078636,1.0
Tmem181a,0.09450619,0.80531013,0.9247070676078636,1.0
Dip2a,0.09450619,0.849249,0.9247070676078636,1.0
Mier2,0.09450619,0.8946337,0.9247070676078636,1.0
Slc12a6,0.09450619,0.5954883,0.9247070676078636,1.0
Ift46,0.09450619,0.49097192,0.9247070676078636,1.0
Lmnb1,0.09450619,0.73425144,0.9247070676078636,1.0
Isx,0.09450619,0.5119706,0.9247070676078636,1.0
Cct5,0.09450619,0.5119552,0.9247070676078636,1.0
Kdm3a,0.09450619,0.76021785,0.9247070676078636,1.0
Smim31,0.09450619,0.6921602,0.9247070676078636,1.0
Gbp2,0.09450619,0.5619912,0.9247070676078636,1.0
Stk39,0.09450619,1.0361738,0.9247070676078636,1.0
Mbd1,0.09450619,0.56854165,0.9247070676078636,1.0
Nod1,0.09450619,0.6866742,0.9247070676078636,1.0
Ccl6,0.09450619,0.53468674,0.9247070676078636,1.0
Tusc2,0.09450619,0.51785016,0.9247070676078636,1.0
Ebpl,0.09450619,0.70550805,0.9247070676078636,1.0
Cth,0.09450619,0.7400711,0.9247070676078636,1.0
Jtb,0.09450619,0.6244397,0.9247070676078636,1.0
Cep44,0.09450619,0.6275535,0.9247070676078636,1.0
As3mt,0.09450619,0.76242256,0.9247070676078636,1.0
Lrba,0.09225604,0.023987917,0.926494614290277,1.0
Tmem160,0.09225604,0.118459344,0.926494614290277,1.0
Stt3b,0.09225604,0.27691302,0.926494614290277,1.0
Fam50a,0.09225604,0.12513843,0.926494614290277,1.0
Ash1l,0.09225604,0.39612985,0.926494614290277,1.0
Clint1,0.09225604,0.1195359,0.926494614290277,1.0
Ciao2a,0.09225604,0.20919535,0.926494614290277,1.0
Itpkb,0.09225604,0.15379104,0.926494614290277,1.0
Phkg2,0.09225604,0.59918964,0.926494614290277,1.0
Dnajb12,0.09000589,0.45231423,0.9282825320872985,1.0
Zcchc18,0.09000589,0.5837536,0.9282825320872985,1.0
Gemin2,0.09000589,0.39803734,0.9282825320872985,1.0
Ick,0.09000589,0.3008635,0.9282825320872985,1.0
Emc7,0.09000589,0.42780244,0.9282825320872985,1.0
Ube3b,0.09000589,0.44395337,0.9282825320872985,1.0
Cdc16,0.09000589,0.2316527,0.9282825320872985,1.0
Lyar,0.09000589,0.7287172,0.9282825320872985,1.0
Rfx7,0.09000589,0.51988614,0.9282825320872985,1.0
Zbtb18,0.09000589,0.4057302,0.9282825320872985,1.0
Usp30,0.09000589,0.39210677,0.9282825320872985,1.0
Trbv12-1,0.09000589,0.26275623,0.9282825320872985,1.0
Mark3,0.09000589,0.70917386,0.9282825320872985,1.0
Josd1,0.09000589,0.45571277,0.9282825320872985,1.0
Foxa1,0.09000589,0.4611032,0.9282825320872985,1.0
Lrig1,0.09000589,0.35059708,0.9282825320872985,1.0
Opa3,0.09000589,0.4633051,0.9282825320872985,1.0
Tfdp2,0.09000589,0.43688866,0.9282825320872985,1.0
Arl16,0.09000589,0.37944776,0.9282825320872985,1.0
Hid1,0.09000589,0.44201165,0.9282825320872985,1.0
Acox1,0.09000589,0.35279897,0.9282825320872985,1.0
Rogdi,0.09000589,0.73646957,0.9282825320872985,1.0
Smim22,0.09000589,0.45258427,0.9282825320872985,1.0
L1cam,0.09000589,0.35596526,0.9282825320872985,1.0
Ttc13,0.09000589,0.47002554,0.9282825320872985,1.0
Babam2,0.09000589,0.32270113,0.9282825320872985,1.0
Dnaja1,0.09000589,0.53390837,0.9282825320872985,1.0
Akt2,0.09000589,0.50795513,0.9282825320872985,1.0
Trmt2a,0.09000589,0.39635852,0.9282825320872985,1.0
Piezo1,0.09000589,0.54992783,0.9282825320872985,1.0
Map1s,0.09000589,0.56010044,0.9282825320872985,1.0
Kcne3,0.09000589,0.4936195,0.9282825320872985,1.0
Ambra1,0.09000589,0.24147235,0.9282825320872985,1.0
Ankfy1,0.09000589,0.42168948,0.9282825320872985,1.0
Pdpr,0.09000589,0.5397227,0.9282825320872985,1.0
H2-Eb2,0.09000589,0.42349666,0.9282825320872985,1.0
Rassf7,0.09000589,0.34302652,0.9282825320872985,1.0
Mpp5,0.09000589,0.57176584,0.9282825320872985,1.0
Fam110c,0.09000589,0.36156484,0.9282825320872985,1.0
Atg2a,0.09000589,0.41256475,0.9282825320872985,1.0
Jade1,0.09000589,0.50059736,0.9282825320872985,1.0
Actr2,0.09000589,0.6776496,0.9282825320872985,1.0
Arpin,0.09000589,0.26670253,0.9282825320872985,1.0
Spata5,0.09000589,0.4580228,0.9282825320872985,1.0
Actr10,0.09000589,0.47474194,0.9282825320872985,1.0
Ikzf5,0.09000589,0.51681745,0.9282825320872985,1.0
Carnmt1,0.09000589,0.75180745,0.9282825320872985,1.0
Abi1,0.09000589,0.29248253,0.9282825320872985,1.0
Pigf,0.09000589,0.50272775,0.9282825320872985,1.0
Phf1,0.09000589,0.42734337,0.9282825320872985,1.0
St6galnac3,0.09000589,0.25505686,0.9282825320872985,1.0
Spindoc,0.09000589,0.43104878,0.9282825320872985,1.0
Zfp715,0.09000589,0.40817115,0.9282825320872985,1.0
Cul5,0.09000589,0.45280954,0.9282825320872985,1.0
Adam19,0.09000589,0.5949213,0.9282825320872985,1.0
Paqr5,0.09000589,0.45193586,0.9282825320872985,1.0
Prep,0.09000589,0.225431,0.9282825320872985,1.0
Wdr20,0.09000589,0.56919485,0.9282825320872985,1.0
Pigp,0.09000589,0.45329458,0.9282825320872985,1.0
Gys1,0.09000589,0.5189182,0.9282825320872985,1.0
Klk8,0.09000589,0.2602128,0.9282825320872985,1.0
Rtf1,0.09000589,0.62884736,0.9282825320872985,1.0
Btbd2,0.09000589,0.6432217,0.9282825320872985,1.0
Prickle3,0.09000589,0.40429813,0.9282825320872985,1.0
Eef1akmt1,0.09000589,0.37183774,0.9282825320872985,1.0
Slc25a19,0.09000589,0.45685512,0.9282825320872985,1.0
Rbms1,0.09000589,0.39330935,0.9282825320872985,1.0
Phf6,0.09000589,0.4383135,0.9282825320872985,1.0
AW209491,0.09000589,0.3236019,0.9282825320872985,1.0
Utp18,0.09000589,0.5467082,0.9282825320872985,1.0
Apobec1,0.09000589,0.4763119,0.9282825320872985,1.0
Cep170,0.09000589,0.43938953,0.9282825320872985,1.0
Rprd2,0.08775575,0.18866415,0.9300708120216035,1.0
N4bp1,0.08775575,0.14328039,0.9300708120216035,1.0
Mlycd,0.08775575,0.40766397,0.9300708120216035,1.0
Clip1,0.08775575,0.3967667,0.9300708120216035,1.0
Ptpmt1,0.08775575,0.5856913,0.9300708120216035,1.0
Tomm34,0.08775575,0.12710011,0.9300708120216035,1.0
Bud23,0.08775575,0.4360949,0.9300708120216035,1.0
Snrnp70,0.08775575,0.29486638,0.9300708120216035,1.0
Psme3,0.08775575,0.13906883,0.9300708120216035,1.0
Dnaja2,0.08775575,0.10221364,0.9300708120216035,1.0
Nudt22,0.08775575,0.41626868,0.9300708120216035,1.0
Arpc5,0.08775575,0.15389392,0.9300708120216035,1.0
Csnk2b,0.08775575,0.30866215,0.9300708120216035,1.0
March9,0.08775575,0.21418795,0.9300708120216035,1.0
Tnpo1,0.08775575,0.3143476,0.9300708120216035,1.0
Shoc2,0.0855056,0.19305672,0.9318594451103821,1.0
Vta1,0.0855056,0.25228247,0.9318594451103821,1.0
Wdr45b,0.0855056,0.12895349,0.9318594451103821,1.0
Tom1,0.0855056,0.29184964,0.9318594451103821,1.0
Smim27,0.0855056,0.32697546,0.9318594451103821,1.0
S100a4,0.0855056,0.28510413,0.9318594451103821,1.0
Slc30a9,0.0855056,0.37868142,0.9318594451103821,1.0
Mospd1,0.0855056,0.13882665,0.9318594451103821,1.0
Eef1akmt2,0.0855056,0.29713702,0.9318594451103821,1.0
Mapkap1,0.0855056,0.39451575,0.9318594451103821,1.0
Nop14,0.0855056,0.092442274,0.9318594451103821,1.0
Nsmce2,0.0855056,0.21361212,0.9318594451103821,1.0
Akr1b10,0.0855056,0.29573953,0.9318594451103821,1.0
Ciz1,0.0855056,0.36977476,0.9318594451103821,1.0
Vwa5a,0.0855056,0.13308527,0.9318594451103821,1.0
Ung,0.0855056,0.2564649,0.9318594451103821,1.0
Ivd,0.0855056,0.31342062,0.9318594451103821,1.0
Klhdc3,0.0855056,0.09539805,0.9318594451103821,1.0
Slc35f5,0.0855056,-0.102714606,0.9318594451103821,1.0
Il17rc,0.0855056,0.354973,0.9318594451103821,1.0
Rcl1,0.0855056,0.22498669,0.9318594451103821,1.0
Pdk1,0.0855056,0.25514135,0.9318594451103821,1.0
Pigb,0.0855056,0.39472103,0.9318594451103821,1.0
Rgmb,0.0855056,0.3695797,0.9318594451103821,1.0
Sult2b1,0.0855056,0.24134168,0.9318594451103821,1.0
Ppip5k2,0.0855056,0.2901647,0.9318594451103821,1.0
Cd81,0.0855056,0.24035382,0.9318594451103821,1.0
Tssc4,0.0855056,0.17146441,0.9318594451103821,1.0
Nfatc2ip,0.0855056,-0.07036451,0.9318594451103821,1.0
Aco2,0.0855056,0.30727923,0.9318594451103821,1.0
Pign,0.0855056,0.18001673,0.9318594451103821,1.0
Igip,0.0855056,0.21357097,0.9318594451103821,1.0
Mal2,0.0855056,0.3064912,0.9318594451103821,1.0
Pigh,0.0855056,0.37513256,0.9318594451103821,1.0
Fut8,0.0855056,0.23176745,0.9318594451103821,1.0
Mapk8,0.0855056,0.28466117,0.9318594451103821,1.0
Rap1gds1,0.08325545,0.090820424,0.9336484223654736,1.0
Parp1,0.08325545,0.5138227,0.9336484223654736,1.0
Slc44a3,0.08325545,0.3067303,0.9336484223654736,1.0
Ubc,0.08325545,-0.00066360115,0.9336484223654736,1.0
Dynlrb1,0.08325545,-0.12107957,0.9336484223654736,1.0
Tmco1,0.08325545,0.3797789,0.9336484223654736,1.0
Cbx4,0.08325545,0.098262176,0.9336484223654736,1.0
Aim2,0.08325545,0.10942508,0.9336484223654736,1.0
Borcs5,0.081005305,0.20885757,0.9354377347935027,1.0
Tmem246,0.081005305,0.037127495,0.9354377347935027,1.0
Akap1,0.081005305,0.18173362,0.9354377347935027,1.0
Pex2,0.081005305,0.19500576,0.9354377347935027,1.0
Nt5c3,0.081005305,-0.24263138,0.9354377347935027,1.0
Isg20l2,0.081005305,0.2543688,0.9354377347935027,1.0
Dnajc18,0.081005305,0.12885936,0.9354377347935027,1.0
Igtp,0.081005305,0.086329006,0.9354377347935027,1.0
Dnm1l,0.081005305,0.29569176,0.9354377347935027,1.0
Ccdc34,0.081005305,0.19383289,0.9354377347935027,1.0
Man1b1,0.081005305,0.25403097,0.9354377347935027,1.0
Myo1d,0.081005305,0.20393871,0.9354377347935027,1.0
Champ1,0.081005305,0.04763651,0.9354377347935027,1.0
Sos2,0.081005305,-0.061538722,0.9354377347935027,1.0
Vma21,0.081005305,0.26092935,0.9354377347935027,1.0
Fes,0.081005305,0.11841739,0.9354377347935027,1.0
Rbbp5,0.081005305,0.100238994,0.9354377347935027,1.0
Il18,0.081005305,0.15572843,0.9354377347935027,1.0
Cdk5,0.081005305,-0.006001467,0.9354377347935027,1.0
Chmp2a,0.081005305,0.3610538,0.9354377347935027,1.0
Nr2c2ap,0.081005305,0.14891826,0.9354377347935027,1.0
Timp2,0.081005305,0.4076399,0.9354377347935027,1.0
Tcf7l2,0.081005305,0.2759149,0.9354377347935027,1.0
Klhdc10,0.081005305,-0.029318016,0.9354377347935027,1.0
Lsm10,0.081005305,0.118993446,0.9354377347935027,1.0
Plscr1,0.078755155,0.4066187,0.9372273733960144,1.0
Ddx52,0.078755155,0.3409151,0.9372273733960144,1.0
Rnf139,0.078755155,0.06196347,0.9372273733960144,1.0
Prelid1,0.078755155,0.3034611,0.9372273733960144,1.0
Cdkn2aipnl,0.078755155,0.31233037,0.9372273733960144,1.0
Lrrc42,0.078755155,0.43630406,0.9372273733960144,1.0
Nab1,0.078755155,-0.104240894,0.9372273733960144,1.0
Rce1,0.078755155,0.31842747,0.9372273733960144,1.0
Cmc2,0.078755155,0.3370932,0.9372273733960144,1.0
Pim1,0.076505005,0.008252863,0.9390173291696101,1.0
Tcea1,0.076505005,0.2866542,0.9390173291696101,1.0
Ssna1,0.07425486,0.25021756,0.9408075931060841,1.0
Pmpca,0.07425486,0.4346265,0.9408075931060841,1.0
Pak1ip1,0.07425486,0.31136206,0.9408075931060841,1.0
Nsmaf,0.07425486,0.44205076,0.9408075931060841,1.0
Fgl2,0.07425486,0.39376962,0.9408075931060841,1.0
Fam3c,0.07425486,0.055740844,0.9408075931060841,1.0
N4bp2l2,0.07425486,0.06616712,0.9408075931060841,1.0
Hpf1,0.07425486,0.31360853,0.9408075931060841,1.0
Dag1,0.07425486,0.33543605,0.9408075931060841,1.0
Zfp740,0.07425486,0.3108484,0.9408075931060841,1.0
Rad54l2,0.07425486,0.31479165,0.9408075931060841,1.0
Birc6,0.07200471,0.040826023,0.9425981561925584,1.0
Atp1b3,0.07200471,0.15923639,0.9425981561925584,1.0
Gimap6,0.07200471,-0.06999261,0.9425981561925584,1.0
Sft2d2,0.07200471,0.22100355,0.9425981561925584,1.0
Ndufs4,0.07200471,0.37794363,0.9425981561925584,1.0
Znrd1,0.07200471,0.22700047,0.9425981561925584,1.0
Ldha,0.06975456,0.10607037,0.9443890094116196,1.0
Supt16,0.06975456,0.054075863,0.9443890094116196,1.0
Zfp266,0.06975456,0.23765902,0.9443890094116196,1.0
Axin1,0.06975456,0.20141695,0.9443890094116196,1.0
Slc35a1,0.06975456,0.4592819,0.9443890094116196,1.0
Cxcr6,0.06975456,0.25409797,0.9443890094116196,1.0
Epb41l4b,0.06975456,0.02233325,0.9443890094116196,1.0
Surf4,0.06975456,0.06339517,0.9443890094116196,1.0
Slc25a51,0.06975456,0.22267042,0.9443890094116196,1.0
Cdx1,0.06975456,0.0175053,0.9443890094116196,1.0
Vrk2,0.06975456,0.44296727,0.9443890094116196,1.0
Tmbim4,0.06975456,0.17211798,0.9443890094116196,1.0
Atraid,0.06975456,0.18501301,0.9443890094116196,1.0
Slmap,0.06525427,-0.08567696,0.9479715501559891,1.0
Map3k11,0.06525427,0.23567207,0.9479715501559891,1.0
Ighd,0.06525427,0.22681257,0.9479715501559891,1.0
Ythdf3,0.06525427,-0.038946737,0.9479715501559891,1.0
Pwwp2a,0.06525427,0.17394039,0.9479715501559891,1.0
Ly75,0.06525427,0.4213188,0.9479715501559891,1.0
Ppm1g,0.06525427,0.052209936,0.9479715501559891,1.0
Dctpp1,0.06525427,0.273152,0.9479715501559891,1.0
H3f3a,0.06300413,0.25217327,0.9497632196250194,1.0
Rsu1,0.06075398,0.19422327,0.9515551431143539,1.0
Pgrmc2,0.06075398,0.24856342,0.9515551431143539,1.0
Acat1,0.06075398,0.07108907,0.9515551431143539,1.0
Itsn2,0.06075398,0.29401,0.9515551431143539,1.0
Atp6v0a2,0.06075398,0.14311612,0.9515551431143539,1.0
Atp8a1,0.06075398,0.1716122,0.9515551431143539,1.0
Pdcl3,0.06075398,0.1704198,0.9515551431143539,1.0
Rtn3,0.06075398,0.00857518,0.9515551431143539,1.0
Sult1d1,0.05850383,0.09330704,0.953347311585947,1.0
Tprn,0.056253683,0.17380315,0.9551397159980365,1.0
Ddx1,0.056253683,0.11757067,0.9551397159980365,1.0
Msh3,0.056253683,0.0736929,0.9551397159980365,1.0
Wdr1,0.056253683,0.11022317,0.9551397159980365,1.0
Atp6v1c1,0.056253683,0.15659113,0.9551397159980365,1.0
Pitpnc1,0.056253683,0.34932756,0.9551397159980365,1.0
Lig3,0.056253683,0.4132854,0.9551397159980365,1.0
Atp2a2,0.056253683,0.27146596,0.9551397159980365,1.0
Pafah1b1,0.056253683,0.18699202,0.9551397159980365,1.0
Psmb10,0.056253683,0.13270898,0.9551397159980365,1.0
Recql,0.056253683,0.3084779,0.9551397159980365,1.0
Pop5,0.056253683,0.2954273,0.9551397159980365,1.0
Rchy1,0.056253683,0.27083957,0.9551397159980365,1.0
Idh2,0.054003537,0.21752146,0.9569323473052807,1.0
Ppp1r12a,0.054003537,0.09677069,0.9569323473052807,1.0
Eif3f,0.054003537,0.13151544,0.9569323473052807,1.0
Lamp2,0.054003537,0.22810711,0.9569323473052807,1.0
Tsta3,0.054003537,0.18914415,0.9569323473052807,1.0
Lsm8,0.051753387,-0.00066957646,0.958725196458895,1.0
Srp19,0.051753387,0.20872697,0.958725196458895,1.0
Ccdc59,0.051753387,0.15508264,0.958725196458895,1.0
Rai1,0.051753387,0.11890563,0.958725196458895,1.0
Fam172a,0.051753387,0.14241387,0.958725196458895,1.0
Safb2,0.051753387,0.107430644,0.958725196458895,1.0
Srsf3,0.051753387,0.1729624,0.958725196458895,1.0
Rnf169,0.051753387,0.14479147,0.958725196458895,1.0
Ngly1,0.051753387,-0.075560234,0.958725196458895,1.0
Fuca1,0.051753387,0.1077074,0.958725196458895,1.0
Kdm5c,0.051753387,0.14702678,0.958725196458895,1.0
Ndufs1,0.051753387,0.1342806,0.958725196458895,1.0
Zc3h7b,0.04950324,0.12963738,0.9605182544067891,1.0
Vps16,0.04950324,0.17153898,0.9605182544067891,1.0
Cdyl,0.04950324,0.20408583,0.9605182544067891,1.0
Naa15,0.04950324,0.2617418,0.9605182544067891,1.0
Chd3,0.04950324,0.20427908,0.9605182544067891,1.0
Ripk3,0.047253095,0.6867595,0.9623115120937038,1.0
Ddb1,0.047253095,0.5954902,0.9623115120937038,1.0
Dennd2d,0.047253095,0.84036434,0.9623115120937038,1.0
Trim32,0.047253095,1.021183,0.9623115120937038,1.0
Gtf3c1,0.047253095,0.968922,0.9623115120937038,1.0
Lpcat4,0.047253095,1.5061262,0.9623115120937038,1.0
Kif23,0.047253095,0.8576833,0.9623115120937038,1.0
Arhgap17,0.047253095,0.75238395,0.9623115120937038,1.0
Parp12,0.047253095,0.87876,0.9623115120937038,1.0
Ern2,0.047253095,1.165352,0.9623115120937038,1.0
Nhlrc2,0.047253095,0.7551539,0.9623115120937038,1.0
Zfp51,0.047253095,0.76261294,0.9623115120937038,1.0
Elp1,0.047253095,0.46203902,0.9623115120937038,1.0
Zfp157,0.047253095,1.1516547,0.9623115120937038,1.0
Glce,0.047253095,0.48914012,0.9623115120937038,1.0
Zbtb21,0.047253095,0.44221154,0.9623115120937038,1.0
Ripk4,0.047253095,0.6475649,0.9623115120937038,1.0
Ccne1,0.047253095,0.6041337,0.9623115120937038,1.0
Naglu,0.047253095,0.6432176,0.9623115120937038,1.0
Clk3,0.047253095,0.617588,0.9623115120937038,1.0
Zfp141,0.047253095,0.46568498,0.9623115120937038,1.0
Tbce,0.047253095,0.4713035,0.9623115120937038,1.0
Lyst,0.047253095,0.8823504,0.9623115120937038,1.0
Ero1lb,0.047253095,0.6527018,0.9623115120937038,1.0
BC035044,0.047253095,0.90565157,0.9623115120937038,1.0
Lsm1,0.047253095,0.6265163,0.9623115120937038,1.0
Snx33,0.047253095,0.7924787,0.9623115120937038,1.0
Fdxacb1,0.047253095,0.6236929,0.9623115120937038,1.0
Fam219b,0.047253095,1.166586,0.9623115120937038,1.0
Tmem117,0.047253095,0.4960176,0.9623115120937038,1.0
Ppcdc,0.047253095,1.0905892,0.9623115120937038,1.0
Fbxl12,0.047253095,0.5134995,0.9623115120937038,1.0
Fancl,0.047253095,0.8648125,0.9623115120937038,1.0
Khnyn,0.047253095,0.7456935,0.9623115120937038,1.0
Srp14,0.047253095,0.7402285,0.9623115120937038,1.0
Dipk1b,0.047253095,0.46678534,0.9623115120937038,1.0
Manba,0.047253095,0.69167715,0.9623115120937038,1.0
Mppe1,0.047253095,0.6643856,0.9623115120937038,1.0
Mgat3,0.047253095,0.52543974,0.9623115120937038,1.0
Ap4m1,0.047253095,0.62942946,0.9623115120937038,1.0
Tepsin,0.047253095,0.628313,0.9623115120937038,1.0
Prkce,0.047253095,0.53688794,0.9623115120937038,1.0
Aff3,0.047253095,0.47763538,0.9623115120937038,1.0
Gnb1l,0.047253095,0.5267476,0.9623115120937038,1.0
Urb1,0.047253095,0.71005183,0.9623115120937038,1.0
Pola1,0.047253095,0.8090869,0.9623115120937038,1.0
Vamp5,0.047253095,0.4819988,0.9623115120937038,1.0
Clpb,0.047253095,0.6894149,0.9623115120937038,1.0
Mad2l2,0.047253095,1.4233602,0.9623115120937038,1.0
Baiap2l2,0.047253095,0.5516411,0.9623115120937038,1.0
Fam83b,0.047253095,0.6475649,0.9623115120937038,1.0
Tchp,0.047253095,0.5339621,0.9623115120937038,1.0
Zfp945,0.047253095,0.52942854,0.9623115120937038,1.0
Mrgbp,0.047253095,0.73544776,0.9623115120937038,1.0
Rsad1,0.047253095,0.8457538,0.9623115120937038,1.0
Hist1h1d,0.047253095,0.547365,0.9623115120937038,1.0
Ccdc115,0.047253095,0.66178364,0.9623115120937038,1.0
Slc20a2,0.047253095,0.50283515,0.9623115120937038,1.0
Zfp606,0.047253095,1.2242297,0.9623115120937038,1.0
Rapgefl1,0.047253095,0.7307058,0.9623115120937038,1.0
Whamm,0.047253095,0.50218564,0.9623115120937038,1.0
Slc25a13,0.047253095,0.6078105,0.9623115120937038,1.0
Slc22a1,0.047253095,1.2777491,0.9623115120937038,1.0
Btbd9,0.047253095,0.4425754,0.9623115120937038,1.0
Dis3l2,0.047253095,0.60096264,0.9623115120937038,1.0
Zfp644,0.047253095,0.7291285,0.9623115120937038,1.0
St7,0.047253095,0.64329535,0.9623115120937038,1.0
Sowahc,0.047253095,0.6058075,0.9623115120937038,1.0
Fasl,0.047253095,0.48993373,0.9623115120937038,1.0
Smco4,0.047253095,0.8980354,0.9623115120937038,1.0
Sptlc2,0.047253095,0.65969837,0.9623115120937038,1.0
Pomt2,0.047253095,0.4901737,0.9623115120937038,1.0
Smim6,0.047253095,1.0474206,0.9623115120937038,1.0
Golt1b,0.047253095,0.6782458,0.9623115120937038,1.0
Cog2,0.047253095,1.0888386,0.9623115120937038,1.0
Clcn3,0.047253095,0.7374363,0.9623115120937038,1.0
Sec14l1,0.047253095,0.55734074,0.9623115120937038,1.0
Aar2,0.047253095,0.696815,0.9623115120937038,1.0
Scamp1,0.047253095,1.0550628,0.9623115120937038,1.0
Rell2,0.047253095,0.6490141,0.9623115120937038,1.0
Pinx1,0.047253095,1.3425757,0.9623115120937038,1.0
Cdc14a,0.047253095,1.1015958,0.9623115120937038,1.0
Pbk,0.047253095,1.3785125,0.9623115120937038,1.0
Reep6,0.047253095,1.352598,0.9623115120937038,1.0
Malrd1,0.047253095,0.48257717,0.9623115120937038,1.0
Ada,0.047253095,1.1630274,0.9623115120937038,1.0
Fhl2,0.047253095,0.83041596,0.9623115120937038,1.0
Atl2,0.047253095,1.1022054,0.9623115120937038,1.0
Msantd2,0.047253095,0.8484543,0.9623115120937038,1.0
Ttc22,0.047253095,0.51439834,0.9623115120937038,1.0
Asb8,0.047253095,0.8330243,0.9623115120937038,1.0
Zswim9,0.047253095,0.4825152,0.9623115120937038,1.0
Klc2,0.047253095,0.44478607,0.9623115120937038,1.0
Cenpk,0.047253095,0.51248413,0.9623115120937038,1.0
Itga2,0.047253095,0.8047829,0.9623115120937038,1.0
Ndufaf1,0.047253095,1.2611245,0.9623115120937038,1.0
Grasp,0.047253095,0.6945539,0.9623115120937038,1.0
Soat2,0.047253095,1.3627024,0.9623115120937038,1.0
Kyat1,0.047253095,0.5004447,0.9623115120937038,1.0
Thg1l,0.047253095,0.63223785,0.9623115120937038,1.0
Pgk1,0.047253095,0.73240054,0.9623115120937038,1.0
Knstrn,0.047253095,0.87876,0.9623115120937038,1.0
Proser3,0.047253095,0.7047126,0.9623115120937038,1.0
Diaph2,0.047253095,0.5105913,0.9623115120937038,1.0
Smox,0.047253095,0.53567296,0.9623115120937038,1.0
Rab23,0.047253095,1.1530384,0.9623115120937038,1.0
Ormdl2,0.047253095,0.7402285,0.9623115120937038,1.0
Zc3h10,0.047253095,0.56577027,0.9623115120937038,1.0
Sbf2,0.047253095,0.48477757,0.9623115120937038,1.0
Trim30a,0.047253095,0.7967778,0.9623115120937038,1.0
Rabl3,0.047253095,0.73563725,0.9623115120937038,1.0
Rpgrip1l,0.047253095,0.906217,0.9623115120937038,1.0
Nepro,0.047253095,1.1671562,0.9623115120937038,1.0
Sufu,0.047253095,0.51686186,0.9623115120937038,1.0
Meaf6,0.047253095,1.0640763,0.9623115120937038,1.0
Slc12a8,0.047253095,0.714397,0.9623115120937038,1.0
Zfp148,0.047253095,0.4738131,0.9623115120937038,1.0
Klhl12,0.047253095,0.5353237,0.9623115120937038,1.0
Immp2l,0.047253095,0.61822206,0.9623115120937038,1.0
Polr2d,0.047253095,0.61026585,0.9623115120937038,1.0
Tpgs2,0.047253095,0.595482,0.9623115120937038,1.0
Cfl2,0.047253095,0.8727741,0.9623115120937038,1.0
Rdh10,0.047253095,1.451776,0.9623115120937038,1.0
Arl4a,0.047253095,0.51339614,0.9623115120937038,1.0
Gosr2,0.047253095,0.69647145,0.9623115120937038,1.0
Xlr4c,0.047253095,1.4233602,0.9623115120937038,1.0
Zfp775,0.047253095,0.6545738,0.9623115120937038,1.0
Zfp956,0.047253095,0.7448312,0.9623115120937038,1.0
Rbmx2,0.047253095,1.1893283,0.9623115120937038,1.0
Tmem139,0.047253095,0.51574844,0.9623115120937038,1.0
Scrn3,0.047253095,0.7021926,0.9623115120937038,1.0
Ptges3l,0.047253095,0.4791639,0.9623115120937038,1.0
Npat,0.047253095,0.63976943,0.9623115120937038,1.0
Nfib,0.047253095,0.4386398,0.9623115120937038,1.0
Vps39,0.047253095,0.5059032,0.9623115120937038,1.0
Pla2g4b,0.047253095,0.46126708,0.9623115120937038,1.0
Dip2b,0.047253095,0.7014252,0.9623115120937038,1.0
Fam216a,0.047253095,0.968922,0.9623115120937038,1.0
Uck1,0.047253095,0.6513113,0.9623115120937038,1.0
Celsr2,0.047253095,0.5807237,0.9623115120937038,1.0
Lmnb2,0.047253095,0.6897069,0.9623115120937038,1.0
Ppp1r9a,0.047253095,0.6730081,0.9623115120937038,1.0
Glod5,0.047253095,0.45018795,0.9623115120937038,1.0
Znrd2,0.047253095,0.54621524,0.9623115120937038,1.0
Gna12,0.047253095,0.6545738,0.9623115120937038,1.0
Sco2,0.047253095,0.47349387,0.9623115120937038,1.0
Cutc,0.047253095,0.7130014,0.9623115120937038,1.0
Ptpn4,0.047253095,0.686005,0.9623115120937038,1.0
Tsen54,0.047253095,1.0992899,0.9623115120937038,1.0
Krt7,0.047253095,0.5860986,0.9623115120937038,1.0
Nectin1,0.047253095,0.4738131,0.9623115120937038,1.0
Dhx35,0.047253095,1.274614,0.9623115120937038,1.0
Actr5,0.047253095,0.6350027,0.9623115120937038,1.0
Milr1,0.047253095,0.7967778,0.9623115120937038,1.0
Slc25a29,0.047253095,0.6722367,0.9623115120937038,1.0
Aacs,0.047253095,0.5432944,0.9623115120937038,1.0
Yipf2,0.047253095,0.55184275,0.9623115120937038,1.0
Fgf1,0.047253095,0.94155437,0.9623115120937038,1.0
Bace2,0.047253095,0.72209686,0.9623115120937038,1.0
Zbtb40,0.047253095,0.6757538,0.9623115120937038,1.0
Mbd4,0.047253095,1.2242297,0.9623115120937038,1.0
Haus2,0.047253095,0.6659012,0.9623115120937038,1.0
Lurap1l,0.047253095,1.3745966,0.9623115120937038,1.0
Zfyve19,0.047253095,0.58815354,0.9623115120937038,1.0
Zfp386,0.047253095,0.46685204,0.9623115120937038,1.0
Slc8a1,0.047253095,0.5498879,0.9623115120937038,1.0
Cxcr5,0.047253095,1.1630274,0.9623115120937038,1.0
Cep164,0.047253095,0.6170936,0.9623115120937038,1.0
Alg9,0.047253095,0.5284631,0.9623115120937038,1.0
Acsl1,0.047253095,0.6701901,0.9623115120937038,1.0
Rnf26,0.047253095,0.6204023,0.9623115120937038,1.0
Vopp1,0.047253095,0.5397021,0.9623115120937038,1.0
Slc16a6,0.047253095,0.90577465,0.9623115120937038,1.0
Araf,0.047253095,0.5084333,0.9623115120937038,1.0
Asrgl1,0.047253095,0.73513937,0.9623115120937038,1.0
Acad10,0.047253095,0.47060478,0.9623115120937038,1.0
Fam221a,0.047253095,0.6897069,0.9623115120937038,1.0
Pcnx,0.047253095,0.58805674,0.9623115120937038,1.0
Churc1,0.047253095,0.98252934,0.9623115120937038,1.0
Elmsan1,0.047253095,0.044167258,0.9623115120937038,1.0
Cd200,0.047253095,0.45641664,0.9623115120937038,1.0
Ciao3,0.047253095,1.3401548,0.9623115120937038,1.0
Tfpt,0.047253095,1.4663268,0.9623115120937038,1.0
Nrbp1,0.047253095,0.5620036,0.9623115120937038,1.0
Trps1,0.047253095,0.4771814,0.9623115120937038,1.0
Map4,0.047253095,0.3113122,0.9623115120937038,1.0
Nme6,0.047253095,0.6009049,0.9623115120937038,1.0
Usp45,0.047253095,0.57927656,0.9623115120937038,1.0
Fam222b,0.047253095,1.0611495,0.9623115120937038,1.0
Mgll,0.047253095,0.68218946,0.9623115120937038,1.0
Brd9,0.047253095,1.4714452,0.9623115120937038,1.0
Hip1,0.047253095,0.53896785,0.9623115120937038,1.0
Intu,0.047253095,0.6017032,0.9623115120937038,1.0
Nup35,0.047253095,0.48343378,0.9623115120937038,1.0
Nlgn2,0.047253095,0.762752,0.9623115120937038,1.0
Wrap73,0.047253095,0.49623695,0.9623115120937038,1.0
Slc22a18,0.047253095,0.4939575,0.9623115120937038,1.0
Zc3h3,0.047253095,0.6466736,0.9623115120937038,1.0
Fbxl6,0.047253095,0.9197382,0.9623115120937038,1.0
Pex5,0.047253095,0.47865626,0.9623115120937038,1.0
Ccnq,0.047253095,0.6110601,0.9623115120937038,1.0
Ninj1,0.047253095,0.4678553,0.9623115120937038,1.0
Rasd2,0.047253095,0.8203409,0.9623115120937038,1.0
Arl13b,0.047253095,0.6504264,0.9623115120937038,1.0
Lipe,0.047253095,0.6350027,0.9623115120937038,1.0
Mospd2,0.047253095,1.3627024,0.9623115120937038,1.0
Arxes2,0.047253095,0.45018795,0.9623115120937038,1.0
Fbxl8,0.047253095,0.45573777,0.9623115120937038,1.0
Ripor1,0.047253095,0.6994396,0.9623115120937038,1.0
Dcxr,0.047253095,0.49153796,0.9623115120937038,1.0
Lhpp,0.047253095,0.6861629,0.9623115120937038,1.0
Ccdc28a,0.047253095,0.7475246,0.9623115120937038,1.0
Atpsckmt,0.047253095,0.665175,0.9623115120937038,1.0
Napg,0.047253095,1.4097513,0.9623115120937038,1.0
Ehd1,0.047253095,0.66869974,0.9623115120937038,1.0
Wfs1,0.047253095,1.3785125,0.9623115120937038,1.0
Ppp2r2c,0.047253095,1.3887144,0.9623115120937038,1.0
Rexo5,0.047253095,0.6306128,0.9623115120937038,1.0
Sec22a,0.047253095,0.48573026,0.9623115120937038,1.0
Trmt12,0.047253095,0.7976636,0.9623115120937038,1.0
Mgam2-ps,0.047253095,0.6017032,0.9623115120937038,1.0
Trmt1,0.047253095,0.88978976,0.9623115120937038,1.0
Pkp1,0.047253095,0.7030241,0.9623115120937038,1.0
Zmym4,0.047253095,0.60327893,0.9623115120937038,1.0
Rnf13,0.047253095,0.9185098,0.9623115120937038,1.0
Camkk2,0.047253095,0.48726383,0.9623115120937038,1.0
Pikfyve,0.047253095,0.5728219,0.9623115120937038,1.0
Fastkd2,0.047253095,0.62503564,0.9623115120937038,1.0
Sec22c,0.047253095,1.4834722,0.9623115120937038,1.0
Tgs1,0.047253095,0.8996112,0.9623115120937038,1.0
Slx4ip,0.047253095,0.8983686,0.9623115120937038,1.0
Grhl1,0.047253095,0.53075045,0.9623115120937038,1.0
Orc6,0.047253095,0.6505985,0.9623115120937038,1.0
Tnf,0.047253095,0.7347476,0.9623115120937038,1.0
Sema3c,0.047253095,0.81562865,0.9623115120937038,1.0
Rnf215,0.047253095,0.6889533,0.9623115120937038,1.0
Gpr21,0.047253095,0.578786,0.9623115120937038,1.0
Kcnma1,0.047253095,0.6620448,0.9623115120937038,1.0
Kif5c,0.047253095,0.5728219,0.9623115120937038,1.0
mt-Nd3,0.047253095,0.89924896,0.9623115120937038,1.0
Rnaseh2a,0.047253095,0.7373066,0.9623115120937038,1.0
Lzts3,0.047253095,0.6306128,0.9623115120937038,1.0
Zfp622,0.047253095,0.66652316,0.9623115120937038,1.0
Grpel2,0.047253095,1.133066,0.9623115120937038,1.0
Usp12,0.047253095,0.5105286,0.9623115120937038,1.0
Thoc3,0.047253095,1.4481856,0.9623115120937038,1.0
Sptlc1,0.047253095,0.9074668,0.9623115120937038,1.0
Trnau1ap,0.047253095,0.9018168,0.9623115120937038,1.0
Dusp16,0.047253095,0.8954281,0.9623115120937038,1.0
Trim36,0.047253095,0.62358475,0.9623115120937038,1.0
Pdia5,0.047253095,0.76081383,0.9623115120937038,1.0
Kcnn4,0.047253095,0.6757594,0.9623115120937038,1.0
Klhl18,0.047253095,0.68755037,0.9623115120937038,1.0
Timmdc1,0.047253095,0.6009049,0.9623115120937038,1.0
Pole,0.047253095,1.0640658,0.9623115120937038,1.0
Sesn2,0.047253095,1.0519159,0.9623115120937038,1.0
Cdc14b,0.047253095,0.5629793,0.9623115120937038,1.0
Tmem120a,0.047253095,1.126274,0.9623115120937038,1.0
Mterf4,0.047253095,0.56817037,0.9623115120937038,1.0
Psmd9,0.047253095,0.5612971,0.9623115120937038,1.0
Amigo1,0.047253095,0.8716111,0.9623115120937038,1.0
Nsun5,0.047253095,0.5930201,0.9623115120937038,1.0
Gkap1,0.047253095,0.5866892,0.9623115120937038,1.0
Fam3a,0.047253095,0.45568693,0.9623115120937038,1.0
Pou2f2,0.047253095,0.7371707,0.9623115120937038,1.0
Itpripl2,0.047253095,0.5273436,0.9623115120937038,1.0
Snrpf,0.047253095,0.12853031,0.9623115120937038,1.0
Wdpcp,0.047253095,0.8837917,0.9623115120937038,1.0
Rnf181,0.047253095,0.46520394,0.9623115120937038,1.0
Slc41a1,0.047253095,0.5220972,0.9623115120937038,1.0
Ctu2,0.047253095,0.468454,0.9623115120937038,1.0
Cdc20,0.047253095,1.003408,0.9623115120937038,1.0
Kcnq1,0.047253095,0.80614674,0.9623115120937038,1.0
LTO1,0.047253095,0.47753558,0.9623115120937038,1.0
Dus3l,0.047253095,0.8548144,0.9623115120937038,1.0
Tnfrsf26,0.047253095,0.5284631,0.9623115120937038,1.0
Slfn3,0.047253095,0.52308756,0.9623115120937038,1.0
Myo19,0.047253095,1.0496703,0.9623115120937038,1.0
Lpar5,0.047253095,1.529208,0.9623115120937038,1.0
Trbv5,0.047253095,0.8059369,0.9623115120937038,1.0
Dnase1l1,0.047253095,0.57012814,0.9623115120937038,1.0
Slc27a2,0.047253095,0.4425754,0.9623115120937038,1.0
Tmem176a,0.047253095,1.1111369,0.9623115120937038,1.0
Rbm8a,0.047253095,0.90577465,0.9623115120937038,1.0
Wdr44,0.047253095,0.6170936,0.9623115120937038,1.0
Nr4a2,0.047253095,0.6671099,0.9623115120937038,1.0
Pex13,0.047253095,0.7472859,0.9623115120937038,1.0
Itprip,0.047253095,0.54191947,0.9623115120937038,1.0
Gin1,0.047253095,1.1733732,0.9623115120937038,1.0
Polr1e,0.047253095,0.4977278,0.9623115120937038,1.0
Lzic,0.047253095,1.4076408,0.9623115120937038,1.0
Serpinb6b,0.047253095,0.88414943,0.9623115120937038,1.0
Otud6b,0.047253095,0.91090256,0.9623115120937038,1.0
Atad3a,0.047253095,0.5251174,0.9623115120937038,1.0
Slc29a1,0.047253095,0.5339621,0.9623115120937038,1.0
Stip1,0.047253095,0.07072334,0.9623115120937038,1.0
Mfap3,0.047253095,0.5851976,0.9623115120937038,1.0
Smim13,0.047253095,0.5125214,0.9623115120937038,1.0
Igsf3,0.047253095,0.53312904,0.9623115120937038,1.0
Lmo7,0.047253095,0.6766888,0.9623115120937038,1.0
Klf12,0.047253095,0.5170392,0.9623115120937038,1.0
Dis3,0.047253095,0.60538703,0.9623115120937038,1.0
Prss8,0.047253095,0.5069444,0.9623115120937038,1.0
Gatb,0.047253095,0.8170757,0.9623115120937038,1.0
Pde8a,0.047253095,0.86794597,0.9623115120937038,1.0
Wdr73,0.047253095,1.328729,0.9623115120937038,1.0
Det1,0.047253095,0.5386417,0.9623115120937038,1.0
Dusp22,0.047253095,1.1932142,0.9623115120937038,1.0
Fmo5,0.047253095,1.2145358,0.9623115120937038,1.0
Slc22a15,0.047253095,0.56675893,0.9623115120937038,1.0
Ammecr1,0.047253095,0.8916949,0.9623115120937038,1.0
Lin52,0.047253095,0.82809585,0.9623115120937038,1.0
Acot1,0.047253095,0.45480123,0.9623115120937038,1.0
Plek2,0.047253095,1.2714478,0.9623115120937038,1.0
Tbc1d23,0.047253095,0.5227289,0.9623115120937038,1.0
Wdr59,0.047253095,0.65195346,0.9623115120937038,1.0
Vps8,0.047253095,0.60232335,0.9623115120937038,1.0
Clcn2,0.047253095,0.5326347,0.9623115120937038,1.0
Rgs16,0.047253095,0.5105286,0.9623115120937038,1.0
Hilpda,0.047253095,0.56343263,0.9623115120937038,1.0
Ccl4,0.047253095,0.8927056,0.9623115120937038,1.0
Tns3,0.047253095,0.6053169,0.9623115120937038,1.0
Nrbp2,0.047253095,1.1893283,0.9623115120937038,1.0
Ccdc166,0.047253095,0.6766888,0.9623115120937038,1.0
Poc1a,0.047253095,0.4378099,0.9623115120937038,1.0
Dffb,0.047253095,0.8923204,0.9623115120937038,1.0
Sema4g,0.047253095,0.7736961,0.9623115120937038,1.0
Tmem143,0.047253095,1.2982001,0.9623115120937038,1.0
Tmem97,0.047253095,1.2038283,0.9623115120937038,1.0
Mfn1,0.047253095,0.73590183,0.9623115120937038,1.0
Gpr160,0.047253095,1.3146111,0.9623115120937038,1.0
Tnfaip1,0.047253095,0.45018795,0.9623115120937038,1.0
Zfp169,0.047253095,0.47619414,0.9623115120937038,1.0
Prmt3,0.047253095,0.6427846,0.9623115120937038,1.0
Alg3,0.047253095,1.228728,0.9623115120937038,1.0
Zbtb10,0.047253095,0.644272,0.9623115120937038,1.0
Ssx2ip,0.047253095,1.3324847,0.9623115120937038,1.0
Mcoln3,0.047253095,0.94584036,0.9623115120937038,1.0
Stx3,0.047253095,0.47241607,0.9623115120937038,1.0
Lmo4,0.047253095,0.4645052,0.9623115120937038,1.0
Klc4,0.047253095,0.47241607,0.9623115120937038,1.0
Satb1,0.047253095,0.5487918,0.9623115120937038,1.0
Epg5,0.047253095,1.1610392,0.9623115120937038,1.0
Ppfia3,0.047253095,0.8351692,0.9623115120937038,1.0
Stx2,0.047253095,0.72756445,0.9623115120937038,1.0
Dock1,0.047253095,0.47453624,0.9623115120937038,1.0
Ephb4,0.047253095,1.2855657,0.9623115120937038,1.0
Amacr,0.047253095,0.7873407,0.9623115120937038,1.0
Rai14,0.047253095,0.47779417,0.9623115120937038,1.0
Fbxo4,0.047253095,0.5459067,0.9623115120937038,1.0
Rad1,0.047253095,0.5821909,0.9623115120937038,1.0
Uckl1,0.047253095,0.87570584,0.9623115120937038,1.0
A4gnt,0.047253095,1.0070652,0.9623115120937038,1.0
Lpgat1,0.047253095,0.6844299,0.9623115120937038,1.0
Fam219a,0.047253095,0.6001321,0.9623115120937038,1.0
Snx16,0.047253095,0.5065854,0.9623115120937038,1.0
Fuz,0.047253095,0.65629905,0.9623115120937038,1.0
Vars2,0.045002945,0.43715754,0.964104960461349,1.0
Pcca,0.045002945,0.031388532,0.964104960461349,1.0
Capn10,0.045002945,0.4366438,0.964104960461349,1.0
Chd9,0.0427528,-0.13355398,0.9658985904485399,1.0
Mylk,0.0427528,0.23719051,0.9658985904485399,1.0
Junb,0.0427528,-0.18924896,0.9658985904485399,1.0
Ccdc58,0.0427528,0.19476382,0.9658985904485399,1.0
Klhdc1,0.0427528,0.32124558,0.9658985904485399,1.0
Fgfr1op,0.0427528,0.4156051,0.9658985904485399,1.0
Kif13b,0.0427528,0.3971411,0.9658985904485399,1.0
Rpa3,0.0427528,-0.39895126,0.9658985904485399,1.0
Miga2,0.0427528,0.056895196,0.9658985904485399,1.0
Brf1,0.0427528,0.36126617,0.9658985904485399,1.0
Fmr1,0.0427528,0.28528073,0.9658985904485399,1.0
Galnt7,0.0427528,0.07026031,0.9658985904485399,1.0
Cyp2j6,0.0427528,0.0663521,0.9658985904485399,1.0
Ubash3a,0.0427528,0.015318946,0.9658985904485399,1.0
Ska3,0.0427528,0.05925891,0.9658985904485399,1.0
Clcc1,0.0427528,0.28726923,0.9658985904485399,1.0
Trappc13,0.0427528,-0.07422462,0.9658985904485399,1.0
Rrad,0.0427528,0.12783019,0.9658985904485399,1.0
Irgq,0.0427528,-0.023097958,0.9658985904485399,1.0
Hba-a2,0.0427528,0.21461467,0.9658985904485399,1.0
Ccdc125,0.0427528,0.42197233,0.9658985904485399,1.0
Pde4d,0.0427528,-0.006911339,0.9658985904485399,1.0
Usp40,0.0427528,0.1917463,0.9658985904485399,1.0
Cdipt,0.0427528,0.2608284,0.9658985904485399,1.0
Atp7a,0.0427528,0.3521575,0.9658985904485399,1.0
Fam104a,0.0427528,0.07137278,0.9658985904485399,1.0
Cpt2,0.0427528,0.4207131,0.9658985904485399,1.0
Rpusd4,0.0427528,0.006626451,0.9658985904485399,1.0
Hlcs,0.0427528,0.21994044,0.9658985904485399,1.0
Tnfsf8,0.0427528,0.41712224,0.9658985904485399,1.0
Kat2a,0.0427528,0.118198894,0.9658985904485399,1.0
Pkdcc,0.0427528,0.16886057,0.9658985904485399,1.0
Mpzl2,0.0427528,0.28408918,0.9658985904485399,1.0
Ccdc84,0.0427528,0.111836545,0.9658985904485399,1.0
Serac1,0.0427528,0.0798475,0.9658985904485399,1.0
Cbr1,0.0427528,-0.29868492,0.9658985904485399,1.0
Ilvbl,0.0427528,-0.36837852,0.9658985904485399,1.0
Zfp326,0.0427528,0.31494695,0.9658985904485399,1.0
Itgad,0.0427528,0.050384473,0.9658985904485399,1.0
Aifm2,0.0427528,0.38142166,0.9658985904485399,1.0
Impa2,0.0427528,0.42655998,0.9658985904485399,1.0
Wfdc2,0.0427528,0.15115772,0.9658985904485399,1.0
Ass1,0.0427528,0.30259237,0.9658985904485399,1.0
Pias4,0.0427528,0.12636156,0.9658985904485399,1.0
Sh2b1,0.0427528,0.04614381,0.9658985904485399,1.0
Hps6,0.0427528,0.13955513,0.9658985904485399,1.0
Cfap36,0.0427528,-0.36172903,0.9658985904485399,1.0
Scand1,0.0427528,-0.17595129,0.9658985904485399,1.0
Idh3g,0.0427528,0.092648834,0.9658985904485399,1.0
Spred1,0.0427528,0.42125064,0.9658985904485399,1.0
Nat8f4,0.0427528,-0.06286302,0.9658985904485399,1.0
Hibch,0.0427528,-0.19693683,0.9658985904485399,1.0
Rnf122,0.0427528,-0.02282864,0.9658985904485399,1.0
Smurf1,0.0427528,-0.055736154,0.9658985904485399,1.0
Ndufa9,0.0427528,0.10924213,0.9658985904485399,1.0
Bag4,0.0427528,-0.03465541,0.9658985904485399,1.0
Dennd6b,0.0427528,0.15333524,0.9658985904485399,1.0
Scamp5,0.0427528,0.18612716,0.9658985904485399,1.0
Eef2kmt,0.0427528,0.2856323,0.9658985904485399,1.0
Ptpn21,0.0427528,-0.16526334,0.9658985904485399,1.0
Chga,0.0427528,0.27769682,0.9658985904485399,1.0
Slc1a4,0.0427528,0.30308133,0.9658985904485399,1.0
Zfp524,0.0427528,0.12636156,0.9658985904485399,1.0
Tsr2,0.0427528,0.01918969,0.9658985904485399,1.0
Parp6,0.0427528,0.21084939,0.9658985904485399,1.0
Sel1l3,0.0427528,0.21670088,0.9658985904485399,1.0
Slc7a1,0.0427528,0.24583413,0.9658985904485399,1.0
Tubgcp6,0.0427528,-0.036651816,0.9658985904485399,1.0
Selenoo,0.0427528,-0.001135993,0.9658985904485399,1.0
Rhno1,0.0427528,-0.033111013,0.9658985904485399,1.0
Rnf114,0.0427528,0.09909393,0.9658985904485399,1.0
Crebzf,0.0427528,0.1594954,0.9658985904485399,1.0
Abcg1,0.0427528,0.28726923,0.9658985904485399,1.0
Zfp668,0.0427528,0.4199441,0.9658985904485399,1.0
Clns1a,0.0427528,0.39778647,0.9658985904485399,1.0
Sh3bp5l,0.0427528,0.2567013,0.9658985904485399,1.0
Bdp1,0.0427528,0.1720343,0.9658985904485399,1.0
Tnfrsf21,0.0427528,0.22831933,0.9658985904485399,1.0
Trip11,0.0427528,0.083279856,0.9658985904485399,1.0
Ing3,0.0427528,0.32188356,0.9658985904485399,1.0
Prrg2,0.0427528,0.25288373,0.9658985904485399,1.0
Cgref1,0.0427528,0.0011624465,0.9658985904485399,1.0
Pex19,0.0427528,0.2935713,0.9658985904485399,1.0
Zxdb,0.0427528,0.23549458,0.9658985904485399,1.0
Psap,0.0427528,0.08380642,0.9658985904485399,1.0
Pheta2,0.0427528,-0.16853978,0.9658985904485399,1.0
Poc5,0.0427528,0.30437952,0.9658985904485399,1.0
Nudt8,0.0427528,-0.016818319,0.9658985904485399,1.0
Tarbp1,0.0427528,0.36523238,0.9658985904485399,1.0
Cpped1,0.0427528,-0.10323527,0.9658985904485399,1.0
Zkscan17,0.0427528,0.4302636,0.9658985904485399,1.0
Zfp626,0.0427528,0.36670005,0.9658985904485399,1.0
Baiap2,0.0427528,0.37899333,0.9658985904485399,1.0
Tpbgl,0.0427528,0.37979254,0.9658985904485399,1.0
Smc2,0.0427528,0.22591509,0.9658985904485399,1.0
Invs,0.0427528,0.3434676,0.9658985904485399,1.0
Taf1a,0.0427528,0.21138504,0.9658985904485399,1.0
Tmem51,0.0427528,0.21399306,0.9658985904485399,1.0
Lin9,0.0427528,0.3737278,0.9658985904485399,1.0
Bcas1,0.0427528,0.3677518,0.9658985904485399,1.0
Ankrd12,0.0427528,0.4032209,0.9658985904485399,1.0
Anks1,0.0427528,0.4303428,0.9658985904485399,1.0
Fcna,0.0427528,0.4032209,0.9658985904485399,1.0
Scml4,0.0427528,-0.3358541,0.9658985904485399,1.0
Prpsap2,0.0427528,-0.004948733,0.9658985904485399,1.0
Ska2,0.0427528,0.36670005,0.9658985904485399,1.0
Agrn,0.0427528,0.09571153,0.9658985904485399,1.0
Natd1,0.0427528,0.1261235,0.9658985904485399,1.0
Sestd1,0.0427528,0.25018898,0.9658985904485399,1.0
E4f1,0.0427528,0.40216476,0.9658985904485399,1.0
Zfp870,0.0427528,-0.20050932,0.9658985904485399,1.0
Utp20,0.0427528,-0.23826773,0.9658985904485399,1.0
Pck2,0.0427528,0.021787954,0.9658985904485399,1.0
Ergic2,0.0427528,0.4050641,0.9658985904485399,1.0
Dars,0.0427528,0.09398006,0.9658985904485399,1.0
Ascl2,0.0427528,0.1488705,0.9658985904485399,1.0
Pex12,0.0427528,-0.3794461,0.9658985904485399,1.0
Ppm1d,0.0427528,-0.24625659,0.9658985904485399,1.0
Abtb2,0.0427528,0.38071743,0.9658985904485399,1.0
Sap25,0.0427528,0.33337286,0.9658985904485399,1.0
Tonsl,0.0427528,0.15353547,0.9658985904485399,1.0
Abcd4,0.0427528,0.39140424,0.9658985904485399,1.0
Necap1,0.0427528,0.33887202,0.9658985904485399,1.0
Stam2,0.0427528,-0.051422317,0.9658985904485399,1.0
Tada3,0.0427528,-0.16356783,0.9658985904485399,1.0
Pnp,0.0427528,0.30410847,0.9658985904485399,1.0
Tdrkh,0.0427528,0.03596146,0.9658985904485399,1.0
Exoc6,0.0427528,0.31494695,0.9658985904485399,1.0
Znrf2,0.0427528,0.0285875,0.9658985904485399,1.0
Tcaf1,0.0427528,0.3912742,0.9658985904485399,1.0
Dtwd1,0.0427528,0.3112127,0.9658985904485399,1.0
March8,0.0427528,0.3076487,0.9658985904485399,1.0
Mmut,0.0427528,0.41917202,0.9658985904485399,1.0
Sharpin,0.0427528,0.2123253,0.9658985904485399,1.0
Mmgt2,0.0427528,0.3896396,0.9658985904485399,1.0
Smpd2,0.0427528,0.10093375,0.9658985904485399,1.0
L3mbtl3,0.0427528,0.2722998,0.9658985904485399,1.0
Trbv14,0.0427528,-0.29285434,0.9658985904485399,1.0
Flvcr1,0.0427528,0.23984471,0.9658985904485399,1.0
Rtn4r,0.0427528,0.42311475,0.9658985904485399,1.0
Klhl36,0.0427528,-0.50722003,0.9658985904485399,1.0
Pigv,0.0427528,0.31494695,0.9658985904485399,1.0
Kdf1,0.0427528,0.1388031,0.9658985904485399,1.0
Rbm27,0.0427528,0.07370446,0.9658985904485399,1.0
Trit1,0.0427528,-0.29868492,0.9658985904485399,1.0
Nrp2,0.0427528,0.14655021,0.9658985904485399,1.0
Zfp831,0.0427528,0.36003485,0.9658985904485399,1.0
Scrib,0.0427528,0.42702156,0.9658985904485399,1.0
Zfp251,0.0427528,0.40682593,0.9658985904485399,1.0
Pstpip2,0.0427528,0.41584542,0.9658985904485399,1.0
Rffl,0.0427528,0.13356891,0.9658985904485399,1.0
Evi2a,0.0427528,0.38827887,0.9658985904485399,1.0
Evi2,0.0427528,0.13849989,0.9658985904485399,1.0
Rbm15b,0.0427528,0.36410117,0.9658985904485399,1.0
Fem1a,0.0427528,0.012463963,0.9658985904485399,1.0
Filip1l,0.0427528,0.40519446,0.9658985904485399,1.0
Zfp661,0.0427528,0.29151237,0.9658985904485399,1.0
Nsfl1c,0.0427528,0.2908046,0.9658985904485399,1.0
Smpd3,0.0427528,0.07952888,0.9658985904485399,1.0
Prmt7,0.0427528,-0.17595129,0.9658985904485399,1.0
Slc12a4,0.0427528,-0.32166412,0.9658985904485399,1.0
Wdr55,0.0427528,-0.08557506,0.9658985904485399,1.0
Nsun3,0.0427528,0.3802168,0.9658985904485399,1.0
Ahi1,0.0427528,0.15498173,0.9658985904485399,1.0
Il7r,0.0427528,0.26886368,0.9658985904485399,1.0
Sema5a,0.0427528,0.33574945,0.9658985904485399,1.0
Card6,0.0427528,0.42342252,0.9658985904485399,1.0
Hmces,0.0427528,-0.13355398,0.9658985904485399,1.0
Svip,0.0427528,-0.020096159,0.9658985904485399,1.0
Tmem258,0.0427528,0.009767426,0.9658985904485399,1.0
Rad18,0.0427528,0.11907797,0.9658985904485399,1.0
Ptprh,0.0427528,0.14684919,0.9658985904485399,1.0
Zbtb22,0.0427528,-0.14241189,0.9658985904485399,1.0
Dcaf5,0.0427528,0.28298858,0.9658985904485399,1.0
Jpt2,0.0427528,-0.24319129,0.9658985904485399,1.0
Ptdss2,0.0427528,0.17249435,0.9658985904485399,1.0
Trib1,0.0427528,0.39566177,0.9658985904485399,1.0
Dhx30,0.0427528,0.3987639,0.9658985904485399,1.0
Rangrf,0.0427528,0.29983997,0.9658985904485399,1.0
Optn,0.0427528,-0.11855048,0.9658985904485399,1.0
Zfp707,0.0427528,0.42069268,0.9658985904485399,1.0
Alg5,0.0427528,-0.00987228,0.9658985904485399,1.0
Tnfsf13,0.0427528,0.42190316,0.9658985904485399,1.0
Abraxas2,0.0427528,0.21084939,0.9658985904485399,1.0
Htt,0.0427528,0.021343315,0.9658985904485399,1.0
Harbi1,0.0427528,0.11327535,0.9658985904485399,1.0
Uros,0.0427528,-0.23826773,0.9658985904485399,1.0
Pcyt1a,0.0427528,0.33217236,0.9658985904485399,1.0
Fbxo45,0.0427528,0.43559194,0.9658985904485399,1.0
Mertk,0.0427528,0.35246,0.9658985904485399,1.0
Ogfod3,0.0427528,0.34793162,0.9658985904485399,1.0
Cd99l2,0.0427528,0.43084827,0.9658985904485399,1.0
Ovol2,0.0427528,0.03596146,0.9658985904485399,1.0
Tasp1,0.0427528,-0.24782933,0.9658985904485399,1.0
Urah,0.0427528,-0.11075168,0.9658985904485399,1.0
Cyb5d2,0.0427528,0.10042381,0.9658985904485399,1.0
Sec61a2,0.0427528,0.09571153,0.9658985904485399,1.0
Trbv26,0.0427528,0.013984624,0.9658985904485399,1.0
Gpt2,0.0427528,0.29867858,0.9658985904485399,1.0
Lrfn4,0.0427528,0.21260183,0.9658985904485399,1.0
Alox5ap,0.0427528,0.090300195,0.9658985904485399,1.0
Kansl1l,0.0427528,0.32688585,0.9658985904485399,1.0
Dusp28,0.0427528,0.090036616,0.9658985904485399,1.0
Mllt10,0.0427528,-0.28161937,0.9658985904485399,1.0
Itgb1bp1,0.0427528,-0.08578004,0.9658985904485399,1.0
Dennd6a,0.0427528,0.32161814,0.9658985904485399,1.0
Ercc6,0.0427528,0.13819443,0.9658985904485399,1.0
Pik3ip1,0.0427528,0.34902242,0.9658985904485399,1.0
Ddit3,0.0427528,0.016081072,0.9658985904485399,1.0
Timm23,0.0427528,0.2181272,0.9658985904485399,1.0
Pdp2,0.0427528,0.12314574,0.9658985904485399,1.0
Ankrd17,0.040502653,0.07914166,0.9676923929913351,1.0
Gne,0.040502653,0.17437834,0.9676923929913351,1.0
Ppp6r3,0.038252503,0.18416503,0.9694863590231738,1.0
Mcrip2,0.038252503,0.17983721,0.9694863590231738,1.0
Dgkd,0.036002357,0.09971337,0.9712804794750131,1.0
Cox4i1,0.036002357,0.121157564,0.9712804794750131,1.0
Camk2g,0.03375221,0.4287952,0.9730747452754658,1.0
Erp44,0.03375221,0.50643873,0.9730747452754658,1.0
Myo1e,0.03375221,0.40967813,0.9730747452754658,1.0
Pqlc3,0.03375221,-0.021775616,0.9730747452754658,1.0
Dync1i2,0.03375221,0.600494,0.9730747452754658,1.0
Tmc5,0.03375221,0.44109082,0.9730747452754658,1.0
Ndufs5,0.03375221,0.41322288,0.9730747452754658,1.0
Sf3a3,0.03375221,0.22369167,0.9730747452754658,1.0
Akap13,0.03375221,0.088896394,0.9730747452754658,1.0
Pebp1,0.03375221,0.37502673,0.9730747452754658,1.0
Kifc3,0.03375221,0.58114576,0.9730747452754658,1.0
Carm1,0.03375221,0.37397933,0.9730747452754658,1.0
Wdr33,0.03375221,-0.06893263,0.9730747452754658,1.0
Pawr,0.03375221,0.5706783,0.9730747452754658,1.0
Exosc3,0.03375221,0.39962235,0.9730747452754658,1.0
AU040320,0.03375221,0.30037716,0.9730747452754658,1.0
Pcm1,0.03375221,0.47708914,0.9730747452754658,1.0
Smg1,0.03375221,-0.10445452,0.9730747452754658,1.0
Zc3h15,0.029251914,0.1569239,0.976663676625766,1.0
Madd,0.029251914,0.36613435,0.976663676625766,1.0
Taf4,0.029251914,0.71296823,0.976663676625766,1.0
Tmed3,0.029251914,0.5222325,0.976663676625766,1.0
Prpf19,0.029251914,0.3067857,0.976663676625766,1.0
Tec,0.029251914,0.19955365,0.976663676625766,1.0
Babam1,0.029251914,0.015761448,0.976663676625766,1.0
Numb,0.029251914,0.49195835,0.976663676625766,1.0
Phb2,0.027001768,0.027066387,0.9784583240223559,1.0
Picalm,0.027001768,-0.00058772543,0.9784583240223559,1.0
Mlf2,0.027001768,0.08464384,0.9784583240223559,1.0
Cdh17,0.027001768,0.04813829,0.9784583240223559,1.0
Arap2,0.027001768,0.11327788,0.9784583240223559,1.0
Nfs1,0.02475162,0.29325402,0.9802530804613189,1.0
Mau2,0.02475162,0.31750655,0.9802530804613189,1.0
Usp48,0.02475162,0.313408,0.9802530804613189,1.0
Dusp6,0.02475162,0.40695497,0.9802530804613189,1.0
Ypel3,0.02475162,0.21002491,0.9802530804613189,1.0
Carns1,0.02475162,-0.1381914,0.9802530804613189,1.0
Ktn1,0.02475162,0.18692297,0.9802530804613189,1.0
Cstf2t,0.02475162,0.17627497,0.9802530804613189,1.0
Farsa,0.02475162,0.4173533,0.9802530804613189,1.0
Xpo5,0.02475162,0.1455183,0.9802530804613189,1.0
Baiap3,0.02475162,0.19363889,0.9802530804613189,1.0
Slc25a17,0.02475162,0.24751185,0.9802530804613189,1.0
Slbp,0.02475162,0.16136678,0.9802530804613189,1.0
Wdr37,0.02475162,-0.17564248,0.9802530804613189,1.0
Smad7,0.02475162,0.3053934,0.9802530804613189,1.0
Fam8a1,0.02475162,-0.13896215,0.9802530804613189,1.0
Trak2,0.022501472,0.15160666,0.9820479368616107,1.0
Gimap9,0.022501472,0.1607216,0.9820479368616107,1.0
Abr,0.022501472,-0.0103329215,0.9820479368616107,1.0
Mapk6,0.022501472,0.036481768,0.9820479368616107,1.0
Htatsf1,0.020251326,0.25129995,0.9838428841406694,1.0
Zfp866,0.020251326,0.22676054,0.9838428841406694,1.0
Hat1,0.020251326,0.29225454,0.9838428841406694,1.0
Aldh1a1,0.020251326,0.23209925,0.9838428841406694,1.0
Gpc1,0.020251326,0.55934775,0.9838428841406694,1.0
Gars,0.020251326,0.09578707,0.9838428841406694,1.0
Gaa,0.020251326,0.13576016,0.9838428841406694,1.0
Qpct,0.020251326,0.16193287,0.9838428841406694,1.0
Ppat,0.020251326,0.17815702,0.9838428841406694,1.0
Med1,0.020251326,0.25343278,0.9838428841406694,1.0
Cop1,0.020251326,0.24074607,0.9838428841406694,1.0
Rnf125,0.020251326,0.21560532,0.9838428841406694,1.0
Upf3a,0.020251326,0.24117026,0.9838428841406694,1.0
Map3k4,0.020251326,0.10096098,0.9838428841406694,1.0
Dhx37,0.020251326,0.114779085,0.9838428841406694,1.0
Tufm,0.020251326,0.10647226,0.9838428841406694,1.0
Hook1,0.020251326,0.2412939,0.9838428841406694,1.0
Spag7,0.020251326,0.3209595,0.9838428841406694,1.0
Slc12a2,0.020251326,0.5655595,0.9838428841406694,1.0
Atoh1,0.020251326,0.24620886,0.9838428841406694,1.0
Sdf2,0.020251326,0.10858217,0.9838428841406694,1.0
Nemf,0.020251326,0.18614568,0.9838428841406694,1.0
Fbxw11,0.020251326,0.3487485,0.9838428841406694,1.0
Fance,0.020251326,0.11577828,0.9838428841406694,1.0
Haus3,0.020251326,0.18331005,0.9838428841406694,1.0
Chmp1a,0.020251326,0.12703764,0.9838428841406694,1.0
Inpp5b,0.020251326,-0.1642303,0.9838428841406694,1.0
Rfc2,0.018001178,0.007568663,0.9856379132145524,1.0
Pnrc1,0.018001178,0.044185203,0.9856379132145524,1.0
Rbms2,0.018001178,-0.17728405,0.9856379132145524,1.0
Ddx46,0.018001178,0.08174812,0.9856379132145524,1.0
Trim35,0.015751032,0.29129192,0.987433014998075,1.0
Sarnp,0.015751032,0.2945753,0.987433014998075,1.0
Sipa1l2,0.015751032,0.06357115,0.987433014998075,1.0
Ldlrap1,0.015751032,0.12501805,0.987433014998075,1.0
Trim12c,0.015751032,0.033298805,0.987433014998075,1.0
Arl2,0.015751032,0.25992566,0.987433014998075,1.0
Cinp,0.015751032,0.23592265,0.987433014998075,1.0
Pwp1,0.015751032,0.19207275,0.987433014998075,1.0
Sdhaf2,0.015751032,0.062778495,0.987433014998075,1.0
Pon2,0.015751032,0.34309918,0.987433014998075,1.0
Gsta4,0.015751032,0.06315725,0.987433014998075,1.0
Retreg1,0.015751032,0.0971981,0.987433014998075,1.0
Cracr2a,0.015751032,0.068528414,0.987433014998075,1.0
Ncdn,0.015751032,0.16418692,0.987433014998075,1.0
Cldnd1,0.015751032,0.12254366,0.987433014998075,1.0
Uba3,0.015751032,0.16150187,0.987433014998075,1.0
Dsc2,0.015751032,0.2757126,0.987433014998075,1.0
Psma3,0.015751032,0.012762979,0.987433014998075,1.0
Dhx32,0.015751032,0.14420578,0.987433014998075,1.0
Naa50,0.015751032,0.11163842,0.987433014998075,1.0
Rab15,0.015751032,0.1331601,0.987433014998075,1.0
Atg4b,0.015751032,0.1522665,0.987433014998075,1.0
Nsg2,0.015751032,-0.060833257,0.987433014998075,1.0
Lcor,0.015751032,0.046978917,0.987433014998075,1.0
Slc37a1,0.015751032,0.14773354,0.987433014998075,1.0
Cdk5rap2,0.015751032,0.16002491,0.987433014998075,1.0
Zfp317,0.015751032,0.02225273,0.987433014998075,1.0
Htatip2,0.015751032,0.17160091,0.987433014998075,1.0
Hs2st1,0.015751032,0.029872091,0.987433014998075,1.0
Fut2,0.015751032,-0.022532022,0.987433014998075,1.0
Klrb1a,0.015751032,0.10953516,0.987433014998075,1.0
Mettl23,0.015751032,0.13669659,0.987433014998075,1.0
Commd10,0.015751032,-0.021234702,0.987433014998075,1.0
Tmbim1,0.015751032,0.050383512,0.987433014998075,1.0
Rundc1,0.015751032,0.20935711,0.987433014998075,1.0
Osbpl9,0.015751032,0.06174661,0.987433014998075,1.0
Golga7,0.015751032,0.21201403,0.987433014998075,1.0
Plpp2,0.015751032,0.082993805,0.987433014998075,1.0
Setd2,0.015751032,0.11176917,0.987433014998075,1.0
Sf3b2,0.013500884,-0.09235141,0.9892281804049481,1.0
Pdxdc1,0.013500884,0.09984786,0.9892281804049481,1.0
Fhl3,0.011250736,0.45025113,0.9910234003479166,1.0
Taok1,0.011250736,-0.2634867,0.9910234003479166,1.0
Nfil3,0.011250736,0.10501732,0.9910234003479166,1.0
Ssh2,0.011250736,0.15679844,0.9910234003479166,1.0
Pdpk1,0.011250736,0.21002892,0.9910234003479166,1.0
Efnb2,0.011250736,0.0029306097,0.9910234003479166,1.0
Gps2,0.011250736,0.19440433,0.9910234003479166,1.0
Rab11fip4,0.011250736,0.0446247,0.9910234003479166,1.0
Cul2,0.011250736,0.006270501,0.9910234003479166,1.0
Eif3b,0.011250736,0.22100267,0.9910234003479166,1.0
Zcchc7,0.011250736,0.34574854,0.9910234003479166,1.0
Rhoc,0.011250736,0.059364293,0.9910234003479166,1.0
Asah1,0.011250736,0.17099206,0.9910234003479166,1.0
Mmachc,0.011250736,0.1622756,0.9910234003479166,1.0
Scly,0.011250736,0.157487,0.9910234003479166,1.0
Gcn1,0.009000589,0.08597504,0.9928186657388968,1.0
Clmn,0.009000589,-0.00773874,0.9928186657388968,1.0
Cops7a,0.006750442,-0.0035067827,0.9946139674891147,1.0
Fbxo21,0.006750442,0.043655783,0.9946139674891147,1.0
Tm7sf3,0.006750442,-0.038184837,0.9946139674891147,1.0
Hdhd5,0.006750442,0.11904208,0.9946139674891147,1.0
Nelfe,0.006750442,0.011427791,0.9946139674891147,1.0
Cd27,0.006750442,0.072906345,0.9946139674891147,1.0
Usf3,0.006750442,0.061252654,0.9946139674891147,1.0
Rbck1,0.006750442,-0.046140566,0.9946139674891147,1.0
Ubn1,0.006750442,-0.0003163727,0.9946139674891147,1.0
Tmem245,0.006750442,0.065605804,0.9946139674891147,1.0
Lpin2,0.006750442,-0.13251111,0.9946139674891147,1.0
Ddx49,0.006750442,-0.00590565,0.9946139674891147,1.0
Casd1,0.006750442,0.029673774,0.9946139674891147,1.0
Rab35,0.006750442,0.03304752,0.9946139674891147,1.0
Aftph,0.006750442,-0.0045562754,0.9946139674891147,1.0
Aqr,0.006750442,0.009649497,0.9946139674891147,1.0
Cebpzos,0.006750442,0.078688115,0.9946139674891147,1.0
Lcorl,0.006750442,0.0067159687,0.9946139674891147,1.0
Slc25a4,0.006750442,-0.047235653,0.9946139674891147,1.0
Bhlhe40,0.006750442,-0.0011934221,0.9946139674891147,1.0
Baz1a,0.006750442,-0.10161841,0.9946139674891147,1.0
Stxbp2,0.006750442,0.091775976,0.9946139674891147,1.0
Chd4,0.0045002946,0.034491815,0.9964092965092441,1.0
Ppp4r3a,0.0045002946,0.019684192,0.9964092965092441,1.0
Anapc2,0.0022501473,0.05826609,0.9982046437095448,1.0
Myh14,0.0022501473,0.039989866,0.9982046437095448,1.0
Ssr4,0.0022501473,0.16305144,0.9982046437095448,1.0
Dusp11,0.0022501473,0.07083659,0.9982046437095448,1.0
Hyou1,0.0022501473,-0.01930809,0.9982046437095448,1.0
Wapl,0.0022501473,-0.010721281,0.9982046437095448,1.0
Kremen1,0.0022501473,-0.03138459,0.9982046437095448,1.0
Tnfrsf18,0.0022501473,0.11649591,0.9982046437095448,1.0
Abtb1,0.0022501473,0.13206604,0.9982046437095448,1.0
Sms,0.0022501473,-0.14853097,0.9982046437095448,1.0
Ces2b,0.0,0.0,1.0,1.0
Cpeb3,0.0,0.0,1.0,1.0
Mroh3,0.0,0.0,1.0,1.0
Slc6a9,0.0,0.0,1.0,1.0
Ccdc191,0.0,0.0,1.0,1.0
Nr5a2,0.0,0.0,1.0,1.0
Ccl17,0.0,0.0,1.0,1.0
Tnnt2,0.0,0.0,1.0,1.0
Kif14,0.0,0.0,1.0,1.0
Ptpro,0.0,0.0,1.0,1.0
Zmym6,0.0,0.0,1.0,1.0
Cep41,0.0,0.0,1.0,1.0
Tmem35b,0.0,0.0,1.0,1.0
Igfn1,0.0,0.0,1.0,1.0
Cd80,0.0,0.0,1.0,1.0
Cyp2c70,0.0,0.0,1.0,1.0
Zscan20,0.0,0.0,1.0,1.0
Gjb5,0.0,0.0,1.0,1.0
Ces2f,0.0,0.0,1.0,1.0
Dlgap3,0.0,0.0,1.0,1.0
Cyp2c66,0.0,0.0,1.0,1.0
Gja4,0.0,0.0,1.0,1.0
B4galt2,0.0,0.0,1.0,1.0
Gjb4,0.0,0.0,1.0,1.0
Cngb1,0.0,0.0,1.0,1.0
Pik3c2g,0.0,0.0,1.0,1.0
Ccdc14,0.0,0.0,1.0,1.0
Terb1,0.0,0.0,1.0,1.0
Ago4,0.0,0.0,1.0,1.0
Tekt2,0.0,0.0,1.0,1.0
Hacd2,0.0,0.0,1.0,1.0
Scarf2,0.0,0.0,1.0,1.0
Adcy5,0.0,0.0,1.0,1.0
Adprhl2,0.0,0.0,1.0,1.0
Xlr3c,0.0,0.0,1.0,1.0
Wdr5b,0.0,0.0,1.0,1.0
B3gnt5,0.0,0.0,1.0,1.0
Cdh11,0.0,0.0,1.0,1.0
Ndrg4,0.0,0.0,1.0,1.0
Gins3,0.0,0.0,1.0,1.0
Cd86,0.0,0.0,1.0,1.0
Casr,0.0,0.0,1.0,1.0
Csta1,0.0,0.0,1.0,1.0
Lmln,0.0,0.0,1.0,1.0
Muc20,0.0,0.0,1.0,1.0
Iqcg,0.0,0.0,1.0,1.0
Grik3,0.0,0.0,1.0,1.0
Bco1,0.0,0.0,1.0,1.0
Pigz,0.0,0.0,1.0,1.0
Swt1,0.0,0.0,1.0,1.0
Mmp2,0.0,0.0,1.0,1.0
Lpcat2,0.0,0.0,1.0,1.0
Rnf148,0.0,0.0,1.0,1.0
Ces1c,0.0,0.0,1.0,1.0
Ces1e,0.0,0.0,1.0,1.0
Ces1h,0.0,0.0,1.0,1.0
Cyp2w1,0.0,0.0,1.0,1.0
Mt4,0.0,0.0,1.0,1.0
Iqcb1,0.0,0.0,1.0,1.0
Polq,0.0,0.0,1.0,1.0
Hmcn1,0.0,0.0,1.0,1.0
Rgs18,0.0,0.0,1.0,1.0
Stxbp5l,0.0,0.0,1.0,1.0
B3galt2,0.0,0.0,1.0,1.0
Hgd,0.0,0.0,1.0,1.0
Olfr166,0.0,0.0,1.0,1.0
Cx3cl1,0.0,0.0,1.0,1.0
Fstl1,0.0,0.0,1.0,1.0
Gper1,0.0,0.0,1.0,1.0
Npl,0.0,0.0,1.0,1.0
Shcbp1l,0.0,0.0,1.0,1.0
Cmtr2,0.0,0.0,1.0,1.0
Cacna1e,0.0,0.0,1.0,1.0
Tat,0.0,0.0,1.0,1.0
Fam131a,0.0,0.0,1.0,1.0
Pkd1l3,0.0,0.0,1.0,1.0
Hp,0.0,0.0,1.0,1.0
Nt5c1a,0.0,0.0,1.0,1.0
Bmp8b,0.0,0.0,1.0,1.0
Enkd1,0.0,0.0,1.0,1.0
Zfp1,0.0,0.0,1.0,1.0
Teddm2,0.0,0.0,1.0,1.0
Gnao1,0.0,0.0,1.0,1.0
Spink5,0.0,0.0,1.0,1.0
Thpo,0.0,0.0,1.0,1.0
Prrt4,0.0,0.0,1.0,1.0
Tmem229a,0.0,0.0,1.0,1.0
Xxylt1,0.0,0.0,1.0,1.0
Fam43a,0.0,0.0,1.0,1.0
Jakmip2,0.0,0.0,1.0,1.0
Stk32a,0.0,0.0,1.0,1.0
Cpn2,0.0,0.0,1.0,1.0
Tmed6,0.0,0.0,1.0,1.0
Cdh3,0.0,0.0,1.0,1.0
Maneal,0.0,0.0,1.0,1.0
Map3k13,0.0,0.0,1.0,1.0
Crybb1,0.0,0.0,1.0,1.0
Kcnn2,0.0,0.0,1.0,1.0
Maf,0.0,0.0,1.0,1.0
Adamts18,0.0,0.0,1.0,1.0
Tmem231,0.0,0.0,1.0,1.0
Chst5,0.0,0.0,1.0,1.0
Mtss2,0.0,0.0,1.0,1.0
St3gal3,0.0,0.0,1.0,1.0
Vwa5b2,0.0,0.0,1.0,1.0
Abcc5,0.0,0.0,1.0,1.0
Tssk1,0.0,0.0,1.0,1.0
Car15,0.0,0.0,1.0,1.0
Slc13a1,0.0,0.0,1.0,1.0
Ppp2r2b,0.0,0.0,1.0,1.0
Foxo6,0.0,0.0,1.0,1.0
Mfsd2a,0.0,0.0,1.0,1.0
Tdrd5,0.0,0.0,1.0,1.0
Rims3,0.0,0.0,1.0,1.0
Kcnq4,0.0,0.0,1.0,1.0
Ldhd,0.0,0.0,1.0,1.0
Mlkl,0.0,0.0,1.0,1.0
Cpa2,0.0,0.0,1.0,1.0
Ssmem1,0.0,0.0,1.0,1.0
Cdc45,0.0,0.0,1.0,1.0
Il34,0.0,0.0,1.0,1.0
Fcsk,0.0,0.0,1.0,1.0
Gp1bb,0.0,0.0,1.0,1.0
Tbx1,0.0,0.0,1.0,1.0
Rtl10,0.0,0.0,1.0,1.0
Ephb3,0.0,0.0,1.0,1.0
St3gal2,0.0,0.0,1.0,1.0
Zfp69,0.0,0.0,1.0,1.0
Cdca8,0.0,0.0,1.0,1.0
P3h1,0.0,0.0,1.0,1.0
Apold1,0.0,0.0,1.0,1.0
Bcl2l14,0.0,0.0,1.0,1.0
Atp13a4,0.0,0.0,1.0,1.0
Mb21d2,0.0,0.0,1.0,1.0
Zmynd12,0.0,0.0,1.0,1.0
Fgf12,0.0,0.0,1.0,1.0
Frg2f1,0.0,0.0,1.0,1.0
Tprg,0.0,0.0,1.0,1.0
Cfh,0.0,0.0,1.0,1.0
Aspm,0.0,0.0,1.0,1.0
Kalrn,0.0,0.0,1.0,1.0
Sst,0.0,0.0,1.0,1.0
Edn2,0.0,0.0,1.0,1.0
Kif2c,0.0,0.0,1.0,1.0
Eaf2,0.0,0.0,1.0,1.0
Slc15a2,0.0,0.0,1.0,1.0
Rerg,0.0,0.0,1.0,1.0
Mgp,0.0,0.0,1.0,1.0
BC049715,0.0,0.0,1.0,1.0
H2afj,0.0,0.0,1.0,1.0
Hist4h4,0.0,0.0,1.0,1.0
Cmtm3,0.0,0.0,1.0,1.0
Gabre,0.0,0.0,1.0,1.0
Tmem53,0.0,0.0,1.0,1.0
Mamld1,0.0,0.0,1.0,1.0
Csf3r,0.0,0.0,1.0,1.0
Tmem44,0.0,0.0,1.0,1.0
Hrg,0.0,0.0,1.0,1.0
Fetub,0.0,0.0,1.0,1.0
Tbccd1,0.0,0.0,1.0,1.0
Dgkg,0.0,0.0,1.0,1.0
Axdnd1,0.0,0.0,1.0,1.0
Zdhhc19,0.0,0.0,1.0,1.0
Wdr53,0.0,0.0,1.0,1.0
Rgs8,0.0,0.0,1.0,1.0
Rhbdl2,0.0,0.0,1.0,1.0
AU022252,0.0,0.0,1.0,1.0
Tmem269,0.0,0.0,1.0,1.0
Bmp8a,0.0,0.0,1.0,1.0
Ctrl,0.0,0.0,1.0,1.0
Pskh1,0.0,0.0,1.0,1.0
Entpd1,0.0,0.0,1.0,1.0
B3gnt9,0.0,0.0,1.0,1.0
Ces2h,0.0,0.0,1.0,1.0
Acd,0.0,0.0,1.0,1.0
Lamc1,0.0,0.0,1.0,1.0
Lamc2,0.0,0.0,1.0,1.0
Rgl1,0.0,0.0,1.0,1.0
Apod,0.0,0.0,1.0,1.0
Lrrc36,0.0,0.0,1.0,1.0
Plekhg4,0.0,0.0,1.0,1.0
Drd3,0.0,0.0,1.0,1.0
Slc9a5,0.0,0.0,1.0,1.0
Nol3,0.0,0.0,1.0,1.0
Hsf4,0.0,0.0,1.0,1.0
Ccnj,0.0,0.0,1.0,1.0
Nutf2,0.0,0.0,1.0,1.0
Fezf1,0.0,0.0,1.0,1.0
Crlf1,0.0,0.0,1.0,1.0
Spx,0.0,0.0,1.0,1.0
Iapp,0.0,0.0,1.0,1.0
Slco1c1,0.0,0.0,1.0,1.0
Pde3a,0.0,0.0,1.0,1.0
Far2,0.0,0.0,1.0,1.0
Kcnn1,0.0,0.0,1.0,1.0
Cftr,0.0,0.0,1.0,1.0
Eva1c,0.0,0.0,1.0,1.0
Dyrk3,0.0,0.0,1.0,1.0
Fcmr,0.0,0.0,1.0,1.0
Fcamr,0.0,0.0,1.0,1.0
C4bp,0.0,0.0,1.0,1.0
Ppp1r3c,0.0,0.0,1.0,1.0
Rep15,0.0,0.0,1.0,1.0
Arntl2,0.0,0.0,1.0,1.0
Slc18a1,0.0,0.0,1.0,1.0
Lpl,0.0,0.0,1.0,1.0
Npy1r,0.0,0.0,1.0,1.0
Slc25a42,0.0,0.0,1.0,1.0
Mef2b,0.0,0.0,1.0,1.0
Cxcr4,0.0,0.0,1.0,1.0
H2al1n,0.0,0.0,1.0,1.0
Nyx,0.0,0.0,1.0,1.0
Cav1,0.0,0.0,1.0,1.0
Tm6sf2,0.0,0.0,1.0,1.0
Tssk6,0.0,0.0,1.0,1.0
Yjefn3,0.0,0.0,1.0,1.0
Lpar2,0.0,0.0,1.0,1.0
Setd4,0.0,0.0,1.0,1.0
Extl1,0.0,0.0,1.0,1.0
Slc30a2,0.0,0.0,1.0,1.0
Catsper4,0.0,0.0,1.0,1.0
Ubxn11,0.0,0.0,1.0,1.0
Fam129c,0.0,0.0,1.0,1.0
Plvap,0.0,0.0,1.0,1.0
Gtpbp3,0.0,0.0,1.0,1.0
Ankle1,0.0,0.0,1.0,1.0
Robo2,0.0,0.0,1.0,1.0
Robo1,0.0,0.0,1.0,1.0
Vgll3,0.0,0.0,1.0,1.0
Klhdc8a,0.0,0.0,1.0,1.0
Slc45a3,0.0,0.0,1.0,1.0
Rab29,0.0,0.0,1.0,1.0
Pm20d1,0.0,0.0,1.0,1.0
Rnf133,0.0,0.0,1.0,1.0
Avpr1b,0.0,0.0,1.0,1.0
Cd55,0.0,0.0,1.0,1.0
Cd55b,0.0,0.0,1.0,1.0
Arrdc2,0.0,0.0,1.0,1.0
Pde4c,0.0,0.0,1.0,1.0
Iqcn,0.0,0.0,1.0,1.0
Pgpep1,0.0,0.0,1.0,1.0
Gdf15,0.0,0.0,1.0,1.0
Lct,0.0,0.0,1.0,1.0
Zranb3,0.0,0.0,1.0,1.0
Pabpc2,0.0,0.0,1.0,1.0
Hunk,0.0,0.0,1.0,1.0
Krtap13,0.0,0.0,1.0,1.0
Ltn1,0.0,0.0,1.0,1.0
Kcne2,0.0,0.0,1.0,1.0
Ctse,0.0,0.0,1.0,1.0
Pcp4,0.0,0.0,1.0,1.0
March1,0.0,0.0,1.0,1.0
C1qa,0.0,0.0,1.0,1.0
C1qb,0.0,0.0,1.0,1.0
Zfp46,0.0,0.0,1.0,1.0
Rsph3a,0.0,0.0,1.0,1.0
Fndc1,0.0,0.0,1.0,1.0
Unc93a2,0.0,0.0,1.0,1.0
Tmem163,0.0,0.0,1.0,1.0
Nckap5,0.0,0.0,1.0,1.0
Lypd1,0.0,0.0,1.0,1.0
Ldhal6b,0.0,0.0,1.0,1.0
Adgrg2,0.0,0.0,1.0,1.0
Tenm3,0.0,0.0,1.0,1.0
Zdhhc2,0.0,0.0,1.0,1.0
Apela,0.0,0.0,1.0,1.0
Stox2,0.0,0.0,1.0,1.0
Enpp6,0.0,0.0,1.0,1.0
Primpol,0.0,0.0,1.0,1.0
Cenpu,0.0,0.0,1.0,1.0
Trmt9b,0.0,0.0,1.0,1.0
Lonrf1,0.0,0.0,1.0,1.0
Ankrd37,0.0,0.0,1.0,1.0
Dusp4,0.0,0.0,1.0,1.0
Mboat4,0.0,0.0,1.0,1.0
Cyp4v3,0.0,0.0,1.0,1.0
Fgl1,0.0,0.0,1.0,1.0
Pdgfrl,0.0,0.0,1.0,1.0
Slc7a2,0.0,0.0,1.0,1.0
Pla2g2d,0.0,0.0,1.0,1.0
Vegfc,0.0,0.0,1.0,1.0
Msr1,0.0,0.0,1.0,1.0
Cpe,0.0,0.0,1.0,1.0
Ddx60,0.0,0.0,1.0,1.0
Galntl6,0.0,0.0,1.0,1.0
Gmip,0.0,0.0,1.0,1.0
Pthlh,0.0,0.0,1.0,1.0
Cped1,0.0,0.0,1.0,1.0
Cttnbp2,0.0,0.0,1.0,1.0
Asap3,0.0,0.0,1.0,1.0
Zfp869,0.0,0.0,1.0,1.0
Zfp964,0.0,0.0,1.0,1.0
Lzts1,0.0,0.0,1.0,1.0
Dctd,0.0,0.0,1.0,1.0
Wwc2,0.0,0.0,1.0,1.0
Cd40lg,0.0,0.0,1.0,1.0
Mmgt1,0.0,0.0,1.0,1.0
Gnpda1,0.0,0.0,1.0,1.0
Smim10l2a,0.0,0.0,1.0,1.0
Hapln4,0.0,0.0,1.0,1.0
Rcan1,0.0,0.0,1.0,1.0
Cldn14,0.0,0.0,1.0,1.0
Cypt1,0.0,0.0,1.0,1.0
Lrp2bp,0.0,0.0,1.0,1.0
Steap3,0.0,0.0,1.0,1.0
Rai2,0.0,0.0,1.0,1.0
Scml2,0.0,0.0,1.0,1.0
Gja6,0.0,0.0,1.0,1.0
Cdkl5,0.0,0.0,1.0,1.0
Phka2,0.0,0.0,1.0,1.0
Cldn20,0.0,0.0,1.0,1.0
Tiam2,0.0,0.0,1.0,1.0
Spry4,0.0,0.0,1.0,1.0
Ints6l,0.0,0.0,1.0,1.0
Syt2,0.0,0.0,1.0,1.0
Adora1,0.0,0.0,1.0,1.0
Retnla,0.0,0.0,1.0,1.0
Phldb2,0.0,0.0,1.0,1.0
Igsf11,0.0,0.0,1.0,1.0
Upk1b,0.0,0.0,1.0,1.0
Arhgap31,0.0,0.0,1.0,1.0
Tagln3,0.0,0.0,1.0,1.0
Gcsam,0.0,0.0,1.0,1.0
Klf1,0.0,0.0,1.0,1.0
Gcdh,0.0,0.0,1.0,1.0
Dand5,0.0,0.0,1.0,1.0
Lyl1,0.0,0.0,1.0,1.0
Grin2b,0.0,0.0,1.0,1.0
Plcxd1,0.0,0.0,1.0,1.0
Aunip,0.0,0.0,1.0,1.0
Oprd1,0.0,0.0,1.0,1.0
Tmem200b,0.0,0.0,1.0,1.0
Ptpru,0.0,0.0,1.0,1.0
Rnf212,0.0,0.0,1.0,1.0
Casc1,0.0,0.0,1.0,1.0
Sox5,0.0,0.0,1.0,1.0
St8sia1,0.0,0.0,1.0,1.0
Samd1,0.0,0.0,1.0,1.0
Ptger1,0.0,0.0,1.0,1.0
Tbc1d9,0.0,0.0,1.0,1.0
Rnf150,0.0,0.0,1.0,1.0
Morn4,0.0,0.0,1.0,1.0
Hoga1,0.0,0.0,1.0,1.0
Fam167b,0.0,0.0,1.0,1.0
Ube2t,0.0,0.0,1.0,1.0
Ythdf2,0.0,0.0,1.0,1.0
Col16a1,0.0,0.0,1.0,1.0
Ccdc28b,0.0,0.0,1.0,1.0
Dcdc2b,0.0,0.0,1.0,1.0
Zfp791,0.0,0.0,1.0,1.0
Fbxw9,0.0,0.0,1.0,1.0
Nod2,0.0,0.0,1.0,1.0
Nkd1,0.0,0.0,1.0,1.0
Zfp423,0.0,0.0,1.0,1.0
Siah1a,0.0,0.0,1.0,1.0
Cacna1a,0.0,0.0,1.0,1.0
Neto2,0.0,0.0,1.0,1.0
Cox19,0.0,0.0,1.0,1.0
Adap1,0.0,0.0,1.0,1.0
Fam71f1,0.0,0.0,1.0,1.0
Fam71f2,0.0,0.0,1.0,1.0
Mylk3,0.0,0.0,1.0,1.0
Crlf2,0.0,0.0,1.0,1.0
Nr1i2,0.0,0.0,1.0,1.0
Lrrc58,0.0,0.0,1.0,1.0
Ccdc80,0.0,0.0,1.0,1.0
Cd200r3,0.0,0.0,1.0,1.0
Cfap44,0.0,0.0,1.0,1.0
Sidt1,0.0,0.0,1.0,1.0
Nudt1,0.0,0.0,1.0,1.0
Micall2,0.0,0.0,1.0,1.0
Phlda3,0.0,0.0,1.0,1.0
Nav1,0.0,0.0,1.0,1.0
Sync,0.0,0.0,1.0,1.0
Fndc5,0.0,0.0,1.0,1.0
Hpca,0.0,0.0,1.0,1.0
Azin2,0.0,0.0,1.0,1.0
Csta2,0.0,0.0,1.0,1.0
Anapc10,0.0,0.0,1.0,1.0
Cyp4f18,0.0,0.0,1.0,1.0
Zfp961,0.0,0.0,1.0,1.0
Zfp617,0.0,0.0,1.0,1.0
Unc13a,0.0,0.0,1.0,1.0
Arhgap10,0.0,0.0,1.0,1.0
Hmox1,0.0,0.0,1.0,1.0
Nkain1,0.0,0.0,1.0,1.0
Stx19,0.0,0.0,1.0,1.0
Arl6,0.0,0.0,1.0,1.0
Crybg3,0.0,0.0,1.0,1.0
Comp,0.0,0.0,1.0,1.0
Slc5a5,0.0,0.0,1.0,1.0
F2rl3,0.0,0.0,1.0,1.0
Crybg2,0.0,0.0,1.0,1.0
Impg2,0.0,0.0,1.0,1.0
Tent5b,0.0,0.0,1.0,1.0
Calr3,0.0,0.0,1.0,1.0
Hsh2d,0.0,0.0,1.0,1.0
Man1c1,0.0,0.0,1.0,1.0
Gab1,0.0,0.0,1.0,1.0
Gypa,0.0,0.0,1.0,1.0
Sox13,0.0,0.0,1.0,1.0
Etnk2,0.0,0.0,1.0,1.0
Pik3c2b,0.0,0.0,1.0,1.0
Lrrc25,0.0,0.0,1.0,1.0
Myom3,0.0,0.0,1.0,1.0
Il22ra1,0.0,0.0,1.0,1.0
Ifnlr1,0.0,0.0,1.0,1.0
Grhl3,0.0,0.0,1.0,1.0
Stpg1,0.0,0.0,1.0,1.0
Nr0b2,0.0,0.0,1.0,1.0
Nxpe3,0.0,0.0,1.0,1.0
Alcam,0.0,0.0,1.0,1.0
Ift57,0.0,0.0,1.0,1.0
Epha3,0.0,0.0,1.0,1.0
Zdhhc23,0.0,0.0,1.0,1.0
Rbm11,0.0,0.0,1.0,1.0
Pros1,0.0,0.0,1.0,1.0
Nanos3,0.0,0.0,1.0,1.0
Hcrtr1,0.0,0.0,1.0,1.0
Mmaa,0.0,0.0,1.0,1.0
Rab42,0.0,0.0,1.0,1.0
Gmeb1,0.0,0.0,1.0,1.0
Dcbld2,0.0,0.0,1.0,1.0
Col8a1,0.0,0.0,1.0,1.0
Tmem30c,0.0,0.0,1.0,1.0
Slc5a3,0.0,0.0,1.0,1.0
Prelp,0.0,0.0,1.0,1.0
Fam72a,0.0,0.0,1.0,1.0
Fabp3,0.0,0.0,1.0,1.0
Cd164l2,0.0,0.0,1.0,1.0
Fam76a,0.0,0.0,1.0,1.0
Smpdl3b,0.0,0.0,1.0,1.0
Xkr8,0.0,0.0,1.0,1.0
Ptafr,0.0,0.0,1.0,1.0
Slit1,0.0,0.0,1.0,1.0
Btla,0.0,0.0,1.0,1.0
Tmem45a,0.0,0.0,1.0,1.0
Nfasc,0.0,0.0,1.0,1.0
Tmem81,0.0,0.0,1.0,1.0
Tmcc2,0.0,0.0,1.0,1.0
Chodl,0.0,0.0,1.0,1.0
Chit1,0.0,0.0,1.0,1.0
Foxm1,0.0,0.0,1.0,1.0
Slc2a13,0.0,0.0,1.0,1.0
Syt10,0.0,0.0,1.0,1.0
Rabl2,0.0,0.0,1.0,1.0
Exo1,0.0,0.0,1.0,1.0
Hdac10,0.0,0.0,1.0,1.0
Opn3,0.0,0.0,1.0,1.0
Rpp25,0.0,0.0,1.0,1.0
Poglut3,0.0,0.0,1.0,1.0
Exph5,0.0,0.0,1.0,1.0
Zc3h12c,0.0,0.0,1.0,1.0
Frmd3,0.0,0.0,1.0,1.0
Astn2,0.0,0.0,1.0,1.0
Panx2,0.0,0.0,1.0,1.0
Alg12,0.0,0.0,1.0,1.0
Gpm6a,0.0,0.0,1.0,1.0
March3,0.0,0.0,1.0,1.0
Lrrk2,0.0,0.0,1.0,1.0
Prickle1,0.0,0.0,1.0,1.0
Mapk11,0.0,0.0,1.0,1.0
Mpi,0.0,0.0,1.0,1.0
Dmxl2,0.0,0.0,1.0,1.0
Cib2,0.0,0.0,1.0,1.0
Ifi211,0.0,0.0,1.0,1.0
Dixdc1,0.0,0.0,1.0,1.0
Cryab,0.0,0.0,1.0,1.0
Cspg4,0.0,0.0,1.0,1.0
Tnfsf15,0.0,0.0,1.0,1.0
Ccdc184,0.0,0.0,1.0,1.0
Zfp641,0.0,0.0,1.0,1.0
Ifi207,0.0,0.0,1.0,1.0
Ifi204,0.0,0.0,1.0,1.0
Pih1d2,0.0,0.0,1.0,1.0
Glis3,0.0,0.0,1.0,1.0
Snupn,0.0,0.0,1.0,1.0
Tmem202,0.0,0.0,1.0,1.0
Senp8,0.0,0.0,1.0,1.0
Tulp3,0.0,0.0,1.0,1.0
Nrg4,0.0,0.0,1.0,1.0
Chrnb4,0.0,0.0,1.0,1.0
Chrna5,0.0,0.0,1.0,1.0
Hykk,0.0,0.0,1.0,1.0
Lman1l,0.0,0.0,1.0,1.0
Bbs4,0.0,0.0,1.0,1.0
Hcn4,0.0,0.0,1.0,1.0
Cd276,0.0,0.0,1.0,1.0
Loxl1,0.0,0.0,1.0,1.0
Stoml1,0.0,0.0,1.0,1.0
Nrip2,0.0,0.0,1.0,1.0
A2ml1,0.0,0.0,1.0,1.0
Klrb1,0.0,0.0,1.0,1.0
Klrb1b,0.0,0.0,1.0,1.0
Ppp6r2,0.0,0.0,1.0,1.0
Pnpla3,0.0,0.0,1.0,1.0
Odf3b,0.0,0.0,1.0,1.0
Klhdc7b,0.0,0.0,1.0,1.0
Islr2,0.0,0.0,1.0,1.0
Cpt1b,0.0,0.0,1.0,1.0
Mapk8ip2,0.0,0.0,1.0,1.0
Shank3,0.0,0.0,1.0,1.0
Trmu,0.0,0.0,1.0,1.0
Zbed4,0.0,0.0,1.0,1.0
Col27a1,0.0,0.0,1.0,1.0
Cyp11a1,0.0,0.0,1.0,1.0
Stra6,0.0,0.0,1.0,1.0
Syce3,0.0,0.0,1.0,1.0
Kcnj10,0.0,0.0,1.0,1.0
Nckap5l,0.0,0.0,1.0,1.0
Spats2,0.0,0.0,1.0,1.0
Troap,0.0,0.0,1.0,1.0
Krt80,0.0,0.0,1.0,1.0
Smim41,0.0,0.0,1.0,1.0
Tmem25,0.0,0.0,1.0,1.0
Treh,0.0,0.0,1.0,1.0
Upk2,0.0,0.0,1.0,1.0
Apoc3,0.0,0.0,1.0,1.0
Apoa1,0.0,0.0,1.0,1.0
Bace1,0.0,0.0,1.0,1.0
Rhebl1,0.0,0.0,1.0,1.0
Wnt10b,0.0,0.0,1.0,1.0
Vangl2,0.0,0.0,1.0,1.0
Tex43,0.0,0.0,1.0,1.0
Trim29,0.0,0.0,1.0,1.0
Efcab7,0.0,0.0,1.0,1.0
Ror1,0.0,0.0,1.0,1.0
Raver2,0.0,0.0,1.0,1.0
Esam,0.0,0.0,1.0,1.0
Spa17,0.0,0.0,1.0,1.0
Rnd1,0.0,0.0,1.0,1.0
Itln1,0.0,0.0,1.0,1.0
Focad,0.0,0.0,1.0,1.0
Dmrta1,0.0,0.0,1.0,1.0
Tusc1,0.0,0.0,1.0,1.0
Ift74,0.0,0.0,1.0,1.0
Tek,0.0,0.0,1.0,1.0
Eqtn,0.0,0.0,1.0,1.0
Fggy,0.0,0.0,1.0,1.0
Nectin4,0.0,0.0,1.0,1.0
Il33,0.0,0.0,1.0,1.0
Ppic,0.0,0.0,1.0,1.0
Fkbp11,0.0,0.0,1.0,1.0
Klhdc9,0.0,0.0,1.0,1.0
Apoa5,0.0,0.0,1.0,1.0
Apoa4,0.0,0.0,1.0,1.0
Acer2,0.0,0.0,1.0,1.0
Mpdz,0.0,0.0,1.0,1.0
Ptprd,0.0,0.0,1.0,1.0
Pappa,0.0,0.0,1.0,1.0
Kmo,0.0,0.0,1.0,1.0
Rgs7,0.0,0.0,1.0,1.0
Fmn2,0.0,0.0,1.0,1.0
Spta1,0.0,0.0,1.0,1.0
Ifi205,0.0,0.0,1.0,1.0
Colca2,0.0,0.0,1.0,1.0
Slamf9,0.0,0.0,1.0,1.0
Cfap45,0.0,0.0,1.0,1.0
Vsig8,0.0,0.0,1.0,1.0
Fcer1a,0.0,0.0,1.0,1.0
Ccdc192,0.0,0.0,1.0,1.0
Slc38a4,0.0,0.0,1.0,1.0
Amigo2,0.0,0.0,1.0,1.0
Rapgef3,0.0,0.0,1.0,1.0
Pou2af1,0.0,0.0,1.0,1.0
Nxpe2,0.0,0.0,1.0,1.0
Bco2,0.0,0.0,1.0,1.0
Tex12,0.0,0.0,1.0,1.0
Scn2b,0.0,0.0,1.0,1.0
Il10ra,0.0,0.0,1.0,1.0
Tmprss13,0.0,0.0,1.0,1.0
Fxyd6,0.0,0.0,1.0,1.0
Layn,0.0,0.0,1.0,1.0
Tnfaip8l3,0.0,0.0,1.0,1.0
Cavin4,0.0,0.0,1.0,1.0
Msantd3,0.0,0.0,1.0,1.0
Cabp1,0.0,0.0,1.0,1.0
Enah,0.0,0.0,1.0,1.0
Mark1,0.0,0.0,1.0,1.0
Marc1,0.0,0.0,1.0,1.0
Hlx,0.0,0.0,1.0,1.0
Disp1,0.0,0.0,1.0,1.0
Tlr5,0.0,0.0,1.0,1.0
Capn8,0.0,0.0,1.0,1.0
Tbxas1,0.0,0.0,1.0,1.0
Klrg2,0.0,0.0,1.0,1.0
Lefty1,0.0,0.0,1.0,1.0
Mixl1,0.0,0.0,1.0,1.0
Tigar,0.0,0.0,1.0,1.0
Slc1a1,0.0,0.0,1.0,1.0
Nfam1,0.0,0.0,1.0,1.0
Fam20c,0.0,0.0,1.0,1.0
Pdgfa,0.0,0.0,1.0,1.0
Prkar1b,0.0,0.0,1.0,1.0
Sult4a1,0.0,0.0,1.0,1.0
Catspere2,0.0,0.0,1.0,1.0
Cenpm,0.0,0.0,1.0,1.0
Dyrk4,0.0,0.0,1.0,1.0
Wbp2nl,0.0,0.0,1.0,1.0
Grin3a,0.0,0.0,1.0,1.0
Ppp3r2,0.0,0.0,1.0,1.0
Lipc,0.0,0.0,1.0,1.0
Aqp9,0.0,0.0,1.0,1.0
Snx22,0.0,0.0,1.0,1.0
Fbxl22,0.0,0.0,1.0,1.0
Aph1c,0.0,0.0,1.0,1.0
Sept3,0.0,0.0,1.0,1.0
Tgfb2,0.0,0.0,1.0,1.0
Hmgcll1,0.0,0.0,1.0,1.0
Sstr3,0.0,0.0,1.0,1.0
C1qtnf6,0.0,0.0,1.0,1.0
Csf1r,0.0,0.0,1.0,1.0
Pdgfrb,0.0,0.0,1.0,1.0
Slc6a7,0.0,0.0,1.0,1.0
Camk2a,0.0,0.0,1.0,1.0
Arsi,0.0,0.0,1.0,1.0
Apol9a,0.0,0.0,1.0,1.0
Apol7a,0.0,0.0,1.0,1.0
Prox1,0.0,0.0,1.0,1.0
Ptpn14,0.0,0.0,1.0,1.0
Cacna1i,0.0,0.0,1.0,1.0
Scg3,0.0,0.0,1.0,1.0
Mblac1,0.0,0.0,1.0,1.0
Dnajb7,0.0,0.0,1.0,1.0
Chadl,0.0,0.0,1.0,1.0
Tab1,0.0,0.0,1.0,1.0
Vps13c,0.0,0.0,1.0,1.0
Tinag,0.0,0.0,1.0,1.0
Ooep,0.0,0.0,1.0,1.0
Myzap,0.0,0.0,1.0,1.0
Bcl2l10,0.0,0.0,1.0,1.0
Dnaaf4,0.0,0.0,1.0,1.0
Mchr1,0.0,0.0,1.0,1.0
Cdc42ep1,0.0,0.0,1.0,1.0
Pla2g6,0.0,0.0,1.0,1.0
Maff,0.0,0.0,1.0,1.0
Fam227a,0.0,0.0,1.0,1.0
Iigp1,0.0,0.0,1.0,1.0
Fam83f,0.0,0.0,1.0,1.0
Cgnl1,0.0,0.0,1.0,1.0
Ptgr1,0.0,0.0,1.0,1.0
Olfr267,0.0,0.0,1.0,1.0
Megf11,0.0,0.0,1.0,1.0
Kcnv2,0.0,0.0,1.0,1.0
Vldlr,0.0,0.0,1.0,1.0
Cyp2d12,0.0,0.0,1.0,1.0
Cyp2d9,0.0,0.0,1.0,1.0
Cyp2d10,0.0,0.0,1.0,1.0
Ttc38,0.0,0.0,1.0,1.0
Pkdrej,0.0,0.0,1.0,1.0
Fbln1,0.0,0.0,1.0,1.0
Fam118a,0.0,0.0,1.0,1.0
Upk3a,0.0,0.0,1.0,1.0
Phf21b,0.0,0.0,1.0,1.0
Arhgap8,0.0,0.0,1.0,1.0
Cyp2d26,0.0,0.0,1.0,1.0
Rnf183,0.0,0.0,1.0,1.0
Hdhd3,0.0,0.0,1.0,1.0
A4galt,0.0,0.0,1.0,1.0
Mapk12,0.0,0.0,1.0,1.0
Pld5,0.0,0.0,1.0,1.0
Chrdl1,0.0,0.0,1.0,1.0
Capn6,0.0,0.0,1.0,1.0
Shisal1,0.0,0.0,1.0,1.0
Lhfpl1,0.0,0.0,1.0,1.0
Alas2,0.0,0.0,1.0,1.0
Pfkfb1,0.0,0.0,1.0,1.0
Celf6,0.0,0.0,1.0,1.0
Gramd2,0.0,0.0,1.0,1.0
Fgd1,0.0,0.0,1.0,1.0
Shisa8,0.0,0.0,1.0,1.0
Tnfrsf13c,0.0,0.0,1.0,1.0
Alg13,0.0,0.0,1.0,1.0
Mtfmt,0.0,0.0,1.0,1.0
Pif1,0.0,0.0,1.0,1.0
Rbpms2,0.0,0.0,1.0,1.0
Map2k5,0.0,0.0,1.0,1.0
Iqch,0.0,0.0,1.0,1.0
Smad6,0.0,0.0,1.0,1.0
C2cd4b,0.0,0.0,1.0,1.0
Shoc1,0.0,0.0,1.0,1.0
Trpv4,0.0,0.0,1.0,1.0
Abca1,0.0,0.0,1.0,1.0
Fsd1l,0.0,0.0,1.0,1.0
Fktn,0.0,0.0,1.0,1.0
Tal2,0.0,0.0,1.0,1.0
Zfp462,0.0,0.0,1.0,1.0
Ctnnal1,0.0,0.0,1.0,1.0
Fam81a,0.0,0.0,1.0,1.0
C2cd4a,0.0,0.0,1.0,1.0
Susd1,0.0,0.0,1.0,1.0
Snx30,0.0,0.0,1.0,1.0
Mup17,0.0,0.0,1.0,1.0
Zfp37,0.0,0.0,1.0,1.0
Ambp,0.0,0.0,1.0,1.0
Kif12,0.0,0.0,1.0,1.0
Thsd4,0.0,0.0,1.0,1.0
Rasl12,0.0,0.0,1.0,1.0
Coro2b,0.0,0.0,1.0,1.0
Itga11,0.0,0.0,1.0,1.0
Kif26b,0.0,0.0,1.0,1.0
Sccpdh,0.0,0.0,1.0,1.0
Cdc42bpa,0.0,0.0,1.0,1.0
Igdcc4,0.0,0.0,1.0,1.0
Ubap1l,0.0,0.0,1.0,1.0
Kbtbd13,0.0,0.0,1.0,1.0
Lrrc49,0.0,0.0,1.0,1.0
Fmo1,0.0,0.0,1.0,1.0
Fmo4,0.0,0.0,1.0,1.0
Dnm3,0.0,0.0,1.0,1.0
Dusp27,0.0,0.0,1.0,1.0
Kctd12b,0.0,0.0,1.0,1.0
Ypel1,0.0,0.0,1.0,1.0
Klra2,0.0,0.0,1.0,1.0
Tmem52b,0.0,0.0,1.0,1.0
Olr1,0.0,0.0,1.0,1.0
Cyp4a30b,0.0,0.0,1.0,1.0
Cyp4x1,0.0,0.0,1.0,1.0
Snn,0.0,0.0,1.0,1.0
Rmi2,0.0,0.0,1.0,1.0
Clec16a,0.0,0.0,1.0,1.0
Ciita,0.0,0.0,1.0,1.0
Pou2f3,0.0,0.0,1.0,1.0
Rad54l,0.0,0.0,1.0,1.0
Pomgnt1,0.0,0.0,1.0,1.0
Angptl1,0.0,0.0,1.0,1.0
Nbdy,0.0,0.0,1.0,1.0
Spin2c,0.0,0.0,1.0,1.0
Pappa2,0.0,0.0,1.0,1.0
Clec2f,0.0,0.0,1.0,1.0
Tvp23a,0.0,0.0,1.0,1.0
Kbtbd3,0.0,0.0,1.0,1.0
Pgbd5,0.0,0.0,1.0,1.0
Agt,0.0,0.0,1.0,1.0
Capn9,0.0,0.0,1.0,1.0
Yap1,0.0,0.0,1.0,1.0
Cfap300,0.0,0.0,1.0,1.0
Atf7ip2,0.0,0.0,1.0,1.0
Tekt5,0.0,0.0,1.0,1.0
Clec2e,0.0,0.0,1.0,1.0
Angptl6,0.0,0.0,1.0,1.0
Zfp426,0.0,0.0,1.0,1.0
Zfp560,0.0,0.0,1.0,1.0
Olfr829,0.0,0.0,1.0,1.0
Muc16,0.0,0.0,1.0,1.0
Zfp558,0.0,0.0,1.0,1.0
Rab3b,0.0,0.0,1.0,1.0
Tmed1,0.0,0.0,1.0,1.0
Zfyve9,0.0,0.0,1.0,1.0
Gpr161,0.0,0.0,1.0,1.0
Dpt,0.0,0.0,1.0,1.0
Ccdc181,0.0,0.0,1.0,1.0
Slc19a2,0.0,0.0,1.0,1.0
Stil,0.0,0.0,1.0,1.0
Trabd2b,0.0,0.0,1.0,1.0
Fmo2,0.0,0.0,1.0,1.0
Gorab,0.0,0.0,1.0,1.0
Kifap3,0.0,0.0,1.0,1.0
F5,0.0,0.0,1.0,1.0
Hspa12a,0.0,0.0,1.0,1.0
Nanos1,0.0,0.0,1.0,1.0
Sfxn4,0.0,0.0,1.0,1.0
Ankrd49,0.0,0.0,1.0,1.0
Slc5a9,0.0,0.0,1.0,1.0
Vstm5,0.0,0.0,1.0,1.0
Casp12,0.0,0.0,1.0,1.0
Pdgfd,0.0,0.0,1.0,1.0
Mmp7,0.0,0.0,1.0,1.0
Mtmr2,0.0,0.0,1.0,1.0
Dmrta2,0.0,0.0,1.0,1.0
Elavl4,0.0,0.0,1.0,1.0
Bend5,0.0,0.0,1.0,1.0
Gpr83,0.0,0.0,1.0,1.0
Fam92b,0.0,0.0,1.0,1.0
Cdk10,0.0,0.0,1.0,1.0
Spata33,0.0,0.0,1.0,1.0
Meak7,0.0,0.0,1.0,1.0
Dnaaf1,0.0,0.0,1.0,1.0
Tmem125,0.0,0.0,1.0,1.0
Rbp4,0.0,0.0,1.0,1.0
Tctex1d4,0.0,0.0,1.0,1.0
Btbd19,0.0,0.0,1.0,1.0
Hpdl,0.0,0.0,1.0,1.0
Clec12a,0.0,0.0,1.0,1.0
Nudt11,0.0,0.0,1.0,1.0
Csf2ra,0.0,0.0,1.0,1.0
Zfp950,0.0,0.0,1.0,1.0
Sez6l,0.0,0.0,1.0,1.0
Mob3c,0.0,0.0,1.0,1.0
Pbp2,0.0,0.0,1.0,1.0
Mn1,0.0,0.0,1.0,1.0
Cryba4,0.0,0.0,1.0,1.0
Camk2n2,0.0,0.0,1.0,1.0
Ece2,0.0,0.0,1.0,1.0
Rasal2,0.0,0.0,1.0,1.0
Cryzl2,0.0,0.0,1.0,1.0
Hps4,0.0,0.0,1.0,1.0
Ribc1,0.0,0.0,1.0,1.0
Rragb,0.0,0.0,1.0,1.0
Klf8,0.0,0.0,1.0,1.0
Ydjc,0.0,0.0,1.0,1.0
Iglc3,0.0,0.0,1.0,1.0
Prkdc,0.0,0.0,1.0,1.0
Arvcf,0.0,0.0,1.0,1.0
Banp,0.0,0.0,1.0,1.0
Sec16b,0.0,0.0,1.0,1.0
Tex38,0.0,0.0,1.0,1.0
Disc1,0.0,0.0,1.0,1.0
Trim67,0.0,0.0,1.0,1.0
Fam89a,0.0,0.0,1.0,1.0
Arhgap42,0.0,0.0,1.0,1.0
Cep126,0.0,0.0,1.0,1.0
Spag6l,0.0,0.0,1.0,1.0
Mphosph6,0.0,0.0,1.0,1.0
Arv1,0.0,0.0,1.0,1.0
Abcb10,0.0,0.0,1.0,1.0
Nup133,0.0,0.0,1.0,1.0
Acta1,0.0,0.0,1.0,1.0
Gas8,0.0,0.0,1.0,1.0
Tubb3,0.0,0.0,1.0,1.0
Spata2l,0.0,0.0,1.0,1.0
Gins2,0.0,0.0,1.0,1.0
Emc8,0.0,0.0,1.0,1.0
Iglc2,0.0,0.0,1.0,1.0
Olfr164,0.0,0.0,1.0,1.0
Aifm3,0.0,0.0,1.0,1.0
Lrrc74b,0.0,0.0,1.0,1.0
P2rx6,0.0,0.0,1.0,1.0
Slc7a4,0.0,0.0,1.0,1.0
Lurap1,0.0,0.0,1.0,1.0
Efcab1,0.0,0.0,1.0,1.0
Serpinc1,0.0,0.0,1.0,1.0
Klhl20,0.0,0.0,1.0,1.0
Tnfrsf17,0.0,0.0,1.0,1.0
Ercc4,0.0,0.0,1.0,1.0
Rimbp3,0.0,0.0,1.0,1.0
Zfp469,0.0,0.0,1.0,1.0
Ccdc17,0.0,0.0,1.0,1.0
Ccdc74a,0.0,0.0,1.0,1.0
Pcsk9,0.0,0.0,1.0,1.0
Plpp3,0.0,0.0,1.0,1.0
Dab1,0.0,0.0,1.0,1.0
Wdr78,0.0,0.0,1.0,1.0
Insl5,0.0,0.0,1.0,1.0
Igfbp6,0.0,0.0,1.0,1.0
Tmem140,0.0,0.0,1.0,1.0
Cald1,0.0,0.0,1.0,1.0
Akr1b7,0.0,0.0,1.0,1.0
Lrguk,0.0,0.0,1.0,1.0
Acvrl1,0.0,0.0,1.0,1.0
Fignl2,0.0,0.0,1.0,1.0
Scn8a,0.0,0.0,1.0,1.0
Slc4a8,0.0,0.0,1.0,1.0
Cela1,0.0,0.0,1.0,1.0
Pnliprp2,0.0,0.0,1.0,1.0
Cdon,0.0,0.0,1.0,1.0
Ddx25,0.0,0.0,1.0,1.0
Hyls1,0.0,0.0,1.0,1.0
Npff,0.0,0.0,1.0,1.0
Ccdc136,0.0,0.0,1.0,1.0
Smo,0.0,0.0,1.0,1.0
Strip2,0.0,0.0,1.0,1.0
Espl1,0.0,0.0,1.0,1.0
Gtsf1,0.0,0.0,1.0,1.0
Pde1b,0.0,0.0,1.0,1.0
Adamts15,0.0,0.0,1.0,1.0
AW551984,0.0,0.0,1.0,1.0
Zfp202,0.0,0.0,1.0,1.0
Scn3b,0.0,0.0,1.0,1.0
Jhy,0.0,0.0,1.0,1.0
Nr1i3,0.0,0.0,1.0,1.0
Itga5,0.0,0.0,1.0,1.0
Pdzd3,0.0,0.0,1.0,1.0
Lipk,0.0,0.0,1.0,1.0
Tead4,0.0,0.0,1.0,1.0
Parp11,0.0,0.0,1.0,1.0
Myo1h,0.0,0.0,1.0,1.0
Dscaml1,0.0,0.0,1.0,1.0
Cyp2j13,0.0,0.0,1.0,1.0
Tns2,0.0,0.0,1.0,1.0
Krt8,0.0,0.0,1.0,1.0
Krt4,0.0,0.0,1.0,1.0
Csrnp2,0.0,0.0,1.0,1.0
Higd1c,0.0,0.0,1.0,1.0
Mettl7a3,0.0,0.0,1.0,1.0
Tmprss12,0.0,0.0,1.0,1.0
Krt87,0.0,0.0,1.0,1.0
Asah2,0.0,0.0,1.0,1.0
Cyp2j9,0.0,0.0,1.0,1.0
Tm2d1,0.0,0.0,1.0,1.0
Kank4,0.0,0.0,1.0,1.0
Atg4c,0.0,0.0,1.0,1.0
Fez1,0.0,0.0,1.0,1.0
Pknox2,0.0,0.0,1.0,1.0
Hepacam,0.0,0.0,1.0,1.0
Calu,0.0,0.0,1.0,1.0
Ntm,0.0,0.0,1.0,1.0
Olfr920,0.0,0.0,1.0,1.0
Grk5,0.0,0.0,1.0,1.0
Crybb3,0.0,0.0,1.0,1.0
Tmem211,0.0,0.0,1.0,1.0
Sgsm1,0.0,0.0,1.0,1.0
Dao,0.0,0.0,1.0,1.0
Cyren,0.0,0.0,1.0,1.0
Igsf9b,0.0,0.0,1.0,1.0
Fem1c,0.0,0.0,1.0,1.0
Lmx1a,0.0,0.0,1.0,1.0
Nmral1,0.0,0.0,1.0,1.0
Glis2,0.0,0.0,1.0,1.0
Prr16,0.0,0.0,1.0,1.0
Zfp385a,0.0,0.0,1.0,1.0
Nfe2,0.0,0.0,1.0,1.0
Hoxc6,0.0,0.0,1.0,1.0
Zglp1,0.0,0.0,1.0,1.0
Icam4,0.0,0.0,1.0,1.0
Srpk3,0.0,0.0,1.0,1.0
Dusp9,0.0,0.0,1.0,1.0
Bgn,0.0,0.0,1.0,1.0
Trex2,0.0,0.0,1.0,1.0
Zfp92,0.0,0.0,1.0,1.0
Bmper,0.0,0.0,1.0,1.0
Nuf2,0.0,0.0,1.0,1.0
Rgs4,0.0,0.0,1.0,1.0
Dock6,0.0,0.0,1.0,1.0
Angptl8,0.0,0.0,1.0,1.0
Amotl1,0.0,0.0,1.0,1.0
Ankrd22,0.0,0.0,1.0,1.0
Ifit3b,0.0,0.0,1.0,1.0
Zyg11a,0.0,0.0,1.0,1.0
Slc16a12,0.0,0.0,1.0,1.0
Pdzd4,0.0,0.0,1.0,1.0
Avpr2,0.0,0.0,1.0,1.0
Gpx7,0.0,0.0,1.0,1.0
Ppl,0.0,0.0,1.0,1.0
Ppp1r1a,0.0,0.0,1.0,1.0
AU021092,0.0,0.0,1.0,1.0
Echdc2,0.0,0.0,1.0,1.0
Ifit1bl2,0.0,0.0,1.0,1.0
Cyb5rl,0.0,0.0,1.0,1.0
Ldlrad1,0.0,0.0,1.0,1.0
Glis1,0.0,0.0,1.0,1.0
Lrp8,0.0,0.0,1.0,1.0
Timm29,0.0,0.0,1.0,1.0
Prdm10,0.0,0.0,1.0,1.0
Ccdc190,0.0,0.0,1.0,1.0
Ticam2,0.0,0.0,1.0,1.0
Krt83,0.0,0.0,1.0,1.0
Krt84,0.0,0.0,1.0,1.0
Zfp597,0.0,0.0,1.0,1.0
Ak4,0.0,0.0,1.0,1.0
Dnajc6,0.0,0.0,1.0,1.0
Tirap,0.0,0.0,1.0,1.0
Zfp872,0.0,0.0,1.0,1.0
Bbs9,0.0,0.0,1.0,1.0
Adamts4,0.0,0.0,1.0,1.0
Dtwd2,0.0,0.0,1.0,1.0
Dmxl1,0.0,0.0,1.0,1.0
Barx2,0.0,0.0,1.0,1.0
Ccdc159,0.0,0.0,1.0,1.0
Plppr2,0.0,0.0,1.0,1.0
Rgl3,0.0,0.0,1.0,1.0
Elavl3,0.0,0.0,1.0,1.0
Stt3a,0.0,0.0,1.0,1.0
Pde4a,0.0,0.0,1.0,1.0
Eepd1,0.0,0.0,1.0,1.0
Glb1l2,0.0,0.0,1.0,1.0
Podn,0.0,0.0,1.0,1.0
Olfml2b,0.0,0.0,1.0,1.0
Fcgr2b,0.0,0.0,1.0,1.0
Fcgr3,0.0,0.0,1.0,1.0
Pate2,0.0,0.0,1.0,1.0
Rpp30,0.0,0.0,1.0,1.0
Nipa1,0.0,0.0,1.0,1.0
Ccdc96,0.0,0.0,1.0,1.0
Ablim2,0.0,0.0,1.0,1.0
Sema6b,0.0,0.0,1.0,1.0
Lrg1,0.0,0.0,1.0,1.0
Plin5,0.0,0.0,1.0,1.0
Plin4,0.0,0.0,1.0,1.0
Bmx,0.0,0.0,1.0,1.0
Ace2,0.0,0.0,1.0,1.0
Dazl,0.0,0.0,1.0,1.0
Tspo2,0.0,0.0,1.0,1.0
Grpr,0.0,0.0,1.0,1.0
Nhs,0.0,0.0,1.0,1.0
Mdh1b,0.0,0.0,1.0,1.0
Icos,0.0,0.0,1.0,1.0
Kremen2,0.0,0.0,1.0,1.0
Gsto2,0.0,0.0,1.0,1.0
Myom1,0.0,0.0,1.0,1.0
Nudt12,0.0,0.0,1.0,1.0
Rab31,0.0,0.0,1.0,1.0
Carf,0.0,0.0,1.0,1.0
Catsperd,0.0,0.0,1.0,1.0
Abcc8,0.0,0.0,1.0,1.0
Alkbh7,0.0,0.0,1.0,1.0
Saal1,0.0,0.0,1.0,1.0
Saa2,0.0,0.0,1.0,1.0
Fut1,0.0,0.0,1.0,1.0
Izumo1,0.0,0.0,1.0,1.0
Rasip1,0.0,0.0,1.0,1.0
Mzb1,0.0,0.0,1.0,1.0
Sult1c1,0.0,0.0,1.0,1.0
Rfx2,0.0,0.0,1.0,1.0
Kcnc1,0.0,0.0,1.0,1.0
Rab33a,0.0,0.0,1.0,1.0
Ttc23,0.0,0.0,1.0,1.0
Lysmd4,0.0,0.0,1.0,1.0
Adamts17,0.0,0.0,1.0,1.0
Rasl2-9,0.0,0.0,1.0,1.0
Zfp580,0.0,0.0,1.0,1.0
Zfp784,0.0,0.0,1.0,1.0
Ccdc106,0.0,0.0,1.0,1.0
Pnliprp1,0.0,0.0,1.0,1.0
Gfra1,0.0,0.0,1.0,1.0
Aldh1a3,0.0,0.0,1.0,1.0
Katnal1,0.0,0.0,1.0,1.0
Treml4,0.0,0.0,1.0,1.0
Car5b,0.0,0.0,1.0,1.0
Zfp446,0.0,0.0,1.0,1.0
Gabrb3,0.0,0.0,1.0,1.0
Mkrn3,0.0,0.0,1.0,1.0
Otud7a,0.0,0.0,1.0,1.0
Abcc6,0.0,0.0,1.0,1.0
Kcnj11,0.0,0.0,1.0,1.0
Rasl11a,0.0,0.0,1.0,1.0
Pdx1,0.0,0.0,1.0,1.0
Zfp119b,0.0,0.0,1.0,1.0
Zfp324,0.0,0.0,1.0,1.0
Stap2,0.0,0.0,1.0,1.0
Grk4,0.0,0.0,1.0,1.0
Fan1,0.0,0.0,1.0,1.0
Fam189a1,0.0,0.0,1.0,1.0
Uevld,0.0,0.0,1.0,1.0
Tmem86a,0.0,0.0,1.0,1.0
Zfp128,0.0,0.0,1.0,1.0
Rnf225,0.0,0.0,1.0,1.0
Ebi3,0.0,0.0,1.0,1.0
Hs3st1,0.0,0.0,1.0,1.0
Zfp518b,0.0,0.0,1.0,1.0
Zbtb49,0.0,0.0,1.0,1.0
Nsg1,0.0,0.0,1.0,1.0
Syt3,0.0,0.0,1.0,1.0
Sgo2a,0.0,0.0,1.0,1.0
Kctd18,0.0,0.0,1.0,1.0
Boll,0.0,0.0,1.0,1.0
Rftn2,0.0,0.0,1.0,1.0
Spdya,0.0,0.0,1.0,1.0
Emilin2,0.0,0.0,1.0,1.0
Bhlha15,0.0,0.0,1.0,1.0
Ocm,0.0,0.0,1.0,1.0
Slit2,0.0,0.0,1.0,1.0
Fam184b,0.0,0.0,1.0,1.0
Grin2d,0.0,0.0,1.0,1.0
Sod3,0.0,0.0,1.0,1.0
Zfp473,0.0,0.0,1.0,1.0
Il4i1,0.0,0.0,1.0,1.0
Ceacam18,0.0,0.0,1.0,1.0
Siglece,0.0,0.0,1.0,1.0
Klk10,0.0,0.0,1.0,1.0
Slc8a2,0.0,0.0,1.0,1.0
Cpt1c,0.0,0.0,1.0,1.0
Cfap299,0.0,0.0,1.0,1.0
Prkg2,0.0,0.0,1.0,1.0
Klk1b5,0.0,0.0,1.0,1.0
Clec11a,0.0,0.0,1.0,1.0
Vmn2r31,0.0,0.0,1.0,1.0
Zik1,0.0,0.0,1.0,1.0
Zfp551,0.0,0.0,1.0,1.0
Zscan18,0.0,0.0,1.0,1.0
Paqr3,0.0,0.0,1.0,1.0
Kcnj14,0.0,0.0,1.0,1.0
Spaca4,0.0,0.0,1.0,1.0
Car11,0.0,0.0,1.0,1.0
Ntn5,0.0,0.0,1.0,1.0
Sec1,0.0,0.0,1.0,1.0
Mamstr,0.0,0.0,1.0,1.0
Lgi2,0.0,0.0,1.0,1.0
Ccdc149,0.0,0.0,1.0,1.0
Col17a1,0.0,0.0,1.0,1.0
Calhm3,0.0,0.0,1.0,1.0
Taf5,0.0,0.0,1.0,1.0
Ina,0.0,0.0,1.0,1.0
Tead2,0.0,0.0,1.0,1.0
Ccdc155,0.0,0.0,1.0,1.0
Plekha4,0.0,0.0,1.0,1.0
Cpeb2,0.0,0.0,1.0,1.0
Cc2d2a,0.0,0.0,1.0,1.0
Bst1,0.0,0.0,1.0,1.0
Prob1,0.0,0.0,1.0,1.0
Spata24,0.0,0.0,1.0,1.0
Hbegf,0.0,0.0,1.0,1.0
Tubb4a,0.0,0.0,1.0,1.0
Tnfsf9,0.0,0.0,1.0,1.0
Tulp2,0.0,0.0,1.0,1.0
Dlgap1,0.0,0.0,1.0,1.0
Tmem150c,0.0,0.0,1.0,1.0
Vmac,0.0,0.0,1.0,1.0
Nrtn,0.0,0.0,1.0,1.0
Prr22,0.0,0.0,1.0,1.0
Hrc,0.0,0.0,1.0,1.0
Syngr4,0.0,0.0,1.0,1.0
Ntf5,0.0,0.0,1.0,1.0
Adgre1,0.0,0.0,1.0,1.0
Zfp583,0.0,0.0,1.0,1.0
Zfp667,0.0,0.0,1.0,1.0
Prcp,0.0,0.0,1.0,1.0
Ddias,0.0,0.0,1.0,1.0
Rab30,0.0,0.0,1.0,1.0
Pla2g7,0.0,0.0,1.0,1.0
Adgrf5,0.0,0.0,1.0,1.0
Gpbar1,0.0,0.0,1.0,1.0
Igfbp5,0.0,0.0,1.0,1.0
Cnpy1,0.0,0.0,1.0,1.0
Speer4a,0.0,0.0,1.0,1.0
Kctd14,0.0,0.0,1.0,1.0
Tcf23,0.0,0.0,1.0,1.0
Dpysl5,0.0,0.0,1.0,1.0
Slc35f6,0.0,0.0,1.0,1.0
Kat2b,0.0,0.0,1.0,1.0
Dync1i1,0.0,0.0,1.0,1.0
Shh,0.0,0.0,1.0,1.0
Lmbr1,0.0,0.0,1.0,1.0
Me3,0.0,0.0,1.0,1.0
Ccdc89,0.0,0.0,1.0,1.0
Dlg2,0.0,0.0,1.0,1.0
Ankrd42,0.0,0.0,1.0,1.0
Kcnk3,0.0,0.0,1.0,1.0
Zfp316,0.0,0.0,1.0,1.0
Ankrd61,0.0,0.0,1.0,1.0
Pms2,0.0,0.0,1.0,1.0
Adgrf4,0.0,0.0,1.0,1.0
Adgrf2,0.0,0.0,1.0,1.0
Zfp418,0.0,0.0,1.0,1.0
Zfp772,0.0,0.0,1.0,1.0
Drc1,0.0,0.0,1.0,1.0
Mymx,0.0,0.0,1.0,1.0
Abcf2,0.0,0.0,1.0,1.0
Asic3,0.0,0.0,1.0,1.0
Atg9b,0.0,0.0,1.0,1.0
Kcnh2,0.0,0.0,1.0,1.0
Nupl2,0.0,0.0,1.0,1.0
Alg8,0.0,0.0,1.0,1.0
Adgrf3,0.0,0.0,1.0,1.0
Mnx1,0.0,0.0,1.0,1.0
Borcs7,0.0,0.0,1.0,1.0
Klhl35,0.0,0.0,1.0,1.0
Serpinh1,0.0,0.0,1.0,1.0
Map6,0.0,0.0,1.0,1.0
Wnt11,0.0,0.0,1.0,1.0
Dclre1a,0.0,0.0,1.0,1.0
Plekhs1,0.0,0.0,1.0,1.0
Zfp78,0.0,0.0,1.0,1.0
Zfp28,0.0,0.0,1.0,1.0
Peg3,0.0,0.0,1.0,1.0
Rnf216,0.0,0.0,1.0,1.0
Rbak,0.0,0.0,1.0,1.0
Znrd1as,0.0,0.0,1.0,1.0
Zfp57,0.0,0.0,1.0,1.0
Ubd,0.0,0.0,1.0,1.0
Nrap,0.0,0.0,1.0,1.0
Sfta2,0.0,0.0,1.0,1.0
Atat1,0.0,0.0,1.0,1.0
Pcdhb4,0.0,0.0,1.0,1.0
Pcdhb5,0.0,0.0,1.0,1.0
Omp,0.0,0.0,1.0,1.0
B3gnt6,0.0,0.0,1.0,1.0
Ssc5d,0.0,0.0,1.0,1.0
Habp2,0.0,0.0,1.0,1.0
Cdsn,0.0,0.0,1.0,1.0
Slco3a1,0.0,0.0,1.0,1.0
St8sia2,0.0,0.0,1.0,1.0
Rgma,0.0,0.0,1.0,1.0
Nr2f2,0.0,0.0,1.0,1.0
Ttll13,0.0,0.0,1.0,1.0
Mesp2,0.0,0.0,1.0,1.0
Wdr93,0.0,0.0,1.0,1.0
Cers3,0.0,0.0,1.0,1.0
Lins1,0.0,0.0,1.0,1.0
Kif7,0.0,0.0,1.0,1.0
Ticrr,0.0,0.0,1.0,1.0
Abcc10,0.0,0.0,1.0,1.0
Lrrc73,0.0,0.0,1.0,1.0
Frs3,0.0,0.0,1.0,1.0
Myl1,0.0,0.0,1.0,1.0
Pdk4,0.0,0.0,1.0,1.0
Sgo1,0.0,0.0,1.0,1.0
Stard13,0.0,0.0,1.0,1.0
Zscan25,0.0,0.0,1.0,1.0
Msantd1,0.0,0.0,1.0,1.0
Rgs12,0.0,0.0,1.0,1.0
Dok7,0.0,0.0,1.0,1.0
Dcaf12l1,0.0,0.0,1.0,1.0
Map2,0.0,0.0,1.0,1.0
Apln,0.0,0.0,1.0,1.0
Xpnpep2,0.0,0.0,1.0,1.0
Pcsk6,0.0,0.0,1.0,1.0
Chaf1a,0.0,0.0,1.0,1.0
Mdfi,0.0,0.0,1.0,1.0
Efhb,0.0,0.0,1.0,1.0
Vegfd,0.0,0.0,1.0,1.0
Klf7,0.0,0.0,1.0,1.0
Smarca1,0.0,0.0,1.0,1.0
Asb4,0.0,0.0,1.0,1.0
Rcan2,0.0,0.0,1.0,1.0
Cul9,0.0,0.0,1.0,1.0
Dnph1,0.0,0.0,1.0,1.0
Crisp2,0.0,0.0,1.0,1.0
Crisp3,0.0,0.0,1.0,1.0
Kcnh8,0.0,0.0,1.0,1.0
Rccd1,0.0,0.0,1.0,1.0
Rbks,0.0,0.0,1.0,1.0
Fndc4,0.0,0.0,1.0,1.0
Ift172,0.0,0.0,1.0,1.0
Arnt2,0.0,0.0,1.0,1.0
Fbxl15,0.0,0.0,1.0,1.0
Psd,0.0,0.0,1.0,1.0
March4,0.0,0.0,1.0,1.0
Cul7,0.0,0.0,1.0,1.0
Runx2,0.0,0.0,1.0,1.0
Rab38,0.0,0.0,1.0,1.0
Blm,0.0,0.0,1.0,1.0
Ap3b2,0.0,0.0,1.0,1.0
Fgfr3,0.0,0.0,1.0,1.0
Polg,0.0,0.0,1.0,1.0
Medag,0.0,0.0,1.0,1.0
Fn1,0.0,0.0,1.0,1.0
Rsph9,0.0,0.0,1.0,1.0
Gnmt,0.0,0.0,1.0,1.0
Guca1b,0.0,0.0,1.0,1.0
Guca1a,0.0,0.0,1.0,1.0
AI661453,0.0,0.0,1.0,1.0
Prickle4,0.0,0.0,1.0,1.0
Rsph10b,0.0,0.0,1.0,1.0
Bard1,0.0,0.0,1.0,1.0
Tex26,0.0,0.0,1.0,1.0
Cdh2,0.0,0.0,1.0,1.0
Bambi,0.0,0.0,1.0,1.0
Nrxn1,0.0,0.0,1.0,1.0
Sema4c,0.0,0.0,1.0,1.0
Tlr7,0.0,0.0,1.0,1.0
Ofd1,0.0,0.0,1.0,1.0
Gemin8,0.0,0.0,1.0,1.0
Fancb,0.0,0.0,1.0,1.0
Asb11,0.0,0.0,1.0,1.0
Arhgef4,0.0,0.0,1.0,1.0
Pkhd1,0.0,0.0,1.0,1.0
Jph1,0.0,0.0,1.0,1.0
Rufy3,0.0,0.0,1.0,1.0
Ugt2b5,0.0,0.0,1.0,1.0
Ugt2b36,0.0,0.0,1.0,1.0
Srd5a2,0.0,0.0,1.0,1.0
Klhl14,0.0,0.0,1.0,1.0
Asxl3,0.0,0.0,1.0,1.0
Nol4,0.0,0.0,1.0,1.0
Adamts3,0.0,0.0,1.0,1.0
Ccdc158,0.0,0.0,1.0,1.0
Cxcl13,0.0,0.0,1.0,1.0
Rbm20,0.0,0.0,1.0,1.0
Ugt2b35,0.0,0.0,1.0,1.0
Afp,0.0,0.0,1.0,1.0
Lims2,0.0,0.0,1.0,1.0
Gpr17,0.0,0.0,1.0,1.0
Epgn,0.0,0.0,1.0,1.0
Ereg,0.0,0.0,1.0,1.0
Cyp2f2,0.0,0.0,1.0,1.0
Tmprss11a,0.0,0.0,1.0,1.0
Ugt2b1,0.0,0.0,1.0,1.0
Alb,0.0,0.0,1.0,1.0
Catsperg1,0.0,0.0,1.0,1.0
Ggn,0.0,0.0,1.0,1.0
Zfp850,0.0,0.0,1.0,1.0
Zfp974,0.0,0.0,1.0,1.0
Zfp60,0.0,0.0,1.0,1.0
Zfp607b,0.0,0.0,1.0,1.0
Nmu,0.0,0.0,1.0,1.0
Pdcl2,0.0,0.0,1.0,1.0
Lnx1,0.0,0.0,1.0,1.0
Rasl11b,0.0,0.0,1.0,1.0
Camkmt,0.0,0.0,1.0,1.0
Prepl,0.0,0.0,1.0,1.0
Rev1,0.0,0.0,1.0,1.0
Lipt1,0.0,0.0,1.0,1.0
Cnga3,0.0,0.0,1.0,1.0
Ceacam2,0.0,0.0,1.0,1.0
Mia,0.0,0.0,1.0,1.0
Prx,0.0,0.0,1.0,1.0
Hipk4,0.0,0.0,1.0,1.0
B3gnt8,0.0,0.0,1.0,1.0
Tmem91,0.0,0.0,1.0,1.0
Axl,0.0,0.0,1.0,1.0
Pf4,0.0,0.0,1.0,1.0
Vwa3b,0.0,0.0,1.0,1.0
Spink2,0.0,0.0,1.0,1.0
Noa1,0.0,0.0,1.0,1.0
Igfbp7,0.0,0.0,1.0,1.0
Adgrl3,0.0,0.0,1.0,1.0
Epha5,0.0,0.0,1.0,1.0
Cenpc1,0.0,0.0,1.0,1.0
Map3k8,0.0,0.0,1.0,1.0
Jcad,0.0,0.0,1.0,1.0
Mthfd2l,0.0,0.0,1.0,1.0
Zfp93,0.0,0.0,1.0,1.0
Zfp108,0.0,0.0,1.0,1.0
Nkpd1,0.0,0.0,1.0,1.0
Syt12,0.0,0.0,1.0,1.0
Ankrd13d,0.0,0.0,1.0,1.0
Slc25a21,0.0,0.0,1.0,1.0
Brms1l,0.0,0.0,1.0,1.0
Etv1,0.0,0.0,1.0,1.0
Sytl4,0.0,0.0,1.0,1.0
Srpx2,0.0,0.0,1.0,1.0
Apoc1,0.0,0.0,1.0,1.0
Six5,0.0,0.0,1.0,1.0
Dmpk,0.0,0.0,1.0,1.0
Dmwd,0.0,0.0,1.0,1.0
Nova2,0.0,0.0,1.0,1.0
Fzd8,0.0,0.0,1.0,1.0
Cd3eap,0.0,0.0,1.0,1.0
Ppp1r13l,0.0,0.0,1.0,1.0
Zfp235,0.0,0.0,1.0,1.0
Zfp114,0.0,0.0,1.0,1.0
Adgrb3,0.0,0.0,1.0,1.0
Prim2,0.0,0.0,1.0,1.0
Efhc1,0.0,0.0,1.0,1.0
Psg17,0.0,0.0,1.0,1.0
Epb41l4a,0.0,0.0,1.0,1.0
Adhfe1,0.0,0.0,1.0,1.0
Mybl1,0.0,0.0,1.0,1.0
Dst,0.0,0.0,1.0,1.0
AW554918,0.0,0.0,1.0,1.0
Cspp1,0.0,0.0,1.0,1.0
Tcf24,0.0,0.0,1.0,1.0
Zfp296,0.0,0.0,1.0,1.0
Nrep,0.0,0.0,1.0,1.0
Egfl6,0.0,0.0,1.0,1.0
Tceanc,0.0,0.0,1.0,1.0
Trappc2,0.0,0.0,1.0,1.0
Cxcl10,0.0,0.0,1.0,1.0
Art3,0.0,0.0,1.0,1.0
Cxcl9,0.0,0.0,1.0,1.0
Gpr4,0.0,0.0,1.0,1.0
Gipr,0.0,0.0,1.0,1.0
Grik5,0.0,0.0,1.0,1.0
Atp1a3,0.0,0.0,1.0,1.0
Cd79a,0.0,0.0,1.0,1.0
Afm,0.0,0.0,1.0,1.0
Rrs1,0.0,0.0,1.0,1.0
St18,0.0,0.0,1.0,1.0
Taf4b,0.0,0.0,1.0,1.0
Zfp94,0.0,0.0,1.0,1.0
Plaur,0.0,0.0,1.0,1.0
Cadm4,0.0,0.0,1.0,1.0
Zfp575,0.0,0.0,1.0,1.0
Apoc2,0.0,0.0,1.0,1.0
Btc,0.0,0.0,1.0,1.0
Cdkl2,0.0,0.0,1.0,1.0
Lypd3,0.0,0.0,1.0,1.0
Impact,0.0,0.0,1.0,1.0
Nlrp9b,0.0,0.0,1.0,1.0
Vmn1r91,0.0,0.0,1.0,1.0
Zfp180,0.0,0.0,1.0,1.0
Zfp112,0.0,0.0,1.0,1.0
Ppm1n,0.0,0.0,1.0,1.0
Ankrd29,0.0,0.0,1.0,1.0
Lama3,0.0,0.0,1.0,1.0
Osbpl1a,0.0,0.0,1.0,1.0
Pvr,0.0,0.0,1.0,1.0
Arhgef33,0.0,0.0,1.0,1.0
Kcnb2,0.0,0.0,1.0,1.0
Zkscan5,0.0,0.0,1.0,1.0
Ptcd1,0.0,0.0,1.0,1.0
Tmem130,0.0,0.0,1.0,1.0
Nptx2,0.0,0.0,1.0,1.0
Siglecf,0.0,0.0,1.0,1.0
Wtip,0.0,0.0,1.0,1.0
Hpn,0.0,0.0,1.0,1.0
Fxyd3,0.0,0.0,1.0,1.0
Fam187b,0.0,0.0,1.0,1.0
Hamp2,0.0,0.0,1.0,1.0
Rgs9bp,0.0,0.0,1.0,1.0
Tdrd12,0.0,0.0,1.0,1.0
Slc7a9,0.0,0.0,1.0,1.0
Kcnk6,0.0,0.0,1.0,1.0
Obox3,0.0,0.0,1.0,1.0
Cdkl4,0.0,0.0,1.0,1.0
Siglecg,0.0,0.0,1.0,1.0
Vsig10l,0.0,0.0,1.0,1.0
Syne4,0.0,0.0,1.0,1.0
Kctd15,0.0,0.0,1.0,1.0
Chst8,0.0,0.0,1.0,1.0
Gfra3,0.0,0.0,1.0,1.0
Wdr19,0.0,0.0,1.0,1.0
Klb,0.0,0.0,1.0,1.0
Apbb2,0.0,0.0,1.0,1.0
Dnah7b,0.0,0.0,1.0,1.0
Tmem178,0.0,0.0,1.0,1.0
Thumpd2,0.0,0.0,1.0,1.0
Pkd2l2,0.0,0.0,1.0,1.0
Nme5,0.0,0.0,1.0,1.0
Tlr6,0.0,0.0,1.0,1.0
Flacc1,0.0,0.0,1.0,1.0
Ndufb3,0.0,0.0,1.0,1.0
Urad,0.0,0.0,1.0,1.0
L3mbtl4,0.0,0.0,1.0,1.0
Arhgap28,0.0,0.0,1.0,1.0
Ptprm,0.0,0.0,1.0,1.0
Themis3,0.0,0.0,1.0,1.0
Mtcl1,0.0,0.0,1.0,1.0
Rasgrp3,0.0,0.0,1.0,1.0
Ttc27,0.0,0.0,1.0,1.0
Osgepl1,0.0,0.0,1.0,1.0
Ormdl1,0.0,0.0,1.0,1.0
Spib,0.0,0.0,1.0,1.0
Mybpc2,0.0,0.0,1.0,1.0
Zfp975,0.0,0.0,1.0,1.0
Mtus2,0.0,0.0,1.0,1.0
Kcnc3,0.0,0.0,1.0,1.0
Cd33,0.0,0.0,1.0,1.0
Zcchc4,0.0,0.0,1.0,1.0
Slc34a2,0.0,0.0,1.0,1.0
Pcdh7,0.0,0.0,1.0,1.0
Dthd1,0.0,0.0,1.0,1.0
Lrp3,0.0,0.0,1.0,1.0
AW146154,0.0,0.0,1.0,1.0
Klk1b11,0.0,0.0,1.0,1.0
Klk1b16,0.0,0.0,1.0,1.0
Klk1b24,0.0,0.0,1.0,1.0
Klk1b3,0.0,0.0,1.0,1.0
Klk1b4,0.0,0.0,1.0,1.0
Cep89,0.0,0.0,1.0,1.0
AI987944,0.0,0.0,1.0,1.0
Vmn2r57,0.0,0.0,1.0,1.0
Klk15,0.0,0.0,1.0,1.0
Ceacam12,0.0,0.0,1.0,1.0
Ceacam13,0.0,0.0,1.0,1.0
Hif3a,0.0,0.0,1.0,1.0
Ccdc8,0.0,0.0,1.0,1.0
Pnmal1,0.0,0.0,1.0,1.0
Pnmal2,0.0,0.0,1.0,1.0
Ceacam9,0.0,0.0,1.0,1.0
Spred3,0.0,0.0,1.0,1.0
Rasgrp4,0.0,0.0,1.0,1.0
Zfp14,0.0,0.0,1.0,1.0
Zfp568,0.0,0.0,1.0,1.0
Tmem182,0.0,0.0,1.0,1.0
Slc9a4,0.0,0.0,1.0,1.0
Il18r1,0.0,0.0,1.0,1.0
Il1rl1,0.0,0.0,1.0,1.0
Pla2g4c,0.0,0.0,1.0,1.0
Ppp1r14a,0.0,0.0,1.0,1.0
Cyp2s1,0.0,0.0,1.0,1.0
Eid2,0.0,0.0,1.0,1.0
Eid2b,0.0,0.0,1.0,1.0
Dll3,0.0,0.0,1.0,1.0
Zfp30,0.0,0.0,1.0,1.0
Lrfn1,0.0,0.0,1.0,1.0
Il1rl2,0.0,0.0,1.0,1.0
Sars2,0.0,0.0,1.0,1.0
Wdr62,0.0,0.0,1.0,1.0
Uchl1,0.0,0.0,1.0,1.0
Limch1,0.0,0.0,1.0,1.0
Greb1l,0.0,0.0,1.0,1.0
Tmeff2,0.0,0.0,1.0,1.0
Atp6v1e2,0.0,0.0,1.0,1.0
Stpg4,0.0,0.0,1.0,1.0
Nccrp1,0.0,0.0,1.0,1.0
Clip3,0.0,0.0,1.0,1.0
Thap8,0.0,0.0,1.0,1.0
Mag,0.0,0.0,1.0,1.0
Cd22,0.0,0.0,1.0,1.0
Ffar1,0.0,0.0,1.0,1.0
Ffar3,0.0,0.0,1.0,1.0
Ffar2,0.0,0.0,1.0,1.0
Dmkn,0.0,0.0,1.0,1.0
Sbsn,0.0,0.0,1.0,1.0
Atp4a,0.0,0.0,1.0,1.0
Haus5,0.0,0.0,1.0,1.0
Upk1a,0.0,0.0,1.0,1.0
Zbtb32,0.0,0.0,1.0,1.0
Gpatch1,0.0,0.0,1.0,1.0
Col3a1,0.0,0.0,1.0,1.0
Psg26,0.0,0.0,1.0,1.0
Mzf1,0.0,0.0,1.0,1.0
Dpf1,0.0,0.0,1.0,1.0
Zfp84,0.0,0.0,1.0,1.0
Ehd2,0.0,0.0,1.0,1.0
Arhgap33,0.0,0.0,1.0,1.0
Hspb6,0.0,0.0,1.0,1.0
U2af1l4,0.0,0.0,1.0,1.0
Gulp1,0.0,0.0,1.0,1.0
Zfp383,0.0,0.0,1.0,1.0
Reep2,0.0,0.0,1.0,1.0
Kcng3,0.0,0.0,1.0,1.0
Haao,0.0,0.0,1.0,1.0
Plekhh2,0.0,0.0,1.0,1.0
Dync2li1,0.0,0.0,1.0,1.0
Abcg8,0.0,0.0,1.0,1.0
Poglut2,0.0,0.0,1.0,1.0
Zfp420,0.0,0.0,1.0,1.0
Nme3,0.0,0.0,1.0,1.0
Eme2,0.0,0.0,1.0,1.0
Pcdhga6,0.0,0.0,1.0,1.0
Sstr5,0.0,0.0,1.0,1.0
Tekt4,0.0,0.0,1.0,1.0
Cacna1h,0.0,0.0,1.0,1.0
Tpsg1,0.0,0.0,1.0,1.0
Tpsb2,0.0,0.0,1.0,1.0
Pcdhgc5,0.0,0.0,1.0,1.0
Pcdhgc4,0.0,0.0,1.0,1.0
Cracr2b,0.0,0.0,1.0,1.0
Cend1,0.0,0.0,1.0,1.0
Hes2,0.0,0.0,1.0,1.0
Tnfrsf25,0.0,0.0,1.0,1.0
Slc2a5,0.0,0.0,1.0,1.0
Smarcd3,0.0,0.0,1.0,1.0
Rnf151,0.0,0.0,1.0,1.0
Polr2l,0.0,0.0,1.0,1.0
Muc6,0.0,0.0,1.0,1.0
Drd4,0.0,0.0,1.0,1.0
Brsk2,0.0,0.0,1.0,1.0
Syt8,0.0,0.0,1.0,1.0
Gpr153,0.0,0.0,1.0,1.0
Tnfrsf23,0.0,0.0,1.0,1.0
Nphp4,0.0,0.0,1.0,1.0
Cep104,0.0,0.0,1.0,1.0
Smim1,0.0,0.0,1.0,1.0
Trp73,0.0,0.0,1.0,1.0
Tnni3,0.0,0.0,1.0,1.0
Dennd5b,0.0,0.0,1.0,1.0
Phlda2,0.0,0.0,1.0,1.0
Tnfrsf22,0.0,0.0,1.0,1.0
Chd5,0.0,0.0,1.0,1.0
Xab2,0.0,0.0,1.0,1.0
Pnpla6,0.0,0.0,1.0,1.0
Zfp358,0.0,0.0,1.0,1.0
Col4a1,0.0,0.0,1.0,1.0
Lig4,0.0,0.0,1.0,1.0
Tnfrsf8,0.0,0.0,1.0,1.0
Pcdhga5,0.0,0.0,1.0,1.0
Prss27,0.0,0.0,1.0,1.0
Pkd1,0.0,0.0,1.0,1.0
Igfals,0.0,0.0,1.0,1.0
Shank2,0.0,0.0,1.0,1.0
Mrgpre,0.0,0.0,1.0,1.0
Ctnnbip1,0.0,0.0,1.0,1.0
Rbp7,0.0,0.0,1.0,1.0
Cort,0.0,0.0,1.0,1.0
Gal3st2b,0.0,0.0,1.0,1.0
Gal3st2c,0.0,0.0,1.0,1.0
Neu4,0.0,0.0,1.0,1.0
D1Ertd622e,0.0,0.0,1.0,1.0
Zfp958,0.0,0.0,1.0,1.0
Fgf15,0.0,0.0,1.0,1.0
Tpcn2,0.0,0.0,1.0,1.0
Th,0.0,0.0,1.0,1.0
Lrrc8e,0.0,0.0,1.0,1.0
Cdkn1c,0.0,0.0,1.0,1.0
Fcor,0.0,0.0,1.0,1.0
Megf6,0.0,0.0,1.0,1.0
Ccnf,0.0,0.0,1.0,1.0
Dnase1l2,0.0,0.0,1.0,1.0
Mlst8,0.0,0.0,1.0,1.0
Fv1,0.0,0.0,1.0,1.0
Fcer2a,0.0,0.0,1.0,1.0
Trpm5,0.0,0.0,1.0,1.0
Pgghg,0.0,0.0,1.0,1.0
Cox8b,0.0,0.0,1.0,1.0
Tmem52,0.0,0.0,1.0,1.0
Cfap74,0.0,0.0,1.0,1.0
Gabrd,0.0,0.0,1.0,1.0
Prkcz,0.0,0.0,1.0,1.0
Plch2,0.0,0.0,1.0,1.0
Hes5,0.0,0.0,1.0,1.0
Tnnt1,0.0,0.0,1.0,1.0
Eps8l1,0.0,0.0,1.0,1.0
Ano7,0.0,0.0,1.0,1.0
Pask,0.0,0.0,1.0,1.0
Mab21l4,0.0,0.0,1.0,1.0
Agxt,0.0,0.0,1.0,1.0
Pcdhb18,0.0,0.0,1.0,1.0
Syngr3,0.0,0.0,1.0,1.0
Prlh,0.0,0.0,1.0,1.0
Erfe,0.0,0.0,1.0,1.0
Lrrc27,0.0,0.0,1.0,1.0
Adam8,0.0,0.0,1.0,1.0
Caly,0.0,0.0,1.0,1.0
Hmx2,0.0,0.0,1.0,1.0
Erlin1,0.0,0.0,1.0,1.0
Pcdhb17,0.0,0.0,1.0,1.0
Scd1,0.0,0.0,1.0,1.0
Pnpla1,0.0,0.0,1.0,1.0
Syngap1,0.0,0.0,1.0,1.0
Ggnbp1,0.0,0.0,1.0,1.0
Grm4,0.0,0.0,1.0,1.0
Uhrf1bp1,0.0,0.0,1.0,1.0
Nme4,0.0,0.0,1.0,1.0
Pdia2,0.0,0.0,1.0,1.0
Cwf19l1,0.0,0.0,1.0,1.0
Slc9a3r2,0.0,0.0,1.0,1.0
Rgs11,0.0,0.0,1.0,1.0
Arhgdig,0.0,0.0,1.0,1.0
Wfikkn1,0.0,0.0,1.0,1.0
Rhbdl1,0.0,0.0,1.0,1.0
Fbxl16,0.0,0.0,1.0,1.0
Chtf18,0.0,0.0,1.0,1.0
Gng13,0.0,0.0,1.0,1.0
Kifc5b,0.0,0.0,1.0,1.0
Lmntd2,0.0,0.0,1.0,1.0
Lrrc56,0.0,0.0,1.0,1.0
Ano9,0.0,0.0,1.0,1.0
B4galnt4,0.0,0.0,1.0,1.0
Ifitm6,0.0,0.0,1.0,1.0
Prdm16,0.0,0.0,1.0,1.0
Ifitm5,0.0,0.0,1.0,1.0
Stk32c,0.0,0.0,1.0,1.0
Ifitm1,0.0,0.0,1.0,1.0
Fuom,0.0,0.0,1.0,1.0
Paox,0.0,0.0,1.0,1.0
Syce1,0.0,0.0,1.0,1.0
Zfp941,0.0,0.0,1.0,1.0
Cpn1,0.0,0.0,1.0,1.0
Prkcg,0.0,0.0,1.0,1.0
Pira2,0.0,0.0,1.0,1.0
Lair1,0.0,0.0,1.0,1.0
Ttyh1,0.0,0.0,1.0,1.0
Gp6,0.0,0.0,1.0,1.0
Pcdhb20,0.0,0.0,1.0,1.0
Pcdhb21,0.0,0.0,1.0,1.0
Aqp12,0.0,0.0,1.0,1.0
Kif1a,0.0,0.0,1.0,1.0
Cyp2c23,0.0,0.0,1.0,1.0
Ccr6,0.0,0.0,1.0,1.0
Lix1,0.0,0.0,1.0,1.0
Riok2,0.0,0.0,1.0,1.0
Prdm9,0.0,0.0,1.0,1.0
Dll1,0.0,0.0,1.0,1.0
Synj2,0.0,0.0,1.0,1.0
Zdhhc14,0.0,0.0,1.0,1.0
Prss41,0.0,0.0,1.0,1.0
Spata17,0.0,0.0,1.0,1.0
Pqlc2,0.0,0.0,1.0,1.0
Otud3,0.0,0.0,1.0,1.0
Rnf170,0.0,0.0,1.0,1.0
Kcnu1,0.0,0.0,1.0,1.0
Star,0.0,0.0,1.0,1.0
Zfp994,0.0,0.0,1.0,1.0
Pcp2,0.0,0.0,1.0,1.0
Epha2,0.0,0.0,1.0,1.0
Adprhl1,0.0,0.0,1.0,1.0
Pacrg,0.0,0.0,1.0,1.0
Fam131c,0.0,0.0,1.0,1.0
Clcnkb,0.0,0.0,1.0,1.0
Hspb7,0.0,0.0,1.0,1.0
Slc25a34,0.0,0.0,1.0,1.0
Zfp947,0.0,0.0,1.0,1.0
Pigg,0.0,0.0,1.0,1.0
Pcdhgb5,0.0,0.0,1.0,1.0
Pcdhga9,0.0,0.0,1.0,1.0
Slc22a3,0.0,0.0,1.0,1.0
Zfp53,0.0,0.0,1.0,1.0
Zfp948,0.0,0.0,1.0,1.0
Zfp229,0.0,0.0,1.0,1.0
Zfp820,0.0,0.0,1.0,1.0
Agmat,0.0,0.0,1.0,1.0
Sh3bgr,0.0,0.0,1.0,1.0
Lca5l,0.0,0.0,1.0,1.0
Bclaf3,0.0,0.0,1.0,1.0
Smpx,0.0,0.0,1.0,1.0
Prdx4,0.0,0.0,1.0,1.0
Acot9,0.0,0.0,1.0,1.0
Tmem37,0.0,0.0,1.0,1.0
Pnldc1,0.0,0.0,1.0,1.0
Prkn,0.0,0.0,1.0,1.0
Cda,0.0,0.0,1.0,1.0
Kif17,0.0,0.0,1.0,1.0
Sh2d5,0.0,0.0,1.0,1.0
Hspg2,0.0,0.0,1.0,1.0
AI429214,0.0,0.0,1.0,1.0
Dlc1,0.0,0.0,1.0,1.0
Prr18,0.0,0.0,1.0,1.0
Pde10a,0.0,0.0,1.0,1.0
Map3k15,0.0,0.0,1.0,1.0
Pla2g2c,0.0,0.0,1.0,1.0
Klhdc7a,0.0,0.0,1.0,1.0
Igsf21,0.0,0.0,1.0,1.0
Abcc2,0.0,0.0,1.0,1.0
Ank1,0.0,0.0,1.0,1.0
Bhlhe41,0.0,0.0,1.0,1.0
Brf2,0.0,0.0,1.0,1.0
Fut10,0.0,0.0,1.0,1.0
Purg,0.0,0.0,1.0,1.0
Tex15,0.0,0.0,1.0,1.0
Fgfr1,0.0,0.0,1.0,1.0
Letm2,0.0,0.0,1.0,1.0
Cplx1,0.0,0.0,1.0,1.0
Rassf8,0.0,0.0,1.0,1.0
Adgra2,0.0,0.0,1.0,1.0
Atp7b,0.0,0.0,1.0,1.0
AY761184,0.0,0.0,1.0,1.0
Proz,0.0,0.0,1.0,1.0
Spaca7,0.0,0.0,1.0,1.0
Sox1,0.0,0.0,1.0,1.0
Tex29,0.0,0.0,1.0,1.0
Col4a2,0.0,0.0,1.0,1.0
Zfp933,0.0,0.0,1.0,1.0
Zfp982,0.0,0.0,1.0,1.0
Slc9a7,0.0,0.0,1.0,1.0
Maob,0.0,0.0,1.0,1.0
Pkmyt1,0.0,0.0,1.0,1.0
Cldn9,0.0,0.0,1.0,1.0
Tnfrsf12a,0.0,0.0,1.0,1.0
Zfp13,0.0,0.0,1.0,1.0
Arhgef19,0.0,0.0,1.0,1.0
Mcemp1,0.0,0.0,1.0,1.0
Pcdhgc3,0.0,0.0,1.0,1.0
Brat1,0.0,0.0,1.0,1.0
Sdk1,0.0,0.0,1.0,1.0
Ap5z1,0.0,0.0,1.0,1.0
Slc29a4,0.0,0.0,1.0,1.0
Tbc1d24,0.0,0.0,1.0,1.0
Zfp40,0.0,0.0,1.0,1.0
Ccl25,0.0,0.0,1.0,1.0
Fhad1,0.0,0.0,1.0,1.0
Bricd5,0.0,0.0,1.0,1.0
Rab26,0.0,0.0,1.0,1.0
Pcdhgb6,0.0,0.0,1.0,1.0
Pcdhga10,0.0,0.0,1.0,1.0
Pcdhga11,0.0,0.0,1.0,1.0
Pcdhga12,0.0,0.0,1.0,1.0
Ctxn1,0.0,0.0,1.0,1.0
Htra4,0.0,0.0,1.0,1.0
Adam18,0.0,0.0,1.0,1.0
Zmat4,0.0,0.0,1.0,1.0
Sfrp1,0.0,0.0,1.0,1.0
Defb37,0.0,0.0,1.0,1.0
Defb40,0.0,0.0,1.0,1.0
Xkr5,0.0,0.0,1.0,1.0
Angpt2,0.0,0.0,1.0,1.0
Cnnm1,0.0,0.0,1.0,1.0
Dact2,0.0,0.0,1.0,1.0
Afdn,0.0,0.0,1.0,1.0
Zfp944,0.0,0.0,1.0,1.0
Zfp991,0.0,0.0,1.0,1.0
Pcdhga8,0.0,0.0,1.0,1.0
Pcdhgb4,0.0,0.0,1.0,1.0
Nek5,0.0,0.0,1.0,1.0
Thsd1,0.0,0.0,1.0,1.0
Clcn6,0.0,0.0,1.0,1.0
Fbxo44,0.0,0.0,1.0,1.0
Ubiad1,0.0,0.0,1.0,1.0
Tgfbr3l,0.0,0.0,1.0,1.0
Snapc2,0.0,0.0,1.0,1.0
Dcun1d2,0.0,0.0,1.0,1.0
Pcdhga7,0.0,0.0,1.0,1.0
Sfrp5,0.0,0.0,1.0,1.0
Golga7b,0.0,0.0,1.0,1.0
Rgn,0.0,0.0,1.0,1.0
Sbpl,0.0,0.0,1.0,1.0
Serpinb8,0.0,0.0,1.0,1.0
Dsel,0.0,0.0,1.0,1.0
Spaca6,0.0,0.0,1.0,1.0
Zfp54,0.0,0.0,1.0,1.0
Tdrp,0.0,0.0,1.0,1.0
Pclo,0.0,0.0,1.0,1.0
Abcb1b,0.0,0.0,1.0,1.0
Xylt1,0.0,0.0,1.0,1.0
Nucb2,0.0,0.0,1.0,1.0
Syt5,0.0,0.0,1.0,1.0
Sparcl1,0.0,0.0,1.0,1.0
Slc10a6,0.0,0.0,1.0,1.0
Btnl1,0.0,0.0,1.0,1.0
Btnl2,0.0,0.0,1.0,1.0
H2-Ob,0.0,0.0,1.0,1.0
Zbtb12,0.0,0.0,1.0,1.0
Ly6g6f,0.0,0.0,1.0,1.0
Ly6g6e,0.0,0.0,1.0,1.0
Mpig6b,0.0,0.0,1.0,1.0
Ddah2,0.0,0.0,1.0,1.0
Mlph,0.0,0.0,1.0,1.0
Olfr658,0.0,0.0,1.0,1.0
Cnga4,0.0,0.0,1.0,1.0
Ccdc146,0.0,0.0,1.0,1.0
Adm,0.0,0.0,1.0,1.0
Lyve1,0.0,0.0,1.0,1.0
Olfr699,0.0,0.0,1.0,1.0
Ccdc186,0.0,0.0,1.0,1.0
Msh5,0.0,0.0,1.0,1.0
Vwa2,0.0,0.0,1.0,1.0
Trub1,0.0,0.0,1.0,1.0
Hpse,0.0,0.0,1.0,1.0
Helq,0.0,0.0,1.0,1.0
Tuba4a,0.0,0.0,1.0,1.0
Dnajb2,0.0,0.0,1.0,1.0
Vwa7,0.0,0.0,1.0,1.0
Sapcd1,0.0,0.0,1.0,1.0
Tdrd1,0.0,0.0,1.0,1.0
Syt17,0.0,0.0,1.0,1.0
Cog7,0.0,0.0,1.0,1.0
Scnn1b,0.0,0.0,1.0,1.0
Scnn1g,0.0,0.0,1.0,1.0
Igsf6,0.0,0.0,1.0,1.0
Cdr2,0.0,0.0,1.0,1.0
Cyp2r1,0.0,0.0,1.0,1.0
Mogat1,0.0,0.0,1.0,1.0
Slc4a3,0.0,0.0,1.0,1.0
Inha,0.0,0.0,1.0,1.0
Tmem198,0.0,0.0,1.0,1.0
Resp18,0.0,0.0,1.0,1.0
Ptprn,0.0,0.0,1.0,1.0
Zfp955a,0.0,0.0,1.0,1.0
C2,0.0,0.0,1.0,1.0
Cacna2d1,0.0,0.0,1.0,1.0
Hgf,0.0,0.0,1.0,1.0
Mrvi1,0.0,0.0,1.0,1.0
Galnt18,0.0,0.0,1.0,1.0
Cd36,0.0,0.0,1.0,1.0
Gnat3,0.0,0.0,1.0,1.0
Gnai1,0.0,0.0,1.0,1.0
Iqck,0.0,0.0,1.0,1.0
Cfb,0.0,0.0,1.0,1.0
Eri2,0.0,0.0,1.0,1.0
Rassf10,0.0,0.0,1.0,1.0
Arntl,0.0,0.0,1.0,1.0
Btbd10,0.0,0.0,1.0,1.0
Tnxb,0.0,0.0,1.0,1.0
Cd14,0.0,0.0,1.0,1.0
C4b,0.0,0.0,1.0,1.0
Skiv2l,0.0,0.0,1.0,1.0
Gprc5b,0.0,0.0,1.0,1.0
Chrna10,0.0,0.0,1.0,1.0
Art5,0.0,0.0,1.0,1.0
Xndc1,0.0,0.0,1.0,1.0
Plekhb1,0.0,0.0,1.0,1.0
Lmo1,0.0,0.0,1.0,1.0
Ankzf1,0.0,0.0,1.0,1.0
Slc23a3,0.0,0.0,1.0,1.0
Gab2,0.0,0.0,1.0,1.0
Apbb3,0.0,0.0,1.0,1.0
Aif1,0.0,0.0,1.0,1.0
Apom,0.0,0.0,1.0,1.0
Psors1c2,0.0,0.0,1.0,1.0
Cchcr1,0.0,0.0,1.0,1.0
H2-Q1,0.0,0.0,1.0,1.0
Atp6v1g2,0.0,0.0,1.0,1.0
Trim30d,0.0,0.0,1.0,1.0
Xrcc2,0.0,0.0,1.0,1.0
Adgrf1,0.0,0.0,1.0,1.0
Plcd4,0.0,0.0,1.0,1.0
Bcs1l,0.0,0.0,1.0,1.0
Stk36,0.0,0.0,1.0,1.0
Cyp27a1,0.0,0.0,1.0,1.0
Prkag3,0.0,0.0,1.0,1.0
Nfkbil1,0.0,0.0,1.0,1.0
Cdk5r2,0.0,0.0,1.0,1.0
Arhgef17,0.0,0.0,1.0,1.0
P2ry6,0.0,0.0,1.0,1.0
Il18bp,0.0,0.0,1.0,1.0
Slco2b1,0.0,0.0,1.0,1.0
Neu3,0.0,0.0,1.0,1.0
Xrra1,0.0,0.0,1.0,1.0
Rnf39,0.0,0.0,1.0,1.0
Wnt6,0.0,0.0,1.0,1.0
Trim30c,0.0,0.0,1.0,1.0
Trim30b,0.0,0.0,1.0,1.0
Nrip3,0.0,0.0,1.0,1.0
Ascl3,0.0,0.0,1.0,1.0
BC051019,0.0,0.0,1.0,1.0
Gpat3,0.0,0.0,1.0,1.0
Abraxas1,0.0,0.0,1.0,1.0
Fkbpl,0.0,0.0,1.0,1.0
Ager,0.0,0.0,1.0,1.0
Nhej1,0.0,0.0,1.0,1.0
Cfap65,0.0,0.0,1.0,1.0
Cryba2,0.0,0.0,1.0,1.0
Fev,0.0,0.0,1.0,1.0
Dnd1,0.0,0.0,1.0,1.0
Slc11a1,0.0,0.0,1.0,1.0
Olfr558,0.0,0.0,1.0,1.0
Olfr78,0.0,0.0,1.0,1.0
Hbb-bt,0.0,0.0,1.0,1.0
Hbb-bs,0.0,0.0,1.0,1.0
Trim6,0.0,0.0,1.0,1.0
Trim34a,0.0,0.0,1.0,1.0
Trim5,0.0,0.0,1.0,1.0
Cavin3,0.0,0.0,1.0,1.0
Ric3,0.0,0.0,1.0,1.0
Hpx,0.0,0.0,1.0,1.0
Trim3,0.0,0.0,1.0,1.0
Dnhd1,0.0,0.0,1.0,1.0
Lrrc17,0.0,0.0,1.0,1.0
Reln,0.0,0.0,1.0,1.0
Pus7,0.0,0.0,1.0,1.0
Rint1,0.0,0.0,1.0,1.0
Nlrp10,0.0,0.0,1.0,1.0
Acer3,0.0,0.0,1.0,1.0
Cox6a2,0.0,0.0,1.0,1.0
Prss36,0.0,0.0,1.0,1.0
Rbm48,0.0,0.0,1.0,1.0
Vkorc1,0.0,0.0,1.0,1.0
Cpne5,0.0,0.0,1.0,1.0
Sh3bp4,0.0,0.0,1.0,1.0
Pcdhb16,0.0,0.0,1.0,1.0
Pcdhb14,0.0,0.0,1.0,1.0
Pcdhb12,0.0,0.0,1.0,1.0
Ttll10,0.0,0.0,1.0,1.0
Notch3,0.0,0.0,1.0,1.0
Hsf2bp,0.0,0.0,1.0,1.0
Pcdhgb2,0.0,0.0,1.0,1.0
Pcdhgb1,0.0,0.0,1.0,1.0
Pcdhga3,0.0,0.0,1.0,1.0
Ccp110,0.0,0.0,1.0,1.0
Brsk1,0.0,0.0,1.0,1.0
Il11,0.0,0.0,1.0,1.0
Shisa7,0.0,0.0,1.0,1.0
Isoc2a,0.0,0.0,1.0,1.0
Gpr85,0.0,0.0,1.0,1.0
Kcnj13,0.0,0.0,1.0,1.0
Neu2,0.0,0.0,1.0,1.0
Pcdhga1,0.0,0.0,1.0,1.0
Pirb,0.0,0.0,1.0,1.0
Stx1b,0.0,0.0,1.0,1.0
C1qtnf12,0.0,0.0,1.0,1.0
Tnfrsf4,0.0,0.0,1.0,1.0
Rnf8,0.0,0.0,1.0,1.0
Ccdc167,0.0,0.0,1.0,1.0
Mdga1,0.0,0.0,1.0,1.0
Dnah8,0.0,0.0,1.0,1.0
Ugt1a9,0.0,0.0,1.0,1.0
Col6a3,0.0,0.0,1.0,1.0
Ackr3,0.0,0.0,1.0,1.0
Pcdhb22,0.0,0.0,1.0,1.0
Pi16,0.0,0.0,1.0,1.0
Mgmt,0.0,0.0,1.0,1.0
Fam24b,0.0,0.0,1.0,1.0
Fank1,0.0,0.0,1.0,1.0
Edrf1,0.0,0.0,1.0,1.0
Sec31b,0.0,0.0,1.0,1.0
Wnt8b,0.0,0.0,1.0,1.0
Pcdhb19,0.0,0.0,1.0,1.0
Pcdhb8,0.0,0.0,1.0,1.0
Pcdhb7,0.0,0.0,1.0,1.0
Scube3,0.0,0.0,1.0,1.0
Rab44,0.0,0.0,1.0,1.0
Tgfb1i1,0.0,0.0,1.0,1.0
Ccdc189,0.0,0.0,1.0,1.0
Zfp629,0.0,0.0,1.0,1.0
Ctf1,0.0,0.0,1.0,1.0
Lrrc8d,0.0,0.0,1.0,1.0
Tgfbr3,0.0,0.0,1.0,1.0
Ephx4,0.0,0.0,1.0,1.0
Ilkap,0.0,0.0,1.0,1.0
Efhd1,0.0,0.0,1.0,1.0
Ebf3,0.0,0.0,1.0,1.0
Bnip3,0.0,0.0,1.0,1.0
Hmx3,0.0,0.0,1.0,1.0
Mmp23,0.0,0.0,1.0,1.0
Mib2,0.0,0.0,1.0,1.0
Vwa1,0.0,0.0,1.0,1.0
Pusl1,0.0,0.0,1.0,1.0
Prss53,0.0,0.0,1.0,1.0
Clps,0.0,0.0,1.0,1.0
Tac1,0.0,0.0,1.0,1.0
Cyp4f16,0.0,0.0,1.0,1.0
Smim40,0.0,0.0,1.0,1.0
Ears2,0.0,0.0,1.0,1.0
Adam22,0.0,0.0,1.0,1.0
Steap1,0.0,0.0,1.0,1.0
Steap2,0.0,0.0,1.0,1.0
Cfap69,0.0,0.0,1.0,1.0
Cldn12,0.0,0.0,1.0,1.0
Mterf1b,0.0,0.0,1.0,1.0
Plac1,0.0,0.0,1.0,1.0
Gpr119,0.0,0.0,1.0,1.0
Slc25a14,0.0,0.0,1.0,1.0
Kank3,0.0,0.0,1.0,1.0
Pram1,0.0,0.0,1.0,1.0
Kif22,0.0,0.0,1.0,1.0
Cyp4f14,0.0,0.0,1.0,1.0
H2-DMb2,0.0,0.0,1.0,1.0
H2-DMb1,0.0,0.0,1.0,1.0
Irs1,0.0,0.0,1.0,1.0
Slc19a3,0.0,0.0,1.0,1.0
Ccl20,0.0,0.0,1.0,1.0
Palb2,0.0,0.0,1.0,1.0
Actl9,0.0,0.0,1.0,1.0
Kdm8,0.0,0.0,1.0,1.0
Zp2,0.0,0.0,1.0,1.0
Crym,0.0,0.0,1.0,1.0
Abca14,0.0,0.0,1.0,1.0
Pdzd9,0.0,0.0,1.0,1.0
Btnl4,0.0,0.0,1.0,1.0
Dner,0.0,0.0,1.0,1.0
Zfp955b,0.0,0.0,1.0,1.0
Slc5a11,0.0,0.0,1.0,1.0
Hs6st2,0.0,0.0,1.0,1.0
Gpc3,0.0,0.0,1.0,1.0
Ccdc160,0.0,0.0,1.0,1.0
Elovl3,0.0,0.0,1.0,1.0
Cd19,0.0,0.0,1.0,1.0
Zfp768,0.0,0.0,1.0,1.0
Zfp747,0.0,0.0,1.0,1.0
Col28a1,0.0,0.0,1.0,1.0
Alppl2,0.0,0.0,1.0,1.0
Tff2,0.0,0.0,1.0,1.0
Tmprss3,0.0,0.0,1.0,1.0
Rnf223,0.0,0.0,1.0,1.0
Gdpd3,0.0,0.0,1.0,1.0
Tbx6,0.0,0.0,1.0,1.0
Asphd1,0.0,0.0,1.0,1.0
Cdiptos,0.0,0.0,1.0,1.0
Cyp4f39,0.0,0.0,1.0,1.0
Glcci1,0.0,0.0,1.0,1.0
Zfp689,0.0,0.0,1.0,1.0
Lzts2,0.0,0.0,1.0,1.0
Pdzd7,0.0,0.0,1.0,1.0
Kazald1,0.0,0.0,1.0,1.0
Daw1,0.0,0.0,1.0,1.0
Foxp2,0.0,0.0,1.0,1.0
Zfp951,0.0,0.0,1.0,1.0
Tfpi2,0.0,0.0,1.0,1.0
Gngt1,0.0,0.0,1.0,1.0
Col1a2,0.0,0.0,1.0,1.0
Sgce,0.0,0.0,1.0,1.0
Ugt1a7c,0.0,0.0,1.0,1.0
Dnajb3,0.0,0.0,1.0,1.0
Ugt1a1,0.0,0.0,1.0,1.0
Armc9,0.0,0.0,1.0,1.0
Vps50,0.0,0.0,1.0,1.0
Gprin1,0.0,0.0,1.0,1.0
Arl10,0.0,0.0,1.0,1.0
Simc1,0.0,0.0,1.0,1.0
Cplx2,0.0,0.0,1.0,1.0
Tgfbi,0.0,0.0,1.0,1.0
Fbxl21,0.0,0.0,1.0,1.0
Foxn1,0.0,0.0,1.0,1.0
Bhlha9,0.0,0.0,1.0,1.0
Nxn,0.0,0.0,1.0,1.0
F2,0.0,0.0,1.0,1.0
Pacsin3,0.0,0.0,1.0,1.0
Nr1h3,0.0,0.0,1.0,1.0
Agbl2,0.0,0.0,1.0,1.0
Nup160,0.0,0.0,1.0,1.0
Serpinf2,0.0,0.0,1.0,1.0
Sit1,0.0,0.0,1.0,1.0
Spns3,0.0,0.0,1.0,1.0
Scarf1,0.0,0.0,1.0,1.0
Rph3al,0.0,0.0,1.0,1.0
Trpv3,0.0,0.0,1.0,1.0
Spata22,0.0,0.0,1.0,1.0
Ccdc92b,0.0,0.0,1.0,1.0
Nexmif,0.0,0.0,1.0,1.0
Slc16a2,0.0,0.0,1.0,1.0
Slc6a4,0.0,0.0,1.0,1.0
Efcab5,0.0,0.0,1.0,1.0
Coro6,0.0,0.0,1.0,1.0
Zfp267,0.0,0.0,1.0,1.0
Rtl5,0.0,0.0,1.0,1.0
Cited1,0.0,0.0,1.0,1.0
Phka1,0.0,0.0,1.0,1.0
Tsx,0.0,0.0,1.0,1.0
Maml3,0.0,0.0,1.0,1.0
Shc3,0.0,0.0,1.0,1.0
S1pr3,0.0,0.0,1.0,1.0
Nxnl2,0.0,0.0,1.0,1.0
Spi1,0.0,0.0,1.0,1.0
Nos2,0.0,0.0,1.0,1.0
Tgfa,0.0,0.0,1.0,1.0
Nat8f1,0.0,0.0,1.0,1.0
Porcn,0.0,0.0,1.0,1.0
Podxl2,0.0,0.0,1.0,1.0
Slc2a2,0.0,0.0,1.0,1.0
Alkbh3,0.0,0.0,1.0,1.0
Dbil5,0.0,0.0,1.0,1.0
Nek8,0.0,0.0,1.0,1.0
Dhrs13,0.0,0.0,1.0,1.0
Sez6,0.0,0.0,1.0,1.0
Cenpp,0.0,0.0,1.0,1.0
Tes3-ps,0.0,0.0,1.0,1.0
Ecm2,0.0,0.0,1.0,1.0
Ogn,0.0,0.0,1.0,1.0
Dbn1,0.0,0.0,1.0,1.0
Dok3,0.0,0.0,1.0,1.0
Nhlrc1,0.0,0.0,1.0,1.0
Rnf144b,0.0,0.0,1.0,1.0
Pipox,0.0,0.0,1.0,1.0
Wnk2,0.0,0.0,1.0,1.0
Adap2,0.0,0.0,1.0,1.0
Rab34,0.0,0.0,1.0,1.0
Pex5l,0.0,0.0,1.0,1.0
Trp53i13,0.0,0.0,1.0,1.0
H1fx,0.0,0.0,1.0,1.0
Gata2,0.0,0.0,1.0,1.0
Eefsec,0.0,0.0,1.0,1.0
Id4,0.0,0.0,1.0,1.0
Fancc,0.0,0.0,1.0,1.0
Ssc4d,0.0,0.0,1.0,1.0
Hspb1,0.0,0.0,1.0,1.0
Zfp58,0.0,0.0,1.0,1.0
Zmynd15,0.0,0.0,1.0,1.0
Cxcl16,0.0,0.0,1.0,1.0
Tekt1,0.0,0.0,1.0,1.0
Slc13a5,0.0,0.0,1.0,1.0
Pimreg,0.0,0.0,1.0,1.0
Aipl1,0.0,0.0,1.0,1.0
Kntc1,0.0,0.0,1.0,1.0
Wdr66,0.0,0.0,1.0,1.0
Fzd9,0.0,0.0,1.0,1.0
Pde1c,0.0,0.0,1.0,1.0
Itprid1,0.0,0.0,1.0,1.0
Spns2,0.0,0.0,1.0,1.0
Ercc6l2,0.0,0.0,1.0,1.0
Ctsl,0.0,0.0,1.0,1.0
Cdk20,0.0,0.0,1.0,1.0
Ccna1,0.0,0.0,1.0,1.0
Nbea,0.0,0.0,1.0,1.0
Tm4sf1,0.0,0.0,1.0,1.0
Tm4sf4,0.0,0.0,1.0,1.0
Ghrhr,0.0,0.0,1.0,1.0
Hdac11,0.0,0.0,1.0,1.0
Rnf34,0.0,0.0,1.0,1.0
Tmem120b,0.0,0.0,1.0,1.0
Serp1,0.0,0.0,1.0,1.0
Erich6,0.0,0.0,1.0,1.0
Sucnr1,0.0,0.0,1.0,1.0
P2ry1,0.0,0.0,1.0,1.0
Arhgef26,0.0,0.0,1.0,1.0
Klf15,0.0,0.0,1.0,1.0
Spry1,0.0,0.0,1.0,1.0
Fat4,0.0,0.0,1.0,1.0
Ccl24,0.0,0.0,1.0,1.0
Klhl3,0.0,0.0,1.0,1.0
Sncb,0.0,0.0,1.0,1.0
Unc5a,0.0,0.0,1.0,1.0
Fgfr4,0.0,0.0,1.0,1.0
Prg2,0.0,0.0,1.0,1.0
Slc34a1,0.0,0.0,1.0,1.0
Dapk1,0.0,0.0,1.0,1.0
Zfp934,0.0,0.0,1.0,1.0
Mdk,0.0,0.0,1.0,1.0
Catsper3,0.0,0.0,1.0,1.0
Pitx1,0.0,0.0,1.0,1.0
Tifab,0.0,0.0,1.0,1.0
Slc25a48,0.0,0.0,1.0,1.0
Mxd3,0.0,0.0,1.0,1.0
P2rx3,0.0,0.0,1.0,1.0
Ggt6,0.0,0.0,1.0,1.0
Inca1,0.0,0.0,1.0,1.0
Zfp3,0.0,0.0,1.0,1.0
Scimp,0.0,0.0,1.0,1.0
P2rx1,0.0,0.0,1.0,1.0
D3Ertd751e,0.0,0.0,1.0,1.0
Bbs12,0.0,0.0,1.0,1.0
Slc7a11,0.0,0.0,1.0,1.0
Kif27,0.0,0.0,1.0,1.0
B4galt7,0.0,0.0,1.0,1.0
Mindy4,0.0,0.0,1.0,1.0
Nlrp1b,0.0,0.0,1.0,1.0
Wscd1,0.0,0.0,1.0,1.0
Bbs7,0.0,0.0,1.0,1.0
Cetn4,0.0,0.0,1.0,1.0
Pcdh18,0.0,0.0,1.0,1.0
Chrna4,0.0,0.0,1.0,1.0
Col9a3,0.0,0.0,1.0,1.0
Eci3,0.0,0.0,1.0,1.0
Pxdc1,0.0,0.0,1.0,1.0
Cmah,0.0,0.0,1.0,1.0
Carmil1,0.0,0.0,1.0,1.0
Dusp14,0.0,0.0,1.0,1.0
Ppm1e,0.0,0.0,1.0,1.0
Col20a1,0.0,0.0,1.0,1.0
Brip1,0.0,0.0,1.0,1.0
Tbx2,0.0,0.0,1.0,1.0
Epx,0.0,0.0,1.0,1.0
Mks1,0.0,0.0,1.0,1.0
Lpo,0.0,0.0,1.0,1.0
Tspoap1,0.0,0.0,1.0,1.0
Gadd45g,0.0,0.0,1.0,1.0
Cage1,0.0,0.0,1.0,1.0
Fjx1,0.0,0.0,1.0,1.0
Pamr1,0.0,0.0,1.0,1.0
Slc1a2,0.0,0.0,1.0,1.0
Lmo2,0.0,0.0,1.0,1.0
Bphl,0.0,0.0,1.0,1.0
Tubb2b,0.0,0.0,1.0,1.0
Hcar1,0.0,0.0,1.0,1.0
Snca,0.0,0.0,1.0,1.0
Ccser1,0.0,0.0,1.0,1.0
F13a1,0.0,0.0,1.0,1.0
Ly86,0.0,0.0,1.0,1.0
Agtr1a,0.0,0.0,1.0,1.0
Irf4,0.0,0.0,1.0,1.0
Gcnt2,0.0,0.0,1.0,1.0
Elovl2,0.0,0.0,1.0,1.0
Gprin3,0.0,0.0,1.0,1.0
Mycbpap,0.0,0.0,1.0,1.0
Hoxb9,0.0,0.0,1.0,1.0
Ttll6,0.0,0.0,1.0,1.0
Calcoco2,0.0,0.0,1.0,1.0
Igf2bp1,0.0,0.0,1.0,1.0
Nxph3,0.0,0.0,1.0,1.0
Stxbp4,0.0,0.0,1.0,1.0
Hlf,0.0,0.0,1.0,1.0
Scgn,0.0,0.0,1.0,1.0
Slc17a4,0.0,0.0,1.0,1.0
Slc17a2,0.0,0.0,1.0,1.0
Slco4a1,0.0,0.0,1.0,1.0
Gata5,0.0,0.0,1.0,1.0
Rbbp8nl,0.0,0.0,1.0,1.0
Lama5,0.0,0.0,1.0,1.0
Ptk6,0.0,0.0,1.0,1.0
Srms,0.0,0.0,1.0,1.0
Fndc11,0.0,0.0,1.0,1.0
Rtel1,0.0,0.0,1.0,1.0
Zbtb46,0.0,0.0,1.0,1.0
Asprv1,0.0,0.0,1.0,1.0
D6Ertd527e,0.0,0.0,1.0,1.0
Hcar2,0.0,0.0,1.0,1.0
Hrh3,0.0,0.0,1.0,1.0
Prrg4,0.0,0.0,1.0,1.0
Pax6,0.0,0.0,1.0,1.0
Foxq1,0.0,0.0,1.0,1.0
Chad,0.0,0.0,1.0,1.0
Eme1,0.0,0.0,1.0,1.0
Mphosph9,0.0,0.0,1.0,1.0
Alms1,0.0,0.0,1.0,1.0
Samd14,0.0,0.0,1.0,1.0
Nrn1,0.0,0.0,1.0,1.0
Ldlrad3,0.0,0.0,1.0,1.0
Cndp2,0.0,0.0,1.0,1.0
Tmem262,0.0,0.0,1.0,1.0
Aldoc,0.0,0.0,1.0,1.0
Spag5,0.0,0.0,1.0,1.0
Proca1,0.0,0.0,1.0,1.0
Wfdc17,0.0,0.0,1.0,1.0
Cdc42ep2,0.0,0.0,1.0,1.0
Tigd3,0.0,0.0,1.0,1.0
Rhbdl3,0.0,0.0,1.0,1.0
Slfn4,0.0,0.0,1.0,1.0
Slfn1,0.0,0.0,1.0,1.0
Fndc8,0.0,0.0,1.0,1.0
Cap2,0.0,0.0,1.0,1.0
Rbm24,0.0,0.0,1.0,1.0
Armcx6,0.0,0.0,1.0,1.0
Cp,0.0,0.0,1.0,1.0
Hps3,0.0,0.0,1.0,1.0
Cpa3,0.0,0.0,1.0,1.0
Naaladl2,0.0,0.0,1.0,1.0
Fndc3b,0.0,0.0,1.0,1.0
Ror2,0.0,0.0,1.0,1.0
Hsbp1l1,0.0,0.0,1.0,1.0
Gmpr,0.0,0.0,1.0,1.0
Ctdp1,0.0,0.0,1.0,1.0
Ippk,0.0,0.0,1.0,1.0
Large2,0.0,0.0,1.0,1.0
Pex16,0.0,0.0,1.0,1.0
Mapk8ip1,0.0,0.0,1.0,1.0
Cry2,0.0,0.0,1.0,1.0
Syt13,0.0,0.0,1.0,1.0
Tspan18,0.0,0.0,1.0,1.0
Pqlc1,0.0,0.0,1.0,1.0
Zc2hc1a,0.0,0.0,1.0,1.0
Hey1,0.0,0.0,1.0,1.0
Rasl10b,0.0,0.0,1.0,1.0
Mmp28,0.0,0.0,1.0,1.0
Taf15,0.0,0.0,1.0,1.0
Ccl3,0.0,0.0,1.0,1.0
Edn1,0.0,0.0,1.0,1.0
Tmem35a,0.0,0.0,1.0,1.0
Stx1a,0.0,0.0,1.0,1.0
Vps37d,0.0,0.0,1.0,1.0
Wipf3,0.0,0.0,1.0,1.0
Galr1,0.0,0.0,1.0,1.0
Mrm1,0.0,0.0,1.0,1.0
Pigw,0.0,0.0,1.0,1.0
Bcas3,0.0,0.0,1.0,1.0
Rad51c,0.0,0.0,1.0,1.0
Tbc1d7,0.0,0.0,1.0,1.0
Cenpi,0.0,0.0,1.0,1.0
Drp2,0.0,0.0,1.0,1.0
Btk,0.0,0.0,1.0,1.0
Armcx1,0.0,0.0,1.0,1.0
Ypel2,0.0,0.0,1.0,1.0
Smg8,0.0,0.0,1.0,1.0
Cdca5,0.0,0.0,1.0,1.0
Myt1,0.0,0.0,1.0,1.0
Asic2,0.0,0.0,1.0,1.0
Dipk1c,0.0,0.0,1.0,1.0
Fbxo15,0.0,0.0,1.0,1.0
Bmp6,0.0,0.0,1.0,1.0
Sirt5,0.0,0.0,1.0,1.0
Hpgds,0.0,0.0,1.0,1.0
Syna,0.0,0.0,1.0,1.0
Hsf5,0.0,0.0,1.0,1.0
Spaca3,0.0,0.0,1.0,1.0
Rhbg,0.0,0.0,1.0,1.0
Ankdd1b,0.0,0.0,1.0,1.0
Hapln1,0.0,0.0,1.0,1.0
Pde11a,0.0,0.0,1.0,1.0
Ttc30a1,0.0,0.0,1.0,1.0
Ttc30a2,0.0,0.0,1.0,1.0
Shroom1,0.0,0.0,1.0,1.0
Bcan,0.0,0.0,1.0,1.0
Nes,0.0,0.0,1.0,1.0
Crabp2,0.0,0.0,1.0,1.0
Hist3h2a,0.0,0.0,1.0,1.0
Hist3h2ba,0.0,0.0,1.0,1.0
Fam183b,0.0,0.0,1.0,1.0
Fstl4,0.0,0.0,1.0,1.0
Sparc,0.0,0.0,1.0,1.0
Zfp456,0.0,0.0,1.0,1.0
Zfp354b,0.0,0.0,1.0,1.0
Zfp354a,0.0,0.0,1.0,1.0
Slc22a4,0.0,0.0,1.0,1.0
Pdlim4,0.0,0.0,1.0,1.0
P4ha2,0.0,0.0,1.0,1.0
Csf2,0.0,0.0,1.0,1.0
Cybrd1,0.0,0.0,1.0,1.0
Fat2,0.0,0.0,1.0,1.0
Evx2,0.0,0.0,1.0,1.0
Sv2c,0.0,0.0,1.0,1.0
Hoxa2,0.0,0.0,1.0,1.0
Thbs4,0.0,0.0,1.0,1.0
Bhmt2,0.0,0.0,1.0,1.0
Dmgdh,0.0,0.0,1.0,1.0
Pde8b,0.0,0.0,1.0,1.0
Ccdc69,0.0,0.0,1.0,1.0
Chn1,0.0,0.0,1.0,1.0
S100z,0.0,0.0,1.0,1.0
Pou5f2,0.0,0.0,1.0,1.0
Mctp1,0.0,0.0,1.0,1.0
Fam81b,0.0,0.0,1.0,1.0
Arsk,0.0,0.0,1.0,1.0
Ankrd34b,0.0,0.0,1.0,1.0
Rasgrf2,0.0,0.0,1.0,1.0
Hoxd1,0.0,0.0,1.0,1.0
Hoxd4,0.0,0.0,1.0,1.0
Hoxd3,0.0,0.0,1.0,1.0
Hoxd8,0.0,0.0,1.0,1.0
Hoxd9,0.0,0.0,1.0,1.0
Hoxd10,0.0,0.0,1.0,1.0
Naip5,0.0,0.0,1.0,1.0
Pemt,0.0,0.0,1.0,1.0
Tsacc,0.0,0.0,1.0,1.0
Tmem79,0.0,0.0,1.0,1.0
Paqr6,0.0,0.0,1.0,1.0
Slc25a44,0.0,0.0,1.0,1.0
Adamts9,0.0,0.0,1.0,1.0
Slc25a26,0.0,0.0,1.0,1.0
Tafa1,0.0,0.0,1.0,1.0
Eogt,0.0,0.0,1.0,1.0
Pld6,0.0,0.0,1.0,1.0
Enc1,0.0,0.0,1.0,1.0
Chchd6,0.0,0.0,1.0,1.0
Chst13,0.0,0.0,1.0,1.0
Cfap100,0.0,0.0,1.0,1.0
Trim11,0.0,0.0,1.0,1.0
Obscn,0.0,0.0,1.0,1.0
Iba57,0.0,0.0,1.0,1.0
Zfp867,0.0,0.0,1.0,1.0
Hoxa11,0.0,0.0,1.0,1.0
P2ry4,0.0,0.0,1.0,1.0
Depdc1b,0.0,0.0,1.0,1.0
Zswim6,0.0,0.0,1.0,1.0
Rgs7bp,0.0,0.0,1.0,1.0
Map1b,0.0,0.0,1.0,1.0
Tmem174,0.0,0.0,1.0,1.0
Fastkd1,0.0,0.0,1.0,1.0
Klhl41,0.0,0.0,1.0,1.0
Fam189b,0.0,0.0,1.0,1.0
Hcn3,0.0,0.0,1.0,1.0
Gon4l,0.0,0.0,1.0,1.0
Rxfp4,0.0,0.0,1.0,1.0
Slc22a29,0.0,0.0,1.0,1.0
Gabrp,0.0,0.0,1.0,1.0
Cks1b,0.0,0.0,1.0,1.0
Zfp2,0.0,0.0,1.0,1.0
Ska1,0.0,0.0,1.0,1.0
Cd180,0.0,0.0,1.0,1.0
Ebf1,0.0,0.0,1.0,1.0
Sh3pxd2b,0.0,0.0,1.0,1.0
Ubtd2,0.0,0.0,1.0,1.0
Efcab9,0.0,0.0,1.0,1.0
Fam71b,0.0,0.0,1.0,1.0
Plaat5,0.0,0.0,1.0,1.0
Mtx1,0.0,0.0,1.0,1.0
Thbs3,0.0,0.0,1.0,1.0
Muc1,0.0,0.0,1.0,1.0
Trim46,0.0,0.0,1.0,1.0
Efna3,0.0,0.0,1.0,1.0
Dhx29,0.0,0.0,1.0,1.0
Ccno,0.0,0.0,1.0,1.0
Trim23,0.0,0.0,1.0,1.0
Trim7,0.0,0.0,1.0,1.0
Hoxa7,0.0,0.0,1.0,1.0
BC049762,0.0,0.0,1.0,1.0
Phykpl,0.0,0.0,1.0,1.0
Cdkl3,0.0,0.0,1.0,1.0
Gfpt2,0.0,0.0,1.0,1.0
Mrnip,0.0,0.0,1.0,1.0
Ltc4s,0.0,0.0,1.0,1.0
Gdpd2,0.0,0.0,1.0,1.0
Gdf9,0.0,0.0,1.0,1.0
Adamts2,0.0,0.0,1.0,1.0
Zfp354c,0.0,0.0,1.0,1.0
Eda,0.0,0.0,1.0,1.0
Awat2,0.0,0.0,1.0,1.0
Sowaha,0.0,0.0,1.0,1.0
Zfp879,0.0,0.0,1.0,1.0
Zfp454,0.0,0.0,1.0,1.0
Cby3,0.0,0.0,1.0,1.0
Med12,0.0,0.0,1.0,1.0
Btnl9,0.0,0.0,1.0,1.0
Rcor2,0.0,0.0,1.0,1.0
Sgtb,0.0,0.0,1.0,1.0
Hoxa13,0.0,0.0,1.0,1.0
Evx1,0.0,0.0,1.0,1.0
Jazf1,0.0,0.0,1.0,1.0
Hoxa6,0.0,0.0,1.0,1.0
Hoxa1,0.0,0.0,1.0,1.0
Slc38a5,0.0,0.0,1.0,1.0
Klhl23,0.0,0.0,1.0,1.0
Myo3b,0.0,0.0,1.0,1.0
Erich2,0.0,0.0,1.0,1.0
Mettl8,0.0,0.0,1.0,1.0
Hoxa4,0.0,0.0,1.0,1.0
Hoxa5,0.0,0.0,1.0,1.0
Cpvl,0.0,0.0,1.0,1.0
Irx4,0.0,0.0,1.0,1.0
Adamts16,0.0,0.0,1.0,1.0
Ube2ql1,0.0,0.0,1.0,1.0
Aopep,0.0,0.0,1.0,1.0
Zfp738,0.0,0.0,1.0,1.0
Zfp729b,0.0,0.0,1.0,1.0
Srd5a1,0.0,0.0,1.0,1.0
Ppp2r5b,0.0,0.0,1.0,1.0
Majin,0.0,0.0,1.0,1.0
Kcnab3,0.0,0.0,1.0,1.0
Il12a,0.0,0.0,1.0,1.0
Schip1,0.0,0.0,1.0,1.0
Ftl1-ps1,0.0,0.0,1.0,1.0
Zfp72,0.0,0.0,1.0,1.0
Cep72,0.0,0.0,1.0,1.0
Drc3,0.0,0.0,1.0,1.0
Tmem144,0.0,0.0,1.0,1.0
Gask1b,0.0,0.0,1.0,1.0
Rnf227,0.0,0.0,1.0,1.0
Tmem88,0.0,0.0,1.0,1.0
Mnd1,0.0,0.0,1.0,1.0
Efnb3,0.0,0.0,1.0,1.0
Atp1b2,0.0,0.0,1.0,1.0
Tppp,0.0,0.0,1.0,1.0
Cfap52,0.0,0.0,1.0,1.0
Mfsd6l,0.0,0.0,1.0,1.0
Myh10,0.0,0.0,1.0,1.0
Arhgef15,0.0,0.0,1.0,1.0
Slc25a35,0.0,0.0,1.0,1.0
Tmem95,0.0,0.0,1.0,1.0
Mef2c,0.0,0.0,1.0,1.0
Serping1,0.0,0.0,1.0,1.0
Sat2,0.0,0.0,1.0,1.0
Zfp595,0.0,0.0,1.0,1.0
Zfp458,0.0,0.0,1.0,1.0
Zfp455,0.0,0.0,1.0,1.0
Rsl1,0.0,0.0,1.0,1.0
Zfp759,0.0,0.0,1.0,1.0
Rslcan18,0.0,0.0,1.0,1.0
Isca1,0.0,0.0,1.0,1.0
Ntrk2,0.0,0.0,1.0,1.0
Slc28a3,0.0,0.0,1.0,1.0
Med19,0.0,0.0,1.0,1.0
Btbd18,0.0,0.0,1.0,1.0
Trpc4,0.0,0.0,1.0,1.0
Frem2,0.0,0.0,1.0,1.0
Slc2a4,0.0,0.0,1.0,1.0
Ybx2,0.0,0.0,1.0,1.0
Dusp19,0.0,0.0,1.0,1.0
Dnah2,0.0,0.0,1.0,1.0
Zfp874b,0.0,0.0,1.0,1.0
Smad9,0.0,0.0,1.0,1.0
Pygm,0.0,0.0,1.0,1.0
Eif4a1,0.0,0.0,1.0,1.0
Tnfsf12,0.0,0.0,1.0,1.0
Chrnb1,0.0,0.0,1.0,1.0
Rarres1,0.0,0.0,1.0,1.0
Tnk1,0.0,0.0,1.0,1.0
Asgr1,0.0,0.0,1.0,1.0
Slc16a13,0.0,0.0,1.0,1.0
Bcl6b,0.0,0.0,1.0,1.0
Alox15,0.0,0.0,1.0,1.0
Wwtr1,0.0,0.0,1.0,1.0
Gmps,0.0,0.0,1.0,1.0
Mlf1,0.0,0.0,1.0,1.0
Fgf11,0.0,0.0,1.0,1.0
Pdgfc,0.0,0.0,1.0,1.0
Fbxw10,0.0,0.0,1.0,1.0
Zfp287,0.0,0.0,1.0,1.0
Lrrc75a,0.0,0.0,1.0,1.0
Gpr137,0.0,0.0,1.0,1.0
Pigl,0.0,0.0,1.0,1.0
Adgrv1,0.0,0.0,1.0,1.0
Slc6a19,0.0,0.0,1.0,1.0
Ckmt2,0.0,0.0,1.0,1.0
Gcnt4,0.0,0.0,1.0,1.0
Mapk7,0.0,0.0,1.0,1.0
Slc47a1,0.0,0.0,1.0,1.0
Tnfrsf13b,0.0,0.0,1.0,1.0
Insrr,0.0,0.0,1.0,1.0
ETV3L,0.0,0.0,1.0,1.0
Serpini1,0.0,0.0,1.0,1.0
Trpt1,0.0,0.0,1.0,1.0
Flrt1,0.0,0.0,1.0,1.0
Fam160a1,0.0,0.0,1.0,1.0
Glt28d2,0.0,0.0,1.0,1.0
Kirrel,0.0,0.0,1.0,1.0
Fcrl1,0.0,0.0,1.0,1.0
Fcrl5,0.0,0.0,1.0,1.0
Sfrp2,0.0,0.0,1.0,1.0
Fkbp7,0.0,0.0,1.0,1.0
Ccdc141,0.0,0.0,1.0,1.0
Zfp385b,0.0,0.0,1.0,1.0
Cerkl,0.0,0.0,1.0,1.0
Neurod1,0.0,0.0,1.0,1.0
Ppp1r1c,0.0,0.0,1.0,1.0
Vcan,0.0,0.0,1.0,1.0
Lrat,0.0,0.0,1.0,1.0
Mitf,0.0,0.0,1.0,1.0
Pcsk1,0.0,0.0,1.0,1.0
Rhobtb3,0.0,0.0,1.0,1.0
Katnal2,0.0,0.0,1.0,1.0
St8sia5,0.0,0.0,1.0,1.0
Pard6g,0.0,0.0,1.0,1.0
Tert,0.0,0.0,1.0,1.0
Zfp65,0.0,0.0,1.0,1.0
Asic5,0.0,0.0,1.0,1.0
Zfp493,0.0,0.0,1.0,1.0
Zfp273,0.0,0.0,1.0,1.0
Adcy2,0.0,0.0,1.0,1.0
Plch1,0.0,0.0,1.0,1.0
Aurkb,0.0,0.0,1.0,1.0
Hes7,0.0,0.0,1.0,1.0
Arl14,0.0,0.0,1.0,1.0
Sis,0.0,0.0,1.0,1.0
Zfp85,0.0,0.0,1.0,1.0
Npy2r,0.0,0.0,1.0,1.0
Hoxd12,0.0,0.0,1.0,1.0
Hoxd11,0.0,0.0,1.0,1.0
Cyct,0.0,0.0,1.0,1.0
Osbpl6,0.0,0.0,1.0,1.0
Prkra,0.0,0.0,1.0,1.0
Pjvk,0.0,0.0,1.0,1.0
Acot12,0.0,0.0,1.0,1.0
Hs3st3b1,0.0,0.0,1.0,1.0
Hs3st3a1,0.0,0.0,1.0,1.0
Arhgap44,0.0,0.0,1.0,1.0
Dnah9,0.0,0.0,1.0,1.0
Pirt,0.0,0.0,1.0,1.0
Tmem220,0.0,0.0,1.0,1.0
Adora2b,0.0,0.0,1.0,1.0
Atg10,0.0,0.0,1.0,1.0
Cdrt4,0.0,0.0,1.0,1.0
Fam161b,0.0,0.0,1.0,1.0
Duoxa1,0.0,0.0,1.0,1.0
Duoxa2,0.0,0.0,1.0,1.0
Rimbp2,0.0,0.0,1.0,1.0
Fzd10,0.0,0.0,1.0,1.0
Ccdc142,0.0,0.0,1.0,1.0
Pcgf1,0.0,0.0,1.0,1.0
M1ap,0.0,0.0,1.0,1.0
Nol4l,0.0,0.0,1.0,1.0
Bahcc1,0.0,0.0,1.0,1.0
Defb45,0.0,0.0,1.0,1.0
Zcchc3,0.0,0.0,1.0,1.0
Trib3,0.0,0.0,1.0,1.0
Tex19.1,0.0,0.0,1.0,1.0
Sectm1a,0.0,0.0,1.0,1.0
Rpp40,0.0,0.0,1.0,1.0
Ccdc137,0.0,0.0,1.0,1.0
Ndnf,0.0,0.0,1.0,1.0
Prdm5,0.0,0.0,1.0,1.0
Fgf7,0.0,0.0,1.0,1.0
Atp8b4,0.0,0.0,1.0,1.0
Papln,0.0,0.0,1.0,1.0
Acot2,0.0,0.0,1.0,1.0
Rptor,0.0,0.0,1.0,1.0
Mageb3,0.0,0.0,1.0,1.0
Ngb,0.0,0.0,1.0,1.0
Ran,0.0,0.0,1.0,1.0
Npb,0.0,0.0,1.0,1.0
Cd248,0.0,0.0,1.0,1.0
Tmem151a,0.0,0.0,1.0,1.0
Card14,0.0,0.0,1.0,1.0
Nptx1,0.0,0.0,1.0,1.0
Frmd5,0.0,0.0,1.0,1.0
Gins1,0.0,0.0,1.0,1.0
Wdcp,0.0,0.0,1.0,1.0
Fkbp1b,0.0,0.0,1.0,1.0
Rac3,0.0,0.0,1.0,1.0
Zfp937,0.0,0.0,1.0,1.0
Rgs6,0.0,0.0,1.0,1.0
Sipa1l1,0.0,0.0,1.0,1.0
Map3k9,0.0,0.0,1.0,1.0
Sptb,0.0,0.0,1.0,1.0
Pde6g,0.0,0.0,1.0,1.0
Hck,0.0,0.0,1.0,1.0
Xkr7,0.0,0.0,1.0,1.0
Ttll9,0.0,0.0,1.0,1.0
Notum,0.0,0.0,1.0,1.0
Pycr1,0.0,0.0,1.0,1.0
Coq6,0.0,0.0,1.0,1.0
Bbof1,0.0,0.0,1.0,1.0
Smoc1,0.0,0.0,1.0,1.0
Adam4,0.0,0.0,1.0,1.0
Ttc9,0.0,0.0,1.0,1.0
Zc2hc1c,0.0,0.0,1.0,1.0
Batf,0.0,0.0,1.0,1.0
Fbn1,0.0,0.0,1.0,1.0
Zfp750,0.0,0.0,1.0,1.0
Acot6,0.0,0.0,1.0,1.0
Dnal1,0.0,0.0,1.0,1.0
Tmem74b,0.0,0.0,1.0,1.0
Adgrd1,0.0,0.0,1.0,1.0
Zfp11,0.0,0.0,1.0,1.0
Hexdc,0.0,0.0,1.0,1.0
Rab40b,0.0,0.0,1.0,1.0
Fn3k,0.0,0.0,1.0,1.0
Acot5,0.0,0.0,1.0,1.0
Dnah17,0.0,0.0,1.0,1.0
Cd300a,0.0,0.0,1.0,1.0
Gprc5c,0.0,0.0,1.0,1.0
Btbd17,0.0,0.0,1.0,1.0
Sdk2,0.0,0.0,1.0,1.0
Trim47,0.0,0.0,1.0,1.0
Cep250,0.0,0.0,1.0,1.0
Fam83c,0.0,0.0,1.0,1.0
Myl9,0.0,0.0,1.0,1.0
Cnbd2,0.0,0.0,1.0,1.0
Tbc1d16,0.0,0.0,1.0,1.0
Coro1b,0.0,0.0,1.0,1.0
Doc2g,0.0,0.0,1.0,1.0
Aldh3b3,0.0,0.0,1.0,1.0
Cep128,0.0,0.0,1.0,1.0
Zfp341,0.0,0.0,1.0,1.0
Cd300ld,0.0,0.0,1.0,1.0
Evpl,0.0,0.0,1.0,1.0
Foxj1,0.0,0.0,1.0,1.0
Fer1l4,0.0,0.0,1.0,1.0
Spag4,0.0,0.0,1.0,1.0
Noxred1,0.0,0.0,1.0,1.0
Alkbh1,0.0,0.0,1.0,1.0
Igkv8-27,0.0,0.0,1.0,1.0
Nrde2,0.0,0.0,1.0,1.0
Dglucy,0.0,0.0,1.0,1.0
Epb42,0.0,0.0,1.0,1.0
Tgm5,0.0,0.0,1.0,1.0
Tgm7,0.0,0.0,1.0,1.0
Map1a,0.0,0.0,1.0,1.0
Ell3,0.0,0.0,1.0,1.0
Igkv8-30,0.0,0.0,1.0,1.0
Efcab11,0.0,0.0,1.0,1.0
Atoh8,0.0,0.0,1.0,1.0
Tmem150a,0.0,0.0,1.0,1.0
Ppp1r27,0.0,0.0,1.0,1.0
Ccdc40,0.0,0.0,1.0,1.0
Ccdc87,0.0,0.0,1.0,1.0
Ctsf,0.0,0.0,1.0,1.0
Bbs1,0.0,0.0,1.0,1.0
C1qtnf1,0.0,0.0,1.0,1.0
Slc29a2,0.0,0.0,1.0,1.0
Birc5,0.0,0.0,1.0,1.0
Tha1,0.0,0.0,1.0,1.0
Socs3,0.0,0.0,1.0,1.0
Dnmt3b,0.0,0.0,1.0,1.0
Cdk5rap1,0.0,0.0,1.0,1.0
Snta1,0.0,0.0,1.0,1.0
E2f1,0.0,0.0,1.0,1.0
Peli3,0.0,0.0,1.0,1.0
Engase,0.0,0.0,1.0,1.0
Sphk1,0.0,0.0,1.0,1.0
Rhbdf2,0.0,0.0,1.0,1.0
Cygb,0.0,0.0,1.0,1.0
Prcd,0.0,0.0,1.0,1.0
St6galnac1,0.0,0.0,1.0,1.0
Mxra7,0.0,0.0,1.0,1.0
Reep1,0.0,0.0,1.0,1.0
Mfap1a,0.0,0.0,1.0,1.0
Igkv9-124,0.0,0.0,1.0,1.0
Igkv15-103,0.0,0.0,1.0,1.0
Igkv4-91,0.0,0.0,1.0,1.0
Igkv4-72,0.0,0.0,1.0,1.0
Duox1,0.0,0.0,1.0,1.0
Prox2,0.0,0.0,1.0,1.0
Mlh3,0.0,0.0,1.0,1.0
Mfap1b,0.0,0.0,1.0,1.0
Npas3,0.0,0.0,1.0,1.0
Lrr1,0.0,0.0,1.0,1.0
Mis18bp1,0.0,0.0,1.0,1.0
Sh2d6,0.0,0.0,1.0,1.0
Nupr1l,0.0,0.0,1.0,1.0
Zbed5,0.0,0.0,1.0,1.0
Plcb1,0.0,0.0,1.0,1.0
Tmx4,0.0,0.0,1.0,1.0
Bmp2,0.0,0.0,1.0,1.0
Agr3,0.0,0.0,1.0,1.0
Hdac9,0.0,0.0,1.0,1.0
Ccdc71l,0.0,0.0,1.0,1.0
Lrrn4,0.0,0.0,1.0,1.0
Tspan6,0.0,0.0,1.0,1.0
Cldn34c1,0.0,0.0,1.0,1.0
Ninl,0.0,0.0,1.0,1.0
Nkx2-2,0.0,0.0,1.0,1.0
Sptbn2,0.0,0.0,1.0,1.0
Rbm4b,0.0,0.0,1.0,1.0
Capg,0.0,0.0,1.0,1.0
Macrod2,0.0,0.0,1.0,1.0
Flrt3,0.0,0.0,1.0,1.0
Pxdn,0.0,0.0,1.0,1.0
Nap1l3,0.0,0.0,1.0,1.0
Alkal2,0.0,0.0,1.0,1.0
Dock4,0.0,0.0,1.0,1.0
Lrrn3,0.0,0.0,1.0,1.0
Prkd1,0.0,0.0,1.0,1.0
Ttc6,0.0,0.0,1.0,1.0
Dact1,0.0,0.0,1.0,1.0
Gpr135,0.0,0.0,1.0,1.0
Pabpc5,0.0,0.0,1.0,1.0
Sntg2,0.0,0.0,1.0,1.0
Pcx,0.0,0.0,1.0,1.0
Proc,0.0,0.0,1.0,1.0
Sft2d3,0.0,0.0,1.0,1.0
Klc3,0.0,0.0,1.0,1.0
Prdm14,0.0,0.0,1.0,1.0
Zfp109,0.0,0.0,1.0,1.0
Zfp111,0.0,0.0,1.0,1.0
Bcam,0.0,0.0,1.0,1.0
Apoe,0.0,0.0,1.0,1.0
Xkr4,0.0,0.0,1.0,1.0
Ogfrl1,0.0,0.0,1.0,1.0
Rims1,0.0,0.0,1.0,1.0
Tmem14a,0.0,0.0,1.0,1.0
Tram2,0.0,0.0,1.0,1.0
Hccs,0.0,0.0,1.0,1.0
Tcf7l1,0.0,0.0,1.0,1.0
Ctnna2,0.0,0.0,1.0,1.0
Lrrtm1,0.0,0.0,1.0,1.0
Reg3a,0.0,0.0,1.0,1.0
Smyd1,0.0,0.0,1.0,1.0
Xkrx,0.0,0.0,1.0,1.0
Prnp,0.0,0.0,1.0,1.0
Prnd,0.0,0.0,1.0,1.0
Mid1,0.0,0.0,1.0,1.0
Clec14a,0.0,0.0,1.0,1.0
Fbxo33,0.0,0.0,1.0,1.0
Rnf24,0.0,0.0,1.0,1.0
Zfp711,0.0,0.0,1.0,1.0
Dach2,0.0,0.0,1.0,1.0
Xkr9,0.0,0.0,1.0,1.0
Tslp,0.0,0.0,1.0,1.0
Garem1,0.0,0.0,1.0,1.0
Prorp,0.0,0.0,1.0,1.0
Dpf3,0.0,0.0,1.0,1.0
Apob,0.0,0.0,1.0,1.0
Mfsd2b,0.0,0.0,1.0,1.0
Hpcal1,0.0,0.0,1.0,1.0
Nol10,0.0,0.0,1.0,1.0
Kcnf1,0.0,0.0,1.0,1.0
Greb1,0.0,0.0,1.0,1.0
Lratd1,0.0,0.0,1.0,1.0
Mycn,0.0,0.0,1.0,1.0
Mgme1,0.0,0.0,1.0,1.0
Hspa2,0.0,0.0,1.0,1.0
Akap5,0.0,0.0,1.0,1.0
Esr2,0.0,0.0,1.0,1.0
Pnma1,0.0,0.0,1.0,1.0
Pfn4,0.0,0.0,1.0,1.0
Insm1,0.0,0.0,1.0,1.0
Snph,0.0,0.0,1.0,1.0
Rad21l,0.0,0.0,1.0,1.0
Cep152,0.0,0.0,1.0,1.0
Shc4,0.0,0.0,1.0,1.0
Itpripl1,0.0,0.0,1.0,1.0
Nphp1,0.0,0.0,1.0,1.0
Arg2,0.0,0.0,1.0,1.0
Fam228b,0.0,0.0,1.0,1.0
Rnf144a,0.0,0.0,1.0,1.0
Rsad2,0.0,0.0,1.0,1.0
Slc7a15,0.0,0.0,1.0,1.0
Wdr35,0.0,0.0,1.0,1.0
Gen1,0.0,0.0,1.0,1.0
Efr3b,0.0,0.0,1.0,1.0
Dnajc27,0.0,0.0,1.0,1.0
Fam228a,0.0,0.0,1.0,1.0
Rdh11,0.0,0.0,1.0,1.0
Trim9,0.0,0.0,1.0,1.0
Frmd6,0.0,0.0,1.0,1.0
L3hypdh,0.0,0.0,1.0,1.0
Pced1a,0.0,0.0,1.0,1.0
Ubox5,0.0,0.0,1.0,1.0
Slc4a11,0.0,0.0,1.0,1.0
Coch,0.0,0.0,1.0,1.0
Ckap2l,0.0,0.0,1.0,1.0
Klf11,0.0,0.0,1.0,1.0
Snap25,0.0,0.0,1.0,1.0
Mkks,0.0,0.0,1.0,1.0
Jag1,0.0,0.0,1.0,1.0
Ism1,0.0,0.0,1.0,1.0
Cmpk2,0.0,0.0,1.0,1.0
Rnaseh1,0.0,0.0,1.0,1.0
Cfap61,0.0,0.0,1.0,1.0
Slc24a3,0.0,0.0,1.0,1.0
Il1b,0.0,0.0,1.0,1.0
Sirpa,0.0,0.0,1.0,1.0
Stk35,0.0,0.0,1.0,1.0
Rtn1,0.0,0.0,1.0,1.0
Foxa2,0.0,0.0,1.0,1.0
Thbd,0.0,0.0,1.0,1.0
Napb,0.0,0.0,1.0,1.0
Atl1,0.0,0.0,1.0,1.0
Slc26a4,0.0,0.0,1.0,1.0
Rad51b,0.0,0.0,1.0,1.0
Six4,0.0,0.0,1.0,1.0
Slc38a6,0.0,0.0,1.0,1.0
Syt16,0.0,0.0,1.0,1.0
Rhoj,0.0,0.0,1.0,1.0
Cdkl1,0.0,0.0,1.0,1.0
Map4k5,0.0,0.0,1.0,1.0
Lamb1,0.0,0.0,1.0,1.0
Hdac6,0.0,0.0,1.0,1.0
BC052040,0.0,0.0,1.0,1.0
Edaradd,0.0,0.0,1.0,1.0
Chrm3,0.0,0.0,1.0,1.0
Itgb8,0.0,0.0,1.0,1.0
Dnah11,0.0,0.0,1.0,1.0
Wdr60,0.0,0.0,1.0,1.0
Vipr2,0.0,0.0,1.0,1.0
Pcsk1n,0.0,0.0,1.0,1.0
Nat8f2,0.0,0.0,1.0,1.0
Nat8,0.0,0.0,1.0,1.0
Krt27,0.0,0.0,1.0,1.0
Krt222,0.0,0.0,1.0,1.0
Ccr7,0.0,0.0,1.0,1.0
Cdc6,0.0,0.0,1.0,1.0
Pla2g4d,0.0,0.0,1.0,1.0
Krt39,0.0,0.0,1.0,1.0
Mmp9,0.0,0.0,1.0,1.0
Cd40,0.0,0.0,1.0,1.0
Zfp334,0.0,0.0,1.0,1.0
Trp53rka,0.0,0.0,1.0,1.0
Slc2a10,0.0,0.0,1.0,1.0
Trp53rkb,0.0,0.0,1.0,1.0
Yae1d1,0.0,0.0,1.0,1.0
Klhl10,0.0,0.0,1.0,1.0
Scg5,0.0,0.0,1.0,1.0
Zkscan4,0.0,0.0,1.0,1.0
Bub1b,0.0,0.0,1.0,1.0
Arhgap11a,0.0,0.0,1.0,1.0
Nid1,0.0,0.0,1.0,1.0
Gng4,0.0,0.0,1.0,1.0
Sugct,0.0,0.0,1.0,1.0
Fkbp10,0.0,0.0,1.0,1.0
Kctd7,0.0,0.0,1.0,1.0
Tpst1,0.0,0.0,1.0,1.0
Fabp1,0.0,0.0,1.0,1.0
Ankrd63,0.0,0.0,1.0,1.0
Pak6,0.0,0.0,1.0,1.0
Lancl2,0.0,0.0,1.0,1.0
Ppm1k,0.0,0.0,1.0,1.0
Gtf2ird2,0.0,0.0,1.0,1.0
Fsip1,0.0,0.0,1.0,1.0
Thbs1,0.0,0.0,1.0,1.0
Wfdc13,0.0,0.0,1.0,1.0
Wfdc16,0.0,0.0,1.0,1.0
Wfdc6b,0.0,0.0,1.0,1.0
G6pc,0.0,0.0,1.0,1.0
Hap1,0.0,0.0,1.0,1.0
Akr1c18,0.0,0.0,1.0,1.0
Tesmin,0.0,0.0,1.0,1.0
Wfdc3,0.0,0.0,1.0,1.0
Wdr54,0.0,0.0,1.0,1.0
Slc4a5,0.0,0.0,1.0,1.0
Cyp26b1,0.0,0.0,1.0,1.0
Rab11fip5,0.0,0.0,1.0,1.0
Smyd5,0.0,0.0,1.0,1.0
Krt14,0.0,0.0,1.0,1.0
Atp6v0a1,0.0,0.0,1.0,1.0
Hsd17b1,0.0,0.0,1.0,1.0
Psmc3ip,0.0,0.0,1.0,1.0
Plekhh3,0.0,0.0,1.0,1.0
Krtap3-1,0.0,0.0,1.0,1.0
Ltbp3,0.0,0.0,1.0,1.0
Krt36,0.0,0.0,1.0,1.0
Krt15,0.0,0.0,1.0,1.0
Cavin1,0.0,0.0,1.0,1.0
Ctcfl,0.0,0.0,1.0,1.0
Cbln4,0.0,0.0,1.0,1.0
Cyp24a1,0.0,0.0,1.0,1.0
Tshz2,0.0,0.0,1.0,1.0
Mocs3,0.0,0.0,1.0,1.0
Stac2,0.0,0.0,1.0,1.0
Cacnb1,0.0,0.0,1.0,1.0
Fbxo47,0.0,0.0,1.0,1.0
Cwc25,0.0,0.0,1.0,1.0
Tcrg-V5,0.0,0.0,1.0,1.0
Nkapl,0.0,0.0,1.0,1.0
Hist1h3a,0.0,0.0,1.0,1.0
Hist1h4a,0.0,0.0,1.0,1.0
Hist1h1c,0.0,0.0,1.0,1.0
Hist1h1t,0.0,0.0,1.0,1.0
Fmn1,0.0,0.0,1.0,1.0
Nrsn1,0.0,0.0,1.0,1.0
Prl6a1,0.0,0.0,1.0,1.0
Cd59b,0.0,0.0,1.0,1.0
Tcp11l1,0.0,0.0,1.0,1.0
Depdc7,0.0,0.0,1.0,1.0
Qser1,0.0,0.0,1.0,1.0
Lrrc46,0.0,0.0,1.0,1.0
Hist1h2be,0.0,0.0,1.0,1.0
Ppp1r3d,0.0,0.0,1.0,1.0
Fam217b,0.0,0.0,1.0,1.0
Cdh26,0.0,0.0,1.0,1.0
Serpinb1c,0.0,0.0,1.0,1.0
Hist1h3g,0.0,0.0,1.0,1.0
Hist1h2bh,0.0,0.0,1.0,1.0
Hist1h2bg,0.0,0.0,1.0,1.0
Hist1h3d,0.0,0.0,1.0,1.0
Edn3,0.0,0.0,1.0,1.0
Btn1a1,0.0,0.0,1.0,1.0
Btn2a2,0.0,0.0,1.0,1.0
Hist1h2af,0.0,0.0,1.0,1.0
Amph,0.0,0.0,1.0,1.0
Aldh3b1,0.0,0.0,1.0,1.0
Ttc25,0.0,0.0,1.0,1.0
Kcnk7,0.0,0.0,1.0,1.0
Hoxb5,0.0,0.0,1.0,1.0
Zpbp2,0.0,0.0,1.0,1.0
Krt12,0.0,0.0,1.0,1.0
Epdr1,0.0,0.0,1.0,1.0
Gpr141,0.0,0.0,1.0,1.0
Pgbd1,0.0,0.0,1.0,1.0
Kif18a,0.0,0.0,1.0,1.0
Bdnf,0.0,0.0,1.0,1.0
Bbox1,0.0,0.0,1.0,1.0
Neurod2,0.0,0.0,1.0,1.0
Hoxb4,0.0,0.0,1.0,1.0
Col1a1,0.0,0.0,1.0,1.0
Hils1,0.0,0.0,1.0,1.0
Hoxb2,0.0,0.0,1.0,1.0
Copz2,0.0,0.0,1.0,1.0
Gsdma2,0.0,0.0,1.0,1.0
Gsdma,0.0,0.0,1.0,1.0
Zfp322a,0.0,0.0,1.0,1.0
Snai1,0.0,0.0,1.0,1.0
Srcin1,0.0,0.0,1.0,1.0
Gpld1,0.0,0.0,1.0,1.0
Dcdc2a,0.0,0.0,1.0,1.0
Zkscan8,0.0,0.0,1.0,1.0
Hist1h4j,0.0,0.0,1.0,1.0
Hist1h2bp,0.0,0.0,1.0,1.0
Prss16,0.0,0.0,1.0,1.0
Kcnb1,0.0,0.0,1.0,1.0
Tmem132c,0.0,0.0,1.0,1.0
Tmem132b,0.0,0.0,1.0,1.0
Exoc3l4,0.0,0.0,1.0,1.0
Serpina1b,0.0,0.0,1.0,1.0
Serpina10,0.0,0.0,1.0,1.0
Ppp4r4,0.0,0.0,1.0,1.0
Dio3,0.0,0.0,1.0,1.0
Dlk1,0.0,0.0,1.0,1.0
Wdr25,0.0,0.0,1.0,1.0
Mga,0.0,0.0,1.0,1.0
Tyro3,0.0,0.0,1.0,1.0
Ltk,0.0,0.0,1.0,1.0
Oip5,0.0,0.0,1.0,1.0
Exd1,0.0,0.0,1.0,1.0
Chac1,0.0,0.0,1.0,1.0
Snx21,0.0,0.0,1.0,1.0
Myl4,0.0,0.0,1.0,1.0
Tanc2,0.0,0.0,1.0,1.0
Cacng4,0.0,0.0,1.0,1.0
Cep112,0.0,0.0,1.0,1.0
Lbp,0.0,0.0,1.0,1.0
Ace,0.0,0.0,1.0,1.0
Kcnh6,0.0,0.0,1.0,1.0
Ckb,0.0,0.0,1.0,1.0
Fam83d,0.0,0.0,1.0,1.0
Zhx3,0.0,0.0,1.0,1.0
Lpin3,0.0,0.0,1.0,1.0
Ptprt,0.0,0.0,1.0,1.0
Fam20a,0.0,0.0,1.0,1.0
Abca8b,0.0,0.0,1.0,1.0
Abca5,0.0,0.0,1.0,1.0
Pacs2,0.0,0.0,1.0,1.0
Adig,0.0,0.0,1.0,1.0
Zbtb42,0.0,0.0,1.0,1.0
Ak7,0.0,0.0,1.0,1.0
Eml1,0.0,0.0,1.0,1.0
Slc25a47,0.0,0.0,1.0,1.0
Tmem62,0.0,0.0,1.0,1.0
Unc79,0.0,0.0,1.0,1.0
Flrt2,0.0,0.0,1.0,1.0
Sstr2,0.0,0.0,1.0,1.0
Eml5,0.0,0.0,1.0,1.0
Glt1d1,0.0,0.0,1.0,1.0
Reg1,0.0,0.0,1.0,1.0
Eva1a,0.0,0.0,1.0,1.0
Cdr2l,0.0,0.0,1.0,1.0
Tnfaip2,0.0,0.0,1.0,1.0
Serpina9,0.0,0.0,1.0,1.0
Bdkrb2,0.0,0.0,1.0,1.0
Kcnk10,0.0,0.0,1.0,1.0
Polg2,0.0,0.0,1.0,1.0
Cd300c2,0.0,0.0,1.0,1.0
Cd300lf,0.0,0.0,1.0,1.0
Dsn1,0.0,0.0,1.0,1.0
Soga1,0.0,0.0,1.0,1.0
Snhg11,0.0,0.0,1.0,1.0
Pla2g4f,0.0,0.0,1.0,1.0
Adssl1,0.0,0.0,1.0,1.0
Cdan1,0.0,0.0,1.0,1.0
Recql5,0.0,0.0,1.0,1.0
Smim5,0.0,0.0,1.0,1.0
Tldc2,0.0,0.0,1.0,1.0
Mroh8,0.0,0.0,1.0,1.0
Vstm2l,0.0,0.0,1.0,1.0
Arsg,0.0,0.0,1.0,1.0
Rflna,0.0,0.0,1.0,1.0
Capn3,0.0,0.0,1.0,1.0
Acbd4,0.0,0.0,1.0,1.0
Plcd3,0.0,0.0,1.0,1.0
Prr29,0.0,0.0,1.0,1.0
Nudt14,0.0,0.0,1.0,1.0
Rhov,0.0,0.0,1.0,1.0
Gchfr,0.0,0.0,1.0,1.0
Tlr13,0.0,0.0,1.0,1.0
Matn4,0.0,0.0,1.0,1.0
Slpi,0.0,0.0,1.0,1.0
Ccdc103,0.0,0.0,1.0,1.0
Adam11,0.0,0.0,1.0,1.0
Fzd2,0.0,0.0,1.0,1.0
Gpatch8,0.0,0.0,1.0,1.0
Itga2b,0.0,0.0,1.0,1.0
Cntd1,0.0,0.0,1.0,1.0
Efemp2,0.0,0.0,1.0,1.0
Zswim3,0.0,0.0,1.0,1.0
Arl4d,0.0,0.0,1.0,1.0
Etv4,0.0,0.0,1.0,1.0
Meox1,0.0,0.0,1.0,1.0
Mpp3,0.0,0.0,1.0,1.0
Mpp2,0.0,0.0,1.0,1.0
Ppy,0.0,0.0,1.0,1.0
Wnk4,0.0,0.0,1.0,1.0
Cntnap1,0.0,0.0,1.0,1.0
Ccr10,0.0,0.0,1.0,1.0
Ramp2,0.0,0.0,1.0,1.0
Krt31,0.0,0.0,1.0,1.0
Aspg,0.0,0.0,1.0,1.0
Ccdc9b,0.0,0.0,1.0,1.0
Disp2,0.0,0.0,1.0,1.0
Fam171a2,0.0,0.0,1.0,1.0
Nags,0.0,0.0,1.0,1.0
Wfdc15b,0.0,0.0,1.0,1.0
Kif18b,0.0,0.0,1.0,1.0
Rpusd2,0.0,0.0,1.0,1.0
Pld4,0.0,0.0,1.0,1.0
Ahnak2,0.0,0.0,1.0,1.0
Mok,0.0,0.0,1.0,1.0
Zfp839,0.0,0.0,1.0,1.0
Spata32,0.0,0.0,1.0,1.0
Jag2,0.0,0.0,1.0,1.0
Kif26a,0.0,0.0,1.0,1.0
Inf2,0.0,0.0,1.0,1.0
Kcnj16,0.0,0.0,1.0,1.0
Kcnj2,0.0,0.0,1.0,1.0
Cst6,0.0,0.0,1.0,1.0
Tsga10ip,0.0,0.0,1.0,1.0
Fosl1,0.0,0.0,1.0,1.0
Amn,0.0,0.0,1.0,1.0
Rprml,0.0,0.0,1.0,1.0
Wnt3,0.0,0.0,1.0,1.0
Asb16,0.0,0.0,1.0,1.0
Galnt17,0.0,0.0,1.0,1.0
Castor2,0.0,0.0,1.0,1.0
Tedc1,0.0,0.0,1.0,1.0
Tmem121,0.0,0.0,1.0,1.0
Pabpc1l,0.0,0.0,1.0,1.0
Ighg1,0.0,0.0,1.0,1.0
Trmt61a,0.0,0.0,1.0,1.0
Xrcc3,0.0,0.0,1.0,1.0
Mybl2,0.0,0.0,1.0,1.0
Tox2,0.0,0.0,1.0,1.0
Gdap1l1,0.0,0.0,1.0,1.0
R3hdml,0.0,0.0,1.0,1.0
Rims4,0.0,0.0,1.0,1.0
Ighg2b,0.0,0.0,1.0,1.0
Timm8a2,0.0,0.0,1.0,1.0
Agxt2,0.0,0.0,1.0,1.0
Lama4,0.0,0.0,1.0,1.0
Tspyl4,0.0,0.0,1.0,1.0
Ak5,0.0,0.0,1.0,1.0
Nexn,0.0,0.0,1.0,1.0
Ptgfr,0.0,0.0,1.0,1.0
Ifi44,0.0,0.0,1.0,1.0
Adgrl2,0.0,0.0,1.0,1.0
Ttll7,0.0,0.0,1.0,1.0
Rnf217,0.0,0.0,1.0,1.0
Tpd52l1,0.0,0.0,1.0,1.0
Mastl,0.0,0.0,1.0,1.0
Plcxd3,0.0,0.0,1.0,1.0
Apcdd1,0.0,0.0,1.0,1.0
Mapk4,0.0,0.0,1.0,1.0
Plagl1,0.0,0.0,1.0,1.0
Pex3,0.0,0.0,1.0,1.0
Esr1,0.0,0.0,1.0,1.0
Fbxo5,0.0,0.0,1.0,1.0
Morc4,0.0,0.0,1.0,1.0
Fam229b,0.0,0.0,1.0,1.0
Tube1,0.0,0.0,1.0,1.0
Akap7,0.0,0.0,1.0,1.0
Aldh8a1,0.0,0.0,1.0,1.0
Raet1e,0.0,0.0,1.0,1.0
Raet1d,0.0,0.0,1.0,1.0
Vnn1,0.0,0.0,1.0,1.0
Taar8c,0.0,0.0,1.0,1.0
Taar9,0.0,0.0,1.0,1.0
Enpp3,0.0,0.0,1.0,1.0
Arg1,0.0,0.0,1.0,1.0
Tyw3,0.0,0.0,1.0,1.0
Osmr,0.0,0.0,1.0,1.0
C9,0.0,0.0,1.0,1.0
Dab2,0.0,0.0,1.0,1.0
Trbv13-3,0.0,0.0,1.0,1.0
Vsig1,0.0,0.0,1.0,1.0
Ccdc120,0.0,0.0,1.0,1.0
Syp,0.0,0.0,1.0,1.0
Ppp1r3f,0.0,0.0,1.0,1.0
Usp27x,0.0,0.0,1.0,1.0
Samd13,0.0,0.0,1.0,1.0
Uox,0.0,0.0,1.0,1.0
Lpar3,0.0,0.0,1.0,1.0
Ddo,0.0,0.0,1.0,1.0
Serpine1,0.0,0.0,1.0,1.0
Wdr63,0.0,0.0,1.0,1.0
Fgf14,0.0,0.0,1.0,1.0
Rnf208,0.0,0.0,1.0,1.0
Pwwp3b,0.0,0.0,1.0,1.0
Ripply1,0.0,0.0,1.0,1.0
Egflam,0.0,0.0,1.0,1.0
Cplane1,0.0,0.0,1.0,1.0
Slc1a3,0.0,0.0,1.0,1.0
Ranbp3l,0.0,0.0,1.0,1.0
Ccn1,0.0,0.0,1.0,1.0
Ccn6,0.0,0.0,1.0,1.0
Mfsd4b4,0.0,0.0,1.0,1.0
Smlr1,0.0,0.0,1.0,1.0
Tmem200a,0.0,0.0,1.0,1.0
Samd3,0.0,0.0,1.0,1.0
Ppil6,0.0,0.0,1.0,1.0
Ccdc162,0.0,0.0,1.0,1.0
Cep57l1,0.0,0.0,1.0,1.0
Ksr2,0.0,0.0,1.0,1.0
Lrp11,0.0,0.0,1.0,1.0
Ccne2,0.0,0.0,1.0,1.0
Ndufaf6,0.0,0.0,1.0,1.0
Depdc1a,0.0,0.0,1.0,1.0
Ropn1l,0.0,0.0,1.0,1.0
Ctnnd2,0.0,0.0,1.0,1.0
Tspyl5,0.0,0.0,1.0,1.0
Cpq,0.0,0.0,1.0,1.0
Fbxo43,0.0,0.0,1.0,1.0
Rgs22,0.0,0.0,1.0,1.0
Osr2,0.0,0.0,1.0,1.0
Nipal2,0.0,0.0,1.0,1.0
Erich5,0.0,0.0,1.0,1.0
Piezo2,0.0,0.0,1.0,1.0
Pter,0.0,0.0,1.0,1.0
Pde7b,0.0,0.0,1.0,1.0
Ccdc13,0.0,0.0,1.0,1.0
Ackr2,0.0,0.0,1.0,1.0
Mical3,0.0,0.0,1.0,1.0
Pex26,0.0,0.0,1.0,1.0
Tuba8,0.0,0.0,1.0,1.0
Zkscan7,0.0,0.0,1.0,1.0
Zfp105,0.0,0.0,1.0,1.0
Fam110b,0.0,0.0,1.0,1.0
Ttc21a,0.0,0.0,1.0,1.0
Csrnp1,0.0,0.0,1.0,1.0
Erc1,0.0,0.0,1.0,1.0
Nudt10,0.0,0.0,1.0,1.0
Rgs17,0.0,0.0,1.0,1.0
Sdr16c5,0.0,0.0,1.0,1.0
Sdr16c6,0.0,0.0,1.0,1.0
Penk,0.0,0.0,1.0,1.0
Acvr2b,0.0,0.0,1.0,1.0
Ablim3,0.0,0.0,1.0,1.0
Sh3tc2,0.0,0.0,1.0,1.0
Adrb2,0.0,0.0,1.0,1.0
Htr4,0.0,0.0,1.0,1.0
Dnah5,0.0,0.0,1.0,1.0
Hnmt,0.0,0.0,1.0,1.0
Il1f8,0.0,0.0,1.0,1.0
Samd5,0.0,0.0,1.0,1.0
Cacna1b,0.0,0.0,1.0,1.0
Capsl,0.0,0.0,1.0,1.0
Hebp2,0.0,0.0,1.0,1.0
Mos,0.0,0.0,1.0,1.0
Plag1,0.0,0.0,1.0,1.0
Il22ra2,0.0,0.0,1.0,1.0
Slc35d3,0.0,0.0,1.0,1.0
Mtfr2,0.0,0.0,1.0,1.0
Il1rn,0.0,0.0,1.0,1.0
Adgb,0.0,0.0,1.0,1.0
Epm2a,0.0,0.0,1.0,1.0
H60c,0.0,0.0,1.0,1.0
Ppp1r14c,0.0,0.0,1.0,1.0
Akap12,0.0,0.0,1.0,1.0
Msi1,0.0,0.0,1.0,1.0
Hspb8,0.0,0.0,1.0,1.0
Afap1l1,0.0,0.0,1.0,1.0
Txlnb,0.0,0.0,1.0,1.0
Cryz,0.0,0.0,1.0,1.0
Erich3,0.0,0.0,1.0,1.0
Lrriq3,0.0,0.0,1.0,1.0
Ptger3,0.0,0.0,1.0,1.0
Rims2,0.0,0.0,1.0,1.0
Arhgef37,0.0,0.0,1.0,1.0
Pcyox1l,0.0,0.0,1.0,1.0
Adgrg6,0.0,0.0,1.0,1.0
Cdk1,0.0,0.0,1.0,1.0
Tmem26,0.0,0.0,1.0,1.0
Prss12,0.0,0.0,1.0,1.0
Sec24d,0.0,0.0,1.0,1.0
Gfi1b,0.0,0.0,1.0,1.0
Ado,0.0,0.0,1.0,1.0
Cpb2,0.0,0.0,1.0,1.0
Rubcnl,0.0,0.0,1.0,1.0
Enox1,0.0,0.0,1.0,1.0
Serp2,0.0,0.0,1.0,1.0
Tubb6,0.0,0.0,1.0,1.0
Cidea,0.0,0.0,1.0,1.0
Cysltr2,0.0,0.0,1.0,1.0
Npm2,0.0,0.0,1.0,1.0
Dmtn,0.0,0.0,1.0,1.0
Lifr,0.0,0.0,1.0,1.0
Cxxc4,0.0,0.0,1.0,1.0
Slc9b1,0.0,0.0,1.0,1.0
Pkib,0.0,0.0,1.0,1.0
Stox1,0.0,0.0,1.0,1.0
Abcc4,0.0,0.0,1.0,1.0
Cldn10,0.0,0.0,1.0,1.0
Cnmd,0.0,0.0,1.0,1.0
Abo,0.0,0.0,1.0,1.0
Pcdh20,0.0,0.0,1.0,1.0
Dach1,0.0,0.0,1.0,1.0
Card9,0.0,0.0,1.0,1.0
Arx,0.0,0.0,1.0,1.0
Pcyt1b,0.0,0.0,1.0,1.0
Chst3,0.0,0.0,1.0,1.0
Sirt1,0.0,0.0,1.0,1.0
Egr2,0.0,0.0,1.0,1.0
Diaph3,0.0,0.0,1.0,1.0
Depp1,0.0,0.0,1.0,1.0
Mrln,0.0,0.0,1.0,1.0
Ank3,0.0,0.0,1.0,1.0
Tifa,0.0,0.0,1.0,1.0
Alpk1,0.0,0.0,1.0,1.0
Ank2,0.0,0.0,1.0,1.0
Gbgt1,0.0,0.0,1.0,1.0
Ppp1r26,0.0,0.0,1.0,1.0
Olfm1,0.0,0.0,1.0,1.0
Col5a1,0.0,0.0,1.0,1.0
Brd3os,0.0,0.0,1.0,1.0
Sardh,0.0,0.0,1.0,1.0
Tas2r126,0.0,0.0,1.0,1.0
Epha1,0.0,0.0,1.0,1.0
Clcn1,0.0,0.0,1.0,1.0
H2afy2,0.0,0.0,1.0,1.0
Fam241b,0.0,0.0,1.0,1.0
Neurog3,0.0,0.0,1.0,1.0
Bicc1,0.0,0.0,1.0,1.0
Gnaz,0.0,0.0,1.0,1.0
Upb1,0.0,0.0,1.0,1.0
Pitx2,0.0,0.0,1.0,1.0
Lrit3,0.0,0.0,1.0,1.0
Sval3,0.0,0.0,1.0,1.0
Npnt,0.0,0.0,1.0,1.0
Cfap47,0.0,0.0,1.0,1.0
Etnppl,0.0,0.0,1.0,1.0
Vpreb3,0.0,0.0,1.0,1.0
Slc5a4b,0.0,0.0,1.0,1.0
Slc5a4a,0.0,0.0,1.0,1.0
Usp53,0.0,0.0,1.0,1.0
Adamtsl2,0.0,0.0,1.0,1.0
Rrh,0.0,0.0,1.0,1.0
Dapp1,0.0,0.0,1.0,1.0
Alox5,0.0,0.0,1.0,1.0
Rnft2,0.0,0.0,1.0,1.0
Tbc1d32,0.0,0.0,1.0,1.0
Clca2,0.0,0.0,1.0,1.0
Clca4b,0.0,0.0,1.0,1.0
Clca3a2,0.0,0.0,1.0,1.0
Clca3a1,0.0,0.0,1.0,1.0
Prdm1,0.0,0.0,1.0,1.0
Wasf1,0.0,0.0,1.0,1.0
Mettl24,0.0,0.0,1.0,1.0
Ccdc138,0.0,0.0,1.0,1.0
Duxf3,0.0,0.0,1.0,1.0
Pou4f1,0.0,0.0,1.0,1.0
Scel,0.0,0.0,1.0,1.0
Gspt2,0.0,0.0,1.0,1.0
Afg1l,0.0,0.0,1.0,1.0
Ms4a6c,0.0,0.0,1.0,1.0
Ms4a2,0.0,0.0,1.0,1.0
Mpeg1,0.0,0.0,1.0,1.0
Dock9,0.0,0.0,1.0,1.0
Gpr183,0.0,0.0,1.0,1.0
Grin1,0.0,0.0,1.0,1.0
Tbc1d4,0.0,0.0,1.0,1.0
Sapcd2,0.0,0.0,1.0,1.0
Npdc1,0.0,0.0,1.0,1.0
Slitrk6,0.0,0.0,1.0,1.0
Gpc6,0.0,0.0,1.0,1.0
Dct,0.0,0.0,1.0,1.0
Tcaf2,0.0,0.0,1.0,1.0
Spin2g,0.0,0.0,1.0,1.0
Vgf,0.0,0.0,1.0,1.0
Dpp7,0.0,0.0,1.0,1.0
Dna2,0.0,0.0,1.0,1.0
Edar,0.0,0.0,1.0,1.0
Sept10,0.0,0.0,1.0,1.0
Pla2g12b,0.0,0.0,1.0,1.0
Oit3,0.0,0.0,1.0,1.0
Lilrb4a,0.0,0.0,1.0,1.0
Rfx6,0.0,0.0,1.0,1.0
Trmt10a,0.0,0.0,1.0,1.0
Cep85l,0.0,0.0,1.0,1.0
Gja1,0.0,0.0,1.0,1.0
Bank1,0.0,0.0,1.0,1.0
Ddit4l,0.0,0.0,1.0,1.0
Rtkn2,0.0,0.0,1.0,1.0
Pald1,0.0,0.0,1.0,1.0
Lrrc20,0.0,0.0,1.0,1.0
Apoo,0.0,0.0,1.0,1.0
Ros1,0.0,0.0,1.0,1.0
Adh7,0.0,0.0,1.0,1.0
Adh6a,0.0,0.0,1.0,1.0
Cntf,0.0,0.0,1.0,1.0
Tmem210,0.0,0.0,1.0,1.0
Clic3,0.0,0.0,1.0,1.0
C8g,0.0,0.0,1.0,1.0
Mamdc4,0.0,0.0,1.0,1.0
Tet1,0.0,0.0,1.0,1.0
Nacc2,0.0,0.0,1.0,1.0
Lhx3,0.0,0.0,1.0,1.0
Kbtbd6,0.0,0.0,1.0,1.0
Sox21,0.0,0.0,1.0,1.0
Trip6,0.0,0.0,1.0,1.0
Snapc4,0.0,0.0,1.0,1.0
Inpp5e,0.0,0.0,1.0,1.0
Egfl7,0.0,0.0,1.0,1.0
Phpt1,0.0,0.0,1.0,1.0
Nsl1,0.0,0.0,1.0,1.0
Vash2,0.0,0.0,1.0,1.0
Ncf4,0.0,0.0,1.0,1.0
Hyal1,0.0,0.0,1.0,1.0
Zmynd10,0.0,0.0,1.0,1.0
Ccl21a,0.0,0.0,1.0,1.0
Ccl19,0.0,0.0,1.0,1.0
Enho,0.0,0.0,1.0,1.0
Kif24,0.0,0.0,1.0,1.0
Traip,0.0,0.0,1.0,1.0
Ky,0.0,0.0,1.0,1.0
Ppp2r3a,0.0,0.0,1.0,1.0
Plod2,0.0,0.0,1.0,1.0
Abhd14a,0.0,0.0,1.0,1.0
Slc35g2,0.0,0.0,1.0,1.0
Zfp651,0.0,0.0,1.0,1.0
Gpaa1,0.0,0.0,1.0,1.0
Apol10a,0.0,0.0,1.0,1.0
Apol11a,0.0,0.0,1.0,1.0
Apol7c,0.0,0.0,1.0,1.0
Apol8,0.0,0.0,1.0,1.0
Foxred2,0.0,0.0,1.0,1.0
Hyal3,0.0,0.0,1.0,1.0
Il20rb,0.0,0.0,1.0,1.0
Cep70,0.0,0.0,1.0,1.0
Fancg,0.0,0.0,1.0,1.0
Stoml2,0.0,0.0,1.0,1.0
Bfsp2,0.0,0.0,1.0,1.0
Tmem108,0.0,0.0,1.0,1.0
Ackr4,0.0,0.0,1.0,1.0
Nek11,0.0,0.0,1.0,1.0
Col6a5,0.0,0.0,1.0,1.0
Lsmem2,0.0,0.0,1.0,1.0
Ankrd6,0.0,0.0,1.0,1.0
P4htm,0.0,0.0,1.0,1.0
Cacna2d2,0.0,0.0,1.0,1.0
Mst1,0.0,0.0,1.0,1.0
Gmppb,0.0,0.0,1.0,1.0
Cdhr4,0.0,0.0,1.0,1.0
Inka1,0.0,0.0,1.0,1.0
Kcnd1,0.0,0.0,1.0,1.0
C1s1,0.0,0.0,1.0,1.0
Zfat,0.0,0.0,1.0,1.0
Acbd7,0.0,0.0,1.0,1.0
Mst1r,0.0,0.0,1.0,1.0
Tmem249,0.0,0.0,1.0,1.0
Ly6g2,0.0,0.0,1.0,1.0
Ly6g,0.0,0.0,1.0,1.0
Batf3,0.0,0.0,1.0,1.0
Kcnh1,0.0,0.0,1.0,1.0
Hhat,0.0,0.0,1.0,1.0
Mroh6,0.0,0.0,1.0,1.0
Kifc2,0.0,0.0,1.0,1.0
Lrrc24,0.0,0.0,1.0,1.0
Glyctk,0.0,0.0,1.0,1.0
Tlr9,0.0,0.0,1.0,1.0
Ly6a,0.0,0.0,1.0,1.0
Sema3b,0.0,0.0,1.0,1.0
Sema3f,0.0,0.0,1.0,1.0
Zfp7,0.0,0.0,1.0,1.0
Mapk15,0.0,0.0,1.0,1.0
Iqank1,0.0,0.0,1.0,1.0
BC024139,0.0,0.0,1.0,1.0
Ly6k,0.0,0.0,1.0,1.0
Ly6m,0.0,0.0,1.0,1.0
Cfap206,0.0,0.0,1.0,1.0
Chst2,0.0,0.0,1.0,1.0
Dppa3,0.0,0.0,1.0,1.0
Aicda,0.0,0.0,1.0,1.0
Slc6a12,0.0,0.0,1.0,1.0
Slc6a13,0.0,0.0,1.0,1.0
Fbxo24,0.0,0.0,1.0,1.0
Actl6b,0.0,0.0,1.0,1.0
Lyplal1,0.0,0.0,1.0,1.0
Galr3,0.0,0.0,1.0,1.0
Gcat,0.0,0.0,1.0,1.0
Lgals1,0.0,0.0,1.0,1.0
Pdxp,0.0,0.0,1.0,1.0
Ttc26,0.0,0.0,1.0,1.0
Zc3hav1l,0.0,0.0,1.0,1.0
Nup205,0.0,0.0,1.0,1.0
Oplah,0.0,0.0,1.0,1.0
Pianp,0.0,0.0,1.0,1.0
Pax5,0.0,0.0,1.0,1.0
Trmt10b,0.0,0.0,1.0,1.0
Htr1b,0.0,0.0,1.0,1.0
Mei4,0.0,0.0,1.0,1.0
Irak1bp1,0.0,0.0,1.0,1.0
Tmc1,0.0,0.0,1.0,1.0
Slc23a4,0.0,0.0,1.0,1.0
Igfbpl1,0.0,0.0,1.0,1.0
Trmo,0.0,0.0,1.0,1.0
Gabbr2,0.0,0.0,1.0,1.0
Minar1,0.0,0.0,1.0,1.0
P3h3,0.0,0.0,1.0,1.0
Cd4,0.0,0.0,1.0,1.0
Elfn2,0.0,0.0,1.0,1.0
Azgp1,0.0,0.0,1.0,1.0
Hmgn3,0.0,0.0,1.0,1.0
Fam166b,0.0,0.0,1.0,1.0
Renbp,0.0,0.0,1.0,1.0
Csf2rb2,0.0,0.0,1.0,1.0
Csf2rb,0.0,0.0,1.0,1.0
Tex33,0.0,0.0,1.0,1.0
Tst,0.0,0.0,1.0,1.0
Pop7,0.0,0.0,1.0,1.0
Trpc1,0.0,0.0,1.0,1.0
Slco2a1,0.0,0.0,1.0,1.0
Spsb4,0.0,0.0,1.0,1.0
Clstn2,0.0,0.0,1.0,1.0
Rbp1,0.0,0.0,1.0,1.0
Nyap1,0.0,0.0,1.0,1.0
Zcwpw1,0.0,0.0,1.0,1.0
Zfp647,0.0,0.0,1.0,1.0
Mb,0.0,0.0,1.0,1.0
Amotl2,0.0,0.0,1.0,1.0
Gk5,0.0,0.0,1.0,1.0
Rtn2,0.0,0.0,1.0,1.0
Apba1,0.0,0.0,1.0,1.0
Fxn,0.0,0.0,1.0,1.0
Tpbg,0.0,0.0,1.0,1.0
Rwdd2a,0.0,0.0,1.0,1.0
Me1,0.0,0.0,1.0,1.0
Rusc2,0.0,0.0,1.0,1.0
Spag8,0.0,0.0,1.0,1.0
Fam221b,0.0,0.0,1.0,1.0
Reck,0.0,0.0,1.0,1.0
Adamts7,0.0,0.0,1.0,1.0
Esyt3,0.0,0.0,1.0,1.0
Mras,0.0,0.0,1.0,1.0
Nme9,0.0,0.0,1.0,1.0
Atp8b5,0.0,0.0,1.0,1.0
Bcl2a1d,0.0,0.0,1.0,1.0
Rad54b,0.0,0.0,1.0,1.0
Slc6a20a,0.0,0.0,1.0,1.0
Tmem158,0.0,0.0,1.0,1.0
Tmem178b,0.0,0.0,1.0,1.0
Trbv31,0.0,0.0,1.0,1.0
Prss2,0.0,0.0,1.0,1.0
Grhl2,0.0,0.0,1.0,1.0
Mrc1,0.0,0.0,1.0,1.0
St8sia6,0.0,0.0,1.0,1.0
Cubn,0.0,0.0,1.0,1.0
Sybu,0.0,0.0,1.0,1.0
Eny2,0.0,0.0,1.0,1.0
Fbxl2,0.0,0.0,1.0,1.0
Stac,0.0,0.0,1.0,1.0
Dclk3,0.0,0.0,1.0,1.0
Rragd,0.0,0.0,1.0,1.0
Itih2,0.0,0.0,1.0,1.0
Pfkfb3,0.0,0.0,1.0,1.0
Il2ra,0.0,0.0,1.0,1.0
Ulk4,0.0,0.0,1.0,1.0
Ccr4,0.0,0.0,1.0,1.0
Rmdn1,0.0,0.0,1.0,1.0
Ttpa,0.0,0.0,1.0,1.0
Slc22a13,0.0,0.0,1.0,1.0
Mtcp1,0.0,0.0,1.0,1.0
Rab39b,0.0,0.0,1.0,1.0
Rorb,0.0,0.0,1.0,1.0
Zcwpw2,0.0,0.0,1.0,1.0
Eomes,0.0,0.0,1.0,1.0
Plcd1,0.0,0.0,1.0,1.0
Dlec1,0.0,0.0,1.0,1.0
Acaa1b,0.0,0.0,1.0,1.0
F8,0.0,0.0,1.0,1.0
Lyzl4,0.0,0.0,1.0,1.0
Cck,0.0,0.0,1.0,1.0
Ccr2,0.0,0.0,1.0,1.0
Ccr1,0.0,0.0,1.0,1.0
Cthrc1,0.0,0.0,1.0,1.0
Itga8,0.0,0.0,1.0,1.0
Fbh1,0.0,0.0,1.0,1.0
Ccn3,0.0,0.0,1.0,1.0
Gad2,0.0,0.0,1.0,1.0
Myo3a,0.0,0.0,1.0,1.0
Thnsl1,0.0,0.0,1.0,1.0
Enkur,0.0,0.0,1.0,1.0
Armc3,0.0,0.0,1.0,1.0
Skida1,0.0,0.0,1.0,1.0
Braf,0.0,0.0,1.0,1.0
Fsbp,0.0,0.0,1.0,1.0
Pdp1,0.0,0.0,1.0,1.0
Tmem67,0.0,0.0,1.0,1.0
Rbm12b1,0.0,0.0,1.0,1.0
Triqk,0.0,0.0,1.0,1.0
Runx1t1,0.0,0.0,1.0,1.0
Osgin2,0.0,0.0,1.0,1.0
Osbpl10,0.0,0.0,1.0,1.0
Dennd2a,0.0,0.0,1.0,1.0
Tcaim,0.0,0.0,1.0,1.0
Itga9,0.0,0.0,1.0,1.0
Vill,0.0,0.0,1.0,1.0
Ccr8,0.0,0.0,1.0,1.0
Myrip,0.0,0.0,1.0,1.0
Entpd3,0.0,0.0,1.0,1.0
Tgm4,0.0,0.0,1.0,1.0
Clec3b,0.0,0.0,1.0,1.0
Rbms3,0.0,0.0,1.0,1.0
Mcm10,0.0,0.0,1.0,1.0
Cdnf,0.0,0.0,1.0,1.0
Suv39h2,0.0,0.0,1.0,1.0
Dclre1c,0.0,0.0,1.0,1.0
Arc,0.0,0.0,1.0,1.0
Adgrb1,0.0,0.0,1.0,1.0
Ptk2,0.0,0.0,1.0,1.0
Cdc25a,0.0,0.0,1.0,1.0
Fbxw22,0.0,0.0,1.0,1.0
Ccdc51,0.0,0.0,1.0,1.0
Col7a1,0.0,0.0,1.0,1.0
Celsr3,0.0,0.0,1.0,1.0
Cecr2,0.0,0.0,1.0,1.0
Cr2,0.0,0.0,1.0,1.0
Cd46,0.0,0.0,1.0,1.0
Echdc3,0.0,0.0,1.0,1.0
Cga,0.0,0.0,1.0,1.0
C9orf72,0.0,0.0,1.0,1.0
Spink4,0.0,0.0,1.0,1.0
Aqp7,0.0,0.0,1.0,1.0
Pm20d2,0.0,0.0,1.0,1.0
Srsf12,0.0,0.0,1.0,1.0
Spaca1,0.0,0.0,1.0,1.0
Cd34,0.0,0.0,1.0,1.0
Clstn3,0.0,0.0,1.0,1.0
C1rl,0.0,0.0,1.0,1.0
C1ra,0.0,0.0,1.0,1.0
Ly6f,0.0,0.0,1.0,1.0
Ly6l,0.0,0.0,1.0,1.0
Sertad4,0.0,0.0,1.0,1.0
Syt14,0.0,0.0,1.0,1.0
Lamb3,0.0,0.0,1.0,1.0
Clec4a3,0.0,0.0,1.0,1.0
Manea,0.0,0.0,1.0,1.0
Epha7,0.0,0.0,1.0,1.0
Nradd,0.0,0.0,1.0,1.0
Tmie,0.0,0.0,1.0,1.0
Als2cl,0.0,0.0,1.0,1.0
Ltf,0.0,0.0,1.0,1.0
Ccrl2,0.0,0.0,1.0,1.0
Ccdc3,0.0,0.0,1.0,1.0
Washc5,0.0,0.0,1.0,1.0
Gsdmc2,0.0,-0.0063104494,1.0,1.0
Adcy8,0.0,0.0,1.0,1.0
Dscc1,0.0,0.0,1.0,1.0
Col14a1,0.0,0.0,1.0,1.0
Zhx2,0.0,0.0,1.0,1.0
Wee2,0.0,0.0,1.0,1.0
Tas2r138,0.0,0.0,1.0,1.0
Tnfrsf11b,0.0,0.0,1.0,1.0
Gabrr2,0.0,0.0,1.0,1.0
Cspg5,0.0,0.0,1.0,1.0
Elp6,0.0,0.0,1.0,1.0
Nicn1,0.0,0.0,1.0,1.0
Klhdc8b,0.0,0.0,1.0,1.0
Lamb2,0.0,0.0,1.0,1.0
Cep78,0.0,0.0,1.0,1.0
Tmem121b,0.0,0.0,1.0,1.0
Pcsk5,0.0,0.0,1.0,1.0
Nmrk1,0.0,0.0,1.0,1.0
Coq3,0.0,0.0,1.0,1.0
Faxc,0.0,0.0,1.0,1.0
Mms22l,0.0,0.0,1.0,1.0
Ninj2,0.0,0.0,1.0,1.0
B4galnt3,0.0,0.0,1.0,1.0
Ccdc77,0.0,0.0,1.0,1.0
Prune2,0.0,0.0,1.0,1.0
Olfml2a,0.0,0.0,1.0,1.0
Stac3,0.0,0.0,1.0,1.0
Ogdhl,0.0,0.0,1.0,1.0
Zbtb26,0.0,0.0,1.0,1.0
Ptgs1,0.0,0.0,1.0,1.0
Rbm18,0.0,0.0,1.0,1.0
Fam199x,0.0,0.0,1.0,1.0
Slc25a53,0.0,0.0,1.0,1.0
Ldb3,0.0,0.0,1.0,1.0
Plp1,0.0,0.0,1.0,1.0
Il23a,0.0,0.0,1.0,1.0
Apon,0.0,0.0,1.0,1.0
Gls2,0.0,0.0,1.0,1.0
Tmem198b,0.0,0.0,1.0,1.0
Mmp19,0.0,0.0,1.0,1.0
Cxcl12,0.0,0.0,1.0,1.0
Acad12,0.0,0.0,1.0,1.0
Plekho1,0.0,0.0,1.0,1.0
Spin4,0.0,0.0,1.0,1.0
Zc4h2,0.0,0.0,1.0,1.0
Hsf3,0.0,0.0,1.0,1.0
Eda2r,0.0,0.0,1.0,1.0
Ar,0.0,0.0,1.0,1.0
Tcf4,0.0,0.0,1.0,1.0
ccdc198,0.0,0.0,1.0,1.0
Wdfy4,0.0,0.0,1.0,1.0
Arhgap22,0.0,0.0,1.0,1.0
Anxa8,0.0,0.0,1.0,1.0
Gprin2,0.0,0.0,1.0,1.0
Tnnc1,0.0,0.0,1.0,1.0
Sema3g,0.0,0.0,1.0,1.0
Morf4l2,0.0,0.0,1.0,1.0
Ophn1,0.0,0.0,1.0,1.0
Bnipl,0.0,0.0,1.0,1.0
Lysmd1,0.0,0.0,1.0,1.0
Pip5k1a,0.0,0.0,1.0,1.0
Nr6a1,0.0,0.0,1.0,1.0
Mustn1,0.0,0.0,1.0,1.0
Cacna1d,0.0,0.0,1.0,1.0
Chdh,0.0,0.0,1.0,1.0
Il17rb,0.0,0.0,1.0,1.0
Ccdc66,0.0,0.0,1.0,1.0
Synpo2l,0.0,0.0,1.0,1.0
Slc18a3,0.0,0.0,1.0,1.0
Chat,0.0,0.0,1.0,1.0
Itga7,0.0,0.0,1.0,1.0
Rdh5,0.0,0.0,1.0,1.0
Ccdc157,0.0,0.0,1.0,1.0
Golga1,0.0,0.0,1.0,1.0
Kynu,0.0,0.0,1.0,1.0
Zeb2,0.0,0.0,1.0,1.0
Acvr2a,0.0,0.0,1.0,1.0
Anxa9,0.0,0.0,1.0,1.0
Ctsk,0.0,0.0,1.0,1.0
Adamtsl4,0.0,0.0,1.0,1.0
Ciart,0.0,0.0,1.0,1.0
Sec14l2,0.0,0.0,1.0,1.0
Car14,0.0,0.0,1.0,1.0
Myl6b,0.0,0.0,1.0,1.0
Osbp2,0.0,0.0,1.0,1.0
Cdk2,0.0,0.0,1.0,1.0
Pmel,0.0,0.0,1.0,1.0
Myl7,0.0,0.0,1.0,1.0
Slc35e4,0.0,0.0,1.0,1.0
Sec14l4,0.0,0.0,1.0,1.0
BC028528,0.0,0.0,1.0,1.0
Cutal,0.0,0.0,1.0,1.0
Hrh1,0.0,0.0,1.0,1.0
Slc6a1,0.0,0.0,1.0,1.0
Tbc1d30,0.0,0.0,1.0,1.0
Wif1,0.0,0.0,1.0,1.0
Msrb3,0.0,0.0,1.0,1.0
Hmga2,0.0,0.0,1.0,1.0
BC107364,0.0,0.0,1.0,1.0
Fcgr1,0.0,0.0,1.0,1.0
Hist2h4,0.0,0.0,1.0,1.0
Rnase6,0.0,0.0,1.0,1.0
Zfp398,0.0,0.0,1.0,1.0
Zfp786,0.0,0.0,1.0,1.0
Klhl13,0.0,0.0,1.0,1.0
Elk1,0.0,0.0,1.0,1.0
Inhbc,0.0,0.0,1.0,1.0
Xpot,0.0,0.0,1.0,1.0
Ralgps1,0.0,0.0,1.0,1.0
Angptl2,0.0,0.0,1.0,1.0
Hc,0.0,0.0,1.0,1.0
AI182371,0.0,0.0,1.0,1.0
Klhl33,0.0,0.0,1.0,1.0
Sh2b2,0.0,0.0,1.0,1.0
Timp1,0.0,0.0,1.0,1.0
Slc16a7,0.0,0.0,1.0,1.0
Avil,0.0,0.0,1.0,1.0
Lyz2,0.0,0.0,1.0,1.0
Slc35e3,0.0,0.0,1.0,1.0
Tmem28,0.0,0.0,1.0,1.0
Mtmr11,0.0,0.0,1.0,1.0
Hist2h2ac,0.0,0.0,1.0,1.0
Pnp2,0.0,0.0,1.0,1.0
Tmem116,0.0,0.0,1.0,1.0
Tceal1,0.0,0.0,1.0,1.0
Spire1,0.0,0.0,1.0,1.0
Cep76,0.0,0.0,1.0,1.0
Sh2d4b,0.0,0.0,1.0,1.0
Gpr137c,0.0,0.0,1.0,1.0
Fermt2,0.0,0.0,1.0,1.0
Cdkn3,0.0,0.0,1.0,1.0
Samd4,0.0,0.0,1.0,1.0
Slc26a10,0.0,0.0,1.0,1.0
Mbd6,0.0,0.0,1.0,1.0
Gpr182,0.0,0.0,1.0,1.0
Rdh16,0.0,0.0,1.0,1.0
Rdh19,0.0,0.0,1.0,1.0
Rdh16f2,0.0,0.0,1.0,1.0
Rdh7,0.0,0.0,1.0,1.0
Sdr9c7,0.0,0.0,1.0,1.0
Stard8,0.0,0.0,1.0,1.0
Dlgap5,0.0,0.0,1.0,1.0
Atg14,0.0,0.0,1.0,1.0
Ccdc126,0.0,0.0,1.0,1.0
Cycs,0.0,0.0,1.0,1.0
Lmcd1,0.0,0.0,1.0,1.0
Oxtr,0.0,0.0,1.0,1.0
Best1,0.0,0.0,1.0,1.0
Bex1,0.0,0.0,1.0,1.0
Cyp27b1,0.0,0.0,1.0,1.0
Syn1,0.0,0.0,1.0,1.0
Ttll11,0.0,0.0,1.0,1.0
Bhlhb9,0.0,0.0,1.0,1.0
Gprasp2,0.0,0.0,1.0,1.0
Bex2,0.0,0.0,1.0,1.0
Bex4,0.0,0.0,1.0,1.0
Tceal8,0.0,0.0,1.0,1.0
Rab3il1,0.0,0.0,1.0,1.0
Tmem17,0.0,0.0,1.0,1.0
Stc2,0.0,0.0,1.0,1.0
Chac2,0.0,0.0,1.0,1.0
Gpr75,0.0,0.0,1.0,1.0
Acyp2,0.0,0.0,1.0,1.0
Eml6,0.0,0.0,1.0,1.0
Mro,0.0,0.0,1.0,1.0
Elac1,0.0,0.0,1.0,1.0
Isl1,0.0,0.0,1.0,1.0
Dnase1l3,0.0,0.0,1.0,1.0
Nim1k,0.0,0.0,1.0,1.0
H2al1m,0.0,0.0,1.0,1.0
Xk,0.0,0.0,1.0,1.0
Lancl3,0.0,0.0,1.0,1.0
Zbtb7c,0.0,0.0,1.0,1.0
Prune1,0.0,0.0,1.0,1.0
Sun3,0.0,0.0,1.0,1.0
Upp1,0.0,0.0,1.0,1.0
Oaz3,0.0,0.0,1.0,1.0
Celf3,0.0,0.0,1.0,1.0
Tuft1,0.0,0.0,1.0,1.0
Fignl1,0.0,0.0,1.0,1.0
Bcl11a,0.0,0.0,1.0,1.0
Rarb,0.0,0.0,1.0,1.0
S100a3,0.0,0.0,1.0,1.0
S100a5,0.0,0.0,1.0,1.0
S100a7a,0.0,0.0,1.0,1.0
S100a8,0.0,0.0,1.0,1.0
S100a9,0.0,0.0,1.0,1.0
Wdsub1,0.0,0.0,1.0,1.0
Fap,0.0,0.0,1.0,1.0
Cadps,0.0,0.0,1.0,1.0
S100a2,0.0,0.0,1.0,1.0
Ccdc173,0.0,0.0,1.0,1.0
Il9r,0.0,0.0,1.0,1.0
Gabrb2,0.0,0.0,1.0,1.0
Hmmr,0.0,0.0,1.0,1.0
Prickle2,0.0,0.0,1.0,1.0
Dcst2,0.0,0.0,1.0,1.0
Bbs5,0.0,0.0,1.0,1.0
Dhrs9,0.0,0.0,1.0,1.0
Ttc21b,0.0,0.0,1.0,1.0
Scn3a,0.0,0.0,1.0,1.0
Slc38a11,0.0,0.0,1.0,1.0
Grb14,0.0,0.0,1.0,1.0
Gca,0.0,0.0,1.0,1.0
Tmem267,0.0,0.0,1.0,1.0
Hcn1,0.0,0.0,1.0,1.0
Fam161a,0.0,0.0,1.0,1.0
Fgf18,0.0,0.0,1.0,1.0
Ranbp17,0.0,0.0,1.0,1.0
Il6ra,0.0,0.0,1.0,1.0
Rab13,0.0,0.0,1.0,1.0
Cfap53,0.0,0.0,1.0,1.0
Rab3c,0.0,0.0,1.0,1.0
Plk2,0.0,0.0,1.0,1.0
BC067074,0.0,0.0,1.0,1.0
Hba-a1,0.0,0.0,1.0,1.0
Npr1,0.0,0.0,1.0,1.0
Efemp1,0.0,0.0,1.0,1.0
Brap,0.0,0.0,1.0,1.0
Cux2,0.0,0.0,1.0,1.0
Rad9b,0.0,0.0,1.0,1.0
Sytl5,0.0,0.0,1.0,1.0
Gpx8,0.0,0.0,1.0,1.0
Plpp1,0.0,0.0,1.0,1.0
Pdzrn3,0.0,0.0,1.0,1.0
Gxylt2,0.0,0.0,1.0,1.0
Gpr27,0.0,0.0,1.0,1.0
Tmem223,0.0,0.0,1.0,1.0
Igfbp3,0.0,0.0,1.0,1.0
Ttll3,0.0,0.0,1.0,1.0
Rprm,0.0,0.0,1.0,1.0
Cacnb4,0.0,0.0,1.0,1.0
Dusp13,0.0,0.0,1.0,1.0
Itgb6,0.0,0.0,1.0,1.0
Cd302,0.0,0.0,1.0,1.0
Baz2b,0.0,0.0,1.0,1.0
Il17rd,0.0,0.0,1.0,1.0
Mtmr14,0.0,0.0,1.0,1.0
Lhfpl4,0.0,0.0,1.0,1.0
Hus1,0.0,0.0,1.0,1.0
Smtn,0.0,0.0,1.0,1.0
Psmb4,0.0,0.0,1.0,1.0
Urgcp,0.0,0.0,1.0,1.0
Colq,0.0,0.0,1.0,1.0
Galnt5,0.0,0.0,1.0,1.0
Nr1d2,0.0,0.0,1.0,1.0
Lypd6,0.0,0.0,1.0,1.0
Rhbdd3,0.0,0.0,1.0,1.0
Lrmda,0.0,0.0,1.0,1.0
Dlg5,0.0,0.0,1.0,1.0
Hesx1,0.0,0.0,1.0,1.0
Aebp1,0.0,0.0,1.0,1.0
Gck,0.0,0.0,1.0,1.0
Npc1l1,0.0,0.0,1.0,1.0
Lif,0.0,0.0,1.0,1.0
Hormad2,0.0,0.0,1.0,1.0
Zfp503,0.0,0.0,1.0,1.0
Kcnj3,0.0,0.0,1.0,1.0
AI854703,0.0,0.0,1.0,1.0
Igf2bp3,0.0,0.0,1.0,1.0
Ube2e2,0.0,0.0,1.0,1.0
Saysd1,0.0,0.0,1.0,1.0
Kcnk16,0.0,0.0,1.0,1.0
Nudt13,0.0,0.0,1.0,1.0
Cntn3,0.0,0.0,1.0,1.0
Cybb,0.0,0.0,1.0,1.0
Ccdc88a,0.0,0.0,1.0,1.0
Clhc1,0.0,0.0,1.0,1.0
Taf6l,0.0,0.0,1.0,1.0
Zbtb3,0.0,0.0,1.0,1.0
Lor,0.0,0.0,1.0,1.0
Crnn,0.0,0.0,1.0,1.0
Meis1,0.0,0.0,1.0,1.0
Acvr1c,0.0,0.0,1.0,1.0
Lrrn1,0.0,0.0,1.0,1.0
Setmar,0.0,0.0,1.0,1.0
Lrrn4cl,0.0,0.0,1.0,1.0
Lbhd1,0.0,0.0,1.0,1.0
Ints5,0.0,0.0,1.0,1.0
Flg,0.0,0.0,1.0,1.0
Tchh,0.0,0.0,1.0,1.0
Adcy1,0.0,0.0,1.0,1.0
C2cd4d,0.0,0.0,1.0,1.0
Lingo4,0.0,0.0,1.0,1.0
Grb10,0.0,0.0,1.0,1.0
Cobl,0.0,0.0,1.0,1.0
Egfr,0.0,0.0,1.0,1.0
Fbxo48,0.0,0.0,1.0,1.0
Nacad,0.0,0.0,1.0,1.0
Ramp3,0.0,0.0,1.0,1.0
Them4,0.0,0.0,1.0,1.0
Fbxo16,0.0,0.0,1.0,1.0
Ints9,0.0,0.0,1.0,1.0
Hmbox1,0.0,0.0,1.0,1.0
Xkr6,0.0,0.0,1.0,1.0
Fam167a,0.0,0.0,1.0,1.0
Piwil2,0.0,0.0,1.0,1.0
Vcam1,0.0,0.0,1.0,1.0
Amy1,0.0,0.0,1.0,1.0
Lingo3,0.0,0.0,1.0,1.0
Amh,0.0,0.0,1.0,1.0
Ms4a1,0.0,0.0,1.0,1.0
Setdb2,0.0,0.0,1.0,1.0
Fgf9,0.0,0.0,1.0,1.0
Neil2,0.0,0.0,1.0,1.0
Cdca2,0.0,0.0,1.0,1.0
Pdzk1,0.0,0.0,1.0,1.0
Llcfc1,0.0,0.0,1.0,1.0
Lrrc8a,0.0,0.0,1.0,1.0
Phyhd1,0.0,0.0,1.0,1.0
Ddx31,0.0,0.0,1.0,1.0
Sgcg,0.0,0.0,1.0,1.0
Gzmm,0.0,0.0,1.0,1.0
Tmem132a,0.0,0.0,1.0,1.0
Bnip3l,0.0,0.0,1.0,1.0
Gamt,0.0,0.0,1.0,1.0
Pcsk4,0.0,0.0,1.0,1.0
Adamtsl5,0.0,0.0,1.0,1.0
Scara5,0.0,0.0,1.0,1.0
Scara3,0.0,0.0,1.0,1.0
Clu,0.0,0.0,1.0,1.0
Gulo,0.0,0.0,1.0,1.0
Ephx2,0.0,0.0,1.0,1.0
Efna2,0.0,0.0,1.0,1.0
Amer2,0.0,0.0,1.0,1.0
Cbln3,0.0,0.0,1.0,1.0
Blk,0.0,0.0,1.0,1.0
Shisa2,0.0,0.0,1.0,1.0
Rasal1,0.0,0.0,1.0,1.0
Matk,0.0,0.0,1.0,1.0
Zfr2,0.0,0.0,1.0,1.0
Creb3l3,0.0,0.0,1.0,1.0
Gng7,0.0,0.0,1.0,1.0
Gadd45b,0.0,0.0,1.0,1.0
Gnat2,0.0,0.0,1.0,1.0
Gstm3,0.0,0.0,1.0,1.0
Gstm7,0.0,0.0,1.0,1.0
Csf1,0.0,0.0,1.0,1.0
Wdfy2,0.0,0.0,1.0,1.0
Zfp395,0.0,0.0,1.0,1.0
C1qtnf9,0.0,0.0,1.0,1.0
Tnfrsf19,0.0,0.0,1.0,1.0
Gpr107,0.0,0.0,1.0,1.0
Ncs1,0.0,0.0,1.0,1.0
Fubp3,0.0,0.0,1.0,1.0
Exosc2,0.0,0.0,1.0,1.0
Slc25a43,0.0,0.0,1.0,1.0
Dleu7,0.0,0.0,1.0,1.0
Sypl2,0.0,0.0,1.0,1.0
Psrc1,0.0,0.0,1.0,1.0
Sars,0.0,0.0,1.0,1.0
Aknad1,0.0,0.0,1.0,1.0
Henmt1,0.0,0.0,1.0,1.0
Dolpp1,0.0,0.0,1.0,1.0
Nuggc,0.0,0.0,1.0,1.0
Trim13,0.0,0.0,1.0,1.0
Atxn7l2,0.0,0.0,1.0,1.0
F3,0.0,0.0,1.0,1.0
Tmem56,0.0,0.0,1.0,1.0
Rwdd3,0.0,0.0,1.0,1.0
Ptbp2,0.0,0.0,1.0,1.0
Dpyd,0.0,0.0,1.0,1.0
Palmd,0.0,0.0,1.0,1.0
Frrs1,0.0,0.0,1.0,1.0
Ggt5,0.0,0.0,1.0,1.0
Ggt1,0.0,0.0,1.0,1.0
Lrrc75b,0.0,0.0,1.0,1.0
Tspear,0.0,0.0,1.0,1.0
Adarb1,0.0,0.0,1.0,1.0
Pcbp3,0.0,0.0,1.0,1.0
Col6a1,0.0,0.0,1.0,1.0
Col6a2,0.0,0.0,1.0,1.0
Arid3a,0.0,0.0,1.0,1.0
Rasgef1a,0.0,0.0,1.0,1.0
Ret,0.0,0.0,1.0,1.0
Zfp248,0.0,0.0,1.0,1.0
Cacna1c,0.0,0.0,1.0,1.0
Syn2,0.0,0.0,1.0,1.0
Timp4,0.0,0.0,1.0,1.0
Cfi,0.0,0.0,1.0,1.0
Spatc1l,0.0,0.0,1.0,1.0
Col25a1,0.0,0.0,1.0,1.0
Rarres2,0.0,0.0,1.0,1.0
Arhgap29,0.0,0.0,1.0,1.0
Tmem40,0.0,0.0,1.0,1.0
Efcab12,0.0,0.0,1.0,1.0
Ift122,0.0,0.0,1.0,1.0
Plxnd1,0.0,0.0,1.0,1.0
Iqcd,0.0,0.0,1.0,1.0
Mcub,0.0,0.0,1.0,1.0
Krtap10-10,0.0,0.0,1.0,1.0
Lrrc3,0.0,0.0,1.0,1.0
Cfap410,0.0,0.0,1.0,1.0
Aire,0.0,0.0,1.0,1.0
Susd2,0.0,0.0,1.0,1.0
Derl3,0.0,0.0,1.0,1.0
Gata4,0.0,0.0,1.0,1.0
Bmp1,0.0,0.0,1.0,1.0
Plk5,0.0,0.0,1.0,1.0
Ms4a12,0.0,0.0,1.0,1.0
Casp14,0.0,0.0,1.0,1.0
Ms4a5,0.0,0.0,1.0,1.0
Ms4a7,0.0,0.0,1.0,1.0
Ms4a4a,0.0,0.0,1.0,1.0
Plppr3,0.0,0.0,1.0,1.0
Kiss1r,0.0,0.0,1.0,1.0
Loxl2,0.0,0.0,1.0,1.0
Hr,0.0,0.0,1.0,1.0
Gnrh1,0.0,0.0,1.0,1.0
Nefm,0.0,0.0,1.0,1.0
Nefl,0.0,0.0,1.0,1.0
Slc25a37,0.0,0.0,1.0,1.0
Zfp777,0.0,0.0,1.0,1.0
Krba1,0.0,0.0,1.0,1.0
Krtap12-1,0.0,0.0,1.0,1.0
C2cd4c,0.0,0.0,1.0,1.0
Shc2,0.0,0.0,1.0,1.0
Ybey,0.0,0.0,1.0,1.0
Zp1,0.0,0.0,1.0,1.0
Ptgdr2,0.0,0.0,1.0,1.0
Ms4a10,0.0,0.0,1.0,1.0
Ms4a15,0.0,0.0,1.0,1.0
Ms4a18,0.0,0.0,1.0,1.0
Sspo,0.0,0.0,1.0,1.0
Tbx15,0.0,0.0,1.0,1.0
Wars2,0.0,0.0,1.0,1.0
Hsd3b2,0.0,0.0,1.0,1.0
Zfp697,0.0,0.0,1.0,1.0
Prkab2,0.0,0.0,1.0,1.0
Hal,0.0,0.0,1.0,1.0
Slc2a8,0.0,0.0,1.0,1.0
Lrsam1,0.0,0.0,1.0,1.0
Ttc16,0.0,0.0,1.0,1.0
Eng,0.0,0.0,1.0,1.0
Ak1,0.0,0.0,1.0,1.0
Il25,0.0,0.0,1.0,1.0
Efs,0.0,0.0,1.0,1.0
Slc22a17,0.0,0.0,1.0,1.0
Eddm3b,0.0,0.0,1.0,1.0
Cstad,0.0,0.0,1.0,1.0
Dennd2c,0.0,0.0,1.0,1.0
Syt6,0.0,0.0,1.0,1.0
Ap4b1,0.0,0.0,1.0,1.0
Bcl2l15,0.0,0.0,1.0,1.0
Lcn2,0.0,0.0,1.0,1.0
Zbtb34,0.0,0.0,1.0,1.0
Arhgef40,0.0,0.0,1.0,1.0
Rnase12,0.0,0.0,1.0,1.0
Carmil3,0.0,0.0,1.0,1.0
Fitm1,0.0,0.0,1.0,1.0
Tssk4,0.0,0.0,1.0,1.0
Mab21l3,0.0,0.0,1.0,1.0
Tspan2,0.0,0.0,1.0,1.0
Nr1h5,0.0,0.0,1.0,1.0
Actr6,0.0,0.0,1.0,1.0
Slc7a8,0.0,0.0,1.0,1.0
Jph4,0.0,0.0,1.0,1.0
Cep290,0.0,0.0,1.0,1.0
Rassf9,0.0,0.0,1.0,1.0
Tmtc2,0.0,0.0,1.0,1.0
Lin7a,0.0,0.0,1.0,1.0
Ifng,0.0,0.0,1.0,1.0
Grip1,0.0,0.0,1.0,1.0
Bbs10,0.0,0.0,1.0,1.0
Spag17,0.0,0.0,1.0,1.0
Mettl17,0.0,0.0,1.0,1.0
Slc39a2,0.0,0.0,1.0,1.0
Lmx1b,0.0,0.0,1.0,1.0
Pbx3,0.0,0.0,1.0,1.0
Hist2h2aa1,0.0,0.0,1.0,1.0
Hist2h3c1,0.0,0.0,1.0,1.0
Lix1l,0.0,0.0,1.0,1.0
Nudt17,0.0,0.0,1.0,1.0
Rnase1,0.0,0.0,1.0,1.0
Tent5c,0.0,0.0,1.0,1.0
Plxnc1,0.0,0.0,1.0,1.0
Cradd,0.0,0.0,1.0,1.0
Caps2,0.0,0.0,1.0,1.0
Dcn,0.0,0.0,1.0,1.0
Phxr2,0.0,0.0,1.0,1.0
Tmtc3,0.0,0.0,1.0,1.0
Myrfl,0.0,0.0,1.0,1.0
Trim45,0.0,0.0,1.0,1.0
Sall2,0.0,0.0,1.0,1.0
Slc7a7,0.0,0.0,1.0,1.0
Mmp14,0.0,0.0,1.0,1.0
Apex1,0.0,0.0,1.0,1.0
Srgap1,0.0,0.0,1.0,1.0
Ptprr,0.0,0.0,1.0,1.0
Ptprb,0.0,0.0,1.0,1.0
Vtcn1,0.0,0.0,1.0,1.0
Mcpt8,0.0,0.0,1.0,1.0
Dnm1,0.0,0.0,1.0,1.0
Golga2,0.0,0.0,1.0,1.0
Plpp7,0.0,0.0,1.0,1.0
Qrfp,0.0,0.0,1.0,1.0
Mcpt2,0.0,0.0,1.0,1.0
Cma1,0.0,0.0,1.0,1.0
Bcl2l2,0.0,0.0,1.0,1.0
Ppp1r3e,0.0,0.0,1.0,1.0
Nynrin,0.0,0.0,1.0,1.0
Ankrd24,0.0,0.0,1.0,1.0
BC025920,0.0,0.0,1.0,1.0
Tle6,0.0,0.0,1.0,1.0
Syn3,0.0,0.0,1.0,1.0
Btbd11,0.0,0.0,1.0,1.0
Ntn4,0.0,0.0,1.0,1.0
Ptges,0.0,0.0,1.0,1.0
Rnf17,0.0,0.0,1.0,1.0
Naif1,0.0,0.0,1.0,1.0
Pip5kl1,0.0,0.0,1.0,1.0
Ift88,0.0,0.0,1.0,1.0
Il17d,0.0,0.0,1.0,1.0
Xpo4,0.0,0.0,1.0,1.0
Gipc3,0.0,0.0,1.0,1.0
Ltb4r1,0.0,0.0,1.0,1.0
BC024063,0.0,0.0,1.0,1.0
Rnf113a1,0.0,0.0,1.0,1.0
Cidec,0.0,0.0,1.0,1.0
Fancd2,0.0,0.0,1.0,1.0
Glt8d2,0.0,0.0,1.0,1.0
Eid3,0.0,0.0,1.0,1.0
Tbxa2r,0.0,0.0,1.0,1.0
Ltb4r2,0.0,0.0,1.0,1.0
Parpbp,0.0,0.0,1.0,1.0
Aldh1l2,0.0,0.0,1.0,1.0
Nup37,0.0,0.0,1.0,1.0
Sycp3,0.0,0.0,1.0,1.0
Slc17a8,0.0,0.0,1.0,1.0
Cttnbp2nl,0.0,0.0,1.0,1.0
Kcnd3,0.0,0.0,1.0,1.0
Chil6,0.0,0.0,1.0,1.0
Inka2,0.0,0.0,1.0,1.0
Adora3,0.0,0.0,1.0,1.0
Tmigd3,0.0,0.0,1.0,1.0
Ovgp1,0.0,0.0,1.0,1.0
AU041133,0.0,0.0,1.0,1.0
E2f7,0.0,0.0,1.0,1.0
Chil5,0.0,0.0,1.0,1.0
Chil3,0.0,0.0,1.0,1.0
Ddx20,0.0,0.0,1.0,1.0
Timp3,0.0,0.0,1.0,1.0
Ttc41,0.0,0.0,1.0,1.0
Nt5dc3,0.0,0.0,1.0,1.0
Ascl1,0.0,0.0,1.0,1.0
Myrf,0.0,0.0,1.0,1.0
Dagla,0.0,0.0,1.0,1.0
Lrrc10b,0.0,0.0,1.0,1.0
Vwce,0.0,0.0,1.0,1.0
Tmem216,0.0,0.0,1.0,1.0
Celf5,0.0,0.0,1.0,1.0
Gna15,0.0,0.0,1.0,1.0
Tle2,0.0,0.0,1.0,1.0
Nuak1,0.0,0.0,1.0,1.0
Polr3b,0.0,0.0,1.0,1.0
Rem2,0.0,0.0,1.0,1.0
Ajuba,0.0,0.0,1.0,1.0
Ppp1r32,0.0,0.0,1.0,1.0
Fam98c,-0.0022501473,0.06044113,0.9982046437095448,1.0
Tbc1d2b,-0.0022501473,0.13622773,0.9982046437095448,1.0
Smc3,-0.0022501473,-0.24312006,0.9982046437095448,1.0
Bcap29,-0.0022501473,-0.17969228,0.9982046437095448,1.0
Tomm5,-0.0022501473,0.12474467,0.9982046437095448,1.0
Exoc4,-0.0022501473,-0.15434802,0.9982046437095448,1.0
Gde1,-0.0022501473,0.017317418,0.9982046437095448,1.0
Zbtb33,-0.0022501473,-0.25476107,0.9982046437095448,1.0
Rab24,-0.0022501473,-0.0008935421,0.9982046437095448,1.0
Atp8b2,-0.0022501473,0.10367332,0.9982046437095448,1.0
Panx1,-0.0022501473,-0.076730095,0.9982046437095448,1.0
Emg1,-0.0022501473,0.29700193,0.9982046437095448,1.0
Ech1,-0.0045002946,-0.027910957,0.9964092965092441,1.0
Bpnt1,-0.006750442,-0.04488834,0.9946139674891147,1.0
Adamts10,-0.006750442,-0.2082344,0.9946139674891147,1.0
Sun2,-0.006750442,0.0036148315,0.9946139674891147,1.0
Cdk6,-0.006750442,0.08832449,0.9946139674891147,1.0
Tyw1,-0.006750442,-0.26380578,0.9946139674891147,1.0
Osbp,-0.006750442,0.045336347,0.9946139674891147,1.0
Nsmce4a,-0.011250736,0.062020656,0.9910234003479166,1.0
Mcoln1,-0.011250736,-0.20714882,0.9910234003479166,1.0
Ubac2,-0.011250736,0.045477554,0.9910234003479166,1.0
Arf4,-0.011250736,0.086467944,0.9910234003479166,1.0
Traf5,-0.011250736,-0.27069995,0.9910234003479166,1.0
Srsf11,-0.011250736,-0.23736988,0.9910234003479166,1.0
Atn1,-0.011250736,0.002625085,0.9910234003479166,1.0
Ncoa4,-0.011250736,-0.31963095,0.9910234003479166,1.0
Pds5a,-0.011250736,0.1016604,0.9910234003479166,1.0
Fam162a,-0.013500884,0.16602154,0.9892281804049481,1.0
Ndufa5,-0.013500884,-0.15060794,0.9892281804049481,1.0
Elmo1,-0.015751032,0.1732142,0.987433014998075,1.0
S100g,-0.015751032,-0.03530013,0.987433014998075,1.0
Klf13,-0.015751032,0.2121588,0.987433014998075,1.0
Sh3bp1,-0.015751032,-0.020328717,0.987433014998075,1.0
Elf4,-0.015751032,-0.116987996,0.987433014998075,1.0
Ubl7,-0.015751032,-0.056796882,0.987433014998075,1.0
Klhl9,-0.015751032,-0.067041054,0.987433014998075,1.0
Nub1,-0.020251326,-0.056797914,0.9838428841406694,1.0
Eml4,-0.020251326,0.050111417,0.9838428841406694,1.0
Sdhaf4,-0.022501472,0.25388455,0.9820479368616107,1.0
Saraf,-0.022501472,-0.013835435,0.9820479368616107,1.0
Higd1a,-0.022501472,-0.12640864,0.9820479368616107,1.0
Pkp4,-0.02475162,0.22719575,0.9802530804613189,1.0
Nenf,-0.02475162,0.6855152,0.9802530804613189,1.0
Oit1,-0.02475162,0.064316005,0.9802530804613189,1.0
Fam220a-1,-0.02475162,0.16226064,0.9802530804613189,1.0
Nrm,-0.02475162,0.15221706,0.9802530804613189,1.0
Plaa,-0.02475162,0.39429426,0.9802530804613189,1.0
Capn5,-0.02475162,0.3234891,0.9802530804613189,1.0
Armc10,-0.02475162,-0.010437803,0.9802530804613189,1.0
Trim14,-0.02475162,0.073361166,0.9802530804613189,1.0
Flt3l,-0.02475162,0.47493118,0.9802530804613189,1.0
Uspl1,-0.02475162,0.24107,0.9802530804613189,1.0
Uvssa,-0.02475162,0.28802174,0.9802530804613189,1.0
Aldob,-0.02475162,0.09545104,0.9802530804613189,1.0
Zfp143,-0.02475162,0.17496397,0.9802530804613189,1.0
Gar1,-0.02475162,0.2558854,0.9802530804613189,1.0
Pde3b,-0.02475162,0.04321361,0.9802530804613189,1.0
Ccdc85c,-0.02475162,0.27960917,0.9802530804613189,1.0
Uba6,-0.02475162,0.117472365,0.9802530804613189,1.0
Nup54,-0.02475162,0.13186243,0.9802530804613189,1.0
Hnrnph2,-0.02475162,0.32201117,0.9802530804613189,1.0
Gsk3a,-0.02475162,-0.049567405,0.9802530804613189,1.0
Dpf2,-0.02475162,-0.03541814,0.9802530804613189,1.0
Ttc14,-0.02475162,0.60304874,0.9802530804613189,1.0
Fam160b2,-0.02475162,0.23335722,0.9802530804613189,1.0
Sacs,-0.02475162,0.47851405,0.9802530804613189,1.0
Zmym5,-0.02475162,0.07671334,0.9802530804613189,1.0
Ces1f,-0.02475162,0.19510859,0.9802530804613189,1.0
Pitpnm2,-0.02475162,-0.037896335,0.9802530804613189,1.0
Hdac2,-0.02475162,0.15562141,0.9802530804613189,1.0
Oaz2,-0.02475162,0.6799175,0.9802530804613189,1.0
Rgs2,-0.02475162,0.17121619,0.9802530804613189,1.0
Cyhr1,-0.02475162,0.14947744,0.9802530804613189,1.0
Mex3c,-0.02475162,-0.0056497217,0.9802530804613189,1.0
Agpat4,-0.02475162,0.02196468,0.9802530804613189,1.0
Gprc5a,-0.02475162,0.10977054,0.9802530804613189,1.0
Anxa5,-0.02475162,-0.0070302323,0.9802530804613189,1.0
Elmo2,-0.02475162,0.039214626,0.9802530804613189,1.0
Rfx5,-0.02475162,0.024093349,0.9802530804613189,1.0
Drosha,-0.02475162,0.22870834,0.9802530804613189,1.0
Map2k3,-0.02475162,0.08418285,0.9802530804613189,1.0
Cebpa,-0.02475162,0.31836408,0.9802530804613189,1.0
Kmt5a,-0.02475162,-0.02321904,0.9802530804613189,1.0
Narf,-0.02475162,0.02844425,0.9802530804613189,1.0
Nsun4,-0.02475162,0.040012863,0.9802530804613189,1.0
Sf3b4,-0.02475162,0.38044387,0.9802530804613189,1.0
Apmap,-0.02475162,0.12349458,0.9802530804613189,1.0
Ufsp2,-0.02475162,0.1520493,0.9802530804613189,1.0
Ncoa1,-0.02475162,0.059573404,0.9802530804613189,1.0
Ralgapb,-0.02475162,0.21512222,0.9802530804613189,1.0
Gstp1,-0.027001768,0.104449145,0.9784583240223559,1.0
Prkch,-0.027001768,-0.12703739,0.9784583240223559,1.0
Slc25a10,-0.027001768,-0.01738139,0.9784583240223559,1.0
Srcap,-0.029251914,-0.011980255,0.976663676625766,1.0
Hint3,-0.029251914,0.014096095,0.976663676625766,1.0
Auts2,-0.029251914,0.028001111,0.976663676625766,1.0
Brox,-0.029251914,0.27975368,0.976663676625766,1.0
Ralgapa2,-0.029251914,0.029355986,0.976663676625766,1.0
Eif2ak2,-0.029251914,0.3396238,0.976663676625766,1.0
Rab5a,-0.029251914,0.12380995,0.976663676625766,1.0
Bud13,-0.029251914,0.08771524,0.976663676625766,1.0
S1pr4,-0.029251914,0.03653583,0.976663676625766,1.0
Gsr,-0.029251914,-0.035996594,0.976663676625766,1.0
Prkar1a,-0.029251914,-0.05507049,0.976663676625766,1.0
Brpf1,-0.029251914,-0.069982514,0.976663676625766,1.0
Laptm4b,-0.029251914,0.0042092097,0.976663676625766,1.0
Yod1,-0.029251914,-0.0032846916,0.976663676625766,1.0
Eif1,-0.029251914,0.16420929,0.976663676625766,1.0
P2ry10,-0.029251914,-0.026705664,0.976663676625766,1.0
Cant1,-0.029251914,0.13965034,0.976663676625766,1.0
Fam117a,-0.029251914,0.12470061,0.976663676625766,1.0
Ptp4a2,-0.029251914,-0.059140716,0.976663676625766,1.0
Rabl6,-0.029251914,-0.05754395,0.976663676625766,1.0
Med21,-0.029251914,0.17254835,0.976663676625766,1.0
Pik3ca,-0.029251914,-0.03513151,0.976663676625766,1.0
Nlk,-0.029251914,0.058710158,0.976663676625766,1.0
Ing5,-0.029251914,0.1410938,0.976663676625766,1.0
D2hgdh,-0.029251914,0.030997433,0.976663676625766,1.0
Cdo1,-0.029251914,-0.071675576,0.976663676625766,1.0
Sos1,-0.029251914,0.14526713,0.976663676625766,1.0
Mynn,-0.029251914,0.15026169,0.976663676625766,1.0
Stag2,-0.029251914,-0.1412609,0.976663676625766,1.0
Phf2,-0.031502064,-0.016114132,0.9748691473509379,1.0
Ube2q1,-0.031502064,0.2972556,0.9748691473509379,1.0
Map7,-0.031502064,-0.028920732,0.9748691473509379,1.0
Pdcd11,-0.031502064,-0.021756738,0.9748691473509379,1.0
Iars,-0.03375221,0.097926,0.9730747452754658,1.0
Stx18,-0.03375221,-0.040585794,0.9730747452754658,1.0
Sppl3,-0.03375221,-0.076740384,0.9730747452754658,1.0
Ranbp3,-0.03375221,0.0757458,0.9730747452754658,1.0
Lrpap1,-0.03375221,-0.0144239925,0.9730747452754658,1.0
Ostf1,-0.03375221,-0.053029478,0.9730747452754658,1.0
Ptpa,-0.03375221,0.06526523,0.9730747452754658,1.0
Haghl,-0.03375221,-0.08970799,0.9730747452754658,1.0
Ppp1r15b,-0.03375221,-0.016069768,0.9730747452754658,1.0
Haus8,-0.03375221,0.11529413,0.9730747452754658,1.0
Slfn8,-0.03375221,-0.057840716,0.9730747452754658,1.0
Rpn1,-0.03375221,0.0073575354,0.9730747452754658,1.0
N4bp2,-0.03375221,-0.01293327,0.9730747452754658,1.0
Ext2,-0.03375221,0.06777255,0.9730747452754658,1.0
Cdca7,-0.03375221,0.09286659,0.9730747452754658,1.0
Foxj2,-0.03375221,0.10903039,0.9730747452754658,1.0
Med28,-0.03375221,0.07339778,0.9730747452754658,1.0
Zfp719,-0.03375221,0.008734408,0.9730747452754658,1.0
Usp19,-0.03375221,0.014665584,0.9730747452754658,1.0
Ggps1,-0.03375221,-0.033671442,0.9730747452754658,1.0
Trim21,-0.03375221,-0.060157727,0.9730747452754658,1.0
Inafm2,-0.03375221,-0.12181411,0.9730747452754658,1.0
Bach1,-0.03375221,-0.053201273,0.9730747452754658,1.0
Bri3bp,-0.03375221,-0.07469686,0.9730747452754658,1.0
Otud1,-0.03375221,-0.03506602,0.9730747452754658,1.0
Klf10,-0.03375221,0.05252125,0.9730747452754658,1.0
Stat5a,-0.03375221,-0.049334805,0.9730747452754658,1.0
Rela,-0.03375221,-0.044284243,0.9730747452754658,1.0
Rbm26,-0.03375221,-0.11140709,0.9730747452754658,1.0
Irf2,-0.03375221,-0.08018996,0.9730747452754658,1.0
Exo5,-0.03375221,-0.08672585,0.9730747452754658,1.0
Tob2,-0.03375221,-0.044890292,0.9730747452754658,1.0
Taf6,-0.03375221,-0.07226967,0.9730747452754658,1.0
Marf1,-0.03375221,-0.0011217635,0.9730747452754658,1.0
Snx2,-0.03375221,-0.15443493,0.9730747452754658,1.0
Mpnd,-0.03375221,-0.1094728,0.9730747452754658,1.0
Atg5,-0.03375221,-0.053269565,0.9730747452754658,1.0
Slc35b2,-0.03375221,0.035523,0.9730747452754658,1.0
Nol12,-0.03375221,0.03323839,0.9730747452754658,1.0
Itpa,-0.03375221,-0.09277771,0.9730747452754658,1.0
Trmt6,-0.03375221,0.048605975,0.9730747452754658,1.0
Trim39,-0.03375221,-0.08615931,0.9730747452754658,1.0
Parp10,-0.03375221,-0.015203153,0.9730747452754658,1.0
Tespa1,-0.03375221,-0.07392489,0.9730747452754658,1.0
Exosc10,-0.03375221,-0.31251717,0.9730747452754658,1.0
Rapgef2,-0.03375221,0.11065315,0.9730747452754658,1.0
Abhd5,-0.03375221,-0.17027785,0.9730747452754658,1.0
Clp1,-0.03375221,-0.21761213,0.9730747452754658,1.0
Cd24a,-0.036002357,-0.00992706,0.9712804794750131,1.0
Denr,-0.036002357,0.17201178,0.9712804794750131,1.0
Dmtf1,-0.036002357,0.16218014,0.9712804794750131,1.0
Ppp1r37,-0.036002357,0.082121335,0.9712804794750131,1.0
Ndufaf3,-0.038252503,-0.021950435,0.9694863590231738,1.0
Bmpr2,-0.038252503,-0.15964349,0.9694863590231738,1.0
Zfp451,-0.038252503,-0.37676254,0.9694863590231738,1.0
Topbp1,-0.038252503,-0.09830818,0.9694863590231738,1.0
Tada1,-0.038252503,-0.08734518,0.9694863590231738,1.0
Hipk3,-0.038252503,-0.013342277,0.9694863590231738,1.0
Emp3,-0.038252503,-0.06918194,0.9694863590231738,1.0
Ccnd1,-0.038252503,-0.18988794,0.9694863590231738,1.0
Sct,-0.038252503,-0.17418991,0.9694863590231738,1.0
Taf1d,-0.038252503,-0.21924733,0.9694863590231738,1.0
Tspan31,-0.038252503,-0.26967776,0.9694863590231738,1.0
Cenpo,-0.038252503,-0.2072538,0.9694863590231738,1.0
Dhrs1,-0.038252503,-0.18639176,0.9694863590231738,1.0
Eral1,-0.038252503,-0.11788124,0.9694863590231738,1.0
Tradd,-0.038252503,-0.13527551,0.9694863590231738,1.0
Zfp942,-0.038252503,-0.2638037,0.9694863590231738,1.0
Foxo1,-0.038252503,0.24403779,0.9694863590231738,1.0
Mpdu1,-0.038252503,-0.1566446,0.9694863590231738,1.0
R3hdm1,-0.038252503,-0.02550312,0.9694863590231738,1.0
Nasp,-0.038252503,-0.10037961,0.9694863590231738,1.0
Rabepk,-0.038252503,-0.22090799,0.9694863590231738,1.0
Fam32a,-0.038252503,-0.03275638,0.9694863590231738,1.0
Clcn7,-0.038252503,-0.13448007,0.9694863590231738,1.0
Trac,-0.038252503,0.05843317,0.9694863590231738,1.0
Pgam5,-0.038252503,-0.15510131,0.9694863590231738,1.0
Dock5,-0.038252503,-0.22931746,0.9694863590231738,1.0
Adprm,-0.038252503,-0.22939102,0.9694863590231738,1.0
Shc1,-0.038252503,0.079701506,0.9694863590231738,1.0
Cdv3,-0.038252503,-0.31724572,0.9694863590231738,1.0
Sgk1,-0.038252503,-0.2742461,0.9694863590231738,1.0
Tmem30a,-0.038252503,0.3352365,0.9694863590231738,1.0
Mcm7,-0.038252503,-0.07524124,0.9694863590231738,1.0
Rwdd1,-0.038252503,-0.13176313,0.9694863590231738,1.0
Plcl2,-0.038252503,-0.3423242,0.9694863590231738,1.0
Lsg1,-0.038252503,-0.19995442,0.9694863590231738,1.0
Fbxo7,-0.038252503,-0.16808562,0.9694863590231738,1.0
Zswim8,-0.038252503,-0.2541721,0.9694863590231738,1.0
Abca7,-0.038252503,-0.22283736,0.9694863590231738,1.0
Pip5k1c,-0.038252503,-0.22202353,0.9694863590231738,1.0
Cdk11b,-0.038252503,-0.044721987,0.9694863590231738,1.0
Comtd1,-0.038252503,-0.30182666,0.9694863590231738,1.0
Exosc4,-0.038252503,-0.1409308,0.9694863590231738,1.0
Rad50,-0.038252503,-0.15849458,0.9694863590231738,1.0
Scnm1,-0.038252503,-0.24645935,0.9694863590231738,1.0
Ifitm2,-0.038252503,0.07456714,0.9694863590231738,1.0
Klra5,-0.038252503,-0.15375854,0.9694863590231738,1.0
Plekhm1,-0.038252503,-0.32050812,0.9694863590231738,1.0
Abhd10,-0.038252503,-0.09876547,0.9694863590231738,1.0
Nek6,-0.038252503,-0.09801511,0.9694863590231738,1.0
Socs4,-0.038252503,-0.18216124,0.9694863590231738,1.0
Cln3,-0.038252503,-0.13968216,0.9694863590231738,1.0
Gse1,-0.040502653,-0.07266181,0.9676923929913351,1.0
Gsdmd,-0.040502653,0.045674235,0.9676923929913351,1.0
Ttc7b,-0.040502653,0.10094336,0.9676923929913351,1.0
Crtap,-0.0427528,-0.2861445,0.9658985904485399,1.0
Acox3,-0.0427528,-0.23869291,0.9658985904485399,1.0
Trappc2l,-0.0427528,-0.1090685,0.9658985904485399,1.0
Golph3,-0.0427528,-0.09333157,0.9658985904485399,1.0
Phf20,-0.0427528,-0.19311608,0.9658985904485399,1.0
Lrrc47,-0.0427528,-0.21221462,0.9658985904485399,1.0
Emid1,-0.0427528,-0.14473726,0.9658985904485399,1.0
Pno1,-0.0427528,-0.14589863,0.9658985904485399,1.0
Rad21,-0.0427528,-0.06512442,0.9658985904485399,1.0
Zfp62,-0.0427528,-0.24997243,0.9658985904485399,1.0
Atp10b,-0.0427528,-0.183606,0.9658985904485399,1.0
Trim41,-0.0427528,-0.10432462,0.9658985904485399,1.0
Thrap3,-0.0427528,-0.25052354,0.9658985904485399,1.0
Vps33a,-0.0427528,-0.2605581,0.9658985904485399,1.0
Ints2,-0.0427528,-0.13259827,0.9658985904485399,1.0
Adgrl1,-0.0427528,-0.30203852,0.9658985904485399,1.0
Rnf214,-0.0427528,-0.27145442,0.9658985904485399,1.0
Dhx16,-0.0427528,-0.33670142,0.9658985904485399,1.0
Plagl2,-0.0427528,-0.17787565,0.9658985904485399,1.0
Orc4,-0.0427528,-0.19965404,0.9658985904485399,1.0
Ikzf2,-0.0427528,-0.029553555,0.9658985904485399,1.0
Magoh,-0.0427528,-0.3347152,0.9658985904485399,1.0
Usp33,-0.0427528,-0.20607321,0.9658985904485399,1.0
Nnt,-0.0427528,-0.24847099,0.9658985904485399,1.0
Gpank1,-0.0427528,-0.25347918,0.9658985904485399,1.0
Gclc,-0.0427528,-0.31073818,0.9658985904485399,1.0
Cacybp,-0.0427528,-0.21994606,0.9658985904485399,1.0
Nusap1,-0.0427528,-0.19697154,0.9658985904485399,1.0
Triap1,-0.0427528,-0.28986847,0.9658985904485399,1.0
Mocs1,-0.0427528,-0.4355766,0.9658985904485399,1.0
Tmem41a,-0.0427528,-0.24563105,0.9658985904485399,1.0
Ubxn2b,-0.0427528,-0.1795428,0.9658985904485399,1.0
Ubald1,-0.0427528,-0.1333643,0.9658985904485399,1.0
Stap1,-0.0427528,-0.15021369,0.9658985904485399,1.0
Lin37,-0.0427528,-0.17317934,0.9658985904485399,1.0
Clnk,-0.0427528,-0.24428487,0.9658985904485399,1.0
Tfg,-0.045002945,0.025062945,0.964104960461349,1.0
Cpsf6,-0.045002945,0.08711519,0.964104960461349,1.0
Pigx,-0.045002945,-0.007115003,0.964104960461349,1.0
Sell,-0.047253095,-0.50952315,0.9623115120937038,1.0
Mettl5,-0.047253095,-0.28247148,0.9623115120937038,1.0
Cope,-0.047253095,-0.13140193,0.9623115120937038,1.0
Stard3nl,-0.047253095,-0.26288766,0.9623115120937038,1.0
Cdhr2,-0.047253095,-0.44259775,0.9623115120937038,1.0
Anxa6,-0.047253095,-0.038585946,0.9623115120937038,1.0
Trbv17,-0.047253095,-0.7867307,0.9623115120937038,1.0
Nfrkb,-0.047253095,-0.39204898,0.9623115120937038,1.0
Mkrn1,-0.047253095,-0.07868288,0.9623115120937038,1.0
Alad,-0.047253095,-0.473362,0.9623115120937038,1.0
Mak16,-0.047253095,-0.27833664,0.9623115120937038,1.0
Adcy7,-0.047253095,-0.5379561,0.9623115120937038,1.0
Naa30,-0.047253095,-0.31749177,0.9623115120937038,1.0
Lman1,-0.047253095,-0.4141963,0.9623115120937038,1.0
Tspan15,-0.04950324,-0.06425687,0.9605182544067891,1.0
Tjap1,-0.04950324,-0.057346046,0.9605182544067891,1.0
Kctd5,-0.04950324,0.021806858,0.9605182544067891,1.0
Vdac1,-0.04950324,0.06306523,0.9605182544067891,1.0
Tbc1d13,-0.04950324,0.014658839,0.9605182544067891,1.0
Lmtk2,-0.051753387,-0.23264836,0.958725196458895,1.0
Tra2a,-0.051753387,-0.5309335,0.958725196458895,1.0
Mgat5,-0.051753387,-0.5795138,0.958725196458895,1.0
Trappc11,-0.051753387,-0.44292465,0.958725196458895,1.0
Numbl,-0.051753387,-0.2969453,0.958725196458895,1.0
Sem1,-0.051753387,-0.22817399,0.958725196458895,1.0
Psmg2,-0.051753387,-0.49513546,0.958725196458895,1.0
Gpbp1l1,-0.054003537,-0.117326684,0.9569323473052807,1.0
Gtf2b,-0.054003537,0.20017408,0.9569323473052807,1.0
Pml,-0.054003537,-0.012455953,0.9569323473052807,1.0
Usp15,-0.054003537,0.04921551,0.9569323473052807,1.0
Tor1aip1,-0.056253683,-0.080169246,0.9551397159980365,1.0
Cnpy2,-0.056253683,-0.038181096,0.9551397159980365,1.0
Rcor1,-0.056253683,-0.20431045,0.9551397159980365,1.0
Tmem230,-0.056253683,-0.0862788,0.9551397159980365,1.0
H3f3b,-0.056253683,-0.11374794,0.9551397159980365,1.0
Fcho1,-0.056253683,-0.10278513,0.9551397159980365,1.0
Ythdf1,-0.05850383,-0.057243705,0.953347311585947,1.0
B3gnt7,-0.05850383,0.09692635,0.953347311585947,1.0
App,-0.05850383,-0.074109904,0.953347311585947,1.0
Actr1a,-0.05850383,0.027455637,0.953347311585947,1.0
Sbno2,-0.05850383,-0.016296133,0.953347311585947,1.0
Dennd1b,-0.05850383,-0.1300692,0.953347311585947,1.0
Trappc6a,-0.05850383,-0.23651548,0.953347311585947,1.0
H13,-0.05850383,0.03643521,0.953347311585947,1.0
Tap2,-0.06075398,-0.0034114274,0.9515551431143539,1.0
Pafah1b3,-0.06075398,0.036392998,0.9515551431143539,1.0
Hadhb,-0.06300413,-0.058566142,0.9497632196250194,1.0
Smap1,-0.06300413,-0.16441487,0.9497632196250194,1.0
Mterf3,-0.06300413,-0.037954085,0.9497632196250194,1.0
Lrrc41,-0.06300413,-0.19746335,0.9497632196250194,1.0
Ap1m2,-0.06300413,-0.04022857,0.9497632196250194,1.0
Nifk,-0.06300413,0.009154117,0.9497632196250194,1.0
Utrn,-0.06300413,-0.23479892,0.9497632196250194,1.0
Ube2g1,-0.06300413,0.16316387,0.9497632196250194,1.0
Ndufa12,-0.06300413,0.069950126,0.9497632196250194,1.0
Dtx3l,-0.06525427,-0.29157794,0.9479715501559891,1.0
Herpud1,-0.06525427,-0.06704969,0.9479715501559891,1.0
Sephs2,-0.06525427,-0.07709799,0.9479715501559891,1.0
Cmtm7,-0.06750442,0.12257296,0.9461801437414551,1.0
Eif3c,-0.06750442,-0.05016224,0.9461801437414551,1.0
Ifi208,-0.06750442,-0.20484456,0.9461801437414551,1.0
Cluh,-0.06750442,0.04427871,0.9461801437414551,1.0
Nudt9,-0.06750442,-0.074601375,0.9461801437414551,1.0
Nap1l4,-0.06750442,-0.101724096,0.9461801437414551,1.0
Nbeal2,-0.06975456,-0.25240472,0.9443890094116196,1.0
Ighm,-0.06975456,-0.09782984,0.9443890094116196,1.0
Ptprc,-0.06975456,-0.054198008,0.9443890094116196,1.0
Dnajc7,-0.06975456,-0.030124867,0.9443890094116196,1.0
Pfdn5,-0.06975456,0.045510706,0.9443890094116196,1.0
Thoc7,-0.06975456,-0.11917564,0.9443890094116196,1.0
Ttyh3,-0.06975456,-0.026917938,0.9443890094116196,1.0
Sri,-0.07200471,-0.028205037,0.9425981561925584,1.0
Sh3gl1,-0.07200471,-0.14865309,0.9425981561925584,1.0
Uqcrq,-0.07200471,-0.10701338,0.9425981561925584,1.0
Rbm17,-0.07200471,-0.29608244,0.9425981561925584,1.0
Atxn10,-0.07200471,-0.28486228,0.9425981561925584,1.0
Nubp2,-0.07200471,-0.060575206,0.9425981561925584,1.0
Csnk1d,-0.07425486,-0.04569912,0.9408075931060841,1.0
Itgal,-0.07425486,-0.061054453,0.9408075931060841,1.0
Gas6,-0.07425486,-0.1990932,0.9408075931060841,1.0
Sdhb,-0.07425486,0.10462493,0.9408075931060841,1.0
Kdelr1,-0.07425486,-0.04865223,0.9408075931060841,1.0
S100a16,-0.076505005,-0.27321416,0.9390173291696101,1.0
Pstpip1,-0.076505005,-0.18151811,0.9390173291696101,1.0
Rassf2,-0.076505005,-0.18248609,0.9390173291696101,1.0
Klhl24,-0.076505005,-0.23562206,0.9390173291696101,1.0
Cnnm3,-0.078755155,-0.12790962,0.9372273733960144,1.0
Grwd1,-0.078755155,-0.027467856,0.9372273733960144,1.0
Aldh5a1,-0.078755155,-0.15723105,0.9372273733960144,1.0
Eml2,-0.078755155,-0.20706663,0.9372273733960144,1.0
Pnkp,-0.078755155,-0.28141207,0.9372273733960144,1.0
Cldnd2,-0.078755155,-0.30413142,0.9372273733960144,1.0
Fiz1,-0.078755155,-0.5325894,0.9372273733960144,1.0
Aggf1,-0.078755155,-0.35024005,0.9372273733960144,1.0
Nol8,-0.078755155,-0.073508486,0.9372273733960144,1.0
Fam98b,-0.078755155,-0.34821364,0.9372273733960144,1.0
Gtf2ird1,-0.078755155,-0.4156471,0.9372273733960144,1.0
Cdkal1,-0.078755155,-0.09929821,0.9372273733960144,1.0
Serpinb9,-0.078755155,-0.10921491,0.9372273733960144,1.0
Dtnbp1,-0.078755155,0.08996462,0.9372273733960144,1.0
Sdhaf1,-0.078755155,-0.16888246,0.9372273733960144,1.0
Supt5,-0.078755155,0.4759507,0.9372273733960144,1.0
Zfp790,-0.078755155,-0.3131758,0.9372273733960144,1.0
Ercc2,-0.078755155,-0.49034843,0.9372273733960144,1.0
Smug1,-0.078755155,-0.35606676,0.9372273733960144,1.0
Tomm40l,-0.078755155,-0.37385356,0.9372273733960144,1.0
Slc35b4,-0.078755155,-0.41986534,0.9372273733960144,1.0
Lypla1,-0.078755155,-0.24115145,0.9372273733960144,1.0
Gtf2e1,-0.078755155,-0.2594873,0.9372273733960144,1.0
Lipo3,-0.078755155,0.08982051,0.9372273733960144,1.0
Sart3,-0.078755155,-0.29256892,0.9372273733960144,1.0
Mcam,-0.078755155,0.08947451,0.9372273733960144,1.0
Dpy19l1,-0.078755155,-0.4374803,0.9372273733960144,1.0
St3gal1,-0.078755155,-0.27363622,0.9372273733960144,1.0
Stat2,-0.078755155,-0.32856146,0.9372273733960144,1.0
A1cf,-0.078755155,0.03775749,0.9372273733960144,1.0
Vps45,-0.078755155,-0.018477494,0.9372273733960144,1.0
Tut1,-0.078755155,-0.22338028,0.9372273733960144,1.0
Atg7,-0.078755155,-0.4796201,0.9372273733960144,1.0
Helb,-0.078755155,-0.469701,0.9372273733960144,1.0
Etaa1,-0.078755155,-0.13904695,0.9372273733960144,1.0
Znrf3,-0.078755155,-0.17922671,0.9372273733960144,1.0
Zfp574,-0.078755155,-0.297634,0.9372273733960144,1.0
Gsta3,-0.078755155,-0.18515998,0.9372273733960144,1.0
Fer1l6,-0.078755155,-0.41958869,0.9372273733960144,1.0
Sntb1,-0.078755155,-0.5150997,0.9372273733960144,1.0
Arl5b,-0.078755155,-0.36110267,0.9372273733960144,1.0
Gsdmc3,-0.078755155,-0.075785786,0.9372273733960144,1.0
Fdx2,-0.078755155,-0.3749646,0.9372273733960144,1.0
Mre11a,-0.078755155,-0.45107582,0.9372273733960144,1.0
Klri2,-0.078755155,-0.44436556,0.9372273733960144,1.0
Rlf,-0.078755155,-0.3232623,0.9372273733960144,1.0
Zbtb11,-0.078755155,-0.42635858,0.9372273733960144,1.0
B4galt4,-0.078755155,-0.36376947,0.9372273733960144,1.0
Cd200r4,-0.078755155,-0.3336633,0.9372273733960144,1.0
Vps13b,-0.078755155,-0.42158562,0.9372273733960144,1.0
Med7,-0.078755155,-0.2651528,0.9372273733960144,1.0
Hax1,-0.078755155,-0.16675691,0.9372273733960144,1.0
Zrsr1,-0.078755155,-0.1740244,0.9372273733960144,1.0
Gpr15,-0.078755155,-0.31733873,0.9372273733960144,1.0
Gas7,-0.078755155,-0.2575281,0.9372273733960144,1.0
Fchsd1,-0.078755155,-0.0938197,0.9372273733960144,1.0
Cryzl1,-0.078755155,-0.24426986,0.9372273733960144,1.0
Srgap2,-0.078755155,-0.35756105,0.9372273733960144,1.0
Rhou,-0.078755155,-0.39415756,0.9372273733960144,1.0
Ipp,-0.078755155,-0.4969179,0.9372273733960144,1.0
Svbp,-0.078755155,-0.24309658,0.9372273733960144,1.0
Sept8,-0.078755155,-0.48818323,0.9372273733960144,1.0
Myo10,-0.078755155,-0.40905583,0.9372273733960144,1.0
Spopl,-0.078755155,-0.28213593,0.9372273733960144,1.0
Acbd5,-0.078755155,0.0663943,0.9372273733960144,1.0
Il13ra1,-0.078755155,-0.21925873,0.9372273733960144,1.0
Lrrc26,-0.078755155,-0.53746843,0.9372273733960144,1.0
Zfp609,-0.078755155,0.021639306,0.9372273733960144,1.0
Rfx3,-0.078755155,-0.3110433,0.9372273733960144,1.0
Prorsd1,-0.078755155,-0.2963317,0.9372273733960144,1.0
Scaper,-0.078755155,-0.22920938,0.9372273733960144,1.0
Ivns1abp,-0.078755155,-0.020718716,0.9372273733960144,1.0
Sh3rf2,-0.078755155,-0.3916458,0.9372273733960144,1.0
Cactin,-0.078755155,-0.4261869,0.9372273733960144,1.0
Apba3,-0.078755155,-0.18973136,0.9372273733960144,1.0
Ankrd54,-0.078755155,-0.3209512,0.9372273733960144,1.0
Pick1,-0.078755155,-0.20746273,0.9372273733960144,1.0
Psmg3,-0.078755155,-0.2560881,0.9372273733960144,1.0
Zfand2a,-0.078755155,-0.362775,0.9372273733960144,1.0
Kbtbd7,-0.078755155,-0.26394576,0.9372273733960144,1.0
Amz1,-0.078755155,-0.41138652,0.9372273733960144,1.0
Relch,-0.078755155,-0.5414064,0.9372273733960144,1.0
Nqo1,-0.078755155,-0.30763283,0.9372273733960144,1.0
Slc7a6os,-0.078755155,-0.27262473,0.9372273733960144,1.0
Crebl2,-0.078755155,-0.28391504,0.9372273733960144,1.0
Zfp983,-0.078755155,-0.45893162,0.9372273733960144,1.0
Igsf5,-0.078755155,-0.31530064,0.9372273733960144,1.0
Mccc1,-0.078755155,-0.41736463,0.9372273733960144,1.0
Sgsm2,-0.078755155,-0.47876632,0.9372273733960144,1.0
Zzef1,-0.078755155,-0.44387907,0.9372273733960144,1.0
Xaf1,-0.078755155,-0.46228793,0.9372273733960144,1.0
Akap11,-0.078755155,-0.3829633,0.9372273733960144,1.0
Ccdc122,-0.078755155,-0.2944207,0.9372273733960144,1.0
Xpo7,-0.078755155,-0.43284383,0.9372273733960144,1.0
Tent4b,-0.078755155,-0.06865727,0.9372273733960144,1.0
Nfix,-0.078755155,-0.33402163,0.9372273733960144,1.0
Iqcc,-0.078755155,-0.43376845,0.9372273733960144,1.0
Eif3i,-0.078755155,-0.09628148,0.9372273733960144,1.0
Chfr,-0.078755155,-0.34336552,0.9372273733960144,1.0
Med18,-0.078755155,-0.24613886,0.9372273733960144,1.0
Cr1l,-0.078755155,-0.29514793,0.9372273733960144,1.0
Sap130,-0.078755155,-0.2042093,0.9372273733960144,1.0
Atp6v0e2,-0.078755155,-0.2157939,0.9372273733960144,1.0
Wdr24,-0.078755155,-0.29446077,0.9372273733960144,1.0
Atad5,-0.078755155,0.02972999,0.9372273733960144,1.0
Urm1,-0.078755155,0.052060556,0.9372273733960144,1.0
Bmp7,-0.078755155,-0.3595133,0.9372273733960144,1.0
Epn3,-0.078755155,-0.4764829,0.9372273733960144,1.0
Mtg2,-0.078755155,-0.104078524,0.9372273733960144,1.0
Pola2,-0.078755155,-0.45822185,0.9372273733960144,1.0
Kpna3,-0.078755155,-0.39130405,0.9372273733960144,1.0
Abhd4,-0.078755155,-0.4204723,0.9372273733960144,1.0
Capn15,-0.078755155,-0.20900479,0.9372273733960144,1.0
Gpn2,-0.078755155,-0.3860063,0.9372273733960144,1.0
Zbtb24,-0.078755155,-0.42584112,0.9372273733960144,1.0
Sesn1,-0.078755155,-0.30570954,0.9372273733960144,1.0
Frk,-0.078755155,-0.14119312,0.9372273733960144,1.0
Ruvbl1,-0.078755155,-0.38560665,0.9372273733960144,1.0
Gpsm2,-0.078755155,-0.28149548,0.9372273733960144,1.0
Mcm3ap,-0.078755155,-0.11746057,0.9372273733960144,1.0
Pofut2,-0.078755155,-0.41041297,0.9372273733960144,1.0
Zfx,-0.078755155,0.0041256608,0.9372273733960144,1.0
Tab3,-0.078755155,-0.4452941,0.9372273733960144,1.0
Arhgef38,-0.078755155,-0.33772185,0.9372273733960144,1.0
Ppa1,-0.078755155,-0.34398243,0.9372273733960144,1.0
Socs2,-0.078755155,-0.25430503,0.9372273733960144,1.0
Ppm1j,-0.078755155,-0.34482467,0.9372273733960144,1.0
Rcan3,-0.078755155,-0.20740122,0.9372273733960144,1.0
Tmem59l,-0.078755155,0.01791874,0.9372273733960144,1.0
Klhl2,-0.078755155,-0.05774033,0.9372273733960144,1.0
Pithd1,-0.078755155,-0.101230614,0.9372273733960144,1.0
Dbndd2,-0.078755155,-0.40665257,0.9372273733960144,1.0
Dnttip1,-0.078755155,-0.50380653,0.9372273733960144,1.0
Vmp1,-0.078755155,-0.15834694,0.9372273733960144,1.0
Bola3,-0.078755155,-0.1049922,0.9372273733960144,1.0
Ppp1r3b,-0.078755155,-0.22081871,0.9372273733960144,1.0
Zfp992,-0.078755155,-0.20247446,0.9372273733960144,1.0
Glmn,-0.078755155,-0.057448,0.9372273733960144,1.0
Btnl6,-0.078755155,-0.31955022,0.9372273733960144,1.0
Wdfy1,-0.078755155,-0.46233803,0.9372273733960144,1.0
Akap8l,-0.078755155,-0.47009313,0.9372273733960144,1.0
Abcb6,-0.078755155,-0.38536063,0.9372273733960144,1.0
Usp36,-0.078755155,-0.37090608,0.9372273733960144,1.0
BC029722,-0.078755155,-0.005119437,0.9372273733960144,1.0
Nup85,-0.078755155,0.025636917,0.9372273733960144,1.0
Rprd1b,-0.078755155,-0.46195856,0.9372273733960144,1.0
Mettl2,-0.078755155,-0.28410843,0.9372273733960144,1.0
Rrp9,-0.078755155,-0.5254239,0.9372273733960144,1.0
Bicdl1,-0.078755155,-0.13773988,0.9372273733960144,1.0
Zfp335,-0.078755155,-0.33003297,0.9372273733960144,1.0
Pea15a,-0.078755155,-0.5521044,0.9372273733960144,1.0
Tor3a,-0.078755155,-0.52920216,0.9372273733960144,1.0
Abl2,-0.078755155,-0.19404744,0.9372273733960144,1.0
Ice2,-0.078755155,-0.15791385,0.9372273733960144,1.0
Rora,-0.078755155,-0.43680802,0.9372273733960144,1.0
Nipsnap3b,-0.078755155,-0.5077888,0.9372273733960144,1.0
Cnst,-0.078755155,-0.33985734,0.9372273733960144,1.0
Smyd3,-0.078755155,-0.49840924,0.9372273733960144,1.0
Cers4,-0.078755155,0.024137503,0.9372273733960144,1.0
Tollip,-0.078755155,-0.1843824,0.9372273733960144,1.0
Rnh1,-0.078755155,-0.5362324,0.9372273733960144,1.0
Leng9,-0.078755155,-0.56552076,0.9372273733960144,1.0
Ifitm3,-0.078755155,-0.22403815,0.9372273733960144,1.0
Laptm4a,-0.078755155,-0.22054684,0.9372273733960144,1.0
Tpx2,-0.078755155,-0.315448,0.9372273733960144,1.0
Dse,-0.078755155,-0.5153234,0.9372273733960144,1.0
Pofut1,-0.078755155,-0.070669755,0.9372273733960144,1.0
Sfmbt1,-0.078755155,-0.42311448,0.9372273733960144,1.0
Rac1,-0.078755155,-0.14251338,0.9372273733960144,1.0
Tanc1,-0.078755155,-0.3243888,0.9372273733960144,1.0
H2-T24,-0.078755155,-0.1026247,0.9372273733960144,1.0
Zranb1,-0.078755155,-0.48949537,0.9372273733960144,1.0
Acap3,-0.078755155,-0.42827678,0.9372273733960144,1.0
Pon3,-0.078755155,-0.36322457,0.9372273733960144,1.0
BC017158,-0.078755155,-0.3366483,0.9372273733960144,1.0
Fam133b,-0.078755155,0.18289801,0.9372273733960144,1.0
Trmt5,-0.078755155,-0.25076994,0.9372273733960144,1.0
Il3ra,-0.078755155,-0.3631877,0.9372273733960144,1.0
Daam1,-0.078755155,-0.2902092,0.9372273733960144,1.0
Egln3,-0.078755155,-0.03167624,0.9372273733960144,1.0
Shld1,-0.078755155,-0.51122224,0.9372273733960144,1.0
Esf1,-0.078755155,-0.4095168,0.9372273733960144,1.0
Aamdc,-0.078755155,-0.2903425,0.9372273733960144,1.0
Pik3c2a,-0.078755155,-0.40321094,0.9372273733960144,1.0
Fam126a,-0.078755155,-0.53612494,0.9372273733960144,1.0
Orc5,-0.078755155,0.06594637,0.9372273733960144,1.0
Usp49,-0.078755155,-0.22830611,0.9372273733960144,1.0
Mad2l1bp,-0.078755155,-0.35765234,0.9372273733960144,1.0
Lancl1,-0.078755155,-0.26948753,0.9372273733960144,1.0
Jmjd7,-0.078755155,-0.40636396,0.9372273733960144,1.0
Cpsf2,-0.078755155,-0.30691242,0.9372273733960144,1.0
Psmc1,-0.078755155,-0.19935738,0.9372273733960144,1.0
Tmed8,-0.078755155,-0.5146944,0.9372273733960144,1.0
Ift43,-0.078755155,-0.41452426,0.9372273733960144,1.0
Zmynd11,-0.078755155,-0.096107215,0.9372273733960144,1.0
Btbd6,-0.078755155,-0.17841786,0.9372273733960144,1.0
Selenoh,-0.078755155,-0.41958988,0.9372273733960144,1.0
Naa35,-0.078755155,-0.39057443,0.9372273733960144,1.0
Galm,-0.078755155,-0.40765145,0.9372273733960144,1.0
Capn13,-0.078755155,-0.017992796,0.9372273733960144,1.0
Supt7l,-0.078755155,-0.22966129,0.9372273733960144,1.0
Fam189a2,-0.078755155,-0.34219116,0.9372273733960144,1.0
Ptar1,-0.078755155,-0.32259116,0.9372273733960144,1.0
Cox7a2,-0.078755155,-0.32410106,0.9372273733960144,1.0
Ntan1,-0.078755155,-0.06640845,0.9372273733960144,1.0
Cox16,-0.078755155,0.20264384,0.9372273733960144,1.0
Snapc1,-0.078755155,-0.054315858,0.9372273733960144,1.0
Abhd6,-0.078755155,-0.14922142,0.9372273733960144,1.0
Ipo11,-0.078755155,-0.067041405,0.9372273733960144,1.0
Prr15,-0.078755155,-0.29021004,0.9372273733960144,1.0
Hmgb1,-0.078755155,-0.041851766,0.9372273733960144,1.0
Mettl21a,-0.078755155,-0.34065363,0.9372273733960144,1.0
Fam168a,-0.078755155,-0.4068226,0.9372273733960144,1.0
Nt5c2,-0.078755155,-0.36579707,0.9372273733960144,1.0
Areg,-0.078755155,-0.36208412,0.9372273733960144,1.0
Celf1,-0.078755155,-0.18411402,0.9372273733960144,1.0
Ptprj,-0.078755155,-0.36207741,0.9372273733960144,1.0
Fbp2,-0.078755155,0.1154882,0.9372273733960144,1.0
Ckap5,-0.078755155,-0.36154747,0.9372273733960144,1.0
Cd244a,-0.078755155,0.10844587,0.9372273733960144,1.0
Kmt2b,-0.078755155,0.08382722,0.9372273733960144,1.0
Cnot10,-0.078755155,-0.11480046,0.9372273733960144,1.0
Ptpn23,-0.078755155,-0.08408754,0.9372273733960144,1.0
Mfsd10,-0.078755155,-0.5096621,0.9372273733960144,1.0
Amt,-0.078755155,-0.37760484,0.9372273733960144,1.0
Dalrd3,-0.078755155,-0.17252141,0.9372273733960144,1.0
Mvk,-0.078755155,-0.40028238,0.9372273733960144,1.0
Zwilch,-0.078755155,-0.3550361,0.9372273733960144,1.0
Trf,-0.078755155,-0.5546525,0.9372273733960144,1.0
Gba2,-0.078755155,-0.028732033,0.9372273733960144,1.0
Plekhj1,-0.081005305,-0.28471044,0.9354377347935027,1.0
Wbp4,-0.081005305,-0.14724982,0.9354377347935027,1.0
Ckap2,-0.081005305,-0.40439266,0.9354377347935027,1.0
Lsm2,-0.081005305,-0.32173905,0.9354377347935027,1.0
Kctd10,-0.081005305,-0.12626642,0.9354377347935027,1.0
Kansl3,-0.08325545,-0.57813305,0.9336484223654736,1.0
Ccdc127,-0.08325545,-1.0310895,0.9336484223654736,1.0
Adnp2,-0.08325545,-0.29463193,0.9336484223654736,1.0
Tcrg-V7,-0.08325545,-0.90675193,0.9336484223654736,1.0
Zfp367,-0.08325545,-0.57899266,0.9336484223654736,1.0
BC147527,-0.08325545,-0.4089575,0.9336484223654736,1.0
Elp2,-0.08325545,-0.4003281,0.9336484223654736,1.0
Gypc,-0.08325545,-0.5702852,0.9336484223654736,1.0
Wdr36,-0.08325545,-0.47713745,0.9336484223654736,1.0
Adamts6,-0.08325545,-0.59182084,0.9336484223654736,1.0
Fos,-0.08325545,-0.3876647,0.9336484223654736,1.0
Adal,-0.08325545,-0.23961295,0.9336484223654736,1.0
Ldah,-0.08325545,-0.4305299,0.9336484223654736,1.0
Slc4a7,-0.08325545,-0.4660365,0.9336484223654736,1.0
Unc119,-0.08325545,-0.6256726,0.9336484223654736,1.0
Eaf1,-0.08325545,-0.42734095,0.9336484223654736,1.0
Endov,-0.08325545,-0.7044924,0.9336484223654736,1.0
Gata6,-0.08325545,-0.3160139,0.9336484223654736,1.0
Map4k3,-0.08325545,-0.24544668,0.9336484223654736,1.0
Epb41l3,-0.08325545,-0.6105002,0.9336484223654736,1.0
Dhx57,-0.08325545,-0.46484506,0.9336484223654736,1.0
Wdr13,-0.08325545,-0.8861388,0.9336484223654736,1.0
Fermt1,-0.08325545,-0.30983284,0.9336484223654736,1.0
Map3k20,-0.08325545,-0.6988357,0.9336484223654736,1.0
Serinc5,-0.08325545,-0.371053,0.9336484223654736,1.0
Tbc1d25,-0.08325545,-0.62555367,0.9336484223654736,1.0
Slc52a3,-0.08325545,-0.57742876,0.9336484223654736,1.0
Axin2,-0.08325545,-0.403423,0.9336484223654736,1.0
Fam89b,-0.08325545,-0.57225746,0.9336484223654736,1.0
D10Wsu102e,-0.08325545,-0.5314255,0.9336484223654736,1.0
Pias3,-0.08325545,-0.47991845,0.9336484223654736,1.0
Bola1,-0.08325545,-0.5518114,0.9336484223654736,1.0
Gpatch4,-0.08325545,-0.53289974,0.9336484223654736,1.0
Plek,-0.08325545,-0.5090098,0.9336484223654736,1.0
Slc19a1,-0.08325545,-0.21078977,0.9336484223654736,1.0
Hddc2,-0.08325545,-0.379592,0.9336484223654736,1.0
Dbt,-0.08325545,-0.8171616,0.9336484223654736,1.0
Gabpb2,-0.08325545,-0.37544706,0.9336484223654736,1.0
Praf2,-0.08325545,-0.47470838,0.9336484223654736,1.0
Rorc,-0.08325545,-0.685425,0.9336484223654736,1.0
Slc30a1,-0.08325545,-0.77457875,0.9336484223654736,1.0
Trbv13-1,-0.08325545,-0.5298333,0.9336484223654736,1.0
Sppl2b,-0.08325545,-0.6266312,0.9336484223654736,1.0
Hcfc2,-0.08325545,-0.5883375,0.9336484223654736,1.0
Mepce,-0.08325545,-0.5948286,0.9336484223654736,1.0
Cep68,-0.08325545,-0.6070136,0.9336484223654736,1.0
Orai1,-0.08325545,-0.6012795,0.9336484223654736,1.0
Zfp532,-0.08325545,-0.6353858,0.9336484223654736,1.0
Cntrob,-0.08325545,-0.78786045,0.9336484223654736,1.0
Pmepa1,-0.08325545,-0.5812708,0.9336484223654736,1.0
Naa16,-0.08325545,-0.55781573,0.9336484223654736,1.0
Ctns,-0.08325545,-0.5836197,0.9336484223654736,1.0
Hpd,-0.08325545,-0.4628597,0.9336484223654736,1.0
Pard6b,-0.08325545,-0.48687908,0.9336484223654736,1.0
Ctu1,-0.08325545,-0.5903445,0.9336484223654736,1.0
Bicd2,-0.08325545,-0.6197416,0.9336484223654736,1.0
Ttc17,-0.08325545,-0.6326115,0.9336484223654736,1.0
Zxdc,-0.08325545,-0.43856263,0.9336484223654736,1.0
Nsmf,-0.08325545,-0.37104854,0.9336484223654736,1.0
Zfp553,-0.08325545,-0.5456372,0.9336484223654736,1.0
Ppcs,-0.08325545,-0.5886203,0.9336484223654736,1.0
Sun1,-0.08325545,-0.7393323,0.9336484223654736,1.0
Hmbs,-0.08325545,-0.51505435,0.9336484223654736,1.0
Slc36a4,-0.08325545,-0.8966209,0.9336484223654736,1.0
Pdzk1ip1,-0.08325545,-0.5360163,0.9336484223654736,1.0
Toe1,-0.08325545,-0.5226245,0.9336484223654736,1.0
Tfip11,-0.08325545,-1.0567999,0.9336484223654736,1.0
Ngef,-0.08325545,-0.60569614,0.9336484223654736,1.0
Rhot2,-0.08325545,-0.57263756,0.9336484223654736,1.0
Ces2e,-0.08325545,-0.71757424,0.9336484223654736,1.0
Polr2c,-0.08325545,-0.3497872,0.9336484223654736,1.0
Zfhx3,-0.08325545,-0.34935915,0.9336484223654736,1.0
Mtfr1l,-0.08325545,-0.72284883,0.9336484223654736,1.0
Cdkn2aip,-0.08325545,-0.62040097,0.9336484223654736,1.0
Bst2,-0.08325545,-0.09516951,0.9336484223654736,1.0
Pbx2,-0.08325545,-0.60540974,0.9336484223654736,1.0
Cd320,-0.08325545,-0.5152082,0.9336484223654736,1.0
Atg16l1,-0.08325545,-0.5852223,0.9336484223654736,1.0
Sox4,-0.08325545,-0.17634566,0.9336484223654736,1.0
Ceacam20,-0.08325545,-0.5503133,0.9336484223654736,1.0
Mtus1,-0.08325545,-0.5551714,0.9336484223654736,1.0
Glrx3,-0.08325545,-0.64986503,0.9336484223654736,1.0
Phf10,-0.08325545,-0.66806597,0.9336484223654736,1.0
Ppp2r2d,-0.08325545,-0.47946867,0.9336484223654736,1.0
Pwwp2b,-0.08325545,-0.50494313,0.9336484223654736,1.0
Smad1,-0.08325545,-0.54206556,0.9336484223654736,1.0
Rnf40,-0.08325545,-0.7298518,0.9336484223654736,1.0
Bicral,-0.08325545,-0.050043136,0.9336484223654736,1.0
Fgfr2,-0.08325545,-0.057775263,0.9336484223654736,1.0
Plekhm3,-0.08325545,-0.22805592,0.9336484223654736,1.0
Fpgt,-0.08325545,-0.5161434,0.9336484223654736,1.0
Pou6f1,-0.08325545,-0.44477206,0.9336484223654736,1.0
Wdr91,-0.08325545,-0.66032785,0.9336484223654736,1.0
Pigm,-0.08325545,-0.65852183,0.9336484223654736,1.0
Shroom2,-0.08325545,-0.62163323,0.9336484223654736,1.0
Kif20b,-0.08325545,-0.4783528,0.9336484223654736,1.0
Rarg,-0.08325545,-0.544524,0.9336484223654736,1.0
Dcun1d3,-0.08325545,-0.5511182,0.9336484223654736,1.0
Dkk3,-0.08325545,-0.5654342,0.9336484223654736,1.0
Eif4g2,-0.08325545,-0.071134426,0.9336484223654736,1.0
Bysl,-0.08325545,-0.57327056,0.9336484223654736,1.0
Slc4a1ap,-0.08325545,-0.5734659,0.9336484223654736,1.0
Gga2,-0.08325545,-0.56581026,0.9336484223654736,1.0
Ttk,-0.08325545,-0.54809886,0.9336484223654736,1.0
G6pdx,-0.08325545,-0.7147868,0.9336484223654736,1.0
Sh3bp2,-0.08325545,-0.5671036,0.9336484223654736,1.0
Gdpd5,-0.08325545,-0.4457364,0.9336484223654736,1.0
Plekhf2,-0.08325545,-0.540767,0.9336484223654736,1.0
Dipk2a,-0.08325545,-0.64978284,0.9336484223654736,1.0
Ccdc107,-0.08325545,-0.043408565,0.9336484223654736,1.0
Cdc40,-0.08325545,-0.5813821,0.9336484223654736,1.0
Gbp7,-0.08325545,-0.60171384,0.9336484223654736,1.0
Metap1,-0.08325545,-0.5740984,0.9336484223654736,1.0
Mesd,-0.08325545,-0.69661415,0.9336484223654736,1.0
Arrdc4,-0.08325545,-0.7338242,0.9336484223654736,1.0
Sigmar1,-0.08325545,-0.6929133,0.9336484223654736,1.0
Bloc1s4,-0.08325545,-0.5431216,0.9336484223654736,1.0
Nif3l1,-0.08325545,-0.5595253,0.9336484223654736,1.0
Nme2,-0.08325545,-0.5243741,0.9336484223654736,1.0
Rbpj,-0.08325545,-0.51949614,0.9336484223654736,1.0
Rell1,-0.08325545,-0.7355745,0.9336484223654736,1.0
Dck,-0.08325545,-0.27371627,0.9336484223654736,1.0
Dyrk1b,-0.08325545,-0.41981286,0.9336484223654736,1.0
Xpnpep1,-0.08325545,-0.32843766,0.9336484223654736,1.0
Ctps,-0.08325545,-0.5765904,0.9336484223654736,1.0
Cdc42ep5,-0.08325545,-0.64548117,0.9336484223654736,1.0
Tbl3,-0.08325545,-0.51726073,0.9336484223654736,1.0
Nsdhl,-0.08325545,-0.5489815,0.9336484223654736,1.0
Dync1li2,-0.08325545,-0.5869363,0.9336484223654736,1.0
Ubl4a,-0.08325545,-0.3180566,0.9336484223654736,1.0
Ncoa7,-0.08325545,-0.52303106,0.9336484223654736,1.0
Acbd3,-0.0855056,-0.24885608,0.9318594451103821,1.0
Gmfg,-0.0855056,-0.25188264,0.9318594451103821,1.0
Cnbp,-0.0855056,-0.24926114,0.9318594451103821,1.0
Ccdc9,-0.0855056,-0.3163131,0.9318594451103821,1.0
Ctsd,-0.0855056,-0.017972955,0.9318594451103821,1.0
Cox7b,-0.0855056,-0.101582855,0.9318594451103821,1.0
Fbxl3,-0.08775575,-0.6199285,0.9300708120216035,1.0
Ttc33,-0.08775575,-0.8144676,0.9300708120216035,1.0
Coa3,-0.08775575,-0.7584792,0.9300708120216035,1.0
Stk4,-0.08775575,-0.79293823,0.9300708120216035,1.0
Cfp,-0.08775575,-0.6589402,0.9300708120216035,1.0
Gch1,-0.08775575,-1.100666,0.9300708120216035,1.0
Extl3,-0.08775575,-0.64702106,0.9300708120216035,1.0
Ndel1,-0.08775575,-1.01576,0.9300708120216035,1.0
Nup188,-0.08775575,-0.654253,0.9300708120216035,1.0
Syvn1,-0.08775575,-0.7955206,0.9300708120216035,1.0
Pld1,-0.08775575,-1.264414,0.9300708120216035,1.0
Fam83g,-0.08775575,-0.838162,0.9300708120216035,1.0
Amer1,-0.08775575,-0.6529342,0.9300708120216035,1.0
Pag1,-0.08775575,-0.74307245,0.9300708120216035,1.0
Phb,-0.08775575,-1.4732515,0.9300708120216035,1.0
Kat5,-0.08775575,-0.80663973,0.9300708120216035,1.0
Fdft1,-0.08775575,-0.036645018,0.9300708120216035,1.0
Parp8,-0.08775575,-0.7352166,0.9300708120216035,1.0
Eif5b,-0.08775575,-0.8838231,0.9300708120216035,1.0
Mfsd6,-0.08775575,-0.21175763,0.9300708120216035,1.0
Anxa3,-0.08775575,-0.6443348,0.9300708120216035,1.0
Fcgrt,-0.08775575,-0.66658694,0.9300708120216035,1.0
Exd2,-0.08775575,-1.1141974,0.9300708120216035,1.0
Pdlim7,-0.08775575,-0.8953207,0.9300708120216035,1.0
Mep1b,-0.08775575,-0.65945756,0.9300708120216035,1.0
Eif2ak4,-0.08775575,-0.7321306,0.9300708120216035,1.0
Setbp1,-0.08775575,-1.3156809,0.9300708120216035,1.0
Ifi27l2b,-0.08775575,-1.158209,0.9300708120216035,1.0
Riok1,-0.08775575,-1.1164794,0.9300708120216035,1.0
Pxk,-0.08775575,0.34064642,0.9300708120216035,1.0
Ifrd1,-0.08775575,-0.65430045,0.9300708120216035,1.0
Zfp120,-0.08775575,-1.0011221,0.9300708120216035,1.0
Pygl,-0.08775575,-0.94680893,0.9300708120216035,1.0
Rfng,-0.08775575,-0.78338736,0.9300708120216035,1.0
Tlk2,-0.08775575,-0.9802014,0.9300708120216035,1.0
Dlgap4,-0.08775575,0.2390482,0.9300708120216035,1.0
Ube2o,-0.08775575,-0.71895677,0.9300708120216035,1.0
Fkbp1a,-0.08775575,-0.96010303,0.9300708120216035,1.0
Tmem241,-0.08775575,-1.2451664,0.9300708120216035,1.0
F2r,-0.08775575,-0.8943844,0.9300708120216035,1.0
Zkscan14,-0.08775575,-1.1484677,0.9300708120216035,1.0
Pcyt2,-0.08775575,-0.7692115,0.9300708120216035,1.0
Pde12,-0.08775575,-0.6988752,0.9300708120216035,1.0
Rnf19a,-0.08775575,-1.3137553,0.9300708120216035,1.0
Zcchc10,-0.08775575,-0.6703133,0.9300708120216035,1.0
Pdzd11,-0.08775575,-0.80040824,0.9300708120216035,1.0
Erlec1,-0.08775575,-0.844083,0.9300708120216035,1.0
Mtif2,-0.08775575,-0.7566872,0.9300708120216035,1.0
Upf3b,-0.08775575,-0.65595466,0.9300708120216035,1.0
Sgms2,-0.08775575,-1.0597818,0.9300708120216035,1.0
Ttf2,-0.08775575,-0.9561744,0.9300708120216035,1.0
Washc4,-0.08775575,-0.73230624,0.9300708120216035,1.0
Zwint,-0.08775575,-0.85769343,0.9300708120216035,1.0
Upf2,-0.08775575,-1.1798348,0.9300708120216035,1.0
C1d,-0.08775575,-0.65704554,0.9300708120216035,1.0
Snx27,-0.08775575,-0.7561802,0.9300708120216035,1.0
Slc22a5,-0.08775575,-0.7562817,0.9300708120216035,1.0
Golim4,-0.08775575,-0.7556421,0.9300708120216035,1.0
Tmem131l,-0.08775575,-0.8377849,0.9300708120216035,1.0
Atrip,-0.08775575,-0.7427997,0.9300708120216035,1.0
Smarcd1,-0.08775575,-1.1071621,0.9300708120216035,1.0
Zfp263,-0.08775575,-0.81033635,0.9300708120216035,1.0
Spsb2,-0.08775575,-0.74214995,0.9300708120216035,1.0
Zc3hc1,-0.08775575,-0.66627616,0.9300708120216035,1.0
Kdm5a,-0.08775575,-0.015093789,0.9300708120216035,1.0
Emsy,-0.08775575,-0.74227196,0.9300708120216035,1.0
Hdgfl2,-0.08775575,-0.019114472,0.9300708120216035,1.0
Samd9l,-0.08775575,-0.87968314,0.9300708120216035,1.0
Kdm4b,-0.08775575,-0.7898768,0.9300708120216035,1.0
Cd74,-0.08775575,-0.6373656,0.9300708120216035,1.0
Ngrn,-0.08775575,-0.70177597,0.9300708120216035,1.0
Zdhhc13,-0.08775575,-0.6906014,0.9300708120216035,1.0
Micall1,-0.08775575,-1.2032396,0.9300708120216035,1.0
Smim3,-0.08775575,-0.85898834,0.9300708120216035,1.0
Mcat,-0.08775575,-0.7104057,0.9300708120216035,1.0
Car8,-0.08775575,-0.18672867,0.9300708120216035,1.0
Rcn2,-0.08775575,-0.70717925,0.9300708120216035,1.0
Car12,-0.08775575,-0.94639903,0.9300708120216035,1.0
Cep63,-0.08775575,-0.68490124,0.9300708120216035,1.0
Fam214b,-0.08775575,-0.65877527,0.9300708120216035,1.0
Dnajc2,-0.08775575,0.0578619,0.9300708120216035,1.0
Ost4,-0.08775575,-1.2805866,0.9300708120216035,1.0
Anks4b,-0.08775575,-0.68732834,0.9300708120216035,1.0
Il21r,-0.08775575,-0.13712913,0.9300708120216035,1.0
Ccdc90b,-0.08775575,-0.74518645,0.9300708120216035,1.0
Atm,-0.08775575,-0.8013258,0.9300708120216035,1.0
Rbm7,-0.08775575,-0.7427997,0.9300708120216035,1.0
Cyp4b1,-0.08775575,-0.61580825,0.9300708120216035,1.0
Chordc1,-0.08775575,-1.1481429,0.9300708120216035,1.0
Ifit2,-0.08775575,-0.6867647,0.9300708120216035,1.0
Cc2d1b,-0.08775575,-0.7841049,0.9300708120216035,1.0
Mon1b,-0.08775575,-0.67674655,0.9300708120216035,1.0
Samsn1,-0.08775575,-0.999499,0.9300708120216035,1.0
Dzip3,-0.08775575,-0.8931052,0.9300708120216035,1.0
Magohb,-0.08775575,-1.2958581,0.9300708120216035,1.0
Hscb,-0.08775575,-0.61647636,0.9300708120216035,1.0
Eps15l1,-0.08775575,-1.4096687,0.9300708120216035,1.0
Zfp758,-0.08775575,-0.9338758,0.9300708120216035,1.0
Donson,-0.08775575,0.07170573,0.9300708120216035,1.0
Mutyh,-0.08775575,-1.3295003,0.9300708120216035,1.0
Mycbp,-0.08775575,-0.9252401,0.9300708120216035,1.0
Snx8,-0.08775575,-0.6333281,0.9300708120216035,1.0
Marcksl1,-0.08775575,-0.6589402,0.9300708120216035,1.0
Rad23a,-0.08775575,-0.014533842,0.9300708120216035,1.0
Cdc7,-0.08775575,-0.73850524,0.9300708120216035,1.0
BC003965,-0.08775575,-1.0061159,0.9300708120216035,1.0
Prss30,-0.08775575,-0.93985885,0.9300708120216035,1.0
Fam13a,-0.08775575,-0.6377262,0.9300708120216035,1.0
Cstf3,-0.08775575,-0.7744403,0.9300708120216035,1.0
Kptn,-0.08775575,-0.88281536,0.9300708120216035,1.0
Hnrnpl,-0.08775575,-0.09118893,0.9300708120216035,1.0
Yif1b,-0.08775575,-1.1246179,0.9300708120216035,1.0
Polr3gl,-0.09000589,-0.386356,0.9282825320872985,1.0
Eif1b,-0.09000589,-0.2731408,0.9282825320872985,1.0
P2rx7,-0.09000589,-0.23892976,0.9282825320872985,1.0
Trappc3,-0.09225604,0.18630795,0.926494614290277,1.0
Rhoh,-0.09225604,-0.035777517,0.926494614290277,1.0
Faah,-0.09225604,-0.04187638,0.926494614290277,1.0
Eif2b5,-0.09225604,-0.0396813,0.926494614290277,1.0
Cd3e,-0.09225604,-0.10398984,0.926494614290277,1.0
Setx,-0.09225604,0.0814786,0.926494614290277,1.0
Srebf2,-0.09225604,-0.13428544,0.926494614290277,1.0
Tut4,-0.09225604,-0.042355932,0.926494614290277,1.0
Emc1,-0.09225604,-0.079221904,0.926494614290277,1.0
Atf2,-0.09225604,-0.088314414,0.926494614290277,1.0
E2f4,-0.09450619,-0.07244803,0.9247070676078636,1.0
Smarcc2,-0.09450619,0.017708011,0.9247070676078636,1.0
Jade2,-0.09450619,-0.2234418,0.9247070676078636,1.0
Sdhd,-0.09450619,-0.010129802,0.9247070676078636,1.0
Ubxn1,-0.09450619,-0.18275265,0.9247070676078636,1.0
Erap1,-0.09450619,-0.26105455,0.9247070676078636,1.0
Gvin1,-0.09675633,-0.11586372,0.9229199010117612,1.0
Rab11a,-0.09675633,-0.036425646,0.9229199010117612,1.0
Flna,-0.09675633,0.19114543,0.9229199010117612,1.0
Nsd3,-0.09675633,-0.039644103,0.9229199010117612,1.0
Srrm1,-0.09675633,0.0041553094,0.9229199010117612,1.0
Dennd4a,-0.09675633,0.025884619,0.9229199010117612,1.0
Gimap3,-0.09675633,-0.2728733,0.9229199010117612,1.0
Thumpd3,-0.09675633,0.20555563,0.9229199010117612,1.0
Tcof1,-0.09675633,0.0016752932,0.9229199010117612,1.0
Trak1,-0.09675633,-0.10486563,0.9229199010117612,1.0
Hcst,-0.09675633,0.2933256,0.9229199010117612,1.0
Fam114a2,-0.09675633,-3.3748314e-05,0.9229199010117612,1.0
Gpr108,-0.09675633,-0.19517711,0.9229199010117612,1.0
Lonp1,-0.09675633,-0.13415286,0.9229199010117612,1.0
Riok3,-0.09675633,0.11869394,0.9229199010117612,1.0
Thada,-0.09675633,-0.12226721,0.9229199010117612,1.0
Ankra2,-0.09675633,-0.0791952,0.9229199010117612,1.0
Nfyb,-0.09675633,-0.09746077,0.9229199010117612,1.0
Cox10,-0.09675633,-0.08249125,0.9229199010117612,1.0
Grsf1,-0.09675633,-0.21471265,0.9229199010117612,1.0
Smurf2,-0.09900648,-0.26960668,0.9211331234679173,1.0
Uhrf2,-0.10125663,-0.13096488,0.9193467439363878,1.0
Papss2,-0.10125663,-0.06283713,0.9193467439363878,1.0
Tm4sf20,-0.10125663,-0.008328407,0.9193467439363878,1.0
Mfn2,-0.10125663,-0.2320412,0.9193467439363878,1.0
Ap1g1,-0.10125663,-0.17833033,0.9193467439363878,1.0
Chd1,-0.10125663,-0.044476073,0.9193467439363878,1.0
Fxyd5,-0.10125663,-0.14670241,0.9193467439363878,1.0
C2cd2l,-0.10125663,-0.11267519,0.9193467439363878,1.0
Ppme1,-0.10125663,-0.20156887,0.9193467439363878,1.0
Gcnt3,-0.10125663,0.12516041,0.9193467439363878,1.0
Arel1,-0.10125663,-0.13823445,0.9193467439363878,1.0
Vamp7,-0.10125663,-0.031467292,0.9193467439363878,1.0
Hectd1,-0.10125663,-0.088973165,0.9193467439363878,1.0
Ppp1r13b,-0.10125663,-0.0713553,0.9193467439363878,1.0
Tpt1,-0.10125663,-0.08213749,0.9193467439363878,1.0
Tspo,-0.10350677,-0.090490066,0.9175607713712031,1.0
Arrb2,-0.10350677,-0.061223634,0.9175607713712031,1.0
Zfand6,-0.10575692,-0.14797334,0.9157752147202327,1.0
Ppp4r2,-0.10575692,-0.15570147,0.9157752147202327,1.0
Ikzf1,-0.10575692,-0.066557206,0.9157752147202327,1.0
Slirp,-0.10575692,-0.111799285,0.9157752147202327,1.0
Snw1,-0.10575692,-0.14730492,0.9157752147202327,1.0
Atrx,-0.10575692,-0.0808499,0.9157752147202327,1.0
Snd1,-0.10575692,-0.26066527,0.9157752147202327,1.0
Samd4b,-0.10575692,-0.19813778,0.9157752147202327,1.0
Cdc25b,-0.10575692,-0.21918142,0.9157752147202327,1.0
Smim26,-0.10575692,0.0011558199,0.9157752147202327,1.0
Dhrs7,-0.10575692,-0.11833368,0.9157752147202327,1.0
Ubr7,-0.10575692,-0.09680756,0.9157752147202327,1.0
Nop56,-0.10575692,-0.042311333,0.9157752147202327,1.0
Maea,-0.10575692,-0.071883015,0.9157752147202327,1.0
Ap2b1,-0.10575692,0.08194729,0.9157752147202327,1.0
Pmpcb,-0.10575692,-0.003369312,0.9157752147202327,1.0
Camk2d,-0.10575692,-0.045295835,0.9157752147202327,1.0
Crtc3,-0.10575692,0.03189882,0.9157752147202327,1.0
Ubfd1,-0.10800707,-0.22010383,0.9139900829250519,1.0
Btf3,-0.10800707,-0.12823087,0.9139900829250519,1.0
Arf1,-0.10800707,-0.15873918,0.9139900829250519,1.0
Gjb3,-0.10800707,-0.24904229,0.9139900829250519,1.0
Terf2ip,-0.110257216,-0.20605908,0.912205384920806,1.0
Ywhae,-0.110257216,-0.273438,0.912205384920806,1.0
Hpgd,-0.110257216,-0.2832953,0.912205384920806,1.0
Tle5,-0.110257216,-0.073139794,0.912205384920806,1.0
Vti1b,-0.110257216,-0.27529106,0.912205384920806,1.0
Myo1c,-0.110257216,-0.2522524,0.912205384920806,1.0
Etf1,-0.110257216,-0.055404797,0.912205384920806,1.0
Rsrc2,-0.110257216,-0.19192614,0.912205384920806,1.0
Pole4,-0.110257216,-0.27273014,0.912205384920806,1.0
H2-Ke6,-0.110257216,-0.07132705,0.912205384920806,1.0
Pspc1,-0.110257216,-0.3186958,0.912205384920806,1.0
Fam120a,-0.110257216,-0.0068796105,0.912205384920806,1.0
Cmas,-0.110257216,-0.2417348,0.912205384920806,1.0
Prkca,-0.110257216,-0.2329755,0.912205384920806,1.0
Ggta1,-0.114757515,-0.15730768,0.9086373259927505,1.0
Acbd6,-0.114757515,-0.16580436,0.9086373259927505,1.0
Snrpa,-0.114757515,-0.20695981,0.9086373259927505,1.0
Ewsr1,-0.114757515,-0.30516547,0.9086373259927505,1.0
Tmem147,-0.114757515,-0.26613548,0.9086373259927505,1.0
Slc44a2,-0.114757515,-0.09432113,0.9086373259927505,1.0
Mboat7,-0.114757515,-0.13983223,0.9086373259927505,1.0
Zcrb1,-0.114757515,-0.2393372,0.9086373259927505,1.0
Rlim,-0.114757515,-0.12502281,0.9086373259927505,1.0
Aup1,-0.114757515,-0.1596561,0.9086373259927505,1.0
Tent5a,-0.11700766,-0.5520417,0.9068539829058793,1.0
Itm2c,-0.11700766,-0.02898274,0.9068539829058793,1.0
Gtf3c5,-0.11925781,-0.27808425,0.9050711092835519,1.0
Vipas39,-0.11925781,-0.29814807,0.9050711092835519,1.0
Cpt1a,-0.11925781,-0.30762732,0.9050711092835519,1.0
Sin3a,-0.11925781,-0.06579069,0.9050711092835519,1.0
Gcc2,-0.11925781,-0.28828904,0.9050711092835519,1.0
Eed,-0.11925781,-0.5086597,0.9050711092835519,1.0
Rtn4,-0.11925781,-0.13279219,0.9050711092835519,1.0
Pogz,-0.11925781,-0.083508104,0.9050711092835519,1.0
Pde2a,-0.11925781,-0.1859367,0.9050711092835519,1.0
Ms4a6b,-0.11925781,-0.117295615,0.9050711092835519,1.0
Csde1,-0.11925781,-0.29815188,0.9050711092835519,1.0
Ube4b,-0.11925781,-0.25683314,0.9050711092835519,1.0
Nsd2,-0.11925781,-0.33493876,0.9050711092835519,1.0
Mtln,-0.11925781,-0.22209555,0.9050711092835519,1.0
Zfp281,-0.11925781,-0.29362586,0.9050711092835519,1.0
Herc3,-0.11925781,-0.09651919,0.9050711092835519,1.0
Tomm70a,-0.11925781,-0.3522104,0.9050711092835519,1.0
Clasp1,-0.11925781,-0.18546811,0.9050711092835519,1.0
Gimap4,-0.11925781,-0.1497233,0.9050711092835519,1.0
Fam3b,-0.11925781,-0.23602371,0.9050711092835519,1.0
Pan3,-0.11925781,-0.4422742,0.9050711092835519,1.0
Dmbt1,-0.12150796,-0.06638133,0.9032887140267591,1.0
Ntpcr,-0.1237581,-0.35525304,0.9015068060292593,1.0
Lats1,-0.1237581,-0.3453143,0.9015068060292593,1.0
Eml3,-0.1237581,-0.29472622,0.9015068060292593,1.0
Sf3b6,-0.1237581,-0.25852722,0.9015068060292593,1.0
Ppa2,-0.1237581,-0.3087665,0.9015068060292593,1.0
Tcp1,-0.1237581,-0.2995543,0.9015068060292593,1.0
Mal,-0.1237581,-0.2588921,0.9015068060292593,1.0
Ddx24,-0.1237581,-0.18052173,0.9015068060292593,1.0
Ttpal,-0.1237581,-0.29892552,0.9015068060292593,1.0
Limd1,-0.1237581,-0.25751126,0.9015068060292593,1.0
Ipo8,-0.1237581,-0.3800481,0.9015068060292593,1.0
Pde4b,-0.1237581,-0.11418493,0.9015068060292593,1.0
Ei24,-0.1237581,-0.5646394,0.9015068060292593,1.0
Keap1,-0.1237581,-0.30467656,0.9015068060292593,1.0
Pus10,-0.12825839,-22.966833,0.8979444873502161,1.0
Kctd21,-0.12825839,-23.644384,0.8979444873502161,1.0
S100a14,-0.12825839,-23.48368,0.8979444873502161,1.0
Sprr1a,-0.12825839,-23.396738,0.8979444873502161,1.0
Ehbp1,-0.12825839,-23.449322,0.8979444873502161,1.0
Zpbp,-0.12825839,-23.239815,0.8979444873502161,1.0
Eef1akmt3,-0.12825839,-23.479334,0.8979444873502161,1.0
Dennd5a,-0.12825839,-22.747301,0.8979444873502161,1.0
Arhgef25,-0.12825839,-23.563011,0.8979444873502161,1.0
Hist2h2be,-0.12825839,-23.696585,0.8979444873502161,1.0
Bcl9,-0.12825839,-23.347515,0.8979444873502161,1.0
Mettl25,-0.12825839,-23.445091,0.8979444873502161,1.0
Acss3,-0.12825839,-23.641092,0.8979444873502161,1.0
Selenbp2,-0.12825839,-23.375223,0.8979444873502161,1.0
Ccm2,-0.12825839,-0.21574107,0.8979444873502161,1.0
Apbb1,-0.12825839,-23.275152,0.8979444873502161,1.0
Fam185a,-0.12825839,-23.569206,0.8979444873502161,1.0
Trim68,-0.12825839,-22.747301,0.8979444873502161,1.0
Folr1,-0.12825839,-23.394028,0.8979444873502161,1.0
Lrrc51,-0.12825839,-23.341005,0.8979444873502161,1.0
Nefh,-0.12825839,-23.449322,0.8979444873502161,1.0
Sema6c,-0.12825839,-23.007635,0.8979444873502161,1.0
Lyrm1,-0.12825839,-23.549185,0.8979444873502161,1.0
Myo7a,-0.12825839,-23.449322,0.8979444873502161,1.0
Havcr2,-0.12825839,-22.747301,0.8979444873502161,1.0
Tgtp1,-0.12825839,-23.521976,0.8979444873502161,1.0
Tgtp2,-0.12825839,-23.339706,0.8979444873502161,1.0
Efna4,-0.12825839,-22.65216,0.8979444873502161,1.0
Ccnjl,-0.12825839,-23.339706,0.8979444873502161,1.0
Fabp6,-0.12825839,-23.586401,0.8979444873502161,1.0
Cnrip1,-0.12825839,-23.424147,0.8979444873502161,1.0
Il1r1,-0.12825839,-23.316557,0.8979444873502161,1.0
Tgfbrap1,-0.12825839,-23.341005,0.8979444873502161,1.0
Cox7a2l,-0.12825839,0.046420254,0.8979444873502161,1.0
Asns,-0.12825839,-23.674425,0.8979444873502161,1.0
Ica1,-0.12825839,-23.007635,0.8979444873502161,1.0
Gng11,-0.12825839,-23.449322,0.8979444873502161,1.0
Abcg5,-0.12825839,-23.501213,0.8979444873502161,1.0
Tex30,-0.12825839,-22.733183,0.8979444873502161,1.0
Lipt2,-0.12825839,-22.733183,0.8979444873502161,1.0
Wdr75,-0.12825839,-23.331944,0.8979444873502161,1.0
Fam13b,-0.12825839,-23.501213,0.8979444873502161,1.0
Rmdn2,-0.12825839,-23.563011,0.8979444873502161,1.0
Morn2,-0.12825839,-22.733183,0.8979444873502161,1.0
Nemp2,-0.12825839,-23.424147,0.8979444873502161,1.0
Pgap1,-0.12825839,-23.564558,0.8979444873502161,1.0
Gdf11,-0.12825839,-23.418617,0.8979444873502161,1.0
Pym1,-0.12825839,-23.445091,0.8979444873502161,1.0
Spryd4,-0.12825839,-22.733183,0.8979444873502161,1.0
Bod1,-0.12825839,-23.514523,0.8979444873502161,1.0
Rhbdf1,-0.12825839,-23.549185,0.8979444873502161,1.0
Pbxip1,-0.12825839,-23.514523,0.8979444873502161,1.0
Kitl,-0.12825839,-23.339706,0.8979444873502161,1.0
Dnajb13,-0.12825839,-23.549185,0.8979444873502161,1.0
Galnt11,-0.12825839,-23.727945,0.8979444873502161,1.0
Ercc5,-0.12825839,-23.449322,0.8979444873502161,1.0
Icosl,-0.12825839,-23.688015,0.8979444873502161,1.0
Pdxk,-0.12825839,-23.233816,0.8979444873502161,1.0
Agl,-0.12825839,-23.564558,0.8979444873502161,1.0
Alg14,-0.12825839,-23.696585,0.8979444873502161,1.0
Lss,-0.12825839,-23.514523,0.8979444873502161,1.0
Bcar3,-0.12825839,-23.375223,0.8979444873502161,1.0
Zgrf1,-0.12825839,-23.66433,0.8979444873502161,1.0
Slc16a9,-0.12825839,-23.628006,0.8979444873502161,1.0
Gas2l3,-0.12825839,-23.212448,0.8979444873502161,1.0
Nr1h4,-0.12825839,-23.007635,0.8979444873502161,1.0
Sez6l2,-0.12825839,-23.696585,0.8979444873502161,1.0
Tmem138,-0.12825839,-23.535507,0.8979444873502161,1.0
Tkfc,-0.12825839,-23.556849,0.8979444873502161,1.0
Ckap4,-0.12825839,-23.696585,0.8979444873502161,1.0
Cd6,-0.12825839,-23.636168,0.8979444873502161,1.0
Egf,-0.12825839,-23.295063,0.8979444873502161,1.0
Rufy2,-0.12825839,-23.600645,0.8979444873502161,1.0
Pbld2,-0.12825839,-23.514523,0.8979444873502161,1.0
Cabcoco1,-0.12825839,-23.492416,0.8979444873502161,1.0
Gk,-0.12825839,-23.541569,0.8979444873502161,1.0
Klhl15,-0.12825839,-23.583256,0.8979444873502161,1.0
Ascc1,-0.12825839,-23.70695,0.8979444873502161,1.0
Slc29a3,-0.12825839,-23.514523,0.8979444873502161,1.0
Pcbd1,-0.12825839,-23.583256,0.8979444873502161,1.0
Prf1,-0.12825839,-22.747301,0.8979444873502161,1.0
Sass6,-0.12825839,-23.212448,0.8979444873502161,1.0
Mfsd14a,-0.12825839,-23.26286,0.8979444873502161,1.0
Fstl3,-0.12825839,-22.966833,0.8979444873502161,1.0
Slc15a3,-0.12825839,-22.747301,0.8979444873502161,1.0
Itgam,-0.12825839,-22.747301,0.8979444873502161,1.0
Vangl1,-0.12825839,-23.717402,0.8979444873502161,1.0
Apaf1,-0.12825839,-23.584827,0.8979444873502161,1.0
Ikbip,-0.12825839,-23.563011,0.8979444873502161,1.0
Nr2c1,-0.12825839,-22.733183,0.8979444873502161,1.0
Ttc1,-0.12825839,-23.586401,0.8979444873502161,1.0
Coq10a,-0.12825839,-23.563011,0.8979444873502161,1.0
Slc39a5,-0.12825839,-23.449322,0.8979444873502161,1.0
Nemp1,-0.12825839,-23.20423,0.8979444873502161,1.0
Zbtb39,-0.12825839,-23.556849,0.8979444873502161,1.0
Prim1,-0.12825839,-22.747301,0.8979444873502161,1.0
Plekha7,-0.12825839,-23.73148,0.8979444873502161,1.0
Wee1,-0.12825839,-23.73148,0.8979444873502161,1.0
Ppfibp2,-0.12825839,-23.492416,0.8979444873502161,1.0
Mfsd12,-0.12825839,-23.424147,0.8979444873502161,1.0
Mylpf,-0.12825839,-23.66433,0.8979444873502161,1.0
Gstm5,-0.12825839,-23.514523,0.8979444873502161,1.0
Gstm6,-0.12825839,-23.650997,0.8979444873502161,1.0
Slc39a3,-0.12825839,-23.641092,0.8979444873502161,1.0
Cyb561d1,-0.12825839,-23.541569,0.8979444873502161,1.0
Taf13,-0.12825839,-23.563011,0.8979444873502161,1.0
Wdr47,-0.12825839,-23.376556,0.8979444873502161,1.0
Prmt6,-0.12825839,-22.65216,0.8979444873502161,1.0
Zdhhc17,-0.12825839,-23.70695,0.8979444873502161,1.0
Eea1,-0.12825839,-23.275152,0.8979444873502161,1.0
Cdk14,-0.12825839,-23.586401,0.8979444873502161,1.0
Gtpbp10,-0.12825839,-23.641092,0.8979444873502161,1.0
Steap4,-0.12825839,-23.341005,0.8979444873502161,1.0
Slc25a40,-0.12825839,-23.331944,0.8979444873502161,1.0
Knop1,-0.12825839,-23.644384,0.8979444873502161,1.0
B3galt6,-0.12825839,-23.479334,0.8979444873502161,1.0
Dohh,-0.12825839,-23.654318,0.8979444873502161,1.0
Fitm2,-0.12825839,-23.70695,0.8979444873502161,1.0
Dcakd,-0.12825839,-22.966833,0.8979444873502161,1.0
BC030867,-0.12825839,-23.586401,0.8979444873502161,1.0
Hnf4g,-0.12825839,-23.720907,0.8979444873502161,1.0
Pkia,-0.12825839,-23.396738,0.8979444873502161,1.0
Il7,-0.12825839,-23.239815,0.8979444873502161,1.0
Heatr9,-0.12825839,-23.696585,0.8979444873502161,1.0
Wfdc18,-0.12825839,-23.521976,0.8979444873502161,1.0
Itm2a,-0.12825839,-23.66433,0.8979444873502161,1.0
Brwd3,-0.12825839,-23.275152,0.8979444873502161,1.0
Hmgn5,-0.12825839,-23.376556,0.8979444873502161,1.0
Neurl2,-0.12825839,-23.445091,0.8979444873502161,1.0
Htra3,-0.12825839,-23.384592,0.8979444873502161,1.0
Crmp1,-0.12825839,-23.275152,0.8979444873502161,1.0
Actr3b,-0.12825839,-23.644384,0.8979444873502161,1.0
Sergef,-0.12825839,-23.4465,0.8979444873502161,1.0
Saa3,-0.12825839,-23.600645,0.8979444873502161,1.0
Dhdh,-0.12825839,-23.339706,0.8979444873502161,1.0
Ppp1r15a,-0.12825839,-22.733183,0.8979444873502161,1.0
Tlcd1,-0.12825839,-23.394028,0.8979444873502161,1.0
Tmem199,-0.12825839,-23.696585,0.8979444873502161,1.0
Lrrc31,-0.12825839,-23.613445,0.8979444873502161,1.0
Dnajc19,-0.12825839,-23.449322,0.8979444873502161,1.0
Abhd15,-0.12825839,-23.445091,0.8979444873502161,1.0
Chic1,-0.12825839,-23.564558,0.8979444873502161,1.0
Hoxb8,-0.12825839,-23.394028,0.8979444873502161,1.0
Ss18l1,-0.12825839,-23.514523,0.8979444873502161,1.0
Cox11,-0.12825839,-23.331944,0.8979444873502161,1.0
Igf1r,-0.12825839,-23.628006,0.8979444873502161,1.0
Utp14a,-0.12825839,-23.514523,0.8979444873502161,1.0
Ush1c,-0.12825839,-23.48368,0.8979444873502161,1.0
Ahcy,-0.12825839,-22.733183,0.8979444873502161,1.0
Cbx2,-0.12825839,-23.564558,0.8979444873502161,1.0
Zdhhc24,-0.12825839,-22.966833,0.8979444873502161,1.0
Magee1,-0.12825839,-23.384592,0.8979444873502161,1.0
Tmem106a,-0.12825839,-23.339706,0.8979444873502161,1.0
Tmem101,-0.12825839,-23.26286,0.8979444873502161,1.0
Rnd2,-0.12825839,-22.65216,0.8979444873502161,1.0
Epb41l1,-0.12825839,-23.514523,0.8979444873502161,1.0
Tgif2,-0.12825839,-23.70695,0.8979444873502161,1.0
Caskin2,-0.12825839,-23.384592,0.8979444873502161,1.0
Ttyh2,-0.12825839,-23.696585,0.8979444873502161,1.0
Cd300lb,-0.12825839,-22.65216,0.8979444873502161,1.0
Adgra3,-0.12825839,-23.717402,0.8979444873502161,1.0
Sepsecs,-0.12825839,-23.449322,0.8979444873502161,1.0
Strada,-0.12825839,-23.521976,0.8979444873502161,1.0
Fam71e1,-0.12825839,-23.492416,0.8979444873502161,1.0
Tbc1d17,-0.12825839,-22.733183,0.8979444873502161,1.0
Zfp658,-0.12825839,-23.339706,0.8979444873502161,1.0
Zfp788,-0.12825839,-23.535507,0.8979444873502161,1.0
Erbb2,-0.12825839,-23.384592,0.8979444873502161,1.0
Slc9a8,-0.12825839,-23.479334,0.8979444873502161,1.0
Socs7,-0.12825839,-23.727945,0.8979444873502161,1.0
Fam210b,-0.12825839,-23.66433,0.8979444873502161,1.0
Hoxb7,-0.12825839,-23.50711,0.8979444873502161,1.0
Mafb,-0.12825839,-23.339706,0.8979444873502161,1.0
Sgk2,-0.12825839,-24.144743,0.8979444873502161,1.0
Itgb3,-0.12825839,-23.628006,0.8979444873502161,1.0
Pcgf6,-0.12825839,-23.688015,0.8979444873502161,1.0
Neurl1a,-0.12825839,-23.564558,0.8979444873502161,1.0
Sh3pxd2a,-0.12825839,-23.48368,0.8979444873502161,1.0
Josd2,-0.12825839,-23.584827,0.8979444873502161,1.0
Rilp,-0.12825839,-23.396738,0.8979444873502161,1.0
Nmb,-0.12825839,-23.51007,0.8979444873502161,1.0
Spon2,-0.12825839,-23.424147,0.8979444873502161,1.0
Tmem129,-0.12825839,-23.514523,0.8979444873502161,1.0
Tacc3,-0.12825839,-23.641092,0.8979444873502161,1.0
Map2k4,-0.12825839,-23.66433,0.8979444873502161,1.0
Sco1,-0.12825839,-23.636168,0.8979444873502161,1.0
Emilin1,-0.12825839,-23.20423,0.8979444873502161,1.0
Fzd4,-0.12825839,-23.696585,0.8979444873502161,1.0
Tdo2,-0.12825839,-23.521976,0.8979444873502161,1.0
Llgl1,-0.12825839,-23.439472,0.8979444873502161,1.0
Dhrs7b,-0.12825839,-23.472124,0.8979444873502161,1.0
B9d1,-0.12825839,-23.628006,0.8979444873502161,1.0
Macrod1,-0.12825839,-23.501213,0.8979444873502161,1.0
Atp10a,-0.12825839,-23.418617,0.8979444873502161,1.0
Jmjd4,-0.12825839,-23.339706,0.8979444873502161,1.0
Zfp692,-0.12825839,-23.727945,0.8979444873502161,1.0
Iqgap3,-0.12825839,-23.339706,0.8979444873502161,1.0
Ankrd50,-0.12825839,-23.449322,0.8979444873502161,1.0
Pitpnm3,-0.12825839,-23.239815,0.8979444873502161,1.0
Fah,-0.12825839,-23.4465,0.8979444873502161,1.0
Lyrm7,-0.12825839,-23.514523,0.8979444873502161,1.0
Mex3a,-0.12825839,-23.501213,0.8979444873502161,1.0
Ints4,-0.12825839,-23.375223,0.8979444873502161,1.0
Pak1,-0.12825839,-23.514523,0.8979444873502161,1.0
Tmem265,-0.12825839,-23.302608,0.8979444873502161,1.0
Rnf32,-0.12825839,-23.613445,0.8979444873502161,1.0
Mfsd13a,-0.12825839,-22.747301,0.8979444873502161,1.0
Rit1,-0.12825839,-23.295063,0.8979444873502161,1.0
Syt11,-0.12825839,-23.492416,0.8979444873502161,1.0
Dclk2,-0.12825839,-23.628006,0.8979444873502161,1.0
Fancf,-0.12825839,-23.341005,0.8979444873502161,1.0
Ptrh2,-0.12825839,-23.239815,0.8979444873502161,1.0
Prr11,-0.12825839,-23.233816,0.8979444873502161,1.0
Tcea2,-0.12825839,-23.50711,0.8979444873502161,1.0
Gdpgp1,-0.12825839,-23.514523,0.8979444873502161,1.0
Fam169b,-0.12825839,-23.384592,0.8979444873502161,1.0
Shpk,-0.12825839,-23.331944,0.8979444873502161,1.0
Aspa,-0.12825839,-23.347515,0.8979444873502161,1.0
Mettl16,-0.12825839,-22.966833,0.8979444873502161,1.0
Srr,-0.12825839,-23.514523,0.8979444873502161,1.0
Ovca2,-0.12825839,-23.492416,0.8979444873502161,1.0
E2f5,-0.12825839,-23.007635,0.8979444873502161,1.0
Cct6b,-0.12825839,-23.302608,0.8979444873502161,1.0
Slfn5,-0.12825839,-23.424147,0.8979444873502161,1.0
Elac2,-0.12825839,-23.4465,0.8979444873502161,1.0
Tarsl2,-0.12825839,-23.584827,0.8979444873502161,1.0
Cdk5r1,-0.12825839,-23.541569,0.8979444873502161,1.0
Tmem98,-0.12825839,-23.549185,0.8979444873502161,1.0
Hltf,-0.12825839,-22.65216,0.8979444873502161,1.0
Rhot1,-0.12825839,-23.492416,0.8979444873502161,1.0
Zfp512,-0.12825839,-23.339706,0.8979444873502161,1.0
Tm4sf5,-0.12825839,-23.341005,0.8979444873502161,1.0
Proser1,-0.12825839,-23.624756,0.8979444873502161,1.0
Dclk1,-0.12825839,-23.007635,0.8979444873502161,1.0
Slc16a11,-0.12825839,-22.733183,0.8979444873502161,1.0
Commd2,-0.12825839,-23.727945,0.8979444873502161,1.0
Siah2,-0.12825839,-23.624756,0.8979444873502161,1.0
Sf1,-0.12825839,-23.492416,0.8979444873502161,1.0
Cd68,-0.12825839,-23.521976,0.8979444873502161,1.0
Tmem107,-0.12825839,-23.394028,0.8979444873502161,1.0
Fanci,-0.12825839,-23.302608,0.8979444873502161,1.0
Ifit3,-0.12825839,-23.445091,0.8979444873502161,1.0
Kctd1,-0.12825839,-23.73148,0.8979444873502161,1.0
Piga,-0.12825839,-23.239815,0.8979444873502161,1.0
Gpm6b,-0.12825839,-23.613445,0.8979444873502161,1.0
Mkx,-0.12825839,-23.586401,0.8979444873502161,1.0
Usp14,-0.12825839,-23.654318,0.8979444873502161,1.0
Hsph1,-0.12825839,-22.966833,0.8979444873502161,1.0
B3glct,-0.12825839,-23.295063,0.8979444873502161,1.0
Abhd3,-0.12825839,-23.613445,0.8979444873502161,1.0
Arid5a,-0.12825839,-23.696585,0.8979444873502161,1.0
Ankrd23,-0.12825839,-23.521976,0.8979444873502161,1.0
Actr1b,-0.12825839,-0.52124554,0.8979444873502161,1.0
Zfp438,-0.12825839,-23.51007,0.8979444873502161,1.0
Zeb1,-0.12825839,-23.689724,0.8979444873502161,1.0
Sobp,-0.12825839,-23.624756,0.8979444873502161,1.0
Cpne7,-0.12825839,-23.275152,0.8979444873502161,1.0
Zcchc14,-0.12825839,-23.492416,0.8979444873502161,1.0
Klhdc4,-0.12825839,-23.561468,0.8979444873502161,1.0
Zfp810,-0.12825839,-23.375223,0.8979444873502161,1.0
Anln,-0.12825839,-23.521976,0.8979444873502161,1.0
Ndc1,-0.12825839,-23.688015,0.8979444873502161,1.0
Swsap1,-0.12825839,-23.233816,0.8979444873502161,1.0
Pank1,-0.12825839,-23.439472,0.8979444873502161,1.0
Mfap3l,-0.12825839,-23.302608,0.8979444873502161,1.0
Sh3rf1,-0.12825839,-22.747301,0.8979444873502161,1.0
Palld,-0.12825839,-23.717402,0.8979444873502161,1.0
Zfp449,-0.12825839,-23.295063,0.8979444873502161,1.0
Slc9a6,-0.12825839,-23.472124,0.8979444873502161,1.0
Fhl1,-0.12825839,-23.521976,0.8979444873502161,1.0
Neil3,-0.12825839,-22.747301,0.8979444873502161,1.0
Slc3a1,-0.12825839,-23.449322,0.8979444873502161,1.0
Uaca,-0.12825839,-23.650997,0.8979444873502161,1.0
Kank1,-0.12825839,-23.584827,0.8979444873502161,1.0
Pla2g2f,-0.12825839,-23.479334,0.8979444873502161,1.0
Plpp5,-0.12825839,-23.688015,0.8979444873502161,1.0
Arid3b,-0.12825839,-22.966833,0.8979444873502161,1.0
Sema7a,-0.12825839,-23.727945,0.8979444873502161,1.0
Tle1,-0.12825839,-23.439472,0.8979444873502161,1.0
Dmac1,-0.12825839,-23.418617,0.8979444873502161,1.0
Sh2d7,-0.12825839,-23.583256,0.8979444873502161,1.0
Arhgap20,-0.12825839,-23.424147,0.8979444873502161,1.0
Haus6,-0.12825839,-23.347515,0.8979444873502161,1.0
Plin2,-0.12825839,-23.70695,0.8979444873502161,1.0
Mpzl3,-0.12825839,-23.501213,0.8979444873502161,1.0
Lrrc19,-0.12825839,-23.316557,0.8979444873502161,1.0
Fas,-0.12825839,-23.636168,0.8979444873502161,1.0
Stra6l,-0.12825839,-23.628006,0.8979444873502161,1.0
Mcfd2,-0.12825839,-22.65216,0.8979444873502161,1.0
Slc37a4,-0.12825839,-23.445091,0.8979444873502161,1.0
Oaf,-0.12825839,-23.600645,0.8979444873502161,1.0
Fam149a,-0.12825839,-23.375223,0.8979444873502161,1.0
Mtmr7,-0.12825839,-23.007635,0.8979444873502161,1.0
Cd274,-0.12825839,-23.239815,0.8979444873502161,1.0
Ric1,-0.12825839,-23.584827,0.8979444873502161,1.0
Dock7,-0.12825839,-23.556849,0.8979444873502161,1.0
Alg6,-0.12825839,-23.628006,0.8979444873502161,1.0
Cachd1,-0.12825839,-23.624756,0.8979444873502161,1.0
Vsig2,-0.12825839,-23.674425,0.8979444873502161,1.0
Pars2,-0.12825839,-23.007635,0.8979444873502161,1.0
Chek1,-0.12825839,-22.733183,0.8979444873502161,1.0
Ccdc15,-0.12825839,-23.302608,0.8979444873502161,1.0
Usp2,-0.12825839,-23.331944,0.8979444873502161,1.0
Zfp185,-0.12825839,-23.727945,0.8979444873502161,1.0
Heatr3,-0.12825839,-23.432484,0.8979444873502161,1.0
Lrrc29,-0.12825839,-23.549185,0.8979444873502161,1.0
Fhod1,-0.12825839,-23.384592,0.8979444873502161,1.0
Plce1,-0.12825839,-23.600645,0.8979444873502161,1.0
Sorbs1,-0.12825839,-23.514523,0.8979444873502161,1.0
Rcc1,-0.12825839,-23.514523,0.8979444873502161,1.0
Themis2,-0.12825839,-23.4465,0.8979444873502161,1.0
Tmem38a,-0.12825839,-23.650997,0.8979444873502161,1.0
Zfp709,-0.12825839,-23.007635,0.8979444873502161,1.0
Zfp882,-0.12825839,-23.51007,0.8979444873502161,1.0
Tctn3,-0.12825839,-23.66433,0.8979444873502161,1.0
Mtm1,-0.12825839,-23.445091,0.8979444873502161,1.0
Hmgb3,-0.12825839,-23.535507,0.8979444873502161,1.0
Fgfbp3,-0.12825839,-23.564558,0.8979444873502161,1.0
B3galt4,-0.12825839,-23.347515,0.8979444873502161,1.0
Col11a2,-0.12825839,-23.727945,0.8979444873502161,1.0
H2-Oa,-0.12825839,-23.70695,0.8979444873502161,1.0
Lonrf3,-0.12825839,-23.20423,0.8979444873502161,1.0
Slc12a9,-0.12825839,-23.521976,0.8979444873502161,1.0
Trbv20,-0.12825839,-23.939693,0.8979444873502161,1.0
Trbv29,-0.12825839,-22.65216,0.8979444873502161,1.0
Ephb6,-0.12825839,-23.479334,0.8979444873502161,1.0
H2-DMa,-0.12825839,-24.097712,0.8979444873502161,1.0
Serpine2,-0.12825839,-23.394028,0.8979444873502161,1.0
Fbxo36,-0.12825839,-23.514523,0.8979444873502161,1.0
Zfp101,-0.12825839,-23.424147,0.8979444873502161,1.0
Angptl4,-0.12825839,-23.636168,0.8979444873502161,1.0
Kifc1,-0.12825839,-23.302608,0.8979444873502161,1.0
Best2,-0.12825839,-23.514523,0.8979444873502161,1.0
Slc46a3,-0.12825839,-22.733183,0.8979444873502161,1.0
Kif11,-0.12825839,-23.563011,0.8979444873502161,1.0
Cep55,-0.12825839,-23.674425,0.8979444873502161,1.0
S1pr2,-0.12825839,-23.302608,0.8979444873502161,1.0
Med17,-0.12825839,-23.233816,0.8979444873502161,1.0
Cep295,-0.12825839,-23.501213,0.8979444873502161,1.0
Jrkl,-0.12825839,-23.479334,0.8979444873502161,1.0
Maml2,-0.12825839,-23.449322,0.8979444873502161,1.0
Psd3,-0.12825839,-23.636168,0.8979444873502161,1.0
Foxd2,-0.12825839,-22.966833,0.8979444873502161,1.0
Pard3,-0.12825839,-23.394028,0.8979444873502161,1.0
Pik3r3,-0.12825839,-23.514523,0.8979444873502161,1.0
Mast2,-0.12825839,-23.654318,0.8979444873502161,1.0
Tcf25,-0.12825839,-0.19518764,0.8979444873502161,1.0
Cbfa2t3,-0.12825839,-23.654318,0.8979444873502161,1.0
Trim62,-0.12825839,-23.628006,0.8979444873502161,1.0
Exoc3l,-0.12825839,-22.966833,0.8979444873502161,1.0
Ccz1,-0.12825839,-23.007635,0.8979444873502161,1.0
Slc7a5,-0.12825839,-22.966833,0.8979444873502161,1.0
Zfpm1,-0.12825839,-23.20423,0.8979444873502161,1.0
Zswim5,-0.12825839,-23.717402,0.8979444873502161,1.0
Sdr42e1,-0.12825839,-23.233816,0.8979444873502161,1.0
Cnksr1,-0.12825839,-23.541569,0.8979444873502161,1.0
Rab3a,-0.12825839,-23.275152,0.8979444873502161,1.0
Armc6,-0.12825839,-23.549185,0.8979444873502161,1.0
Rex1bd,-0.12825839,-23.302608,0.8979444873502161,1.0
Hsdl1,-0.12825839,-23.341005,0.8979444873502161,1.0
Taf1c,-0.12825839,-23.644384,0.8979444873502161,1.0
Atp2c2,-0.12825839,-23.449322,0.8979444873502161,1.0
Dph2,-0.12825839,-22.966833,0.8979444873502161,1.0
Gan,-0.12825839,-23.449322,0.8979444873502161,1.0
Snip1,-0.12825839,-23.70695,0.8979444873502161,1.0
Zbtb48,-0.12825839,-23.501213,0.8979444873502161,1.0
Plekhg5,-0.12825839,-23.563011,0.8979444873502161,1.0
Pidd1,-0.12825839,-23.424147,0.8979444873502161,1.0
Acaa1a,-0.12825839,-23.654318,0.8979444873502161,1.0
Xylb,-0.12825839,-22.747301,0.8979444873502161,1.0
Exog,-0.12825839,-23.212448,0.8979444873502161,1.0
Slc25a38,-0.12825839,-23.584827,0.8979444873502161,1.0
Rbm12b2,-0.12825839,-23.275152,0.8979444873502161,1.0
Pip4p2,-0.12825839,-23.586401,0.8979444873502161,1.0
Epm2aip1,-0.12825839,-23.316557,0.8979444873502161,1.0
Fig4,-0.12825839,-23.424147,0.8979444873502161,1.0
Armc2,-0.12825839,-23.302608,0.8979444873502161,1.0
Odf2l,-0.12825839,-22.747301,0.8979444873502161,1.0
Gab3,-0.12825839,-23.720907,0.8979444873502161,1.0
Melk,-0.12825839,-23.628006,0.8979444873502161,1.0
Gcnt1,-0.12825839,-23.541569,0.8979444873502161,1.0
Trappc5,-0.12825839,-23.564558,0.8979444873502161,1.0
Nmnat1,-0.12825839,-23.384592,0.8979444873502161,1.0
Pls3,-0.12825839,-23.689724,0.8979444873502161,1.0
Ufl1,-0.12825839,-23.51007,0.8979444873502161,1.0
Fut9,-0.12825839,-23.584827,0.8979444873502161,1.0
Slc26a6,-0.12825839,-23.514523,0.8979444873502161,1.0
Plxnb1,-0.12825839,-23.007635,0.8979444873502161,1.0
Amigo3,-0.12825839,-23.424147,0.8979444873502161,1.0
Hemk1,-0.12825839,-23.339706,0.8979444873502161,1.0
Cyb561d2,-0.12825839,-23.727945,0.8979444873502161,1.0
Rab32,-0.12825839,-22.966833,0.8979444873502161,1.0
Plekhg1,-0.12825839,-22.733183,0.8979444873502161,1.0
Ulbp1,-0.12825839,-23.549185,0.8979444873502161,1.0
Aqp3,-0.12825839,-23.501213,0.8979444873502161,1.0
Cmc4,-0.12825839,-23.688015,0.8979444873502161,1.0
Pex10,-0.12825839,-23.514523,0.8979444873502161,1.0
Ppp3ca,-0.12825839,-22.65216,0.8979444873502161,1.0
Dnajb14,-0.12825839,-23.628006,0.8979444873502161,1.0
Psat1,-0.12825839,-23.628006,0.8979444873502161,1.0
Tspyl3,-0.12825839,-23.66433,0.8979444873502161,1.0
Bend3,-0.12825839,-23.563011,0.8979444873502161,1.0
Gbp3,-0.12825839,-23.717402,0.8979444873502161,1.0
Kyat3,-0.12825839,-23.424147,0.8979444873502161,1.0
Clca4a,-0.12825839,-23.48368,0.8979444873502161,1.0
Foxo3,-0.12825839,-23.341005,0.8979444873502161,1.0
Rpf2,-0.12825839,-23.600645,0.8979444873502161,1.0
Rab36,-0.12825839,-23.628006,0.8979444873502161,1.0
Specc1l,-0.12825839,-22.966833,0.8979444873502161,1.0
Htra1,-0.12825839,-23.007635,0.8979444873502161,1.0
Fyco1,-0.12825839,-23.302608,0.8979444873502161,1.0
Syde2,-0.12825839,-22.966833,0.8979444873502161,1.0
Ctbs,-0.12825839,-23.689724,0.8979444873502161,1.0
Gng5,-0.12825839,-23.394028,0.8979444873502161,1.0
Marcks,-0.12825839,-23.66433,0.8979444873502161,1.0
Cenpw,-0.12825839,-23.375223,0.8979444873502161,1.0
Med23,-0.12825839,-23.233816,0.8979444873502161,1.0
Nhsl1,-0.12825839,-23.275152,0.8979444873502161,1.0
Map3k5,-0.12825839,-23.007635,0.8979444873502161,1.0
Stx11,-0.12825839,-23.302608,0.8979444873502161,1.0
Adat2,-0.12825839,-23.424147,0.8979444873502161,1.0
Nup43,-0.12825839,-23.4465,0.8979444873502161,1.0
Ust,-0.12825839,-23.376556,0.8979444873502161,1.0
Cenpe,-0.12825839,-22.747301,0.8979444873502161,1.0
P4ha1,-0.12825839,-23.514523,0.8979444873502161,1.0
Exosc7,-0.12825839,-0.14661592,0.8979444873502161,1.0
Mxra8,-0.12825839,-23.275152,0.8979444873502161,1.0
Dcaf10,-0.12825839,-23.628006,0.8979444873502161,1.0
Shb,-0.12825839,-23.239815,0.8979444873502161,1.0
Crocc,-0.12825839,-23.628006,0.8979444873502161,1.0
Fbxo42,-0.12825839,-23.479334,0.8979444873502161,1.0
Spen,-0.12825839,-0.41139734,0.8979444873502161,1.0
Tmem82,-0.12825839,-23.396738,0.8979444873502161,1.0
Vdac3,-0.12825839,-23.535507,0.8979444873502161,1.0
Crtac1,-0.12825839,-23.66433,0.8979444873502161,1.0
Pyroxd2,-0.12825839,-23.535507,0.8979444873502161,1.0
Cox15,-0.12825839,-24.156185,0.8979444873502161,1.0
Nek3,-0.12825839,-23.584827,0.8979444873502161,1.0
Smim19,-0.12825839,-23.727945,0.8979444873502161,1.0
Bckdhb,-0.12825839,-23.295063,0.8979444873502161,1.0
Plxna3,-0.12825839,-23.521976,0.8979444873502161,1.0
Acy1,-0.12825839,-23.384592,0.8979444873502161,1.0
Tstd2,-0.12825839,-23.26286,0.8979444873502161,1.0
Tbc1d2,-0.12825839,-23.549185,0.8979444873502161,1.0
Ddx43,-0.12825839,-23.751106,0.8979444873502161,1.0
Cgas,-0.12825839,-23.302608,0.8979444873502161,1.0
Thap1,-0.12825839,-23.561468,0.8979444873502161,1.0
Pla2g5,-0.12825839,-23.302608,0.8979444873502161,1.0
Nbl1,-0.12825839,-23.564558,0.8979444873502161,1.0
Arhgef10l,-0.12825839,-23.394028,0.8979444873502161,1.0
Ido1,-0.12825839,-23.970676,0.8979444873502161,1.0
Fam214a,-0.12825839,-23.445091,0.8979444873502161,1.0
Myo5a,-0.12825839,-23.564558,0.8979444873502161,1.0
Zfp189,-0.12825839,-23.514523,0.8979444873502161,1.0
Pclaf,-0.12825839,-23.564558,0.8979444873502161,1.0
Tln2,-0.12825839,-23.449322,0.8979444873502161,1.0
Nr2e3,-0.12825839,-23.613445,0.8979444873502161,1.0
Tmem252,-0.12825839,-23.521976,0.8979444873502161,1.0
Pcid2,-0.12825839,-23.650997,0.8979444873502161,1.0
Mthfr,-0.12825839,-23.376556,0.8979444873502161,1.0
Agtrap,-0.12825839,-23.727945,0.8979444873502161,1.0
Shcbp1,-0.12825839,-23.233816,0.8979444873502161,1.0
Myorg,-0.12825839,-23.396738,0.8979444873502161,1.0
Nphp3,-0.12825839,-23.295063,0.8979444873502161,1.0
Acpp,-0.12825839,-23.549185,0.8979444873502161,1.0
Pik3r4,-0.12825839,-23.20423,0.8979444873502161,1.0
Dzip1l,-0.12825839,-23.514523,0.8979444873502161,1.0
Ryk,-0.12825839,-23.696585,0.8979444873502161,1.0
Srprb,-0.12825839,-23.641092,0.8979444873502161,1.0
Unc13b,-0.12825839,-23.316557,0.8979444873502161,1.0
Cmtm8,-0.12825839,-23.331944,0.8979444873502161,1.0
Gpd1l,-0.12825839,-23.514523,0.8979444873502161,1.0
Fbxo10,-0.12825839,-23.586401,0.8979444873502161,1.0
Cln8,-0.12825839,-23.212448,0.8979444873502161,1.0
Arhgef10,-0.12825839,-23.424147,0.8979444873502161,1.0
Mcph1,-0.12825839,-23.233816,0.8979444873502161,1.0
Cars2,-0.12825839,-23.472124,0.8979444873502161,1.0
Car9,-0.12825839,-23.624756,0.8979444873502161,1.0
Tpm2,-0.12825839,-23.564558,0.8979444873502161,1.0
Tmem8b,-0.12825839,-23.394028,0.8979444873502161,1.0
Gda,-0.12825839,-23.479334,0.8979444873502161,1.0
Cemip2,-0.12825839,-23.751106,0.8979444873502161,1.0
Klf9,-0.12825839,-23.600645,0.8979444873502161,1.0
Ube2cbp,-0.12825839,-23.689724,0.8979444873502161,1.0
Zfp949,-0.12825839,-23.347515,0.8979444873502161,1.0
Bcl2a1b,-0.12825839,-23.720907,0.8979444873502161,1.0
Topors,-0.12825839,-23.624756,0.8979444873502161,1.0
Aptx,-0.12825839,-23.586401,0.8979444873502161,1.0
Coprs,-0.12825839,-23.331944,0.8979444873502161,1.0
Ift81,-0.12825839,-23.636168,0.8979444873502161,1.0
Txnrd3,-0.12825839,-22.733183,0.8979444873502161,1.0
Bik,-0.12825839,-23.394028,0.8979444873502161,1.0
Efcab2,-0.12825839,-23.70695,0.8979444873502161,1.0
Naga,-0.12825839,-23.51007,0.8979444873502161,1.0
Xpnpep3,-0.12825839,-23.556849,0.8979444873502161,1.0
Rbx1,-0.12825839,-23.375223,0.8979444873502161,1.0
Pdgfb,-0.12825839,-23.007635,0.8979444873502161,1.0
Syngr1,-0.12825839,-23.50711,0.8979444873502161,1.0
Sgsm3,-0.12825839,-22.747301,0.8979444873502161,1.0
Slamf6,-0.12825839,-23.316557,0.8979444873502161,1.0
Igsf8,-0.12825839,-23.472124,0.8979444873502161,1.0
Dusp23,-0.12825839,-23.396738,0.8979444873502161,1.0
Mptx2,-0.12825839,-23.549185,0.8979444873502161,1.0
Tlr1,-0.12825839,-23.613445,0.8979444873502161,1.0
Synpo,-0.12825839,-23.212448,0.8979444873502161,1.0
Oas2,-0.12825839,-23.418617,0.8979444873502161,1.0
Oas3,-0.12825839,-23.007635,0.8979444873502161,1.0
Oas1c,-0.12825839,-23.586401,0.8979444873502161,1.0
Oas1g,-0.12825839,-23.549185,0.8979444873502161,1.0
Kctd3,-0.12825839,-23.650997,0.8979444873502161,1.0
Gpt,-0.12825839,-23.212448,0.8979444873502161,1.0
Mfsd3,-0.12825839,-22.966833,0.8979444873502161,1.0
Dgat1,-0.12825839,-23.501213,0.8979444873502161,1.0
Adck5,-0.12825839,-23.492416,0.8979444873502161,1.0
Atf3,-0.12825839,-22.65216,0.8979444873502161,1.0
Pacc1,-0.12825839,-23.233816,0.8979444873502161,1.0
Dtl,-0.12825839,-22.747301,0.8979444873502161,1.0
Maged2,-0.12825839,-23.514523,0.8979444873502161,1.0
Ppara,-0.12825839,-23.396738,0.8979444873502161,1.0
Ifi214,-0.12825839,-23.720907,0.8979444873502161,1.0
Sema6a,-0.12825839,-22.747301,0.8979444873502161,1.0
Map3k12,-0.12825839,-23.394028,0.8979444873502161,1.0
Tarbp2,-0.12825839,-23.239815,0.8979444873502161,1.0
Fcrla,-0.12825839,-23.727945,0.8979444873502161,1.0
Apoa2,-0.12825839,-23.501213,0.8979444873502161,1.0
Bcdin3d,-0.12825839,-23.535507,0.8979444873502161,1.0
Gpd1,-0.12825839,-22.966833,0.8979444873502161,1.0
Hira,-0.12825839,-23.70695,0.8979444873502161,1.0
Olfr165,-0.12825839,-23.445091,0.8979444873502161,1.0
Ess2,-0.12825839,-23.583256,0.8979444873502161,1.0
Exoc6b,-0.12825839,-23.650997,0.8979444873502161,1.0
Sfxn5,-0.12825839,-22.733183,0.8979444873502161,1.0
Ccdc92,-0.12825839,-23.584827,0.8979444873502161,1.0
Ralgps2,-0.12825839,-23.636168,0.8979444873502161,1.0
Cyp2d34,-0.12825839,-23.316557,0.8979444873502161,1.0
Zfp608,-0.12825839,-23.212448,0.8979444873502161,1.0
Tmem43,-0.12825839,-23.492416,0.8979444873502161,1.0
Aplf,-0.12825839,-23.501213,0.8979444873502161,1.0
Kansl2,-0.12825839,-22.733183,0.8979444873502161,1.0
Cpne8,-0.12825839,-23.514523,0.8979444873502161,1.0
Kif21a,-0.12825839,-23.541569,0.8979444873502161,1.0
Lmf2,-0.12825839,-23.541569,0.8979444873502161,1.0
Pim3,-0.12825839,-23.70695,0.8979444873502161,1.0
Emp2,-0.12825839,-23.418617,0.8979444873502161,1.0
Slx4,-0.12825839,-23.514523,0.8979444873502161,1.0
Srl,-0.12825839,-23.501213,0.8979444873502161,1.0
Coro7,-0.12825839,-23.449322,0.8979444873502161,1.0
Pogk,-0.12825839,-23.514523,0.8979444873502161,1.0
Fam78b,-0.12825839,-23.295063,0.8979444873502161,1.0
Pbx1,-0.12825839,-23.4465,0.8979444873502161,1.0
Snx24,-0.12825839,-22.733183,0.8979444873502161,1.0
Pdzd2,-0.12825839,-23.449322,0.8979444873502161,1.0
Usp18,-0.12825839,-23.644384,0.8979444873502161,1.0
Gatc,-0.12825839,-23.636168,0.8979444873502161,1.0
Pxn,-0.12825839,-22.65216,0.8979444873502161,1.0
Cit,-0.12825839,-23.375223,0.8979444873502161,1.0
Wnt5b,-0.12825839,-23.563011,0.8979444873502161,1.0
Clcn5,-0.12825839,-23.275152,0.8979444873502161,1.0
Ccdc22,-0.12825839,-23.295063,0.8979444873502161,1.0
Gpkow,-0.12825839,-23.212448,0.8979444873502161,1.0
Sdc2,-0.12825839,-23.50711,0.8979444873502161,1.0
Skp2,-0.12825839,-23.432484,0.8979444873502161,1.0
Prlr,-0.12825839,-23.439472,0.8979444873502161,1.0
Ndor1,-0.12825839,-23.007635,0.8979444873502161,1.0
Bend7,-0.12825839,-23.688015,0.8979444873502161,1.0
Cdpf1,-0.12825839,-23.521976,0.8979444873502161,1.0
Mtbp,-0.12825839,-23.541569,0.8979444873502161,1.0
Plekhg6,-0.12825839,-23.331944,0.8979444873502161,1.0
D6Wsu163e,-0.12825839,-23.650997,0.8979444873502161,1.0
Fam222a,-0.12825839,-23.339706,0.8979444873502161,1.0
Oasl1,-0.12825839,-23.696585,0.8979444873502161,1.0
Gpr162,-0.12825839,-23.384592,0.8979444873502161,1.0
Acrbp,-0.12825839,-23.424147,0.8979444873502161,1.0
Phc1,-0.12825839,-23.394028,0.8979444873502161,1.0
Slc15a1,-0.12825839,-23.26286,0.8979444873502161,1.0
Entpd2,-0.12825839,-23.696585,0.8979444873502161,1.0
Tmem141,-0.12825839,-23.384592,0.8979444873502161,1.0
Camsap1,-0.12825839,-23.583256,0.8979444873502161,1.0
Ubac1,-0.12825839,-23.432484,0.8979444873502161,1.0
Dgkh,-0.12825839,-23.514523,0.8979444873502161,1.0
Fzd6,-0.12825839,-23.384592,0.8979444873502161,1.0
Tmem71,-0.12825839,-23.449322,0.8979444873502161,1.0
Tsen2,-0.12825839,-22.733183,0.8979444873502161,1.0
Mkrn2os,-0.12825839,-23.449322,0.8979444873502161,1.0
Cand2,-0.12825839,-23.600645,0.8979444873502161,1.0
Zfand4,-0.12825839,-23.316557,0.8979444873502161,1.0
Rita1,-0.12825839,-23.70695,0.8979444873502161,1.0
Akap17b,-0.12825839,-23.233816,0.8979444873502161,1.0
Creld1,-0.12825839,-23.688015,0.8979444873502161,1.0
Zfp41,-0.12825839,-23.561468,0.8979444873502161,1.0
G0s2,-0.12825839,-23.521976,0.8979444873502161,1.0
Plxna2,-0.12825839,-23.479334,0.8979444873502161,1.0
Fam171a1,-0.12825839,-23.727945,0.8979444873502161,1.0
Rpp38,-0.12825839,-23.339706,0.8979444873502161,1.0
Slc45a4,-0.12825839,-23.624756,0.8979444873502161,1.0
Trp53bp2,-0.12825839,-23.644384,0.8979444873502161,1.0
Kdelr3,-0.12825839,-23.584827,0.8979444873502161,1.0
Ly6d,-0.12825839,-23.51007,0.8979444873502161,1.0
Vsig10,-0.12825839,-23.70695,0.8979444873502161,1.0
Wsb2,-0.12825839,-23.275152,0.8979444873502161,1.0
Sdsl,-0.12825839,-23.239815,0.8979444873502161,1.0
Rassf4,-0.12825839,-23.396738,0.8979444873502161,1.0
Zfp9,-0.12825839,-23.424147,0.8979444873502161,1.0
Ankrd26,-0.12825839,-22.747301,0.8979444873502161,1.0
Proser2,-0.12825839,-23.514523,0.8979444873502161,1.0
Usp6nl,-0.12825839,-23.424147,0.8979444873502161,1.0
Atp5c1,-0.12825839,-23.727945,0.8979444873502161,1.0
Nudcd1,-0.12825839,-23.628006,0.8979444873502161,1.0
Samd12,-0.12825839,-23.347515,0.8979444873502161,1.0
Nsun6,-0.12825839,-23.239815,0.8979444873502161,1.0
Ywhaz,-0.12825839,-22.747301,0.8979444873502161,1.0
Tigd5,-0.12825839,-23.472124,0.8979444873502161,1.0
Lynx1,-0.12825839,-24.172926,0.8979444873502161,1.0
Dnal4,-0.12825839,-23.375223,0.8979444873502161,1.0
Rsph1,-0.12825839,-22.733183,0.8979444873502161,1.0
Zfp182,-0.12825839,-23.696585,0.8979444873502161,1.0
Zfp282,-0.12825839,-23.449322,0.8979444873502161,1.0
Glp1r,-0.12825839,-22.747301,0.8979444873502161,1.0
Rab17,-0.12825839,-23.295063,0.8979444873502161,1.0
Sned1,-0.12825839,-23.600645,0.8979444873502161,1.0
Metrn,-0.12825839,-23.212448,0.8979444873502161,1.0
Unkl,-0.12825839,-23.20423,0.8979444873502161,1.0
Gfer,-0.12825839,-23.424147,0.8979444873502161,1.0
Bok,-0.12825839,-23.20423,0.8979444873502161,1.0
Gal3st2,-0.12825839,-23.384592,0.8979444873502161,1.0
Pam,-0.12825839,-23.331944,0.8979444873502161,1.0
Epha4,-0.12825839,-23.564558,0.8979444873502161,1.0
Ly6g5b,-0.12825839,-23.563011,0.8979444873502161,1.0
Tmed7,-0.12825839,-0.27969193,0.8979444873502161,1.0
Abca3,-0.12825839,-23.51007,0.8979444873502161,1.0
Pcdhgb7,-0.12825839,-23.384592,0.8979444873502161,1.0
Bicdl2,-0.12825839,-23.535507,0.8979444873502161,1.0
Fkbp9,-0.12825839,-22.733183,0.8979444873502161,1.0
Bcl7b,-0.12825839,-23.689724,0.8979444873502161,1.0
Hoxa3,-0.12825839,-23.424147,0.8979444873502161,1.0
Hoxa10,-0.12825839,-23.275152,0.8979444873502161,1.0
Snx10,-0.12825839,-23.727945,0.8979444873502161,1.0
Skap2,-0.12825839,-23.445091,0.8979444873502161,1.0
Rpgr,-0.12825839,-23.521976,0.8979444873502161,1.0
Tnfrsf11a,-0.12825839,-22.733183,0.8979444873502161,1.0
Phlpp1,-0.12825839,-23.674425,0.8979444873502161,1.0
Zfp677,-0.12825839,-23.449322,0.8979444873502161,1.0
Morc3,-0.12825839,-23.295063,0.8979444873502161,1.0
Ripply3,-0.12825839,-22.747301,0.8979444873502161,1.0
H2-Eb1,-0.12825839,-23.66433,0.8979444873502161,1.0
Clspn,-0.12825839,-23.376556,0.8979444873502161,1.0
Ttc39c,-0.12825839,-23.654318,0.8979444873502161,1.0
Mocos,-0.12825839,-23.583256,0.8979444873502161,1.0
Ino80c,-0.12825839,-23.50711,0.8979444873502161,1.0
Ly96,-0.12825839,-23.583256,0.8979444873502161,1.0
Bag2,-0.12825839,-23.212448,0.8979444873502161,1.0
Kcnq5,-0.12825839,-23.449322,0.8979444873502161,1.0
Scoc,-0.12825839,-23.384592,0.8979444873502161,1.0
Ubtd1,-0.12825839,-23.641092,0.8979444873502161,1.0
Zdhhc16,-0.12825839,-23.384592,0.8979444873502161,1.0
Frat2,-0.12825839,-23.375223,0.8979444873502161,1.0
Ccdc130,-0.12825839,-23.432484,0.8979444873502161,1.0
Setd6,-0.12825839,-23.396738,0.8979444873502161,1.0
Eva1b,-0.12825839,-23.472124,0.8979444873502161,1.0
Zfp563,-0.12825839,-23.48368,0.8979444873502161,1.0
Guca2b,-0.12825839,-23.70695,0.8979444873502161,1.0
Tmem170,-0.12825839,-23.295063,0.8979444873502161,1.0
Adat1,-0.12825839,-23.624756,0.8979444873502161,1.0
Nudt7,-0.12825839,-23.347515,0.8979444873502161,1.0
Vac14,-0.12825839,-23.212448,0.8979444873502161,1.0
Map3k6,-0.12825839,-23.439472,0.8979444873502161,1.0
Gpatch3,-0.12825839,-22.733183,0.8979444873502161,1.0
Dhdds,-0.12825839,-23.584827,0.8979444873502161,1.0
Ano8,-0.12825839,-23.644384,0.8979444873502161,1.0
Mycl,-0.12825839,-23.316557,0.8979444873502161,1.0
Esrp2,-0.12825839,-23.394028,0.8979444873502161,1.0
Sntb2,-0.12825839,-23.644384,0.8979444873502161,1.0
Ranbp10,-0.12825839,-23.501213,0.8979444873502161,1.0
Cyp4f15,-0.12825839,-23.720907,0.8979444873502161,1.0
Zfp811,-0.12825839,-23.720907,0.8979444873502161,1.0
Sh3d21,-0.12825839,-23.521976,0.8979444873502161,1.0
Eef1akmt4,-0.12825839,-23.583256,0.8979444873502161,1.0
Ehhadh,-0.12825839,-23.624756,0.8979444873502161,1.0
Brwd1,-0.12825839,-23.50711,0.8979444873502161,1.0
Clic6,-0.12825839,-23.650997,0.8979444873502161,1.0
Synj1,-0.12825839,-23.541569,0.8979444873502161,1.0
Paxbp1,-0.12825839,-23.233816,0.8979444873502161,1.0
Rabgef1,-0.12825839,-22.65216,0.8979444873502161,1.0
Herc6,-0.12825839,-22.65216,0.8979444873502161,1.0
Cldn8,-0.12825839,-23.70695,0.8979444873502161,1.0
Tiam1,-0.12825839,-23.514523,0.8979444873502161,1.0
Mfsd4a,-0.12825839,-23.624756,0.8979444873502161,1.0
Cep97,-0.12825839,-23.641092,0.8979444873502161,1.0
Morc1,-0.12825839,-22.747301,0.8979444873502161,1.0
Mageh1,-0.12825839,-23.514523,0.8979444873502161,1.0
Capn11,-0.12825839,-23.339706,0.8979444873502161,1.0
Ppm1f,-0.12825839,-23.583256,0.8979444873502161,1.0
Gpr52,-0.12825839,-23.445091,0.8979444873502161,1.0
Dars2,-0.12825839,-23.302608,0.8979444873502161,1.0
Snx29,-0.12825839,-23.514523,0.8979444873502161,1.0
Abcc1,-0.12825839,-23.50711,0.8979444873502161,1.0
Cacna1s,-0.12825839,-22.747301,0.8979444873502161,1.0
Smbd1,-0.12825839,-23.584827,0.8979444873502161,1.0
Cd8b1,-0.12825839,-23.636168,0.8979444873502161,1.0
Rgs13,-0.12825839,-23.514523,0.8979444873502161,1.0
Odr4,-0.12825839,-23.688015,0.8979444873502161,1.0
Senp5,-0.12825839,-23.600645,0.8979444873502161,1.0
Rnf168,-0.12825839,-23.316557,0.8979444873502161,1.0
Il1rap,-0.12825839,-23.654318,0.8979444873502161,1.0
Fam129a,-0.12825839,-23.375223,0.8979444873502161,1.0
Ccdc112,-0.12825839,-22.747301,0.8979444873502161,1.0
Pkp2,-0.12825839,-23.424147,0.8979444873502161,1.0
Vegfa,-0.12825839,-22.966833,0.8979444873502161,1.0
Mreg,-0.12825839,-23.479334,0.8979444873502161,1.0
Trim15,-0.12825839,-23.541569,0.8979444873502161,1.0
Trim40,-0.12825839,-23.583256,0.8979444873502161,1.0
Pcolce,-0.12825839,-23.341005,0.8979444873502161,1.0
Dgki,-0.12825839,-23.239815,0.8979444873502161,1.0
Ier3,-0.12825839,-23.424147,0.8979444873502161,1.0
Gnl1,-0.12825839,-23.375223,0.8979444873502161,1.0
Ttll4,-0.12825839,-23.20423,0.8979444873502161,1.0
D17H6S53E,-0.12825839,-23.514523,0.8979444873502161,1.0
Glb1l,-0.12825839,-23.563011,0.8979444873502161,1.0
Hspa1a,-0.12825839,-23.472124,0.8979444873502161,1.0
Ly6g6c,-0.12825839,-23.674425,0.8979444873502161,1.0
Cip2a,-0.12825839,-23.4465,0.8979444873502161,1.0
Boc,-0.12825839,-23.644384,0.8979444873502161,1.0
Mcc,-0.12825839,-23.564558,0.8979444873502161,1.0
Epb41l5,-0.12825839,-23.439472,0.8979444873502161,1.0
Tmem177,-0.12825839,-23.449322,0.8979444873502161,1.0
Tnip3,-0.12825839,-23.50711,0.8979444873502161,1.0
Mettl27,-0.12825839,-23.501213,0.8979444873502161,1.0
Cldn4,-0.12825839,-23.70695,0.8979444873502161,1.0
Dnajc30,-0.12825839,-23.563011,0.8979444873502161,1.0
Mlxipl,-0.12825839,-23.583256,0.8979444873502161,1.0
Fkbp14,-0.12825839,-23.295063,0.8979444873502161,1.0
Mturn,-0.12825839,-23.624756,0.8979444873502161,1.0
Wrb,-0.12825839,-23.275152,0.8979444873502161,1.0
C2cd2,-0.12825839,-23.688015,0.8979444873502161,1.0
Gpr39,-0.12825839,-23.376556,0.8979444873502161,1.0
Cbr3,-0.12825839,-23.339706,0.8979444873502161,1.0
Igf2bp2,-0.12825839,-23.674425,0.8979444873502161,1.0
Dpysl3,-0.12825839,-23.556849,0.8979444873502161,1.0
Gtpbp8,-0.12825839,-23.636168,0.8979444873502161,1.0
Crip2,-0.12825839,-22.747301,0.8979444873502161,1.0
Ighg3,-0.12825839,-23.375223,0.8979444873502161,1.0
Siva1,-0.12825839,-23.479334,0.8979444873502161,1.0
Plekhh1,-0.12825839,-23.439472,0.8979444873502161,1.0
Rdh12,-0.12825839,-23.449322,0.8979444873502161,1.0
Zfyve26,-0.12825839,-23.302608,0.8979444873502161,1.0
Aasdh,-0.12825839,-23.70695,0.8979444873502161,1.0
Zdhhc6,-0.12825839,-23.51007,0.8979444873502161,1.0
Bub1,-0.12825839,-23.613445,0.8979444873502161,1.0
Ttl,-0.12825839,-23.689724,0.8979444873502161,1.0
Syne2,-0.12825839,-23.563011,0.8979444873502161,1.0
Dmac2l,-0.12825839,-23.720907,0.8979444873502161,1.0
Sptbn5,-0.12825839,-23.449322,0.8979444873502161,1.0
Snap23,-0.12825839,-23.339706,0.8979444873502161,1.0
Lrp12,-0.12825839,-23.376556,0.8979444873502161,1.0
Catsper2,-0.12825839,-23.514523,0.8979444873502161,1.0
Gstp2,-0.12825839,-23.583256,0.8979444873502161,1.0
Ttll5,-0.12825839,-23.375223,0.8979444873502161,1.0
Trim69,-0.12825839,-23.66433,0.8979444873502161,1.0
Fastkd5,-0.12825839,-23.613445,0.8979444873502161,1.0
Spef1,-0.12825839,-23.549185,0.8979444873502161,1.0
Fancm,-0.12825839,-23.295063,0.8979444873502161,1.0
Sstr1,-0.12825839,-23.375223,0.8979444873502161,1.0
Pak4,-0.12825839,-23.418617,0.8979444873502161,1.0
Cwh43,-0.12825839,-23.586401,0.8979444873502161,1.0
Sgcb,-0.12825839,-22.966833,0.8979444873502161,1.0
Usp46,-0.12825839,-23.375223,0.8979444873502161,1.0
Srd5a3,-0.12825839,-23.316557,0.8979444873502161,1.0
Map3k10,-0.12825839,-23.26286,0.8979444873502161,1.0
Zfp59,-0.12825839,-23.212448,0.8979444873502161,1.0
Lrrc57,-0.12825839,-23.424147,0.8979444873502161,1.0
Meis3,-0.12825839,-23.275152,0.8979444873502161,1.0
Rasgef1b,-0.12825839,-23.239815,0.8979444873502161,1.0
Lin54,-0.12825839,-23.727945,0.8979444873502161,1.0
Itpka,-0.12825839,-23.331944,0.8979444873502161,1.0
Rpap1,-0.12825839,-23.316557,0.8979444873502161,1.0
Mapkbp1,-0.12825839,-23.396738,0.8979444873502161,1.0
Prdm11,-0.12825839,-22.733183,0.8979444873502161,1.0
Atxn1,-0.12825839,-23.535507,0.8979444873502161,1.0
Gfod1,-0.12825839,-23.418617,0.8979444873502161,1.0
Foxa3,-0.12825839,-22.747301,0.8979444873502161,1.0
Qpctl,-0.12825839,-23.394028,0.8979444873502161,1.0
Zfp516,-0.12825839,-24.197868,0.8979444873502161,1.0
Gla,-0.12825839,-23.535507,0.8979444873502161,1.0
Armcx4,-0.12825839,-23.48368,0.8979444873502161,1.0
Asb13,-0.12825839,-23.514523,0.8979444873502161,1.0
Mettl15,-0.12825839,-23.239815,0.8979444873502161,1.0
Hist1h2ac,-0.12825839,-23.727945,0.8979444873502161,1.0
Hfe,-0.12825839,-23.751106,0.8979444873502161,1.0
Isca2,-0.12825839,-23.376556,0.8979444873502161,1.0
Sema6d,-0.12825839,-23.66433,0.8979444873502161,1.0
Acot4,-0.12825839,-22.65216,0.8979444873502161,1.0
Plekhd1,-0.12825839,-23.472124,0.8979444873502161,1.0
Adam21,-0.12825839,-23.384592,0.8979444873502161,1.0
Dip2c,-0.12825839,-23.689724,0.8979444873502161,1.0
Plcb2,-0.12825839,-23.717402,0.8979444873502161,1.0
Timm21,-0.12825839,-22.966833,0.8979444873502161,1.0
Tmx3,-0.12825839,-0.34955233,0.8979444873502161,1.0
Phldb3,-0.12825839,-23.449322,0.8979444873502161,1.0
Bloc1s3,-0.12825839,-23.376556,0.8979444873502161,1.0
Ncapg2,-0.12825839,-23.600645,0.8979444873502161,1.0
Nqo2,-0.12825839,-23.007635,0.8979444873502161,1.0
Ecscr,-0.12825839,-23.674425,0.8979444873502161,1.0
Tmem237,-0.12825839,-23.302608,0.8979444873502161,1.0
Fzd7,-0.12825839,-23.549185,0.8979444873502161,1.0
Pgs1,-0.12825839,-23.48368,0.8979444873502161,1.0
Ggt7,-0.12825839,-23.556849,0.8979444873502161,1.0
Fbf1,-0.12825839,-23.239815,0.8979444873502161,1.0
Dtd1,-0.12825839,-23.600645,0.8979444873502161,1.0
Fam114a1,-0.12825839,-23.584827,0.8979444873502161,1.0
Lrfn3,-0.12825839,-23.302608,0.8979444873502161,1.0
Aplp1,-0.12825839,-22.747301,0.8979444873502161,1.0
Zfp940,-0.12825839,-23.384592,0.8979444873502161,1.0
Trib2,-0.12825839,-23.535507,0.8979444873502161,1.0
Rdh14,-0.12825839,-23.212448,0.8979444873502161,1.0
Pomc,-0.12825839,-23.727945,0.8979444873502161,1.0
Klhl28,-0.12825839,-23.396738,0.8979444873502161,1.0
Ptrhd1,-0.12825839,-22.65216,0.8979444873502161,1.0
Fn3krp,-0.12825839,-23.375223,0.8979444873502161,1.0
B3gntl1,-0.12825839,-23.384592,0.8979444873502161,1.0
Nat9,-0.12825839,-23.384592,0.8979444873502161,1.0
Wipi1,-0.12825839,-23.521976,0.8979444873502161,1.0
Rgs9,-0.12825839,-23.007635,0.8979444873502161,1.0
Ccdc57,-0.12825839,-23.479334,0.8979444873502161,1.0
Srxn1,-0.12825839,-23.48368,0.8979444873502161,1.0
Mcts2,-0.12825839,-23.347515,0.8979444873502161,1.0
Oxld1,-0.12825839,-23.674425,0.8979444873502161,1.0
Rin1,-0.12825839,-23.569206,0.8979444873502161,1.0
Etfb,-0.12825839,-0.083486,0.8979444873502161,1.0
Tmem184c,-0.12825839,-23.424147,0.8979444873502161,1.0
Faap24,-0.12825839,-23.4465,0.8979444873502161,1.0
Plekhf1,-0.12825839,-23.007635,0.8979444873502161,1.0
Adcy3,-0.12825839,-22.733183,0.8979444873502161,1.0
Ap5s1,-0.12825839,-23.239815,0.8979444873502161,1.0
Mbip,-0.12825839,-23.514523,0.8979444873502161,1.0
Dcaf4,-0.12825839,-23.70695,0.8979444873502161,1.0
Clcf1,-0.12825839,-23.514523,0.8979444873502161,1.0
Dtd2,-0.12825839,-23.439472,0.8979444873502161,1.0
Nubpl,-0.12825839,-23.624756,0.8979444873502161,1.0
Nox1,-0.12825839,-23.73148,0.8979444873502161,1.0
Trmt2b,-0.12825839,-23.396738,0.8979444873502161,1.0
Crppa,-0.12825839,-23.432484,0.8979444873502161,1.0
Dnajb9,-0.12825839,-23.564558,0.8979444873502161,1.0
Stxbp6,-0.12825839,-23.472124,0.8979444873502161,1.0
Zfp74,-0.12825839,-23.275152,0.8979444873502161,1.0
Zfp82,-0.12825839,-23.479334,0.8979444873502161,1.0
Zfp382,-0.12825839,-23.541569,0.8979444873502161,1.0
Map4k1,-0.12825839,-0.50759125,0.8979444873502161,1.0
Ddx11,-0.12825839,-23.302608,0.8979444873502161,1.0
Btbd3,-0.12825839,-23.583256,0.8979444873502161,1.0
Dus4l,-0.12825839,-23.396738,0.8979444873502161,1.0
Bfsp1,-0.12825839,-23.295063,0.8979444873502161,1.0
Mafg,-0.12825839,-23.439472,0.8979444873502161,1.0
Lclat1,-0.12825839,-23.644384,0.8979444873502161,1.0
Slc30a6,-0.12825839,-22.65216,0.8979444873502161,1.0
Nlrc4,-0.12825839,-23.445091,0.8979444873502161,1.0
Fez2,-0.12825839,-23.561468,0.8979444873502161,1.0
Pax4,-0.12825839,-23.432484,0.8979444873502161,1.0
Gpr146,-0.12825839,-23.007635,0.8979444873502161,1.0
Tmem184a,-0.12825839,-22.733183,0.8979444873502161,1.0
Cask,-0.12825839,-23.50711,0.8979444873502161,1.0
Ndc80,-0.12825839,-23.583256,0.8979444873502161,1.0
Tyw5,-0.12825839,-23.600645,0.8979444873502161,1.0
Spats2l,-0.12825839,-23.674425,0.8979444873502161,1.0
Plcb4,-0.12825839,-23.501213,0.8979444873502161,1.0
Lacc1,-0.12825839,-23.564558,0.8979444873502161,1.0
Fech,-0.12825839,-23.394028,0.8979444873502161,1.0
Acox2,-0.12825839,-23.424147,0.8979444873502161,1.0
Ptrh1,-0.12825839,-23.418617,0.8979444873502161,1.0
Ang4,-0.12825839,-24.061941,0.8979444873502161,1.0
Armh4,-0.12825839,-23.445091,0.8979444873502161,1.0
Ttc5,-0.12825839,-23.295063,0.8979444873502161,1.0
C2cd5,-0.12825839,-23.563011,0.8979444873502161,1.0
Fgfrl1,-0.12825839,-23.563011,0.8979444873502161,1.0
P2rx2,-0.12825839,-23.339706,0.8979444873502161,1.0
Prxl2a,-0.12825839,-23.376556,0.8979444873502161,1.0
Ptger2,-0.12825839,-23.864178,0.8979444873502161,1.0
Tmem273,-0.12825839,-22.733183,0.8979444873502161,1.0
Shld2,-0.12825839,-22.966833,0.8979444873502161,1.0
Habp4,-0.12825839,-22.65216,0.8979444873502161,1.0
Mettl6,-0.12825839,-24.172926,0.8979444873502161,1.0
Btd,-0.12825839,-23.569206,0.8979444873502161,1.0
Fzd3,-0.12825839,-23.396738,0.8979444873502161,1.0
Supt3,-0.12825839,-23.70695,0.8979444873502161,1.0
Tmsb15b1,-0.12825839,-23.514523,0.8979444873502161,1.0
Wnt5a,-0.12825839,-23.233816,0.8979444873502161,1.0
Actr8,-0.12825839,-23.396738,0.8979444873502161,1.0
Stimate,-0.12825839,-23.556849,0.8979444873502161,1.0
Bicd1,-0.12825839,-23.628006,0.8979444873502161,1.0
Evi5,-0.12825839,-23.584827,0.8979444873502161,1.0
Ccdc18,-0.12825839,-23.717402,0.8979444873502161,1.0
Kcnj8,-0.12825839,-23.569206,0.8979444873502161,1.0
Mbd5,-0.12825839,-23.564558,0.8979444873502161,1.0
Usp54,-0.12825839,-23.720907,0.8979444873502161,1.0
Adk,-0.12825839,-23.339706,0.8979444873502161,1.0
Nt5dc2,-0.12825839,-22.747301,0.8979444873502161,1.0
Nebl,-0.12825839,-23.73148,0.8979444873502161,1.0
Stkld1,-0.12825839,-23.535507,0.8979444873502161,1.0
Cacfd1,-0.12825839,-23.569206,0.8979444873502161,1.0
Vav2,-0.12825839,-23.396738,0.8979444873502161,1.0
Rxra,-0.12825839,-23.50711,0.8979444873502161,1.0
Klrb1f,-0.12825839,-23.339706,0.8979444873502161,1.0
Ficd,-0.12825839,-23.727945,0.8979444873502161,1.0
Alkbh2,-0.12825839,-23.331944,0.8979444873502161,1.0
Itfg2,-0.12825839,-23.302608,0.8979444873502161,1.0
Iffo1,-0.12825839,-22.65216,0.8979444873502161,1.0
Spaca9,-0.12825839,-23.535507,0.8979444873502161,1.0
Gtf3c4,-0.12825839,-23.295063,0.8979444873502161,1.0
Trub2,-0.12825839,-23.341005,0.8979444873502161,1.0
Sorbs3,-0.12825839,-23.66433,0.8979444873502161,1.0
Homez,-0.12825839,-23.727945,0.8979444873502161,1.0
Nxt2,-0.12825839,-23.613445,0.8979444873502161,1.0
Wdr70,-0.12825839,-23.628006,0.8979444873502161,1.0
Phf11b,-0.12825839,-23.644384,0.8979444873502161,1.0
Phf11d,-0.12825839,-23.445091,0.8979444873502161,1.0
Atp8a2,-0.12825839,-23.439472,0.8979444873502161,1.0
Ntmt1,-0.12825839,-22.733183,0.8979444873502161,1.0
BC005624,-0.12825839,-23.449322,0.8979444873502161,1.0
Gzmc,-0.12825839,-24.053757,0.8979444873502161,1.0
Atp12a,-0.12825839,-23.624756,0.8979444873502161,1.0
Hebp1,-0.12825839,-23.696585,0.8979444873502161,1.0
Chek2,-0.12825839,-23.347515,0.8979444873502161,1.0
Grk3,-0.12825839,-23.007635,0.8979444873502161,1.0
Nop9,-0.12825839,-23.212448,0.8979444873502161,1.0
Emc9,-0.12825839,-23.583256,0.8979444873502161,1.0
Rec8,-0.12825839,-23.628006,0.8979444873502161,1.0
Tbc1d8b,-0.12825839,-23.51007,0.8979444873502161,1.0
Serf1,-0.12825839,-22.966833,0.8979444873502161,1.0
Marveld2,-0.12825839,-23.514523,0.8979444873502161,1.0
Zfp444,-0.12825839,-23.70695,0.8979444873502161,1.0
Tspan17,-0.12825839,-23.479334,0.8979444873502161,1.0
Zfp408,-0.12825839,-23.583256,0.8979444873502161,1.0
Rapgef4,-0.12825839,-23.636168,0.8979444873502161,1.0
Gpr155,-0.12825839,-23.432484,0.8979444873502161,1.0
Afap1l2,-0.12825839,-23.479334,0.8979444873502161,1.0
Arhgap24,-0.12825839,-23.432484,0.8979444873502161,1.0
Ptpn13,-0.12825839,-22.966833,0.8979444873502161,1.0
Hsd17b13,-0.12825839,-23.331944,0.8979444873502161,1.0
Dnaaf3,-0.12825839,-23.376556,0.8979444873502161,1.0
Tmem150b,-0.12825839,-23.26286,0.8979444873502161,1.0
Cox6b2,-0.12825839,-23.727945,0.8979444873502161,1.0
Kat6b,-0.12825839,-23.449322,0.8979444873502161,1.0
Hoxd13,-0.12825839,-23.432484,0.8979444873502161,1.0
Xrcc4,-0.12825839,-23.535507,0.8979444873502161,1.0
Polr3g,-0.12825839,-23.384592,0.8979444873502161,1.0
Hist1h3c,-0.12825839,-23.492416,0.8979444873502161,1.0
Zscan12,-0.12825839,-23.51007,0.8979444873502161,1.0
Zkscan3,-0.12825839,-23.51007,0.8979444873502161,1.0
Mplkip,-0.12825839,-22.733183,0.8979444873502161,1.0
Fastkd3,-0.12825839,-22.65216,0.8979444873502161,1.0
Lpcat1,-0.12825839,-23.584827,0.8979444873502161,1.0
Zfp712,-0.12825839,-23.66433,0.8979444873502161,1.0
Zfp459,-0.12825839,-23.007635,0.8979444873502161,1.0
Zfp748,-0.12825839,-23.613445,0.8979444873502161,1.0
Zfp729a,-0.12825839,-23.445091,0.8979444873502161,1.0
Fbp1,-0.12825839,-23.472124,0.8979444873502161,1.0
Slc35d2,-0.12825839,-23.376556,0.8979444873502161,1.0
Zbed3,-0.12825839,-23.636168,0.8979444873502161,1.0
Rnd3,-0.12825839,-23.689724,0.8979444873502161,1.0
Fmnl2,-0.12825839,-23.583256,0.8979444873502161,1.0
Kcnk5,-0.12825839,-23.212448,0.8979444873502161,1.0
Metap1d,-0.12825839,-23.50711,0.8979444873502161,1.0
Wdr12,-0.12825839,-23.70695,0.8979444873502161,1.0
Nbeal1,-0.12825839,-0.41593102,0.8979444873502161,1.0
Raph1,-0.12825839,-23.549185,0.8979444873502161,1.0
Lamtor4,-0.12825839,-23.375223,0.8979444873502161,1.0
Gpc2,-0.12825839,-23.644384,0.8979444873502161,1.0
Podxl,-0.12825839,-23.514523,0.8979444873502161,1.0
Agbl3,-0.12825839,-22.65216,0.8979444873502161,1.0
Irf5,-0.12825839,-23.212448,0.8979444873502161,1.0
Sult1c2,-0.12825839,-23.70695,0.8979444873502161,1.0
Pot1b,-0.12825839,-23.556849,0.8979444873502161,1.0
Apobec2,-0.12825839,-23.541569,0.8979444873502161,1.0
Fcho2,-0.12825839,-22.733183,0.8979444873502161,1.0
Ccnyl1,-0.12825839,-24.144743,0.8979444873502161,1.0
Ttbk1,-0.12825839,-22.65216,0.8979444873502161,1.0
Ptk7,-0.12825839,-23.556849,0.8979444873502161,1.0
Slc9a3,-0.12825839,-23.424147,0.8979444873502161,1.0
Ahrr,-0.12825839,-23.233816,0.8979444873502161,1.0
Mtrr,-0.12825839,-23.727945,0.8979444873502161,1.0
Fhit,-0.12825839,-23.239815,0.8979444873502161,1.0
Nostrin,-0.12825839,-23.26286,0.8979444873502161,1.0
Ercc8,-0.12825839,-23.717402,0.8979444873502161,1.0
Nat14,-0.12825839,-23.501213,0.8979444873502161,1.0
BC005561,-0.12825839,-23.479334,0.8979444873502161,1.0
Gbp6,-0.12825839,-23.501213,0.8979444873502161,1.0
Btbd8,-0.12825839,-23.439472,0.8979444873502161,1.0
Cenph,-0.12825839,-23.501213,0.8979444873502161,1.0
Mast4,-0.12825839,-23.541569,0.8979444873502161,1.0
Unc5cl,-0.12825839,-22.966833,0.8979444873502161,1.0
Pdcd5,-0.13050854,-0.11463299,0.8961640944188348,1.0
Ptpn18,-0.13050854,-0.1283413,0.8961640944188348,1.0
Eif3e,-0.13275869,-0.43188804,0.8943842242468047,1.0
Paf1,-0.13275869,-0.4707709,0.8943842242468047,1.0
Mat2b,-0.13275869,-0.5653325,0.8943842242468047,1.0
Krt18,-0.13275869,-0.23713538,0.8943842242468047,1.0
C77080,-0.13275869,-0.35731187,0.8943842242468047,1.0
Ric8a,-0.13275869,-0.47786283,0.8943842242468047,1.0
Parvg,-0.13275869,-0.077503674,0.8943842242468047,1.0
Snx6,-0.13275869,-0.5151434,0.8943842242468047,1.0
Ccdc82,-0.13275869,-0.47989184,0.8943842242468047,1.0
Sept1,-0.13275869,-0.15340516,0.8943842242468047,1.0
Clic4,-0.13275869,-0.47077495,0.8943842242468047,1.0
Snap29,-0.13275869,-0.5279965,0.8943842242468047,1.0
Neu1,-0.13275869,-0.40104935,0.8943842242468047,1.0
Cox8a,-0.13500884,-0.20790032,0.8926048856897335,1.0
Cited2,-0.13725899,-0.3157657,0.8908260875952009,1.0
Larp1,-0.13725899,-0.050620753,0.8908260875952009,1.0
Ywhaq,-0.13725899,-0.18429036,0.8908260875952009,1.0
Ltb,-0.13725899,-0.093849294,0.8908260875952009,1.0
Ccdc12,-0.13725899,-0.28277683,0.8908260875952009,1.0
Cblb,-0.13725899,-0.32816017,0.8908260875952009,1.0
Micu1,-0.13725899,-0.4658662,0.8908260875952009,1.0
Mxi1,-0.13725899,-0.47115245,0.8908260875952009,1.0
Senp3,-0.13725899,-0.16158892,0.8908260875952009,1.0
Tfam,-0.13725899,-0.3914565,0.8908260875952009,1.0
Clca3b,-0.13950913,-0.14079009,0.8890478388026273,1.0
Sipa1,-0.13950913,-0.14084336,0.8890478388026273,1.0
Purb,-0.14175928,-0.059429552,0.8872701481431419,1.0
Psd4,-0.14175928,-0.0514789,0.8872701481431419,1.0
Zyx,-0.14175928,-0.36041304,0.8872701481431419,1.0
Ssu72,-0.14175928,-0.09837074,0.8872701481431419,1.0
Dhx15,-0.14175928,-0.33885583,0.8872701481431419,1.0
Tspan13,-0.14175928,-0.5737757,0.8872701481431419,1.0
Dazap2,-0.14175928,-0.16220859,0.8872701481431419,1.0
Ubr2,-0.14175928,-0.20606257,0.8872701481431419,1.0
Rnf20,-0.14400943,-0.12700178,0.8854930244394512,1.0
Hnrnpm,-0.14625958,-0.095087156,0.8837164765057078,1.0
Rab4b,-0.14625958,-0.0999241,0.8837164765057078,1.0
Usb1,-0.14625958,-0.2056051,0.8837164765057078,1.0
Usp4,-0.14625958,-0.119600676,0.8837164765057078,1.0
Acin1,-0.14625958,-0.29822144,0.8837164765057078,1.0
Rraga,-0.14625958,-0.70040506,0.8837164765057078,1.0
Fam102a,-0.14625958,-0.084532015,0.8837164765057078,1.0
Atp1a1,-0.14625958,-0.046773195,0.8837164765057078,1.0
Gnl2,-0.14850973,-0.2622985,0.8819405131473789,1.0
Nae1,-0.14850973,-0.29164258,0.8819405131473789,1.0
Zfp68,-0.14850973,-0.325742,0.8819405131473789,1.0
Cog5,-0.14850973,-0.4325942,0.8819405131473789,1.0
Foxo4,-0.14850973,0.028345427,0.8819405131473789,1.0
Pias2,-0.14850973,-0.1871067,0.8819405131473789,1.0
Stau1,-0.14850973,-0.4033997,0.8819405131473789,1.0
Golga5,-0.14850973,-0.3667856,0.8819405131473789,1.0
Slc6a8,-0.14850973,-0.38666642,0.8819405131473789,1.0
Ptpn7,-0.14850973,-0.2030853,0.8819405131473789,1.0
Btg3,-0.14850973,-0.04088465,0.8819405131473789,1.0
Paip1,-0.14850973,-0.36291414,0.8819405131473789,1.0
Casp8,-0.14850973,-0.053632323,0.8819405131473789,1.0
Hivep2,-0.14850973,-0.2625942,0.8819405131473789,1.0
Wdtc1,-0.14850973,-0.38713202,0.8819405131473789,1.0
Slc25a46,-0.14850973,-0.32547128,0.8819405131473789,1.0
Cltc,-0.14850973,-0.19252068,0.8819405131473789,1.0
Cds1,-0.14850973,0.1423063,0.8819405131473789,1.0
Smarca5,-0.14850973,-0.023666255,0.8819405131473789,1.0
Cnn3,-0.14850973,-0.35921463,0.8819405131473789,1.0
Rtraf,-0.14850973,-0.2692677,0.8819405131473789,1.0
Usp42,-0.14850973,-0.23544788,0.8819405131473789,1.0
Dvl1,-0.14850973,-0.29723564,0.8819405131473789,1.0
Gss,-0.14850973,-0.4192508,0.8819405131473789,1.0
Nacc1,-0.14850973,-0.11214061,0.8819405131473789,1.0
Rc3h2,-0.14850973,-0.3048684,0.8819405131473789,1.0
Ppp4r3b,-0.14850973,-0.30973548,0.8819405131473789,1.0
Jmjd6,-0.14850973,-0.33683133,0.8819405131473789,1.0
Tars2,-0.14850973,-0.16139133,0.8819405131473789,1.0
Ap1s1,-0.15075988,-0.15390874,0.8801651431611157,1.0
Numa1,-0.15075988,-0.17436163,0.8801651431611157,1.0
Arid1a,-0.15075988,-0.2327262,0.8801651431611157,1.0
Mapkapk2,-0.15075988,-0.032098364,0.8801651431611157,1.0
Mri1,-0.15075988,-0.5941704,0.8801651431611157,1.0
Jak3,-0.15075988,-0.6445842,0.8801651431611157,1.0
Ankrd13c,-0.15301001,-0.28362802,0.8783903753346226,1.0
Camta1,-0.15301001,-0.24432018,0.8783903753346226,1.0
Ptprf,-0.15301001,-0.10478359,0.8783903753346226,1.0
Dop1b,-0.15301001,-0.25486487,0.8783903753346226,1.0
Xpa,-0.15301001,-0.41530663,0.8783903753346226,1.0
Slain1,-0.15301001,-0.2695553,0.8783903753346226,1.0
Uchl5,-0.15301001,-0.1799242,0.8783903753346226,1.0
Swi5,-0.15301001,-0.33101678,0.8783903753346226,1.0
Trappc1,-0.15301001,-0.44237706,0.8783903753346226,1.0
Gtf2a2,-0.15301001,-0.1969284,0.8783903753346226,1.0
Orai2,-0.15301001,-0.29908332,0.8783903753346226,1.0
Tmem11,-0.15301001,-0.2831195,0.8783903753346226,1.0
Smc6,-0.15301001,-0.08310779,0.8783903753346226,1.0
Tmcc1,-0.15301001,-0.37960818,0.8783903753346226,1.0
Vps11,-0.15301001,-0.42365935,0.8783903753346226,1.0
Snrpb2,-0.15526016,-0.24193048,0.8766162184465269,1.0
Tacc1,-0.15526016,-0.24417306,0.8766162184465269,1.0
Pfkp,-0.15526016,-0.33501178,0.8766162184465269,1.0
Naa38,-0.15526016,-0.21679796,0.8766162184465269,1.0
Luc7l3,-0.15526016,-0.025435966,0.8766162184465269,1.0
Lef1,-0.15526016,-0.74522924,0.8766162184465269,1.0
Ncbp1,-0.15526016,-0.13955271,0.8766162184465269,1.0
Mettl14,-0.15751031,-0.5426451,0.8748426812662488,1.0
Tango2,-0.15751031,-0.09851722,0.8748426812662488,1.0
Tmem94,-0.15751031,-0.38617256,0.8748426812662488,1.0
Efr3a,-0.15751031,-0.33380824,0.8748426812662488,1.0
Uimc1,-0.15751031,-0.33289182,0.8748426812662488,1.0
Syk,-0.15751031,-0.49114057,0.8748426812662488,1.0
Cdip1,-0.15751031,-0.4504161,0.8748426812662488,1.0
Oxsm,-0.15751031,-0.2921064,0.8748426812662488,1.0
Sirt7,-0.15751031,-0.40912256,0.8748426812662488,1.0
Sgsh,-0.15751031,-0.35788566,0.8748426812662488,1.0
Dhcr7,-0.15751031,-0.44430903,0.8748426812662488,1.0
Stau2,-0.15751031,-0.36218405,0.8748426812662488,1.0
Ikbkg,-0.15751031,-0.41310954,0.8748426812662488,1.0
Ces1d,-0.15751031,-0.4874229,0.8748426812662488,1.0
Plekhg2,-0.15751031,-0.31035978,0.8748426812662488,1.0
U2surp,-0.15751031,-0.31676468,0.8748426812662488,1.0
Zzz3,-0.15751031,-0.36273724,0.8748426812662488,1.0
Nln,-0.15751031,-0.46042955,0.8748426812662488,1.0
Wdr77,-0.15751031,-0.41011706,0.8748426812662488,1.0
Usp24,-0.15751031,-0.49175084,0.8748426812662488,1.0
Casp8ap2,-0.15751031,-0.49564138,0.8748426812662488,1.0
Acadl,-0.15751031,-0.18413551,0.8748426812662488,1.0
Cpd,-0.15751031,-0.36630186,0.8748426812662488,1.0
Pmf1,-0.15751031,-0.40019915,0.8748426812662488,1.0
Ipo4,-0.15751031,-0.2505648,0.8748426812662488,1.0
Sulf2,-0.15751031,-0.2925502,0.8748426812662488,1.0
Tprkb,-0.15751031,-0.34223413,0.8748426812662488,1.0
Hif1an,-0.15751031,-0.36311674,0.8748426812662488,1.0
Ttc37,-0.15751031,-0.14457741,0.8748426812662488,1.0
Inpp5f,-0.15751031,-0.36147672,0.8748426812662488,1.0
Rdm1,-0.15751031,-0.4640169,0.8748426812662488,1.0
Inpp4a,-0.15751031,-0.38045368,0.8748426812662488,1.0
Cox20,-0.15751031,-0.4890164,0.8748426812662488,1.0
Cfap126,-0.15976046,-0.074961625,0.8730697725538705,1.0
Tnip1,-0.15976046,-0.13189545,0.8730697725538705,1.0
Aldh1b1,-0.15976046,-0.16318011,0.8730697725538705,1.0
Eif4ebp3,-0.15976046,-0.25551575,0.8730697725538705,1.0
Ezr,-0.15976046,-0.16051981,0.8730697725538705,1.0
Slain2,-0.15976046,-0.30940554,0.8730697725538705,1.0
Tmpo,-0.16201061,-0.41354924,0.8712975010600075,1.0
Nadk2,-0.16201061,-0.6111884,0.8712975010600075,1.0
Med20,-0.16201061,-0.31967843,0.8712975010600075,1.0
Pllp,-0.16201061,-0.48314244,0.8712975010600075,1.0
Dync1li1,-0.16201061,-0.39494956,0.8712975010600075,1.0
Srsf4,-0.16201061,-0.46134612,0.8712975010600075,1.0
Slc35b3,-0.16201061,-0.38594496,0.8712975010600075,1.0
Thap7,-0.16201061,-0.54739875,0.8712975010600075,1.0
Krr1,-0.16201061,-0.51618207,0.8712975010600075,1.0
Hsd17b4,-0.16201061,-0.5701663,0.8712975010600075,1.0
Becn1,-0.16201061,-0.53783697,0.8712975010600075,1.0
Ddx27,-0.16201061,-0.57659787,0.8712975010600075,1.0
Usp7,-0.16201061,-0.29339445,0.8712975010600075,1.0
Pih1d1,-0.16201061,-0.45237175,0.8712975010600075,1.0
Luzp1,-0.16201061,-0.51469445,0.8712975010600075,1.0
Gstt3,-0.16201061,-0.5129732,0.8712975010600075,1.0
Tmem167b,-0.16201061,-0.46305346,0.8712975010600075,1.0
Cdkn1a,-0.16201061,-0.5157287,0.8712975010600075,1.0
Tpgs1,-0.16201061,-0.50029147,0.8712975010600075,1.0
Socs1,-0.16201061,-0.41698992,0.8712975010600075,1.0
Nr4a1,-0.16201061,-0.5398158,0.8712975010600075,1.0
Igflr1,-0.16201061,-0.49183616,0.8712975010600075,1.0
Crbn,-0.16201061,-0.5084642,0.8712975010600075,1.0
Tceanc2,-0.16201061,-0.40826365,0.8712975010600075,1.0
Irf3,-0.16201061,-0.36782506,0.8712975010600075,1.0
Ints14,-0.16201061,-0.516433,0.8712975010600075,1.0
Lemd2,-0.16426076,-0.21109453,0.8695258755256785,1.0
Taok2,-0.16426076,-0.20986012,0.8695258755256785,1.0
Znhit1,-0.16426076,-0.51009846,0.8695258755256785,1.0
Nedd4,-0.16426076,-0.22436938,0.8695258755256785,1.0
Slc16a1,-0.16426076,-0.27865574,0.8695258755256785,1.0
Ier2,-0.16426076,-0.1790872,0.8695258755256785,1.0
Prkab1,-0.1665109,-0.5730403,0.8677549046821763,1.0
Nuak2,-0.1665109,-0.51567507,0.8677549046821763,1.0
Ncln,-0.1665109,-0.46417636,0.8677549046821763,1.0
Ccdc43,-0.1665109,-0.605912,0.8677549046821763,1.0
Pdcd1,-0.1665109,-0.51034564,0.8677549046821763,1.0
Sfn,-0.1665109,-0.5167086,0.8677549046821763,1.0
Phactr2,-0.1665109,-0.57047296,0.8677549046821763,1.0
Maml1,-0.1665109,-0.6638829,0.8677549046821763,1.0
Hspa9,-0.1665109,-0.63007766,0.8677549046821763,1.0
Pptc7,-0.1665109,-0.52366936,0.8677549046821763,1.0
Desi1,-0.1665109,-0.61424834,0.8677549046821763,1.0
Ifrd2,-0.1665109,-0.5401885,0.8677549046821763,1.0
Rictor,-0.1665109,-0.54515165,0.8677549046821763,1.0
Cript,-0.1665109,-0.55357695,0.8677549046821763,1.0
Ssh1,-0.1665109,-0.70403236,0.8677549046821763,1.0
Psmd13,-0.1665109,-0.63015085,0.8677549046821763,1.0
Usp20,-0.1665109,-0.54416764,0.8677549046821763,1.0
Vps52,-0.1665109,-0.51870537,0.8677549046821763,1.0
Slc25a30,-0.1665109,-0.621048,0.8677549046821763,1.0
Rcbtb1,-0.1665109,-0.5177795,0.8677549046821763,1.0
Ptch1,-0.1665109,-0.59205365,0.8677549046821763,1.0
Mcu,-0.1665109,-0.5257142,0.8677549046821763,1.0
Thoc5,-0.1665109,-0.5334006,0.8677549046821763,1.0
Ykt6,-0.1665109,-0.5702554,0.8677549046821763,1.0
Pdcd7,-0.1665109,-0.5995118,0.8677549046821763,1.0
Blcap,-0.1665109,-0.5809892,0.8677549046821763,1.0
BC031181,-0.1665109,-0.5722207,0.8677549046821763,1.0
Cct2,-0.1665109,-0.47796512,0.8677549046821763,1.0
Kdm4c,-0.1665109,-0.638426,0.8677549046821763,1.0
Zbtb9,-0.1665109,-0.53595126,0.8677549046821763,1.0
Hes6,-0.1665109,-0.3637828,0.8677549046821763,1.0
Mtrex,-0.1665109,-0.70520467,0.8677549046821763,1.0
Strap,-0.1665109,-0.56831086,0.8677549046821763,1.0
Krtcap3,-0.1665109,-0.62969995,0.8677549046821763,1.0
Bicra,-0.1665109,-0.47693023,0.8677549046821763,1.0
Dph3,-0.1665109,-0.5729599,0.8677549046821763,1.0
Vegfb,-0.1665109,-0.68168384,0.8677549046821763,1.0
Litaf,-0.16876104,-0.02959801,0.865984597250939,1.0
Slu7,-0.16876104,-0.22910476,0.865984597250939,1.0
Lnpk,-0.16876104,-0.54411817,0.865984597250939,1.0
Ccl5,-0.16876104,-0.10095579,0.865984597250939,1.0
Cd96,-0.16876104,-0.15582423,0.865984597250939,1.0
Glo1,-0.1710112,-0.6795755,0.8642149619434205,1.0
Nf2,-0.1710112,-0.69860154,0.8642149619434205,1.0
Sec24b,-0.1710112,-0.808602,0.8642149619434205,1.0
Smim10l1,-0.1710112,-0.68817997,0.8642149619434205,1.0
Fbxl5,-0.1710112,-0.72180265,0.8642149619434205,1.0
Cuedc1,-0.1710112,-0.7667089,0.8642149619434205,1.0
Samd10,-0.1710112,-0.600383,0.8642149619434205,1.0
Rab3gap1,-0.1710112,-0.62247974,0.8642149619434205,1.0
Pi4k2b,-0.1710112,-0.48169717,0.8642149619434205,1.0
Ctsz,-0.1710112,-0.22295074,0.8642149619434205,1.0
Arrdc1,-0.1710112,-0.7239954,0.8642149619434205,1.0
Pgm2l1,-0.1710112,-0.75263786,0.8642149619434205,1.0
Tsen34,-0.1710112,-0.9128283,0.8642149619434205,1.0
Tubg1,-0.17326134,-0.15380925,0.8624460074609628,1.0
Glipr1,-0.17326134,-0.2602771,0.8624460074609628,1.0
Clstn1,-0.17326134,-0.1391516,0.8624460074609628,1.0
Twf2,-0.17326134,-0.20598032,0.8624460074609628,1.0
Tnfaip8,-0.17326134,0.005848852,0.8624460074609628,1.0
Dlst,-0.17326134,-0.15031737,0.8624460074609628,1.0
Prpf38b,-0.17326134,-0.62697625,0.8624460074609628,1.0
Cnp,-0.1755115,-0.7442633,0.8606777424946672,1.0
Vti1a,-0.1755115,-0.7480011,0.8606777424946672,1.0
Tmx2,-0.1755115,-0.60336304,0.8606777424946672,1.0
Mob1b,-0.1755115,-0.792817,0.8606777424946672,1.0
Lat2,-0.1755115,-0.7867641,0.8606777424946672,1.0
Cd5,-0.1755115,-0.8564792,0.8606777424946672,1.0
Chchd1,-0.1755115,-0.584135,0.8606777424946672,1.0
Thtpa,-0.1755115,-0.7476911,0.8606777424946672,1.0
Abce1,-0.1755115,-0.63594395,0.8606777424946672,1.0
Mthfd1,-0.1755115,-0.73977655,0.8606777424946672,1.0
Tgfb3,-0.1755115,-0.65827477,0.8606777424946672,1.0
Tdp1,-0.1755115,-0.65162194,0.8606777424946672,1.0
Zmiz2,-0.1755115,-0.70428556,0.8606777424946672,1.0
Med24,-0.1755115,-0.71491027,0.8606777424946672,1.0
Gtf2h1,-0.1755115,-0.69498163,0.8606777424946672,1.0
Polr2a,-0.17776164,-0.31703874,0.8589101757252664,1.0
Anxa11,-0.17776164,-0.21879447,0.8589101757252664,1.0
Dnttip2,-0.17776164,-0.20516032,0.8589101757252664,1.0
Lztfl1,-0.18001178,-0.8351919,0.8571433158229969,1.0
Phf3,-0.18001178,-0.7966462,0.8571433158229969,1.0
Ddx19a,-0.18001178,-0.9248153,0.8571433158229969,1.0
Bbc3,-0.18226193,-0.25007483,0.8553771714474713,1.0
Impa1,-0.18226193,-0.33965102,0.8553771714474713,1.0
Ywhah,-0.18226193,-0.23841603,0.8553771714474713,1.0
Snx15,-0.18451208,-1.0503459,0.8536117512475512,1.0
Psmb6,-0.18451208,-1.0034086,0.8536117512475512,1.0
Ppp2r3c,-0.18451208,-0.9608405,0.8536117512475512,1.0
Tnpo2,-0.18451208,-0.9559526,0.8536117512475512,1.0
Patl1,-0.18451208,-0.8897292,0.8536117512475512,1.0
Exosc5,-0.18451208,-0.88011307,0.8536117512475512,1.0
Dnpep,-0.18451208,-0.93981564,0.8536117512475512,1.0
Snx1,-0.18676223,-0.30066052,0.8518470638612199,1.0
Taok3,-0.18676223,-0.33067587,0.8518470638612199,1.0
Ccdc97,-0.18676223,-0.19278917,0.8518470638612199,1.0
Tcn2,-0.18676223,-0.34855095,0.8518470638612199,1.0
Mars,-0.18676223,-0.15727915,0.8518470638612199,1.0
Trim25,-0.18676223,-0.31017756,0.8518470638612199,1.0
Pttg1,-0.18676223,-0.39502847,0.8518470638612199,1.0
Spry2,-0.18901238,-0.06290708,0.8500831179154565,1.0
Ndufb9,-0.18901238,-0.23335128,0.8500831179154565,1.0
Tpm1,-0.18901238,-0.20767787,0.8500831179154565,1.0
Dcaf7,-0.18901238,-0.1793161,0.8500831179154565,1.0
Ncl,-0.19126253,-0.17721827,0.8483199220261086,1.0
Fam53b,-0.19126253,-0.3137012,0.8483199220261086,1.0
Psmb7,-0.19126253,-0.43603522,0.8483199220261086,1.0
Elavl1,-0.19351266,-0.10370769,0.8465574847977665,1.0
Ino80e,-0.19576281,-0.3336667,0.8447958148236376,1.0
Ctsc,-0.19576281,-0.13386151,0.8447958148236376,1.0
Ppp1r8,-0.19576281,-0.40649125,0.8447958148236376,1.0
Sar1a,-0.19576281,-0.50288576,0.8447958148236376,1.0
Tmem167,-0.19576281,-0.21924104,0.8447958148236376,1.0
Krtcap2,-0.19576281,-0.34091303,0.8447958148236376,1.0
Prpf39,-0.19576281,-0.16163735,0.8447958148236376,1.0
March6,-0.19576281,-0.2685224,0.8447958148236376,1.0
Srsf6,-0.19576281,-0.44658035,0.8447958148236376,1.0
Ddrgk1,-0.19801296,-0.23587777,0.8430349206854205,1.0
Fam49b,-0.19801296,-0.33770576,0.8430349206854205,1.0
Ppdpf,-0.19801296,-0.005152354,0.8430349206854205,1.0
Ndufv1,-0.19801296,-0.11988263,0.8430349206854205,1.0
Gpat4,-0.20026311,-0.39612454,0.8412748109531798,1.0
Pak2,-0.20026311,-0.20351914,0.8412748109531798,1.0
Spn,-0.20026311,-0.06714935,0.8412748109531798,1.0
Wtap,-0.20026311,-0.42346686,0.8412748109531798,1.0
Lrrc59,-0.20026311,-0.34727663,0.8412748109531798,1.0
Cuedc2,-0.20026311,-0.28722137,0.8412748109531798,1.0
Ckmt1,-0.20026311,-0.18264924,0.8412748109531798,1.0
Park7,-0.20026311,-0.26297536,0.8412748109531798,1.0
Slc39a9,-0.20026311,-0.0779701,0.8412748109531798,1.0
Slc1a5,-0.20251326,-0.17674395,0.8395154941852212,1.0
Ifnar2,-0.20476341,-0.81955326,0.8377569789279666,1.0
Zfp26,-0.20476341,-0.9463973,0.8377569789279666,1.0
Wdyhv1,-0.20476341,-0.9222034,0.8377569789279666,1.0
Glb1,-0.20476341,-0.7980311,0.8377569789279666,1.0
Afap1,-0.20476341,-0.8635548,0.8377569789279666,1.0
Pcmtd1,-0.20476341,-0.917442,0.8377569789279666,1.0
Rap2b,-0.20476341,-0.99719656,0.8377569789279666,1.0
Lxn,-0.20476341,-0.9772988,0.8377569789279666,1.0
Mfsd11,-0.20476341,-0.983575,0.8377569789279666,1.0
Rbbp8,-0.20476341,-0.51001513,0.8377569789279666,1.0
Cbx6,-0.20476341,-0.7479816,0.8377569789279666,1.0
Rrm2,-0.20476341,-0.9507346,0.8377569789279666,1.0
Foxred1,-0.20476341,-0.9249899,0.8377569789279666,1.0
Pdcd10,-0.20476341,-0.55601966,0.8377569789279666,1.0
Trnt1,-0.20476341,-0.7420858,0.8377569789279666,1.0
Smim11,-0.20476341,-0.4467873,0.8377569789279666,1.0
Smim15,-0.20476341,-0.8359993,0.8377569789279666,1.0
Itfg1,-0.20476341,-0.3985725,0.8377569789279666,1.0
Vps13d,-0.20476341,-0.8951756,0.8377569789279666,1.0
Prrc1,-0.20476341,-0.7608412,0.8377569789279666,1.0
Ints8,-0.20476341,-0.95036983,0.8377569789279666,1.0
Arhgap21,-0.20476341,-0.97814924,0.8377569789279666,1.0
Aldh18a1,-0.20476341,-0.30784997,0.8377569789279666,1.0
Ahctf1,-0.20476341,-0.39141735,0.8377569789279666,1.0
Dcaf12,-0.20476341,-0.8700791,0.8377569789279666,1.0
Fam120c,-0.20476341,-0.31542704,0.8377569789279666,1.0
Resf1,-0.20476341,-0.7958875,0.8377569789279666,1.0
Phospho2,-0.20476341,-0.9802629,0.8377569789279666,1.0
Gpbp1,-0.20476341,-0.95886254,0.8377569789279666,1.0
Nit2,-0.20476341,-0.9469142,0.8377569789279666,1.0
Mat2a,-0.20476341,-0.16806644,0.8377569789279666,1.0
Rnpc3,-0.20476341,-0.6346598,0.8377569789279666,1.0
Tcea3,-0.20476341,-0.83151704,0.8377569789279666,1.0
Naa80,-0.20476341,-0.83275294,0.8377569789279666,1.0
Tnrc18,-0.20476341,-1.0817015,0.8377569789279666,1.0
Srek1ip1,-0.20476341,-0.7163969,0.8377569789279666,1.0
Strip1,-0.20476341,-0.59148973,0.8377569789279666,1.0
Abcg2,-0.20476341,-0.9803786,0.8377569789279666,1.0
Tusc3,-0.20476341,-1.01219,0.8377569789279666,1.0
Noct,-0.20476341,-1.0520034,0.8377569789279666,1.0
Atxn2,-0.20476341,-1.0667151,0.8377569789279666,1.0
Hcfc1,-0.20476341,-0.6615823,0.8377569789279666,1.0
Bcl7a,-0.20476341,-0.8521275,0.8377569789279666,1.0
Tjp2,-0.20476341,-0.9290015,0.8377569789279666,1.0
Ap4e1,-0.20476341,-0.9919647,0.8377569789279666,1.0
Stard7,-0.20476341,-0.42117205,0.8377569789279666,1.0
Stx5a,-0.20476341,-0.9941439,0.8377569789279666,1.0
Dcp1a,-0.20476341,-0.9876184,0.8377569789279666,1.0
Fyttd1,-0.20476341,-0.90625966,0.8377569789279666,1.0
Rwdd4a,-0.20476341,-0.6392461,0.8377569789279666,1.0
Tubb2a,-0.20476341,-0.8066865,0.8377569789279666,1.0
Rab40c,-0.20476341,-0.65371317,0.8377569789279666,1.0
Acadsb,-0.20476341,-0.59957343,0.8377569789279666,1.0
Maip1,-0.20476341,-0.9671653,0.8377569789279666,1.0
Tbc1d22a,-0.20476341,-1.0146067,0.8377569789279666,1.0
Tubb4b,-0.20476341,-0.06576539,0.8377569789279666,1.0
Enoph1,-0.20476341,-1.0686165,0.8377569789279666,1.0
Rmi1,-0.20476341,-0.78088367,0.8377569789279666,1.0
Tfcp2l1,-0.20476341,-0.27279067,0.8377569789279666,1.0
Mettl1,-0.20476341,-0.85946625,0.8377569789279666,1.0
Phtf2,-0.20476341,-0.83108735,0.8377569789279666,1.0
Tmem19,-0.20476341,-0.80778617,0.8377569789279666,1.0
Zfp579,-0.20476341,-0.8330938,0.8377569789279666,1.0
Scfd2,-0.20476341,-0.94005007,0.8377569789279666,1.0
Etv3,-0.20476341,-0.3522579,0.8377569789279666,1.0
Wdr61,-0.20476341,-0.95755905,0.8377569789279666,1.0
Tent4a,-0.20476341,-0.81459033,0.8377569789279666,1.0
Nde1,-0.20476341,-0.9412869,0.8377569789279666,1.0
Zfp329,-0.20476341,-0.6842548,0.8377569789279666,1.0
Inppl1,-0.20476341,-0.82240874,0.8377569789279666,1.0
Ssr1,-0.20476341,-0.17367716,0.8377569789279666,1.0
Armcx5,-0.20476341,-0.8628792,0.8377569789279666,1.0
Mcm5,-0.20476341,-0.8226134,0.8377569789279666,1.0
Malt1,-0.20476341,-0.8477284,0.8377569789279666,1.0
Esco2,-0.20476341,-0.6910344,0.8377569789279666,1.0
H2-Aa,-0.20476341,-0.8566543,0.8377569789279666,1.0
Pold3,-0.20476341,-0.6196992,0.8377569789279666,1.0
Tet2,-0.20476341,-0.9951237,0.8377569789279666,1.0
Pard6a,-0.20476341,-0.7684927,0.8377569789279666,1.0
Lmf1,-0.20476341,-1.041709,0.8377569789279666,1.0
Nfkbie,-0.20476341,-1.0273334,0.8377569789279666,1.0
Zswim1,-0.20476341,-0.96332777,0.8377569789279666,1.0
Nup214,-0.20476341,-1.0101639,0.8377569789279666,1.0
Zmat1,-0.20476341,-0.72552866,0.8377569789279666,1.0
Zfp764,-0.20476341,-0.9434566,0.8377569789279666,1.0
Hnrnph3,-0.20476341,-0.9726459,0.8377569789279666,1.0
Cptp,-0.20476341,-0.9025597,0.8377569789279666,1.0
Cog1,-0.20476341,-0.73410213,0.8377569789279666,1.0
Ulk1,-0.20476341,-0.5379176,0.8377569789279666,1.0
Tnfrsf10b,-0.20476341,-0.5590418,0.8377569789279666,1.0
Scyl3,-0.20476341,-0.40870118,0.8377569789279666,1.0
Zfp526,-0.20476341,-0.9490254,0.8377569789279666,1.0
Tlnrd1,-0.20476341,-0.9324116,0.8377569789279666,1.0
Slc4a4,-0.20476341,-0.7227115,0.8377569789279666,1.0
Pus1,-0.20476341,-0.6341238,0.8377569789279666,1.0
Spag9,-0.20476341,-0.9276075,0.8377569789279666,1.0
Nars2,-0.20476341,-0.817596,0.8377569789279666,1.0
Spred2,-0.20476341,-0.9687481,0.8377569789279666,1.0
Zfp637,-0.20476341,-0.461932,0.8377569789279666,1.0
Utp25,-0.20476341,-0.9772782,0.8377569789279666,1.0
Irf6,-0.20476341,-0.46595326,0.8377569789279666,1.0
Akap10,-0.20476341,-0.88589257,0.8377569789279666,1.0
Tbcd,-0.20476341,-0.909553,0.8377569789279666,1.0
St6galnac2,-0.20476341,-1.0564325,0.8377569789279666,1.0
Kif3b,-0.20476341,-0.9225947,0.8377569789279666,1.0
Rbm42,-0.20476341,-0.42015615,0.8377569789279666,1.0
Pdha1,-0.20701355,-0.2254053,0.8359992737158299,1.0
Tox,-0.20701355,-0.18973885,0.8359992737158299,1.0
Imp4,-0.2092637,-1.0252956,0.8342423870710931,1.0
E2f6,-0.2092637,-0.8725295,0.8342423870710931,1.0
Agbl5,-0.2092637,-1.2981254,0.8342423870710931,1.0
Myo7b,-0.2092637,-1.0040618,0.8342423870710931,1.0
Iars2,-0.2092637,-1.1257678,0.8342423870710931,1.0
Fgd4,-0.2092637,-1.0974609,0.8342423870710931,1.0
Eef1aknmt,-0.2092637,-1.0881641,0.8342423870710931,1.0
Rab3gap2,-0.2092637,-0.87800705,0.8342423870710931,1.0
Nbn,-0.2092637,-0.9916588,0.8342423870710931,1.0
Acss1,-0.2092637,-1.0550244,0.8342423870710931,1.0
Daglb,-0.2092637,-1.3335894,0.8342423870710931,1.0
Atad2b,-0.2092637,-1.0355654,0.8342423870710931,1.0
Pparg,-0.2092637,-1.0562439,0.8342423870710931,1.0
Rspry1,-0.2092637,-1.0919303,0.8342423870710931,1.0
Pnpla8,-0.2092637,-1.2479146,0.8342423870710931,1.0
Trim33,-0.2092637,-1.1640185,0.8342423870710931,1.0
Atp5g3,-0.2092637,-0.15307854,0.8342423870710931,1.0
Lrrc28,-0.2092637,-1.0727667,0.8342423870710931,1.0
Mgst2,-0.2092637,-0.27134162,0.8342423870710931,1.0
Usp32,-0.2092637,-1.018178,0.8342423870710931,1.0
Zfp467,-0.2092637,-0.9245706,0.8342423870710931,1.0
Dexi,-0.2092637,-0.37287933,0.8342423870710931,1.0
Tpk1,-0.2092637,-1.0134729,0.8342423870710931,1.0
Txndc11,-0.2092637,-0.999986,0.8342423870710931,1.0
Lrp6,-0.2092637,-0.42912573,0.8342423870710931,1.0
Mpzl1,-0.2092637,-1.0941356,0.8342423870710931,1.0
Blzf1,-0.2092637,-1.0591679,0.8342423870710931,1.0
Aarsd1,-0.2092637,-0.14874373,0.8342423870710931,1.0
Tfap4,-0.2092637,-1.0362115,0.8342423870710931,1.0
Ap3s2,-0.2092637,-1.1296955,0.8342423870710931,1.0
Slc39a11,-0.2092637,-1.2902836,0.8342423870710931,1.0
Slc10a3,-0.2092637,-1.010479,0.8342423870710931,1.0
Atp9a,-0.2092637,-1.0485169,0.8342423870710931,1.0
Gpr174,-0.2092637,-1.0169412,0.8342423870710931,1.0
Mpg,-0.2092637,-1.1319709,0.8342423870710931,1.0
Ptpn3,-0.2092637,-1.1175627,0.8342423870710931,1.0
Gstcd,-0.2092637,-1.1320839,0.8342423870710931,1.0
Dnajc17,-0.2092637,-0.8937351,0.8342423870710931,1.0
March2,-0.2092637,-1.1426548,0.8342423870710931,1.0
Stradb,-0.2092637,-1.0541782,0.8342423870710931,1.0
Spire2,-0.2092637,-1.1075299,0.8342423870710931,1.0
Gucd1,-0.2092637,-0.96346325,0.8342423870710931,1.0
Gng10,-0.2092637,-1.0208285,0.8342423870710931,1.0
Rnf115,-0.2092637,-0.51493204,0.8342423870710931,1.0
Nat10,-0.2092637,-0.97622675,0.8342423870710931,1.0
Hspbap1,-0.2092637,-1.1610541,0.8342423870710931,1.0
Uhmk1,-0.2092637,-0.13253164,0.8342423870710931,1.0
Comt,-0.2092637,-1.1511227,0.8342423870710931,1.0
Eps8,-0.2092637,-1.0622445,0.8342423870710931,1.0
Tep1,-0.2092637,-0.8323837,0.8342423870710931,1.0
Fbxo34,-0.2092637,-1.0948683,0.8342423870710931,1.0
Il12rb1,-0.2092637,-1.2305781,0.8342423870710931,1.0
Gba,-0.2092637,-1.0135263,0.8342423870710931,1.0
Mtr,-0.2092637,-1.0625819,0.8342423870710931,1.0
Suv39h1,-0.2092637,-0.93936837,0.8342423870710931,1.0
Icam1,-0.2092637,-0.91930664,0.8342423870710931,1.0
Ddx18,-0.2092637,-1.0390546,0.8342423870710931,1.0
Rdh13,-0.2092637,-0.79553324,0.8342423870710931,1.0
Ppp1r12c,-0.2092637,-1.0804698,0.8342423870710931,1.0
Atr,-0.2092637,-1.1647087,0.8342423870710931,1.0
Tmem185b,-0.2092637,-1.2328739,0.8342423870710931,1.0
Lag3,-0.2092637,-1.034445,0.8342423870710931,1.0
Fgf13,-0.2092637,-1.089258,0.8342423870710931,1.0
Ppm1b,-0.2092637,-0.07857654,0.8342423870710931,1.0
Brix1,-0.2092637,-0.98778373,0.8342423870710931,1.0
Reg3b,-0.2092637,-0.8970462,0.8342423870710931,1.0
Zbtb16,-0.2092637,-0.86842704,0.8342423870710931,1.0
Dnajb4,-0.2092637,-1.1307734,0.8342423870710931,1.0
Abi2,-0.2092637,-1.1292567,0.8342423870710931,1.0
Ccdc86,-0.2092637,-1.077787,0.8342423870710931,1.0
Trim16,-0.2092637,-1.283274,0.8342423870710931,1.0
Gjb1,-0.2092637,-1.3964548,0.8342423870710931,1.0
Ncaph2,-0.2092637,-1.1165816,0.8342423870710931,1.0
Dtx4,-0.2092637,-1.0134274,0.8342423870710931,1.0
Ifi35,-0.2092637,-1.181001,0.8342423870710931,1.0
Sap30,-0.2092637,-1.1516324,0.8342423870710931,1.0
Tpp2,-0.2092637,-0.12611003,0.8342423870710931,1.0
Mtor,-0.2092637,-0.98307914,0.8342423870710931,1.0
Kctd13,-0.2092637,-1.0839529,0.8342423870710931,1.0
Foxk1,-0.2092637,-0.8733915,0.8342423870710931,1.0
Npas2,-0.2092637,-0.9976251,0.8342423870710931,1.0
Cyb5r1,-0.2092637,-0.82641923,0.8342423870710931,1.0
Hoxb13,-0.2092637,-0.98220134,0.8342423870710931,1.0
Stk3,-0.2092637,-1.0893443,0.8342423870710931,1.0
Ifnar1,-0.2092637,-0.2844042,0.8342423870710931,1.0
Cstf2,-0.2092637,-0.8742386,0.8342423870710931,1.0
Map3k14,-0.2092637,-0.97315097,0.8342423870710931,1.0
Ptcd2,-0.2092637,-1.1317742,0.8342423870710931,1.0
Syt7,-0.2092637,-0.95334154,0.8342423870710931,1.0
Exoc1,-0.2092637,-0.92483014,0.8342423870710931,1.0
Mcm3,-0.213764,-1.2833487,0.830731103511542,1.0
Bmi1,-0.213764,-1.6073717,0.830731103511542,1.0
Rara,-0.213764,-0.38127294,0.830731103511542,1.0
Tmem39b,-0.213764,-1.1727332,0.830731103511542,1.0
Exoc7,-0.213764,-0.40249595,0.830731103511542,1.0
Syngr2,-0.213764,-1.3223035,0.830731103511542,1.0
Hsd11b1,-0.213764,-1.2582228,0.830731103511542,1.0
Osgin1,-0.213764,-0.30543667,0.830731103511542,1.0
Spock2,-0.213764,-1.1568507,0.830731103511542,1.0
Mapre2,-0.213764,-1.3619714,0.830731103511542,1.0
Chid1,-0.213764,-1.2945993,0.830731103511542,1.0
Dnajc22,-0.213764,-1.3456861,0.830731103511542,1.0
Ap3m2,-0.213764,-1.3201579,0.830731103511542,1.0
R3hcc1,-0.213764,-1.1589165,0.830731103511542,1.0
Trp53bp1,-0.213764,-1.2467935,0.830731103511542,1.0
Adam9,-0.213764,-1.2465659,0.830731103511542,1.0
Ilf2,-0.213764,-1.3079526,0.830731103511542,1.0
Fnbp4,-0.213764,-1.1353269,0.830731103511542,1.0
Timm8b,-0.213764,-1.2571675,0.830731103511542,1.0
Hsd17b7,-0.213764,-1.1898165,0.830731103511542,1.0
Baz2a,-0.213764,-1.2638079,0.830731103511542,1.0
Ddost,-0.213764,-0.23804802,0.830731103511542,1.0
Tnk2,-0.213764,-1.5284028,0.830731103511542,1.0
Zfhx2,-0.213764,-1.0869291,0.830731103511542,1.0
Cblc,-0.213764,-1.3401334,0.830731103511542,1.0
Mthfsd,-0.213764,-1.258884,0.830731103511542,1.0
Mdc1,-0.213764,-1.2827885,0.830731103511542,1.0
Clcn4,-0.213764,-1.1569688,0.830731103511542,1.0
Dhrs3,-0.213764,-1.1164604,0.830731103511542,1.0
Togaram1,-0.213764,-1.1911006,0.830731103511542,1.0
Arl15,-0.213764,-1.1604477,0.830731103511542,1.0
Nap1l1,-0.213764,-1.348517,0.830731103511542,1.0
Tsfm,-0.213764,-1.2589331,0.830731103511542,1.0
S1pr1,-0.213764,-1.1940866,0.830731103511542,1.0
Man2a1,-0.213764,-1.6321957,0.830731103511542,1.0
Mbtps2,-0.213764,-1.1098043,0.830731103511542,1.0
Errfi1,-0.213764,-1.0122843,0.830731103511542,1.0
Rpp14,-0.213764,-1.2404169,0.830731103511542,1.0
Arl8a,-0.213764,-1.374298,0.830731103511542,1.0
Ncmap,-0.213764,-1.1296083,0.830731103511542,1.0
Gtf2h2,-0.213764,-1.0283443,0.830731103511542,1.0
Etfbkmt,-0.213764,-1.1007029,0.830731103511542,1.0
Polr3h,-0.213764,-1.2513292,0.830731103511542,1.0
Slc17a9,-0.213764,-1.1267804,0.830731103511542,1.0
Flywch1,-0.213764,-1.1627939,0.830731103511542,1.0
Ube2n,-0.213764,-1.2586995,0.830731103511542,1.0
Nsrp1,-0.213764,-1.2161218,0.830731103511542,1.0
Mink1,-0.213764,-0.4436008,0.830731103511542,1.0
Fam135a,-0.213764,-1.5492991,0.830731103511542,1.0
Fdxr,-0.2182643,-1.4261639,0.8272231961802271,1.0
N4bp2l1,-0.2182643,-0.37796572,0.8272231961802271,1.0
Cpne1,-0.2182643,-1.6242036,0.8272231961802271,1.0
Dpy19l3,-0.2182643,-1.7028557,0.8272231961802271,1.0
Ankrd27,-0.2182643,-1.5344806,0.8272231961802271,1.0
Nup88,-0.2182643,-1.7005613,0.8272231961802271,1.0
Slc25a32,-0.2182643,-1.5348077,0.8272231961802271,1.0
Taf1b,-0.2182643,-1.6939299,0.8272231961802271,1.0
Polr3f,-0.2182643,-1.3305316,0.8272231961802271,1.0
Txlna,-0.2182643,-1.5227247,0.8272231961802271,1.0
Pnn,-0.2182643,-0.17514583,0.8272231961802271,1.0
Xrcc5,-0.2182643,-1.2947632,0.8272231961802271,1.0
Sema4a,-0.2182643,-0.18352434,0.8272231961802271,1.0
Apobec3,-0.2182643,-0.26402354,0.8272231961802271,1.0
Pcmtd2,-0.2182643,-1.5890753,0.8272231961802271,1.0
Gbp9,-0.2182643,-1.3301892,0.8272231961802271,1.0
Neurl1b,-0.2182643,-1.3386403,0.8272231961802271,1.0
Pknox1,-0.2182643,-1.2532223,0.8272231961802271,1.0
Entpd8,-0.2182643,-1.4234688,0.8272231961802271,1.0
Cbs,-0.2182643,-1.4017673,0.8272231961802271,1.0
Gskip,-0.2182643,-1.5306073,0.8272231961802271,1.0
Tsg101,-0.2182643,-1.7209475,0.8272231961802271,1.0
Sox9,-0.2182643,-1.5189174,0.8272231961802271,1.0
Btaf1,-0.2182643,-1.4295855,0.8272231961802271,1.0
Gnb2,-0.2182643,-0.33519658,0.8272231961802271,1.0
Trappc9,-0.2182643,-1.4265598,0.8272231961802271,1.0
Coro1c,-0.2182643,-1.7576783,0.8272231961802271,1.0
Xrn1,-0.2182643,-1.7636821,0.8272231961802271,1.0
Pggt1b,-0.2182643,-1.419439,0.8272231961802271,1.0
Phyh,-0.2182643,-0.40400505,0.8272231961802271,1.0
Fam57a,-0.2182643,-1.5541658,0.8272231961802271,1.0
Rbpms,-0.2182643,-0.09719764,0.8272231961802271,1.0
Dpysl2,-0.2182643,-1.4106652,0.8272231961802271,1.0
Slc25a25,-0.2182643,-1.2947599,0.8272231961802271,1.0
Edc3,-0.2182643,-1.9846407,0.8272231961802271,1.0
Ubr3,-0.2182643,-0.21761407,0.8272231961802271,1.0
Pfdn4,-0.2182643,-1.2521963,0.8272231961802271,1.0
Eif2ak3,-0.2182643,-1.7211152,0.8272231961802271,1.0
Fbxw4,-0.2182643,-1.7224905,0.8272231961802271,1.0
Akip1,-0.2182643,-1.810852,0.8272231961802271,1.0
Tbc1d15,-0.2182643,-1.4369038,0.8272231961802271,1.0
Ddt,-0.2182643,-0.58583736,0.8272231961802271,1.0
Mis18a,-0.2182643,-1.3065761,0.8272231961802271,1.0
Sirt6,-0.2182643,-1.8586749,0.8272231961802271,1.0
Cry1,-0.2182643,-1.6581913,0.8272231961802271,1.0
Tmco3,-0.2182643,-1.374864,0.8272231961802271,1.0
Tmem68,-0.2182643,-1.7660332,0.8272231961802271,1.0
Nrip1,-0.2182643,-1.5522408,0.8272231961802271,1.0
Tmem203,-0.2182643,-1.4385281,0.8272231961802271,1.0
Tex9,-0.2182643,-1.305793,0.8272231961802271,1.0
Tm9sf1,-0.2182643,-1.4162034,0.8272231961802271,1.0
Spryd3,-0.2182643,-1.601626,0.8272231961802271,1.0
Arhgap30,-0.2182643,-0.26060975,0.8272231961802271,1.0
Tor2a,-0.2182643,-1.3732463,0.8272231961802271,1.0
Arl6ip6,-0.2182643,-1.4654589,0.8272231961802271,1.0
Map2k2,-0.22051443,-0.12641758,0.82547052977344,1.0
Dock2,-0.22051443,-0.14291583,0.82547052977344,1.0
Nmt2,-0.22051443,-0.41476274,0.82547052977344,1.0
Clta,-0.22051443,-0.115097776,0.82547052977344,1.0
Clca1,-0.22051443,-0.040792454,0.82547052977344,1.0
Coq9,-0.22276458,-0.37416127,0.8237187328060565,1.0
Prkaa1,-0.22276458,-0.52511805,0.8237187328060565,1.0
Gnl3,-0.22276458,-0.18645601,0.8237187328060565,1.0
Fdps,-0.22276458,-0.40024668,0.8237187328060565,1.0
Pgls,-0.22501473,-0.3772676,0.8219678137119835,1.0
Akna,-0.22726488,-0.38955435,0.8202177809120151,1.0
Cyb5r4,-0.22726488,-0.086691745,0.8202177809120151,1.0
Top3b,-0.22726488,-0.33924988,0.8202177809120151,1.0
Qsox1,-0.22726488,-0.4531979,0.8202177809120151,1.0
Tsr3,-0.22726488,-0.18656674,0.8202177809120151,1.0
Nfya,-0.22726488,-0.38891107,0.8202177809120151,1.0
Suds3,-0.22726488,-0.12450724,0.8202177809120151,1.0
Myl6,-0.22726488,-0.28519896,0.8202177809120151,1.0
Sacm1l,-0.22726488,-0.43234766,0.8202177809120151,1.0
Cstb,-0.22726488,-0.49333876,0.8202177809120151,1.0
Prrt1,-0.23176518,-0.44018134,0.8167204078112699,1.0
Dstn,-0.23176518,-0.44960007,0.8167204078112699,1.0
Slc9a2,-0.23176518,-0.47185373,0.8167204078112699,1.0
Tmem229b,-0.23176518,-0.48849288,0.8167204078112699,1.0
Gtpbp1,-0.23176518,-0.1875541,0.8167204078112699,1.0
Zfp871,-0.23176518,-0.40461305,0.8167204078112699,1.0
Rer1,-0.23176518,-0.38455158,0.8167204078112699,1.0
Grn,-0.23176518,-0.43451276,0.8167204078112699,1.0
Cdc42se1,-0.23176518,-0.18938972,0.8167204078112699,1.0
Sh3glb1,-0.23176518,-0.24606512,0.8167204078112699,1.0
Snapc5,-0.23176518,-0.44389,0.8167204078112699,1.0
Gpr68,-0.23401532,-0.31032786,0.8149730842854214,1.0
Sec61a1,-0.23401532,-0.31988665,0.8149730842854214,1.0
Ube2v1,-0.23401532,-0.3385601,0.8149730842854214,1.0
Gspt1,-0.23626547,-0.49805245,0.8132266806032931,1.0
Rab18,-0.23626547,-0.17765328,0.8132266806032931,1.0
Snap47,-0.23626547,-0.42585522,0.8132266806032931,1.0
Ldlrad4,-0.23626547,-0.39210337,0.8132266806032931,1.0
Fgr,-0.23626547,-0.4777218,0.8132266806032931,1.0
Morf4l1,-0.23626547,-0.6033652,0.8132266806032931,1.0
Bnip2,-0.23626547,-0.48766023,0.8132266806032931,1.0
Palm,-0.23626547,-0.44527856,0.8132266806032931,1.0
Snrpd1,-0.23626547,-0.66971874,0.8132266806032931,1.0
Git2,-0.23626547,-0.35292774,0.8132266806032931,1.0
Parm1,-0.23626547,-0.5601528,0.8132266806032931,1.0
Ppp2r5a,-0.23851562,-0.305242,0.811481205118297,1.0
Maoa,-0.23851562,-0.24127534,0.811481205118297,1.0
Gng12,-0.24076577,-0.33349937,0.8097366661700088,1.0
Ncstn,-0.24076577,-0.46594504,0.8097366661700088,1.0
Polr1d,-0.24076577,-0.33743057,0.8097366661700088,1.0
Rnpepl1,-0.24076577,-0.34616724,0.8097366661700088,1.0
Snrpc,-0.24076577,-0.6076975,0.8097366661700088,1.0
Pa2g4,-0.24076577,-0.57211244,0.8097366661700088,1.0
Atp6v1e1,-0.24301592,-0.35326108,0.8079930720840482,1.0
Rnf19b,-0.24301592,-0.62585634,0.8079930720840482,1.0
Chpt1,-0.24526607,-0.60687065,0.8062504311719606,1.0
Tprgl,-0.24526607,-0.62701166,0.8062504311719606,1.0
C1qbp,-0.24526607,-0.56118685,0.8062504311719606,1.0
Sppl2a,-0.24526607,-0.553691,0.8062504311719606,1.0
Mfsd14b,-0.24526607,-0.6593681,0.8062504311719606,1.0
Dtymk,-0.24526607,-0.6057239,0.8062504311719606,1.0
Adgre5,-0.24526607,-0.4369684,0.8062504311719606,1.0
Klrk1,-0.24526607,-0.53239214,0.8062504311719606,1.0
Agpat2,-0.24526607,-0.6300105,0.8062504311719606,1.0
Las1l,-0.24526607,-0.6661404,0.8062504311719606,1.0
Gps1,-0.24526607,-0.27541167,0.8062504311719606,1.0
Kmt5b,-0.24526607,-0.5315462,0.8062504311719606,1.0
Lpp,-0.24976635,-0.67650586,0.802768042044501,1.0
Gemin7,-0.24976635,-0.54495597,0.802768042044501,1.0
Gnas,-0.24976635,-0.07858942,0.802768042044501,1.0
Prps2,-0.24976635,-0.6458388,0.802768042044501,1.0
Cmpk1,-0.24976635,-0.08837707,0.802768042044501,1.0
Ubap2,-0.24976635,-0.54730177,0.802768042044501,1.0
Rbbp4,-0.24976635,-0.22973429,0.802768042044501,1.0
Eps15,-0.24976635,-0.48740703,0.802768042044501,1.0
Otulinl,-0.2520165,-0.32736772,0.8010283103807814,1.0
Vil1,-0.2520165,-0.6197669,0.8010283103807814,1.0
Rdx,-0.25426665,-0.7130862,0.7992895649940036,1.0
Myo6,-0.25426665,-0.6244738,0.7992895649940036,1.0
Lamtor5,-0.25426665,-0.5325165,0.7992895649940036,1.0
Eif1ax,-0.25426665,-0.58209264,0.7992895649940036,1.0
Snrpb,-0.25426665,-0.74005246,0.7992895649940036,1.0
Zfp654,-0.25426665,-0.54257447,0.7992895649940036,1.0
Hibadh,-0.25426665,-0.55122125,0.7992895649940036,1.0
Gzmb,-0.25426665,-0.39274693,0.7992895649940036,1.0
Dgcr2,-0.25426665,-0.7009247,0.7992895649940036,1.0
Ube3a,-0.25426665,-0.6189802,0.7992895649940036,1.0
Cdc73,-0.25426665,-0.63243824,0.7992895649940036,1.0
Gpam,-0.25651678,-24.550175,0.7975518141235687,1.0
Gpr89,-0.25651678,-24.177765,0.7975518141235687,1.0
Uqcrb,-0.25651678,-24.479437,0.7975518141235687,1.0
Zfc3h1,-0.25651678,-24.55974,0.7975518141235687,1.0
Chka,-0.25651678,-24.147488,0.7975518141235687,1.0
Fanca,-0.25651678,-23.995321,0.7975518141235687,1.0
Tead3,-0.25651678,-24.309898,0.7975518141235687,1.0
Taf7,-0.25651678,-24.497171,0.7975518141235687,1.0
Zfp212,-0.25651678,-24.419228,0.7975518141235687,1.0
Alkbh4,-0.25651678,-24.981354,0.7975518141235687,1.0
Wdr4,-0.25651678,-24.609333,0.7975518141235687,1.0
Notch2,-0.25651678,-24.188557,0.7975518141235687,1.0
Phgdh,-0.25651678,-24.544584,0.7975518141235687,1.0
Paqr7,-0.25651678,-24.568748,0.7975518141235687,1.0
Armcx3,-0.25651678,-24.194342,0.7975518141235687,1.0
Vps9d1,-0.25651678,-24.581335,0.7975518141235687,1.0
Chd6,-0.25651678,-24.50197,0.7975518141235687,1.0
Pecam1,-0.25651678,-24.47031,0.7975518141235687,1.0
Nr2f6,-0.25651678,-24.037569,0.7975518141235687,1.0
Ocel1,-0.25651678,-24.321339,0.7975518141235687,1.0
Scpep1,-0.25651678,-24.59402,0.7975518141235687,1.0
E2f8,-0.25651678,-24.49317,0.7975518141235687,1.0
Zfp704,-0.25651678,-24.501875,0.7975518141235687,1.0
Ighmbp2,-0.25651678,-24.624922,0.7975518141235687,1.0
Ttbk2,-0.25651678,-24.518414,0.7975518141235687,1.0
Rassf3,-0.25651678,-24.402042,0.7975518141235687,1.0
Bcl11b,-0.25651678,-24.168306,0.7975518141235687,1.0
Atp23,-0.25651678,-24.461464,0.7975518141235687,1.0
Cd44,-0.25651678,-24.40851,0.7975518141235687,1.0
Rad51,-0.25651678,-24.63591,0.7975518141235687,1.0
Ptprn2,-0.25651678,-24.387547,0.7975518141235687,1.0
Aatf,-0.25651678,-24.67274,0.7975518141235687,1.0
Slc35g1,-0.25651678,-24.474388,0.7975518141235687,1.0
Plk3,-0.25651678,-24.478392,0.7975518141235687,1.0
Sp110,-0.25651678,-24.4271,0.7975518141235687,1.0
Coq2,-0.25651678,-24.486637,0.7975518141235687,1.0
Fam124b,-0.25651678,-24.391499,0.7975518141235687,1.0
Ccdc30,-0.25651678,-24.611816,0.7975518141235687,1.0
Heph,-0.25651678,-24.494553,0.7975518141235687,1.0
Zfp61,-0.25651678,-24.574991,0.7975518141235687,1.0
Trim12a,-0.25651678,-24.370356,0.7975518141235687,1.0
Traf3,-0.25651678,-24.397736,0.7975518141235687,1.0
Pomgnt2,-0.25651678,-24.608345,0.7975518141235687,1.0
Trmt11,-0.25651678,-24.485527,0.7975518141235687,1.0
Zbtb2,-0.25651678,-24.722065,0.7975518141235687,1.0
Mthfd1l,-0.25651678,-24.58413,0.7975518141235687,1.0
Iyd,-0.25651678,-24.431358,0.7975518141235687,1.0
Gna14,-0.25651678,-24.50771,0.7975518141235687,1.0
Gnaq,-0.25651678,-24.542583,0.7975518141235687,1.0
Nop16,-0.25651678,-24.155733,0.7975518141235687,1.0
Acp2,-0.25651678,-24.075119,0.7975518141235687,1.0
Rgs14,-0.25651678,-24.41328,0.7975518141235687,1.0
Kcnk1,-0.25651678,-24.52073,0.7975518141235687,1.0
Akr1e1,-0.25651678,-24.419836,0.7975518141235687,1.0
Tnks1bp1,-0.25651678,-24.73442,0.7975518141235687,1.0
Slc43a3,-0.25651678,-24.328466,0.7975518141235687,1.0
Fars2,-0.25651678,-24.676003,0.7975518141235687,1.0
Ints10,-0.25651678,-24.107267,0.7975518141235687,1.0
Urb2,-0.25651678,-24.375399,0.7975518141235687,1.0
Rab11fip3,-0.25651678,-24.28584,0.7975518141235687,1.0
Rpusd1,-0.25651678,-24.467665,0.7975518141235687,1.0
Spdef,-0.25651678,-24.321339,0.7975518141235687,1.0
Ccsap,-0.25651678,-24.329477,0.7975518141235687,1.0
Fut4,-0.25651678,-24.542246,0.7975518141235687,1.0
Cramp1l,-0.25651678,-24.481636,0.7975518141235687,1.0
Jmjd8,-0.25651678,-24.042364,0.7975518141235687,1.0
C1qtnf4,-0.25651678,-24.101479,0.7975518141235687,1.0
Commd9,-0.25651678,-24.708147,0.7975518141235687,1.0
Hsd17b12,-0.25651678,-24.443525,0.7975518141235687,1.0
Tedc2,-0.25651678,-24.490208,0.7975518141235687,1.0
Pan2,-0.25651678,-24.019533,0.7975518141235687,1.0
Zfp770,-0.25651678,-24.280716,0.7975518141235687,1.0
Aoah,-0.25651678,-24.042364,0.7975518141235687,1.0
Elp4,-0.25651678,-24.612782,0.7975518141235687,1.0
Mrs2,-0.25651678,-24.473219,0.7975518141235687,1.0
Gmnn,-0.25651678,-24.242691,0.7975518141235687,1.0
Osm,-0.25651678,-24.447819,0.7975518141235687,1.0
Mllt11,-0.25651678,-24.863794,0.7975518141235687,1.0
Dnajc11,-0.25651678,-24.480505,0.7975518141235687,1.0
Tpmt,-0.25651678,-24.371284,0.7975518141235687,1.0
Ttll12,-0.25651678,-24.501543,0.7975518141235687,1.0
Zfp213,-0.25651678,-24.581799,0.7975518141235687,1.0
Aldh1l1,-0.25651678,-24.580454,0.7975518141235687,1.0
Por,-0.25651678,-24.430021,0.7975518141235687,1.0
Magi1,-0.25651678,-24.309898,0.7975518141235687,1.0
Itpr1,-0.25651678,-24.456142,0.7975518141235687,1.0
Thoc6,-0.25651678,-24.532898,0.7975518141235687,1.0
Tspan4,-0.25651678,-24.151718,0.7975518141235687,1.0
Slc25a22,-0.25651678,-24.830837,0.7975518141235687,1.0
AB124611,-0.25651678,-23.964989,0.7975518141235687,1.0
Scp2,-0.25651678,-24.51027,0.7975518141235687,1.0
Xrcc1,-0.25651678,-24.559916,0.7975518141235687,1.0
Gnpda2,-0.25651678,-24.505548,0.7975518141235687,1.0
Zfp566,-0.25651678,-24.680866,0.7975518141235687,1.0
Slc10a7,-0.25651678,-24.434278,0.7975518141235687,1.0
Avpi1,-0.25651678,-24.255224,0.7975518141235687,1.0
Frat1,-0.25651678,-24.65278,0.7975518141235687,1.0
Arhgap19,-0.25651678,-24.550905,0.7975518141235687,1.0
Tinagl1,-0.25651678,-24.539919,0.7975518141235687,1.0
Acer1,-0.25651678,-24.459251,0.7975518141235687,1.0
Fbxo17,-0.25651678,-24.630018,0.7975518141235687,1.0
Hif1a,-0.25651678,-24.39479,0.7975518141235687,1.0
Rufy1,-0.25651678,-24.575268,0.7975518141235687,1.0
Tmem154,-0.25651678,-24.374905,0.7975518141235687,1.0
Mex3b,-0.25651678,-24.538002,0.7975518141235687,1.0
Galc,-0.25651678,-24.40851,0.7975518141235687,1.0
Gpatch11,-0.25651678,-24.13972,0.7975518141235687,1.0
Myo1b,-0.25651678,-24.528261,0.7975518141235687,1.0
Umad1,-0.25651678,-24.33361,0.7975518141235687,1.0
Mios,-0.25651678,-24.353228,0.7975518141235687,1.0
Jade3,-0.25651678,-23.745304,0.7975518141235687,1.0
Tmem185a,-0.25651678,-24.545439,0.7975518141235687,1.0
Sdc3,-0.25651678,-23.82332,0.7975518141235687,1.0
Aldh6a1,-0.25651678,-24.135347,0.7975518141235687,1.0
Nt5m,-0.25651678,-24.299675,0.7975518141235687,1.0
Cd1d1,-0.25651678,-24.62528,0.7975518141235687,1.0
Tnfsf14,-0.25651678,-24.645391,0.7975518141235687,1.0
Cadps2,-0.25651678,-24.634043,0.7975518141235687,1.0
Rbm10,-0.25651678,-24.112938,0.7975518141235687,1.0
Pot1a,-0.25651678,-24.44077,0.7975518141235687,1.0
Gtf3c3,-0.25651678,-24.526896,0.7975518141235687,1.0
H6pd,-0.25651678,-24.418043,0.7975518141235687,1.0
Cenps,-0.25651678,-24.179316,0.7975518141235687,1.0
Evi5l,-0.25651678,-24.258568,0.7975518141235687,1.0
Hyal2,-0.25651678,-24.620123,0.7975518141235687,1.0
Ube2j1,-0.25651678,-24.59531,0.7975518141235687,1.0
Lyrm9,-0.25651678,-24.60764,0.7975518141235687,1.0
Tnip2,-0.25651678,-24.414907,0.7975518141235687,1.0
Dbp,-0.25651678,-24.37395,0.7975518141235687,1.0
Sh3tc1,-0.25651678,-24.375399,0.7975518141235687,1.0
Gas2,-0.25651678,-24.548523,0.7975518141235687,1.0
Mrm3,-0.25651678,-24.52007,0.7975518141235687,1.0
Crem,-0.25651678,-24.272264,0.7975518141235687,1.0
Ston1,-0.25651678,-24.65572,0.7975518141235687,1.0
Bbs2,-0.25651678,-24.56271,0.7975518141235687,1.0
Unk,-0.25651678,-24.233381,0.7975518141235687,1.0
Lrrc45,-0.25651678,-24.077904,0.7975518141235687,1.0
Ctc1,-0.25651678,-24.549284,0.7975518141235687,1.0
Zscan2,-0.25651678,-24.45239,0.7975518141235687,1.0
Slc26a11,-0.25651678,-24.197529,0.7975518141235687,1.0
Neurl4,-0.25651678,-24.56198,0.7975518141235687,1.0
Mkrn2,-0.25651678,-24.494982,0.7975518141235687,1.0
Angel2,-0.25651678,-24.500475,0.7975518141235687,1.0
Smyd2,-0.25651678,-24.177765,0.7975518141235687,1.0
Cdk8,-0.25651678,-24.562302,0.7975518141235687,1.0
Msh6,-0.25651678,-24.558931,0.7975518141235687,1.0
Lman2l,-0.25651678,-24.395355,0.7975518141235687,1.0
Cbll1,-0.25651678,-24.38662,0.7975518141235687,1.0
Ndufaf5,-0.25651678,-24.014917,0.7975518141235687,1.0
Srbd1,-0.25651678,-24.376785,0.7975518141235687,1.0
Wwc1,-0.25651678,-24.451193,0.7975518141235687,1.0
Akr1b8,-0.25651678,-24.425243,0.7975518141235687,1.0
Cog4,-0.25651678,-24.394222,0.7975518141235687,1.0
Ubn2,-0.25651678,-24.363232,0.7975518141235687,1.0
Atp6v0a4,-0.25651678,-24.531446,0.7975518141235687,1.0
Cyp3a13,-0.25651678,-24.480207,0.7975518141235687,1.0
Lrch4,-0.25651678,-0.35648453,0.7975518141235687,1.0
Als2,-0.25651678,-24.407703,0.7975518141235687,1.0
F8a,-0.25651678,-24.952312,0.7975518141235687,1.0
Hnf1b,-0.25651678,-24.570076,0.7975518141235687,1.0
Mis12,-0.25651678,-24.2177,0.7975518141235687,1.0
Efna1,-0.25651678,-24.474388,0.7975518141235687,1.0
B9d2,-0.25651678,-24.353216,0.7975518141235687,1.0
Ogfod1,-0.25651678,-24.516153,0.7975518141235687,1.0
Atxn3,-0.25651678,-24.48692,0.7975518141235687,1.0
Chpf2,-0.25651678,-24.418526,0.7975518141235687,1.0
Abcb8,-0.25651678,-24.524324,0.7975518141235687,1.0
Coa4,-0.25651678,-24.435131,0.7975518141235687,1.0
Gtf2h4,-0.25651678,-24.552597,0.7975518141235687,1.0
Gabbr1,-0.25651678,-24.589918,0.7975518141235687,1.0
Cenpq,-0.25651678,-24.242672,0.7975518141235687,1.0
Utp14b,-0.25651678,-24.548193,0.7975518141235687,1.0
Dmap1,-0.25651678,-24.540527,0.7975518141235687,1.0
Homer3,-0.25651678,-24.278835,0.7975518141235687,1.0
Ufsp1,-0.25651678,-24.42142,0.7975518141235687,1.0
Slc2a9,-0.25651678,-24.37663,0.7975518141235687,1.0
Aldh16a1,-0.25651678,-24.338928,0.7975518141235687,1.0
Ern1,-0.25651678,-24.506685,0.7975518141235687,1.0
Rab5b,-0.25651678,-24.613008,0.7975518141235687,1.0
Zfp330,-0.25651678,-24.626068,0.7975518141235687,1.0
Cnpy4,-0.25651678,-24.46114,0.7975518141235687,1.0
Zfp113,-0.25651678,-24.295092,0.7975518141235687,1.0
Slc38a7,-0.25651678,-24.391499,0.7975518141235687,1.0
Tk2,-0.25651678,-24.237808,0.7975518141235687,1.0
Terf2,-0.25651678,-24.401907,0.7975518141235687,1.0
Yju2,-0.25651678,-24.160257,0.7975518141235687,1.0
Kif4,-0.25651678,-24.503147,0.7975518141235687,1.0
Acyp1,-0.25651678,-24.387428,0.7975518141235687,1.0
Angel1,-0.25651678,-24.177065,0.7975518141235687,1.0
Lsm11,-0.25651678,-24.134947,0.7975518141235687,1.0
Chrm1,-0.25651678,-24.037569,0.7975518141235687,1.0
Coq8b,-0.25651678,-24.603506,0.7975518141235687,1.0
Lcmt2,-0.25651678,-24.46247,0.7975518141235687,1.0
Hspa1b,-0.25651678,-24.726297,0.7975518141235687,1.0
Tmem236,-0.25651678,-24.437138,0.7975518141235687,1.0
Ankrd16,-0.25651678,-24.43919,0.7975518141235687,1.0
Ext1,-0.25651678,-24.722229,0.7975518141235687,1.0
Atad2,-0.25651678,-24.411762,0.7975518141235687,1.0
Brcc3,-0.25651678,-24.555447,0.7975518141235687,1.0
Tspan32,-0.25651678,-24.52073,0.7975518141235687,1.0
Igf2,-0.25651678,-24.408178,0.7975518141235687,1.0
Adam1a,-0.25651678,-24.353401,0.7975518141235687,1.0
Tef,-0.25651678,-24.520233,0.7975518141235687,1.0
Pxylp1,-0.25651678,-24.40215,0.7975518141235687,1.0
Gem,-0.25651678,-24.806196,0.7975518141235687,1.0
Slc27a1,-0.25651678,-24.708506,0.7975518141235687,1.0
Aldh3b2,-0.25651678,-24.452276,0.7975518141235687,1.0
Zfp607a,-0.25651678,-24.227356,0.7975518141235687,1.0
Slc39a8,-0.25651678,-24.204512,0.7975518141235687,1.0
Tysnd1,-0.25651678,-24.471321,0.7975518141235687,1.0
Tsen15,-0.25651678,-24.70316,0.7975518141235687,1.0
Smarca2,-0.25651678,-24.321339,0.7975518141235687,1.0
Yars2,-0.25651678,-24.48084,0.7975518141235687,1.0
Iqsec2,-0.25651678,-24.522573,0.7975518141235687,1.0
Spata2,-0.25651678,-24.664698,0.7975518141235687,1.0
Snx32,-0.25651678,-24.04729,0.7975518141235687,1.0
Enpp1,-0.25651678,-24.412777,0.7975518141235687,1.0
Ms4a4c,-0.25651678,-24.475698,0.7975518141235687,1.0
Gpsm1,-0.25651678,-24.407703,0.7975518141235687,1.0
Mtrf1,-0.25651678,-24.39095,0.7975518141235687,1.0
Slc11a2,-0.25651678,-24.609333,0.7975518141235687,1.0
Flywch2,-0.25651678,-24.439587,0.7975518141235687,1.0
Pgm3,-0.25651678,-24.525234,0.7975518141235687,1.0
Slc10a2,-0.25651678,-24.30736,0.7975518141235687,1.0
Ccr5,-0.25651678,-24.456575,0.7975518141235687,1.0
Sash1,-0.25651678,-24.24499,0.7975518141235687,1.0
Clpx,-0.25651678,-24.525936,0.7975518141235687,1.0
BC055324,-0.25651678,-24.127886,0.7975518141235687,1.0
Tmem38b,-0.25651678,-24.29035,0.7975518141235687,1.0
Prrg1,-0.25651678,-24.501387,0.7975518141235687,1.0
Etv6,-0.25651678,-24.681595,0.7975518141235687,1.0
Mapk1ip1,-0.25651678,-24.456575,0.7975518141235687,1.0
Prxl2b,-0.25651678,-24.564426,0.7975518141235687,1.0
Myo9a,-0.25651678,-24.5727,0.7975518141235687,1.0
Insl6,-0.25651678,-24.558056,0.7975518141235687,1.0
Dusp12,-0.25651678,-24.209694,0.7975518141235687,1.0
Eif4ebp1,-0.25651678,-24.696693,0.7975518141235687,1.0
Glt8d1,-0.25651678,-24.303411,0.7975518141235687,1.0
Sik2,-0.25651678,-24.51027,0.7975518141235687,1.0
Rasef,-0.25651678,-24.19966,0.7975518141235687,1.0
Megf9,-0.25651678,-24.528118,0.7975518141235687,1.0
Whrn,-0.25651678,-24.519417,0.7975518141235687,1.0
Peak1,-0.25651678,-24.247252,0.7975518141235687,1.0
Gtf2h3,-0.25651678,-24.568409,0.7975518141235687,1.0
Pradc1,-0.25651678,-24.289742,0.7975518141235687,1.0
Zfp638,-0.25651678,-24.438183,0.7975518141235687,1.0
Yeats2,-0.25651678,-24.28152,0.7975518141235687,1.0
Etv5,-0.25651678,-24.38372,0.7975518141235687,1.0
Rft1,-0.25651678,-24.38565,0.7975518141235687,1.0
Zbtb37,-0.25651678,-23.999645,0.7975518141235687,1.0
Zfp703,-0.25651678,-24.697706,0.7975518141235687,1.0
Fbrsl1,-0.25651678,-24.619875,0.7975518141235687,1.0
Golga3,-0.25651678,-24.50292,0.7975518141235687,1.0
Supv3l1,-0.25651678,-24.3144,0.7975518141235687,1.0
Pwp2,-0.25651678,-24.305231,0.7975518141235687,1.0
Mrrf,-0.25651678,-24.524109,0.7975518141235687,1.0
Ddhd1,-0.25651678,-24.278835,0.7975518141235687,1.0
Wdr11,-0.25651678,-24.573109,0.7975518141235687,1.0
Samd8,-0.25651678,-24.252659,0.7975518141235687,1.0
Polr3a,-0.25651678,-24.313696,0.7975518141235687,1.0
Lypd6b,-0.25651678,-24.650425,0.7975518141235687,1.0
Epc2,-0.25651678,-24.845453,0.7975518141235687,1.0
Zfp664,-0.25651678,-24.273281,0.7975518141235687,1.0
Mrtfb,-0.25651678,-24.516329,0.7975518141235687,1.0
Prodh,-0.25651678,-24.503733,0.7975518141235687,1.0
Gtf2f2,-0.25651678,-24.887903,0.7975518141235687,1.0
Lage3,-0.25651678,-24.45704,0.7975518141235687,1.0
Lca5,-0.25651678,-24.366234,0.7975518141235687,1.0
Phip,-0.25651678,-24.638865,0.7975518141235687,1.0
Alg11,-0.25651678,-24.48246,0.7975518141235687,1.0
Arsa,-0.25651678,-24.290731,0.7975518141235687,1.0
Ergic3,-0.25651678,-24.544865,0.7975518141235687,1.0
Kif16b,-0.25651678,-24.520903,0.7975518141235687,1.0
Coil,-0.25651678,-24.512716,0.7975518141235687,1.0
Mboat2,-0.25651678,-24.64687,0.7975518141235687,1.0
Homer2,-0.25651678,-24.298883,0.7975518141235687,1.0
Prss23,-0.25651678,-24.546944,0.7975518141235687,1.0
Fnip2,-0.25651678,-24.302746,0.7975518141235687,1.0
Anks6,-0.25651678,-24.723154,0.7975518141235687,1.0
Bcl2l1,-0.25651678,-24.454756,0.7975518141235687,1.0
Cdc42bpg,-0.25651678,-23.882421,0.7975518141235687,1.0
Brca2,-0.25651678,-24.028091,0.7975518141235687,1.0
Phkb,-0.25651678,-24.439587,0.7975518141235687,1.0
Deptor,-0.25651678,-24.657145,0.7975518141235687,1.0
Prkar2b,-0.25651678,-24.148172,0.7975518141235687,1.0
Epn2,-0.25651678,-24.434496,0.7975518141235687,1.0
Wrap53,-0.25651678,-24.074144,0.7975518141235687,1.0
Rsrc1,-0.25651678,-24.589848,0.7975518141235687,1.0
Ttc32,-0.25651678,-24.674128,0.7975518141235687,1.0
Msl3,-0.25651678,-24.598694,0.7975518141235687,1.0
Pfn2,-0.25651678,-24.447691,0.7975518141235687,1.0
Tubd1,-0.25651678,-24.07493,0.7975518141235687,1.0
Sh3yl1,-0.25651678,-24.466597,0.7975518141235687,1.0
Stim2,-0.25651678,-24.55812,0.7975518141235687,1.0
Pex11a,-0.25651678,-24.540415,0.7975518141235687,1.0
Slc5a1,-0.25651678,-24.512642,0.7975518141235687,1.0
Kctd9,-0.25651678,-24.78571,0.7975518141235687,1.0
Egr3,-0.25651678,-25.176815,0.7975518141235687,1.0
Coq4,-0.25651678,-24.28478,0.7975518141235687,1.0
Gbp5,-0.25651678,-24.428812,0.7975518141235687,1.0
Gopc,-0.25651678,-24.546633,0.7975518141235687,1.0
Nr4a3,-0.25651678,-24.519417,0.7975518141235687,1.0
Zfpl1,-0.25651678,-24.275385,0.7975518141235687,1.0
Fbxl20,-0.25651678,-24.358335,0.7975518141235687,1.0
Arl5c,-0.25651678,-24.540527,0.7975518141235687,1.0
Plekhm2,-0.25651678,-24.287363,0.7975518141235687,1.0
Prpf40b,-0.25651678,-24.656609,0.7975518141235687,1.0
Slc2a6,-0.25651678,-24.434195,0.7975518141235687,1.0
Traf4,-0.25651678,-24.4178,0.7975518141235687,1.0
Poldip2,-0.25651678,-24.40968,0.7975518141235687,1.0
Aoc2,-0.25651678,-24.954134,0.7975518141235687,1.0
Dusp3,-0.25651678,-24.456434,0.7975518141235687,1.0
P2ry10b,-0.25651678,-24.925909,0.7975518141235687,1.0
Otud5,-0.25651678,-24.497921,0.7975518141235687,1.0
Ogfod2,-0.25651678,-24.433672,0.7975518141235687,1.0
Tia1,-0.25651678,-24.403078,0.7975518141235687,1.0
Rnf186,-0.25651678,-24.151052,0.7975518141235687,1.0
Slc41a3,-0.25651678,-24.707293,0.7975518141235687,1.0
Qsox2,-0.25651678,-24.729082,0.7975518141235687,1.0
Bet1l,-0.25651678,-24.498194,0.7975518141235687,1.0
Klrb1c,-0.25651678,-24.35454,0.7975518141235687,1.0
Shtn1,-0.25651678,-24.719772,0.7975518141235687,1.0
Alyref2,-0.25651678,-24.669,0.7975518141235687,1.0
Ggct,-0.25651678,-24.24489,0.7975518141235687,1.0
Tbl2,-0.25651678,-24.58135,0.7975518141235687,1.0
Stk26,-0.25651678,-24.318184,0.7975518141235687,1.0
Vps37c,-0.25651678,-24.473038,0.7975518141235687,1.0
Phtf1,-0.25651678,-24.548285,0.7975518141235687,1.0
Cir1,-0.25651678,-25.277357,0.7975518141235687,1.0
Tmem242,-0.25651678,-24.333965,0.7975518141235687,1.0
Aga,-0.25651678,-24.577374,0.7975518141235687,1.0
Snx25,-0.25651678,-24.440054,0.7975518141235687,1.0
Crcp,-0.25651678,-24.471321,0.7975518141235687,1.0
Acad8,-0.25651678,-24.286013,0.7975518141235687,1.0
Elof1,-0.25651678,-24.300333,0.7975518141235687,1.0
Tmem218,-0.25651678,-24.447636,0.7975518141235687,1.0
Zdhhc21,-0.25651678,-24.565094,0.7975518141235687,1.0
Lrif1,-0.25651678,-24.520903,0.7975518141235687,1.0
St7l,-0.25651678,-24.621973,0.7975518141235687,1.0
Scyl2,-0.25651678,-24.356722,0.7975518141235687,1.0
Apobr,-0.25651678,-24.512308,0.7975518141235687,1.0
Spns1,-0.25651678,-24.63634,0.7975518141235687,1.0
Gpc4,-0.25651678,-24.354462,0.7975518141235687,1.0
Fyb2,-0.25651678,-24.530014,0.7975518141235687,1.0
Trmt44,-0.25651678,-24.54238,0.7975518141235687,1.0
Aifm1,-0.25651678,-24.505548,0.7975518141235687,1.0
Slc35b1,-0.25651678,-24.645082,0.7975518141235687,1.0
Mfge8,-0.25651678,-24.076202,0.7975518141235687,1.0
Ptgfrn,-0.25651678,-24.234638,0.7975518141235687,1.0
Lcmt1,-0.25651678,-24.40411,0.7975518141235687,1.0
Sbk1,-0.25651678,-24.648367,0.7975518141235687,1.0
Ikzf4,-0.25651678,-24.417618,0.7975518141235687,1.0
Zfp825,-0.25651678,-24.318642,0.7975518141235687,1.0
Lysmd3,-0.25651678,-24.116228,0.7975518141235687,1.0
Slf1,-0.25651678,-24.465986,0.7975518141235687,1.0
Dhfr,-0.25651678,-24.019533,0.7975518141235687,1.0
Ccnh,-0.25651678,-24.503689,0.7975518141235687,1.0
Fam151b,-0.25651678,-24.523428,0.7975518141235687,1.0
Fam122b,-0.25651678,-24.404428,0.7975518141235687,1.0
Cdk4,-0.25651678,-24.878185,0.7975518141235687,1.0
Rnf152,-0.25651678,-24.558916,0.7975518141235687,1.0
Pbx4,-0.25651678,-24.501543,0.7975518141235687,1.0
Rtl8b,-0.25651678,-24.064434,0.7975518141235687,1.0
Dio1,-0.25651678,-24.50864,0.7975518141235687,1.0
Aqp1,-0.25651678,-24.582657,0.7975518141235687,1.0
Tatdn1,-0.25651678,-24.430878,0.7975518141235687,1.0
Poc1b,-0.25651678,-24.31111,0.7975518141235687,1.0
Cep83,-0.25651678,-24.655851,0.7975518141235687,1.0
Gdap2,-0.25651678,-24.391499,0.7975518141235687,1.0
Tmem238,-0.25651678,-24.616543,0.7975518141235687,1.0
Wdfy3,-0.25651678,-24.548105,0.7975518141235687,1.0
Col4a3bp,-0.25651678,-24.321121,0.7975518141235687,1.0
Tmcc3,-0.25651678,-24.639816,0.7975518141235687,1.0
Nedd1,-0.25651678,-24.485527,0.7975518141235687,1.0
Uhrf1bp1l,-0.25651678,-24.38716,0.7975518141235687,1.0
Coa7,-0.25651678,-24.441835,0.7975518141235687,1.0
Haus7,-0.25651678,-24.340199,0.7975518141235687,1.0
Runx1,-0.25651678,-24.370079,0.7975518141235687,1.0
Tfb1m,-0.25651678,-24.603113,0.7975518141235687,1.0
Zfp760,-0.25651678,-24.52763,0.7975518141235687,1.0
Gramd1c,-0.25651678,-24.583252,0.7975518141235687,1.0
Ppp1r12b,-0.25651678,-24.629519,0.7975518141235687,1.0
BC016579,-0.25651678,-24.415504,0.7975518141235687,1.0
Plekha6,-0.25651678,-24.586954,0.7975518141235687,1.0
E2f2,-0.25651678,-24.431734,0.7975518141235687,1.0
Rexo1,-0.25651678,-24.368784,0.7975518141235687,1.0
Mex3d,-0.25651678,-24.351837,0.7975518141235687,1.0
Oasl2,-0.25651678,-24.579453,0.7975518141235687,1.0
Mmab,-0.25651678,-24.388182,0.7975518141235687,1.0
Rad51ap1,-0.25651678,-24.225197,0.7975518141235687,1.0
Nup155,-0.25651678,-24.183031,0.7975518141235687,1.0
Aldh7a1,-0.25651678,-24.732634,0.7975518141235687,1.0
Pramef8,-0.25651678,-24.014917,0.7975518141235687,1.0
Kcna3,-0.25651678,-24.363152,0.7975518141235687,1.0
Mcf2l,-0.25651678,-24.184502,0.7975518141235687,1.0
Pcbp4,-0.25651678,-24.40332,0.7975518141235687,1.0
Nudt16,-0.25651678,-24.542736,0.7975518141235687,1.0
Ubap1,-0.25651678,-24.663116,0.7975518141235687,1.0
Thop1,-0.25651678,-24.326115,0.7975518141235687,1.0
Sgta,-0.25651678,-24.065882,0.7975518141235687,1.0
Kctd6,-0.25651678,-24.33416,0.7975518141235687,1.0
Dapl1,-0.25651678,-24.688807,0.7975518141235687,1.0
Mss51,-0.25651678,-24.496517,0.7975518141235687,1.0
Sumf2,-0.25651678,-24.479372,0.7975518141235687,1.0
Phldb1,-0.25651678,-24.448914,0.7975518141235687,1.0
Sik3,-0.25651678,-24.594934,0.7975518141235687,1.0
Plet1,-0.25651678,-24.431608,0.7975518141235687,1.0
Cntln,-0.25651678,-24.138704,0.7975518141235687,1.0
Plscr4,-0.25651678,-24.706257,0.7975518141235687,1.0
Depdc5,-0.25651678,-24.575644,0.7975518141235687,1.0
Hdac8,-0.25651678,-24.48985,0.7975518141235687,1.0
Pin4,-0.25651678,-24.443129,0.7975518141235687,1.0
Pkig,-0.25651678,-24.549284,0.7975518141235687,1.0
Bcl2l12,-0.25651678,-24.501032,0.7975518141235687,1.0
Sclt1,-0.25651678,-24.554325,0.7975518141235687,1.0
Abhd18,-0.25651678,-24.659554,0.7975518141235687,1.0
Plk4,-0.25651678,-24.415136,0.7975518141235687,1.0
Hspa4l,-0.25651678,-24.125687,0.7975518141235687,1.0
Exosc9,-0.25651678,-24.172676,0.7975518141235687,1.0
Zdhhc15,-0.25651678,-24.549908,0.7975518141235687,1.0
Slc30a5,-0.25651678,-24.845545,0.7975518141235687,1.0
Elovl7,-0.25651678,-24.638884,0.7975518141235687,1.0
Ptprg,-0.25651678,-24.63791,0.7975518141235687,1.0
Ampd2,-0.25651678,-24.568977,0.7975518141235687,1.0
Gstm4,-0.25651678,-24.611816,0.7975518141235687,1.0
Caap1,-0.25651678,-24.490715,0.7975518141235687,1.0
Hspa13,-0.25651678,-24.456142,0.7975518141235687,1.0
Cdk18,-0.25651678,-24.46814,0.7975518141235687,1.0
Tigd2,-0.25651678,-24.290213,0.7975518141235687,1.0
Siae,-0.25651678,-24.544584,0.7975518141235687,1.0
Nrgn,-0.25651678,-24.730577,0.7975518141235687,1.0
Pgm1,-0.25651678,-24.457531,0.7975518141235687,1.0
Cd200r2,-0.25651678,-24.04729,0.7975518141235687,1.0
Lrch3,-0.25651678,-24.47284,0.7975518141235687,1.0
Pex1,-0.25651678,-24.329681,0.7975518141235687,1.0
Plekhn1,-0.25651678,-24.151052,0.7975518141235687,1.0
Zfp646,-0.25651678,-24.407703,0.7975518141235687,1.0
Spc25,-0.25651678,-24.40893,0.7975518141235687,1.0
Bmf,-0.25876695,-0.6119627,0.7958150659940968,1.0
Smim20,-0.25876695,-0.6566375,0.7958150659940968,1.0
Rcsd1,-0.25876695,-0.24877323,0.7958150659940968,1.0
Ppp1r1b,-0.26101708,-0.16707379,0.7940793288153116,1.0
Znrf1,-0.26326725,-0.67641383,0.7923446107819232,1.0
Gyg,-0.26326725,-0.35042188,0.7923446107819232,1.0
Rbm5,-0.26326725,-0.31962532,0.7923446107819232,1.0
Hook3,-0.26326725,-0.7407395,0.7923446107819232,1.0
Pcnx3,-0.26326725,-0.70977414,0.7923446107819232,1.0
Twf1,-0.26326725,-0.73114777,0.7923446107819232,1.0
Traf7,-0.26326725,-0.65983874,0.7923446107819232,1.0
Sp1,-0.26326725,-0.64144295,0.7923446107819232,1.0
Surf1,-0.26776752,-0.73351973,0.7888782648544189,1.0
Stat3,-0.26776752,-0.23002274,0.7888782648544189,1.0
Dnajb11,-0.26776752,-0.20324916,0.7888782648544189,1.0
Mogs,-0.26776752,-0.88012415,0.7888782648544189,1.0
Glyr1,-0.26776752,-0.28195983,0.7888782648544189,1.0
Tpst2,-0.26776752,-0.790858,0.7888782648544189,1.0
Nfe2l2,-0.26776752,-0.3775798,0.7888782648544189,1.0
Stk11,-0.26776752,-0.33552745,0.7888782648544189,1.0
Sp100,-0.27001768,-0.3508387,0.7871466532736194,1.0
Mvb12b,-0.27001768,-0.2632758,0.7871466532736194,1.0
Capns1,-0.27001768,-0.16575919,0.7871466532736194,1.0
Parp14,-0.27226782,-0.5604212,0.7854160934646199,1.0
Srsf10,-0.27226782,-0.44967964,0.7854160934646199,1.0
Prr14,-0.27226782,-0.9582608,0.7854160934646199,1.0
Sinhcaf,-0.27226782,-0.6482147,0.7854160934646199,1.0
Dab2ip,-0.27226782,-0.56428796,0.7854160934646199,1.0
Mtf2,-0.27226782,-0.3254503,0.7854160934646199,1.0
Ppp2r2a,-0.27226782,-0.6692083,0.7854160934646199,1.0
Adra2a,-0.27226782,-0.67408633,0.7854160934646199,1.0
Stk16,-0.27226782,-0.6621393,0.7854160934646199,1.0
Chp1,-0.27226782,-0.31128508,0.7854160934646199,1.0
Tgoln1,-0.27226782,-0.17489062,0.7854160934646199,1.0
Blnk,-0.27226782,-1.0461876,0.7854160934646199,1.0
Lgr4,-0.27226782,-0.62677324,0.7854160934646199,1.0
Eya3,-0.27226782,-0.56684554,0.7854160934646199,1.0
Heg1,-0.27226782,-0.49996427,0.7854160934646199,1.0
Unc50,-0.27226782,-0.6225389,0.7854160934646199,1.0
Ciapin1,-0.27226782,-0.5626675,0.7854160934646199,1.0
Rpn2,-0.27226782,-0.723808,0.7854160934646199,1.0
Dnajc15,-0.27226782,-0.35881892,0.7854160934646199,1.0
Gtpbp6,-0.27226782,-0.64916015,0.7854160934646199,1.0
Tubgcp3,-0.27226782,-0.49502477,0.7854160934646199,1.0
Fam111a,-0.27226782,-0.6112772,0.7854160934646199,1.0
Per1,-0.27226782,-0.453719,0.7854160934646199,1.0
Plscr3,-0.27226782,-0.590723,0.7854160934646199,1.0
Zfp598,-0.27226782,-0.08398539,0.7854160934646199,1.0
Crtam,-0.27226782,-0.49730083,0.7854160934646199,1.0
Pdzd8,-0.27226782,-0.766914,0.7854160934646199,1.0
Tm2d3,-0.27226782,-0.6870345,0.7854160934646199,1.0
Acaca,-0.27226782,-0.6532953,0.7854160934646199,1.0
Ankrd11,-0.27451798,-0.32746288,0.783686593545338,1.0
Pik3r1,-0.27451798,-0.26034993,0.783686593545338,1.0
Sh2d2a,-0.27676812,-0.43483365,0.7819581616179903,1.0
Scrn2,-0.27676812,-0.33828944,0.7819581616179903,1.0
Baz1b,-0.27676812,-0.64020383,0.7819581616179903,1.0
Aff4,-0.27676812,-0.8018559,0.7819581616179903,1.0
Tmed4,-0.27676812,-0.64335054,0.7819581616179903,1.0
Tmem9,-0.27676812,-0.6362357,0.7819581616179903,1.0
Pdk2,-0.27676812,-0.7334955,0.7819581616179903,1.0
Surf6,-0.27676812,-0.5597888,0.7819581616179903,1.0
Ddx17,-0.27676812,-0.22410215,0.7819581616179903,1.0
Ano6,-0.27676812,-0.65182936,0.7819581616179903,1.0
Mien1,-0.27676812,-0.64919496,0.7819581616179903,1.0
Prkcq,-0.27901825,-0.5121803,0.7802308057689782,1.0
Dynll1,-0.27901825,-0.32401764,0.7802308057689782,1.0
Uqcc2,-0.28126842,-0.38937262,0.778504534068776,1.0
Fchsd2,-0.28126842,-0.78775096,0.778504534068776,1.0
Zfp91,-0.28126842,-0.7007955,0.778504534068776,1.0
Smndc1,-0.28126842,-0.81397057,0.778504534068776,1.0
Irf8,-0.28126842,-0.7931184,0.778504534068776,1.0
Vapa,-0.28126842,-0.63762474,0.778504534068776,1.0
Rab10,-0.28126842,-0.47059312,0.778504534068776,1.0
Runx3,-0.28126842,-0.05746236,0.778504534068776,1.0
Gnpat,-0.28126842,-0.66328824,0.778504534068776,1.0
Sbds,-0.28126842,-0.26807392,0.778504534068776,1.0
Azin1,-0.28126842,-0.7314755,0.778504534068776,1.0
Tcf20,-0.28126842,-0.58678746,0.778504534068776,1.0
Iqsec1,-0.28126842,-0.8677931,0.778504534068776,1.0
Smpdl3a,-0.28126842,-0.23317407,0.778504534068776,1.0
Khsrp,-0.28126842,-0.63997096,0.778504534068776,1.0
Nr3c2,-0.28126842,-0.68449485,0.778504534068776,1.0
Hprt,-0.28126842,-0.45685652,0.778504534068776,1.0
Ogfr,-0.28126842,-0.23592222,0.778504534068776,1.0
Ptcd3,-0.28126842,-0.9136177,0.778504534068776,1.0
Ugcg,-0.28351855,-0.2756782,0.7767793545718172,1.0
Psmc4,-0.28351855,-0.35231906,0.7767793545718172,1.0
Tomm40,-0.28351855,-0.33705458,0.7767793545718172,1.0
Nus1,-0.28576872,-0.8864803,0.7750552753163832,1.0
Gpr34,-0.28576872,-0.8001518,0.7750552753163832,1.0
Ireb2,-0.28576872,-0.78782797,0.7750552753163832,1.0
Mbnl3,-0.28576872,-0.8345718,0.7750552753163832,1.0
G3bp2,-0.28576872,-0.28283188,0.7750552753163832,1.0
Hsbp1,-0.28576872,-0.3160733,0.7750552753163832,1.0
Coa5,-0.28576872,-0.7644898,0.7750552753163832,1.0
Fam193b,-0.28576872,-0.74005294,0.7750552753163832,1.0
Gabarapl1,-0.28576872,-0.47093087,0.7750552753163832,1.0
Slamf7,-0.28576872,-0.82577604,0.7750552753163832,1.0
Tesk1,-0.28576872,-0.69976074,0.7750552753163832,1.0
Gsap,-0.28576872,-0.70987,0.7750552753163832,1.0
Dcaf13,-0.28576872,-0.9357202,0.7750552753163832,1.0
Lars,-0.28576872,-0.73322034,0.7750552753163832,1.0
Ufm1,-0.28576872,-0.7770082,0.7750552753163832,1.0
Dnmt3a,-0.28576872,-0.8029185,0.7750552753163832,1.0
Ethe1,-0.28801885,-0.20240244,0.7733323043244908,1.0
Nras,-0.28801885,-0.3587903,0.7733323043244908,1.0
Arl3,-0.29026902,-0.8908915,0.7716104496017816,1.0
Hspa5,-0.29026902,-0.8717552,0.7716104496017816,1.0
Gosr1,-0.29026902,-0.8263958,0.7716104496017816,1.0
Dcaf8,-0.29026902,-0.7493826,0.7716104496017816,1.0
Tm2d2,-0.29026902,-0.7411594,0.7716104496017816,1.0
Aldh4a1,-0.29026902,-0.8516887,0.7716104496017816,1.0
Gart,-0.29026902,-0.853568,0.7716104496017816,1.0
Arhgap26,-0.29026902,-0.78821653,0.7716104496017816,1.0
Gabpb1,-0.29026902,-0.85959375,0.7716104496017816,1.0
Galk2,-0.29026902,-0.80251455,0.7716104496017816,1.0
Fam53c,-0.29026902,-0.84197456,0.7716104496017816,1.0
Ppil4,-0.29026902,-0.67503834,0.7716104496017816,1.0
Herc4,-0.29026902,-0.95630443,0.7716104496017816,1.0
Gna11,-0.29026902,-0.38784614,0.7716104496017816,1.0
Ddah1,-0.29026902,-0.85219616,0.7716104496017816,1.0
Stard4,-0.29026902,-0.8500422,0.7716104496017816,1.0
Cdt1,-0.29026902,-0.77421683,0.7716104496017816,1.0
Ahsa2,-0.29026902,-0.89323336,0.7716104496017816,1.0
Cnih1,-0.29251915,-0.44798568,0.76988971913741,1.0
Pqbp1,-0.29251915,-0.21324898,0.76988971913741,1.0
Lypd8,-0.29251915,-0.1985608,0.76988971913741,1.0
Nfkb1,-0.29251915,-0.6434192,0.76988971913741,1.0
Sla2,-0.2947693,-1.0525538,0.7681701209039336,1.0
Dynlt1f,-0.2947693,-0.913935,0.7681701209039336,1.0
Ctla2b,-0.2947693,-1.0392344,0.7681701209039336,1.0
Oga,-0.2947693,-0.45202306,0.7681701209039336,1.0
Ms4a8a,-0.2947693,-0.9190314,0.7681701209039336,1.0
Il18rap,-0.2947693,-0.90104777,0.7681701209039336,1.0
Srm,-0.2947693,-0.9759229,0.7681701209039336,1.0
Clasrp,-0.2947693,-0.9063968,0.7681701209039336,1.0
Ociad2,-0.2947693,-0.902079,0.7681701209039336,1.0
Yipf4,-0.2947693,-0.9768209,0.7681701209039336,1.0
Bcl2l11,-0.2947693,-0.7393081,0.7681701209039336,1.0
Crb3,-0.2947693,-0.97439164,0.7681701209039336,1.0
Cdca7l,-0.2947693,-0.8805123,0.7681701209039336,1.0
Vps4b,-0.2947693,-0.8819912,0.7681701209039336,1.0
Rbm45,-0.2947693,-0.74881774,0.7681701209039336,1.0
H2-K1,-0.2947693,-0.21088806,0.7681701209039336,1.0
Magt1,-0.2947693,-0.54926556,0.7681701209039336,1.0
Usp39,-0.2947693,-0.9344631,0.7681701209039336,1.0
Ankrd10,-0.2947693,-1.0409329,0.7681701209039336,1.0
Naaa,-0.2947693,-0.992341,0.7681701209039336,1.0
Cebpg,-0.29701945,-0.31891382,0.766451662857202,1.0
Snrnp25,-0.29701945,-0.9584995,0.766451662857202,1.0
Prkd2,-0.29701945,-0.47508124,0.766451662857202,1.0
Sla,-0.29701945,-0.45323175,0.766451662857202,1.0
Ddx10,-0.29701945,-0.6709308,0.766451662857202,1.0
Ppp1r9b,-0.2992696,-0.34511325,0.7647343529362484,1.0
Atp2c1,-0.2992696,-0.9892073,0.7647343529362484,1.0
Cln6,-0.2992696,-0.9917636,0.7647343529362484,1.0
Rcc2,-0.2992696,-1.1039463,0.7647343529362484,1.0
P2rx4,-0.2992696,-0.9320576,0.7647343529362484,1.0
Sp4,-0.2992696,-1.1172782,0.7647343529362484,1.0
Helz2,-0.2992696,-1.0542978,0.7647343529362484,1.0
Paxip1,-0.2992696,-0.99520075,0.7647343529362484,1.0
Polr1c,-0.2992696,-0.6377418,0.7647343529362484,1.0
Hao2,-0.2992696,-0.21706928,0.7647343529362484,1.0
Kpnb1,-0.2992696,-0.9365672,0.7647343529362484,1.0
Ncbp3,-0.2992696,-0.9414495,0.7647343529362484,1.0
Cdk12,-0.2992696,-1.1870537,0.7647343529362484,1.0
Clybl,-0.2992696,-0.97004426,0.7647343529362484,1.0
Mboat1,-0.2992696,-0.88780594,0.7647343529362484,1.0
Rhbdd1,-0.2992696,-1.1352787,0.7647343529362484,1.0
Hras,-0.30151975,-0.42968246,0.7630181990631788,1.0
Acsl5,-0.30151975,-0.5262851,0.7630181990631788,1.0
Dr1,-0.30151975,-0.23076905,0.7630181990631788,1.0
Raf1,-0.30151975,-0.33923817,0.7630181990631788,1.0
Sypl,-0.30151975,-0.27778643,0.7630181990631788,1.0
Dpp9,-0.30151975,-0.4732075,0.7630181990631788,1.0
Scaf1,-0.3037699,-0.29046974,0.761303209143064,1.0
Uqcr11,-0.3037699,-1.1965611,0.761303209143064,1.0
Rap1gap,-0.3037699,-0.9839555,0.761303209143064,1.0
Naxe,-0.3037699,-1.0650319,0.761303209143064,1.0
Camk1d,-0.3037699,-1.262742,0.761303209143064,1.0
Sephs1,-0.3037699,-1.1341721,0.761303209143064,1.0
Oas1a,-0.3037699,-1.0226293,0.761303209143064,1.0
Taz,-0.30602002,-0.27025104,0.7595893910638307,1.0
Rtf2,-0.30602002,-0.40709823,0.7595893910638307,1.0
Cks2,-0.3082702,-1.0135742,0.7578767526961533,1.0
Prpf38a,-0.3082702,-1.0295249,0.7578767526961533,1.0
Entpd6,-0.3082702,-1.0802435,0.7578767526961533,1.0
Pold1,-0.3082702,-1.2561483,0.7578767526961533,1.0
Rbm25,-0.3082702,-1.1489846,0.7578767526961533,1.0
Trip4,-0.3082702,-1.3303263,0.7578767526961533,1.0
Zfp280b,-0.3082702,-1.0448897,0.7578767526961533,1.0
C2cd3,-0.3082702,-1.1506547,0.7578767526961533,1.0
Mxd1,-0.3082702,-1.1138666,0.7578767526961533,1.0
Psmc2,-0.3127705,-1.063652,0.7544550464912587,1.0
Gucy2c,-0.3127705,-0.36640593,0.7544550464912587,1.0
Arhgap9,-0.3127705,-0.21003775,0.7544550464912587,1.0
Rmc1,-0.3127705,-1.1732069,0.7544550464912587,1.0
Ngdn,-0.31502062,-0.4632588,0.7527459943081632,1.0
Ndufc2,-0.31502062,-0.30295804,0.7527459943081632,1.0
Slc25a12,-0.31502062,-0.5079409,0.7527459943081632,1.0
Cdk13,-0.31502062,-0.49634975,0.7527459943081632,1.0
Ppp6c,-0.31502062,-0.4792201,0.7527459943081632,1.0
Zap70,-0.3172708,-0.24823308,0.7510381531446536,1.0
Tbl1xr1,-0.3172708,-0.69308364,0.7510381531446536,1.0
Hist1h1a,-0.3172708,-1.1809677,0.7510381531446536,1.0
Nectin2,-0.3172708,-1.7092317,0.7510381531446536,1.0
Sdcbp2,-0.3172708,-0.32524854,0.7510381531446536,1.0
Cdkn2d,-0.3172708,-1.4274817,0.7510381531446536,1.0
Acss2,-0.3172708,-0.5065883,0.7510381531446536,1.0
Abhd17c,-0.31952092,-0.4896655,0.7493315307835373,1.0
Sept2,-0.31952092,-0.4597807,0.7493315307835373,1.0
Rpia,-0.32177106,-0.33550677,0.74762613498973,1.0
Clptm1,-0.32177106,-0.3673755,0.74762613498973,1.0
Kcnab2,-0.32627136,-0.39432544,0.7442190540736155,1.0
Srsf1,-0.32627136,-0.36778235,0.7442190540736155,1.0
Pglyrp2,-0.32627136,-0.3459442,0.7442190540736155,1.0
Capn1,-0.32627136,-0.18244809,0.7442190540736155,1.0
Ap3b1,-0.32852152,-0.31721595,0.7425173843907373,1.0
Ralbp1,-0.32852152,-0.52610046,0.7425173843907373,1.0
Pfdn6,-0.32852152,-0.64516705,0.7425173843907373,1.0
Patz1,-0.33077165,-0.7623184,0.7408169721538177,1.0
Brd8,-0.33077165,-1.3704083,0.7408169721538177,1.0
Ifit1bl1,-0.33077165,-1.4590882,0.7408169721538177,1.0
Nabp2,-0.33077165,-1.3470037,0.7408169721538177,1.0
Zfp407,-0.33077165,-1.4395838,0.7408169721538177,1.0
E2f3,-0.33077165,-1.3171839,0.7408169721538177,1.0
Lax1,-0.33077165,-1.3071879,0.7408169721538177,1.0
Epc1,-0.33077165,-1.3547157,0.7408169721538177,1.0
Akap9,-0.33077165,-1.3274623,0.7408169721538177,1.0
Bcl7c,-0.33077165,-1.2838831,0.7408169721538177,1.0
Chsy1,-0.33077165,-0.3361386,0.7408169721538177,1.0
Prdm4,-0.33077165,-1.4089549,0.7408169721538177,1.0
Reep4,-0.33077165,-1.4121519,0.7408169721538177,1.0
Fndc3a,-0.33077165,-1.3417287,0.7408169721538177,1.0
Eif4e,-0.33077165,-1.3340114,0.7408169721538177,1.0
Cln5,-0.33077165,-1.4118031,0.7408169721538177,1.0
Qrsl1,-0.33077165,-0.9924444,0.7408169721538177,1.0
Tsc1,-0.33077165,-1.2104826,0.7408169721538177,1.0
Sil1,-0.33077165,-1.4312527,0.7408169721538177,1.0
Tubgcp4,-0.33077165,-1.3599511,0.7408169721538177,1.0
Serpina3g,-0.33077165,-1.3745869,0.7408169721538177,1.0
Dicer1,-0.33077165,-1.3238199,0.7408169721538177,1.0
Tmem208,-0.33077165,-0.9903888,0.7408169721538177,1.0
Etfrf1,-0.33077165,-1.2066805,0.7408169721538177,1.0
Shprh,-0.33077165,-1.3847203,0.7408169721538177,1.0
Tmed10,-0.33077165,-1.5153095,0.7408169721538177,1.0
Mphosph8,-0.33077165,-1.418672,0.7408169721538177,1.0
Slf2,-0.33077165,-0.66678256,0.7408169721538177,1.0
Esrra,-0.33077165,-1.2368186,0.7408169721538177,1.0
Prkx,-0.33077165,-1.358506,0.7408169721538177,1.0
Nadsyn1,-0.33077165,-1.4193803,0.7408169721538177,1.0
Zfp422,-0.33077165,-1.2835661,0.7408169721538177,1.0
Wwp1,-0.33077165,-0.4722363,0.7408169721538177,1.0
Slc26a2,-0.33077165,-0.37929162,0.7408169721538177,1.0
Ppargc1b,-0.33077165,-1.4930636,0.7408169721538177,1.0
Basp1,-0.33077165,-0.92925566,0.7408169721538177,1.0
Sytl1,-0.33077165,-1.4495026,0.7408169721538177,1.0
Thap11,-0.33077165,-1.3590317,0.7408169721538177,1.0
Frmd4a,-0.33077165,-1.3441986,0.7408169721538177,1.0
Msl1,-0.33077165,-1.43413,0.7408169721538177,1.0
Ndufa10,-0.33077165,-0.2556513,0.7408169721538177,1.0
Celsr1,-0.33077165,-1.3617799,0.7408169721538177,1.0
Cul4b,-0.33077165,-1.0257223,0.7408169721538177,1.0
Rilpl2,-0.33077165,-1.2376096,0.7408169721538177,1.0
Asxl2,-0.33077165,-1.4082673,0.7408169721538177,1.0
Mpv17l2,-0.33077165,-1.3069136,0.7408169721538177,1.0
Naa60,-0.33077165,-0.6095108,0.7408169721538177,1.0
Vps36,-0.33077165,-1.3702033,0.7408169721538177,1.0
Aadac,-0.33077165,-1.0532501,0.7408169721538177,1.0
Rrn3,-0.33077165,-1.2626579,0.7408169721538177,1.0
Decr2,-0.33077165,-1.1683592,0.7408169721538177,1.0
Naf1,-0.33077165,-1.2050442,0.7408169721538177,1.0
Borcs8,-0.33077165,-1.433443,0.7408169721538177,1.0
Hk2,-0.33077165,-1.2738996,0.7408169721538177,1.0
Suclg1,-0.33077165,-1.0810269,0.7408169721538177,1.0
Ddx41,-0.33077165,-1.4101193,0.7408169721538177,1.0
Mkln1,-0.3330218,-0.6423507,0.7391178250367458,1.0
Qars,-0.3330218,-0.7330924,0.7391178250367458,1.0
Mndal,-0.3330218,-0.5833635,0.7391178250367458,1.0
Chchd7,-0.3330218,-0.6612858,0.7391178250367458,1.0
Tex264,-0.3330218,-0.63851917,0.7391178250367458,1.0
Eftud2,-0.3330218,-0.21107575,0.7391178250367458,1.0
Aco1,-0.3330218,-0.5542611,0.7391178250367458,1.0
Cbr4,-0.33527195,-1.4176128,0.7374199506948956,1.0
Utp15,-0.33527195,-1.5017809,0.7374199506948956,1.0
Xylt2,-0.33527195,-1.5100986,0.7374199506948956,1.0
Bmt2,-0.33527195,-1.5305312,0.7374199506948956,1.0
Card11,-0.33527195,-1.6606624,0.7374199506948956,1.0
Ephb2,-0.33527195,-1.4447953,0.7374199506948956,1.0
Cdc26,-0.33527195,-1.450259,0.7374199506948956,1.0
Slc51a,-0.33527195,-1.3222044,0.7374199506948956,1.0
Thap12,-0.33527195,-1.3945905,0.7374199506948956,1.0
Midn,-0.33527195,-0.1674453,0.7374199506948956,1.0
Rbl1,-0.33527195,-1.2882915,0.7374199506948956,1.0
Heatr6,-0.33527195,-1.4805979,0.7374199506948956,1.0
Sgms1,-0.33527195,-1.3935537,0.7374199506948956,1.0
Pik3ap1,-0.33527195,-1.3552412,0.7374199506948956,1.0
Traf6,-0.33527195,-1.3437475,0.7374199506948956,1.0
Bloc1s5,-0.33527195,-1.4490852,0.7374199506948956,1.0
Eif4h,-0.33527195,-1.483375,0.7374199506948956,1.0
Stambpl1,-0.33527195,-1.4113804,0.7374199506948956,1.0
Atg13,-0.33527195,-1.5526302,0.7374199506948956,1.0
Tstd3,-0.33527195,-1.5574522,0.7374199506948956,1.0
Gadd45gip1,-0.33527195,-1.5220516,0.7374199506948956,1.0
Mdm2,-0.33527195,-1.3389974,0.7374199506948956,1.0
Zfp655,-0.33527195,-1.6274369,0.7374199506948956,1.0
Creld2,-0.33527195,-1.4831045,0.7374199506948956,1.0
Slc18b1,-0.33527195,-1.2736924,0.7374199506948956,1.0
Rap2a,-0.33527195,-1.5511374,0.7374199506948956,1.0
Zcchc8,-0.33527195,-1.3655952,0.7374199506948956,1.0
Efl1,-0.33527195,-1.3706645,0.7374199506948956,1.0
Ddb2,-0.33527195,-1.532309,0.7374199506948956,1.0
Kbtbd4,-0.33527195,-1.3810273,0.7374199506948956,1.0
Scyl1,-0.33527195,-0.4672458,0.7374199506948956,1.0
Trbv12-2,-0.33527195,-1.7160839,0.7374199506948956,1.0
Cars,-0.33527195,-1.392007,0.7374199506948956,1.0
Shkbp1,-0.33527195,-1.4948237,0.7374199506948956,1.0
Insig1,-0.33527195,-1.3918773,0.7374199506948956,1.0
Ctdnep1,-0.33527195,-1.6194255,0.7374199506948956,1.0
Rbm39,-0.33527195,-1.3080906,0.7374199506948956,1.0
Smad4,-0.33527195,-0.17019421,0.7374199506948956,1.0
Acsbg1,-0.33527195,-0.4473652,0.7374199506948956,1.0
Chmp7,-0.33527195,-1.4915756,0.7374199506948956,1.0
Larp4,-0.33527195,-1.452829,0.7374199506948956,1.0
Cog3,-0.33527195,-1.5363615,0.7374199506948956,1.0
Mtmr1,-0.33527195,-1.2646109,0.7374199506948956,1.0
Gzma,-0.33527195,-1.2471465,0.7374199506948956,1.0
Frg1,-0.33527195,-0.35048366,0.7374199506948956,1.0
Anp32e,-0.3375221,-0.35492367,0.7357233567650225,1.0
Bloc1s2,-0.3375221,-0.57006174,0.7357233567650225,1.0
Pigs,-0.3375221,-0.633109,0.7357233567650225,1.0
Emc6,-0.33977225,-1.4097004,0.7340280508651622,1.0
Fam207a,-0.33977225,-1.5187541,0.7340280508651622,1.0
Agps,-0.33977225,-1.6138637,0.7340280508651622,1.0
Vps37a,-0.33977225,-1.5374777,0.7340280508651622,1.0
Ascc2,-0.33977225,-1.4390978,0.7340280508651622,1.0
Tm9sf2,-0.33977225,-0.20358855,0.7340280508651622,1.0
Desi2,-0.33977225,-1.4993906,0.7340280508651622,1.0
Shroom3,-0.33977225,-0.55231917,0.7340280508651622,1.0
Socs6,-0.33977225,-1.65695,0.7340280508651622,1.0
Zranb2,-0.33977225,-1.4465493,0.7340280508651622,1.0
Tmem64,-0.33977225,-1.6105101,0.7340280508651622,1.0
Myb,-0.33977225,-0.55121833,0.7340280508651622,1.0
Cebpb,-0.33977225,-1.6957718,0.7340280508651622,1.0
Cerk,-0.33977225,-1.5986673,0.7340280508651622,1.0
Hnrnpc,-0.33977225,-0.40545782,0.7340280508651622,1.0
Calm1,-0.33977225,-0.23080996,0.7340280508651622,1.0
Cenpv,-0.33977225,-1.7132047,0.7340280508651622,1.0
Spata6,-0.33977225,-1.5872786,0.7340280508651622,1.0
Ccs,-0.33977225,-1.579839,0.7340280508651622,1.0
Zfp280d,-0.33977225,-1.5250537,0.7340280508651622,1.0
Med27,-0.33977225,-1.4795634,0.7340280508651622,1.0
Miip,-0.33977225,-1.5803118,0.7340280508651622,1.0
Chd8,-0.33977225,-0.6311253,0.7340280508651622,1.0
Hist1h1b,-0.33977225,-1.3945485,0.7340280508651622,1.0
Rnf167,-0.33977225,-0.25463238,0.7340280508651622,1.0
Dock11,-0.3420224,-0.7100602,0.7323340405945287,1.0
Itgb1,-0.3420224,-0.6648474,0.7323340405945287,1.0
Mov10,-0.34427255,-1.602465,0.7306413335334134,1.0
Thyn1,-0.34427255,-1.5826344,0.7306413335334134,1.0
Wipi2,-0.34427255,-1.5635567,0.7306413335334134,1.0
Ndufa3,-0.34427255,-0.32202837,0.7306413335334134,1.0
Atp11c,-0.34427255,-1.7084543,0.7306413335334134,1.0
Gatd3a,-0.34427255,-2.1415825,0.7306413335334134,1.0
Smarcad1,-0.34427255,-1.8465751,0.7306413335334134,1.0
Ppil3,-0.34427255,-1.6875023,0.7306413335334134,1.0
Cflar,-0.34427255,-1.6991754,0.7306413335334134,1.0
Ndufaf4,-0.34427255,-1.9668435,0.7306413335334134,1.0
Hsf1,-0.34427255,-1.6262289,0.7306413335334134,1.0
Atp11a,-0.34427255,-1.6239457,0.7306413335334134,1.0
Ugdh,-0.34427255,-0.24794553,0.7306413335334134,1.0
Chd7,-0.34427255,-1.9715643,0.7306413335334134,1.0
Tnfaip8l2,-0.34427255,-1.6773266,0.7306413335334134,1.0
Pnpla7,-0.34427255,-1.8462385,0.7306413335334134,1.0
Canx,-0.34427255,-0.4730487,0.7306413335334134,1.0
Dap,-0.34427255,-0.20336328,0.7306413335334134,1.0
Tor4a,-0.34427255,-0.36908478,0.7306413335334134,1.0
Grtp1,-0.34427255,-1.5917226,0.7306413335334134,1.0
Dlg3,-0.34427255,-1.7381246,0.7306413335334134,1.0
Slc38a1,-0.34427255,-0.27134317,0.7306413335334134,1.0
Akap8,-0.34427255,-0.4488516,0.7306413335334134,1.0
Crybg1,-0.34427255,-1.766128,0.7306413335334134,1.0
Parp16,-0.34427255,-1.6367998,0.7306413335334134,1.0
Lztr1,-0.34427255,-1.7574526,0.7306413335334134,1.0
Rexo4,-0.34427255,-2.1011932,0.7306413335334134,1.0
Mfsd5,-0.34427255,-1.5969514,0.7306413335334134,1.0
Dhx36,-0.34427255,-1.7248627,0.7306413335334134,1.0
Arf2,-0.34427255,-1.6826032,0.7306413335334134,1.0
Tnfsf10,-0.34427255,-0.39815843,0.7306413335334134,1.0
Fbxo9,-0.34427255,-1.5098028,0.7306413335334134,1.0
Evl,-0.34427255,-0.1805842,0.7306413335334134,1.0
Tcim,-0.34427255,-1.9280679,0.7306413335334134,1.0
Avl9,-0.34427255,-1.6754267,0.7306413335334134,1.0
Sema4b,-0.34427255,-1.7553803,0.7306413335334134,1.0
Xdh,-0.34427255,-1.725107,0.7306413335334134,1.0
Prag1,-0.3465227,-0.46938914,0.7289499372430848,1.0
Pnisr,-0.3465227,-0.71044636,0.7289499372430848,1.0
Tfe3,-0.34877282,-2.2421362,0.7272598592656878,1.0
Hacd1,-0.34877282,-1.7166173,0.7272598592656878,1.0
Pja1,-0.34877282,-2.379002,0.7272598592656878,1.0
Trbv2,-0.34877282,-2.613264,0.7272598592656878,1.0
Suclg2,-0.34877282,-1.6660279,0.7272598592656878,1.0
Ggact,-0.34877282,-2.2318478,0.7272598592656878,1.0
Tma7,-0.34877282,-0.27066213,0.7272598592656878,1.0
Zfp414,-0.34877282,-1.7277836,0.7272598592656878,1.0
Rsf1,-0.34877282,-0.6391072,0.7272598592656878,1.0
Galnt6,-0.34877282,-1.7794782,0.7272598592656878,1.0
Scamp3,-0.34877282,-0.41166034,0.7272598592656878,1.0
Prmt2,-0.34877282,-1.8627392,0.7272598592656878,1.0
Kbtbd11,-0.34877282,-2.204953,0.7272598592656878,1.0
Tbc1d20,-0.34877282,-1.760212,0.7272598592656878,1.0
Atad1,-0.34877282,-2.1588497,0.7272598592656878,1.0
Gtf2e2,-0.34877282,-1.9810952,0.7272598592656878,1.0
Arhgap12,-0.34877282,-2.1611097,0.7272598592656878,1.0
Senp7,-0.34877282,-1.8547598,0.7272598592656878,1.0
Cct4,-0.34877282,-0.45558926,0.7272598592656878,1.0
Psmg1,-0.34877282,-1.7414916,0.7272598592656878,1.0
Gmeb2,-0.34877282,-1.8270451,0.7272598592656878,1.0
Cox5b,-0.34877282,-0.26979455,0.7272598592656878,1.0
Arid4b,-0.34877282,-1.782772,0.7272598592656878,1.0
Spcs3,-0.34877282,-0.71559376,0.7272598592656878,1.0
Bcl6,-0.34877282,-2.219546,0.7272598592656878,1.0
Bub3,-0.34877282,-2.1391401,0.7272598592656878,1.0
Crebbp,-0.34877282,-0.68047893,0.7272598592656878,1.0
Ankrd40,-0.34877282,-0.5125498,0.7272598592656878,1.0
Osgep,-0.34877282,-1.7601378,0.7272598592656878,1.0
Ecpas,-0.34877282,-1.8557279,0.7272598592656878,1.0
Tnfrsf1b,-0.351023,-0.439587,0.7255711071241445,1.0
Il16,-0.35327312,-0.2602732,0.723883688322055,1.0
Vamp3,-0.35327312,-0.6859576,0.723883688322055,1.0
Rragc,-0.35327312,-0.67214894,0.723883688322055,1.0
Satb2,-0.35327312,-0.44518286,0.723883688322055,1.0
Slc50a1,-0.35327312,-0.75583225,0.723883688322055,1.0
Abcd1,-0.35327312,-0.5391425,0.723883688322055,1.0
Higd2a,-0.3555233,-0.72239023,0.7221976103435981,1.0
Bcap31,-0.3555233,-0.14570524,0.7221976103435981,1.0
Ascc3,-0.35777342,-0.7200065,0.7205128806534342,1.0
Il10rb,-0.35777342,-0.39408657,0.7205128806534342,1.0
Lipa,-0.35777342,-0.68847394,0.7205128806534342,1.0
Elf3,-0.35777342,-0.47366574,0.7205128806534342,1.0
Polr2b,-0.35777342,-0.6999619,0.7205128806534342,1.0
Upf1,-0.35777342,-0.71415097,0.7205128806534342,1.0
Drg1,-0.35777342,-0.8004301,0.7205128806534342,1.0
Psmc6,-0.36227372,-0.74231195,0.7171474958984425,1.0
Fam168b,-0.36227372,-0.23848756,0.7171474958984425,1.0
Txnl1,-0.36227372,-0.7586655,0.7171474958984425,1.0
Ube2s,-0.36227372,-0.5833767,0.7171474958984425,1.0
Gpalpp1,-0.36227372,-0.71937776,0.7171474958984425,1.0
Ccnl1,-0.36227372,-0.681758,0.7171474958984425,1.0
Arhgap27,-0.36227372,-0.7125028,0.7171474958984425,1.0
Sort1,-0.36677402,-0.6375296,0.7137875933802738,1.0
Hsd17b11,-0.36677402,-0.80736214,0.7137875933802738,1.0
Hexim1,-0.36677402,-0.56700444,0.7137875933802738,1.0
Ccdc88b,-0.36677402,-0.56817186,0.7137875933802738,1.0
Zfand3,-0.36677402,-0.44048038,0.7137875933802738,1.0
Creb1,-0.36677402,-0.6929201,0.7137875933802738,1.0
Dctn1,-0.36677402,-0.7408666,0.7137875933802738,1.0
Vamp4,-0.36677402,-0.7364424,0.7137875933802738,1.0
Mvb12a,-0.36677402,-0.7689535,0.7137875933802738,1.0
Foxk2,-0.36677402,-0.88006645,0.7137875933802738,1.0
Ide,-0.36677402,-0.22864632,0.7137875933802738,1.0
Fkbp2,-0.37127432,-0.3177765,0.710433232103608,1.0
Serinc2,-0.37127432,-0.7397552,0.710433232103608,1.0
Golga4,-0.37127432,-0.69067204,0.710433232103608,1.0
Cbfb,-0.37127432,-0.35109276,0.710433232103608,1.0
Rasa3,-0.37127432,-0.76861477,0.710433232103608,1.0
Tle4,-0.37127432,-0.7675552,0.710433232103608,1.0
Khdc4,-0.37127432,-0.77510357,0.710433232103608,1.0
Mecp2,-0.37127432,-0.8248689,0.710433232103608,1.0
Tmed2,-0.37127432,-0.80098337,0.710433232103608,1.0
Med14,-0.37127432,-0.73379064,0.710433232103608,1.0
Cdkn1b,-0.37127432,-0.50364035,0.710433232103608,1.0
Hic1,-0.37352446,-0.11182997,0.7087581477819536,1.0
Rab6a,-0.3757746,-0.8135612,0.7070844707515505,1.0
Tmem126a,-0.3757746,-0.7656427,0.7070844707515505,1.0
Plp2,-0.3757746,-0.46806827,0.7070844707515505,1.0
Zmat5,-0.3757746,-0.7430685,0.7070844707515505,1.0
Mtpap,-0.3757746,-0.79809684,0.7070844707515505,1.0
Cmip,-0.3757746,-0.13512601,0.7070844707515505,1.0
Pof1b,-0.3757746,-0.8114808,0.7070844707515505,1.0
Dnajc21,-0.3802749,-0.76854736,0.7037413676826043,1.0
Emc4,-0.3802749,-0.7736743,0.7037413676826043,1.0
Atp2a3,-0.3802749,-0.39033315,0.7037413676826043,1.0
Psmb2,-0.3802749,-0.6446997,0.7037413676826043,1.0
Prpf40a,-0.3802749,-0.5179266,0.7037413676826043,1.0
Stard5,-0.3802749,-0.49508253,0.7037413676826043,1.0
Chst12,-0.38252506,-0.8863377,0.7020719561518332,1.0
Psmd7,-0.38252506,-0.39523032,0.7020719561518332,1.0
Fads3,-0.3847752,-25.21176,0.7004039809276716,1.0
Llph,-0.3847752,-25.047413,0.7004039809276716,1.0
Fkrp,-0.3847752,-25.025393,0.7004039809276716,1.0
Rnf185,-0.3847752,-25.001453,0.7004039809276716,1.0
Tmem161b,-0.3847752,-25.090096,0.7004039809276716,1.0
Ssbp2,-0.3847752,-25.175638,0.7004039809276716,1.0
Caml,-0.3847752,-25.210382,0.7004039809276716,1.0
Pde4dip,-0.3847752,-25.035301,0.7004039809276716,1.0
Arnt,-0.3847752,-25.128563,0.7004039809276716,1.0
Zfp236,-0.3847752,-25.195374,0.7004039809276716,1.0
Trmt112,-0.3847752,-0.47726765,0.7004039809276716,1.0
Pla2g3,-0.3847752,-25.103481,0.7004039809276716,1.0
Nckap1,-0.3847752,-25.037945,0.7004039809276716,1.0
Tbc1d10a,-0.3847752,-24.755255,0.7004039809276716,1.0
Ripk2,-0.3847752,-24.954124,0.7004039809276716,1.0
Pdss1,-0.3847752,-25.149204,0.7004039809276716,1.0
Zdhhc9,-0.3847752,-25.034176,0.7004039809276716,1.0
Spsb1,-0.3847752,-24.942333,0.7004039809276716,1.0
Bax,-0.3847752,-0.60567987,0.7004039809276716,1.0
Cyp4f40,-0.3847752,-25.140686,0.7004039809276716,1.0
Taf2,-0.3847752,-25.036686,0.7004039809276716,1.0
Trpm6,-0.3847752,-24.928179,0.7004039809276716,1.0
Timm44,-0.3847752,-0.8735894,0.7004039809276716,1.0
Sdccag8,-0.3847752,-24.793137,0.7004039809276716,1.0
Rtl6,-0.3847752,-25.05326,0.7004039809276716,1.0
Ccdc134,-0.3847752,-24.901861,0.7004039809276716,1.0
Ubr5,-0.3847752,-0.8858649,0.7004039809276716,1.0
Klhl21,-0.3847752,-24.99907,0.7004039809276716,1.0
Rida,-0.3847752,-25.062582,0.7004039809276716,1.0
Taf3,-0.3847752,-25.11237,0.7004039809276716,1.0
Plrg1,-0.3847752,-24.802557,0.7004039809276716,1.0
Fhdc1,-0.3847752,-25.176502,0.7004039809276716,1.0
Vcpkmt,-0.3847752,-24.950737,0.7004039809276716,1.0
Chchd5,-0.3847752,-24.706478,0.7004039809276716,1.0
Tcf19,-0.3847752,-25.039772,0.7004039809276716,1.0
Sugp2,-0.3847752,-25.078674,0.7004039809276716,1.0
Slc44a4,-0.3847752,-25.079706,0.7004039809276716,1.0
Ppp1r35,-0.3847752,-25.08717,0.7004039809276716,1.0
Pgap3,-0.3847752,-25.004421,0.7004039809276716,1.0
Arfgef2,-0.3847752,-25.223854,0.7004039809276716,1.0
H2-Ab1,-0.3847752,-24.891417,0.7004039809276716,1.0
Npepps,-0.3847752,-25.245193,0.7004039809276716,1.0
Rngtt,-0.3847752,-25.003145,0.7004039809276716,1.0
Rassf1,-0.3847752,-25.05039,0.7004039809276716,1.0
Tmem184b,-0.3847752,-25.116348,0.7004039809276716,1.0
Cox6c,-0.3847752,-25.033161,0.7004039809276716,1.0
Dbr1,-0.3847752,-25.049961,0.7004039809276716,1.0
Rock2,-0.3847752,-25.085352,0.7004039809276716,1.0
Nxt1,-0.3847752,-25.115515,0.7004039809276716,1.0
Mapre3,-0.3847752,-24.837908,0.7004039809276716,1.0
Tcf7,-0.3847752,-0.47620273,0.7004039809276716,1.0
Tmtc4,-0.3847752,-25.068659,0.7004039809276716,1.0
Fh1,-0.3847752,-24.86912,0.7004039809276716,1.0
Pik3cb,-0.3847752,-25.167715,0.7004039809276716,1.0
Abca2,-0.3847752,-25.302094,0.7004039809276716,1.0
Pibf1,-0.3847752,-24.916697,0.7004039809276716,1.0
Zrsr2,-0.3847752,-25.036428,0.7004039809276716,1.0
Tfeb,-0.3847752,-24.94698,0.7004039809276716,1.0
Clic5,-0.3847752,-25.003166,0.7004039809276716,1.0
Aen,-0.3847752,-25.114662,0.7004039809276716,1.0
Uap1l1,-0.3847752,-25.103968,0.7004039809276716,1.0
Alg10b,-0.3847752,-25.24023,0.7004039809276716,1.0
Phf13,-0.3847752,-25.433182,0.7004039809276716,1.0
Snx13,-0.3847752,-25.08294,0.7004039809276716,1.0
Pik3cg,-0.3847752,-25.225555,0.7004039809276716,1.0
Ssh3,-0.3847752,-25.059011,0.7004039809276716,1.0
Slc30a10,-0.3847752,-25.12513,0.7004039809276716,1.0
Hgh1,-0.3847752,-25.177431,0.7004039809276716,1.0
Sptssa,-0.3847752,-24.982439,0.7004039809276716,1.0
Ap4s1,-0.3847752,-24.938614,0.7004039809276716,1.0
Rab11b,-0.3847752,-25.06566,0.7004039809276716,1.0
Naprt,-0.3847752,-25.061062,0.7004039809276716,1.0
Gid4,-0.3847752,-24.965946,0.7004039809276716,1.0
Hnrnpa0,-0.3847752,-25.132113,0.7004039809276716,1.0
Pds5b,-0.3847752,-25.049782,0.7004039809276716,1.0
Rnf138,-0.3847752,-24.624329,0.7004039809276716,1.0
Mypop,-0.3847752,-25.238094,0.7004039809276716,1.0
Aimp2,-0.3847752,-25.207499,0.7004039809276716,1.0
Kctd20,-0.3847752,-24.977528,0.7004039809276716,1.0
Snai3,-0.3847752,-25.112034,0.7004039809276716,1.0
Gigyf2,-0.3847752,-25.01657,0.7004039809276716,1.0
Ift22,-0.3847752,-25.268972,0.7004039809276716,1.0
Dcun1d1,-0.3847752,-25.1039,0.7004039809276716,1.0
Mlx,-0.3847752,-25.070528,0.7004039809276716,1.0
Ifit1,-0.3847752,-25.408377,0.7004039809276716,1.0
Zfp593,-0.3847752,-24.86435,0.7004039809276716,1.0
Rgcc,-0.3847752,-25.243313,0.7004039809276716,1.0
Ffar4,-0.3847752,-24.944069,0.7004039809276716,1.0
Igfbp4,-0.3847752,-25.113548,0.7004039809276716,1.0
Mcoln2,-0.3847752,-25.085375,0.7004039809276716,1.0
Rfwd3,-0.3847752,-24.713278,0.7004039809276716,1.0
Dhodh,-0.3847752,-25.216341,0.7004039809276716,1.0
Aurka,-0.3847752,-25.080357,0.7004039809276716,1.0
Smarcal1,-0.3847752,-24.96949,0.7004039809276716,1.0
Sltm,-0.3847752,-25.130865,0.7004039809276716,1.0
Mettl18,-0.3847752,-25.109211,0.7004039809276716,1.0
Srfbp1,-0.3847752,-25.164783,0.7004039809276716,1.0
Abat,-0.3847752,-24.990196,0.7004039809276716,1.0
Pank4,-0.3847752,-24.859718,0.7004039809276716,1.0
Ttc28,-0.3847752,-25.099907,0.7004039809276716,1.0
Rnf31,-0.3847752,-25.10062,0.7004039809276716,1.0
Dvl2,-0.3847752,-24.542048,0.7004039809276716,1.0
Cul4a,-0.3847752,-24.90264,0.7004039809276716,1.0
B4galt3,-0.3847752,-25.33196,0.7004039809276716,1.0
Dnajb6,-0.3847752,-0.597465,0.7004039809276716,1.0
Phf11c,-0.3847752,-25.02964,0.7004039809276716,1.0
Casc4,-0.3847752,-25.069912,0.7004039809276716,1.0
Smpd4,-0.3847752,-25.045395,0.7004039809276716,1.0
Uri1,-0.3847752,-25.343195,0.7004039809276716,1.0
Atp13a2,-0.3847752,-25.172262,0.7004039809276716,1.0
Luc7l,-0.3847752,-24.71032,0.7004039809276716,1.0
Fem1b,-0.3847752,-25.385618,0.7004039809276716,1.0
Tlcd2,-0.3847752,-25.100546,0.7004039809276716,1.0
Nbr1,-0.3847752,-24.972908,0.7004039809276716,1.0
Cbx3,-0.3847752,-0.78939086,0.7004039809276716,1.0
Cklf,-0.3847752,-25.15195,0.7004039809276716,1.0
Tsc2,-0.3847752,-25.070944,0.7004039809276716,1.0
Pin1,-0.3847752,-24.881128,0.7004039809276716,1.0
Cntrl,-0.3847752,-25.136803,0.7004039809276716,1.0
Cgrrf1,-0.3847752,-24.984823,0.7004039809276716,1.0
Dera,-0.3847752,-25.20445,0.7004039809276716,1.0
Ncapg,-0.3847752,-25.058022,0.7004039809276716,1.0
Tnni1,-0.3847752,-24.634846,0.7004039809276716,1.0
Snapc3,-0.3847752,-24.718061,0.7004039809276716,1.0
Slc37a3,-0.3847752,-25.072426,0.7004039809276716,1.0
Tppp3,-0.3847752,-25.217258,0.7004039809276716,1.0
Umps,-0.3847752,-24.678717,0.7004039809276716,1.0
Zw10,-0.3847752,-24.983763,0.7004039809276716,1.0
Dot1l,-0.3847752,-24.861961,0.7004039809276716,1.0
Sbno1,-0.3847752,-25.20126,0.7004039809276716,1.0
Pnpt1,-0.3847752,-24.93246,0.7004039809276716,1.0
Tmem251,-0.3847752,-24.81725,0.7004039809276716,1.0
Utp3,-0.3847752,-24.858637,0.7004039809276716,1.0
Itgax,-0.3847752,-24.831444,0.7004039809276716,1.0
Armc5,-0.3847752,-25.317757,0.7004039809276716,1.0
Hkdc1,-0.3847752,-25.424257,0.7004039809276716,1.0
Rab2b,-0.3847752,-25.148914,0.7004039809276716,1.0
Flad1,-0.3847752,-24.993132,0.7004039809276716,1.0
Pmvk,-0.3847752,-25.053585,0.7004039809276716,1.0
Gstp3,-0.3847752,-24.975643,0.7004039809276716,1.0
Rab27a,-0.3847752,-24.840378,0.7004039809276716,1.0
Tbc1d19,-0.3847752,-24.87628,0.7004039809276716,1.0
Fzd5,-0.3847752,-25.239983,0.7004039809276716,1.0
Cnot11,-0.3847752,-24.863386,0.7004039809276716,1.0
Fut11,-0.3847752,-25.115147,0.7004039809276716,1.0
Kras,-0.3847752,-24.99739,0.7004039809276716,1.0
Glrx5,-0.3847752,-25.079058,0.7004039809276716,1.0
Atg2b,-0.3847752,-25.120432,0.7004039809276716,1.0
Nek4,-0.3847752,-24.929468,0.7004039809276716,1.0
Pdcl,-0.3847752,-25.302698,0.7004039809276716,1.0
Unc45a,-0.3847752,-24.905542,0.7004039809276716,1.0
Gramd1b,-0.3847752,-0.85170627,0.7004039809276716,1.0
Tlr3,-0.3847752,-24.930183,0.7004039809276716,1.0
Rnf2,-0.3847752,-25.162172,0.7004039809276716,1.0
Mcee,-0.3847752,-25.152561,0.7004039809276716,1.0
Ces1g,-0.3847752,-25.098545,0.7004039809276716,1.0
Lrrk1,-0.3847752,-24.839283,0.7004039809276716,1.0
Cables2,-0.3847752,-24.796356,0.7004039809276716,1.0
Mpv17,-0.3847752,-24.96023,0.7004039809276716,1.0
Rpain,-0.3847752,-25.095291,0.7004039809276716,1.0
Cobll1,-0.3847752,-25.133787,0.7004039809276716,1.0
Slc38a9,-0.3847752,-25.165075,0.7004039809276716,1.0
Ddx56,-0.3847752,-24.812521,0.7004039809276716,1.0
Vps18,-0.3847752,-24.97324,0.7004039809276716,1.0
Fzr1,-0.3847752,-25.064734,0.7004039809276716,1.0
Lgalsl,-0.3847752,-25.04907,0.7004039809276716,1.0
Smim24,-0.3847752,-24.987648,0.7004039809276716,1.0
Cwc27,-0.3847752,-25.215857,0.7004039809276716,1.0
Ak6,-0.3847752,-25.103668,0.7004039809276716,1.0
Dpagt1,-0.3847752,-24.99813,0.7004039809276716,1.0
Mdm4,-0.3847752,-25.17961,0.7004039809276716,1.0
Rab33b,-0.3847752,-25.07431,0.7004039809276716,1.0
Med16,-0.3847752,-25.084057,0.7004039809276716,1.0
Mbtd1,-0.3847752,-25.01131,0.7004039809276716,1.0
Zcchc2,-0.3847752,-25.02004,0.7004039809276716,1.0
Nlrx1,-0.3847752,-25.211218,0.7004039809276716,1.0
Mccc2,-0.3847752,-25.177132,0.7004039809276716,1.0
Chd1l,-0.3847752,-25.202345,0.7004039809276716,1.0
Ric8b,-0.3847752,-25.136698,0.7004039809276716,1.0
Mapk3,-0.3847752,-0.7765934,0.7004039809276716,1.0
Usp1,-0.3847752,-24.885403,0.7004039809276716,1.0
Fat1,-0.3847752,-25.035213,0.7004039809276716,1.0
Osbpl7,-0.3847752,-25.001022,0.7004039809276716,1.0
Zfp827,-0.3847752,-25.061003,0.7004039809276716,1.0
Rhoq,-0.3847752,-25.26504,0.7004039809276716,1.0
Esco1,-0.3847752,-25.06923,0.7004039809276716,1.0
Terf1,-0.3847752,-25.228277,0.7004039809276716,1.0
Srpk2,-0.3847752,-24.946407,0.7004039809276716,1.0
Lrp5,-0.3847752,-25.168764,0.7004039809276716,1.0
Tmem70,-0.3847752,-25.013462,0.7004039809276716,1.0
Prr5l,-0.3847752,-25.161856,0.7004039809276716,1.0
Zadh2,-0.3847752,-24.896132,0.7004039809276716,1.0
Sike1,-0.3847752,-24.878979,0.7004039809276716,1.0
Syce2,-0.3847752,-25.327806,0.7004039809276716,1.0
Icam2,-0.3847752,-24.965117,0.7004039809276716,1.0
Rab28,-0.3847752,-25.221802,0.7004039809276716,1.0
Src,-0.3847752,-24.794088,0.7004039809276716,1.0
Rbmx,-0.3847752,-25.021372,0.7004039809276716,1.0
Ipo7,-0.3847752,-25.111757,0.7004039809276716,1.0
Polk,-0.3847752,-25.174322,0.7004039809276716,1.0
Unc93b1,-0.3847752,-25.009195,0.7004039809276716,1.0
Plk1,-0.3847752,-24.98397,0.7004039809276716,1.0
Adtrp,-0.3847752,-25.237144,0.7004039809276716,1.0
Svil,-0.3847752,-25.253815,0.7004039809276716,1.0
Akr1c14,-0.3847752,-24.789267,0.7004039809276716,1.0
Faf2,-0.3847752,-24.94354,0.7004039809276716,1.0
Cst7,-0.3892755,-0.57742345,0.6970723681870886,1.0
Kdm3b,-0.3892755,-0.42228657,0.6970723681870886,1.0
Dhrs11,-0.3892755,-0.8663507,0.6970723681870886,1.0
Rbl2,-0.3892755,-0.8517568,0.6970723681870886,1.0
Rsbn1l,-0.3892755,-0.38305503,0.6970723681870886,1.0
Degs2,-0.3892755,-0.56211406,0.6970723681870886,1.0
Ube4a,-0.3892755,-0.91735417,0.6970723681870886,1.0
Tyrobp,-0.3892755,-0.09364052,0.6970723681870886,1.0
Ptpn22,-0.3892755,-0.41508263,0.6970723681870886,1.0
Nkg7,-0.39152563,-0.15365706,0.6954087450124212,1.0
Tmem59,-0.3937758,-0.36491966,0.6937465868276906,1.0
Tmc6,-0.3937758,-1.1489296,0.6937465868276906,1.0
Hvcn1,-0.3937758,-0.5609424,0.6937465868276906,1.0
Jak1,-0.3937758,-0.25144842,0.6937465868276906,1.0
Kdelr2,-0.3937758,-1.008973,0.6937465868276906,1.0
Dyrk1a,-0.3937758,-0.9909825,0.6937465868276906,1.0
Ints13,-0.39602593,-0.9661264,0.6920859007511656,1.0
Dnlz,-0.39602593,-0.99242777,0.6920859007511656,1.0
Rasa1,-0.39602593,-0.8491245,0.6920859007511656,1.0
Plcg1,-0.39602593,-0.39249387,0.6920859007511656,1.0
Ipo13,-0.39602593,-0.87497437,0.6920859007511656,1.0
Gstk1,-0.39602593,-0.70062745,0.6920859007511656,1.0
Top2a,-0.39602593,-0.63200855,0.6920859007511656,1.0
Tubb5,-0.39827606,-0.27561465,0.6904266938799104,1.0
Ash2l,-0.39827606,-0.9036318,0.6904266938799104,1.0
Prdx3,-0.39827606,-0.4193743,0.6904266938799104,1.0
Minpp1,-0.39827606,-1.0174868,0.6904266938799104,1.0
Nfatc1,-0.39827606,-0.57441705,0.6904266938799104,1.0
Prdx1,-0.40052623,-0.9637811,0.6887689732896956,1.0
Tsnax,-0.40052623,-0.8010721,0.6887689732896956,1.0
Cnot9,-0.40052623,-0.97697216,0.6887689732896956,1.0
Arih2,-0.40052623,-0.67487204,0.6887689732896956,1.0
Mpp6,-0.40052623,-0.49472034,0.6887689732896956,1.0
Pdrg1,-0.40052623,-0.93762964,0.6887689732896956,1.0
Ndufa6,-0.40277636,-0.2572337,0.6871127460349089,1.0
Ndufb6,-0.40277636,-0.5143086,0.6871127460349089,1.0
Ndufb5,-0.40277636,-0.35646108,0.6871127460349089,1.0
Mpp1,-0.40277636,-0.96739036,0.6871127460349089,1.0
Gsk3b,-0.40277636,-0.59327435,0.6871127460349089,1.0
Rpf1,-0.40502653,-0.99984884,0.6854580191484692,1.0
Ccng2,-0.40502653,-0.95317215,0.6854580191484692,1.0
Clec2i,-0.40502653,-0.93240213,0.6854580191484692,1.0
Plin3,-0.40502653,-1.0295247,0.6854580191484692,1.0
Senp6,-0.40502653,-1.1500516,0.6854580191484692,1.0
Zbtb7a,-0.40502653,-1.0130674,0.6854580191484692,1.0
Isg15,-0.40502653,-1.1984173,0.6854580191484692,1.0
Egln2,-0.40502653,-0.92537725,0.6854580191484692,1.0
Phc3,-0.40502653,-1.211544,0.6854580191484692,1.0
Pcdh1,-0.40502653,-0.9213303,0.6854580191484692,1.0
Slc15a4,-0.40502653,-1.0113571,0.6854580191484692,1.0
Map2k1,-0.40502653,-0.97179276,0.6854580191484692,1.0
Pdcd2,-0.40502653,-0.9953532,0.6854580191484692,1.0
Mul1,-0.40502653,-0.986819,0.6854580191484692,1.0
Eif2a,-0.40502653,-0.9445109,0.6854580191484692,1.0
Mtmr12,-0.40502653,-1.0582503,0.6854580191484692,1.0
Sugt1,-0.40727666,-0.38047558,0.683804799641737,1.0
Hadha,-0.40727666,-0.4357206,0.683804799641737,1.0
Mark2,-0.40727666,-0.598539,0.683804799641737,1.0
Gpr171,-0.40727666,-0.5545302,0.683804799641737,1.0
Sfxn1,-0.40727666,-0.51034707,0.683804799641737,1.0
Atox1,-0.40727666,-0.2922134,0.683804799641737,1.0
Alas1,-0.40952682,-1.0775768,0.6821530945044292,1.0
Oser1,-0.40952682,-1.079937,0.6821530945044292,1.0
Kmt2a,-0.40952682,-1.1189828,0.6821530945044292,1.0
Tbc1d10b,-0.40952682,-0.81219125,0.6821530945044292,1.0
Emc2,-0.40952682,-1.0700389,0.6821530945044292,1.0
Klhl25,-0.40952682,-1.0092546,0.6821530945044292,1.0
Gpx2,-0.41177696,-0.5517052,0.6805029107045318,1.0
Arf6,-0.41177696,-0.61732733,0.6805029107045318,1.0
Aff1,-0.41177696,-1.0225226,0.6805029107045318,1.0
Dnajc13,-0.4140271,-1.0649316,0.6788542551882146,1.0
Amfr,-0.4140271,-1.2243298,0.6788542551882146,1.0
Nek9,-0.4140271,-1.0479919,0.6788542551882146,1.0
Prcc,-0.4140271,-0.41610202,0.6788542551882146,1.0
Themis,-0.4140271,-0.9579398,0.6788542551882146,1.0
Bid,-0.4140271,-1.2511425,0.6788542551882146,1.0
Arhgap5,-0.4140271,-0.9980949,0.6788542551882146,1.0
Vps13a,-0.4140271,-0.9739475,0.6788542551882146,1.0
Kif21b,-0.41627726,-0.548739,0.6772071348797453,1.0
Papss1,-0.41627726,-0.6556481,0.6772071348797453,1.0
Rab9,-0.41627726,-1.0634446,0.6772071348797453,1.0
Fip1l1,-0.4185274,-0.84963554,0.6755615566814053,1.0
Nptn,-0.4185274,-1.0550216,0.6755615566814053,1.0
Sec31a,-0.4185274,-1.2534254,0.6755615566814053,1.0
Ctdsp2,-0.4185274,-0.37860903,0.6755615566814053,1.0
Dcaf15,-0.4185274,-1.0668864,0.6755615566814053,1.0
Ripor2,-0.4185274,-1.0274578,0.6755615566814053,1.0
Atxn7l3b,-0.4185274,-1.0236621,0.6755615566814053,1.0
Rbbp6,-0.4185274,-1.0794394,0.6755615566814053,1.0
Ypel5,-0.4185274,-1.1577718,0.6755615566814053,1.0
Bet1,-0.4185274,-1.1328477,0.6755615566814053,1.0
Dnajb1,-0.4185274,-1.1144435,0.6755615566814053,1.0
Pip4k2b,-0.4185274,-1.0710443,0.6755615566814053,1.0
Pten,-0.4185274,-0.28808597,0.6755615566814053,1.0
Eif3k,-0.42077756,-0.35378584,0.6739175274734053,1.0
Cox6b1,-0.42077756,-0.39451823,0.6739175274734053,1.0
Igha,-0.42077756,-0.4318474,0.6739175274734053,1.0
Cox7a1,-0.4230277,-1.1457729,0.6722750541138014,1.0
Impdh2,-0.4230277,-1.0809355,0.6722750541138014,1.0
Mob2,-0.4230277,-1.2352369,0.6722750541138014,1.0
Cul3,-0.4230277,-0.20011099,0.6722750541138014,1.0
Antxr2,-0.4230277,-1.0630131,0.6722750541138014,1.0
Creb3,-0.4230277,-1.2709831,0.6722750541138014,1.0
Atp6v0e,-0.4230277,-0.40767574,0.6722750541138014,1.0
Fcf1,-0.4230277,-1.0897816,0.6722750541138014,1.0
Prr7,-0.4230277,-1.256389,0.6722750541138014,1.0
Commd3,-0.4230277,-1.2006636,0.6722750541138014,1.0
Id1,-0.42527783,-1.1892331,0.6706341434384119,1.0
Pip4k2c,-0.42527783,-0.6781493,0.6706341434384119,1.0
Slc9a3r1,-0.42527783,-0.24464022,0.6706341434384119,1.0
Calml4,-0.42527783,-0.5840326,0.6706341434384119,1.0
Lrrfip2,-0.427528,-1.174717,0.6689948022607346,1.0
Rbm6,-0.427528,-1.2575626,0.6689948022607346,1.0
Irak1,-0.427528,-1.3106186,0.6689948022607346,1.0
Cct3,-0.427528,-1.2366483,0.6689948022607346,1.0
Wdr5,-0.427528,-1.3075533,0.6689948022607346,1.0
Syf2,-0.427528,-0.54690135,0.6689948022607346,1.0
Gimap5,-0.427528,-1.2407775,0.6689948022607346,1.0
Pdik1l,-0.427528,-1.2252406,0.6689948022607346,1.0
Ppp1r10,-0.427528,-1.2600766,0.6689948022607346,1.0
Abi3,-0.427528,-0.22205022,0.6689948022607346,1.0
Frmd8,-0.42977813,-0.62772673,0.667357037371865,1.0
Trim27,-0.42977813,-0.66200346,0.667357037371865,1.0
Gnai2,-0.42977813,-0.33745635,0.667357037371865,1.0
Hdac3,-0.42977813,-0.7535587,0.667357037371865,1.0
Mia2,-0.4320283,-1.264103,0.6657208555404143,1.0
Nsa2,-0.4320283,-1.2902722,0.6657208555404143,1.0
Cdca4,-0.4320283,-1.2702143,0.6657208555404143,1.0
Gtf2f1,-0.4320283,-1.2283626,0.6657208555404143,1.0
Dhps,-0.4320283,-1.3124119,0.6657208555404143,1.0
Manbal,-0.4320283,-1.2817866,0.6657208555404143,1.0
Grpel1,-0.4320283,-0.5404179,0.6657208555404143,1.0
Ttc3,-0.4320283,-1.3818226,0.6657208555404143,1.0
Jpt1,-0.4320283,-0.28058526,0.6657208555404143,1.0
Gpx1,-0.43427843,-0.24301083,0.6640862635124283,1.0
Efhd2,-0.43427843,-0.2707032,0.6640862635124283,1.0
Tgif1,-0.43427843,-0.55388963,0.6640862635124283,1.0
Adora2a,-0.43427843,-0.625624,0.6640862635124283,1.0
Set,-0.43427843,-0.6605537,0.6640862635124283,1.0
Tbrg4,-0.43427843,-0.65952307,0.6640862635124283,1.0
Trim56,-0.43427843,-0.44596434,0.6640862635124283,1.0
Msmo1,-0.4365286,-1.3925881,0.6624532680113069,1.0
Zfp865,-0.4365286,-1.5580715,0.6624532680113069,1.0
Psmb1,-0.43877873,-0.56876934,0.6608218757377246,1.0
Vdac2,-0.43877873,-0.6910173,0.6608218757377246,1.0
Pex6,-0.44102886,-1.4404036,0.6591920933695501,1.0
Micos13,-0.44102886,-0.42790276,0.6591920933695501,1.0
Lrrc61,-0.44102886,-1.4740583,0.6591920933695501,1.0
Ik,-0.44327903,-0.22098275,0.6575639275617682,1.0
Scaf11,-0.44327903,-0.4826908,0.6575639275617682,1.0
Hnrnpa1,-0.44327903,-0.22211257,0.6575639275617682,1.0
Snf8,-0.44327903,-0.7136229,0.6575639275617682,1.0
Ipmk,-0.44552916,-1.3753321,0.6559373849464007,1.0
Itk,-0.44777933,-0.58770883,0.6543124721324294,1.0
Gigyf1,-0.45002946,-1.3683584,0.6526891957057179,1.0
Ulk2,-0.45002946,-1.4125729,0.6526891957057179,1.0
Ubald2,-0.45002946,-1.6951944,0.6526891957057179,1.0
Lamtor3,-0.4522796,-0.58741623,0.6510675622289352,1.0
Fkbp3,-0.4522796,-0.7240467,0.6510675622289352,1.0
Wars,-0.4522796,-0.5470004,0.6510675622289352,1.0
Rp2,-0.4567799,-1.8138695,0.6478292502594036,1.0
Nabp1,-0.4567799,-1.31051,0.6478292502594036,1.0
Slc2a1,-0.4567799,-1.5909333,0.6478292502594036,1.0
Dhx40,-0.4567799,-1.5194184,0.6478292502594036,1.0
Tuba1a,-0.4567799,-1.4048113,0.6478292502594036,1.0
Wbp1l,-0.4567799,-1.6518562,0.6478292502594036,1.0
Rabep2,-0.4567799,-1.7366664,0.6478292502594036,1.0
Nup50,-0.4567799,-1.6582254,0.6478292502594036,1.0
Srebf1,-0.4567799,-1.5590217,0.6478292502594036,1.0
Kdm2a,-0.4567799,-0.81161445,0.6478292502594036,1.0
Uchl3,-0.4567799,-1.164644,0.6478292502594036,1.0
Spsb3,-0.4567799,-1.6934779,0.6478292502594036,1.0
Akt1s1,-0.4567799,-1.7598718,0.6478292502594036,1.0
Eif2b4,-0.4567799,-1.752497,0.6478292502594036,1.0
Eif2ak1,-0.4567799,-1.6733202,0.6478292502594036,1.0
Cc2d1a,-0.4567799,-1.7950646,0.6478292502594036,1.0
G6pc3,-0.4567799,-1.729903,0.6478292502594036,1.0
Hexa,-0.4567799,-1.6989254,0.6478292502594036,1.0
Akr7a5,-0.4567799,-1.6251531,0.6478292502594036,1.0
Dnmbp,-0.4567799,-1.5308877,0.6478292502594036,1.0
Tsr1,-0.4567799,-1.3725226,0.6478292502594036,1.0
Kpna1,-0.4567799,-1.6696557,0.6478292502594036,1.0
Anapc16,-0.4567799,-1.1105056,0.6478292502594036,1.0
Wasl,-0.4567799,-1.7658637,0.6478292502594036,1.0
Dhrs4,-0.4567799,-1.7249569,0.6478292502594036,1.0
Nbas,-0.4567799,-1.5760461,0.6478292502594036,1.0
Atg9a,-0.4567799,-1.6021024,0.6478292502594036,1.0
Dgka,-0.4567799,-0.31478086,0.6478292502594036,1.0
Ldhb,-0.4567799,-1.5619078,0.6478292502594036,1.0
Ssb,-0.45903006,-0.43734783,0.6462125847753368,1.0
Sh2d3c,-0.4612802,-0.47622642,0.6445975882584138,1.0
Zfp292,-0.4612802,-0.38423908,0.6445975882584138,1.0
Pex14,-0.4612802,-1.7698658,0.6445975882584138,1.0
Vps33b,-0.4612802,-1.7598772,0.6445975882584138,1.0
Lmbrd2,-0.4612802,-1.7087773,0.6445975882584138,1.0
Sub1,-0.4612802,-0.83307886,0.6445975882584138,1.0
Lmna,-0.4612802,-1.8166438,0.6445975882584138,1.0
Mgat4b,-0.4612802,-1.8732511,0.6445975882584138,1.0
Khk,-0.4612802,-1.8191615,0.6445975882584138,1.0
Grina,-0.4612802,-0.63493794,0.6445975882584138,1.0
Mocs2,-0.4612802,-1.8238102,0.6445975882584138,1.0
Mtmr3,-0.4612802,-1.7577802,0.6445975882584138,1.0
Tmem54,-0.4612802,-1.8367369,0.6445975882584138,1.0
Spty2d1,-0.4612802,-1.7505866,0.6445975882584138,1.0
Atp6v1a,-0.4612802,-1.7151403,0.6445975882584138,1.0
Jmjd1c,-0.4612802,-1.7669642,0.6445975882584138,1.0
Ccdc102a,-0.4612802,-1.800464,0.6445975882584138,1.0
Commd7,-0.4612802,-1.7789491,0.6445975882584138,1.0
Nfatc3,-0.4612802,-0.41040972,0.6445975882584138,1.0
Golgb1,-0.4612802,-1.8937627,0.6445975882584138,1.0
Hoxb6,-0.4612802,-1.709483,0.6445975882584138,1.0
Ebp,-0.4612802,-1.8596927,0.6445975882584138,1.0
Arrb1,-0.4612802,-1.7979147,0.6445975882584138,1.0
Haspin,-0.4612802,-1.5076851,0.6445975882584138,1.0
Lap3,-0.4612802,-1.834954,0.6445975882584138,1.0
Sf3a1,-0.4612802,-0.633498,0.6445975882584138,1.0
Slc12a7,-0.46353036,-0.43931893,0.6429842671541985,1.0
Cnot8,-0.4657805,-1.74172,0.6413726278846114,1.0
Rfc1,-0.4657805,-1.815545,0.6413726278846114,1.0
Ppp3cc,-0.4657805,-0.80588204,0.6413726278846114,1.0
Bin3,-0.4657805,-1.7969183,0.6413726278846114,1.0
Eif3a,-0.4657805,-2.147843,0.6413726278846114,1.0
Ago1,-0.4657805,-1.9873773,0.6413726278846114,1.0
Cfdp1,-0.4657805,-0.7477812,0.6413726278846114,1.0
Prkci,-0.4657805,-1.9152951,0.6413726278846114,1.0
Arhgdia,-0.4657805,-0.24876255,0.6413726278846114,1.0
Fam120b,-0.4657805,-1.8881506,0.6413726278846114,1.0
Nat2,-0.4657805,-1.8946109,0.6413726278846114,1.0
Dgcr8,-0.4657805,-1.9679769,0.6413726278846114,1.0
Abcf3,-0.4657805,-1.8155174,0.6413726278846114,1.0
Paip2b,-0.4657805,-1.8466454,0.6413726278846114,1.0
Mgat2,-0.4657805,-1.8094959,0.6413726278846114,1.0
Washc2,-0.4657805,-1.7341024,0.6413726278846114,1.0
Ralgapa1,-0.4657805,-0.78388244,0.6413726278846114,1.0
Lgals9,-0.46803063,-0.5710907,0.6397626768478563,1.0
Polr2h,-0.46803063,-1.8525084,0.6397626768478563,1.0
Trim44,-0.4702808,-2.1012688,0.6381544204183482,1.0
Plekha5,-0.4702808,-0.8845318,0.6381544204183482,1.0
Lrp10,-0.4702808,-0.5369906,0.6381544204183482,1.0
Cox17,-0.4702808,-0.91822,0.6381544204183482,1.0
Parp2,-0.4702808,-1.751322,0.6381544204183482,1.0
Psmd1,-0.4702808,-0.7684811,0.6381544204183482,1.0
Stat5b,-0.4702808,-0.8112323,0.6381544204183482,1.0
Mff,-0.4702808,-0.61754715,0.6381544204183482,1.0
Add3,-0.4702808,-0.5928629,0.6381544204183482,1.0
Prmt1,-0.4702808,-1.8523703,0.6381544204183482,1.0
Nedd9,-0.4702808,-0.84001213,0.6381544204183482,1.0
Rnf146,-0.4702808,-0.855008,0.6381544204183482,1.0
Kidins220,-0.4702808,-0.803737,0.6381544204183482,1.0
Pik3cd,-0.4702808,-0.3585726,0.6381544204183482,1.0
Rala,-0.4702808,-1.9270418,0.6381544204183482,1.0
Abracl,-0.47253093,-0.550623,0.6365478649466417,1.0
Manf,-0.47253093,-0.39380777,0.6365478649466417,1.0
Slc6a14,-0.4747811,-0.6382931,0.6349430167593592,1.0
Pnpo,-0.4747811,-2.1849897,0.6349430167593592,1.0
Stub1,-0.4747811,-0.5136259,0.6349430167593592,1.0
Spr,-0.4747811,-2.0705867,0.6349430167593592,1.0
Vbp1,-0.4747811,-2.0349295,0.6349430167593592,1.0
Snu13,-0.4747811,-0.6343477,0.6349430167593592,1.0
Myh9,-0.4747811,-0.83781964,0.6349430167593592,1.0
Tnfrsf9,-0.4747811,-2.6541524,0.6349430167593592,1.0
Dzip1,-0.4747811,-1.973224,0.6349430167593592,1.0
Timm9,-0.4747811,-2.1698358,0.6349430167593592,1.0
Adrm1,-0.4747811,-2.1581628,0.6349430167593592,1.0
Prdx5,-0.4747811,-0.2870254,0.6349430167593592,1.0
Itprid2,-0.4747811,-2.0453916,0.6349430167593592,1.0
Mydgf,-0.4747811,-0.45825663,0.6349430167593592,1.0
Cby1,-0.4747811,-2.1768951,0.6349430167593592,1.0
Nsd1,-0.47703123,-0.41330534,0.6333398821591205,1.0
Gpr18,-0.47703123,-0.5354472,0.6333398821591205,1.0
Ddx39,-0.47928137,-2.400009,0.6317384674244728,1.0
Anapc5,-0.47928137,-2.4816413,0.6317384674244728,1.0
Rab20,-0.47928137,-2.4739363,0.6317384674244728,1.0
Arl5a,-0.47928137,-2.126733,0.6317384674244728,1.0
Ncor2,-0.47928137,-2.2442954,0.6317384674244728,1.0
Memo1,-0.47928137,-2.0771646,0.6317384674244728,1.0
Ndufaf7,-0.47928137,-2.427661,0.6317384674244728,1.0
Foxp4,-0.47928137,-0.85033554,0.6317384674244728,1.0
Acp6,-0.47928137,-2.0722396,0.6317384674244728,1.0
Acp1,-0.47928137,-2.0985696,0.6317384674244728,1.0
Slc16a3,-0.47928137,-2.4529045,0.6317384674244728,1.0
Ercc3,-0.47928137,-2.402156,0.6317384674244728,1.0
Blvra,-0.47928137,-2.0424287,0.6317384674244728,1.0
Sptssb,-0.47928137,-2.185516,0.6317384674244728,1.0
Pctp,-0.47928137,-2.5021708,0.6317384674244728,1.0
Sumf1,-0.47928137,-2.5102882,0.6317384674244728,1.0
Rgs19,-0.47928137,-2.5391495,0.6317384674244728,1.0
Hes1,-0.48378167,-0.99427867,0.6285408225453595,1.0
Nars,-0.48378167,-0.840658,0.6285408225453595,1.0
Sfr1,-0.48378167,-0.8548586,0.6285408225453595,1.0
Myo1a,-0.48378167,-0.874786,0.6285408225453595,1.0
Nhp2,-0.48378167,-0.8709849,0.6285408225453595,1.0
Etfa,-0.48378167,-0.9050999,0.6285408225453595,1.0
Tnrc6a,-0.48828197,-0.7784539,0.6253501318663139,1.0
Qrich1,-0.48828197,-0.5096631,0.6253501318663139,1.0
Slc25a11,-0.48828197,-0.82770354,0.6253501318663139,1.0
Btg1,-0.48828197,-0.27800116,0.6253501318663139,1.0
Zbtb1,-0.48828197,-0.53503144,0.6253501318663139,1.0
Net1,-0.48828197,-0.9150863,0.6253501318663139,1.0
Tmem164,-0.48828197,-0.95180386,0.6253501318663139,1.0
Cyb5b,-0.48828197,-0.940291,0.6253501318663139,1.0
B4galt5,-0.49053213,-0.53003997,0.6237574097904485,1.0
Igf2r,-0.49278226,-1.0026778,0.6221664447420755,1.0
Rnasek,-0.49278226,-1.0268335,0.6221664447420755,1.0
Fkbp15,-0.49728256,-0.98822665,0.6189898101356838,1.0
Os9,-0.49728256,-1.0242469,0.6189898101356838,1.0
Hist1h2ap,-0.49728256,-0.95109785,0.6189898101356838,1.0
Slc35e1,-0.49728256,-0.34249306,0.6189898101356838,1.0
Tagln2,-0.49728256,-0.39216194,0.6189898101356838,1.0
Zfp706,-0.49728256,-0.94251364,0.6189898101356838,1.0
Tmem131,-0.49728256,-0.6871001,0.6189898101356838,1.0
Ildr1,-0.4995327,-0.99743277,0.6174041527200054,1.0
Actg1,-0.4995327,-0.39340106,0.6174041527200054,1.0
Cd9,-0.4995327,-0.6634484,0.6174041527200054,1.0
Pycrl,-0.50178283,-0.92944753,0.6158202766163704,1.0
Rbm3,-0.50178283,-0.95201194,0.6158202766163704,1.0
Snrpg,-0.50178283,-0.6377631,0.6158202766163704,1.0
Itga6,-0.50178283,-0.89801,0.6158202766163704,1.0
Rtn4rl1,-0.50178283,-1.01258,0.6158202766163704,1.0
Xpo6,-0.50178283,-1.0396005,0.6158202766163704,1.0
Sh3kbp1,-0.50628316,-0.98858917,0.612657892357488,1.0
Mbnl2,-0.50628316,-0.94077295,0.612657892357488,1.0
Mllt6,-0.5085333,-0.4924043,0.6110793961461315,1.0
Trpc4ap,-0.5085333,-0.49979442,0.6110793961461315,1.0
Stx7,-0.5085333,-0.58066976,0.6110793961461315,1.0
Arfgef1,-0.51078343,-0.682188,0.6095027051344756,1.0
Kri1,-0.51078343,-1.0508685,0.6095027051344756,1.0
Hsp90b1,-0.51078343,-0.45641768,0.6095027051344756,1.0
Cct6a,-0.51303357,-25.506891,0.6079278252319482,1.0
Slk,-0.51303357,-25.344593,0.6079278252319482,1.0
Sugp1,-0.51303357,-25.535671,0.6079278252319482,1.0
Lhfpl2,-0.51303357,-25.207973,0.6079278252319482,1.0
Wwox,-0.51303357,-25.572693,0.6079278252319482,1.0
Txndc12,-0.51303357,-25.356987,0.6079278252319482,1.0
Ddx54,-0.51303357,-25.500368,0.6079278252319482,1.0
Katnb1,-0.51303357,-25.57515,0.6079278252319482,1.0
Car13,-0.51303357,-25.5321,0.6079278252319482,1.0
Mctp2,-0.51303357,-25.43815,0.6079278252319482,1.0
Cstf1,-0.51303357,-25.597492,0.6079278252319482,1.0
Dipk1a,-0.51303357,-25.61214,0.6079278252319482,1.0
Syne3,-0.51303357,-25.379276,0.6079278252319482,1.0
Rabif,-0.51303357,-25.566729,0.6079278252319482,1.0
Dut,-0.51303357,-25.415358,0.6079278252319482,1.0
Nol9,-0.51303357,-25.377054,0.6079278252319482,1.0
Mitd1,-0.51303357,-25.31947,0.6079278252319482,1.0
Appbp2,-0.51303357,-25.420408,0.6079278252319482,1.0
Mpp7,-0.51303357,-25.668243,0.6079278252319482,1.0
Thoc1,-0.51303357,-25.376205,0.6079278252319482,1.0
Iws1,-0.51303357,-25.492952,0.6079278252319482,1.0
Kctd12,-0.51303357,-25.384096,0.6079278252319482,1.0
Itsn1,-0.51303357,-25.325235,0.6079278252319482,1.0
Usp38,-0.51303357,-25.480806,0.6079278252319482,1.0
Cdc42ep4,-0.51303357,-25.298803,0.6079278252319482,1.0
Zfyve21,-0.51303357,-25.334206,0.6079278252319482,1.0
Zfp513,-0.51303357,-25.406584,0.6079278252319482,1.0
Cep192,-0.51303357,-25.508738,0.6079278252319482,1.0
Apopt1,-0.51303357,-25.586758,0.6079278252319482,1.0
Poglut1,-0.51303357,-25.347097,0.6079278252319482,1.0
Cd200r1,-0.51303357,-25.620262,0.6079278252319482,1.0
Rbm41,-0.51303357,-25.600708,0.6079278252319482,1.0
Zscan21,-0.51303357,-25.54206,0.6079278252319482,1.0
Hells,-0.51303357,-25.211218,0.6079278252319482,1.0
Rwdd2b,-0.51303357,-25.466888,0.6079278252319482,1.0
Ikbke,-0.51303357,-25.54941,0.6079278252319482,1.0
Acadm,-0.51303357,-25.521572,0.6079278252319482,1.0
Ptp4a3,-0.51303357,-0.48542544,0.6079278252319482,1.0
Ccpg1os,-0.51303357,-25.503675,0.6079278252319482,1.0
Grb7,-0.51303357,-25.441545,0.6079278252319482,1.0
Slc30a4,-0.51303357,-25.274052,0.6079278252319482,1.0
Snx14,-0.51303357,-25.653406,0.6079278252319482,1.0
Fam129b,-0.51303357,-25.356861,0.6079278252319482,1.0
Elovl6,-0.51303357,-25.28658,0.6079278252319482,1.0
Adam10,-0.51303357,-25.539518,0.6079278252319482,1.0
Hgsnat,-0.51303357,-25.623377,0.6079278252319482,1.0
Fam210a,-0.51303357,-25.54641,0.6079278252319482,1.0
Larp7,-0.51303357,-25.605425,0.6079278252319482,1.0
Gzf1,-0.51303357,-25.560713,0.6079278252319482,1.0
Aste1,-0.51303357,-25.460018,0.6079278252319482,1.0
Nck1,-0.51303357,-25.544453,0.6079278252319482,1.0
Ltbr,-0.51303357,-25.320395,0.6079278252319482,1.0
Myg1,-0.51303357,-25.392971,0.6079278252319482,1.0
Fxr2,-0.51303357,-25.270386,0.6079278252319482,1.0
Pik3r5,-0.51303357,-25.340967,0.6079278252319482,1.0
Tuba1b,-0.51303357,-25.537264,0.6079278252319482,1.0
Fmnl3,-0.51303357,-25.45346,0.6079278252319482,1.0
Ftsj1,-0.51303357,-25.682837,0.6079278252319482,1.0
Eif2s3x,-0.51303357,-25.358047,0.6079278252319482,1.0
Thra,-0.51303357,-25.39659,0.6079278252319482,1.0
Gal3st1,-0.51303357,-25.47037,0.6079278252319482,1.0
Fbxo3,-0.51303357,-25.400585,0.6079278252319482,1.0
Ndufb2,-0.51303357,-25.614717,0.6079278252319482,1.0
Nr1d1,-0.51303357,-25.598145,0.6079278252319482,1.0
Ppp5c,-0.51303357,-25.661495,0.6079278252319482,1.0
Tbkbp1,-0.51303357,-25.250633,0.6079278252319482,1.0
Alkbh8,-0.51303357,-25.397007,0.6079278252319482,1.0
Acsf3,-0.51303357,-25.62557,0.6079278252319482,1.0
Zfp276,-0.51303357,-25.480162,0.6079278252319482,1.0
Zcchc17,-0.51303357,-25.577705,0.6079278252319482,1.0
Cmtr1,-0.51303357,-25.479935,0.6079278252319482,1.0
Slc35a2,-0.51303357,-25.274609,0.6079278252319482,1.0
Kif2a,-0.51303357,-25.415947,0.6079278252319482,1.0
Ndufaf2,-0.51303357,-25.306084,0.6079278252319482,1.0
Safb,-0.51303357,-25.600395,0.6079278252319482,1.0
Camkk1,-0.51303357,-25.32288,0.6079278252319482,1.0
Uhrf1,-0.51303357,-25.105627,0.6079278252319482,1.0
Mdm1,-0.51303357,-25.548664,0.6079278252319482,1.0
Tdrd7,-0.51303357,-25.620655,0.6079278252319482,1.0
Phf21a,-0.51303357,-25.24018,0.6079278252319482,1.0
Mnat1,-0.51303357,-25.576363,0.6079278252319482,1.0
Crnkl1,-0.51303357,-25.490793,0.6079278252319482,1.0
Phf5a,-0.51303357,-25.477764,0.6079278252319482,1.0
Nvl,-0.51303357,-25.606836,0.6079278252319482,1.0
Ints6,-0.51303357,-25.41218,0.6079278252319482,1.0
Taf1,-0.51303357,-25.635702,0.6079278252319482,1.0
Rybp,-0.51303357,-25.631514,0.6079278252319482,1.0
Pgap2,-0.51303357,-25.542902,0.6079278252319482,1.0
Kmt5c,-0.51303357,-25.500664,0.6079278252319482,1.0
Cpsf4,-0.51303357,-25.643318,0.6079278252319482,1.0
Cpne2,-0.51303357,-25.62917,0.6079278252319482,1.0
Baiap2l1,-0.51303357,-25.567732,0.6079278252319482,1.0
Dhx58,-0.51303357,-25.60176,0.6079278252319482,1.0
Sp140,-0.51303357,-25.29,0.6079278252319482,1.0
Zc3h12d,-0.51303357,-25.746353,0.6079278252319482,1.0
Sertad1,-0.51303357,-25.42121,0.6079278252319482,1.0
Vps41,-0.51303357,-25.368221,0.6079278252319482,1.0
Ppia,-0.51303357,-25.485167,0.6079278252319482,1.0
Aars,-0.51303357,-25.762526,0.6079278252319482,1.0
Tmem65,-0.51303357,-25.595154,0.6079278252319482,1.0
Kin,-0.51303357,-25.519361,0.6079278252319482,1.0
Ndfip2,-0.51303357,-25.429966,0.6079278252319482,1.0
Smpd5,-0.51303357,-25.53143,0.6079278252319482,1.0
Vipr1,-0.51303357,-25.198708,0.6079278252319482,1.0
Ppp1r16a,-0.51303357,-25.470638,0.6079278252319482,1.0
Zmym3,-0.51303357,-25.588892,0.6079278252319482,1.0
Wdr7,-0.51303357,-25.554514,0.6079278252319482,1.0
Gipc1,-0.51303357,-25.575287,0.6079278252319482,1.0
Rad52,-0.51303357,-25.663298,0.6079278252319482,1.0
Tpcn1,-0.51303357,-25.530582,0.6079278252319482,1.0
Prpf18,-0.51303357,-25.222591,0.6079278252319482,1.0
Fbxo32,-0.51303357,-25.411818,0.6079278252319482,1.0
Neurl3,-0.51528376,-0.3841339,0.6063547623228605,1.0
Epsti1,-0.51528376,-0.27538761,0.6063547623228605,1.0
Zfp592,-0.51528376,-1.0648183,0.6063547623228605,1.0
Ncoa6,-0.51528376,-1.0874935,0.6063547623228605,1.0
Sult1b1,-0.5175339,-0.3754611,0.6047835222663451,1.0
Ssr3,-0.51978403,-1.0999844,0.6032141108962976,1.0
Sec23b,-0.51978403,-1.0884645,0.6032141108962976,1.0
Cops6,-0.51978403,-1.1364287,0.6032141108962976,1.0
Mdp1,-0.51978403,-0.64421755,0.6032141108962976,1.0
Cept1,-0.51978403,-1.1823786,0.6032141108962976,1.0
Pabpc4,-0.51978403,-1.0668111,0.6032141108962976,1.0
Fam76b,-0.51978403,-1.1271988,0.6032141108962976,1.0
Trpm7,-0.51978403,-1.09227,0.6032141108962976,1.0
Stmn1,-0.52203417,-0.70015067,0.6016465340213167,1.0
Ubqln2,-0.52203417,-0.716727,0.6016465340213167,1.0
Hsp90aa1,-0.5242843,-0.38248113,0.6000807974246456,1.0
Hdlbp,-0.5242843,-1.1692908,0.6000807974246456,1.0
Nosip,-0.5242843,-1.2546537,0.6000807974246456,1.0
H2-Q6,-0.5242843,-0.5612003,0.6000807974246456,1.0
Supt6,-0.5242843,-0.6109289,0.6000807974246456,1.0
Dnmt1,-0.5242843,-0.6280519,0.6000807974246456,1.0
Dek,-0.5242843,-0.5082974,0.6000807974246456,1.0
Trp53i11,-0.5242843,-0.44428876,0.6000807974246456,1.0
Ctsb,-0.5265345,-0.4015161,0.5985169068641137,1.0
Prkaca,-0.5265345,-0.73477095,0.5985169068641137,1.0
Acot7,-0.5265345,-0.36968872,0.5985169068641137,1.0
Cytip,-0.5265345,-0.7621951,0.5985169068641137,1.0
Scaf4,-0.5265345,-1.2317097,0.5985169068641137,1.0
Mob4,-0.52878463,-1.1179787,0.5969548680720798,1.0
Lcp1,-0.52878463,-0.29012203,0.5969548680720798,1.0
Rreb1,-0.52878463,-0.42221195,0.5969548680720798,1.0
Arhgef18,-0.52878463,-0.91508204,0.5969548680720798,1.0
Ep400,-0.53103477,-0.7276567,0.5953946867553739,1.0
Nlrc3,-0.53103477,-0.6444539,0.5953946867553739,1.0
Chtop,-0.53103477,-0.7895931,0.5953946867553739,1.0
Sucla2,-0.53103477,-0.7258686,0.5953946867553739,1.0
Ndufb1-ps,-0.5332849,-0.46732825,0.5938363685952425,1.0
Atp5j2,-0.5332849,-0.41179386,0.5938363685952425,1.0
Emb,-0.5332849,-0.18783681,0.5938363685952425,1.0
Ociad1,-0.5332849,-1.2326986,0.5938363685952425,1.0
Ccar1,-0.5332849,-0.6913082,0.5938363685952425,1.0
Zc3h4,-0.5332849,-0.7123657,0.5938363685952425,1.0
Calr,-0.5332849,-1.3195757,0.5938363685952425,1.0
Med13,-0.5332849,-1.058436,0.5938363685952425,1.0
Cmtm4,-0.5332849,-1.213563,0.5938363685952425,1.0
Pcna,-0.53553504,-0.5632261,0.5922799192472914,1.0
Dgkz,-0.53553504,-0.4338243,0.5922799192472914,1.0
Gpsm3,-0.53553504,-0.48331955,0.5922799192472914,1.0
Ppp3r1,-0.53778523,-0.5827348,0.5907253443414313,1.0
Smu1,-0.53778523,-1.0952911,0.5907253443414313,1.0
Zfp800,-0.53778523,-1.1759244,0.5907253443414313,1.0
Snx17,-0.53778523,-1.2946543,0.5907253443414313,1.0
Phc2,-0.53778523,-1.1755942,0.5907253443414313,1.0
Rnf149,-0.54003537,-0.32053208,0.5891726494818232,1.0
Ankmy2,-0.5422855,-1.2601825,0.5876218402468242,1.0
Samm50,-0.5422855,-1.1770636,0.5876218402468242,1.0
Lsm14a,-0.5422855,-0.40551367,0.5876218402468242,1.0
Vat1,-0.5422855,-1.2964265,0.5876218402468242,1.0
Itch,-0.5422855,-0.71254754,0.5876218402468242,1.0
Sod1,-0.5422855,-0.45310274,0.5876218402468242,1.0
Exoc5,-0.5422855,-1.2377373,0.5876218402468242,1.0
Yipf1,-0.5422855,-1.3589716,0.5876218402468242,1.0
Tjp3,-0.5422855,-1.3193185,0.5876218402468242,1.0
Sept9,-0.54453564,-0.40978295,0.5860729221889338,1.0
Pkp3,-0.5467858,-1.3368471,0.5845259008347417,1.0
Borcs6,-0.5467858,-1.3955673,0.5845259008347417,1.0
Cdc27,-0.5467858,-1.289024,0.5845259008347417,1.0
Pfkl,-0.5467858,-1.3418808,0.5845259008347417,1.0
Tax1bp1,-0.5467858,-0.76571625,0.5845259008347417,1.0
Psmd6,-0.5467858,-1.3887548,0.5845259008347417,1.0
Trat1,-0.5467858,-1.4618063,0.5845259008347417,1.0
Ncor1,-0.54903597,-0.7268094,0.5829807816848752,1.0
Derl2,-0.5512861,-1.4499184,0.5814375702139478,1.0
Fxr1,-0.5512861,-1.3787063,0.5814375702139478,1.0
Tnfrsf1a,-0.5512861,-1.49149,0.5814375702139478,1.0
Wasf2,-0.5512861,-0.8143839,0.5814375702139478,1.0
Sec13,-0.5512861,-1.442025,0.5814375702139478,1.0
Pmp22,-0.5512861,-0.7343395,0.5814375702139478,1.0
Man2b1,-0.5512861,-1.3472353,0.5814375702139478,1.0
Dusp7,-0.5512861,-1.4757891,0.5814375702139478,1.0
Raly,-0.5512861,-0.45548543,0.5814375702139478,1.0
Ccdc6,-0.5512861,-1.4620483,0.5814375702139478,1.0
Sptan1,-0.55353624,-0.7750559,0.5798962718705074,1.0
Pef1,-0.5557864,-1.3985895,0.5783568920769875,1.0
Slc38a2,-0.5557864,-1.3508757,0.5783568920769875,1.0
Oat,-0.5557864,-1.4617689,0.5783568920769875,1.0
Pet100,-0.5557864,-1.519941,0.5783568920769875,1.0
Tmem9b,-0.5557864,-1.5114963,0.5783568920769875,1.0
Zc3h18,-0.5580365,-0.83114696,0.576819436229655,1.0
Tnrc6b,-0.5602867,-1.6307094,0.5752839096985631,1.0
Fbxo28,-0.5602867,-1.6209035,0.5752839096985631,1.0
Faim,-0.5602867,-1.5834186,0.5752839096985631,1.0
Hmgcr,-0.5602867,-1.4571891,0.5752839096985631,1.0
Ier5,-0.5602867,-1.4689317,0.5752839096985631,1.0
Cxadr,-0.5602867,-1.5957525,0.5752839096985631,1.0
Cdk9,-0.56253684,-0.96521634,0.5737503178275014,1.0
Pdia4,-0.564787,-1.4878716,0.5722186659339479,1.0
Isy1,-0.564787,-1.8042849,0.5722186659339479,1.0
Atp1b1,-0.564787,-0.29640073,0.5722186659339479,1.0
Kdm6b,-0.564787,-1.5060655,0.5722186659339479,1.0
Nipa2,-0.564787,-1.4665523,0.5722186659339479,1.0
Jund,-0.5670371,-0.3620357,0.5706889593090214,1.0
Ncoa3,-0.5692873,-1.5594729,0.569161203217436,1.0
Usp8,-0.5692873,-0.60607666,0.569161203217436,1.0
Tcf12,-0.5692873,-0.53240883,0.569161203217436,1.0
Reps1,-0.5692873,-1.6149633,0.569161203217436,1.0
Tagap,-0.5692873,-1.6855761,0.569161203217436,1.0
Use1,-0.57153744,-0.64382005,0.5676354028974526,1.0
Fam117b,-0.57153744,-0.9533845,0.5676354028974526,1.0
Pdia3,-0.57378757,-0.60812366,0.5661115635608347,1.0
Appl1,-0.57378757,-0.7934444,0.5661115635608347,1.0
Cdk17,-0.57378757,-0.9095742,0.5661115635608347,1.0
Aldh2,-0.57378757,-0.6967776,0.5661115635608347,1.0
Crebrf,-0.57378757,-0.76345056,0.5661115635608347,1.0
Ndufa13,-0.5760377,-0.9689749,0.5645896903928027,1.0
Mob1a,-0.5760377,-0.8396761,0.5645896903928027,1.0
Ranbp2,-0.57828784,-1.7656394,0.5630697885519893,1.0
Odc1,-0.57828784,-0.59094006,0.5630697885519893,1.0
Inpp5d,-0.57828784,-0.58350307,0.5630697885519893,1.0
Edf1,-0.57828784,-0.31568244,0.5630697885519893,1.0
Akr1a1,-0.58053803,-0.29856253,0.5615518631703962,1.0
Il12rb2,-0.58278817,-1.7350823,0.5600359193533501,1.0
Pip4k2a,-0.58278817,-1.7856337,0.5600359193533501,1.0
Actl6a,-0.58278817,-2.0127401,0.5600359193533501,1.0
Cul1,-0.58278817,-1.0697168,0.5600359193533501,1.0
Glrx,-0.58278817,-0.6716602,0.5600359193533501,1.0
Atp5b,-0.58278817,-0.9012883,0.5600359193533501,1.0
Galnt4,-0.58278817,-0.8467436,0.5600359193533501,1.0
Ago2,-0.58278817,-0.47501484,0.5600359193533501,1.0
Mzt1,-0.58278817,-1.9800895,0.5600359193533501,1.0
Uqcc3,-0.58278817,-1.7564721,0.5600359193533501,1.0
Cd8a,-0.58278817,-0.80241984,0.5600359193533501,1.0
Fam83h,-0.58278817,-2.0020995,0.5600359193533501,1.0
Cenpx,-0.58278817,-1.9344343,0.5600359193533501,1.0
Rc3h1,-0.58278817,-1.9843055,0.5600359193533501,1.0
Arhgap18,-0.58278817,-1.9695016,0.5600359193533501,1.0
Ddx50,-0.58278817,-1.786456,0.5600359193533501,1.0
Atxn2l,-0.5850383,-1.0478091,0.55852196217946,1.0
Pitpna,-0.58728844,-0.560434,0.5570099967005755,1.0
Bmpr1a,-0.58728844,-2.023242,0.5570099967005755,1.0
AI467606,-0.58728844,-2.0092862,0.5570099967005755,1.0
Ube2d1,-0.58728844,-1.9168046,0.5570099967005755,1.0
Ube2v2,-0.58728844,-1.8872553,0.5570099967005755,1.0
Mgst1,-0.58728844,-2.0183809,0.5570099967005755,1.0
Usp10,-0.58728844,-2.0357764,0.5570099967005755,1.0
Nek7,-0.58728844,-2.0312417,0.5570099967005755,1.0
Tlk1,-0.58728844,-1.9033257,0.5570099967005755,1.0
Sgpp1,-0.58728844,-2.1676512,0.5570099967005755,1.0
Tank,-0.58728844,-1.8153301,0.5570099967005755,1.0
Ibtk,-0.58728844,-1.9356313,0.5570099967005755,1.0
Sav1,-0.58728844,-1.923629,0.5570099967005755,1.0
Ap1m1,-0.58728844,-1.9493219,0.5570099967005755,1.0
Timm8a1,-0.58728844,-2.0608773,0.5570099967005755,1.0
Lims1,-0.58728844,-0.722825,0.5570099967005755,1.0
Chmp5,-0.58728844,-1.9794984,0.5570099967005755,1.0
Mgam,-0.59178877,-2.0920842,0.5539920609011744,1.0
Tbc1d5,-0.59178877,-2.0758808,0.5539920609011744,1.0
Asl,-0.59178877,-1.9788394,0.5539920609011744,1.0
Ccnt1,-0.59178877,-2.1322284,0.5539920609011744,1.0
Selenok,-0.59178877,-2.100111,0.5539920609011744,1.0
Adgrg7,-0.59178877,-0.62890697,0.5539920609011744,1.0
Scarb2,-0.59178877,-2.1407218,0.5539920609011744,1.0
Rab3ip,-0.59178877,-2.120843,0.5539920609011744,1.0
Fam149b,-0.59178877,-2.2178564,0.5539920609011744,1.0
Tmem263,-0.59178877,-2.1364405,0.5539920609011744,1.0
Nt5c3b,-0.59178877,-2.1359723,0.5539920609011744,1.0
Hnrnpf,-0.59178877,-0.661391,0.5539920609011744,1.0
Fbrs,-0.59178877,-1.0117093,0.5539920609011744,1.0
Stx4a,-0.59178877,-2.176115,0.5539920609011744,1.0
Fundc1,-0.59178877,-2.2403429,0.5539920609011744,1.0
Ensa,-0.59178877,-2.1041014,0.5539920609011744,1.0
Sf3b1,-0.5940389,-0.5316402,0.5524861005501872,1.0
Tm6sf1,-0.59628904,-2.1474621,0.550982151833185,1.0
Tmprss2,-0.59628904,-2.0741334,0.550982151833185,1.0
Arfgap3,-0.59628904,-2.1868973,0.550982151833185,1.0
Usp16,-0.59628904,-2.1904087,0.550982151833185,1.0
M6pr,-0.59628904,-0.5554783,0.550982151833185,1.0
Get4,-0.59628904,-2.1586676,0.550982151833185,1.0
Naa20,-0.59628904,-2.0741324,0.550982151833185,1.0
Mcur1,-0.59628904,-2.1758194,0.550982151833185,1.0
Txndc17,-0.59628904,-0.60801613,0.550982151833185,1.0
Gtf2h5,-0.6007893,-0.98487276,0.5479803089438948,1.0
Gpatch2l,-0.6007893,-2.2488046,0.5479803089438948,1.0
Edem3,-0.6007893,-2.211683,0.5479803089438948,1.0
Wdr3,-0.6007893,-2.062974,0.5479803089438948,1.0
Sigirr,-0.6007893,-2.3275971,0.5479803089438948,1.0
U2af1,-0.6007893,-2.1175637,0.5479803089438948,1.0
Slc35d1,-0.6007893,-2.3669944,0.5479803089438948,1.0
Sec23a,-0.6007893,-2.2567956,0.5479803089438948,1.0
Sec23ip,-0.6007893,-2.3074296,0.5479803089438948,1.0
Pim2,-0.6007893,-2.2825706,0.5479803089438948,1.0
Hacd3,-0.6030395,-0.99019533,0.5464824245254486,1.0
Rnf10,-0.6030395,-0.72039235,0.5464824245254486,1.0
Etl4,-0.60528964,-2.376598,0.5449865712485954,1.0
Inpp5j,-0.60528964,-2.2720711,0.5449865712485954,1.0
Yipf5,-0.60528964,-2.6849115,0.5449865712485954,1.0
S100a1,-0.60528964,-2.5640798,0.5449865712485954,1.0
Ttf1,-0.60528964,-2.749432,0.5449865712485954,1.0
Fli1,-0.60528964,-0.7192882,0.5449865712485954,1.0
Mt2,-0.60528964,-2.5181706,0.5449865712485954,1.0
Fbxw8,-0.60528964,-2.2118266,0.5449865712485954,1.0
Tra2b,-0.60528964,-0.8234251,0.5449865712485954,1.0
Dcp2,-0.60528964,-0.99942416,0.5449865712485954,1.0
Msh2,-0.60528964,-2.6771173,0.5449865712485954,1.0
Ctnnbl1,-0.60528964,-2.1765554,0.5449865712485954,1.0
Maz,-0.6075398,-0.5452734,0.54349275392255,1.0
Armc7,-0.6097899,-2.7031817,0.5420009773293785,1.0
Magi3,-0.6097899,-2.4998071,0.5420009773293785,1.0
Osbpl11,-0.6097899,-2.859851,0.5420009773293785,1.0
Derl1,-0.6097899,-0.9920631,0.5420009773293785,1.0
Prom1,-0.6097899,-2.7487533,0.5420009773293785,1.0
Taf10,-0.6097899,-2.5185695,0.5420009773293785,1.0
Eif3h,-0.6097899,-1.0039495,0.5420009773293785,1.0
Il2rb,-0.61429024,-0.48322374,0.5390235653339681,1.0
Atp6v1g1,-0.6187905,-1.0272605,0.5360543729745925,1.0
Tsc22d1,-0.6187905,-0.42836237,0.5360543729745925,1.0
Ssrp1,-0.62104064,-1.1555972,0.5345728708241393,1.0
Nfe2l1,-0.62329084,-1.1674275,0.5330934375268941,1.0
Emd,-0.62329084,-0.7869052,0.5330934375268941,1.0
Rbm38,-0.6277911,-0.52628595,0.5301407958288769,1.0
Cnot3,-0.6277911,-1.1588113,0.5301407958288769,1.0
Rabep1,-0.6277911,-1.2691745,0.5301407958288769,1.0
Nudt16l1,-0.6277911,-1.1047971,0.5301407958288769,1.0
Lta4h,-0.63004124,-0.48147053,0.5286675965279579,1.0
Actr3,-0.6322914,-0.57542527,0.5271964842798929,1.0
Btg2,-0.6322914,-1.037349,0.5271964842798929,1.0
Tmem256,-0.6322914,-0.64111096,0.5271964842798929,1.0
Slc35c1,-0.6322914,-0.8328956,0.5271964842798929,1.0
Clip2,-0.6345416,-1.2913656,0.5257274635659013,1.0
Cd3d,-0.6367917,-0.37346196,0.5242605388396676,1.0
Prpsap1,-0.6367917,-1.1872755,0.5242605388396676,1.0
Bri3,-0.6367917,-1.1741773,0.5242605388396676,1.0
Mta3,-0.6367917,-0.8057559,0.5242605388396676,1.0
Acp5,-0.6367917,-0.75630844,0.5242605388396676,1.0
Gfpt1,-0.63904184,-0.5449216,0.5227957145273117,1.0
Aph1a,-0.641292,-1.2995825,0.5213329950273617,1.0
Lrch1,-0.641292,-25.898138,0.5213329950273617,1.0
Lrpprc,-0.641292,-25.916252,0.5213329950273617,1.0
Vcl,-0.641292,-25.768934,0.5213329950273617,1.0
Mipep,-0.641292,-25.552374,0.5213329950273617,1.0
Fmc1,-0.641292,-25.771133,0.5213329950273617,1.0
Nt5e,-0.641292,-25.848755,0.5213329950273617,1.0
Eif4a3,-0.641292,-26.002272,0.5213329950273617,1.0
Selenos,-0.641292,-26.119951,0.5213329950273617,1.0
Egr1,-0.641292,-26.553017,0.5213329950273617,1.0
Tlr12,-0.641292,-25.910774,0.5213329950273617,1.0
Ddhd2,-0.641292,-25.688454,0.5213329950273617,1.0
Pitpnm1,-0.641292,-26.002413,0.5213329950273617,1.0
Rbm43,-0.641292,-25.786993,0.5213329950273617,1.0
Osbpl2,-0.641292,-25.698586,0.5213329950273617,1.0
Zc3h12a,-0.641292,-25.895792,0.5213329950273617,1.0
Ndrg2,-0.641292,-25.803015,0.5213329950273617,1.0
Vps35,-0.641292,-26.061031,0.5213329950273617,1.0
Agpat3,-0.641292,-25.97369,0.5213329950273617,1.0
Pcsk7,-0.641292,-25.820381,0.5213329950273617,1.0
Slc35a5,-0.641292,-25.743172,0.5213329950273617,1.0
Abcc3,-0.641292,-25.881117,0.5213329950273617,1.0
Dis3l,-0.641292,-25.94311,0.5213329950273617,1.0
Cyb5r3,-0.641292,-0.8267284,0.5213329950273617,1.0
Nol11,-0.641292,-25.620813,0.5213329950273617,1.0
Hspbp1,-0.641292,-25.769835,0.5213329950273617,1.0
Usp11,-0.641292,-25.915667,0.5213329950273617,1.0
Exoc8,-0.641292,-25.662155,0.5213329950273617,1.0
Zfp628,-0.641292,-26.02745,0.5213329950273617,1.0
Ube2l3,-0.641292,-25.742247,0.5213329950273617,1.0
Pls1,-0.641292,-25.866055,0.5213329950273617,1.0
Adsl,-0.641292,-25.789776,0.5213329950273617,1.0
Nop53,-0.641292,-26.045141,0.5213329950273617,1.0
Agfg2,-0.641292,-25.757544,0.5213329950273617,1.0
Psmc5,-0.6435421,-1.096092,0.5198723847107283,1.0
Dpp8,-0.6435421,-1.2748833,0.5198723847107283,1.0
Mapk1,-0.6435421,-0.41666508,0.5198723847107283,1.0
Trabd,-0.6435421,-1.3795713,0.5198723847107283,1.0
Ap2a1,-0.6457923,-0.7673842,0.5184138879206746,1.0
Ly6e,-0.64804244,-0.31613782,0.5169575089727935,1.0
Atl3,-0.6502926,-0.8463144,0.5155032521549806,1.0
Ifngr1,-0.6525427,-0.3182133,0.5140511217274104,1.0
Was,-0.6525427,-1.2516817,0.5140511217274104,1.0
Mdh2,-0.6525427,-0.5521028,0.5140511217274104,1.0
Susd6,-0.6525427,-1.327605,0.5140511217274104,1.0
Sp3,-0.6525427,-1.4041182,0.5140511217274104,1.0
Trim8,-0.6525427,-1.4388539,0.5140511217274104,1.0
Tsc22d3,-0.6525427,-1.4329858,0.5140511217274104,1.0
Dld,-0.6525427,-1.0942565,0.5140511217274104,1.0
Cd69,-0.65479285,-0.87501055,0.5126011219225106,1.0
Ehmt2,-0.65479285,-1.5116333,0.5126011219225106,1.0
Tial1,-0.65479285,-1.2544034,0.5126011219225106,1.0
Cbx7,-0.65479285,-1.3065994,0.5126011219225106,1.0
Vamp8,-0.65479285,-0.72604686,0.5126011219225106,1.0
Ppp3cb,-0.65704304,-1.2970015,0.5111532569449402,1.0
Smarca4,-0.65704304,-0.7674894,0.5111532569449402,1.0
Hspa8,-0.6592932,-0.5151352,0.5097075309715653,1.0
Prdx2,-0.6592932,-0.8530881,0.5097075309715653,1.0
Cib1,-0.6615433,-1.5316435,0.5082639481514373,1.0
Muc4,-0.66379344,-1.4056331,0.5068225126057707,1.0
Rnf38,-0.66379344,-0.9314081,0.5068225126057707,1.0
Med22,-0.66379344,-1.5324208,0.5068225126057707,1.0
Hnrnph1,-0.66379344,-0.8580157,0.5068225126057707,1.0
Dbi,-0.6660436,-1.5243026,0.5053832284279223,1.0
Fdx1,-0.6660436,-1.6199535,0.5053832284279223,1.0
Ss18,-0.6660436,-1.5895683,0.5053832284279223,1.0
Immt,-0.6682938,-1.4993688,0.5039460996833705,1.0
Zfp652,-0.6682938,-1.4266146,0.5039460996833705,1.0
Sumo2,-0.6682938,-0.90562326,0.5039460996833705,1.0
Sept6,-0.6682938,-0.55477494,0.5039460996833705,1.0
Tcrg-C4,-0.6705439,-0.39858475,0.5025111304096946,1.0
Irf9,-0.67279404,-1.4227457,0.5010783246165567,1.0
Gpcpd1,-0.67279404,-0.9013044,0.5010783246165567,1.0
Brd2,-0.67279404,-0.42176816,0.5010783246165567,1.0
Rab14,-0.6750442,-0.54477704,0.4996476862856811,1.0
Sec11c,-0.6750442,-0.71524477,0.4996476862856811,1.0
Zfp746,-0.6750442,-1.5213974,0.4996476862856811,1.0
Myc,-0.6772943,-0.90296304,0.4982192193708377,1.0
Stat4,-0.6772943,-0.6538508,0.4982192193708377,1.0
Supt20,-0.6795445,-1.6719083,0.4967929277978238,1.0
Map7d1,-0.6795445,-1.5164763,0.4967929277978238,1.0
Tbpl1,-0.6795445,-1.5564642,0.4967929277978238,1.0
Tcrg-C2,-0.68179464,-0.37297556,0.4953688154644462,1.0
Lats2,-0.6840448,-1.6355243,0.4939468862405061,1.0
Eef1d,-0.6840448,-1.630792,0.4939468862405061,1.0
Cat,-0.6840448,-0.47456127,0.4939468862405061,1.0
Capn2,-0.6862949,-1.5814272,0.4925271439677822,1.0
Lsr,-0.6862949,-0.9752694,0.4925271439677822,1.0
Rnf6,-0.6862949,-0.8785041,0.4925271439677822,1.0
Nrd1,-0.6885451,-0.85040164,0.49110959246001595,1.0
Isyna1,-0.6885451,-1.696001,0.49110959246001595,1.0
Gapvd1,-0.6885451,-1.614836,0.49110959246001595,1.0
Eprs,-0.6885451,-1.7303452,0.49110959246001595,1.0
Vps26a,-0.6885451,-1.658828,0.49110959246001595,1.0
Puf60,-0.69079524,-0.36242005,0.4896942355028968,1.0
Galk1,-0.6930454,-1.7160205,0.488281076854048,1.0
Fbxl14,-0.6930454,-1.8398621,0.488281076854048,1.0
Blmh,-0.6952955,-0.7470726,0.4868701202430128,1.0
Ube2f,-0.69754565,-1.6836343,0.48546136937124185,1.0
Plbd2,-0.69754565,-1.732583,0.48546136937124185,1.0
Ifi47,-0.69754565,-0.7438228,0.48546136937124185,1.0
Celf2,-0.702046,-0.70199317,0.4826504995107601,1.0
Hcls1,-0.702046,-0.48820356,0.4826504995107601,1.0
Gngt2,-0.7042961,-0.94171166,0.4812483877843795,1.0
Cd53,-0.7042961,-0.5617028,0.4812483877843795,1.0
Srrt,-0.70654625,-2.0026717,0.4798484963219025,1.0
Stat1,-0.70654625,-0.7864498,0.4798484963219025,1.0
H1f0,-0.70654625,-0.60722387,0.4798484963219025,1.0
Srsf2,-0.7087964,-2.0706224,0.47845082868414324,1.0
Cpsf7,-0.7087964,-2.068301,0.47845082868414324,1.0
Rnase4,-0.7087964,-1.9590186,0.47845082868414324,1.0
Ramac,-0.7087964,-2.1049886,0.47845082868414324,1.0
Ctcf,-0.7087964,-2.1328921,0.47845082868414324,1.0
Pink1,-0.7087964,-0.97156924,0.47845082868414324,1.0
Pld3,-0.7110466,-1.9740819,0.4770553884037587,1.0
Sys1,-0.7132967,-2.25071,0.4756621789852383,1.0
Tax1bp3,-0.7132967,-2.2706695,0.4756621789852383,1.0
Sdr39u1,-0.7132967,-2.1072962,0.4756621789852383,1.0
Fgfr1op2,-0.7132967,-0.5499426,0.4756621789852383,1.0
Ogt,-0.7132967,-1.0460578,0.4756621789852383,1.0
Trafd1,-0.7132967,-2.2314713,0.4756621789852383,1.0
Slc35a3,-0.7132967,-2.321894,0.4756621789852383,1.0
Psma6,-0.7132967,-2.176863,0.4756621789852383,1.0
Wbp11,-0.7132967,-1.1907783,0.4756621789852383,1.0
Serinc1,-0.7132967,-2.1198065,0.4756621789852383,1.0
Caprin1,-0.71554685,-0.6947421,0.47427120390489774,1.0
Smdt1,-0.71554685,-0.5064253,0.47427120390489774,1.0
Usf1,-0.717797,-2.3618295,0.47288246661086875,1.0
Ccnd3,-0.717797,-0.69992197,0.47288246661086875,1.0
Cse1l,-0.717797,-2.3248432,0.47288246661086875,1.0
Tor1a,-0.717797,-2.234348,0.47288246661086875,1.0
Pdhb,-0.717797,-2.5216231,0.47288246661086875,1.0
Ncf1,-0.717797,-0.8149357,0.47288246661086875,1.0
Repin1,-0.717797,-2.1810825,0.47288246661086875,1.0
Drap1,-0.717797,-0.4413265,0.47288246661086875,1.0
Stk24,-0.717797,-0.8310306,0.47288246661086875,1.0
Cd2,-0.717797,-0.8428532,0.47288246661086875,1.0
Bak1,-0.7200471,-0.8234519,0.4714959705230951,1.0
Zfp687,-0.7222973,-2.3195424,0.4701117190333234,1.0
Ostc,-0.7222973,-1.1395221,0.4701117190333234,1.0
Timm13,-0.7222973,-1.1193722,0.4701117190333234,1.0
Rnf187,-0.72454745,-0.59642684,0.4687297155050987,1.0
Ahr,-0.7267976,-2.3743045,0.46734996327375833,1.0
Twsg1,-0.7267976,-2.4342785,0.46734996327375833,1.0
Mcm2,-0.7267976,-2.4222014,0.46734996327375833,1.0
Cnot6l,-0.7267976,-0.65056616,0.46734996327375833,1.0
Aamp,-0.7267976,-1.0379947,0.46734996327375833,1.0
Irf2bp2,-0.7267976,-0.5437105,0.46734996327375833,1.0
Hsd17b10,-0.7267976,-0.9851753,0.46734996327375833,1.0
Ptma,-0.7267976,-1.0754511,0.46734996327375833,1.0
Tasor2,-0.7267976,-2.4874985,0.46734996327375833,1.0
Capza2,-0.73129785,-2.4369543,0.46459722590201824,1.0
Cdk5rap3,-0.73129785,-2.6206636,0.46459722590201824,1.0
Hepacam2,-0.73129785,-1.117846,0.46459722590201824,1.0
Mbp,-0.73129785,-1.293347,0.46459722590201824,1.0
Erf,-0.73129785,-2.5629575,0.46459722590201824,1.0
Scin,-0.73129785,-2.3822098,0.46459722590201824,1.0
Eif3d,-0.73129785,-1.1988771,0.46459722590201824,1.0
Aldh9a1,-0.73129785,-1.13287,0.46459722590201824,1.0
Tmem128,-0.73129785,-2.5286088,0.46459722590201824,1.0
Psmd8,-0.73129785,-1.1728781,0.46459722590201824,1.0
Gtpbp2,-0.73129785,-2.585211,0.46459722590201824,1.0
Anapc1,-0.7357982,-1.252492,0.4618535330364928,1.0
Eif4e2,-0.7357982,-0.7099726,0.4618535330364928,1.0
Arl2bp,-0.7357982,-2.7461379,0.4618535330364928,1.0
Anp32a,-0.7357982,-0.49741513,0.4618535330364928,1.0
Ubxn2a,-0.7357982,-1.2182841,0.4618535330364928,1.0
Trappc8,-0.7357982,-2.5662806,0.4618535330364928,1.0
Slc25a3,-0.7380483,-0.92476946,0.4604850863320862,1.0
Xpo1,-0.74029845,-0.8013695,0.4591189103440123,1.0
Ints1,-0.74029845,-1.1869214,0.4591189103440123,1.0
Trrap,-0.74029845,-1.30842,0.4591189103440123,1.0
Phf8,-0.74029845,-2.5782645,0.4591189103440123,1.0
Pafah1b2,-0.74029845,-1.1598866,0.4591189103440123,1.0
Scd2,-0.74029845,-1.2569145,0.4591189103440123,1.0
Mgat4c,-0.74029845,-0.8648162,0.4591189103440123,1.0
Nfkbib,-0.74029845,-3.0892973,0.4591189103440123,1.0
Pts,-0.74029845,-1.315116,0.4591189103440123,1.0
Itpk1,-0.74029845,-1.1771708,0.4591189103440123,1.0
Ufc1,-0.7447988,-1.1819559,0.45639338303977783,1.0
Strbp,-0.7447988,-1.2816963,0.45639338303977783,1.0
Dpm3,-0.7447988,-1.2370737,0.45639338303977783,1.0
Ccni,-0.7447988,-0.47830066,0.45639338303977783,1.0
Tecr,-0.7470489,-0.58493453,0.4550340379145026,1.0
Zfp36,-0.7470489,-0.64655775,0.4550340379145026,1.0
Lin7c,-0.74929905,-1.4048085,0.4536769758873307,1.0
Sin3b,-0.7515492,-0.6193151,0.45232219998313317,1.0
Alkbh5,-0.7537994,-0.71404856,0.4509697131985556,1.0
Med30,-0.7537994,-1.2056774,0.4509697131985556,1.0
Csnk1g3,-0.7560495,-0.9413536,0.4496195185020192,1.0
Rgs10,-0.75829965,-1.4164306,0.4482716188337236,1.0
Mki67,-0.75829965,-0.95021427,0.4482716188337236,1.0
Sae1,-0.7627999,-1.3442523,0.445582716201568,1.0
Ssr2,-0.7627999,-0.93762505,0.445582716201568,1.0
Cmc1,-0.7627999,-1.238587,0.445582716201568,1.0
Psenen,-0.7627999,-0.57304925,0.445582716201568,1.0
Ski,-0.7627999,-0.6641005,0.445582716201568,1.0
Ywhab,-0.7650501,-0.9055883,0.44424171897703313,1.0
Zfand5,-0.76730025,-1.357998,0.4429030282593993,1.0
Mapkapk3,-0.76730025,-1.3844616,0.4429030282593993,1.0
Agr2,-0.76730025,-0.23662698,0.4429030282593993,1.0
Ube2d2a,-0.76730025,-0.5218067,0.4429030282593993,1.0
Setd5,-0.76730025,-1.4667988,0.4429030282593993,1.0
Itgb3bp,-0.7695504,-26.14189,0.4415666468478201,1.0
Synrg,-0.7695504,-26.027515,0.4415666468478201,1.0
Larp1b,-0.7695504,-26.286144,0.4415666468478201,1.0
Itgb4,-0.7695504,-26.179642,0.4415666468478201,1.0
D5Ertd579e,-0.7695504,-26.045193,0.4415666468478201,1.0
Gmppa,-0.7695504,-26.01281,0.4415666468478201,1.0
Ifih1,-0.7695504,-26.248724,0.4415666468478201,1.0
Osbpl5,-0.7695504,-26.092676,0.4415666468478201,1.0
Clrn3,-0.7695504,-26.238083,0.4415666468478201,1.0
Dok1,-0.7695504,-26.255585,0.4415666468478201,1.0
Phf20l1,-0.7695504,-25.998304,0.4415666468478201,1.0
Ifi206,-0.7695504,-26.23913,0.4415666468478201,1.0
Ubxn8,-0.7695504,-26.12671,0.4415666468478201,1.0
Dusp5,-0.7695504,-26.214119,0.4415666468478201,1.0
Pold2,-0.7695504,-26.189585,0.4415666468478201,1.0
St3gal4,-0.7695504,-26.194483,0.4415666468478201,1.0
Pum3,-0.7695504,-25.911217,0.4415666468478201,1.0
Nip7,-0.7695504,-26.181019,0.4415666468478201,1.0
Rcn1,-0.7695504,-25.861965,0.4415666468478201,1.0
Nrarp,-0.7695504,-25.830938,0.4415666468478201,1.0
Ccnl2,-0.7695504,-26.058947,0.4415666468478201,1.0
Kcmf1,-0.7695504,-26.067762,0.4415666468478201,1.0
Gid8,-0.77630085,-1.5063909,0.43757138601808676,1.0
Nt5c,-0.77630085,-1.6516298,0.43757138601808676,1.0
Limd2,-0.77630085,-0.3354454,0.43757138601808676,1.0
Trir,-0.77630085,-0.42865002,0.43757138601808676,1.0
Gramd3,-0.77630085,-1.5607028,0.43757138601808676,1.0
Uqcrc1,-0.778551,-0.44809523,0.4362442692584998,1.0
Mllt1,-0.778551,-1.1105158,0.4362442692584998,1.0
Kmt2c,-0.7808011,-1.5575206,0.4349194753779785,1.0
Cad,-0.7808011,-1.469246,0.4349194753779785,1.0
Nt5dc1,-0.7808011,-1.64503,0.4349194753779785,1.0
Ndufa1,-0.7853014,-0.7259492,0.4322768667464082,1.0
Anapc4,-0.7853014,-1.7438207,0.4322768667464082,1.0
Pycard,-0.7853014,-0.42706245,0.4322768667464082,1.0
Arl8b,-0.7853014,-1.6808338,0.4322768667464082,1.0
Rnpep,-0.7853014,-1.5845617,0.4322768667464082,1.0
Ctdspl2,-0.7853014,-1.7320458,0.4322768667464082,1.0
Gnptg,-0.7853014,-1.5221537,0.4322768667464082,1.0
Psmb8,-0.7853014,-0.5606446,0.4322768667464082,1.0
Klf2,-0.7898017,-1.8531781,0.4296435808265384,1.0
Slc35a4,-0.7898017,-1.6121613,0.4296435808265384,1.0
Abl1,-0.7898017,-1.5923567,0.4296435808265384,1.0
Ddx21,-0.794302,-0.715665,0.42701963787154606,1.0
Gale,-0.794302,-1.0009689,0.42701963787154606,1.0
Vps54,-0.794302,-0.75808555,0.42701963787154606,1.0
Prdx6,-0.794302,-0.80400413,0.42701963787154606,1.0
Cggbp1,-0.794302,-0.5762255,0.42701963787154606,1.0
Trim26,-0.8033026,-1.737115,0.42179985962118494,1.0
Gsto1,-0.8055527,-0.2936691,0.4205007848108201,1.0
Cd247,-0.8078029,-0.7684325,0.4192040625856862,1.0
Gtf3c6,-0.81005305,-1.8076358,0.4179096952389296,1.0
Atp6v1d,-0.81005305,-1.1440288,0.4179096952389296,1.0
Klrd1,-0.8145533,-0.42012307,0.41532803421320263,1.0
Epb41,-0.8145533,-0.9733576,0.41532803421320263,1.0
Rnf4,-0.8145533,-1.0815163,0.41532803421320263,1.0
Myadm,-0.81680346,-1.8888605,0.4140407449806459,1.0
Gtf2i,-0.81680346,-1.1163543,0.4140407449806459,1.0
Gstm2,-0.81905365,-1.856349,0.41275581951932794,1.0
Arf3,-0.81905365,-1.0879004,0.41275581951932794,1.0
Eif5a,-0.8213038,-0.58904564,0.41147325998262074,1.0
Kif1c,-0.8235539,-1.1623749,0.4101930684959947,1.0
Klf4,-0.82580405,-1.8724421,0.4089152471570391,1.0
Ssbp3,-0.82580405,-1.2061816,0.4089152471570391,1.0
Ube2e1,-0.8280542,-1.1942527,0.4076397980354802,1.0
Smc1a,-0.8280542,-1.1132677,0.4076397980354802,1.0
Galnt12,-0.8303044,-1.1456243,0.4063667231732039,1.0
Bdh1,-0.8325545,-1.1547229,0.4050960245842734,1.0
Nelfb,-0.8325545,-1.0846951,0.4050960245842734,1.0
Mtmr9,-0.83480465,-2.2730994,0.40382770425495296,1.0
Ppil1,-0.83480465,-2.2161949,0.40382770425495296,1.0
Faf1,-0.83480465,-2.2022789,0.40382770425495296,1.0
Def6,-0.83480465,-1.12311,0.40382770425495296,1.0
Atp8b1,-0.83480465,-2.31405,0.40382770425495296,1.0
Dennd3,-0.83480465,-1.742603,0.40382770425495296,1.0
Hmgcs1,-0.83480465,-1.2328795,0.40382770425495296,1.0
Ube2k,-0.8393049,-2.2731764,0.4012982061813323,1.0
Psmb5,-0.8393049,-2.5812852,0.4012982061813323,1.0
Skp1a,-0.8393049,-0.830487,0.4012982061813323,1.0
Sash3,-0.8415551,-0.8828251,0.40003703227076026,1.0
Luc7l2,-0.8415551,-1.2169604,0.40003703227076026,1.0
Hnrnpul2,-0.8415551,-0.8230839,0.40003703227076026,1.0
Stx8,-0.8415551,-2.2660077,0.40003703227076026,1.0
Ctss,-0.8415551,-1.0453082,0.40003703227076026,1.0
Mall,-0.84380525,-1.1865844,0.3987782442873019,1.0
Isg20,-0.84380525,-2.4746146,0.3987782442873019,1.0
Tmsb10,-0.84380525,-0.33292377,0.3987782442873019,1.0
Mxd4,-0.8483055,-0.8348169,0.39626783346447647,1.0
Kif1b,-0.8483055,-2.5583105,0.39626783346447647,1.0
Gna13,-0.8483055,-0.6200299,0.39626783346447647,1.0
Mtch1,-0.8483055,-2.121089,0.39626783346447647,1.0
Tcrg-V1,-0.85280585,-2.60055,0.3937669881618975,1.0
Commd1,-0.85280585,-2.6753047,0.3937669881618975,1.0
Api5,-0.86180645,-1.2645959,0.3887940497056459,1.0
Bex3,-0.86180645,-1.3032402,0.3887940497056459,1.0
Ccnd2,-0.8663067,-0.531574,0.3863219832446052,1.0
Dnm2,-0.8663067,-1.3756975,0.3863219832446052,1.0
Xcl1,-0.8663067,-0.7975358,0.3863219832446052,1.0
Rp9,-0.8663067,-0.6776191,0.3863219832446052,1.0
Zdhhc20,-0.870807,-1.1170784,0.3838595356908484,1.0
Timm50,-0.870807,-3.0723155,0.3838595356908484,1.0
Ube2g2,-0.8730572,-1.3058108,0.3826319228490779,1.0
Ppp2r5c,-0.8753073,-0.93129075,0.38140671929328673,1.0
mt-Nd6,-0.8798076,-1.0425633,0.37896354586357794,1.0
Jarid2,-0.8798076,-1.44969,0.37896354586357794,1.0
Adar,-0.8798076,-0.938484,0.37896354586357794,1.0
Rpa1,-0.8798076,-1.3987166,0.37896354586357794,1.0
Map1lc3b,-0.8820577,-0.78636676,0.377745578833495,1.0
Hnrnpul1,-0.8843079,-0.48348248,0.37653002677712477,1.0
Mapk13,-0.8888082,-1.3864946,0.3741061729741044,1.0
Esyt2,-0.8888082,-0.75355846,0.3741061729741044,1.0
Ppp1r18,-0.89330846,-0.847797,0.3716919949605293,1.0
Ifi27,-0.89330846,-1.5204078,0.3716919949605293,1.0
S100a11,-0.89330846,-0.44227856,0.3716919949605293,1.0
Slfn2,-0.89330846,-0.60103947,0.3716919949605293,1.0
Lnpep,-0.89555866,-0.49863937,0.37048853753946387,1.0
Smim14,-0.8978088,-26.285624,0.3692875028093393,1.0
Washc3,-0.8978088,-26.495312,0.3692875028093393,1.0
Trbv4,-0.8978088,-26.88642,0.3692875028093393,1.0
Tshz1,-0.8978088,-26.252708,0.3692875028093393,1.0
Mettl3,-0.8978088,-26.363699,0.3692875028093393,1.0
Smim12,-0.8978088,-26.120232,0.3692875028093393,1.0
Lgals3bp,-0.8978088,-1.1992494,0.3692875028093393,1.0
Cetn2,-0.8978088,-0.97504896,0.3692875028093393,1.0
Gins4,-0.8978088,-26.281788,0.3692875028093393,1.0
Tbck,-0.8978088,-26.312912,0.3692875028093393,1.0
Fam193a,-0.8978088,-26.212217,0.3692875028093393,1.0
Nlrc5,-0.8978088,-26.473375,0.3692875028093393,1.0
Sh2d1b1,-0.8978088,-26.343073,0.3692875028093393,1.0
Aurkaip1,-0.8978088,-1.0689362,0.3692875028093393,1.0
Gpn3,-0.8978088,-26.257607,0.3692875028093393,1.0
Hbp1,-0.8978088,-1.6385745,0.3692875028093393,1.0
Tmem41b,-0.8978088,-26.382122,0.3692875028093393,1.0
Otub1,-0.9000589,-1.5222191,0.3680888919617895,1.0
Kars,-0.9000589,-0.7831176,0.3680888919617895,1.0
Fam107b,-0.9000589,-0.892269,0.3680888919617895,1.0
Srp72,-0.90230906,-1.4633083,0.3668927061615235,1.0
Zfp207,-0.9090595,-1.705854,0.3633187102884142,1.0
Lrrc8c,-0.9090595,-1.850918,0.3633187102884142,1.0
Mia3,-0.9090595,-1.8271413,0.3633187102884142,1.0
Lsp1,-0.91130966,-1.1037016,0.36213223578716514,1.0
Gpi1,-0.91130966,-0.8965187,0.36213223578716514,1.0
Rheb,-0.91130966,-1.1953403,0.36213223578716514,1.0
Txk,-0.9135598,-1.8588599,0.3609481917541697,1.0
Phf12,-0.9135598,-1.5862167,0.3609481917541697,1.0
H2afy,-0.9180601,-0.4606169,0.35858739908206605,1.0
Idh3b,-0.92031026,-0.99455595,0.3574106523709154,1.0
Ylpm1,-0.9225604,-1.8063529,0.35623633998401416,1.0
Mptx1,-0.9270607,-0.9115933,0.35389502174668486,1.0
Nedd4l,-0.9270607,-1.9377378,0.35389502174668486,1.0
Snrnp40,-0.9270607,-1.8785361,0.35389502174668486,1.0
Lamtor2,-0.9338111,-0.8254052,0.35040132340121677,1.0
Chchd3,-0.9338111,-1.1241248,0.35040132340121677,1.0
Polr2e,-0.93606126,-1.8971474,0.3492416348825993,1.0
Dennd4c,-0.93606126,-1.8035053,0.3492416348825993,1.0
Pacsin2,-0.9405616,-2.0191162,0.3469295787149689,1.0
Ceacam1,-0.9405616,-0.3145311,0.3469295787149689,1.0
Emp1,-0.9405616,-0.51598626,0.3469295787149689,1.0
Dnaja3,-0.9405616,-1.9444331,0.3469295787149689,1.0
Tmc4,-0.94506186,-2.1558707,0.3446272883290874,1.0
Hsd17b2,-0.9495622,-0.8421584,0.342334768905733,1.0
P4hb,-0.9495622,-2.0966768,0.342334768905733,1.0
Vps37b,-0.9495622,-0.65815175,0.342334768905733,1.0
Gatad2a,-0.95406246,-0.62555397,0.34005202520876576,1.0
Cyba,-0.95406246,-0.952013,0.34005202520876576,1.0
Pcbp2,-0.95856273,-2.0353978,0.3377790615866112,1.0
Uggt1,-0.9608129,-2.438313,0.3366462485492482,1.0
Cand1,-0.9608129,-2.5138774,0.3366462485492482,1.0
Ccng1,-0.9653132,-2.4932284,0.3343879622875773,1.0
Anxa7,-0.9653132,-2.602645,0.3343879622875773,1.0
Mpc1,-0.9653132,-1.4390702,0.3343879622875773,1.0
Rfxap,-0.9653132,-2.443706,0.3343879622875773,1.0
Snrpd3,-0.96981347,-0.90717876,0.3321394651642501,1.0
Traf2,-0.97206366,-2.299022,0.33101888845371663,1.0
Hp1bp3,-0.9743138,-0.70870864,0.3299007600857573,1.0
Sec24c,-0.9743138,-2.5812154,0.3299007600857573,1.0
Vars,-0.9743138,-1.3879675,0.3299007600857573,1.0
Tgfb1,-0.97881407,-2.8210478,0.32767184955017103,1.0
Ahsa1,-0.97881407,-1.2723806,0.32767184955017103,1.0
Skil,-0.98106426,-0.8245557,0.32656106790533945,1.0
Kpna4,-0.9833144,-2.7779753,0.32545273564877597,1.0
Pum2,-0.98556453,-0.79975003,0.32434685297860266,1.0
Ptk2b,-0.9900648,-1.066693,0.32214243706388856,1.0
Sycn,-0.992315,-1.5683919,0.32104390408972583,1.0
Rhog,-0.992315,-2.8758142,0.32104390408972583,1.0
Kbtbd2,-0.99681526,-1.5295231,0.31885418859574166,1.0
Rtp4,-0.99681526,-3.0793018,0.31885418859574166,1.0
Rbbp7,-0.9990654,-1.0461549,0.31776300619613185,1.0
Cldn3,-1.0058159,-1.1919631,0.3145041605853989,1.0
Hsd11b2,-1.0103161,-0.8940488,0.31234384783798463,1.0
Grk2,-1.0103161,-0.80191565,0.31234384783798463,1.0
Cdhr5,-1.0193168,-0.93639916,0.3080526213183694,1.0
Tspan3,-1.0193168,-0.61731744,0.3080526213183694,1.0
Ube2d3,-1.0215669,-0.65961164,0.3069859385650058,1.0
Pmm2,-1.0238171,-1.8526719,0.30592170495266624,1.0
Smg6,-1.0238171,-1.8703521,0.30592170495266624,1.0
Scamp2,-1.0260671,-26.532194,0.3048599202340372,1.0
Sorl1,-1.0260671,-26.512777,0.3048599202340372,1.0
Bcor,-1.0260671,-26.585613,0.3048599202340372,1.0
Lbr,-1.0260671,-1.1334825,0.3048599202340372,1.0
Ndufa11,-1.0260671,-26.529102,0.3048599202340372,1.0
Ube2q2,-1.0260671,-26.470367,0.3048599202340372,1.0
Ppp2r5e,-1.0260671,-26.557161,0.3048599202340372,1.0
C1galt1,-1.0283173,-1.9940327,0.3038005841376049,1.0
Rcbtb2,-1.0283173,-1.7913742,0.3038005841376049,1.0
Mast3,-1.0328176,-1.8431714,0.3016892566046311,1.0
Sdf4,-1.0328176,-0.8821362,0.3016892566046311,1.0
Sqor,-1.0350678,-0.63191885,0.3006372645045995,1.0
Commd8,-1.0373179,-1.6700749,0.2995877196999054,1.0
Tap1,-1.0373179,-1.8330991,0.2995877196999054,1.0
Tmem63a,-1.0373179,-1.6649063,0.2995877196999054,1.0
Rras2,-1.0395681,-1.117622,0.2985406217989369,1.0
Edem1,-1.0485686,-0.7294016,0.29437669056711735,1.0
Hnrnpd,-1.0485686,-1.380946,0.29437669056711735,1.0
Rsrp1,-1.0508188,-0.9890609,0.29334182047850643,1.0
Fyn,-1.0508188,-0.84220237,0.29334182047850643,1.0
Txnip,-1.053069,-0.554447,0.29230939444556914,1.0
Bin2,-1.0553191,-0.42223436,0.2912794119111526,1.0
Tbc1d10c,-1.0553191,-0.6097592,0.2912794119111526,1.0
Tbca,-1.0598193,-1.0994418,0.2892267749923554,1.0
Klk1,-1.0598193,-0.71992385,0.2892267749923554,1.0
Ndufa2,-1.0620695,-0.6794519,0.288204119376948,1.0
Txnl4a,-1.06882,-2.1086922,0.2851507960332902,1.0
Atp6v1f,-1.0733203,-0.93994504,0.28312744303346904,1.0
Prkcsh,-1.0778205,-1.5834541,0.2811138397673002,1.0
Golm1,-1.0800707,-0.70668614,0.2801106922996962,1.0
Klf3,-1.0868212,-2.1806836,0.27711585648809167,1.0
Elf1,-1.0868212,-0.8851103,0.27711585648809167,1.0
Tpp1,-1.0868212,-1.5755849,0.27711585648809167,1.0
Rnf130,-1.0958217,-2.327972,0.27315679068556453,1.0
Krt20,-1.0958217,-0.70563954,0.27315679068556453,1.0
Cast,-1.0958217,-0.8487153,0.27315679068556453,1.0
Fam91a1,-1.0980719,-1.499208,0.2721730980385937,1.0
Ubl3,-1.100322,-1.1728703,0.2711918329212971,1.0
Hnrnpa2b1,-1.1025722,-0.9302063,0.2702129942991133,1.0
Abhd2,-1.1070725,-0.899229,0.2682625922919969,1.0
Mpst,-1.1115727,-0.8496238,0.26632188330237105,1.0
Smap2,-1.1138229,-0.8372627,0.26535516087041067,1.0
Sap30l,-1.1138229,-2.9980524,0.26535516087041067,1.0
Rfk,-1.1205734,-0.8992597,0.2624695077767415,1.0
Atp2b1,-1.1273239,-3.075202,0.25960560038517566,1.0
Ndufb8,-1.1318241,-1.1110319,0.2577083928419365,1.0
Csnk1a1,-1.1318241,-0.88357085,0.2577083928419365,1.0
Polr3k,-1.1318241,-3.5405502,0.2577083928419365,1.0
Inpp1,-1.1318241,-3.2076688,0.2577083928419365,1.0
Pcf11,-1.1363244,-1.2006885,0.2558208242196478,1.0
Reep5,-1.1363244,-1.7274435,0.2558208242196478,1.0
Txn1,-1.1430749,-0.701668,0.2530075202455142,1.0
Hopx,-1.145325,-1.0708442,0.25207455965376113,1.0
Foxp1,-1.1520754,-1.6601363,0.24929007963037764,1.0
Ube2a,-1.1543256,-26.633652,0.24836671520157394,1.0
Ggnbp2,-1.1543256,-1.7913781,0.24836671520157394,1.0
Tor1aip2,-1.1543256,-26.666538,0.24836671520157394,1.0
Slc20a1,-1.1543256,-26.706903,0.24836671520157394,1.0
Psmc3,-1.1543256,-1.1684216,0.24836671520157394,1.0
Samhd1,-1.1543256,-26.750256,0.24836671520157394,1.0
Zfp36l2,-1.1565757,-0.6975813,0.24744574600888214,1.0
Rgs3,-1.1678264,-0.8045415,0.24287677319923584,1.0
Psma2,-1.1745769,-2.152934,0.24016402926670488,1.0
Fmnl1,-1.1745769,-2.115432,0.24016402926670488,1.0
Dhx9,-1.1858276,-1.0480143,0.23569037482388955,1.0
Tob1,-1.1970783,-1.1785797,0.2312760083502664,1.0
Mgst3,-1.1993285,-1.2755039,0.23040022919195813,1.0
Ebna1bp2,-1.2083291,-1.3102401,0.2269206954411287,1.0
Nedd8,-1.2083291,-1.1218352,0.2269206954411287,1.0
Akr1c12,-1.2128294,-2.784352,0.22519505053301214,1.0
Tut7,-1.2128294,-2.2591662,0.22519505053301214,1.0
Serbp1,-1.2128294,-1.4517648,0.22519505053301214,1.0
Slc26a3,-1.2173297,-1.1241295,0.22347879867631015,1.0
Gbp4,-1.2173297,-2.8870518,0.22347879867631015,1.0
Tmem173,-1.22183,-2.8977182,0.22177192331169493,1.0
Ugp2,-1.22183,-2.8612728,0.22177192331169493,1.0
Mbnl1,-1.22183,-0.9994809,0.22177192331169493,1.0
Pank2,-1.22183,-2.94308,0.22177192331169493,1.0
Epcam,-1.2240801,-0.62764806,0.2209219965602306,1.0
Ms4a4b,-1.2263303,-2.881376,0.22007440759155228,1.0
Suz12,-1.2263303,-2.9461598,0.22007440759155228,1.0
Tmem243,-1.2308306,-3.1147268,0.21838623438258076,1.0
Tbx21,-1.2420813,-2.6008499,0.21420655986196335,1.0
Tomm7,-1.2488317,-1.2634219,0.21172661413957006,1.0
Selenow,-1.251082,-1.1663634,0.21090459499208225,1.0
Hsp90ab1,-1.2555822,-1.2892238,0.20926748681845286,1.0
Wdr82,-1.2600825,-1.2144116,0.20763960300676676,1.0
Ptprcap,-1.2623327,-1.0015211,0.20682911424937944,1.0
Gnb1,-1.2623327,-1.0743625,0.20682911424937944,1.0
Ankrd13a,-1.2645828,-1.1317565,0.20602092436474095,1.0
Cdc42,-1.2690831,-1.5564353,0.20441143143681806,1.0
Plac8,-1.2713332,-0.6733605,0.20361012346445162,1.0
Wipf1,-1.2758335,-0.7444284,0.20201437205917583,1.0
H2-Q7,-1.2803339,-0.8147024,0.20042775659482692,1.0
Syncrip,-1.282584,-26.987398,0.1996378684891108,1.0
Ehf,-1.2893344,-1.692009,0.19728185181390212,1.0
Cyth4,-1.2915846,-1.4874116,0.19650105347203972,1.0
B2m,-1.298335,-0.72883636,0.19417224327569682,1.0
Cyth3,-1.3253368,-2.402308,0.18505947818077284,1.0
Mlxip,-1.3298371,-1.4836152,0.18357196064402692,1.0
Adh5,-1.3343374,-1.261801,0.1820933187914835,1.0
Dnajc9,-1.3388376,-2.634414,0.18062352943130477,1.0
Ubxn7,-1.3388376,-2.530487,0.18062352943130477,1.0
Galnt1,-1.3433379,-1.3209941,0.17916256915300544,1.0
Fibp,-1.3478383,-3.151132,0.17771041433018075,1.0
Ndufb11,-1.3568388,-0.87523556,0.17483242548212952,1.0
Tgfbr2,-1.3658395,-1.1717672,0.17198936966131595,1.0
Car1,-1.3658395,-0.24487925,0.17198936966131595,1.0
Myl12b,-1.3725898,-0.7940425,0.16987988450519986,1.0
Peli1,-1.37484,-1.2446669,0.16918105036200326,1.0
Ubqln1,-1.390591,-1.8573836,0.1643494739345841,1.0
Selplg,-1.3928412,-0.94443107,0.1636678194298239,1.0
Cap1,-1.3928412,-0.52174425,0.1636678194298239,1.0
Chchd2,-1.4018418,-0.87103,0.16096249917239325,1.0
Glud1,-1.404092,-2.1841948,0.1602914772391253,1.0
Aip,-1.4108424,-27.012218,0.158291098361809,1.0
Spcs1,-1.4153427,-1.5723774,0.1569680517341999,1.0
Cwc15,-1.419843,-1.8334854,0.1556534054025942,1.0
Tsc22d4,-1.4400942,-2.3486948,0.14984072598339815,1.0
Cd47,-1.4603456,-1.103415,0.1441951127975258,1.0
Nop10,-1.4693462,-1.2002894,0.14173891190680932,1.0
Nucb1,-1.4715964,-1.0104783,0.14112991269203923,1.0
Galnt2,-1.4738464,-3.1784048,0.14052292672565844,1.0
Arpc4,-1.4783468,-1.1317194,0.13931498016020807,1.0
Npm1,-1.4985981,-1.4468629,0.13397792215832105,1.0
Cd52,-1.5008483,-0.5775012,0.13339481261857794,1.0
Prex1,-1.5008483,-0.90100956,0.13339481261857794,1.0
Serinc3,-1.5075988,-0.88781697,0.13165726469580244,1.0
H2afz,-1.5188495,-2.3575673,0.12880039787945552,1.0
Sdha,-1.5346005,-1.303432,0.12488199674211915,1.0
Vim,-1.5706028,-1.094245,0.11627493249869834,1.0
Ptbp3,-1.5931042,-1.1420375,0.11113679443377195,1.0
Setd1a,-1.5953544,-3.2084484,0.11063299598253057,1.0
Fcer1g,-1.6246064,-0.93547565,0.10424646016332863,1.0
Plaat3,-1.6696093,-2.0867927,0.09499668704955151,1.0
Slc25a5,-1.694361,-1.0360286,0.09019671870133757,1.0
Eef1a1,-1.725863,-0.16644311,0.08437206368227917,1.0
Muc13,-1.7281132,-0.55492336,0.08396794195356864,1.0
Rbm33,-1.7326134,-2.8212864,0.08316439957683583,1.0
Atp5e,-1.7438642,-1.8365006,0.08118277730093419,1.0
Zbp1,-1.7438642,-1.9809506,0.08118277730093419,1.0
Cd3g,-1.7888671,-0.47231323,0.07363621838265802,1.0
Dtx1,-1.8091184,-1.7712677,0.07043260416968292,1.0
Anxa2,-1.83387,-1.2039341,0.06667328408205517,1.0
Plgrkt,-1.8878736,-1.716265,0.05904292136859045,1.0
Tln1,-1.9058747,-0.99224967,0.056666453942508535,1.0
Marc2,-1.9103751,-1.8706508,0.056084937843496184,1.0
Car2,-1.9216259,-0.55196285,0.05465285847915866,1.0
Arhgdib,-2.1331396,-0.7615448,0.03291327132083693,1.0
Ifi27l2a,-2.1488907,-4.2351522,0.03164306601552367,1.0
Sema4d,-2.1961439,-1.7302449,0.02808165360183488,1.0
Clic1,-2.2974005,-1.8895793,0.021595938250682827,1.0
Cops9,-2.4864128,-2.155467,0.01290381933231746,1.0
