names,scores,logfoldchanges,pvals,pvals_adj
mt-Atp6,18.325142,1.5528975,5.21460785401646e-75,2.3813375866675167e-71
Tmsb4x,17.009342,1.5486385,7.001939472712618e-65,1.9185314155232576e-61
B2m,14.821965,1.4959617,1.0564756166568483e-49,1.4473715948198822e-46
Cd7,13.292945,3.1984293,2.5436515818304648e-40,2.6806174362367206e-37
Eef1a1,13.28471,1.0077791,2.8395653790189253e-40,2.7787175494685197e-37
Coro1a,12.894756,3.600439,4.817822674674718e-38,4.400278042869576e-35
Rac2,12.764859,2.7567966,2.5761604996818047e-37,2.205837427852545e-34
Btg1,12.401199,1.6700704,2.5744244886550666e-35,2.07468326438673e-32
Cap1,12.34034,1.1912026,5.492350631551954e-35,4.180289091792321e-32
Arhgdib,12.230909,2.9935362,2.125455020605912e-34,1.5325649359105786e-31
Ccl5,12.156008,2.944963,5.3300625406479945e-34,3.6510928403438766e-31
mt-Co1,12.061722,1.1570115,1.682288317305428e-33,1.047606815776562e-30
Mbd2,11.908314,1.2780219,1.0712178890329546e-32,6.380732643370208e-30
mt-Co3,11.749172,0.99225783,7.131366364370717e-32,3.907988767675153e-29
Lcp1,11.599406,2.588477,4.149483289792212e-31,2.105478558153826e-28
Laptm5,11.590928,2.7556605,4.581420138600178e-31,2.241623424957944e-28
mt-Co2,11.510498,0.9447394,1.16801401225465e-30,5.517859299271968e-28
Cd3e,11.486297,3.95311,1.5459824577052705e-30,7.059986556854068e-28
Tpt1,11.380527,0.8485357,5.228320385886195e-30,2.3105802995690606e-27
Shisa5,11.31188,1.0133004,1.1460688972774358e-29,4.7579223917275366e-27
Ets1,11.218061,3.2916815,3.324791076176783e-29,1.339695227753586e-26
Cd3g,11.212646,3.4453762,3.5346669307984883e-29,1.3835696271982654e-26
Ctsw,11.141106,3.6280854,7.913119475085076e-29,3.0113815780184874e-26
Ighm,11.120097,3.0289526,1.0016326792070349e-28,3.7087480284152376e-26
mt-Atp8,11.106745,0.9352654,1.1632299680239124e-28,4.1937501478756846e-26
Fau,11.063178,0.976887,1.8927018205042932e-28,6.648721779720209e-26
mt-Nd4,11.027211,0.9765449,2.8248808552914283e-28,9.675216929373143e-26
Grcc10,11.018958,1.4191293,3.0962365266484516e-28,1.0345961076849704e-25
mt-Nd1,11.014998,0.91134465,3.235412141552681e-28,1.0553606271255174e-25
Hpgd,10.928855,1.3521756,8.390045807452537e-28,2.6731076177232502e-25
Capzb,10.818678,1.1511202,2.8080000784896197e-27,8.743091153479043e-25
Tmigd1,10.8054,1.316582,3.2453889616583795e-27,9.880406394382177e-25
mt-Nd4l,10.750872,1.5611739,5.8704209848914195e-27,1.748364510717662e-24
Aldh1a1,10.471488,1.5383847,1.167927379133834e-25,3.404384062581601e-23
Pfn1,10.371413,1.0872521,3.345406277701745e-25,9.54834708427373e-23
Psme1,10.198061,1.1665262,2.0227024139867912e-24,5.655310830942661e-22
mt-Cytb,10.142711,0.86681104,3.570511019820303e-24,9.78320019430763e-22
Actg1,9.97864,0.87648404,1.8904027696650472e-23,5.07814077341395e-21
Ifngr1,9.897706,1.160705,4.259321910907663e-23,1.1204836222693092e-20
Vasp,9.89595,0.8457,4.334717662793678e-23,1.1204836222693092e-20
Fis1,9.887883,1.5553185,4.698561999364439e-23,1.1920425813202373e-20
Trac,9.876156,3.9420288,5.282027982249313e-23,1.3157051519421017e-20
Car1,9.861292,0.67782265,6.125630527717997e-23,1.4985917541024383e-20
Trbc2,9.849134,3.5528336,6.913662781309621e-23,1.6617049141042425e-20
Rap1b,9.818827,1.089076,9.342468069532904e-23,2.2067553888379444e-20
H2-K1,9.769247,1.1115905,1.5258231515455278e-22,3.543013080707412e-20
Cotl1,9.690087,1.893638,3.3224548652942464e-22,7.586271942421862e-20
Cd52,9.668444,2.7640386,4.105740637190057e-22,9.221089627787506e-20
Cd160,9.511245,3.7391655,1.88394563471756e-21,4.1629121283275118e-19
Fabp2,9.504429,0.8501616,2.0114908491051164e-21,4.374194386149221e-19
Srgn,9.478135,2.6066518,2.5886698447548093e-21,5.5413713864282635e-19
Tma7,9.466725,1.4944786,2.8875336707781835e-21,6.08603250610171e-19
Ndfip1,9.411954,0.9670993,4.869962532453047e-21,1.010886162039496e-18
Gimap4,9.397856,4.231028,5.5686506254745295e-21,1.1386643816268813e-18
Ptprc,9.315446,3.1796637,1.2144081022533438e-20,2.446675147186884e-18
Arhgdia,9.289975,1.2868723,1.5432479327109777e-20,3.0641299533536807e-18
Ablim1,9.174886,1.3520994,4.520520663036455e-20,8.847304726228491e-18
Cd3d,9.077855,3.2796264,1.1073528318179515e-19,2.1367230698459062e-17
Evl,9.005063,3.6777792,2.155411192376813e-19,4.101268518828103e-17
Eif4g2,8.986483,0.78045946,2.5526888763985e-19,4.79066268584376e-17
Arpc5,8.94116,0.9876435,3.851044187566248e-19,7.12963586076454e-17
Cyp4f14,8.840376,1.5006907,9.539683866997299e-19,1.7425822530381732e-16
Tram1,8.77343,0.9643876,1.73305615397216e-18,3.1240617512392885e-16
Ikzf2,8.695801,1.9708294,3.443915855297639e-18,6.048929130458673e-16
Cnn2,8.671412,2.3471017,4.2679228759562516e-18,7.401334607670968e-16
Sdf4,8.667454,1.1431763,4.4189144978636e-18,7.567391077591416e-16
Jak1,8.664223,1.6605833,4.546026886133425e-18,7.688959054324436e-16
Rsrp1,8.658303,1.690215,4.7883797655479995e-18,8.000097900976536e-16
Tmsb10,8.627976,0.6931623,6.244690013055633e-18,1.0307500382995443e-15
Trip12,8.557538,1.3149934,1.1530373313520332e-17,1.880548980895578e-15
Iqgap1,8.471861,1.4361141,2.4150387642189497e-17,3.892474243505837e-15
Slc26a3,8.457127,0.92745143,2.7404591762741434e-17,4.365615199413461e-15
Rnf167,8.442505,1.2168757,3.106083172678986e-17,4.891188444333575e-15
Cnot6l,8.436996,1.6904728,3.255974371342104e-17,5.068960100839412e-15
Prkch,8.425979,2.871108,3.5774843774169746e-17,5.453549377915132e-15
Slc9a3r1,8.42581,0.9991952,3.5826236789223494e-17,5.453549377915132e-15
Stk17b,8.364279,2.5767808,6.048366842837187e-17,9.105783049106533e-15
Grk2,8.334811,1.1052395,7.762198374854531e-17,1.1558925840815986e-14
Arpc1b,8.300469,1.0001425,1.0370084127205445e-16,1.5276360488463936e-14
Epsti1,8.2904415,1.8726509,1.1282897840089033e-16,1.6444223447789336e-14
Lck,8.224335,3.3941994,1.9627690682686324e-16,2.8305196037137118e-14
Actr3,8.211077,1.7580589,2.1921454268382151e-16,3.1283742028837027e-14
Pdcd6ip,8.1836815,1.114581,2.753015255657424e-16,3.8882792786089394e-14
Zdhhc18,8.155259,1.8317819,3.4843156910701975e-16,4.8709311191491535e-14
mt-Nd5,8.128984,0.6508342,4.3290073062615456e-16,5.990646474321533e-14
Nkg7,8.02568,3.5481055,1.0096558245462108e-15,1.383228479628309e-13
Klrd1,8.007024,3.1754255,1.1751762245654301e-15,1.5940509184699398e-13
Insig1,7.997874,1.0777618,1.2658621051765418e-15,1.7002265530312375e-13
Ptbp3,7.9944563,0.7768861,1.3014697224187417e-15,1.7310810871006563e-13
Mta2,7.986744,1.1546954,1.3854959082703906e-15,1.8251244176254183e-13
Tfrc,7.9790874,2.5283618,1.4741913959528674e-15,1.9234687737670747e-13
Tln1,7.9334292,1.8496218,2.1317620826972438e-15,2.755201937070966e-13
Gsto1,7.9120474,0.69811815,2.5319025149729996e-15,3.241781724778514e-13
Fgfr1op2,7.895745,1.4844099,2.8858681512285894e-15,3.660777191836266e-13
Tmem50a,7.8876777,1.418029,3.0786210740790326e-15,3.869459515126858e-13
Ppp2r5c,7.879143,1.0341078,3.296329854258314e-15,4.1054290003035364e-13
Calm1,7.870161,0.7108997,3.5418472077742647e-15,4.3714690762619306e-13
Rack1,7.8676586,0.8670403,3.613394101025044e-15,4.4096978084102115e-13
Etnk1,7.866837,0.9263774,3.637196002557328e-15,4.4096978084102115e-13
Elf1,7.8241296,1.0473958,5.111821025138545e-15,6.143153337227902e-13
BC005537,7.8170147,1.0100292,5.4090856917665795e-15,6.443867302365403e-13
Myl12b,7.808256,0.79965013,5.798454820510753e-15,6.848175089741148e-13
Hnrnpul1,7.7988634,0.9640693,6.2467298491231484e-15,7.314546917349329e-13
B4galnt1,7.7554646,1.3516874,8.802065029333255e-15,1.0219346686598778e-12
Rfk,7.751431,0.6852209,9.086274611106646e-15,1.0460669090097569e-12
Fcer1g,7.7460713,3.5749252,9.47791722602481e-15,1.0820622166378325e-12
Anxa2,7.7434382,0.6789009,9.676366171484604e-15,1.0955885665234634e-12
Saraf,7.725063,1.2346203,1.1179797790948608e-14,1.2554363093114421e-12
Pum2,7.715726,1.0683403,1.2029549894192782e-14,1.3398766955320415e-12
Pten,7.705474,0.8044189,1.3035862680307338e-14,1.4402525703242785e-12
Sept1,7.69018,3.3518558,1.469284341475777e-14,1.6103356382574518e-12
Rab8a,7.656809,0.84712297,1.9060967380890617e-14,2.0725020088746147e-12
Hipk1,7.648107,0.8224282,2.0395958687313544e-14,2.1830049532515278e-12
Clec2d,7.6305904,1.0602783,2.336807037343022e-14,2.48172530322476e-12
Srrm2,7.5951843,0.9398478,3.073544183238756e-14,3.2390427161823813e-12
mt-Nd2,7.5885925,0.84300965,3.233992222619657e-14,3.382114003808343e-12
Eef1b2,7.5872107,1.0522718,3.2686571874275706e-14,3.392469959678615e-12
Macf1,7.5789003,1.6248971,3.48495485479116e-14,3.5897655271157065e-12
Lrp10,7.555315,1.3531206,4.1784697551843317e-14,4.247368761491664e-12
Itm2b,7.5547547,0.6139404,4.1964937807782895e-14,4.247368761491664e-12
Eif4a2,7.5535226,1.3548958,4.236416174763034e-14,4.247368761491664e-12
Acly,7.5531864,0.7699527,4.247368761491664e-14,4.247368761491664e-12
Midn,7.5482187,1.0831984,4.4125070869852763e-14,4.380532397949151e-12
Prkar1a,7.532682,1.5516385,4.970854739093122e-14,4.899331649321997e-12
Pdcd4,7.5078826,1.6383742,6.009126726602589e-14,5.880359725318248e-12
Hp1bp3,7.4949603,1.3595649,6.631843866301548e-14,6.443706451654696e-12
Mcl1,7.4782095,0.77562475,7.53419778333988e-14,7.268909128996925e-12
Maoa,7.4696383,0.70276934,8.041564278850297e-14,7.650654904183963e-12
Neurl3,7.4028034,1.3894883,1.333390915798525e-13,1.2598245204441237e-11
Pkn1,7.3318977,1.3238794,2.2691632319784431e-13,2.1292833067194982e-11
Ikzf3,7.3268,3.3461144,2.357138204030602e-13,2.1967886663414455e-11
Ptk2b,7.3086295,1.6378977,2.69880371254503e-13,2.4982169501261424e-11
Cul3,7.3030086,0.90309656,2.814028073409812e-13,2.587394939980834e-11
Smdt1,7.275259,0.6640761,3.457564196871637e-13,3.1369953309365183e-11
Sh3bgrl3,7.2713933,0.7882355,3.557979360244687e-13,3.2068629760100145e-11
Mep1b,7.259349,1.2387204,3.889587663330996e-13,3.482833397884617e-11
Ankrd13a,7.24383,0.83951825,4.3618673368697447e-13,3.8803625009815264e-11
Pik3r1,7.242841,1.1963037,4.393829038278916e-13,3.8835779241562024e-11
H2afy,7.2175746,0.9274343,5.292297149396384e-13,4.6181191685815586e-11
Sin3b,7.2083683,0.909732,5.662633068812646e-13,4.9100046229578e-11
Enpep,7.1944933,2.8921294,6.269312577714865e-13,5.401860522936708e-11
Ndufa1,7.1922526,0.7453154,6.373105203993275e-13,5.456971330919242e-11
Smap2,7.1812906,1.7384638,6.90563286961558e-13,5.876221758616985e-11
Fam162a,7.173429,0.689299,7.31422413915966e-13,6.15356354364437e-11
Clta,7.17285,0.6964796,7.345231431426366e-13,6.15356354364437e-11
Mxd4,7.1724577,1.7635577,7.366309643486691e-13,6.15356354364437e-11
Arhgef1,7.16299,2.7348638,7.893607263387255e-13,6.554086030812449e-11
Sf3b1,7.155352,1.366756,8.345828042976322e-13,6.887821939082867e-11
Uba1,7.1478453,0.60390645,8.815054840476472e-13,7.231512054762136e-11
Cdc42,7.133373,1.1566858,9.793876450971268e-13,7.986673058232523e-11
Ppp2ca,7.1018696,0.7851706,1.230803398140896e-12,9.977518671319689e-11
Arl6ip5,7.087136,1.0641602,1.3691611666503228e-12,1.1006354127212642e-10
Rabac1,7.086669,1.453115,1.3737858071192424e-12,1.1006354127212642e-10
Aldoa,7.0761366,0.60669917,1.4822872309957746e-12,1.1806590153861692e-10
Eif3f,7.074867,0.932694,1.4959239087421193e-12,1.1846333843795974e-10
Mknk2,7.0542316,0.9480711,1.7355677539637832e-12,1.3665102430634384e-10
Mgst2,7.0491524,1.1714743,1.80010789887948e-12,1.4092273265513642e-10
Cab39,7.041627,0.8786605,1.9000816748709294e-12,1.479040849189303e-10
Smarcc2,7.0391994,1.1354891,1.9334782405362946e-12,1.4965340053868495e-10
Agfg1,7.0349226,1.6724796,1.993713601687041e-12,1.534487435006318e-10
Ly6e,7.0287604,0.5976628,2.083765458099554e-12,1.594837250053849e-10
Slfn2,7.0236998,2.7337985,2.160690449017463e-12,1.6445255084188468e-10
Il2rb,7.0190125,3.2520733,2.2344190756791766e-12,1.6912453777240177e-10
Ms4a8a,7.0165477,0.6778411,2.2741770643999707e-12,1.71188053748789e-10
Dgkz,6.996547,1.1507342,2.6234697514369902e-12,1.9640183385074736e-10
Arpc2,6.991076,0.5713885,2.727860992821004e-12,2.03107041313303e-10
Cast,6.979759,0.8908984,2.956860402538847e-12,2.1896750007990378e-10
Fxyd5,6.936062,2.2532742,4.0318102259133375e-12,2.9537861013375793e-10
Arf5,6.929059,0.8164827,4.236488425972057e-12,3.087228267862616e-10
Ldha,6.9237185,0.633857,4.399403949555345e-12,3.188985931688266e-10
Clk1,6.9028406,1.2320395,5.0972819607707294e-12,3.675408571713631e-10
Ube2r2,6.900805,0.64727545,5.170863257495976e-12,3.7089438024971137e-10
Lnpep,6.8811784,1.4455352,5.9359378127199216e-12,4.235538960117861e-10
Trpc4ap,6.8696194,1.2137115,6.437346668709304e-12,4.5695155109490913e-10
Ufc1,6.848443,0.65106356,7.465816595017448e-12,5.272251925347373e-10
Srebf2,6.8394794,0.6949177,7.948158205159956e-12,5.584090636445713e-10
Trir,6.830404,0.7369521,8.467606741274003e-12,5.918684303849686e-10
Kit,6.827528,1.7161069,8.639040412087575e-12,6.007860591147196e-10
Zfp36l2,6.8205624,0.7918211,9.068483571483896e-12,6.274657824713604e-10
Atp6v0e,6.804073,1.3027288,1.0170192357786821e-11,7.001589713652234e-10
Serf2,6.7915425,0.580075,1.1094073263923779e-11,7.599440185787789e-10
Eif4ebp3,6.7903476,0.80384576,1.1186372156695756e-11,7.624542216255316e-10
Psd4,6.788947,1.4585552,1.1295492460911412e-11,7.660804292796353e-10
Ppp1r18,6.781048,2.9060774,1.193073606535693e-11,8.051777541644826e-10
Mpp1,6.7714496,1.070706,1.2749861751109077e-11,8.562407156382076e-10
Prex1,6.763027,3.2290652,1.3513776985415406e-11,9.031158278058101e-10
Cox8a,6.7523456,0.59467894,1.4547376105310223e-11,9.596185310941245e-10
Ctsd,6.75229,1.3567935,1.4552996093778036e-11,9.596185310941245e-10
Tmem243,6.7517295,1.8246648,1.46093130564975e-11,9.596185310941245e-10
Anxa7,6.7514305,0.85362214,1.4639435985304527e-11,9.596185310941245e-10
Puf60,6.74426,1.0972937,1.538091342248625e-11,1.0034214947050553e-09
Brd4,6.7435126,0.9432124,1.5460233682756622e-11,1.0038161206339608e-09
Ndufa6,6.7427096,0.52847487,1.554594976478303e-11,1.004620338573243e-09
Tmem234,6.7406745,0.89719397,1.5765320632935783e-11,1.0140135806160574e-09
Tm4sf20,6.7352962,0.9518167,1.635963329258236e-11,1.0473223182634502e-09
Arhgap45,6.7279944,3.1622698,1.7201730464779958e-11,1.0961102668255137e-09
Edem1,6.7190495,0.7923806,1.8291353676951574e-11,1.1601460433992434e-09
Hspa8,6.6989374,0.83621186,2.09940160006473e-11,1.3254286599487006e-09
Cd53,6.6927752,2.7013717,2.189774525243975e-11,1.3761427062313054e-09
Bag1,6.687173,0.56509393,2.275229745899754e-11,1.4233172383025858e-09
Ide,6.681963,1.0919582,2.357628184135081e-11,1.4681593692113913e-09
Myh9,6.6725883,1.8093272,2.51330528148729e-11,1.5580218260803563e-09
Rab1b,6.666295,0.88912404,2.623412732737265e-11,1.6189529026351592e-09
Tor1aip1,6.6526256,1.5181733,2.8790961679613004e-11,1.7687720852497676e-09
Psenen,6.6517105,0.5687825,2.897056755973753e-11,1.7718606052160898e-09
Cds1,6.6508703,0.9488388,2.9136477476580915e-11,1.774087739685149e-09
H2-Q7,6.6291895,2.274346,3.375345464031075e-11,2.046116498107333e-09
Peli1,6.6284986,2.0300534,3.391179470776215e-11,2.0466589757548082e-09
Son,6.625959,0.90514016,3.450007237225658e-11,2.0730306644733124e-09
Dym,6.6208797,1.2598108,3.5706742787935945e-11,2.1361675816363424e-09
Pitpna,6.619722,0.6687832,3.59875194514381e-11,2.1436044194987043e-09
Msn,6.6161923,2.9687655,3.685683366035853e-11,2.1858814768264586e-09
Nt5c,6.6135783,0.9430197,3.751398541095608e-11,2.215265517802148e-09
Abi3,6.6113,2.379129,3.80959849974709e-11,2.239978517018675e-09
Rer1,6.6086106,0.60733086,3.879431067940753e-11,2.2712908389225778e-09
Paip2,6.6030645,0.8576309,4.027439628145957e-11,2.3479116130042385e-09
Gpi1,6.593821,0.7308695,4.286488075229883e-11,2.4883426538410758e-09
Limd2,6.5844464,2.943166,4.5658318772590194e-11,2.6393205366433994e-09
Cyp3a13,6.581328,1.1627004,4.662650401705981e-11,2.6839626261920983e-09
Rnf149,6.579068,1.2643818,4.734052352578418e-11,2.713661808800181e-09
Ctbp1,6.5671353,0.7527224,5.129235588425312e-11,2.927938648392782e-09
Itfg1,6.5600953,0.72217804,5.37733692795014e-11,3.0568263864280876e-09
Pdcd6,6.5421124,0.63200754,6.065597094662562e-11,3.4265395341463965e-09
Itgb2,6.5418134,3.9522395,6.077730706551637e-11,3.4265395341463965e-09
Stat1,6.535184,1.5089929,6.353135093894675e-11,3.567129130588404e-09
Nsd3,6.5195913,0.81607896,7.049927653595053e-11,3.9422044430307036e-09
Efhd2,6.5082746,1.2235714,7.601884165423065e-11,4.2335696368413e-09
Tapbpl,6.504316,1.7672825,7.804782274862133e-11,4.328968306300049e-09
Arhgef2,6.5028777,1.8802828,7.879779617158304e-11,4.352942772381805e-09
Emp1,6.4859962,0.5891908,8.814727499646655e-11,4.849870150408e-09
Ppp1ca,6.4791803,0.78087264,9.22222304966635e-11,5.05377823121716e-09
Arpc4,6.478433,0.6267236,9.267984429526698e-11,5.057284914600789e-09
Tapbp,6.4778733,0.8451022,9.302451083791234e-11,5.057284914600789e-09
Prdx5,6.459946,0.7048684,1.0474037446536845e-10,5.669634743247448e-09
Map2k2,6.4594045,0.7678725,1.0511585582371182e-10,5.669634743247448e-09
Runx3,6.440525,2.6063335,1.1906105403124223e-10,6.396613491090269e-09
Numa1,6.4384146,0.687739,1.2072779278811998e-10,6.460823285926733e-09
Supt4a,6.4352775,1.243887,1.2324801232414564e-10,6.570030228952511e-09
Ppp2r5a,6.433615,1.089363,1.246038908817104e-10,6.616563197982296e-09
Gnas,6.4230084,1.4102184,1.3360701871121528e-10,7.045247963153782e-09
Rab14,6.4228964,0.57962173,1.3370543579707907e-10,7.045247963153782e-09
Pfdn5,6.4213467,0.8281654,1.3507416321556077e-10,7.090099754993037e-09
Ptpn6,6.4124203,1.9831315,1.4322733368452684e-10,7.489368211748158e-09
Cops9,6.411692,1.127073,1.4391337984693324e-10,7.496628531950514e-09
Sh3glb1,6.407509,0.52467984,1.4791638404672118e-10,7.675963869091212e-09
Cdc37,6.4057536,1.5850279,1.4962844294879438e-10,7.735508182635786e-09
Rbm38,6.4002075,2.337794,1.5516605181111428e-10,7.991634999294232e-09
Fryl,6.394549,1.0873239,1.6102178266690166e-10,8.262166376541396e-09
Cmpk1,6.387808,0.5940468,1.6828070590342164e-10,8.602409219689838e-09
Rassf5,6.3852305,3.4323678,1.711392421781678e-10,8.716013449222672e-09
Nop10,6.375576,0.9502016,1.822763430179129e-10,9.248836664242248e-09
Nipbl,6.334194,1.218404,2.3858471329995497e-10,1.201695063312273e-08
Zmynd11,6.330366,1.5993537,2.445801979734255e-10,1.2273804806725015e-08
Wnk1,6.328349,0.9374971,2.4779772308189447e-10,1.2389886154094724e-08
Wdr1,6.321944,0.71130365,2.5829290119326277e-10,1.2867682713991636e-08
Pak2,6.297817,0.6340069,3.0186646254220764e-10,1.498395122039219e-08
Ptpn18,6.2880507,1.86453,3.2147737407550304e-10,1.589978348315665e-08
Eif3k,6.2827473,0.6526987,3.3264210273666026e-10,1.639279427155484e-08
Ubtf,6.281085,0.7996611,3.362181757704264e-10,1.650963802170194e-08
Sec24c,6.2741194,0.94876844,3.5161820969866333e-10,1.7204176688827455e-08
Copb1,6.270067,0.7847967,3.608921149378823e-10,1.7595095995192126e-08
Arf6,6.268704,0.6949543,3.6406525923635947e-10,1.7686858338787678e-08
Erbin,6.2545304,0.5400506,3.9871379085157716e-10,1.9268277929596948e-08
Acp5,6.2542505,0.73067254,3.9942999503690023e-10,1.9268277929596948e-08
Gimap6,6.250534,3.5167787,4.090513157996708e-10,1.9663168513878914e-08
Myl12a,6.247098,0.55451995,4.1814847377321456e-10,2.0029694306715196e-08
Akr1c14,6.2465568,0.8509139,4.1960016540344973e-10,2.0029694306715196e-08
Copa,6.2447267,1.1125478,4.245423765956943e-10,2.0195244997781295e-08
Mapk1,6.236547,0.5893191,4.473343764738205e-10,2.1205816462599794e-08
Il2rg,6.232756,2.594325,4.582986952874578e-10,2.1650662501510938e-08
Fam49b,6.230945,2.0484095,4.6362998854018776e-10,2.1827253756015712e-08
Emb,6.223046,2.7067058,4.875949699266764e-10,2.2876887287655708e-08
Eif5a,6.2189937,0.86778855,5.00354001467959e-10,2.339539187751208e-08
Arhgap9,6.216118,3.0033305,5.096058720071264e-10,2.374694029420963e-08
Rab2a,6.214904,0.4922656,5.135607962050646e-10,2.3850111552574186e-08
Il10rb,6.210422,0.7407476,5.284247453743372e-10,2.4457496660906825e-08
Ndufa3,6.1948667,0.5528832,5.833444538218442e-10,2.690848153993019e-08
Tmbim6,6.174512,0.6043981,6.636826551820306e-10,3.051158515434168e-08
Arpc3,6.1616454,0.45563883,7.199300557985155e-10,3.2986761753978804e-08
Tbca,6.155595,1.1258134,7.479623899628492e-10,3.415694914163678e-08
Spcs1,6.1540446,0.69031125,7.553131211153383e-10,3.437803906737586e-08
Ube3a,6.143662,1.4861947,8.064033547017948e-10,3.658187403779665e-08
Clic1,6.142467,0.6258268,8.124962528799171e-10,3.6736629255626613e-08
Prkacb,6.1410475,2.2901733,8.197899043627793e-10,3.6823349802524834e-08
Map1lc3b,6.133447,0.6120395,8.599493343922596e-10,3.8500999611679593e-08
Usp25,6.1241474,0.87410784,9.117038670466763e-10,4.068515628188751e-08
Ywhab,6.107901,0.83211726,1.0094991159800324e-09,4.490304509391703e-08
Lsm14a,6.1025414,0.8414781,1.043949531867691e-09,4.628514105691704e-08
Dock10,6.101944,3.1468675,1.04786099694977e-09,4.630869567165113e-08
Elk4,6.0898056,1.8935841,1.13047737877868e-09,4.9799164274173356e-08
Ube2d2a,6.0886292,0.71410054,1.1388144381484201e-09,5.0005633982799216e-08
Atp5j2,6.0800204,0.5408276,1.2016715012828344e-09,5.259712321908892e-08
Smap1,6.0771446,0.9969551,1.2234133857189417e-09,5.337822733869268e-08
Selplg,6.0749974,3.070433,1.2398988468831432e-09,5.390544649985644e-08
Rab21,6.074549,0.8281375,1.2433665032083676e-09,5.390544649985644e-08
Ski,6.0705156,1.1667979,1.2750038405002881e-09,5.510268963676324e-08
Rnf6,6.0687976,0.98661715,1.2887160631738752e-09,5.5520157438622926e-08
Snapc5,6.06482,1.0024389,1.3210168483499452e-09,5.673332546205094e-08
Rchy1,6.0616827,0.8629972,1.3470489459078414e-09,5.749087401538139e-08
Rtn4,6.0577984,1.1598758,1.3799726377334758e-09,5.871312154331869e-08
Ostf1,6.053839,1.1462768,1.4143362271517426e-09,5.998887403089435e-08
Dnajc3,6.04073,0.94322413,1.5341837769860478e-09,6.479912335779652e-08
Arfgef1,6.040413,0.71480274,1.5372054811156109e-09,6.479912335779652e-08
Ppm1a,6.03763,0.9154082,1.563939225812802e-09,6.572382636084474e-08
Ndufa13,6.013391,0.6079384,1.8168187796505146e-09,7.611748404040382e-08
Trim14,6.004017,0.9668783,1.9249478703747466e-09,8.040178604918911e-08
Pink1,5.98749,1.2743213,2.1310381763126864e-09,8.87392796823216e-08
Gna13,5.982224,0.61785054,2.2011119745565678e-09,9.137949712553025e-08
Wtap,5.9774623,0.989545,2.266405545409917e-09,9.380590928131681e-08
Dync1h1,5.976024,0.7319196,2.286489832242253e-09,9.43521406678279e-08
Dnajc5,5.974381,0.86853033,2.30965562521297e-09,9.502186806431738e-08
Prpf8,5.969283,0.5310591,2.3829863871851496e-09,9.774525001328308e-08
Copg1,5.9683304,0.84305114,2.396934710078435e-09,9.802389709873003e-08
Pigt,5.9675837,0.7589534,2.407930184495798e-09,9.81804866892632e-08
Kdelr1,5.966052,0.47794726,2.4306247099720083e-09,9.881174636978194e-08
Anapc11,5.9646893,1.6897671,2.4510035605001263e-09,9.934541058831872e-08
Uhmk1,5.963531,0.8620319,2.468442234852475e-09,9.975710506630947e-08
Npc2,5.956902,0.55620974,2.570644018303147e-09,1.0358183250221505e-07
Prrc2c,5.9467993,0.7977362,2.734364740262244e-09,1.0985570950613708e-07
Fam32a,5.945324,0.5813913,2.759106333647542e-09,1.1052560459348339e-07
Acot7,5.9360056,0.83201975,2.9204989915740662e-09,1.1664966817657348e-07
Heca,5.9316916,2.2413251,2.998289782043901e-09,1.19374442790877e-07
Fuca2,5.9312625,0.95918024,3.0061447272155156e-09,1.19374442790877e-07
Itgb7,5.903998,2.7661858,3.5479628941443937e-09,1.4048292384328958e-07
Hdlbp,5.899703,0.49557015,3.641564198901944e-09,1.4377357211803064e-07
Kmt2d,5.8927937,1.4795846,3.797205979174247e-09,1.491890044705601e-07
Hnrnpl,5.8925695,0.5381417,3.802360724869561e-09,1.491890044705601e-07
Aoc1,5.8921776,0.8013341,3.811397924430367e-09,1.491890044705601e-07
Tcrg-C4,5.8738766,3.8347614,4.25720089203309e-09,1.661642513414625e-07
Capn1,5.872215,0.71978366,4.300113530154588e-09,1.6736237319067574e-07
Galnt1,5.867042,0.8417496,4.4363845197407515e-09,1.721769629474456e-07
Pfkp,5.862056,1.223474,4.571708940770181e-09,1.769277188942132e-07
Vcp,5.853559,0.65893716,4.811628030045878e-09,1.8568818031444656e-07
Ndufb11,5.8454175,0.446616,5.0529993586158045e-09,1.9445531239617e-07
Abi1,5.840207,0.53632736,5.213593566615127e-09,2.00073478606799e-07
Cmip,5.8280315,0.5902768,5.608493650907564e-09,2.146267123392001e-07
Use1,5.8219066,0.9371926,5.818007847783823e-09,2.2197735928852953e-07
Slc51a,5.821477,1.2252275,5.832981703932163e-09,2.2197735928852953e-07
Rgs3,5.8205433,3.0323098,5.865663014003486e-09,2.2250927732207337e-07
Raly,5.8201513,0.9642438,5.8794422182912815e-09,2.2250927732207337e-07
Thy1,5.8158,2.779399,6.034454298956802e-09,2.2774662230222642e-07
Lbh,5.8136897,0.7519204,6.111056291047975e-09,2.3000404172350893e-07
Chmp2b,5.80848,0.56180173,6.304261726627785e-09,2.366257141227415e-07
Wdr82,5.8061643,1.2792674,6.39202588422425e-09,2.3926435686850334e-07
Smpdl3a,5.8013463,0.650036,6.578457122965538e-09,2.4557183265566176e-07
Ndufa8,5.7967896,0.5069928,6.759631534453852e-09,2.516493261467874e-07
Tpr,5.792439,0.9818178,6.937162622706091e-09,2.575586122793318e-07
Arl6ip1,5.788517,1.071817,7.10104841566556e-09,2.629307116070761e-07
Atp6v1f,5.787621,1.0273424,7.139033352353809e-09,2.636246817446016e-07
Smim22,5.783961,0.6022809,7.2961996415681696e-09,2.687041265846342e-07
Ppp6r3,5.7834754,0.81912845,7.3172993514982166e-09,2.687587161274144e-07
Ywhah,5.7816825,0.59255457,7.395721209291018e-09,2.70220348620555e-07
Cers6,5.781664,0.5953835,7.3965423892487685e-09,2.70220348620555e-07
Dcaf11,5.775744,0.74788433,7.661375151455556e-09,2.791511690822902e-07
Trbc1,5.7666125,2.990778,8.088076588361086e-09,2.9391684153991214e-07
Lasp1,5.766127,0.50144774,8.111399736647796e-09,2.939845936298275e-07
Usf2,5.7655854,1.2581264,8.137491165100322e-09,2.9415205530837575e-07
Arid1b,5.762,1.3421085,8.31230453174939e-09,2.9929109064661533e-07
Lbr,5.761776,1.4561429,8.323350769077405e-09,2.9929109064661533e-07
Surf4,5.757817,0.76711184,8.52087065148805e-09,3.0559143435964996e-07
Calm3,5.7571445,0.48564607,8.554861324841441e-09,3.060093998703074e-07
Slc10a2,5.745996,1.3410478,9.13813775417748e-09,3.260221021672695e-07
Gltp,5.745548,0.6539365,9.162376798194733e-09,3.2603782372796845e-07
Vti1b,5.7427654,0.94194347,9.314265369482773e-09,3.3058402995314504e-07
Ppp6r1,5.7342687,1.2388159,9.793390981120144e-09,3.4669110191562267e-07
Sdcbp,5.7204127,0.44068474,1.0626568647537882e-08,3.7521647028677576e-07
Max,5.7190495,0.7682752,1.0712166451289144e-08,3.772665305466871e-07
Tmem134,5.7182837,1.0088576,1.076053540880407e-08,3.7799829512978406e-07
Plec,5.7166963,0.79564863,1.0861489627067346e-08,3.805688181350962e-07
Hnrnpk,5.7081437,1.3028512,1.1421498780965142e-08,3.9824138566125945e-07
Add1,5.7081065,0.684117,1.1424004712764596e-08,3.9824138566125945e-07
Krcc1,5.704465,0.63418096,1.1670915801187056e-08,4.0581610780777326e-07
Fkbp8,5.698732,0.4392692,1.2070185760346427e-08,4.1863682257404064e-07
Tmem9b,5.6966963,0.6917069,1.2215114029281048e-08,4.2259359141704634e-07
Esyt2,5.6934285,0.5862791,1.245134047101866e-08,4.29681018773188e-07
Mep1a,5.6801696,0.6963469,1.3456107825075627e-08,4.6318763116466357e-07
Tes,5.6792736,0.6149832,1.352680758148247e-08,4.644542954042853e-07
Ddrgk1,5.675669,0.7203614,1.3814739867715764e-08,4.7315484046926494e-07
Kdm2a,5.6626906,0.77909964,1.4901751926568706e-08,5.09112222927659e-07
Ikzf1,5.6543994,3.6224277,1.5639207432788674e-08,5.329779647492657e-07
Akap13,5.6512995,0.81544596,1.5923927133832136e-08,5.41334495616626e-07
Dcaf7,5.644054,1.1612713,1.6609191882526792e-08,5.625129041687804e-07
Taldo1,5.6438484,0.50384915,1.662903110863913e-08,5.625129041687804e-07
Tcf12,5.6421494,1.4880065,1.6794040720385402e-08,5.653030905879116e-07
Csnk1a1,5.636622,0.48079598,1.7341847877367684e-08,5.823120488233756e-07
Mall,5.635669,0.7047978,1.7437969818393725e-08,5.84108035481648e-07
Aip,5.633914,1.3591868,1.7616493142692056e-08,5.886486733045882e-07
Eif3g,5.631692,0.61691827,1.784504310062216e-08,5.948347700207387e-07
Srp9,5.6221304,0.93686825,1.8861660175474735e-08,6.271959815631161e-07
Gnai3,5.6158934,0.5106696,1.9554917757758357e-08,6.486740273154709e-07
Uqcrc1,5.612476,0.447224,1.994518232570157e-08,6.600217339664529e-07
Esyt1,5.610665,1.7385107,2.0155099538063564e-08,6.653611172806526e-07
Psma4,5.6058283,0.7426065,2.0726164597592927e-08,6.825684014111132e-07
Txndc17,5.604446,0.5058472,2.089219077799044e-08,6.863861238812206e-07
Vps28,5.602635,0.5235459,2.11117761766909e-08,6.919409895231227e-07
Coro2a,5.593951,0.56398374,2.219592368533647e-08,7.257378388761566e-07
Ube2d3,5.5932045,0.9910163,2.229166814393832e-08,7.271329846951309e-07
Ndufa10,5.5874715,0.47177696,2.303997229193411e-08,7.497568180510626e-07
Tmem167,5.5861454,0.9185354,2.3216473338605056e-08,7.537101534096902e-07
Apob,5.5832696,1.4901673,2.3603828697323367e-08,7.64473884523239e-07
Dnaja2,5.581981,0.6347419,2.3779412111166546e-08,7.68344212082504e-07
Mlf2,5.579068,0.4765538,2.4181069033965792e-08,7.789908434407766e-07
Nfatc3,5.578769,1.1799834,2.4222634985822687e-08,7.789908434407766e-07
Plgrkt,5.5771446,0.48734772,2.4449866378465714e-08,7.84242555792425e-07
Arhgef3,5.576379,1.5505354,2.4557668352916083e-08,7.84242555792425e-07
Stk24,5.5672097,1.2863435,2.5885047586240253e-08,8.247096556546313e-07
Ndufa2,5.5580597,0.47722164,2.72790245770534e-08,8.671058856279156e-07
Riok3,5.5524945,0.58938605,2.8162124973374543e-08,8.931044262389613e-07
Ppm1b,5.550142,1.0966961,2.854380426768331e-08,9.031180565063773e-07
Timm13,5.545193,0.76870584,2.9362991112664832e-08,9.268962632338899e-07
S100a6,5.540805,0.48918673,3.010848723850235e-08,9.482443107298442e-07
Leng8,5.5378914,1.4367245,3.061347629689566e-08,9.61937213916217e-07
Otub1,5.5369577,0.6960355,3.077706364337596e-08,9.648644666229992e-07
Chn2,5.532233,0.89830816,3.1617904278966266e-08,9.879708103455042e-07
Hnrnpul2,5.532009,0.8906497,3.165833472566981e-08,9.879708103455042e-07
Ugt2b34,5.5275645,0.7214732,3.247064482783951e-08,1.011017804866821e-06
Ctdsp1,5.524708,0.8679622,3.300348236531816e-08,1.0252782503511536e-06
Rnf10,5.517481,0.4782908,3.4389385960740865e-08,1.0659153567016965e-06
Myd88,5.516678,1.3899693,3.454681557770294e-08,1.0683778180914906e-06
Abcg2,5.507434,0.61350983,3.641018475938711e-08,1.1234674126207285e-06
Tmem30a,5.505436,0.5596132,3.682560052690006e-08,1.1337319712775976e-06
Nsd1,5.503867,1.070608,3.7154938480381294e-08,1.1413064062359278e-06
Pnrc1,5.4919906,1.8396505,3.9742881001732387e-08,1.2175385743311667e-06
Ccng1,5.491673,0.8725629,3.981440009491699e-08,1.2175385743311667e-06
Stxbp2,5.4887414,0.63156664,4.048082550103354e-08,1.2351610453544753e-06
Myl6,5.4860334,0.84239393,4.110591315922875e-08,1.2514466895142973e-06
Vps54,5.4836617,0.55555165,4.166108415155788e-08,1.263269950621834e-06
Ago2,5.4835873,0.81637496,4.167868742197584e-08,1.263269950621834e-06
Eif4g3,5.4816265,0.91308904,4.214336125796898e-08,1.274534325020254e-06
Wipf1,5.4730363,1.4665389,4.423896223967973e-08,1.3349642790387937e-06
Rnf19b,5.4694133,0.9967302,4.5152735401559466e-08,1.3595439011019006e-06
Arf3,5.4675274,0.70793873,4.563567883077053e-08,1.3710719297841147e-06
Ddx17,5.466463,0.8971828,4.5910437642835e-08,1.3748394700775433e-06
Bin2,5.4658465,2.9624283,4.607024080390131e-08,1.3748394700775433e-06
Ahnak,5.465585,0.7752638,4.613819887352572e-08,1.3748394700775433e-06
Mob1a,5.465492,1.3033679,4.6162493155888316e-08,1.3748394700775433e-06
Lrrc19,5.4650064,1.0714219,4.628902346554397e-08,1.37495380474575e-06
Tmem236,5.4647074,0.80907947,4.636705531332383e-08,1.37495380474575e-06
Sp100,5.45974,2.4233992,4.768317094018028e-08,1.410927520260194e-06
Tbrg1,5.457518,0.51738894,4.8283616767215445e-08,1.425615408859594e-06
Dgkd,5.450814,1.7045511,5.0139789146430966e-08,1.477236798507751e-06
Med28,5.450291,0.5720277,5.028743288626702e-08,1.4784073616778074e-06
Odc1,5.445081,0.7434725,5.1781804966124804e-08,1.5167893554935748e-06
Dgka,5.444969,0.78012156,5.181441010007248e-08,1.5167893554935748e-06
Capns1,5.443755,0.50549835,5.216891024855128e-08,1.5239105978787898e-06
Cox7c,5.4416265,0.44431728,5.2796333622372085e-08,1.5363337289923177e-06
Cfl1,5.4415517,0.4546601,5.281848075586727e-08,1.5363337289923177e-06
Papola,5.4407115,0.35105178,5.3068257263977906e-08,1.5403286536366469e-06
Sema4d,5.436192,1.926969,5.443125597501839e-08,1.5765501202066637e-06
Ccny,5.4328866,0.6284401,5.544957853220929e-08,1.6026565947073149e-06
Slc13a2,5.423774,1.0843204,5.8353704613357024e-08,1.6830436909536658e-06
Nfkb1,5.4228773,1.2865633,5.864719072733667e-08,1.6879548591691436e-06
Hint1,5.420319,0.49613485,5.949273756849251e-08,1.7087012676904558e-06
Ncstn,5.41763,0.8374368,6.03942177346937e-08,1.730963981098962e-06
Sec11a,5.4131484,0.6805229,6.192617549941016e-08,1.7711661886052593e-06
Ndufs8,5.407714,0.5501083,6.38342202976376e-08,1.8219350376617396e-06
Chchd2,5.4057345,0.48241326,6.454330046337687e-08,1.8383434851315238e-06
Ypel3,5.402579,0.7753571,6.568962359847744e-08,1.8632460523791736e-06
Gdi2,5.400823,0.73516065,6.63357340753805e-08,1.8776850347783324e-06
Acsl5,5.398676,0.61316484,6.713456465184962e-08,1.8963784241862675e-06
Srcap,5.3949594,1.4361951,6.853895595774583e-08,1.932065219385016e-06
Zfand3,5.393335,0.46983787,6.916183824939815e-08,1.945620501061098e-06
Ap2m1,5.3835683,1.2682984,7.302347343935309e-08,2.0500442338506914e-06
Fyn,5.3819437,2.8571057,7.36857866846189e-08,2.0644075206120226e-06
Hsd17b11,5.3668365,0.55244696,8.01296834556016e-08,2.2403605374321266e-06
Fnbp1,5.366444,2.492079,8.030401650092163e-08,2.2406619675409904e-06
Atp6v1b2,5.3638673,0.7599035,8.14588049700529e-08,2.2682634717270826e-06
Atp2a2,5.3619623,0.48611867,8.232266292365315e-08,2.2876683205964463e-06
Arf4,5.357219,0.67194694,8.451256561103458e-08,2.343769532127882e-06
Cope,5.3560243,0.50255173,8.507318716667805e-08,2.350046497568439e-06
Arcn1,5.356005,0.45157743,8.50819753864194e-08,2.350046497568439e-06
Capza1,5.3521214,0.80036384,8.692915959499507e-08,2.3962363912503673e-06
Tmem19,5.3509445,1.3960903,8.749626375508481e-08,2.4070257298085582e-06
Aagab,5.336435,0.9591594,9.479189354807164e-08,2.6025028889951536e-06
Itk,5.3313556,3.9278517,9.748236462465972e-08,2.6710167907156764e-06
Spcs3,5.3290586,0.9012058,9.872314494566101e-08,2.699614941627856e-06
Sept6,5.3261456,3.1055193,1.0031882148099048e-07,2.7377845702979472e-06
Pik3cd,5.324969,3.3169765,1.0097028121420616e-07,2.7436998743006953e-06
Kif5b,5.3249316,0.48155951,1.0099102939175607e-07,2.7436998743006953e-06
Fam168b,5.3246703,0.5980517,1.0113638222787235e-07,2.7436998743006953e-06
Mtch1,5.320095,0.76243174,1.037130771683768e-07,2.808041812661585e-06
Tcf25,5.31707,0.3821761,1.0545162654844583e-07,2.8494818219205283e-06
Cutal,5.3116355,1.4087399,1.0864567157976216e-07,2.9300112217376804e-06
Brd2,5.3093762,0.5883046,1.100011628317838e-07,2.9582651143060482e-06
Gosr2,5.3091707,1.2624061,1.1012519768584558e-07,2.9582651143060482e-06
Gatad1,5.3058653,0.8824029,1.1213974055021367e-07,3.0064861947904647e-06
Rbm42,5.3052306,0.78402144,1.1253077707895365e-07,3.0110774335579394e-06
Cd244a,5.301589,5.007352,1.1479910110749227e-07,3.0657849613501832e-06
Rock1,5.2988997,1.0012314,1.1650250725123278e-07,3.105222469536749e-06
Plscr1,5.2975554,0.4904855,1.1736335647641803e-07,3.122093172285295e-06
Uqcrc2,5.294175,0.4670084,1.1955470899872155e-07,3.170674799730125e-06
Irf2bp2,5.294026,0.7124607,1.196524723693777e-07,3.170674799730125e-06
Acox1,5.292252,0.96152663,1.2081934188294742e-07,3.1954150266339377e-06
Gid8,5.290851,0.72239137,1.2174832470595966e-07,3.2137804402151204e-06
Csnk1g2,5.2887225,0.4108406,1.2317362805987916e-07,3.245151354654509e-06
Rnf213,5.2862015,0.70490074,1.248823722854923e-07,3.283855086969759e-06
Tm9sf3,5.284353,0.35348627,1.2615000423484112e-07,3.310833444477631e-06
Leprotl1,5.2833443,0.74265116,1.2684667762773865e-07,3.322752358508641e-06
Serinc3,5.278769,0.32509956,1.3005454188625651e-07,3.4002809615299887e-06
Cd47,5.2783585,0.9172381,1.3034640479176233e-07,3.4014204678993215e-06
Vamp8,5.2777047,0.4311006,1.3081203848846865e-07,3.407081610821332e-06
Ldb1,5.2770324,1.6250154,1.3129265463889895e-07,3.4131107562673922e-06
Saa3,5.2652493,1.3870004,1.399994357767164e-07,3.6325611176913157e-06
Dnajc15,5.260599,1.3127438,1.4358672028664994e-07,3.7185974819037887e-06
Ldlr,5.258265,0.61996573,1.4542092452132295e-07,3.7589937093247633e-06
Atox1,5.25509,0.6333811,1.4795184619281577e-07,3.817213357517093e-06
Cmtm4,5.253951,0.6097429,1.4887034453913603e-07,3.833691203357451e-06
Ugdh,5.2514114,0.504825,1.50938040745756e-07,3.879645700219245e-06
Rhoa,5.2491145,1.071497,1.5283198743949605e-07,3.9209704642717144e-06
Ubqln1,5.24805,0.43532684,1.5371744366076169e-07,3.936315847013897e-06
Ogt,5.242821,1.3968915,1.5813959022176075e-07,4.042000720220377e-06
Ddx5,5.239124,1.0563225,1.613406712536875e-07,4.116140030122008e-06
Bak1,5.232868,0.44254658,1.668998490719996e-07,4.250051918747945e-06
Cers2,5.232084,0.8355996,1.6760975118933444e-07,4.260210744515551e-06
Tmem183a,5.226164,0.40516618,1.7306280317113196e-07,4.390667413786126e-06
Samd9l,5.2244835,0.86471784,1.74641993726477e-07,4.42254217015293e-06
Cyp2c65,5.22355,1.0630493,1.7552533226110399e-07,4.436710428002075e-06
Cables1,5.221589,1.3006741,1.773944251523674e-07,4.475697282849785e-06
Nr3c1,5.2153893,1.4619249,1.834317860331018e-07,4.619513729142453e-06
Mia2,5.2131853,0.5855792,1.8562506467543079e-07,4.6661713505567005e-06
Sept9,5.212644,1.9630233,1.8616795914408847e-07,4.67124732650918e-06
Cd96,5.211169,2.9397035,1.8765467559292993e-07,4.699943428927129e-06
Ccdc12,5.2100296,1.1968459,1.8881049219939814e-07,4.720262304984954e-06
Selenow,5.208069,1.18498,1.9081614853815504e-07,4.76171445350223e-06
Ist1,5.2037177,0.5045998,1.9534061779596352e-07,4.865757206917637e-06
Ssb,5.202784,0.8958836,1.9632495938764544e-07,4.881400986589369e-06
Sgk2,5.202056,1.0050703,1.970960722946501e-07,4.891695997167946e-06
Rasal3,5.197238,2.8449078,2.0227151617140103e-07,5.011066494662196e-06
Chmp5,5.1825414,0.41656616,2.1888290567931152e-07,5.412808317340376e-06
Gpsm3,5.182149,2.6360233,2.1934373637563254e-07,5.414430969993091e-06
Poldip3,5.180842,0.7436981,2.2088661955837977e-07,5.431352701785575e-06
Micu2,5.180655,0.85110086,2.21107885716033e-07,5.431352701785575e-06
H2-Ke6,5.180562,1.0696824,2.2121859909462416e-07,5.431352701785575e-06
Marc2,5.176771,0.6292458,2.2575907737334885e-07,5.532914776413022e-06
Cul1,5.1729054,0.56457853,2.304816958020053e-07,5.638570058013344e-06
Rnf44,5.170011,0.47448403,2.3408030702988853e-07,5.716399654740594e-06
Gabarap,5.1669297,0.9602253,2.3797072533865215e-07,5.8010657244475705e-06
Cdk2ap2,5.165436,0.9651889,2.398794031357624e-07,5.833260819595704e-06
Cyp51,5.1652303,0.54870147,2.4014300016437787e-07,5.833260819595704e-06
Rbbp4,5.162168,1.1936783,2.441063363627543e-07,5.919038598530503e-06
Stard4,5.161365,0.5862064,2.4515591510546625e-07,5.933985930998034e-06
Tmem258,5.1561174,0.65079457,2.521229030992724e-07,6.091858505220515e-06
Dbnl,5.155184,0.9230063,2.533824619608603e-07,6.101380836493291e-06
Nus1,5.155165,0.8001446,2.5340771503391844e-07,6.101380836493291e-06
Ces2e,5.1545486,1.0504282,2.542424316895424e-07,6.110739147625843e-06
Polr2a,5.1541567,1.1373785,2.547749972079655e-07,6.112815169438052e-06
Slc51b,5.151393,1.1969084,2.585589932217682e-07,6.192759103388504e-06
Ppp1r12a,5.1501417,0.975619,2.6028981533152036e-07,6.223334153650662e-06
Rapgef6,5.1490583,1.7363166,2.617971717957589e-07,6.248469082930134e-06
Atp5o,5.14073,0.38674322,2.73673273083649e-07,6.520563202166942e-06
Cyb5a,5.139423,0.4300085,2.7558385659488346e-07,6.543325537868117e-06
Rnf130,5.1389556,0.8262214,2.762693246845056e-07,6.548252159477036e-06
Itgae,5.135333,2.773128,2.8164481222733074e-07,6.6539660435191676e-06
Slc35e1,5.135296,0.46258518,2.8170075220738084e-07,6.6539660435191676e-06
Mbnl1,5.1332974,2.237018,2.8470923478396784e-07,6.713453556868088e-06
Birc6,5.132513,1.2597548,2.858985944013473e-07,6.729915366492196e-06
Rnf187,5.131617,1.4116418,2.8726373801007794e-07,6.750451476394627e-06
Tle5,5.130982,0.4444141,2.8823452106715973e-07,6.7616659907878225e-06
BC031181,5.1298804,0.5983757,2.899266388854292e-07,6.789734961932274e-06
Rasa1,5.1205993,1.2056226,3.0456643502203743e-07,7.119551593646826e-06
U2af2,5.1203003,0.9907365,3.050494003993202e-07,7.119551593646826e-06
Rbp2,5.118713,1.399869,3.076275788998089e-07,7.16751331790371e-06
Psme3,5.11608,1.0001919,3.119507848701426e-07,7.243602970713481e-06
Spg21,5.114269,1.1772207,3.149589010498082e-07,7.301077740071695e-06
Tnfrsf1a,5.1091146,0.7778478,3.236720824581682e-07,7.490384340670446e-06
Ltb,5.1085916,3.3125381,3.2456891910172373e-07,7.498472498640161e-06
Ddost,5.103587,0.31757012,3.3327518246408964e-07,7.686649831242472e-06
Ahsa1,5.100151,0.84973603,3.393826867578674e-07,7.81435766148367e-06
Tbc1d10c,5.09946,3.4822555,3.4062380664582385e-07,7.829775421221118e-06
Edf1,5.0970325,0.42527285,3.450193323990573e-07,7.91752906845408e-06
Pmm2,5.0957627,0.39344007,3.4734028932321266e-07,7.957461477806042e-06
Tab2,5.094642,0.5631759,3.4940070196235415e-07,7.991301530691571e-06
Cblb,5.0935216,2.0654285,3.514729096539232e-07,8.025298103764579e-06
Lta4h,5.090814,0.90285176,3.565298356891564e-07,8.127219216208723e-06
Ipmk,5.0892825,0.6184309,3.5942062562381167e-07,8.179505931970464e-06
Ssr4,5.086911,0.44224918,3.6394252488731133e-07,8.26867759694223e-06
Stat3,5.0822425,1.0193622,3.730048611795552e-07,8.446556360594886e-06
Tax1bp1,5.0814395,0.5606708,3.7458537611031204e-07,8.468349261899794e-06
D8Ertd738e,5.0695252,0.90760374,3.988089803482069e-07,9.00112525662345e-06
Babam1,5.067658,0.9128619,4.0274026703362867e-07,9.074904043356436e-06
Atp5f1,5.065174,0.3755686,4.080268548538944e-07,9.178929247123731e-06
Diaph1,5.063475,0.7008856,4.116825061069547e-07,9.245984153549638e-06
Wdr83os,5.0628963,0.45538005,4.1293503869645727e-07,9.258936219544132e-06
Sf3b2,5.0602255,0.56265306,4.18760606993655e-07,9.374216202308943e-06
Rc3h1,5.0589,1.2008566,4.2168240144733825e-07,9.42422332761588e-06
Ndufb8,5.057873,0.364191,4.239592728072588e-07,9.459677585438836e-06
Vsir,5.0557065,2.4618986,4.28800354384734e-07,9.55213797572497e-06
Rtcb,5.053354,0.68502104,4.34119189733705e-07,9.6549235379087e-06
Atp6v1e1,5.053036,0.55916005,4.3484166518307834e-07,9.65531736306025e-06
Foxo1,5.05087,1.6198127,4.3980255011735847e-07,9.749668182213287e-06
Ptprcap,5.0426345,3.424014,4.591655415966949e-07,1.0162468368133635e-05
Add3,5.0341563,1.4317074,4.79957347553551e-07,1.0605509131425239e-05
Furin,5.0329614,0.8991208,4.829604031116363e-07,1.0654682001013553e-05
Rab8b,5.023251,2.2114506,5.080411963127322e-07,1.1189974902708088e-05
Calml4,5.0222425,0.5118359,5.107165908758186e-07,1.1230846380415272e-05
Rasgrp1,5.020282,2.8303514,5.159576922625352e-07,1.1327917282046044e-05
Btf3,5.017107,1.1590266,5.24553424253559e-07,1.1498211059638014e-05
Ubl5,5.015445,1.1686553,5.291084452871122e-07,1.1579529872896864e-05
Fkbp15,5.013615,1.2865756,5.341682045283399e-07,1.1671617866089725e-05
Il6st,5.010067,2.013956,5.441111730046175e-07,1.1869941194527484e-05
Hcls1,5.0082183,2.2162135,5.493624566574303e-07,1.1965446194287433e-05
Aph1a,5.0044274,0.6314035,5.602834883165738e-07,1.2183942523709621e-05
Gnb2,5.0012155,0.5308028,5.69700312299939e-07,1.2369087604610403e-05
Sppl2a,5.0007486,0.34943432,5.710816738250267e-07,1.2379460334498206e-05
Rnf114,4.9988437,0.5080576,5.767511658556404e-07,1.2482608170967256e-05
M6pr,4.9944925,0.62714416,5.899063315119438e-07,1.2747187289769133e-05
Ddx6,4.991729,0.8169232,5.984121119028226e-07,1.2910623516643575e-05
Cyp2c55,4.990123,0.501409,6.034088378527158e-07,1.2983827206698936e-05
Abracl,4.9900293,1.0968056,6.037005788808191e-07,1.2983827206698936e-05
Elmo1,4.9896936,1.6352785,6.047519727706769e-07,1.2986053333790398e-05
Gclc,4.9781528,0.5340747,6.419397345649769e-07,1.3763027172989333e-05
Sc5d,4.977032,0.53984547,6.456653633481905e-07,1.3821274184172205e-05
Rp9,4.973092,0.93124735,6.589333638896859e-07,1.4083287184537748e-05
Hmgcr,4.9705524,0.490843,6.676240917673254e-07,1.4220089824352738e-05
Ddx3x,4.970067,0.5450243,6.692980842284193e-07,1.4220089824352738e-05
Ppp2cb,4.9698987,0.68654895,6.698784849784048e-07,1.4220089824352738e-05
Ubxn2a,4.969731,0.8591477,6.704593707265238e-07,1.4220089824352738e-05
Psen1,4.9697123,0.38404548,6.705239435424722e-07,1.4220089824352738e-05
Lpar6,4.963923,2.4420218,6.908330745933248e-07,1.462815011117241e-05
Irf1,4.963344,0.7597021,6.928962819963532e-07,1.4649196085416728e-05
Dnajb11,4.962317,0.47414413,6.965714317069145e-07,1.4697122087434212e-05
Rtn3,4.9621115,0.43955114,6.973087121775356e-07,1.4697122087434212e-05
Rnf128,4.960935,0.36775196,7.015458256045773e-07,1.4763713995057924e-05
Ip6k1,4.959703,1.0320092,7.060113101564598e-07,1.4834900228747698e-05
Myo1a,4.958825,0.4558818,7.092079585221493e-07,1.4879248134385061e-05
Fibp,4.957518,0.69111055,7.139947891376599e-07,1.4956771576736912e-05
Aup1,4.9551835,0.25437793,7.226202338299363e-07,1.5114346875526911e-05
Rnf4,4.952252,0.5636019,7.335960963070368e-07,1.5320528230802445e-05
Cd82,4.9515047,0.34018335,7.364180642616943e-07,1.535605400363046e-05
Klf6,4.949619,0.43261176,7.435901528887695e-07,1.5482044216681066e-05
Ehmt2,4.9480314,0.7948739,7.496781718993327e-07,1.5561501447001302e-05
Atrnl1,4.947471,0.70667154,7.518383269436946e-07,1.5582730830754337e-05
Camk2d,4.946967,0.4471618,7.537875922606261e-07,1.5599531743157973e-05
Cldnd1,4.9436803,0.8652953,7.666137321474672e-07,1.582627861840706e-05
Ncoa7,4.943568,1.2026765,7.670546717242546e-07,1.582627861840706e-05
Uqcrq,4.94228,0.67588884,7.721430689534637e-07,1.5907308337838276e-05
Mdp1,4.9411964,0.74004525,7.764454111891749e-07,1.5971925125062606e-05
Srsf2,4.939217,0.88631773,7.843680501394862e-07,1.6110708076328277e-05
Ube2q1,4.934698,1.176836,8.027484705586034e-07,1.646355396205519e-05
Tle3,4.933503,0.68863446,8.076783491609222e-07,1.6539900423773745e-05
Purb,4.9327374,1.0286621,8.108518628766565e-07,1.658010525583611e-05
Mapkapk2,4.9312806,0.8279144,8.169224679494927e-07,1.6679340999862967e-05
Cmc1,4.929693,0.7936323,8.23587709361653e-07,1.6775073313866938e-05
Becn1,4.929581,0.8939502,8.240601708198868e-07,1.6775073313866938e-05
Eif4ebp2,4.927135,0.5471667,8.344408843137805e-07,1.69611871143899e-05
Ybx1,4.92101,0.31764904,8.609876730183314e-07,1.7474860919038725e-05
Gatad2b,4.918601,1.2443942,8.71649597901586e-07,1.7665088004810248e-05
Man1a,4.9166217,0.7947674,8.805056096701183e-07,1.7818208053885702e-05
Alkbh5,4.9148846,0.3938545,8.883468076350973e-07,1.795037059675639e-05
Cyb5r4,4.9117475,0.8523039,9.026823121044773e-07,1.8213177725819352e-05
Psmb8,4.909376,1.3925585,9.136668423906441e-07,1.8407699618752683e-05
Serinc1,4.904577,0.65989375,9.362904455493596e-07,1.8835798978012083e-05
Ankrd13c,4.8992734,0.4331916,9.619180704011787e-07,1.9322987631226024e-05
Sap30l,4.8977046,0.51699984,9.696265896471747e-07,1.94493181232303e-05
Dynlrb1,4.8972564,0.6169523,9.718399239766746e-07,1.9465214851579593e-05
Nedd8,4.8946795,0.6945069,9.846612894310724e-07,1.9683198888475883e-05
Mpdu1,4.8944926,0.48242936,9.855966742696683e-07,1.9683198888475883e-05
Lman2,4.892793,0.51601774,9.941480764327718e-07,1.9825078088979582e-05
Elob,4.89214,0.33419278,9.974560573351687e-07,1.986213369984275e-05
Akr1c13,4.887135,0.50643075,1.0231392772321576e-06,2.0343988531321566e-05
Picalm,4.8867803,0.9158841,1.0249840671970102e-06,2.0351132928404404e-05
Ttc7,4.8857903,0.98522294,1.030146997484906e-06,2.0406131290296056e-05
Mtmr9,4.8856783,0.81990707,1.0307330549551e-06,2.0406131290296056e-05
Fnta,4.8844647,1.0937226,1.0371026153811234e-06,2.0502605816336784e-05
Dazap1,4.8785076,0.8338798,1.0689156253387783e-06,2.1101072142854848e-05
Psmb10,4.876995,1.1047032,1.077141843027332e-06,2.123286798485532e-05
Sgk1,4.875389,0.5068843,1.0859425263317548e-06,2.137559283153023e-05
Tex261,4.8735404,0.42085937,1.0961592316015728e-06,2.1531156535627858e-05
Gabarapl2,4.8733907,0.4309608,1.0969888512312588e-06,2.1531156535627858e-05
Ap2b1,4.8707576,0.60329986,1.1117104548289133e-06,2.1788888742712608e-05
Mark2,4.868442,1.1629288,1.124814071283952e-06,2.2014218252271632e-05
Ccni,4.867901,0.4722183,1.1279000019235841e-06,2.204312414601013e-05
Ddx21,4.867247,1.1039889,1.1316352511474872e-06,2.2084619573676032e-05
Apobec3,4.8610845,2.0378885,1.1674434763919598e-06,2.275103218573236e-05
Galnt2,4.8571815,2.8597383,1.1906832420390752e-06,2.317096649990814e-05
Emc2,4.853484,1.6128962,1.2131099940629448e-06,2.3573910522925313e-05
Ndufs3,4.8531294,0.53089166,1.215283299591965e-06,2.358269292409337e-05
Gnb1,4.8515234,0.43903506,1.2251673024787444e-06,2.3740865691596604e-05
Qdpr,4.8497868,0.9357289,1.2359428414501014e-06,2.3915843118455352e-05
Ncor1,4.848274,0.9769056,1.2454022222899218e-06,2.4064894845376484e-05
Api5,4.847751,1.1546643,1.2486883008740282e-06,2.4094408059118573e-05
Nup210,4.8464627,2.6579058,1.25682177897992e-06,2.421724102957089e-05
Dusp11,4.845641,0.5379476,1.2620349297216252e-06,2.4283537271329024e-05
Trim56,4.844035,1.7914363,1.27228439320423e-06,2.440785639595937e-05
Hexim1,4.8437924,1.6160812,1.2738406805190473e-06,2.440785639595937e-05
Cyb5b,4.842971,0.6960099,1.2791217137373352e-06,2.4474814913689236e-05
Erg28,4.84256,1.1839515,1.2817701215588642e-06,2.449128405210103e-05
Rnasek,4.840431,0.60226285,1.2955783882828072e-06,2.4720646127401752e-05
Cyp2d26,4.8316913,1.3965489,1.3537791868980471e-06,2.5795236245484346e-05
Ifi47,4.8298616,2.425996,1.366281000181181e-06,2.598315543046838e-05
Cct4,4.8296933,1.076255,1.367434676304212e-06,2.598315543046838e-05
Serbp1,4.829208,1.1168269,1.3707727834787537e-06,2.6010508495372474e-05
Msmo1,4.8265934,0.5242568,1.3888823470860562e-06,2.631768762804837e-05
Sept7,4.8250995,0.8762466,1.399333739927626e-06,2.6479105299735465e-05
Bzw1,4.8233814,0.5803901,1.4114463464286083e-06,2.6671468891133704e-05
Txndc9,4.823064,1.0952222,1.4136955545299575e-06,2.667717506482151e-05
Ebna1bp2,4.8227654,1.4219464,1.415815604516294e-06,2.6680431611930165e-05
Slc25a5,4.818844,0.39067274,1.443926229712925e-06,2.716091959796476e-05
Srpk1,4.818657,1.2896034,1.4452781304318475e-06,2.716091959796476e-05
Lrch4,4.817499,1.884178,1.45368711994462e-06,2.72815254017004e-05
Stk38,4.815912,0.8974384,1.4652920659085003e-06,2.7461698088846038e-05
Adipor1,4.81453,0.39677057,1.4754676832951642e-06,2.7614627405934084e-05
Naip6,4.813073,0.52664584,1.486266874647398e-06,2.7778794246479336e-05
Usp4,4.8097305,0.6210862,1.5113377051285484e-06,2.8208891771472908e-05
Atp6v0a2,4.806276,0.86852825,1.5376759602840044e-06,2.8602349871476695e-05
Stag2,4.8062015,1.1868708,1.5382502812589694e-06,2.8602349871476695e-05
Ndufb10,4.806145,0.3453797,1.5386811573195857e-06,2.8602349871476695e-05
Vamp3,4.8054357,0.5740519,1.544148973848558e-06,2.8665096126998977e-05
Guk1,4.8048196,0.45603457,1.5489124912494662e-06,2.8714615872960333e-05
Nxf1,4.8028774,1.0417756,1.5640173822943615e-06,2.890706039001026e-05
Atp6v0c,4.802784,0.6335326,1.564747135196518e-06,2.890706039001026e-05
Sp3,4.802672,0.6709086,1.5656232707582199e-06,2.890706039001026e-05
Rab10,4.80129,0.6609295,1.576467793242263e-06,2.9068114088047112e-05
Adss,4.7974243,1.1671267,1.6071880225398287e-06,2.9594725683865126e-05
Slc25a3,4.796995,0.29877228,1.6106366892173485e-06,2.9618419654063995e-05
Sprr2a3,4.7954264,0.3284537,1.6232923497572797e-06,2.981113296471144e-05
Slc35f5,4.794922,0.5111427,1.6273805014531552e-06,2.9846201967748632e-05
Slc9a2,4.7921395,0.6209431,1.650119647472919e-06,3.0182428798903855e-05
Grk6,4.7921395,2.418175,1.650119647472919e-06,3.0182428798903855e-05
Prrc2a,4.787452,1.1205417,1.6891173838921227e-06,3.085454421242944e-05
Prr15,4.785884,0.63421017,1.7023651219507068e-06,3.105512938844831e-05
Tax1bp3,4.780991,0.6065649,1.744329991414627e-06,3.177835223720797e-05
Id2,4.7802444,1.9111236,1.7508236805346385e-06,3.1854295382901126e-05
Plpp2,4.772999,0.4872869,1.8150299290939857e-06,3.297866051536818e-05
Msra,4.772457,0.8242685,1.819918666383817e-06,3.302368970789178e-05
Tfg,4.769712,0.5299694,1.844894761237121e-06,3.343261670495841e-05
Rnpepl1,4.768255,0.5721752,1.8582807905374e-06,3.3630709155036175e-05
E2f4,4.7674522,0.43359804,1.8657001209721442e-06,3.372043754263638e-05
Rnf166,4.765734,1.5045716,1.881669745825992e-06,3.3964262869322916e-05
Pdzd8,4.764446,1.1413987,1.8937330673349083e-06,3.413703029274769e-05
Pgp,4.7635493,0.6424427,1.9021687299245864e-06,3.424403626802475e-05
Psma5,4.761178,0.90001905,1.9246625739498107e-06,3.460351346865145e-05
Sephs2,4.7606735,0.56170505,1.929477561273986e-06,3.4618485689452774e-05
Higd2a,4.7605615,0.34870252,1.9305491289592643e-06,3.4618485689452774e-05
Ik,4.756173,1.01031,1.9729715098836285e-06,3.533295383713165e-05
Crot,4.7552395,1.1201614,1.9821123817494827e-06,3.545031283285628e-05
Syf2,4.7545485,0.9200041,1.9889028043140613e-06,3.552538255424073e-05
Tmod3,4.7498055,1.1736852,2.036125050681987e-06,3.6321501555134406e-05
Ranbp2,4.749488,0.74704695,2.0393237539209202e-06,3.633125543396178e-05
Rab22a,4.7483673,0.6755986,2.050651920773783e-06,3.648562508389718e-05
Ep300,4.7415886,0.8684108,2.1204871834632356e-06,3.7679214544028955e-05
Myo1d,4.741122,0.39822108,2.125379933563525e-06,3.7717234572306076e-05
Atp5e,4.7382836,0.8991327,2.1553620395005226e-06,3.8199818811328796e-05
Zfp36,4.7374244,0.3855566,2.164515351980864e-06,3.831248103635379e-05
Ggnbp2,4.7360797,0.6348125,2.1789172636193484e-06,3.851763420849687e-05
Wwp2,4.7355943,0.5147173,2.1841405346032897e-06,3.8560213046475606e-05
Dhcr24,4.730347,0.47267485,2.2413647630629045e-06,3.951955888540771e-05
Anxa6,4.7259583,2.7059853,2.2903242088875347e-06,4.027912921920311e-05
Uqcr11,4.7234187,0.5578799,2.3191255760971432e-06,4.071111224875321e-05
Acin1,4.7232695,1.2160641,2.320830559582209e-06,4.071111224875321e-05
Ccndbp1,4.716995,1.2397356,2.393536706154798e-06,4.19328041871109e-05
Atp6v1g1,4.7164907,0.5836818,2.3994731449285845e-06,4.1983118883169355e-05
Pip4k2c,4.7159677,0.9328129,2.405644381167588e-06,4.2037408191321365e-05
Ptpmt1,4.713428,0.8701752,2.4358363426513437e-06,4.251077438767313e-05
Tmem123,4.7112246,1.8815441,2.4623267499308016e-06,4.2918417905918555e-05
Abr,4.710739,0.3780786,2.4682006892860157e-06,4.296613652251387e-05
Akna,4.7100296,4.388247,2.4768098801817495e-06,4.30612885260025e-05
Gimap3,4.7072845,3.8975728,2.5103860975550387e-06,4.358972057858559e-05
Csnk1d,4.704558,0.98156303,2.5441661329255666e-06,4.4120349393772484e-05
Cdc42se2,4.7033067,1.1953027,2.559813582308107e-06,4.4335582904704256e-05
Ralgapa2,4.703008,0.43290773,2.563563927425055e-06,4.434447702742835e-05
Pex2,4.6984515,1.1028607,2.6214143154235562e-06,4.5287990064694476e-05
Fus,4.6975365,0.89436626,2.63318192790753e-06,4.543399548152791e-05
Dctn2,4.6931667,0.39321652,2.690080959770321e-06,4.6287513295385355e-05
Herpud1,4.6930733,0.25183302,2.691309533411389e-06,4.6287513295385355e-05
Vps26b,4.692961,0.8176558,2.692784532585557e-06,4.6287513295385355e-05
Srrm1,4.6886287,1.4474233,2.7504165464164387e-06,4.7218930684091745e-05
Tmed9,4.687695,0.5116352,2.762991359214616e-06,4.737544633446838e-05
Gramd1b,4.684838,2.5655775,2.8018139136549203e-06,4.798106327134051e-05
Anxa4,4.684483,0.3100901,2.806671395471667e-06,4.800424234452165e-05
Mapre1,4.677107,0.50781566,2.9095053447881457e-06,4.970102646333865e-05
Vps37b,4.6760798,1.0048938,2.9241075836587737e-06,4.9826211313588556e-05
Atp1b3,4.6732225,2.0560362,2.96509915023436e-06,5.046193584870898e-05
Idh3g,4.6726065,0.38877332,2.974012464697053e-06,5.0550832216314676e-05
Igbp1,4.6702724,0.55198896,3.0080086867452202e-06,5.1065327147967184e-05
Nptn,4.6699176,1.2173029,3.0132086421562835e-06,5.1090295046461737e-05
Tcea1,4.669525,1.0266472,3.0189659942554977e-06,5.109866670302082e-05
Cebpg,4.669376,0.3836068,3.0211620459450264e-06,5.109866670302082e-05
Daam1,4.668834,0.7538445,3.0291355869635936e-06,5.1170354551666136e-05
Egln1,4.667695,1.1809937,3.0459734627109616e-06,5.139142418613322e-05
Cyp2j6,4.6617007,0.9878563,3.136069149983848e-06,5.284642971067493e-05
Ptgr2,4.6581526,0.4948613,3.1905952811700526e-06,5.3699208049176555e-05
Hint3,4.6571817,0.6818382,3.205675992549503e-06,5.3886823433040726e-05
Atp13a3,4.656883,0.30350247,3.210329949668642e-06,5.389892194909362e-05
Pls1,4.65608,0.33420384,3.2228695927315183e-06,5.404322328081004e-05
Sigirr,4.655445,0.87724036,3.232817903961121e-06,5.414377174115814e-05
Dyrk2,4.6519527,1.117813,3.288062252960488e-06,5.495460590273384e-05
Gnpnat1,4.6518784,0.34154505,3.2892537839592514e-06,5.495460590273384e-05
Xcl1,4.6515236,3.3900518,3.2949192136594784e-06,5.4982208559238554e-05
Polr2e,4.6506457,1.0302979,3.3089739342609104e-06,5.5149565571015175e-05
Echs1,4.6480684,0.6360176,3.350574012503455e-06,5.5775047352730664e-05
Tuba1c,4.643718,0.49833968,3.4219525315611757e-06,5.689411369221857e-05
Trappc2l,4.6415515,1.0155367,3.458030069823449e-06,5.742425691706818e-05
Celf2,4.64073,3.273573,3.4718098336443917e-06,5.7583286587080104e-05
Tmed7,4.639927,0.3171464,3.4853272826146456e-06,5.77375861811616e-05
Ube3c,4.639665,0.82755375,3.4897391921172506e-06,5.774085378261634e-05
Ndrg1,4.639105,0.255611,3.499211323415198e-06,5.778767300700359e-05
Naa38,4.6389556,0.9608657,3.50174138560079e-06,5.778767300700359e-05
Stub1,4.63875,0.6559731,3.505223085315327e-06,5.778767300700359e-05
Clptm1l,4.636005,0.6372413,3.5520710107923857e-06,5.841941518350022e-05
Fam107b,4.631785,1.4795829,3.6252686049535345e-06,5.955177444587941e-05
Jak2,4.6310563,2.0418136,3.6380454832505274e-06,5.9690087569499665e-05
Csk,4.629712,1.0271953,3.661747076017165e-06,6.000709921224301e-05
Rab18,4.6293573,0.3509067,3.6680263077190853e-06,6.003818448715827e-05
Gimap7,4.6277328,3.5753667,3.696910671650876e-06,6.043875441720406e-05
Wbp2,4.6249313,0.62424797,3.747224099702413e-06,6.118828386879983e-05
Tmem127,4.6237736,0.6750578,3.7682114782510035e-06,6.145773482385566e-05
Nfkbia,4.6232696,1.1267636,3.7773863212529663e-06,6.153411724276533e-05
Rmnd5a,4.6217756,0.9183238,3.8046969357491525e-06,6.187094864832204e-05
Fhl1,4.621645,0.45829588,3.8070955993091587e-06,6.187094864832204e-05
Rab5c,4.620954,0.25538984,3.819798349801948e-06,6.200383577285153e-05
Vim,4.620132,1.8803002,3.83495721084653e-06,6.21762293356183e-05
Bbip1,4.618657,0.6721321,3.8623190849127395e-06,6.254582915284223e-05
Glyr1,4.615949,0.7523065,3.913027918837745e-06,6.329218711697414e-05
Nckap1,4.612289,0.50681037,3.9825874063711885e-06,6.434132956047792e-05
Slc2a1,4.611953,0.9189507,3.989034605667177e-06,6.436958079816292e-05
Rab4a,4.6115046,0.9977771,3.997646433295565e-06,6.443265427782264e-05
Arl1,4.609824,1.1125715,4.030099758080587e-06,6.487939681046303e-05
Cytip,4.6083302,1.5800822,4.0591590013207806e-06,6.527051445785762e-05
Exoc3,4.6059213,1.0204238,4.106440442931979e-06,6.595338108812205e-05
Abhd17c,4.604782,0.26322,4.128981698096321e-06,6.623776260412131e-05
Sema4a,4.6023355,0.3504006,4.177791399027089e-06,6.694238849903055e-05
Man2b2,4.60185,1.2623813,4.187544359096686e-06,6.702027770984182e-05
Sorl1,4.601047,1.3924736,4.203722151855481e-06,6.720069250924164e-05
Gimap8,4.6002254,3.096051,4.2203381598987546e-06,6.731526940441897e-05
Akr1c19,4.600207,0.43197027,4.220716526890211e-06,6.731526940441897e-05
Arfgap3,4.5986943,0.33531678,4.251472438213659e-06,6.767253908742329e-05
Chmp3,4.5986195,0.44328478,4.252996799581858e-06,6.767253908742329e-05
Fyb,4.596808,3.0731738,4.290123307190606e-06,6.818409432541915e-05
Eif5,4.596491,1.2405955,4.296661914951276e-06,6.820888555600519e-05
Ebp,4.590795,0.8996643,4.415607397336201e-06,7.001599692535412e-05
Prss30,4.590459,1.5523032,4.422724832725327e-06,7.004778058767282e-05
Golph3,4.590179,0.34267804,4.428664423920078e-06,7.006085751467098e-05
Cox7a2,4.5889463,1.2334338,4.454889536276719e-06,7.039444826642568e-05
Ptpn22,4.5884047,3.6475575,4.466459682162949e-06,7.049596502953043e-05
Pcbp1,4.587919,0.41965497,4.47685738750488e-06,7.05787643369584e-05
Fdps,4.5865,0.7274472,4.507383811069649e-06,7.097834277201632e-05
Mtmr6,4.5836244,0.3824025,4.569852532997125e-06,7.187942560512126e-05
Slc3a1,4.5827837,4.1442323,4.58826240847443e-06,7.208623279369231e-05
Pgm2,4.5799265,0.46962082,4.651388887487612e-06,7.293683059947107e-05
Kmt5b,4.579852,1.9815592,4.653050360871366e-06,7.293683059947107e-05
Mier1,4.5789557,0.39943635,4.6730324364020665e-06,7.316633643280949e-05
Glmp,4.5767894,0.4458783,4.721662368945751e-06,7.384334983396894e-05
Slc35c1,4.572289,0.48960504,4.8242495432759635e-06,7.528929799561145e-05
Frg1,4.572252,0.5961118,4.825109754755245e-06,7.528929799561145e-05
Gnai2,4.570571,1.4796771,4.863971683505895e-06,7.580934250742976e-05
Nol7,4.569581,1.3867395,4.886997099552439e-06,7.608165939075956e-05
Chmp1a,4.568461,1.209988,4.913189591650948e-06,7.640260772487854e-05
Cideb,4.567583,0.60052896,4.9338008964777824e-06,7.663613637386125e-05
Fmo5,4.565174,0.8439112,4.990798775697811e-06,7.743368428885619e-05
Ppp4r3b,4.5635495,1.2150154,5.029594677915754e-06,7.794733833421473e-05
Ifngr2,4.562373,0.41491422,5.0578683733498354e-06,7.828738021725834e-05
Tmem98,4.5619807,0.39150366,5.067326714980115e-06,7.828738021725834e-05
Pdk2,4.561925,0.49204043,5.068679288518843e-06,7.828738021725834e-05
Lims1,4.5609727,0.8601627,5.091726002771992e-06,7.855478179952285e-05
Snf8,4.5601506,0.9303501,5.1116900442838674e-06,7.877407604801911e-05
Zmiz1,4.5590677,0.32810125,5.138120830037813e-06,7.90924217657506e-05
Btg2,4.5568457,0.38480026,5.192759789267068e-06,7.984378127155873e-05
Itch,4.554623,0.74022895,5.247954851088289e-06,8.060199715236499e-05
Ctsa,4.553167,0.42072928,5.284437422206091e-06,8.107143637651002e-05
Bud31,4.5520835,0.44220787,5.311722773223919e-06,8.139888366126139e-05
Adar,4.550907,0.8588389,5.3415131289015046e-06,8.176394398430236e-05
Raf1,4.54889,0.9248684,5.392954834162082e-06,8.245924244198717e-05
Pdpk1,4.54861,0.79387015,5.400136918546536e-06,8.247700756308532e-05
Tcrg-C2,4.5467987,3.214429,5.446802616080863e-06,8.309710004488621e-05
Slc12a7,4.5444274,0.54635257,5.5084848993391124e-06,8.394465308225343e-05
Tpm1,4.543344,0.31095177,5.536876672689164e-06,8.428356712871283e-05
Dhrs11,4.5362477,0.55354285,5.726386776011119e-06,8.707158582835996e-05
Epc1,4.534623,2.4095101,5.770639905340419e-06,8.76471914669221e-05
Neu1,4.531766,0.46350998,5.849259528096745e-06,8.874291864332825e-05
Copb2,4.525417,0.5343795,6.027656569138925e-06,9.134833517389742e-05
Spr,4.5248566,1.2510369,6.043645072382144e-06,9.148943369241478e-05
Rpn1,4.5227466,0.27149305,6.104233553042963e-06,9.223542210887387e-05
Nab1,4.5226717,1.3219106,6.1063888943612115e-06,9.223542210887387e-05
Sf3a2,4.5223355,1.3985604,6.11609694586291e-06,9.228031735498003e-05
Sacm1l,4.521346,0.5655188,6.14476760710791e-06,9.261090893000922e-05
Psmd8,4.5186195,0.52815706,6.2244138192413785e-06,9.370820804791966e-05
Ckmt1,4.5166216,0.3651112,6.2834109358863855e-06,9.449256841014652e-05
Lamtor2,4.5151834,0.31216162,6.326197472710795e-06,9.503169449137927e-05
Abhd16a,4.513932,1.4339031,6.3636540073125216e-06,9.548966035069174e-05
Cbfb,4.5128307,1.9220324,6.396813740290662e-06,9.588221908313137e-05
Adprh,4.5089464,1.8953421,6.515039597563968e-06,9.7547587417078e-05
Aldh9a1,4.5086102,0.40071473,6.525368386073216e-06,9.759557520655355e-05
Usp9x,4.508349,0.79287434,6.53341271731297e-06,9.760932849202582e-05
Ipcef1,4.505641,4.03365,6.6172889312375105e-06,9.875474766661644e-05
Nmt1,4.5034375,0.61460143,6.68630611671334e-06,9.967616300214664e-05
Naca,4.5022798,0.2694686,6.722844807360279e-06,0.00010009115879955361
Elovl1,4.502093,0.40647262,6.728756003969991e-06,0.00010009115879955361
Tet3,4.499292,0.8727682,6.818022799914172e-06,0.00010130901557356199
Txn2,4.4972377,0.36225674,6.884203895560317e-06,0.00010218157461449224
Ubl7,4.4959865,0.65515995,6.924814845247516e-06,0.00010267312054100754
Abcb1a,4.4953513,0.31336012,6.945510934561356e-06,0.00010286864843620602
Jpt1,4.4937644,0.3795774,6.997510312579397e-06,0.00010352688043449
Gdi1,4.491766,0.8566085,7.063497881680497e-06,0.00010439042176809364
Ndufs7,4.4912806,0.37431356,7.079621893192034e-06,0.00010451596975940826
Samhd1,4.489002,0.6485917,7.15575200258451e-06,0.00010552615977977157
Glud1,4.485454,0.6299133,7.275876543751933e-06,0.00010712342237834626
Dhrs7b,4.485342,0.8108441,7.279701184981048e-06,0.00010712342237834626
Ufm1,4.4843526,1.2046415,7.313569119342453e-06,0.0001075063271834674
Smad2,4.4839416,0.8168928,7.327671716512866e-06,0.00010759818061760587
Gsn,4.4823356,0.57498336,7.3830499743963476e-06,0.00010829527264371517
Rbm4,4.475893,0.90582836,7.609256495559124e-06,0.00011149391870498397
Rtf2,4.4745483,1.0575093,7.657293453645974e-06,0.00011200722449030158
Snx2,4.4744554,1.257185,7.660640098351283e-06,0.00011200722449030158
Bscl2,4.4727182,1.0174199,7.723143196421618e-06,0.00011280070553408972
Slc25a1,4.4711313,0.2873569,7.780695905475713e-06,0.00011346710649005717
Erbb3,4.4708886,0.42272148,7.789534155537528e-06,0.00011346710649005717
H2-Q2,4.4707766,0.6542075,7.793616584463052e-06,0.00011346710649005717
Cnih4,4.468087,0.3250396,7.892210777434389e-06,0.00011469887637372918
Flii,4.468013,0.64277035,7.894966454045738e-06,0.00011469887637372918
Dhx9,4.4670415,0.40489233,7.930874062353139e-06,0.00011509849009982838
Dnajc7,4.4654355,0.46164143,7.990602587929658e-06,0.00011584259836469451
Stx12,4.46495,0.34031633,8.008744541702813e-06,0.00011598287549823313
Man2b1,4.464147,0.742626,8.038834983486856e-06,0.00011629571201031671
Asna1,4.4631386,0.752223,8.07677608168634e-06,0.00011672134210875828
Dnajb12,4.461047,0.5266765,8.156015162231459e-06,0.00011765933257179022
Mpc2,4.4609723,0.3284645,8.158858827970855e-06,0.00011765933257179022
Dock8,4.460076,2.3416216,8.193056825038697e-06,0.00011802826341012635
Kmt2e,4.459796,1.4994209,8.20377176860407e-06,0.00011805848028348293
Fbxo25,4.4578166,0.8003846,8.279873377693363e-06,0.00011902860994165695
Sult2b1,4.455781,1.2067857,8.3588322629347e-06,0.0001200377379478044
AU040320,4.4545674,0.82638127,8.40625984622325e-06,0.00012059241873639637
Sod1,4.454287,0.3198658,8.41724114159017e-06,0.00012062364397467086
Sec23a,4.4515796,0.84607303,8.524102911420918e-06,0.00012202738755116675
Rtp4,4.45016,0.7654566,8.580629889887361e-06,0.00012270838151509067
Zfp207,4.449432,0.79331785,8.609776067189402e-06,0.0001229968009598486
Plekhb2,4.448405,0.29148012,8.651040496269916e-06,0.00012345755708218525
Spink1,4.447938,-0.051556285,8.669859472637772e-06,0.00012359737229462796
Tjp1,4.4457345,0.8298567,8.759214408457728e-06,0.00012474141101441878
Cuta,4.44523,0.65344346,8.779783399828229e-06,0.00012490449904220845
Cdc42se1,4.4449687,0.71726155,8.790466966465623e-06,0.00012492676083047618
Tprgl,4.4446325,0.72010684,8.804221235976524e-06,0.00012499257091489987
Tmem128,4.4442964,0.55017275,8.81799606964906e-06,0.00012505853639150323
Med30,4.4393106,0.9748419,9.02475695094281e-06,0.0001278585007527575
Ppp3r1,4.43903,0.6877357,9.03650911275527e-06,0.0001278927426082099
Drap1,4.438694,0.6121151,9.050631009535879e-06,0.00012796041778187983
Reep3,4.436771,0.51838005,9.131846086289776e-06,0.00012897555812594838
Sgpl1,4.4355755,0.676237,9.182660077260436e-06,0.00012955967359265497
Ankrd40,4.434903,0.5496485,9.211361551105561e-06,0.00012973121656443588
Tsta3,4.4348474,0.29012695,9.213757205634753e-06,0.00012973121656443588
Hipk3,4.431953,0.5850894,9.338345831257616e-06,0.00013135044957723752
Stx7,4.4313927,0.37167466,9.362644945266138e-06,0.0001315571648719447
Mgat4c,4.429189,0.44727316,9.45880882059054e-06,0.00013277221397755166
Hic1,4.4263134,2.9409018,9.585730817721754e-06,0.00013441608209087825
Ythdf3,4.4237547,0.77954286,9.700007960851203e-06,0.00013587945712030829
Efnb2,4.418993,0.71314275,9.91618791133401e-06,0.00013876585739047595
Ccnl1,4.417723,1.1208376,9.9746085250998e-06,0.00013944095591210946
Bmp3,4.4140444,1.0986843,1.0145717973635562e-05,0.00014154413058941668
Slc39a9,4.4138203,0.46314415,1.0156230961076059e-05,0.00014154665734154832
Wbp1,4.4131665,0.6933931,1.0186953299253812e-05,0.00014183054898351342
Ifi27,4.4123077,1.2520629,1.0227466231716153e-05,0.0001422500379436663
Trafd1,4.405585,1.1671516,1.054988101875314e-05,0.00014658556790762476
Smim7,4.401906,0.7219779,1.0730399022996115e-05,0.00014894272200106055
Wars,4.4016447,0.54019356,1.0743339339859708e-05,0.00014897140582598986
Cnot1,4.4006925,0.39310426,1.0790605188403021e-05,0.0001494755218211541
Cat,4.400188,0.47712728,1.0815708601546684e-05,0.00014967192711231269
Tnfrsf1b,4.39227,2.1491516,1.1217313817704224e-05,0.0001550728549975256
Ctnnd1,4.3918595,0.3543981,1.1238535629385343e-05,0.00015520961504292258
Dock2,4.390702,2.6920888,1.12985489639415e-05,0.00015573784315899128
Atp5a1,4.390683,1.1279211,1.1299519423360389e-05,0.00015573784315899128
Pon2,4.3900294,0.38881013,1.1333535678461132e-05,0.0001560496872310729
Rbm33,4.389357,1.1136138,1.1368625801126121e-05,0.00015637567618014846
Selenot,4.388722,0.59282106,1.1401861684010659e-05,0.00015667553166594386
Sri,4.3850994,0.38884804,1.1593283366785042e-05,0.0001591462746743037
Slc37a1,4.3828583,0.3228538,1.1713220006404612e-05,0.00016063174583357678
Tut7,4.3826156,0.6023162,1.1726284012665607e-05,0.0001606500909735188
Sec23b,4.382205,0.97124255,1.1748424019328307e-05,0.00016079261644834947
Rnasel,4.381981,0.77939695,1.1760517197741266e-05,0.00016079749062779974
Sptbn1,4.3812714,0.27926287,1.179889069579309e-05,0.00016101460087006872
Ncoa2,4.3812523,1.0991337,1.1799902136755401e-05,0.00016101460087006872
Arap2,4.378246,1.4336315,1.1963827824069882e-05,0.0001630889962087138
Rab6a,4.3749595,0.5577754,1.2145512110288806e-05,0.0001654011092554241
Ndufb9,4.373988,0.25472593,1.219969350772396e-05,0.00016597398317360303
Upf1,4.371467,1.3509761,1.2341435609665277e-05,0.00016773578159961735
Hsd17b4,4.368442,0.78135765,1.25136009148976e-05,0.00016978248139772235
Psmc3,4.3683863,0.45052895,1.251681067238683e-05,0.00016978248139772235
Fchsd2,4.367415,0.7635747,1.2572571451686405e-05,0.0001703701571593509
Txn1,4.3668175,0.29002643,1.26070035074105e-05,0.000170667932857237
Hprt,4.3653793,0.5732231,1.2690224769018871e-05,0.00017152895621168088
Lrrfip1,4.3652864,1.2249631,1.269564683201784e-05,0.00017152895621168088
Cbl,4.364427,0.8649382,1.2745633634480254e-05,0.0001720346608791916
Dnajc14,4.363811,0.8948348,1.2781609355197552e-05,0.00017235044110847092
Hectd3,4.3619995,0.71037143,1.2887917977867707e-05,0.00017345731929069205
Ube2b,4.3606734,0.27136943,1.2966265684373588e-05,0.00017432565247882056
Slc25a51,4.35974,0.5976177,1.3021712589341471e-05,0.00017489947301370409
Ctsc,4.3586197,1.3148133,1.3088547495008537e-05,0.00017546810101567447
Cltb,4.3586006,0.3874228,1.3089664177957613e-05,0.00017546810101567447
Chmp1b,4.3578725,0.6016698,1.3133285779602529e-05,0.00017588075775225285
Ykt6,4.3572,0.74502146,1.3173674940477533e-05,0.00017624936199662323
Atxn2l,4.3569202,1.0338256,1.3190538707228315e-05,0.000176302810038076
Stard3nl,4.3560987,0.5737499,1.3240124646828944e-05,0.0001766661285736224
Mau2,4.3560424,0.82445997,1.3243511974095636e-05,0.0001766661285736224
Cnih1,4.3553886,0.37280807,1.3283091928675575e-05,0.00017686479576454054
Cops6,4.35537,0.8514389,1.3284224441000892e-05,0.00017686479576454054
Adnp,4.35509,1.1941332,1.3301223183552624e-05,0.00017691918215016598
Gatad2a,4.3539696,1.0051215,1.336942589030263e-05,0.00017765386488568965
Slc35a3,4.3515606,0.40631664,1.3517193140801353e-05,0.00017944335855521175
Ap3b1,4.351094,0.33947468,1.3546009852730108e-05,0.00017965182476515243
Map2k3,4.350552,0.2774801,1.3579510654620018e-05,0.0001799219496792014
Ubac2,4.3496556,1.4447554,1.363513398490037e-05,0.00018048438221558943
Aamp,4.3447633,0.9096766,1.3942595713473924e-05,0.00018437602439632506
Cyth2,4.3439975,0.98745877,1.3991304313055278e-05,0.00018484172525444294
Sec61a1,4.343624,0.31455895,1.401512345879946e-05,0.00018497802638299865
Lgals8,4.3431387,0.6699986,1.404614617242584e-05,0.00018520904962678923
Atxn7l3b,4.3399267,0.55395746,1.4253029116106682e-05,0.00018775624893332843
H2afv,4.339684,0.57241815,1.4268783178875815e-05,0.00018778321762785656
Nono,4.3361173,0.94854474,1.4502169763724214e-05,0.00019067152184551033
Spint1,4.335146,0.27707747,1.4566337305991727e-05,0.00019133156384667946
Pkm,4.334418,0.2694711,1.4614640546143077e-05,0.00019178216042352506
Relb,4.3332224,0.89421225,1.469423855843726e-05,0.00019264217057472769
Nlk,4.331878,1.6758679,1.478428043853193e-05,0.00019363732505534172
Tjp3,4.3307204,0.33199126,1.4862237858474327e-05,0.0001944724533534845
Mob4,4.3294506,1.0633162,1.4948190200293042e-05,0.00019541050166413612
Idh3b,4.3257527,0.4870411,1.5201170745346878e-05,0.00019852815940062175
Emc7,4.325174,0.7169098,1.5241146528787258e-05,0.00019886067375655755
Klhdc2,4.324166,0.8957147,1.531102123977347e-05,0.00019958229399133826
Foxp1,4.322261,0.702588,1.544384095264918e-05,0.0002011222633567431
Actr1a,4.3197584,0.46749285,1.561999970186725e-05,0.00020322316801099844
Pi4ka,4.313615,1.251259,1.606067014571004e-05,0.00020875823623930508
Id3,4.312849,0.38389304,1.6116409769677923e-05,0.00020928418373894554
Lypla1,4.3117285,1.0620562,1.6198312422833738e-05,0.0002101485607886574
Anapc16,4.311131,1.3320962,1.624215590199468e-05,0.00021051800932575887
Cisd2,4.3096557,0.612545,1.6350879316425663e-05,0.0002117268871786688
Nploc4,4.307751,0.84581846,1.6492282656757975e-05,0.00021335625344436664
Igsf9,4.3071723,1.4246477,1.6535488608845197e-05,0.00021371339051054643
Il17rc,4.3058276,1.1712153,1.663625454453264e-05,0.0002148130888408079
Mdh1,4.3019247,0.27246037,1.6932081267359473e-05,0.00021842703706480678
Bag6,4.300468,0.977352,1.7043764721006956e-05,0.0002196609376084622
Rnf5,4.2996464,0.7988387,1.71070749718577e-05,0.00022026966834064895
Ndufv3,4.2969575,0.26702118,1.731584271223382e-05,0.00022274839920901723
Gorasp2,4.2959676,0.26184946,1.7393290269206916e-05,0.00022353478113333467
Scamp2,4.295183,0.38873962,1.745489810857157e-05,0.00022411631123470525
Tmem250-ps,4.294343,0.5648032,1.7521137222716148e-05,0.00022475616100300674
Sdf2l1,4.288218,0.65454924,1.8011232781702125e-05,0.00023082683733332
Snrpg,4.287228,1.1719254,1.8091640627723958e-05,0.00023164063233627871
Rab35,4.2859583,0.69641984,1.81953063566518e-05,0.00023257237445276495
Zbp1,4.285921,0.7335634,1.8198363898785695e-05,0.00023257237445276495
Smarca4,4.2823167,0.46323738,1.8495730476238313e-05,0.00023615238352699431
Sbds,4.2798705,0.3511765,1.870020093227777e-05,0.0002385407381491671
Stat6,4.278937,0.97527784,1.87788093782524e-05,0.00023932064044842593
Otud4,4.278582,1.2920383,1.8808763035131034e-05,0.00023947960370008844
Gda,4.271094,1.4237694,1.9451660918521623e-05,0.000247435241024834
Rragc,4.268573,0.28338388,1.9672767550532715e-05,0.00024993037432846703
Rab5a,4.268442,1.2434428,1.9684297364993862e-05,0.00024993037432846703
Ccdc25,4.268218,0.5676358,1.9704077734421804e-05,0.00024994987496442477
Nedd9,4.267303,0.6070608,1.9785044205300222e-05,0.0002505340002858695
Fbp2,4.2672844,0.38460246,1.9786699876592028e-05,0.0002505340002858695
Tmem259,4.2667427,0.39791366,1.9834771779264514e-05,0.00025091077874046526
Prelid1,4.2658834,0.4008346,1.9911251958162765e-05,0.0002516458965192158
Eloa,4.2655478,0.4716471,1.9941255360139607e-05,0.00025179280961650934
Hexa,4.264054,0.29912978,2.0075125472674517e-05,0.0002532497412298719
Klf13,4.2629147,1.4196447,2.0177776016239102e-05,0.00025431051648801815
Tmem256,4.260842,0.5917128,2.0365849862376527e-05,0.00025644498448029263
Itm2c,4.258713,1.4356395,2.0560743588872672e-05,0.000258661328895827
Ubqln2,4.2580967,0.7223828,2.0617490792342306e-05,0.0002591372695918253
Emc10,4.2563224,0.9513474,2.0781687702432682e-05,0.0002609616145951675
Gucd1,4.255986,0.46068102,2.081293866752531e-05,0.00026111470672627907
Cggbp1,4.255221,0.5391955,2.0884288529828788e-05,0.00026177013070325197
Slc35a1,4.25481,0.28760472,2.0922669763245936e-05,0.00026201149520701036
Aftph,4.253241,0.7002911,2.1069834913841294e-05,0.00026361345965262624
Tradd,4.2507014,0.87589437,2.1310193682008305e-05,0.0002663774210251038
Sept11,4.249525,1.970671,2.1422418894020666e-05,0.0002675361338633392
Mgat1,4.249133,0.872337,2.145995215975893e-05,0.00026776078742140014
Atp6ap1,4.2487407,0.52262795,2.1497548020333975e-05,0.0002679858124463835
Psap,4.24734,0.56853896,2.1632331425428245e-05,0.00026942085502578816
Sh3bgrl,4.247004,0.45153883,2.1664798932716277e-05,0.00026958015020727793
Cox17,4.2460704,0.49044442,2.175523001293577e-05,0.00027025957357539645
Rnd3,4.246033,0.8081503,2.175885471924542e-05,0.00027025957357539645
Tmem106b,4.2455473,1.0223314,2.180602824479104e-05,0.00027037780125619884
Rpp21,4.2455287,0.91782373,2.1807844553875893e-05,0.00027037780125619884
Scin,4.2445207,0.3398198,2.190613937597057e-05,0.00027135091270415624
Prkx,4.2422795,1.5412282,2.2126084316722564e-05,0.0002738277824201438
Wasf2,4.238171,0.2608145,2.2534786816971512e-05,0.00027863409692464777
Cox6c,4.236416,0.8064329,2.2711596222188957e-05,0.0002805670588313695
Mcu,4.2351832,0.29608658,2.2836527063020144e-05,0.0002816961644114586
Parp4,4.235109,0.92180395,2.2844119610301498e-05,0.0002816961644114586
Med10,4.234418,1.5550468,2.2914464648769108e-05,0.0002823095015181086
Wdr26,4.233148,0.5830052,2.3044285326591684e-05,0.00028365382657170353
Atl3,4.2297864,1.3574398,2.3391315282156682e-05,0.0002876669832724834
Pklr,4.226668,0.48981404,2.371772438037582e-05,0.0002914195731041692
Tomm5,4.2219434,0.80931175,2.422049276680459e-05,0.000297330421958085
Cript,4.221421,1.0196114,2.4276754189282253e-05,0.00029775428146210103
Pdlim5,4.2194037,1.0560646,2.4494929413929766e-05,0.00030016147850701056
Chmp4c,4.213727,0.4263892,2.5119111837228932e-05,0.0003074385334975296
R3hdm2,4.213596,0.37666315,2.513366113264476e-05,0.0003074385334975296
Tecr,4.2088156,0.26359802,2.567129084018109e-05,0.000313455155535188
Psmb9,4.2088156,1.234836,2.567129084018109e-05,0.000313455155535188
Tpp2,4.20762,0.92656183,2.5807397492496656e-05,0.0003148364609503154
Gnptg,4.205977,1.1340747,2.5995665184604932e-05,0.00031680480720974865
Snrk,4.205809,0.929415,2.601499329277133e-05,0.00031680480720974865
Zdhhc21,4.203605,1.0424577,2.6269673966035428e-05,0.0003196221432812481
Ndufs4,4.201458,0.39630446,2.652015994870641e-05,0.0003223834882850735
Ubald2,4.2004495,0.2605312,2.6638561590204124e-05,0.00032330248336213827
Tmem164,4.2004123,0.46296188,2.6642956475609788e-05,0.00032330248336213827
Il16,4.1983953,3.9453604,2.6881306900367518e-05,0.0003259061102079956
Elf4,4.1980033,1.434589,2.6927887672604714e-05,0.0003261821937353533
Mapk6,4.195893,0.38187507,2.717985717750125e-05,0.0003289435011764727
Scp2,4.195258,0.8270041,2.7256108712535686e-05,0.00032939309694959997
Bcas2,4.1951833,1.1683537,2.7265092842397545e-05,0.00032939309694959997
Snx1,4.1943245,0.38466865,2.7368612928096203e-05,0.0003303524203655665
Psmc6,4.1935587,0.50149065,2.7461195729830923e-05,0.0003311781527277145
Mfsd14b,4.1918035,0.74928665,2.767458403286747e-05,0.00033345804859303814
Selenos,4.190552,1.2771661,2.782764126371501e-05,0.0003350076320851455
Tbc1d9b,4.189712,0.52028704,2.7930892331325454e-05,0.00033595542136888383
Mta3,4.188666,1.4941909,2.8059891256795904e-05,0.0003369154340211252
Parp9,4.188666,0.7143569,2.8059891256795904e-05,0.0003369154340211252
Hnrnpm,4.187695,0.7424111,2.818018298770456e-05,0.00033806349118349605
Mef2d,4.186743,0.91479415,2.82986375160577e-05,0.00033918751878389374
Rock2,4.18594,0.3824382,2.839887860107561e-05,0.0003400914657646292
Hadhb,4.1841097,0.30400178,2.862859785377229e-05,0.00034254304855605274
Txnl1,4.1831384,0.8372127,2.8751205931316517e-05,0.00034370987893458666
Zdhhc4,4.1828957,1.3697982,2.878193585323362e-05,0.0003437772634605934
Txndc5,4.1816072,0.30209044,2.894556416664913e-05,0.0003454305131385828
Pdia3,4.1799264,0.26016393,2.916032162339516e-05,0.0003476905189212478
Mapk1ip1l,4.1784515,0.42372322,2.9350078352360155e-05,0.0003494023423281917
Trpm7,4.178414,0.9003259,2.935489751968968e-05,0.0003494023423281917
Naxe,4.175893,0.7534208,2.968193580898289e-05,0.00035298829911724447
Ezr,4.175688,0.27530864,2.970873540577358e-05,0.0003530005854805707
Vdac2,4.1742682,0.24819854,2.9894525596363906e-05,0.0003549003472012006
Gpbp1l1,4.173391,0.7807745,3.0009974215334577e-05,0.0003559624647186872
Lfng,4.1729984,2.8836763,3.0061694488599894e-05,0.00035619312897302506
Ptges3,4.172849,0.66536456,3.0081419724218247e-05,0.00035619312897302506
Ssu72,4.171766,0.38857427,3.022479599346254e-05,0.0003575817833423461
Huwe1,4.170963,0.33445075,3.03315111714554e-05,0.00035851931461944385
Erlec1,4.1707764,1.1997306,3.0356379923982108e-05,0.00035851931461944385
Arih1,4.1677885,0.56185675,3.075692489982705e-05,0.0003629370121685018
Gtpbp2,4.1662946,0.5467328,3.095907585644975e-05,0.000365008037205991
Sec11c,4.1630826,0.30737028,3.139798398324484e-05,0.0003698644716856873
Rabgap1l,4.160655,1.22813,3.1733633215284687e-05,0.00037349722942388335
Ubxn4,4.1596093,0.42323053,3.187926873022184e-05,0.00037488925459574184
Rela,4.1586943,1.5849341,3.2007220518857515e-05,0.00037607111587336875
Pnisr,4.1578164,1.8787234,3.213040813036132e-05,0.00037719502261006864
Sumo1,4.1563225,0.42340124,3.234112569983278e-05,0.0003793436832942715
Dazap2,4.155389,0.20086801,3.2473490181937343e-05,0.0003802308619013357
Gpr55,4.1553516,2.8280568,3.247879545156304e-05,0.0003802308619013357
Snx3,4.155202,0.46188462,3.250002476543533e-05,0.0003802308619013357
Ppp2r5e,4.153316,1.1714785,3.276918121373582e-05,0.0003830527155530553
Ahcyl1,4.1521955,0.4646477,3.293007736354345e-05,0.00038460533664155615
Lmo4,4.150907,0.8962513,3.3116035678440894e-05,0.0003864477758046339
Rb1,4.149413,0.52905005,3.333288826953942e-05,0.0003886472930150553
Cdk13,4.149002,1.2184981,3.33927587951491e-05,0.00038901428188226414
Park7,4.1403375,0.85319227,3.467953456509232e-05,0.0004036615323209556
Crebbp,4.1273403,1.4371349,3.669832734048867e-05,0.00042679718553879014
Pabpc1,4.1265373,1.8169676,3.682664292073391e-05,0.0004279107313383573
Srsf6,4.1263504,1.0656037,3.68565447430118e-05,0.0004279107313383573
P4hb,4.1245766,0.31301922,3.7141764041896905e-05,0.0004308570426536728
Phyh,4.123232,0.6777164,3.735932482375783e-05,0.0004330141709691051
Mical2,4.122429,0.38116515,3.7489833408626236e-05,0.00043367286312884885
Rnf38,4.1222982,0.92535853,3.751111991296977e-05,0.00043367286312884885
Git2,4.12157,1.4126513,3.76299263508914e-05,0.00043434860139630866
Capza2,4.121551,0.5652393,3.7632977361855356e-05,0.00043434860139630866
Qrich1,4.120748,0.6258384,3.776439321216509e-05,0.00043548506186985006
Rab11a,4.1205616,0.44870487,3.779501741337604e-05,0.00043548506186985006
Rapgef1,4.1155944,2.0904,3.8618328336992504e-05,0.00044459756152672044
Agpat2,4.1150527,0.3861265,3.870910991862501e-05,0.0004450750994287806
Pomp,4.1149592,0.46972278,3.872478237365741e-05,0.0004450750994287806
Arf1,4.1142497,0.28392875,3.8844090012849363e-05,0.0004460721149841042
Trim2,4.113895,0.2435996,3.890387458481624e-05,0.00044638449062980114
Sdha,4.1126623,0.25238547,3.911222662365223e-05,0.0004483995855598624
Rbm5,4.110496,0.84386903,3.948098998387301e-05,0.000452248798310251
Eps8l2,4.1090207,0.29007506,3.973401681730513e-05,0.00045476694268761927
Tiprl,4.1086287,1.1426672,3.980153558944373e-05,0.0004551594637524032
Spin1,4.1058836,0.7269532,4.0277224781001776e-05,0.0004598201361273822
Zfp91,4.1056967,0.6904299,4.030977981671431e-05,0.0004598201361273822
Tmem59,4.101775,0.17668177,4.099923138367678e-05,0.0004672957320768484
Cwc15,4.100935,1.160052,4.114841974746533e-05,0.0004686062764258312
Sipa1l3,4.100244,0.17401963,4.1271471477175415e-05,0.0004696172418914478
Ndufa7,4.0988994,0.21201883,4.151192497995227e-05,0.00047179826734963906
Atp5mpl,4.0987873,0.26847735,4.153202265866166e-05,0.00047179826734963906
Slc30a1,4.098022,0.6857276,4.166960408675099e-05,0.00047296899419095985
Unc50,4.096472,0.98960423,4.194944747841149e-05,0.0004757511841508588
Tnip1,4.096042,0.76322997,4.20273093949224e-05,0.00047623998239076665
Map4,4.0936146,0.5280096,4.2469982558969926e-05,0.00048085848021313057
Cst3,4.0893946,0.36820883,4.325010099718057e-05,0.0004892868568632319
Lmbrd1,4.0866117,0.66041356,4.3771841485894804e-05,0.0004947807164659726
Cnppd1,4.0847445,0.9832932,4.412534485971484e-05,0.0004983653953652872
Anxa11,4.082821,0.20822722,4.4492283363736596e-05,0.0005020957842530407
Trappc8,4.0811963,0.9739279,4.4804474601325125e-05,0.0005052027177268759
St3gal1,4.0802255,1.7467687,4.499206248300404e-05,0.0005069007039614765
Setd1b,4.079908,0.8351437,4.505355068609728e-05,0.0005071763717333877
Ildr1,4.079329,0.4000838,4.516588145934708e-05,0.0005077698217166094
Dad1,4.079254,0.22194542,4.5180395085587365e-05,0.0005077698217166094
Top1,4.078526,0.30854413,4.5322134931540426e-05,0.0005089452857066425
Maea,4.0753326,0.569038,4.594860275411134e-05,0.0005155576230395785
Hras,4.0749407,0.69637203,4.602610112634865e-05,0.0005160045707291133
Ctdsp2,4.0699544,0.2622186,4.702230699849561e-05,0.0005267421143739901
Tgfbr2,4.068498,1.0566823,4.7317170540485814e-05,0.0005296121212456337
Npm1,4.0676575,1.0665863,4.748808071240206e-05,0.0005310911883754353
Pdia6,4.064539,0.5700328,4.812747794087654e-05,0.0005378029753588977
Ube4a,4.0620365,0.5231524,4.864642054755621e-05,0.0005431588928292748
Cant1,4.0608416,0.21013166,4.8896141400493034e-05,0.0005455025547123408
Etl4,4.0599265,0.24953325,4.908815480060949e-05,0.0005471991218619609
Vwa5a,4.0590677,0.5884061,4.9269062590161344e-05,0.0005487692337278133
Ifnar1,4.0583205,1.2571286,4.9426887270421574e-05,0.0005500798989478274
Sf3b6,4.057667,0.69231284,4.956537687972198e-05,0.0005511734279644409
Emg1,4.055893,0.95308197,4.994313376034571e-05,0.0005549237084482856
Yy1,4.0538573,0.9507224,5.037992170874854e-05,0.0005593232799107415
Ubxn6,4.0515046,1.7094548,5.0889344140738754e-05,0.0005645214694154825
Patj,4.047938,0.31388855,5.167088284759601e-05,0.0005720649976242476
Socs4,4.047527,1.3359606,5.17616300585946e-05,0.0005720649976242476
Sdf2,4.0474896,0.8415989,5.176988729032541e-05,0.0005720649976242476
Tmx1,4.047471,0.46675718,5.1774016374297415e-05,0.0005720649976242476
Aldh3a2,4.0474524,0.3286418,5.177814577036986e-05,0.0005720649976242476
Tpsg1,4.0465374,0.3743264,5.1980868962727024e-05,0.0005738419861316359
Tsn,4.0459585,1.2975936,5.2109510626098105e-05,0.0005747989497403735
Vrk3,4.0445576,0.63329506,5.2421989507386644e-05,0.0005777805762278334
Atp5k,4.0439973,0.26564682,5.254747756054475e-05,0.000578698104967414
Tmed2,4.0429144,1.2045236,5.279089539038444e-05,0.0005809118609223027
Emc3,4.041906,0.34174088,5.3018485961062243e-05,0.0005826661795788574
Rab5if,4.0418315,0.21146853,5.3035381455097465e-05,0.0005826661795788574
Ube2v1,4.03875,0.6710786,5.373678319243475e-05,0.0005898989821605417
Frmd8,4.031075,1.5806491,5.552232081342801e-05,0.000608524636115171
Clint1,4.029394,0.32131043,5.592074588229584e-05,0.0006124014537069968
Appl2,4.0272655,0.12239513,5.642930635538844e-05,0.0006174772340805285
Sqle,4.026182,0.35580814,5.6689726085438084e-05,0.00061978011134958
Smc6,4.0260143,1.2538232,5.6730237929370305e-05,0.00061978011134958
Ptprr,4.0223727,0.7681457,5.761475753522254e-05,0.0006289419746872899
Tmem8,4.0221114,0.44715846,5.767876151072186e-05,0.0006291393572427464
Gramd1a,4.0200944,3.9858997,5.8174774841112966e-05,0.0006340448809254158
Ugcg,4.0198145,0.42092112,5.824398423963805e-05,0.0006342945819420042
Sort1,4.0192356,0.22685938,5.8387264179082454e-05,0.0006351979326587457
Rheb,4.019105,0.80727863,5.841966387956347e-05,0.0006351979326587457
Spag7,4.0177603,1.4946849,5.8753907677760635e-05,0.0006383255631921655
Anapc13,4.016659,0.5028359,5.902915114299376e-05,0.0006408077422020717
Rae1,4.0145297,0.924116,5.956444019024484e-05,0.0006461067542409772
Rras2,4.013185,0.62372714,5.99048823300628e-05,0.0006492855125964084
Lsp1,4.0090957,2.5457168,6.095175488901908e-05,0.0006601099146083489
Pptc7,4.006985,1.1806084,6.149867361580148e-05,0.00066550697356752
Keap1,4.0065184,0.8288897,6.162029942000855e-05,0.0006662968445573142
Rprd2,4.0054727,0.8713354,6.18935681306169e-05,0.0006687238827992521
Neurl1b,4.004483,0.9022314,6.215325389384281e-05,0.0006710004557491304
Rnf115,4.002242,0.62940335,6.274503845162959e-05,0.0006768559266041932
Eif3c,4.0011215,0.46927953,6.304292718440268e-05,0.0006795343056068582
Ap3d1,4.000524,0.90166754,6.320234809378688e-05,0.0006795443151654408
Ndufab1,4.000524,0.4870144,6.320234809378688e-05,0.0006795443151654408
Ilrun,4.000412,0.2506102,6.323228196776598e-05,0.0006795443151654408
Tjp2,4.000375,0.486012,6.324226290773263e-05,0.0006795443151654408
Zfp106,4.0000944,0.9379358,6.331716750821709e-05,0.0006798159834346192
Ccng2,3.997499,0.56814384,6.401528969562674e-05,0.0006867732723806471
Nfkb2,3.9968827,0.6904649,6.41820978675243e-05,0.0006880240538224435
Clrn3,3.9947724,0.2530655,6.475641134126113e-05,0.0006936378697226564
Rbm3,3.9934652,1.2182498,6.511461697831445e-05,0.000696929884846022
Mettl9,3.99016,0.2010457,6.602875014221961e-05,0.0007061622770869701
Fam91a1,3.9899173,0.27452743,6.60963664499851e-05,0.0007063340252455505
Snx15,3.9878817,0.57009494,6.666588693361206e-05,0.0007118648877556393
Chmp4b,3.9876015,1.1196805,6.674462385672417e-05,0.0007121505816488482
Gemin7,3.986892,0.9169448,6.694448477201444e-05,0.0007137271917327609
Fam120a,3.9866493,0.1793673,6.701298815967601e-05,0.0007139019733962374
Selenoi,3.9830825,0.8099854,6.802713922944638e-05,0.0007241428185263523
Tmed3,3.9819248,0.31467474,6.835945034714217e-05,0.0007271152715495712
Rbm25,3.981439,0.85661817,6.849926323812788e-05,0.0007280371655254864
Cyc1,3.9811404,0.26987234,6.858543637542136e-05,0.0007283879677079633
Ccar1,3.9809349,0.9726778,6.864473989600171e-05,0.0007284530879746115
Ndufv2,3.9806361,0.25946364,6.873108617773433e-05,0.0007288048611725699
Ube2z,3.9791796,0.4308602,6.915349794648121e-05,0.0007327168769271405
Mia3,3.9741,0.28127712,7.064582109525494e-05,0.000747950346989948
Zdhhc3,3.9738014,0.49924076,7.073454683219995e-05,0.0007483114220858219
Trp53inp1,3.9726996,0.51744217,7.106263489397213e-05,0.0007512022361476992
Fam8a1,3.9721394,0.37445015,7.123001090754714e-05,0.0007523910172963731
Zap70,3.9712617,3.402105,7.149298330946816e-05,0.0007545869578888397
Eif3d,3.970776,0.5454096,7.163885167390345e-05,0.0007555444710796591
Cnot2,3.9704213,0.8820901,7.17456257733626e-05,0.0007560885177654367
Sertad1,3.9694502,0.77931607,7.203861992308844e-05,0.0007585926925029298
Aurkaip1,3.9690394,0.27573177,7.216291938410233e-05,0.0007593179689417834
Lipa,3.9682553,0.9668959,7.240078189817828e-05,0.0007612361565656504
Spryd7,3.9664624,0.5090693,7.294725541040956e-05,0.0007663937109835973
Efr3a,3.9655662,0.8104985,7.322195292322336e-05,0.0007686902337533792
Numb,3.9640908,0.48054653,7.36761905420717e-05,0.0007728666236036616
Kbtbd2,3.9618685,1.331943,7.436545567862829e-05,0.0007789651743209721
Tomm7,3.96185,0.56827116,7.437127357750596e-05,0.0007789651743209721
Eif2ak1,3.9616072,1.1713485,7.444694544456218e-05,0.0007791620722616515
Canx,3.9604495,0.3266209,7.480884486945354e-05,0.0007823520417645141
Ppp4c,3.9587686,0.7320934,7.533714426281583e-05,0.0007872760308166109
Cd37,3.9580777,4.091817,7.555535572344724e-05,0.0007889545529048988
Dync1li1,3.956397,1.2747027,7.608863806946118e-05,0.0007939180057514228
Adipor2,3.956117,0.55722046,7.617786376210508e-05,0.0007939501890929326
Cdv3,3.9560237,0.66150504,7.620762763921214e-05,0.0007939501890929326
Dek,3.9555755,0.7134112,7.635064738230584e-05,0.000794835766821877
Sft2d2,3.9548845,0.37399223,7.657163349113564e-05,0.0007965310393534991
Cox5a,3.954175,0.26329237,7.67992216400362e-05,0.0007982923645436236
Gss,3.950739,0.57914346,7.791030301675995e-05,0.0008092275597646788
Myo1e,3.9484231,0.4776163,7.866762864790444e-05,0.0008158565575142248
Sdhb,3.9484231,0.26027238,7.866762864790444e-05,0.0008158565575142248
Clptm1,3.9476016,0.2765229,7.893802604846171e-05,0.0008180415710014564
Snw1,3.9441469,1.3806831,8.00845672850303e-05,0.0008292959726416592
Hmox2,3.9436615,0.5773251,8.024695886717001e-05,0.0008303499520243423
Mpst,3.94213,0.3310316,8.076115826239945e-05,0.000835039900524432
Zfp706,3.9406736,0.47336495,8.125316374574976e-05,0.0008388608465084941
Zfand5,3.9406736,0.18271515,8.125316374574976e-05,0.0008388608465084941
Clstn1,3.940468,0.2453768,8.13227766534176e-05,0.0008389473193914314
Ssr1,3.9398332,0.2623381,8.1538300398534e-05,0.0008401019552129764
Gsk3a,3.9397771,0.95320326,8.155734309731815e-05,0.0008401019552129764
Psmd11,3.9391422,0.9262467,8.177345433649906e-05,0.0008414561368274102
Rab7,3.9390302,0.37517527,8.181164775577448e-05,0.0008414561368274102
Cd38,3.9372,0.784481,8.243786531936108e-05,0.0008472608813767794
Sptan1,3.9364157,0.6591469,8.270762873946868e-05,0.0008493961872044385
Pafah1b3,3.9358368,0.32602188,8.290727475786175e-05,0.0008508087372155101
Rasa2,3.935258,1.7360933,8.310737617825878e-05,0.0008522238425465159
Zc3hav1,3.9341376,0.58995503,8.349596657422596e-05,0.0008555682438795031
Skp1a,3.932382,0.49740663,8.410821238033844e-05,0.0008611976902919556
Irgm1,3.9280684,0.33683148,8.563084663978996e-05,0.0008757514448970354
Afg3l2,3.9279938,0.24311644,8.565744059576842e-05,0.0008757514448970354
Cdhr2,3.9269667,0.26245686,8.60238997900486e-05,0.0008788422275344264
Yipf4,3.9256968,0.52398825,8.64790247070247e-05,0.0008825463114424695
Trpm4,3.9254727,0.32408231,8.655957667059362e-05,0.0008825463114424695
Litaf,3.9254167,0.12064528,8.657972573566999e-05,0.0008825463114424695
Ppdpf,3.9249313,0.28630286,8.675453669435502e-05,0.0008836707455112742
Hbp1,3.9229143,0.75879174,8.748425049912451e-05,0.000889258241837921
Pkn2,3.9228957,0.482336,8.74910341250771e-05,0.000889258241837921
Gsk3b,3.922877,0.18178678,8.749781824799398e-05,0.000889258241837921
Klf3,3.9211965,0.27446815,8.811042866036893e-05,0.000894820513452227
Smim20,3.9206173,0.43445405,8.83223755358161e-05,0.0008961311068619669
Eps8,3.9204867,0.21722516,8.837030112193557e-05,0.0008961311068619669
Sec24a,3.9200573,0.4323294,8.852794394190647e-05,0.0008970657041450581
Sar1a,3.917723,0.4307077,8.938935424000645e-05,0.0009051250207598584
Sesn3,3.9173496,2.3419027,8.952791252392083e-05,0.0009056807711893748
Sod2,3.9172187,0.30880612,8.957645583661335e-05,0.0009056807711893748
Wwp1,3.9155567,0.61905164,9.019582110671444e-05,0.0009112704639837668
Atp6v1d,3.9152393,0.32633734,9.031458604782216e-05,0.0009117979578888457
Ube2g1,3.9144738,0.2696225,9.06016271747454e-05,0.0009140223065493461
Map1lc3a,3.9138386,0.14015043,9.084031466047394e-05,0.0009157559314558447
Prelid3b,3.9132972,0.15058647,9.10443702832778e-05,0.0009169607287497903
Stx17,3.9131665,0.5441194,9.109368991448647e-05,0.0009169607287497903
Mmp15,3.9114485,0.18032978,9.174424060798302e-05,0.0009221541425747377
Lpin2,3.9110937,0.39273158,9.187913904531845e-05,0.0009228329948100168
Commd8,3.9086473,0.9066382,9.281433959915169e-05,0.0009315431886508266
Ubr5,3.9079003,0.616818,9.310168393706779e-05,0.0009337430965869904
Uqcc2,3.9075081,0.89584905,9.325287583284072e-05,0.0009339312360838904
Dhx32,3.907415,0.35924798,9.328890806484129e-05,0.0009339312360838904
Acot13,3.9073215,0.43972042,9.332495344517125e-05,0.0009339312360838904
Bloc1s2,3.9041655,0.6009736,9.455105164330473e-05,0.0009455105164330473
Kansl1,3.9033065,1.4368166,9.488740695022498e-05,0.0009480761346836102
Eif4e2,3.9031572,0.45273048,9.494601874349732e-05,0.0009480761346836102
Abcd3,3.9014764,0.23853776,9.56077614925528e-05,0.0009539885888186259
H3f3a,3.9006922,0.083569035,9.591806297277248e-05,0.0009563882552598128
Ric8a,3.900468,0.7561471,9.60068950527077e-05,0.0009565777907069785
Ak2,3.9002254,0.2563654,9.610321746547297e-05,0.0009568416273815259
Ndufb5,3.899609,0.1977487,9.634813818192752e-05,0.0009585835098710291
F2rl1,3.8978164,0.15704392,9.706399023356365e-05,0.0009643793947633611
Snu13,3.8977976,0.6950781,9.707147338530474e-05,0.0009643793947633611
Mydgf,3.896117,0.30832544,9.774719210945013e-05,0.0009703887912314977
Cox14,3.8958743,0.16997953,9.784516220317188e-05,0.0009706580175115531
Mgrn1,3.8947911,0.7529411,9.828339012199403e-05,0.0009742998876058743
Phb2,3.8936706,0.8252698,9.873867890623355e-05,0.0009780011704737586
Heph,3.8935213,0.3987459,9.87995343018746e-05,0.0009780011704737586
Pts,3.8920088,0.86732864,9.941769265911842e-05,0.0009834096674584277
Zfand6,3.890496,0.9532821,0.00010003950089250443,0.000988846437393442
Zfr,3.8893569,0.53770244,0.00010051019774283411,0.0009927827751094647
Parp12,3.8884978,0.48155484,0.00010086653130196245,0.00099525060421862
Eif3l,3.8884046,0.333569,0.00010090533498245718,0.00099525060421862
Ptar1,3.8881805,1.9206616,0.00010099852131497059,0.0009954530518094223
Ogfr,3.88678,1.1043718,0.00010158277885552237,0.0010004917831205294
Foxj3,3.885006,1.4150198,0.00010232741872062748,0.0010065334982054116
Ank,3.8849685,0.30656847,0.0001023431505839517,0.0010065334982054116
Fuca1,3.8837922,0.19775653,0.00010283987440331951,0.001010151446235775
Sec23ip,3.883568,0.9178518,0.00010293474608187684,0.001010151446235775
Etfa,3.8834746,0.18384469,0.00010297430032246918,0.001010151446235775
Irf7,3.8834,0.17411102,0.00010300595404316625,0.001010151446235775
Slc6a14,3.8791234,0.307079,0.00010483351994469138,0.0010273385001732989
Crat,3.8789368,0.8154431,0.00010491401948095006,0.0010273924709714194
Fam20b,3.8780031,0.24071942,0.00010531739292605112,0.0010306059164906431
Slk,3.8754447,0.91750234,0.00010643014819308707,0.0010407516275840777
Gclm,3.8750713,0.31341618,0.00010659351923386595,0.0010416057157660225
Abat,3.8727183,0.54411983,0.00010762821073134858,0.0010509668474835891
Pcf11,3.8692448,1.0655483,0.00010917294659460618,0.001065291572896086
B4galt6,3.8684607,0.371294,0.00010952464111775905,0.001067962692749679
Tmf1,3.866556,0.4476107,0.0001103832116464389,0.0010755689897270363
Ctnnb1,3.8631945,0.16129144,0.00011191384549826324,0.0010897083747876378
Ppard,3.86241,0.17261389,0.00011227386307468304,0.001090759602808622
Ccdc68,3.8623729,0.45680043,0.00011229103398918202,0.001090759602808622
Fam189a2,3.8623354,0.67930293,0.00011230820738081579,0.001090759602808622
Utp11,3.862242,0.89823043,0.00011235115169955161,0.001090759602808622
Fkbp5,3.8620927,0.26958445,0.00011241989482961856,0.001090759602808622
Impad1,3.8591049,0.2426501,0.00011380311748222086,0.0011030399084852225
Mvp,3.8590114,0.164837,0.00011384660077358429,0.0011030399084852225
Ubp1,3.8587313,0.98709124,0.00011397714469272878,0.0011035242984384342
Azi2,3.855893,0.74475574,0.0001153079779523785,0.0011156209731268258
Arhgef18,3.8544736,2.7248318,0.00011597887737977058,0.0011202525685268733
Secisbp2l,3.854455,0.90293676,0.00011598772949270635,0.0011202525685268733
Fgd4,3.8543615,0.92813706,0.00011603199961603163,0.0011202525685268733
Ubr4,3.8512244,0.38401592,0.00011752877232838311,0.001133904352745668
Psma6,3.849693,0.79005945,0.00011826593472153388,0.0011402134452392781
B3gnt2,3.849413,0.9223109,0.00011840125234671269,0.0011407153003867537
A1cf,3.8490582,0.5442779,0.00011857286426349324,0.001141565875200181
Rbl2,3.848834,2.5029316,0.00011868137155494794,0.00114168508550229
Prdx1,3.8486285,0.24963537,0.00011878091881827625,0.00114168508550229
Fli1,3.8485167,3.0083675,0.00011883525050556683,0.00114168508550229
Stat4,3.8463316,3.6176329,0.00011989941375851855,0.001151101589692855
Trp53,3.8459957,1.548583,0.00012006392651848214,0.0011513308006540646
Lrrc47,3.8459396,0.64919686,0.00012009136599523053,0.0011513308006540646
Far1,3.8452299,0.29279077,0.00012043944487914355,0.0011538604159750116
Rhof,3.8449497,1.4299709,0.00012057710611452528,0.0011543720152124364
Msl2,3.8445764,1.5010979,0.00012076088521047873,0.0011553241113013678
Setd5,3.8437173,0.33849397,0.00012118457987711187,0.0011585685584901831
Atp5d,3.8435118,0.24441478,0.00012128610561182966,0.0011587305766262664
Smim24,3.84241,0.24773088,0.00012183202269792861,0.0011631349902171582
Cox4i1,3.8412523,0.45129967,0.00012240819410856506,0.0011678219075817139
Dyrk1a,3.8397024,0.58203804,0.00012318354251015493,0.0011736737812513302
Ncoa3,3.8396838,0.8760679,0.00012319291222185496,0.0011736737812513302
Scfd1,3.8394222,0.7093978,0.0001233241587512498,0.001174095718940026
Ercc3,3.8392541,0.964041,0.00012340860111486406,0.001174095718940026
Ptdss1,3.8379843,0.21445692,0.00012404837403407837,0.0011793634450151796
Akap9,3.8373868,0.44714522,0.00012435052430786073,0.0011810173892968388
Trak1,3.8372748,0.24411458,0.0001244072546634582,0.0011810173892968388
Myo6,3.8371067,0.22127537,0.00012449239594294184,0.0011810173892968388
Rtraf,3.8369012,0.7466187,0.00012459653209910134,0.0011810173892968388
Nelfb,3.8367891,1.0537927,0.00012465336824257146,0.0011810173892968388
Ddx23,3.8362663,0.92938834,0.0001249189268707845,0.001182715479011574
Ap1b1,3.834455,0.40484232,0.00012584302741985195,0.0011906419030745662
Rnft1,3.8336706,0.53819746,0.0001262451491657558,0.0011936221832787126
Tmem14c,3.8299358,0.5940568,0.00012817668556669247,0.0012110486843197842
Gimap9,3.8294504,3.5799658,0.0001284298213257268,0.001212604102110584
Lypla2,3.826145,1.2251602,0.00013016565367567442,0.001227860200435452
Src,3.8260329,0.5512142,0.00013022488111187676,0.001227860200435452
Cstb,3.824651,0.9578782,0.00013095744405300459,0.0012338179722013547
Ubap2l,3.8245018,0.42171937,0.0001310368722301439,0.0012338179722013547
Elavl1,3.8231385,0.616919,0.00013176375439061442,0.0012398100516149845
Lsm14b,3.8224475,0.40185344,0.00013213362339290963,0.0012424369529738242
Trappc1,3.822018,0.79514396,0.00013236403481361547,0.0012437498470140823
Polr3c,3.8203747,1.0162613,0.00013324910894241439,0.0012512082196785997
Cobl,3.8187127,1.8000377,0.00013414991030525917,0.0012588039528644182
Mlec,3.8183205,0.17991774,0.00013436329397301035,0.0012594593431727579
Tox,3.8182085,1.5524081,0.00013442431944641378,0.0012594593431727579
Gbf1,3.8180778,0.28974816,0.0001344955488366237,0.0012594593431727579
Kctd2,3.8155942,0.7949841,0.0001358556823667664,0.0012713270822573087
Psma7,3.8144362,0.6837529,0.00013649414838327043,0.001276429920034679
Srf,3.8137827,0.88286835,0.00013685581992044005,0.0012789391083970181
Gatd1,3.812606,1.0210758,0.00013750910477979686,0.0012841681905134403
Zbtb1,3.809581,1.6215159,0.0001392024951923974,0.00129811345578268
Kcmf1,3.8094316,0.36474583,0.00013928662627741165,0.00129811345578268
Ndufa4,3.8089273,0.22792472,0.0001395709224218312,0.0012998787472325544
Uqcrfs1,3.8081803,0.28691998,0.00013999310673554546,0.0013029249743729437
Plekhf2,3.8074522,0.7038196,0.00014040589433916492,0.0013058796690064898
Nipal3,3.8059022,0.62775135,0.00014128821020683392,0.0013131943553823778
Ddx24,3.80396,0.7448054,0.0001424011343954067,0.0013220460920477283
Ppp1r9b,3.8037546,0.7848596,0.00014251932912701578,0.0013220460920477283
Mal2,3.803736,0.436577,0.00014253007868280984,0.0013220460920477283
Asl,3.8016446,0.9444726,0.0001437388727344431,0.0013323562628294115
Nfkbib,3.801271,0.6020232,0.0001439557421819571,0.0013334642784941261
Ssr3,3.8003747,0.50981617,0.00014447748672168783,0.0013373929514102184
Pqbp1,3.798227,1.6642805,0.00014573475272712305,0.0013481202649301726
Abhd4,3.7970319,0.5497086,0.00014643890349226067,0.0013531127780111918
Spg7,3.7969759,0.3363012,0.00014647198903581003,0.0013531127780111918
Eif4b,3.796808,0.60117906,0.00014657128790343088,0.0013531176848227784
Uba2,3.7965465,1.2385342,0.0001467258788094143,0.001353632686659243
Atf7ip,3.7950525,1.0900387,0.000147612204717872,0.0013608931390544053
Glrx2,3.794287,1.2589242,0.00014806839820769474,0.0013641809384300054
Arhgef5,3.7939134,0.50490767,0.0001482914130065087,0.001365317445019603
Grtp1,3.791243,0.26705748,0.00014989520745603408,0.0013791567106431612
Derl2,3.7891514,0.98071766,0.00015116271469723424,0.0013898853633235633
Mindy3,3.7878256,1.1875615,0.0001519714420039318,0.0013963841418201648
Dpp9,3.786313,0.8485388,0.00015289904803289162,0.0014039657895781603
Pef1,3.7850244,0.3688659,0.00015369343217039777,0.0014103148162990286
Bcl2,3.7845576,3.8974655,0.000153982210076589,0.0014120189277438216
Car4,3.783736,0.33857685,0.00015449170003244643,0.0014157433380899774
Kdm7a,3.7831197,0.49670893,0.00015487485835290153,0.0014173584231361063
Glo1,3.7810843,0.7191302,0.00015614680794227454,0.0014280449057471035
Gipc2,3.7804494,0.2565684,0.00015654557030473094,0.001430736699916487
Dctn6,3.7787313,0.6624305,0.0001576293851819201,0.0014396817179948703
Tent5a,3.778171,0.3503763,0.00015798432721977424,0.001441002185693014
Eif1ad,3.778171,0.9120454,0.00015798432721977424,0.001441002185693014
Abca12,3.7764719,0.860486,0.0001590655914853411,0.0014498992703587312
Commd1,3.7757995,0.37983266,0.00015949526377964377,0.0014528491448012764
Abcc3,3.774903,0.33717224,0.0001600698593552983,0.0014571143343306225
Sucla2,3.7741,0.17611496,0.00016058625484172967,0.0014608444165549112
Pank3,3.7724755,0.33600655,0.0001616358531930437,0.0014694168472094882
Psip1,3.771766,2.121401,0.00016209632100771577,0.0014726257279878687
Taok2,3.7715604,1.9022709,0.00016222984451175982,0.0014728620740961627
Cyld,3.770272,1.3059466,0.00016306976452891252,0.0014795071351298686
Lcp2,3.768498,2.7220829,0.00016423287254926157,0.0014890736955161374
Vezf1,3.7662196,0.93821084,0.00016573799805890638,0.001501726569713636
Susd6,3.7657528,0.38322407,0.00016604802325121716,0.0015035412548193492
Cyp2d34,3.7655847,0.8901738,0.00016615976581736523,0.0015035593075943881
Tep1,3.7640162,0.455446,0.00016720611330769245,0.001512028879416097
Hnrnpa1,3.7636425,0.9064873,0.000167456155671074,0.0015132911165525818
Arfgap1,3.7590675,1.2690562,0.00017054785930592896,0.0015402146819322525
Cyfip2,3.75875,2.0801713,0.00017076436562527271,0.0015411540244178105
Irf9,3.7569947,0.85124236,0.00017196619247784764,0.001550978826166236
Glg1,3.7546978,0.2605364,0.000173550813831534,0.0015642408878236945
Hnrnpd,3.7539694,0.90093446,0.000174056115408341,0.0015677638271494223
Oxct1,3.7515044,0.6821925,0.0001757766524824358,0.0015822208534884167
Slc38a1,3.7509816,0.9582978,0.00017614366516804182,0.0015844833964557931
Ank3,3.7501225,0.43186545,0.00017674817939788339,0.001588877990650264
Slc39a1,3.749413,0.42774293,0.00017724903164814494,0.001592335563003007
Tap2,3.7486846,1.2888601,0.00017776445175142068,0.0015959193899046287
Irak4,3.748386,0.93685234,0.00017797631357557628,0.0015967750464868336
Tubb5,3.747807,0.6826482,0.00017838747168085438,0.0015994164672956184
Sirt2,3.7450433,0.8847575,0.00018036276027742085,0.0016160692058866354
Med1,3.7442775,0.803384,0.00018091359540310753,0.0016199452660278257
Smim15,3.7432692,0.63140786,0.00018164149924340868,0.0016254007443727621
Arrdc4,3.7427835,0.54187137,0.00018199295267264332,0.0016274826707671107
Pdcl3,3.7414017,0.7474125,0.0001829967456964193,0.0016353916608225338
Ilk,3.7408228,0.91061157,0.00018341879858067752,0.0016380948765027914
Erp44,3.7402253,0.72253394,0.00018385542581327325,0.0016409246473236766
Maz,3.7399263,1.1864464,0.00018407410566943796,0.0016418068018693361
Ppp4r2,3.7387874,1.0321286,0.0001849100677865869,0.0016481899340769295
Ankrd11,3.7380776,0.67460036,0.00018543263378349457,0.001651558120254597
Fam78a,3.737947,2.699618,0.00018552904723152005,0.001651558120254597
Slc44a2,3.7368827,2.2360616,0.000186315884121092,0.0016574854626356886
Yipf3,3.7352579,0.22827758,0.00018752289571654412,0.0016671406043586336
Tspan15,3.7324567,0.15900071,0.00018962122737095795,0.0016847022146446976
Csnk2b,3.7309256,0.78481334,0.00019077762479211154,0.0016938778092365056
Rab1a,3.7304773,0.17112932,0.00019111733437465018,0.001695795000604085
Parp14,3.730048,1.1109179,0.00019144342278884226,0.001697588926994912
Hip1r,3.7295437,1.5615727,0.00019182688942498795,0.0016998889942576552
Pabpn1,3.7271347,0.37680125,0.00019366899187861988,0.0017151035479877777
Akap8,3.7268171,1.1250981,0.0001939129855528184,0.0017161549754997492
Ptp4a3,3.7256222,2.6951385,0.00019483414319680824,0.001723194165136393
Usp24,3.7236426,1.9667652,0.00019636886116592084,0.0017356473535310422
Cop1,3.7234745,0.92102754,0.00019649968924697326,0.001735683908886869
Lrrfip2,3.7228582,0.45918214,0.0001969800932476782,0.0017388062354981903
Sec31a,3.7203,0.29576024,0.00019898632323834094,0.0017553848218707475
Mllt3,3.7198703,0.30939752,0.00019932501186013988,0.0017572410955494957
Arrb2,3.7190673,2.071301,0.00019995966563369295,0.0017617025203740151
Syap1,3.7182457,0.12663443,0.00020061104370889366,0.0017663054619613389
Psma3,3.7175734,1.2513641,0.00020114547161979274,0.0017698734497053055
Ppib,3.7171254,0.16382477,0.00020150249965664808,0.0017718769225263664
Csnk1g3,3.7167704,0.20997113,0.00020178556898245315,0.0017732278993326544
Atxn7l1,3.7151458,3.1639416,0.00020308650669321468,0.0017835161164724623
Znrf2,3.714735,2.14716,0.00020341672533291815,0.0017852717085592433
Stam2,3.7123635,0.5994174,0.0002053328688595693,0.001800934893326568
Tmem192,3.712158,1.1167928,0.00020549962945327828,0.0018012443528534307
Prpsap1,3.7115045,0.23788457,0.00020603107808757722,0.0018047479346546085
Slc8a1,3.7110188,0.5397312,0.00020642670391253745,0.0018064371444944086
Ash2l,3.7109442,1.0153625,0.0002064876327210397,0.0018064371444944086
Entpd8,3.7107387,0.18884657,0.00020665527405422764,0.0018067500028991184
N4bp1,3.7094316,0.4614866,0.00020772508140470047,0.0018149449076813751
Clcn2,3.7086287,0.41034368,0.0002083848255399968,0.001819060411278989
Rce1,3.7085352,1.432056,0.00020846166756992792,0.001819060411278989
Rbck1,3.7064624,1.5097978,0.00021017442948339786,0.0018322128716258131
Smad4,3.7063878,0.23633264,0.00021023639665662615,0.0018322128716258131
Irak1,3.70579,1.1330582,0.00021073275211005229,0.0018353710768644095
Ugp2,3.7040348,0.16042809,0.000212197168462495,0.0018469512121576756
D5Ertd579e,3.7036612,0.4931407,0.00021250997691116087,0.001848499481703431
Tyrobp,3.703456,1.8644031,0.00021268220608564695,0.0018488237457952813
Commd3,3.7031198,1.214037,0.00021296431841339583,0.0018501021954746499
Slc27a2,3.7022047,0.9366947,0.00021373407224287416,0.0018556126677613282
Prss23,3.701794,1.003325,0.00021408052516988882,0.001856267844827517
Cyfip1,3.700225,0.49283513,0.000215408202070611,0.0018665985884676601
Epn1,3.6975362,0.16351844,0.000217702223545461,0.0018852847424606926
Akr1a1,3.6959302,0.22030762,0.00021908318374583963,0.0018958235461140375
Ap1s1,3.6957994,0.4443269,0.00021919594868938946,0.0018958235461140375
Uprt,3.6948845,1.448996,0.00021998683041418891,0.0019014634553150712
Itga1,3.6945856,3.1426716,0.0002202456571889142,0.0019025003174578338
Fosl2,3.6942868,0.09968588,0.00022050476983806526,0.001903538340757085
Ppp4r3a,3.6936145,0.9426008,0.00022108882004299473,0.0019073783593129897
Cand1,3.692905,0.47873887,0.0002217068928532539,0.0019115068798549895
Magt1,3.6912804,0.38540354,0.00022312806774477494,0.0019225500176751047
Gyg,3.6883857,1.2326219,0.00022568125867985893,0.0019433269917750265
Mbd3,3.6874707,0.76370794,0.0002264940845149697,0.0019457857022377
Dram2,3.6873775,0.18771894,0.000226577180249738,0.0019457857022377
Creg1,3.6873775,0.5227927,0.000226577180249738,0.0019457857022377
Ndufs2,3.6873589,0.17698133,0.00022659380283010484,0.0019457857022377
Srebf1,3.6872654,1.2418146,0.00022667693290301966,0.0019457857022377
Tsc22d4,3.6870973,0.6960036,0.00022682663917581548,0.0019458515696359876
Amfr,3.686369,1.0239354,0.00022747643938397216,0.0019502047681854936
Cdh17,3.6859956,0.23531412,0.00022781034761178964,0.0019518460051791858
Pak1ip1,3.6858275,0.75613,0.0002279607563520418,0.001951913976264358
Brk1,3.6847258,0.15668558,0.0002289490798504993,0.0019591520262035233
Naa60,3.68424,0.7512245,0.00022938588759819197,0.0019616645818322283
Zyx,3.683157,1.1074902,0.00023036312499589003,0.001968792771331063
Slain2,3.682821,0.6092525,0.0002306671991397249,0.00197016248641785
Perp,3.680244,0.28380388,0.00023301097946018645,0.0019889410707816537
Cryl1,3.6773307,0.51677567,0.00023568737470269698,0.0020105336447241275
Setd3,3.676173,0.22153334,0.00023675905898588957,0.002018418860053943
Trappc6b,3.6751833,0.85068274,0.00023767879943567603,0.0020244814426480465
Arpc5l,3.6750898,0.98463154,0.00023776574023508812,0.0020244814426480465
Cnot3,3.6742682,1.341012,0.0002385321069689728,0.0020297452580589613
Vps36,3.6734278,1.0416703,0.00023931828793480122,0.0020351710395448645
Drg1,3.6724942,0.95471615,0.00024019467337439308,0.0020413567154027204
Anp32a,3.6712055,0.4657013,0.0002414090308076746,0.002050405283363386
Ganab,3.6705706,0.8003292,0.0002420095259446874,0.0020542320355899737
Nrd1,3.669805,0.30976135,0.00024273551619538703,0.002059118620357153
Kpna4,3.668778,1.3039039,0.0002437126145834631,0.0020661279825454483
Atp5g3,3.6681805,0.25321427,0.00024428280480907433,0.0020696811539173275
mt-Nd3,3.6671534,1.5447788,0.0002452657440877031,0.0020767247799762254
Tspo,3.6667237,0.81814677,0.00024567789055583976,0.0020789296483106887
Stard7,3.665622,0.2892564,0.0002467381085427788,0.002086612399404981
Bax,3.6647444,0.33440512,0.0002475857585061066,0.0020924891372817154
Dera,3.6621299,1.2524155,0.0002501268874681133,0.0021126623664076156
Slc5a1,3.6615884,0.52199805,0.00025065631340779156,0.0021158296325857946
Rxra,3.6607108,0.6100421,0.0002515165810668531,0.002120632819173816
Zbtb7a,3.660692,0.6738085,0.0002515349146830256,0.002120632819173816
H2-Q6,3.6604307,2.3376582,0.0002517917169456023,0.0021214923260484326
Golga7,3.659329,0.94974273,0.00025287665906382567,0.0021293240498920785
Itsn2,3.6588247,1.4989583,0.000253374618868977,0.0021322065592782463
Atp5l,3.656864,0.17101867,0.0002553198843205024,0.0021472574678888167
Mitd1,3.6561542,1.2819628,0.00025602733002096827,0.0021512842430957105
Ero1l,3.6559489,0.54322946,0.00025623245974145563,0.0021512842430957105
Slco2a1,3.6559114,0.73050004,0.00025626977260818977,0.0021512842430957105
Ssbp3,3.6552765,0.80574226,0.000256904871421817,0.002155295002130369
Atp10b,3.6541748,0.30212125,0.0002580104586320094,0.0021632455833895527
Ppp1r10,3.6532412,0.57353646,0.00025895088778346955,0.002169802545953231
Ubr3,3.6530356,0.46529272,0.000259158213072457,0.002170212419983289
Gale,3.6514482,0.17951646,0.00026076552810246393,0.002182338262067047
Sema3c,3.6507761,0.29012656,0.00026144908685693985,0.002186723131831548
Denr,3.6492448,1.1893369,0.00026301235830912984,0.0021984559541397674
Snrnp70,3.6489835,1.2756561,0.0002632801325444603,0.002199352326743357
Auh,3.6462383,1.8387243,0.00026610723549466285,0.002221614336548983
Trappc4,3.6459768,0.3121766,0.00026637796248474006,0.002222458356351538
Twf1,3.6458275,0.3631495,0.0002665327795244947,0.002222458356351538
Pde2a,3.6455474,0.7834518,0.0002668232888459003,0.002223527407049169
Wipf2,3.6453233,1.2469277,0.00026705590999176606,0.00222411304977945
Ubxn8,3.6445203,1.2736942,0.00026789103118679146,0.002229712714009139
Sqstm1,3.6442776,0.46676576,0.00026814399122012934,0.0022304630720800076
Micu1,3.643325,0.28754386,0.000269138536699881,0.002237377398536632
Srsf9,3.64241,0.5939204,0.0002700973364723495,0.0022439863612317697
Ociad2,3.641682,0.25837976,0.00027086275006021627,0.0022489816217120986
Wbp11,3.640113,1.5405906,0.00027251824375334045,0.0022613567167902872
Surf1,3.6371253,0.5261168,0.0002756978324362412,0.0022863561164506684
Otulin,3.635426,1.5564079,0.0002775216998368479,0.0023000891033059987
Sra1,3.6345856,0.22720924,0.00027842778475558157,0.0023062035375764614
Anapc1,3.63438,1.5740294,0.0002786496934468295,0.0023066470091973193
Eapp,3.6310189,0.56738687,0.0002823045545551407,0.002335206688498307
Pds5a,3.6307573,0.55282456,0.00028259069614109284,0.002335206688498307
Strn3,3.6307387,1.1846044,0.00028261114522118197,0.002335206688498307
Galnt12,3.6303465,0.13761103,0.00028304089632154116,0.00233734796841779
Ppp6c,3.6301785,0.49624923,0.00028322526274338696,0.0023374615057737357
Mpnd,3.6293569,0.79819924,0.0002841282305956531,0.0023424307695186974
Pura,3.6293194,0.679516,0.0002841693386087646,0.0023424307695186974
Flnb,3.6278443,0.4020296,0.00028579756962063003,0.0023544357809997785
Vbp1,3.6276014,1.1483009,0.0002860663424408671,0.002355233708798004
Ube2a,3.6271534,0.35367212,0.00028656316068278195,0.002357907087900368
Chchd7,3.6268919,0.46026793,0.00028685334451983784,0.0023588780431703354
Nosip,3.6253793,1.4754326,0.00028853767672387497,0.002371254252148949
Sh3glb2,3.6252298,1.0508803,0.0002887045323054341,0.002371254252148949
Fh1,3.624595,0.4351123,0.00028941467749704825,0.002375662721216034
Gosr1,3.6225967,0.5094904,0.0002916602392586497,0.0023912299687872535
Zdhhc20,3.6225967,1.1040177,0.0002916602392586497,0.0023912299687872535
Ick,3.6222234,0.6570832,0.00029208177673035476,0.002393253792587237
Kmt2c,3.6219246,1.5354118,0.0002924194175471905,0.00239458817716468
Pip5k1b,3.6209347,0.17199746,0.00029354046599584983,0.0024023323680663934
B4galt5,3.620524,0.55113864,0.00029400698816551386,0.002404713873353755
Stap2,3.6194222,1.019469,0.0002952615468473502,0.0024134422068458937
Rpn2,3.619198,0.391711,0.0002955173241967617,0.0024134422068458937
Oga,3.6191235,1.0455312,0.00029560262942243866,0.0024134422068458937
Antxr2,3.6170318,1.6375624,0.00029800056088321913,0.0024315709851698048
Klc4,3.6165278,0.5578894,0.0002985813528096515,0.00243485984136442
Hsd17b12,3.6163223,0.76889515,0.00029881827554213664,0.002435342281336866
Nae1,3.616061,1.2045622,0.0002991200682180009,0.002436352517590138
Gtpbp1,3.61354,0.8680376,0.0003020448959152032,0.0024587136506466333
Chp1,3.6124754,0.22046067,0.00030328784660879323,0.0024673654979456457
Rell1,3.6120086,1.0590384,0.0003038345101365937,0.0024703458687663706
Efnb1,3.6111495,0.6510814,0.00030484278266143246,0.0024757835734990573
Nkiras2,3.6106641,0.6016108,0.0003054140609095359,0.0024773706128308395
Hsbp1,3.610496,0.060212024,0.00030561204453106533,0.0024773706128308395
Usp15,3.6103091,0.6251399,0.00030583216728068276,0.0024773706128308395
Ginm1,3.6102345,0.19687462,0.0003059202579429043,0.0024773706128308395
Reps1,3.6101973,1.3248732,0.0003059643121831957,0.0024773706128308395
Fam102b,3.6097302,0.9961353,0.0003065154916506866,0.0024803675343262888
Ccdc47,3.6082923,0.970649,0.00030821897182763987,0.002492679996480913
Timm8b,3.6070974,0.37205738,0.0003096415931285411,0.002501197394491004
Slc22a18,3.6070786,0.54660505,0.0003096638702898619,0.002501197394491004
Herpud2,3.606948,1.3181566,0.00030981985244169587,0.002501197394491004
Fam117b,3.6059954,0.45249364,0.0003109585162433017,0.0025089114679229876
Tmem214,3.6057713,0.7809838,0.0003112270059615936,0.002509599753780949
Bclaf1,3.602933,1.1667484,0.0003146467156332448,0.0025339771656774815
Eef2,3.6028023,0.44151494,0.00031480504642212215,0.0025339771656774815
Mff,3.6022794,0.46687898,0.0003154391157438357,0.002537590067933382
Dnajb1,3.601607,0.84727687,0.0003162561045608827,0.0025415432532344745
Fat1,3.6015697,0.24256869,0.00031630155085874296,0.0025415432532344745
Ncl,3.6008415,1.227254,0.0003171889765396064,0.0025471799405583865
Sec62,3.6003373,0.5275443,0.00031780471290963896,0.00255062950607033
Kctd10,3.5996277,0.48632473,0.00031867320056102694,0.0025561023698396188
Rala,3.5989926,0.780107,0.0003194521511484253,0.0025608510653794187
Prag1,3.5981338,2.2691278,0.0003205088625716926,0.002567819542241046
Psmb2,3.596565,0.1882373,0.0003224469568945071,0.002581837118325393
Szrd1,3.5949404,0.32601768,0.0003244658289846251,0.0025964847296082736
Stk16,3.5946229,0.5568813,0.00032486170039224964,0.002598135023569072
Mid1ip1,3.594287,0.5130103,0.00032528135103510394,0.0025999734592654163
Cul4a,3.5941188,0.5479516,0.00032549136656363287,0.00260013511482319
Csnk2a1,3.5895996,0.6444535,0.0003311862612325588,0.0026440861182319667
Ypel5,3.589357,0.44230732,0.00033149480883281024,0.0026450080844551546
Crybg1,3.5876575,0.56970346,0.0003336621854585064,0.0026593712021754615
Dcaf15,3.5876389,1.0786064,0.00033368607627285026,0.0026593712021754615
Dda1,3.5874894,0.46235013,0.000333877260419109,0.0026593712021754615
Lrrc59,3.586369,0.3334516,0.0003353144119470761,0.0026692663821469742
Mgat4b,3.5860703,0.21496224,0.0003356986287587508,0.0026707730627148
Capn9,3.5858462,0.77695364,0.00033598706165255615,0.0026715163927104003
Matr3,3.585286,0.93807566,0.0003367091586669566,0.0026757050311701307
Maf1,3.5836053,1.0039304,0.00033888417149478595,0.002689868568643434
Preb,3.5823727,0.43316326,0.00034048752755605716,0.00270103018385523
March7,3.5811028,0.31801435,0.00034214689109093415,0.0027126229212649294
Selenok,3.5800385,0.99400336,0.00034354365368845924,0.0027221214896078027
Xrn2,3.5798705,0.6718177,0.0003437646821542663,0.002722298350007774
Cth,3.5747538,0.53076553,0.0003505577913959617,0.0027744897412620884
Arhgef6,3.5732224,2.9229734,0.0003526150485658042,0.0027891606035516845
Gtf2b,3.571803,1.0690303,0.00035453185218691413,0.0028027041979000133
Slc27a4,3.5704026,0.28991434,0.00035643298447244574,0.002816108354828435
Atp5j,3.569469,0.11791148,0.000357705698029814,0.0028237128279511837
Spsb3,3.569394,0.8013226,0.0003578076984907485,0.0028237128279511837
Ap2a2,3.5689087,0.33765894,0.0003584713647646257,0.0028273216449484005
B4galt1,3.5680122,0.111533485,0.0003596996201017663,0.0028353767522406206
Pcyt2,3.5651739,0.6348923,0.00036361510758830157,0.0028645928544909324
Zfp292,3.5646136,1.1702104,0.00036439259513954957,0.0028690681341447294
Adh5,3.5635304,0.23919031,0.00036590014722892876,0.002877835138244154
Serpinb6a,3.5635118,0.22146061,0.00036592619057089894,0.002877835138244154
Smg1,3.5625222,0.6065604,0.0003673089704353767,0.00288580795576827
Tbl1xr1,3.5624847,0.41897884,0.0003673612463401359,0.00288580795576827
Gsr,3.5621114,0.43883842,0.00036788438810364126,0.002886607168969006
Snrnp200,3.5621114,1.245422,0.00036788438810364126,0.002886607168969006
Usp5,3.5616817,1.170219,0.00036848686216382526,0.002889679457151921
Itpk1,3.5610094,0.21425411,0.00036943171720007524,0.0028954316508243883
Stxbp5,3.5605614,1.9431454,0.00037006287838899256,0.002898720088009833
Cdyl,3.5579283,1.4154847,0.00037379135581149333,0.0029262523283528335
Pacsin2,3.5565276,0.22461858,0.0003757888670698928,0.0029402098679940213
Shoc2,3.5554073,0.6835817,0.0003773940556546494,0.00295108365437711
Ngly1,3.5547535,0.5726621,0.00037833337306411536,0.0029567411357549235
Ap2s1,3.5529048,0.74093235,0.00038100214556315243,0.0029759004528022736
Dnm2,3.5515978,0.16354698,0.0003828997642259429,0.002989018102504512
Lrrc42,3.5511868,0.35011902,0.00038349798062619787,0.0029919831062522268
Pdzd11,3.5491328,0.63690966,0.0003865021870915619,0.003013272791640427
Psmb5,3.5490208,0.53744763,0.00038666668377400516,0.003013272791640427
Commd6,3.547452,0.8938924,0.00038897651786658016,0.003029549911752216
Zzz3,3.5466304,1.0529364,0.00039019157076821076,0.003037286658820731
Decr2,3.5464063,0.67363894,0.0003905235638515967,0.003038144704580849
Aco1,3.5449123,0.4446303,0.00039274360564369614,0.003053681837297751
Net1,3.544427,0.21474825,0.00039346765458949463,0.003057576215471399
Dtx1,3.543661,3.9691865,0.00039461195871927325,0.0030647300648832445
Lpcat3,3.5428956,0.21160164,0.0003957593717540094,0.0030718999393937276
Klhl9,3.5407667,0.920539,0.0003989661446435284,0.0030950374754339406
Fam3c,3.5368638,1.1770216,0.0004049083670557372,0.0031360298763836755
Ndufa12,3.5368452,0.16345307,0.0004049369964469141,0.0031360298763836755
Ermp1,3.5355754,0.26069212,0.0004068882372736201,0.0031493609325698277
Ddx1,3.5347164,0.34986648,0.0004082131707231252,0.003157831981313842
Top2b,3.5336893,1.035629,0.00040980261989859656,0.003168338539848066
Ccnd3,3.5325687,0.58425957,0.00041154315625853465,0.0031800006997980395
Apbb1ip,3.5321953,2.911996,0.0004121248677595267,0.003182700500735917
Ndufs6,3.5296369,0.4567495,0.0004161302866684729,0.0032118224942862413
Map3k1,3.524427,1.2945998,0.0004243999694957527,0.003271963749066861
Ccnd2,3.523493,0.95468575,0.00042589811020737406,0.003281667103397652
Cd2,3.5233438,4.0737634,0.0004261382704742378,0.0032816718974126237
Rbm14,3.5229516,1.7071784,0.00042676929293336183,0.003284685007408459
Sfpq,3.5223541,0.98559,0.0004277325288625093,0.0032890988924327976
Ptger4,3.522298,0.6635522,0.00042782293622739017,0.0032890988924327976
Plcb3,3.5220926,0.26444525,0.00042815458256834776,0.0032898024571993067
Oxsm,3.5217564,1.3056527,0.00042869779440564025,0.0032921299234065426
Nipsnap3b,3.5215323,1.2546235,0.0004290602930463041,0.003293067795369393
Ddc,3.5197022,1.3669655,0.0004320314288819231,0.003314014880001314
Eid1,3.5182457,1.2529705,0.000434409927002219,0.0033303950755066594
Commd4,3.5160048,0.886386,0.0004380930369682056,0.0033567531356064966
Fdft1,3.5142682,0.4911885,0.0004409674749216656,0.003376888991854007
Pias1,3.5131476,1.1466593,0.0004428312834698268,0.0033892673651042607
Pmpca,3.510664,0.7412203,0.0004469889714942028,0.0034191786205865875
Immt,3.508479,0.31798664,0.00045067658058506256,0.0034454626975532125
Ptpra,3.5078628,0.8987639,0.00045172179730023,0.0034515273971071673
Cipc,3.5070786,1.1757413,0.00045305534505072075,0.003459787194645972
Mat2b,3.5064998,0.41264978,0.00045404198589511937,0.003465390087333223
Gmcl1,3.5059395,0.7936839,0.0004549987084360076,0.0034695572799044467
Abhd17a,3.5058835,0.8937301,0.00045509448408673653,0.0034695572799044467
Mpc1,3.502466,0.19336016,0.00046097250278270054,0.00351241562187041
Iah1,3.5017378,0.60536647,0.00046223431809965356,0.0035200723501752386
Nudt4,3.5003,0.2107633,0.0004647350625039952,0.0035371501979470747
Ubl3,3.4995155,0.09038464,0.00046610441961693994,0.003545602747780165
Slc39a4,3.4979281,0.30647576,0.00046888726358423053,0.0035647921815227294
Psmd13,3.497256,0.27452424,0.0004700705460123493,0.0035718061455181286
Taz,3.4964156,0.1638781,0.00047155356655936994,0.0035778740187254366
Ms4a4b,3.496397,3.1128836,0.0004715865720917159,0.0035778740187254366
Ptcd2,3.4963596,0.7789719,0.00047165258962176193,0.0035778740187254366
Eif3i,3.4949777,0.2598109,0.0004741013077589611,0.0035944592785267116
Mapkap1,3.4941,0.37588948,0.0004756627273034148,0.0036043027456066274
Tor1a,3.4936144,0.947967,0.0004765285507404323,0.003608867410250925
Tbc1d15,3.489917,0.26144806,0.0004831705148053339,0.0036571469905155108
Cgn,3.486537,0.16953464,0.0004893176544682528,0.003701629964779162
Inpp5j,3.4835865,0.15413168,0.0004947432071303983,0.003740608133381047
Ddx10,3.4832318,0.967112,0.0004953994121500755,0.0037435035556845193
Yipf6,3.4828582,0.1782198,0.0004960910309752502,0.003746663243859387
Itgal,3.4823914,3.1926107,0.0004969568205877063,0.003751134127852108
Tollip,3.48185,0.8513299,0.0004979629015189872,0.0037566584530892757
Cd247,3.47776,7.903137,0.0005056220936922501,0.0038123404972943455
Larp4b,3.4763782,0.27762645,0.0005082348590835772,0.0038291888127383843
Tpi1,3.476154,0.34022874,0.0005086597348859618,0.0038291888127383843
Samm50,3.4761355,0.31687644,0.0005086951561448072,0.0038291888127383843
Ccdc107,3.4754071,0.37968242,0.00051007838012893,0.003837492480926052
Sf3b3,3.4750524,1.0098352,0.0005107535278937932,0.0038391578860055564
Sar1b,3.4749963,0.13379216,0.0005108602062911043,0.0038391578860055564
Kdm6a,3.4736145,1.855514,0.0005134981908652594,0.0038568668941085823
Smim31,3.4719338,-0.001660795,0.0005167236624440175,0.0038776514714682856
Stat5b,3.4718778,2.1632595,0.0005168315026935101,0.0038776514714682856
Ripk1,3.4706826,0.3800193,0.0005191370979867831,0.003892817866677027
Nup50,3.4688525,0.7703689,0.0005226861258216125,0.0039172866103698535
Saa1,3.4673026,0.03994617,0.0005257096071419297,0.003937281199390965
Psma2,3.4671905,0.25691783,0.0005259288025463843,0.003937281199390965
Tomm70a,3.4669852,0.6667824,0.000526330882014566,0.003938139313817342
Alpi,3.4656594,0.8800853,0.0005289330218269838,0.003955448907767291
Btnl1,3.4654353,0.6087761,0.0005293740026541187,0.003956586926547423
Oser1,3.4628208,1.0591046,0.0005345441563699824,0.00399305067735483
Sat1,3.4624848,0.61701655,0.0005352122934388123,0.003995862899243449
Retreg3,3.4619806,0.45585856,0.0005362159581850559,0.004001175722840558
Ltbr,3.4614203,0.26087785,0.0005373331978899288,0.004007329782848136
Lhfpl2,3.4612336,0.93794614,0.0005377060928504061,0.00400792898370542
Smim6,3.4608228,0.2848126,0.0005385273106390191,0.004009965179706622
Vps35l,3.460804,0.69933397,0.0005385646664715463,0.004009965179706622
Dnpep,3.4594781,0.3791848,0.0005412231100526616,0.004027570129126271
Cda,3.4574428,1.3331367,0.0005453281844981127,0.0040559153787318915
Arhgap27,3.4570131,0.5270789,0.0005461980907529436,0.00406018114124543
Os9,3.4555566,0.55353254,0.0005491578429334102,0.004079968789689653
Thoc7,3.45199,0.57469726,0.0005564686441172612,0.004132043590464217
Nap1l4,3.45072,1.5473598,0.0005590932517896104,0.00414928361295648
Emc4,3.4498982,0.46274897,0.0005607976662784488,0.0041596794954059275
Syngr2,3.4481804,0.8615532,0.0005643770912317247,0.004183964366815274
Akr1c12,3.446537,0.27201375,0.0005678207881377095,0.004207217305292926
Atp6v1c1,3.4460516,0.6030652,0.0005688419826922924,0.00421250549345103
Cox16,3.4420366,0.73085034,0.0005773522571181287,0.004273217678291931
Ccdc6,3.4408414,0.4866223,0.0005799083530912009,0.004288391509250714
Exoc7,3.4407854,0.5349521,0.0005800284282220128,0.004288391509250714
Gskip,3.4403372,0.80664647,0.0005809898629415818,0.004293182913861742
Cox7a2l,3.4397023,0.18315506,0.0005823544355396718,0.004296669099834295
Gls,3.4396837,0.6798122,0.0005823946151625531,0.004296669099834295
March8,3.4395528,0.51214105,0.0005826759447977158,0.004296669099834295
Atp9a,3.4395342,0.2721305,0.0005827161450724175,0.004296669099834295
Naxd,3.4387312,0.7491539,0.0005844472016205666,0.004307114933943927
Fam98c,3.438227,0.3391232,0.0005855365896567468,0.004312823267901845
Atp6v1h,3.4370692,0.67270577,0.0005880453058387181,0.004328974040833121
Gas6,3.4346976,0.08105746,0.000593215398716637,0.004364689023854955
Ap1m2,3.4342308,0.13159336,0.0005942381049414687,0.004369866901609297
Hmgcs1,3.433988,0.1060618,0.0005947705605502615,0.004370597281867163
Arhgap1,3.4338946,0.22800879,0.0005949754693928656,0.004370597281867163
Spata13,3.4334278,2.0846817,0.0005960009996336587,0.004375015244944026
Tmed10,3.4332783,0.5934691,0.0005963295166505737,0.004375015244944026
Sptlc2,3.433185,0.53300387,0.0005965349253690103,0.004375015244944026
Crebrf,3.4326994,1.0369561,0.0005976041127422067,0.004377637675074206
Prpf4b,3.432662,1.0756454,0.0005976864317615887,0.004377637675074206
Rnf103,3.4325874,0.3270657,0.0005978511014645138,0.004377637675074206
Mapk14,3.4320831,0.50085217,0.000598963726959706,0.00438344180520725
Usp38,3.4317472,1.1757598,0.0005997065476701309,0.00438653481210934
Rsrc2,3.431224,0.9014304,0.0006008637510204991,0.004392653889530864
Traf7,3.4284792,0.7429441,0.0006069732403628569,0.004434951142917941
Slc22a23,3.426649,0.029524805,0.0006110782974774923,0.0044625653920264624
Tubb4b,3.4262009,0.13729928,0.0006120875483699764,0.004467554295508085
Psmd4,3.4252112,0.6776366,0.0006143218081567896,0.004481474319354641
Sub1,3.423792,1.2302923,0.0006175388985513054,0.004502545455110635
Nudcd3,3.4218686,1.4372205,0.0006219239258065831,0.004532105204016057
Smim10l1,3.4212708,0.38266766,0.0006232921517407752,0.004539661073284754
Bcl2l2,3.420972,0.6841068,0.0006239773144335174,0.0045422365609666246
Zdhhc5,3.41931,0.12594335,0.000627801339073714,0.00456764649246409
Zfp654,3.4188058,1.6721827,0.0006289657398343663,0.004573689297097037
Hvcn1,3.4172187,3.363117,0.0006326445777726891,0.004598000379568086
Mkrn1,3.416789,0.102064215,0.000633643463466356,0.004602818371945428
Opa1,3.4158928,0.36858717,0.0006357328221399388,0.0046155483112438585
Sppl3,3.4154632,0.27959818,0.0006367362426526166,0.004619928072894719
Sel1l,3.415239,0.6045591,0.0006372603510408875,0.004619928072894719
Mier3,3.415202,0.84443915,0.0006373477414431401,0.004619928072894719
Psme4,3.4142869,0.54900336,0.0006394922916894767,0.004633021891140048
Dennd1b,3.412326,0.41774634,0.0006441103775294115,0.004661868336017275
Jarid2,3.4123073,1.0994091,0.0006441545080350877,0.004661868336017275
Bace2,3.4115417,0.47399577,0.0006459662819274928,0.004672512176561062
Rere,3.4110188,0.35811245,0.0006472063132915527,0.004677184130394416
Nt5c3,3.4109814,0.39063904,0.000647294971622468,0.004677184130394416
Myo1f,3.4104586,2.616732,0.0006485373748589512,0.004683691109946036
Bche,3.410253,1.5099263,0.0006490260683425375,0.004684750862114206
Smarcd2,3.409525,0.6941385,0.0006507614698591403,0.0046948036530122285
Snx9,3.409002,0.4005348,0.0006520100593838662,0.0047013356913468245
Snrpd3,3.4086099,0.5884424,0.0006529479631763553,0.004705621828256742
Napa,3.4081802,0.38509306,0.0006539766306492746,0.004710557223919591
Snrpb2,3.4070039,0.9430527,0.0006568020078221489,0.004728422231825244
Cd48,3.4067612,3.4017854,0.0006573864331548629,0.004730143978057575
Atg9a,3.4061823,0.5569623,0.0006587820148110531,0.004737697429349831
Tnpo3,3.4056966,0.48706487,0.0006599546264166633,0.004743640284317044
Tdrd7,3.4042213,0.6266991,0.0006635294801106973,0.004766834754859231
Trak2,3.402466,1.5168997,0.0006678065593219171,0.004794283323940516
Ndfip2,3.402242,0.08961306,0.0006683544107093043,0.004794283323940516
Rp2,3.4022233,0.6681227,0.0006684000838486412,0.004794283323940516
Fam102a,3.4007294,0.2314851,0.0006720633514441658,0.004818036585444831
Commd7,3.399945,1.243942,0.0006739940306403451,0.004829350533353938
Rhoh,3.3985631,3.2970996,0.0006774082545898387,0.004851277097689906
Spint2,3.3973308,0.25097802,0.0006804669311094783,0.004870635818286235
Ecpas,3.396565,0.6249549,0.0006823734776342816,0.004881731928767445
Oas1a,3.3963597,0.25930947,0.0006828858342736512,0.004882847562395105
Gtf2i,3.3958368,1.6786218,0.000684191628874171,0.004889632402491467
Arhgap26,3.3955193,0.98328507,0.0006849855646935934,0.004892754033525667
Snd1,3.3944921,0.46387866,0.0006875600514339319,0.004908584004504881
Dapk2,3.394044,1.5948576,0.0006886862799362541,0.004914063559961813
Wdr33,3.3936517,0.69477004,0.0006896731361836776,0.004917449673826359
Narf,3.393521,1.246597,0.000690002380237558,0.004917449673826359
Nudc,3.3934278,1.6364293,0.0006902376439976707,0.004917449673826359
Mbp,3.3929048,0.7602562,0.0006915564994305206,0.004924284845217324
Vps13d,3.390197,0.29326752,0.0006984238357671643,0.004970600805200079
Pafah1b2,3.3896742,0.6563186,0.0006997572211364633,0.004977504636328944
Psmc5,3.387975,0.45569777,0.0007041070792024537,0.005005846904552992
Smarce1,3.38734,0.7362429,0.0007057387388402213,0.005014844772879166
Cpsf3,3.3869479,0.5927949,0.0007067482831451325,0.005019414971015198
Gpcpd1,3.3863502,0.9872862,0.0007082892170359711,0.0050219325410865556
Dnajb6,3.386313,0.52102923,0.0007083856289837406,0.0050219325410865556
Edem3,3.3861449,0.2981577,0.0007088196336732057,0.0050219325410865556
Pttg1,3.3861074,1.2280968,0.0007089161127069209,0.0050219325410865556
Sectm1b,3.3860703,0.21275763,0.0007090126039426584,0.0050219325410865556
Sun2,3.3859582,2.6807044,0.0007093021508760937,0.0050219325410865556
Hivep2,3.384931,1.1183593,0.0007119614555150272,0.005038156994088777
Bcap31,3.3843522,0.2737234,0.0007134644155638319,0.005046186109047237
Mospd3,3.3835864,1.2058892,0.0007154567293400851,0.005057666249720932
Rhog,3.3831382,0.86706513,0.000716625359010005,0.005063314810952588
Stk10,3.38213,1.7034482,0.0007192612630710441,0.005079319228903765
Dgcr2,3.3801877,0.43062037,0.0007243632162218203,0.005112713066583687
Ywhag,3.3787684,0.3547376,0.0007281128055544471,0.005136532150409848
Nubp1,3.3785632,1.2452677,0.0007286570005243373,0.005137725634165424
Derl1,3.37748,0.28443462,0.0007315326456975448,0.00515534837760101
Hibadh,3.377256,0.46597335,0.000732128921390741,0.005155647784969156
Zc3h4,3.3771813,1.0998219,0.0007323277802591225,0.005155647784969156
Supt6,3.3736517,1.1419564,0.0007417812556962534,0.005219518851072764
Dars,3.373409,1.3054546,0.0007424356429141358,0.005221241002571347
Flna,3.3732784,2.3839693,0.0007427882273001136,0.005221241002571347
Adam10,3.3709068,0.5523277,0.000749212181861481,0.005262938202268119
Ino80b,3.370776,1.2592368,0.0007495677539793048,0.005262938202268119
Pdap1,3.370664,0.5627683,0.0007498726548049174,0.005262938202268119
Trim26,3.3704772,0.96628314,0.0007503810788056043,0.0052638099230091035
Idi1,3.3679936,1.0295126,0.0007571736303226694,0.005308740396837549
Nras,3.3663316,0.7968053,0.0007617508608207781,0.00533810066150622
Cops5,3.365267,0.47823313,0.0007646958276242387,0.005355998383666703
Cmtm6,3.3646135,0.10102699,0.0007665093752166934,0.005363381884274505
Ncoa4,3.364464,0.2174916,0.0007669244606783763,0.005363381884274505
Ddx46,3.364464,1.4260614,0.0007669244606783763,0.005363381884274505
Ep400,3.3641841,1.3192261,0.0007677033084680827,0.005365530967955678
Hist1h2bc,3.364072,0.2790318,0.000768015053150444,0.005365530967955678
Dctn1,3.36297,0.45455077,0.0007710868088168605,0.005384245301116712
Adtrp,3.362354,1.0973538,0.0007728098794768917,0.005393527941331338
Nectin3,3.3615136,0.21103014,0.0007751652823120009,0.005407211999834222
Cetn3,3.3591607,1.3076292,0.0007817959120099851,0.005450689055743916
Gbe1,3.3586192,1.8517507,0.0007833294441126632,0.005456372618782071
Gpr108,3.3585443,0.67983866,0.000783541184774028,0.005456372618782071
Ids,3.3584511,0.70696336,0.0007838059353111763,0.005456372618782071
Elof1,3.3578534,0.8424495,0.0007855023059998925,0.005465404566885997
Serpinb5,3.3576667,0.84185606,0.0007860331203076198,0.0054663216996012134
Akt1,3.3565464,0.16266654,0.0007892250044133648,0.0054857344294587
Clic5,3.3561354,0.08937809,0.0007903983731088368,0.005491104316222649
Arhgef16,3.3542306,0.45845592,0.0007958597228664058,0.005526243387364299
Rnps1,3.353932,0.8995898,0.0007967195760783113,0.005529411444920398
Snx17,3.3526995,0.95565325,0.0008002755919005435,0.0055512787893860485
Lsm12,3.35227,0.43576267,0.0008015182664220082,0.005557085146751778
Mkrn2os,3.351,0.48141354,0.0008052027419284295,0.0055798065576224
Atp5md,3.3499544,0.24784689,0.0008082488105708821,0.00559808326836253
Coa3,3.349002,0.13892975,0.000811032208624055,0.005614523121854247
Zdhhc7,3.3475828,0.8106995,0.0008151965237055833,0.005640501199377016
Akr1e1,3.3466864,0.51890874,0.0008178368300317226,0.005655913463621706
Hectd1,3.3451178,1.460244,0.000822476466409448,0.005685129964585992
Trappc6a,3.3448937,0.28349262,0.0008231412614805351,0.005686855916431331
Car12,3.343848,0.35184705,0.0008262502351016305,0.005705457772627187
Cdk11b,3.3428955,1.3084981,0.0008290910963395465,0.0057221904382124865
Tial1,3.3382082,0.46968573,0.0008432050951652491,0.005816671603103682
Vdac3,3.338059,0.58816487,0.0008436585869969417,0.005816870982314092
Stk40,3.3376667,0.71773773,0.0008448500795613054,0.005822155980880223
Pkp3,3.3372746,0.38459882,0.0008460431326786235,0.005827446414126265
Hnrnpf,3.3364344,1.0983324,0.0008486049386489462,0.0058421546027590775
Qars,3.3357806,0.86553437,0.0008506024261823254,0.005852964961676473
Edem2,3.335015,0.9506435,0.0008529478856971883,0.005866157647616205
Srxn1,3.3345854,0.3054749,0.0008542662559030674,0.005872276821812354
Nabp2,3.3330543,0.51654315,0.0008589819266091495,0.005901731391447016
Ola1,3.332382,0.4560422,0.0008610598365639933,0.005913042486680054
Bet1,3.330197,0.44049072,0.0008678452781951023,0.005956653462561574
Rad23b,3.3300104,0.11268271,0.0008684275243999726,0.005957665039699361
Lamp1,3.3297117,0.13765354,0.0008693598717534728,0.005961076197708998
Med15,3.3288527,0.5498338,0.0008720455427264401,0.005976500217785007
Ndufa5,3.3286285,0.32279152,0.0008727474165598306,0.00597831980343484
Usp8,3.3270786,0.6088959,0.0008776164020715221,0.006008668020179837
Rfc2,3.3267424,0.49254972,0.0008786756441783221,0.006012915247374133
Ppp1r37,3.3264437,0.86006,0.0008796181876142873,0.006013357869419029
Cdc34,3.3264437,0.3740342,0.0008796181876142873,0.006013357869419029
Eprs,3.3262196,0.7349878,0.00088032571021886,0.006014435077718641
Txnl4a,3.3259954,0.5088517,0.0008810337603872396,0.006014435077718641
Nipa2,3.3259768,0.44343537,0.0008810927883927965,0.006014435077718641
Tnks2,3.3258274,0.9753255,0.0008815651444425033,0.0060146625890748475
Scamp5,3.325286,-0.032760695,0.0008832794037760047,0.006023358801259962
Tom1l2,3.3241467,0.33618766,0.0008868953508282646,0.006045008112610559
Glrx5,3.3236985,0.67225575,0.0008883217763161001,0.006051719709363785
Zfp362,3.3203185,2.165638,0.0008991480944818615,0.006118633240741798
Fam114a2,3.320281,0.93495244,0.0008992684025264225,0.006118633240741798
Zfp384,3.3202064,0.99201,0.0008995090633770498,0.006118633240741798
Manf,3.3200758,0.07815028,0.0008999303635105637,0.006118633240741798
Rab37,3.3197021,1.463963,0.000901135086144762,0.006123785059614702
Exosc9,3.318339,0.62769073,0.0009055450199838929,0.006150702416350686
Osbp,3.317891,0.35185307,0.0009069992244574262,0.0061575269450281165
Cdipt,3.3160233,0.37523052,0.0009130817363771219,0.006195750266650109
Khdrbs1,3.3147724,1.4854608,0.0009171781434769271,0.006220465626551436
Ikbkb,3.3136518,1.3316613,0.0009208610152023938,0.006242353245063234
Wrn,3.3134837,1.26859,0.0009214146263780761,0.006243017003649675
Gpat4,3.3129423,0.73420113,0.0009232005831797404,0.006252025699239962
Rbbp7,3.3067236,1.0814569,0.0009439394566728786,0.0063893135160170145
Ensa,3.3061075,1.0297403,0.0009460179934062538,0.006400220498600334
Dctn3,3.3049123,0.19464096,0.0009500611847024286,0.006424401890633402
Jmjd1c,3.3025033,0.22416952,0.0009582594330754896,0.0064766424435787895
Pank2,3.30213,1.4086097,0.0009595363305356633,0.006482074816735003
Rin3,3.301943,3.1117742,0.0009601753700634855,0.0064831949580432474
Pi4k2b,3.301327,0.6268764,0.000962286998267386,0.006491486677034755
Atg3,3.3013082,0.647697,0.0009623510540917948,0.006491486677034755
Vapa,3.30086,0.53311574,0.0009638895791179968,0.00649866497732114
Kars,3.2999077,0.3339203,0.0009671665114323767,0.0065175510116200494
Nat2,3.2997022,0.6131609,0.0009678746520572664,0.0065191163879963375
Madd,3.298918,0.8686682,0.0009705828808357649,0.006530335640453028
Immp1l,3.2988992,0.6747827,0.0009706474479242107,0.006530335640453028
Junb,3.298806,0.6008595,0.0009709703430367022,0.006530335640453028
Pde7a,3.2977228,2.960835,0.0009747232028598666,0.006552359116378888
Rinl,3.2975173,3.6106718,0.000975436465684077,0.006552467924993748
Apeh,3.2974427,0.7763165,0.0009756959537946893,0.006552467924993748
Ppp2r2a,3.2967517,1.8561857,0.0009780992509743158,0.006565389386745775
Pno1,3.2963035,0.52784026,0.0009796610762099606,0.006572652666051156
Rnf13,3.295015,0.79285103,0.0009841641966558542,0.00659947300744154
Nipal2,3.2948842,0.12612966,0.0009846221041759494,0.00659947300744154
Fgl2,3.2929049,0.3709715,0.0009915802874629431,0.006641377991411966
Ivns1abp,3.2928302,0.042377084,0.0009918437496663417,0.006641377991411966
Mrfap1,3.2920833,0.9438334,0.0009944819386366022,0.0066557902097320225
Erlin2,3.2917657,0.40023485,0.000995605135020584,0.006660053881729492
Acbd3,3.291579,0.34647036,0.0009962663872807559,0.00666062813307001
Yme1l1,3.291467,0.19453801,0.000996663333780549,0.00666062813307001
Fbxw5,3.2912054,0.84036654,0.0009975901117668141,0.006663419619152933
Rap1gap,3.2910748,0.27266714,0.0009980537998906438,0.006663419619152933
Nop58,3.2898984,1.2576065,0.001002235980956173,0.006688082288894092
Cept1,3.2896929,0.25739363,0.0010029678645475666,0.006689707762561665
Pkp4,3.289338,0.51364696,0.0010042331925856698,0.006692075713571124
Dennd4c,3.2893195,0.6034013,0.0010042998297154914,0.006692075713571124
Pcsk7,3.288535,0.91152614,0.0010071022882588998,0.006707487286896902
Nmi,3.2882736,1.00362,0.0010080380486152242,0.006710457369304456
Mgat5,3.28734,0.4309198,0.0010113866240799147,0.006729478751770195
Acadl,3.285155,0.15819442,0.0010192625674814032,0.006778590861405448
Adprm,3.2842026,1.5731646,0.0010227134043168996,0.00679809607916673
Stx8,3.284072,0.90944105,0.0010231878916234889,0.00679809607916673
Sem1,3.283381,0.68302757,0.0010256992823656798,0.006811478511105097
Pfdn1,3.2818685,0.5345075,0.0010312171196014282,0.006844803555493976
Slc12a6,3.2803931,1.1787744,0.0010366251638997757,0.006877367915460982
Cltc,3.2802064,0.17771268,0.0010373115947212561,0.0068785909233694134
Vps35,3.278619,0.4451895,0.0010431632621341622,0.006914047746123862
Taf10,3.2784324,0.54757607,0.0010438536981266012,0.006915278367666556
Cct8,3.278115,0.4543688,0.0010450284098286822,0.006919714458507948
Trim31,3.2772372,0.22094372,0.001048282511049178,0.006937908406460743
Atp11b,3.276789,0.6496776,0.001049947793532968,0.006945574491261062
Mxi1,3.276285,0.32478777,0.001051824161912758,0.006954628869789954
Nub1,3.2737265,0.38157913,0.0010613928960896194,0.0070145116625314925
Lrrc1,3.2733157,0.3662467,0.0010629369646006372,0.007021329033282898
Map3k2,3.2727368,0.9056786,0.0010651162248177363,0.007032333628917102
Pgm1,3.268946,0.14806494,0.0010794893287899173,0.007123797593652152
Panx1,3.2675827,0.9217251,0.0010847016892993925,0.0071547487450176585
N4bp2l2,3.2651737,1.3172885,0.001093969524585663,0.007209413493212456
Mprip,3.265155,0.8701601,0.0010940416534590289,0.007209413493212456
Vps26a,3.2640905,0.43992013,0.0010981602768334149,0.007233074900297011
Ralbp1,3.2635117,0.67517906,0.0011004062449720636,0.007244385178336026
Larp1b,3.261551,0.19665171,0.001108045155032072,0.00729117128911594
Nampt,3.2612336,0.17286691,0.001109286533208126,0.007295835576068808
Smg7,3.2609534,0.4712038,0.0011103829347123434,0.007299542325124331
Ift52,3.2603931,0.64776164,0.001112578744389441,0.007310469447546927
Dhx15,3.258339,0.22228086,0.001120664442752855,0.007360068487878291
Dpp8,3.2566023,0.6396139,0.0011275428808074435,0.00740169500098801
Nbeal1,3.255594,0.40266496,0.0011315547025948323,0.007424472904956515
Esrra,3.2535958,0.069233,0.0011395430594273205,0.007469732016341765
Snx12,3.2528489,0.35197106,0.001142542724028195,0.007482726569937073
Mapre2,3.25283,0.7486572,0.0011426178090736027,0.007482726569937073
Malt1,3.251691,1.2709167,0.001147206631360571,0.007506588349558846
Cirbp,3.2516537,2.2449422,0.0011473573725530092,0.007506588349558846
Slc17a4,3.2510748,0.4427802,0.0011496962033747096,0.0075176749184251235
Tbc1d20,3.2509627,0.5256818,0.0011501493889794934,0.0075176749184251235
Chd2,3.2503653,1.1673892,0.0011525691686332718,0.007529898717346602
Iqgap2,3.247452,0.15110253,0.0011644331187472047,0.007602154158144704
Efcab14,3.2473774,0.7039052,0.0011647388013099075,0.007602154158144704
Dsc2,3.246481,0.13207754,0.0011684127810288928,0.007622502428617062
Gna11,3.2463129,0.23642528,0.0011691028433543215,0.007623374085651692
Prkaca,3.2457526,0.29033932,0.0011714057720398248,0.007634756934798097
Plekha3,3.2454538,0.5563367,0.0011726357140249392,0.007636009012645572
Ciao2a,3.2454352,0.2582675,0.001172712625007758,0.007636009012645572
Stx5a,3.2452672,0.7714995,0.001173405033646203,0.007636887867436096
Naa20,3.2441466,0.83688885,0.001178030754078491,0.00766335295863026
Tex264,3.2437918,0.29660076,0.0011794990745527087,0.007669263085606127
Tmbim4,3.2430823,0.057697337,0.0011824407899643525,0.007684743274436257
Il21r,3.2419991,2.8219461,0.0011869438486884069,0.007710351221920899
Rcbtb2,3.2410655,2.6832273,0.0011908385073443899,0.007731984621146038
Pcmt1,3.2401505,1.1994362,0.0011946667247514531,0.007753166333062487
Zfp866,3.2397208,1.8530703,0.0011964675612166668,0.007761176888574022
Mgat3,3.2388992,0.39689565,0.0011999196294085158,0.007779885907665246
Gvin1,3.2376294,1.2849327,0.0012052727460276625,0.007810897171513234
Dcp2,3.236117,0.96843934,0.0012116780400183086,0.007847552014114786
Snrpf,3.2360234,0.35878617,0.0012120744570705757,0.007847552014114786
Vapb,3.2356687,0.358997,0.0012135819346822698,0.007853600616507838
Rnf141,3.2351644,0.4425981,0.0012157271189541803,0.007863768427607304
Dock5,3.2340252,0.59109676,0.001220586547986106,0.007891475086082893
Hsp90aa1,3.2326808,0.27659833,0.0012263453498914847,0.00792278456303674
Borcs8,3.2326248,1.0773426,0.001226585843664301,0.00792278456303674
Ppp1r7,3.231803,0.47624806,0.00123011809364402,0.007941855741245557
Ndufv1,3.231411,0.97962505,0.001231807249873909,0.007947868885982697
Mycbp2,3.2313175,2.8109605,0.0012322097455348356,0.007947868885982697
Rab43,3.229226,0.26109362,0.0012412575414129346,0.007995354471156383
Vps52,3.2292073,0.7490726,0.0012413386009195513,0.007995354471156383
Pip4p1,3.229114,1.0092055,0.0012417439717817649,0.007995354471156383
Ndufc1,3.2290766,0.30739045,0.0012419061543518818,0.007995354471156383
Ankrd44,3.228012,3.0625713,0.001246536588558426,0.008021395614490577
Atraid,3.2269852,0.17533648,0.001251019659282348,0.008046464475196323
Nipsnap2,3.225734,0.1313857,0.0012565009671975708,0.00807792738179574
Fkbp2,3.2239225,0.10470737,0.0012644758907271434,0.008123693782658804
H2afz,3.2238479,0.684475,0.0012648057546285568,0.008123693782658804
Tnrc6c,3.2233064,1.9159724,0.0012671996448699464,0.008135255452070415
Flcn,3.2231383,1.5614829,0.001267943426416563,0.008136217771384971
Ufd1,3.2222044,1.6973035,0.0012720828904987259,0.008158958614153812
Reep4,3.2218125,0.28169212,0.0012738251828241281,0.008166310250206156
Lpp,3.221495,0.1409776,0.0012752372231440634,0.008171538801250546
Cited2,3.2193286,0.22837,0.0012849109564921958,0.00822967746794908
Rap1gds1,3.2185817,0.457529,0.00128826240182445,0.008244508895000691
Aven,3.2185445,1.2527723,0.0012884301857077722,0.008244508895000691
Kif21b,3.2176294,1.7369347,0.001292547196824872,0.008265286170584075
Pdlim2,3.2175546,0.65433735,0.0012928838148585163,0.008265286170584075
Lsm4,3.2169757,0.5328294,0.0012954953494028172,0.008278118603926583
Zc3h7a,3.2149217,0.96811485,0.0013048014244687706,0.008333696743693313
Bin1,3.2146788,5.059895,0.001305905300355383,0.008335059732467249
Snx6,3.214492,0.79665315,0.0013067550220594545,0.008335059732467249
Bicral,3.2144735,0.86614907,0.0013068400222875658,0.008335059732467249
Wbp1l,3.2142494,0.8437506,0.001307860423099597,0.008337686271039776
Dcaf13,3.2140813,0.45100483,0.0013086262061832118,0.008338687918469768
Igf2r,3.21255,0.98190355,0.0013156224252516499,0.00837937109528015
Itga6,3.2121205,0.03904367,0.001317590968554577,0.008388009418772168
Atp5b,3.2115042,0.12988658,0.001320420148129135,0.008402116130687018
Phf12,3.2104025,1.1668797,0.0013254923528755354,0.008430475967685624
Tatdn2,3.2084978,0.9415327,0.0013343036766224046,0.008482580217970739
Atf7,3.2072465,1.2647332,0.0013401208812670459,0.008515610423635682
Scaf4,3.207041,1.0686219,0.0013410781777886752,0.008517742714744946
Etfb,3.2064435,0.1345218,0.00134386662874771,0.0085314980601685
Tagln2,3.2053418,0.09264263,0.0013490218623132386,0.008560259154095121
Ctcf,3.204744,1.5822393,0.0013518255459960416,0.008573447540841229
Mea1,3.2046323,0.28912526,0.0013523518347268537,0.008573447540841229
Ets2,3.2044642,0.0064186975,0.0013531416222256477,0.008574486690329034
Kdm5c,3.204296,0.74688834,0.0013539318351913489,0.008575527573796338
Med13,3.204016,0.35287875,0.0013552498028447809,0.008579908640930452
Creb1,3.2012148,0.94152373,0.0013684947240294545,0.008658497731769743
Dnajc4,3.2011027,0.64398545,0.0013690269959136612,0.008658497731769743
Mlx,3.2009907,0.3342786,0.0013695594587405135,0.008658497731769743
Fahd1,3.200225,0.49490455,0.0013732030699646989,0.008677528624776927
Lgr4,3.1995153,0.16317326,0.0013765880565162528,0.008694908425206392
Eif3e,3.1986752,1.7194707,0.0013806065451353073,0.00871627173656853
Plbd2,3.1982083,1.3213083,0.0013828437107470852,0.008726374406833288
Tbc1d13,3.1960235,0.56553775,0.001393358149091928,0.008788677091417778
Mov10,3.1940627,1.6143333,0.0014028569006773392,0.008842738325458028
Rasef,3.1939878,0.03284352,0.0014032199357332665,0.008842738325458028
Tgfbr1,3.1932223,1.5712748,0.0014069460427415875,0.008862142889912527
Rbm45,3.1926434,0.8227863,0.0014097693973875011,0.008875845930242997
Rbm17,3.1924193,1.0621264,0.0014108637106049144,0.008878655413544937
Crbn,3.191971,0.5652829,0.001413054686962022,0.00888836051945808
Ddx39b,3.1915789,1.2446922,0.0014149743641287964,0.008896350981443098
Dld,3.1914296,0.12285436,0.00141570630195877,0.008896869879282177
Usp34,3.190253,0.6389866,0.0014214825222273132,0.008927289177384043
Atn1,3.1901784,0.18407847,0.001421849998908904,0.008927289177384043
Nceh1,3.189525,0.5964866,0.0014250691577147503,0.008939885019663153
Nup153,3.189506,2.051577,0.0014251612323317028,0.008939885019663153
Fbrs,3.1887965,0.6615751,0.0014286641342954893,0.008957756814575836
Fam83h,3.1878254,0.46442673,0.0014334704416659105,0.008983780901565862
Dynll1,3.187452,0.102157265,0.001435322986937444,0.008991277970298575
Ngdn,3.1864622,1.3143986,0.001440242910323361,0.009017974347088686
Ppig,3.185734,0.74404025,0.001443873154020691,0.009036574787612365
Ap1g1,3.1850243,0.32311562,0.0014474184253106491,0.00905462667888397
Luc7l2,3.184576,0.9240766,0.0014496616761539266,0.00906326843983617
Cdk17,3.1843708,2.541968,0.001450690903320018,0.00906326843983617
Stx3,3.1843522,0.12088191,0.0014507845028146511,0.00906326843983617
Morf4l1,3.1839411,0.576156,0.001452845100439134,0.00907200450137472
Elovl6,3.182634,0.045690957,0.001459419506696662,0.00910890534931402
Nfyc,3.1821673,1.3604614,0.0014617741459638969,0.009119447085476042
Usf3,3.1811402,0.22779305,0.0014669666812994564,0.009147675709514134
Sdhd,3.180972,0.08631942,0.0014678179854368872,0.009148820018419178
Eftud2,3.1806734,0.86670893,0.0014693325392132657,0.009154095401192242
U2surp,3.1792166,0.87603056,0.001476736633348331,0.009196041762214608
Acox3,3.178918,1.0965047,0.001478259664969949,0.009201343666555338
Scyl1,3.1782455,0.45532477,0.0014816917796552011,0.00921851833845425
Mocs2,3.1770878,0.44078252,0.0014876198601653456,0.009251199311967877
Mmd,3.1764715,1.2306261,0.001490784032600315,0.009262467685543906
Ncoa1,3.1764715,0.43840358,0.001490784032600315,0.009262467685543906
Hif1a,3.1757805,0.4226819,0.001494339114316245,0.009280347174130805
Nuak2,3.1749403,0.053461462,0.0014986733886029893,0.009303047314844111
Hgfac,3.174212,0.095529266,0.0015024391250667497,0.009322199281437713
Rlim,3.1738386,0.43055302,0.0015043736516005433,0.009329976924820028
Ostc,3.1716537,0.30078456,0.001515736684411191,0.009396195735942678
Herc3,3.1712801,1.7741677,0.0015176869774345249,0.009404030570263677
Yeats4,3.1699543,0.7701381,0.0015246292015012,0.009442775795916113
Bckdk,3.1695995,0.6169886,0.0015264919344047383,0.009450040443445511
Ralgapa1,3.1684604,0.7596198,0.001532486464930042,0.009482865659232871
Dpf2,3.167732,0.5991655,0.001536330387996479,0.009498071442035995
Tspan9,3.167732,3.5053997,0.001536330387996479,0.009498071442035995
Arhgap30,3.1674147,3.1961963,0.0015380087215988872,0.009504158541229027
Myh14,3.167172,0.14533663,0.0015392932923695799,0.00950780798262545
Tmub1,3.166425,0.7134154,0.001543252018050389,0.00952796423942782
Psmd12,3.1650243,1.2487434,0.001550699911079857,0.009569634586393712
Dnttip2,3.164595,0.6047552,0.0015529905549306194,0.00957945547165668
Mlph,3.1636238,0.4294932,0.0015581808924706594,0.009607145916673282
Slc30a4,3.1629329,0.3984065,0.0015618837387115598,0.009625644273660985
Ing1,3.1627834,1.2270089,0.001562685418719872,0.00962625460272583
Eci1,3.1622605,0.41224736,0.0015654942835009646,0.009639223228747513
Atp6v0b,3.16142,0.14550985,0.0015700182715350142,0.009662735992825558
Mrtfa,3.1604304,1.9775513,0.0015753619603767392,0.009690025651708664
Cops2,3.1603372,0.6261879,0.001575866945401964,0.009690025651708664
Slc22a5,3.160057,1.1389928,0.0015773827948426266,0.00969499519486047
Slc26a2,3.158059,0.17271239,0.0015882348585985933,0.009757317292735752
Raph1,3.1579094,1.4541874,0.0015890489830753145,0.009757943105393012
Ube2g2,3.157368,0.68281835,0.0015920034059259721,0.009771705493362821
Cds2,3.156453,0.48109365,0.001597006854585691,0.009798026828403032
Snx19,3.1541,0.72011125,0.0016099394097125054,0.009872949826795579
Stim1,3.153521,1.0889363,0.0016131359704135786,0.009888126530051914
Ndufb1-ps,3.1522698,0.10177661,0.0016200646325867565,0.009926156290893811
Aqp8,3.1518965,0.26057586,0.0016221381921273843,0.00993441807427142
Igsf5,3.151112,0.2630972,0.0016265006202246673,0.009956683868220706
Fbxo4,3.1501036,1.3989719,0.0016321253216111458,0.009986653374753327
C2cd2l,3.149114,-0.11854513,0.0016376632632186332,0.010016065493792534
Cops7a,3.1472838,0.5532898,0.0016479488025225066,0.010074475053350442
Smpd1,3.1469104,0.48771974,0.0016500551819421448,0.010082852806693748
Casp1,3.1455286,0.11216008,0.0016578703448443686,0.010126091718398506
Bola2,3.1448562,0.649337,0.001661684617519668,0.010144865980400826
Ppp1r11,3.1433249,0.7613478,0.0016704028427866296,0.01018966121079249
Ap5m1,3.1433063,0.8243489,0.0016705094218569293,0.01018966121079249
Inpp5b,3.1427274,1.8882374,0.0016738164777591838,0.010205289606275397
Psmd5,3.1424286,0.8336408,0.0016755257008893485,0.010211166415562311
Dlst,3.1419244,0.109257,0.0016784136563767526,0.010224218360320813
Mtmr4,3.140916,0.7967794,0.001684203309736644,0.010254926819285344
Aggf1,3.1404865,1.0683033,0.001686674847572276,0.010265413332625579
Tmem167b,3.1401691,0.20937648,0.0016885037803001433,0.010271981256710463
Plekhj1,3.1386752,0.7849322,0.001697135039781459,0.010319906810921433
Dctn5,3.1380215,0.9537654,0.0017009239620498335,0.010338357710773167
Eif2b5,3.1348283,1.15599,0.0017195476678243606,0.010446919312281037
Agap3,3.1340065,1.2271991,0.0017243699732071907,0.010471572975593313
Ift46,3.1337824,0.88201576,0.0017256873041411906,0.010474929582071028
Ranbp1,3.1310935,0.5844293,0.0017415676251962757,0.010563307240894913
Cmbl,3.131056,0.44402552,0.001741789128261431,0.010563307240894913
Sept5,3.1303651,0.28016186,0.0017458916102620044,0.010583502239198878
Aplp2,3.1298048,0.20273049,0.001749224467253454,0.010599016011221724
Brpf3,3.128647,0.036451366,0.001756130916703837,0.010634838275909787
Pafah1b1,3.1285536,1.0145193,0.0017566889794440764,0.010634838275909787
Clcn4,3.1276946,1.0119299,0.0017618308120937458,0.01066125535586763
Nup98,3.1271346,0.5243777,0.0017651916318255805,0.010676876536869957
Tnfrsf21,3.126126,0.40029448,0.0017712559638566477,0.010707504490437754
Sec16a,3.1260326,0.39171118,0.0017718184437826561,0.010707504490437754
Pdk1,3.1258647,0.9456266,0.0017728313214637533,0.01070890172136394
Myo5b,3.1253605,0.07380404,0.0017758731490757403,0.01072254832187644
Rab4b,3.125155,0.73120826,0.0017771137871010385,0.010725312283385122
Csde1,3.1243334,0.9783318,0.0017820843106959136,0.010750574661617798
Jaml,3.1226528,2.6969068,0.0017922911171972806,0.01080263453832061
Hsp90b1,3.1226528,0.13414976,0.0017922911171972806,0.01080263453832061
Rab27a,3.1220925,0.13341069,0.001795705308584871,0.010815069860396485
Syncrip,3.122055,1.4756092,0.0017959331337519709,0.010815069860396485
Cyb5r3,3.121327,0.043602854,0.0018003810379652043,0.010837091485115686
March6,3.1210093,0.62185943,0.0018023230346908767,0.010844016502092671
Tmem106a,3.1187499,0.63863516,0.0018162011970421846,0.010922720105126396
Slbp,3.117984,0.8616219,0.0018209259460058734,0.010946329732461811
Dop1b,3.11748,0.52212554,0.0018240435315036944,0.010960261570877462
Golph3l,3.1171625,0.016819004,0.001826008971275229,0.010967261247904708
Prr5,3.1163595,1.028574,0.001830989067603062,0.010992353298055191
Tcf20,3.1154072,0.8170313,0.0018369118716541374,0.011023080438748
Sbno2,3.114828,0.26950166,0.00184052060453953,0.01103990029868282
AI837181,3.1138573,0.7617466,0.0018465885937763529,0.011067434753055813
Kras,3.1137078,0.69489527,0.001847523760314899,0.011067434753055813
Pom121,3.1135957,0.54634446,0.0018482254207494205,0.011067434753055813
Ap1g2,3.1135771,0.8559858,0.0018483423879555986,0.011067434753055813
Washc3,3.1130168,0.94740576,0.0018518545682314922,0.011083620613705304
Lamtor5,3.1128862,0.5729467,0.0018526749587269133,0.011083688617711229
Cog1,3.1122699,0.42978495,0.0018565470133238742,0.011102005273914044
Ttc39a,3.1117842,0.12850896,0.001859602957859366,0.011115427802213487
Kdm3b,3.109338,1.2357918,0.0018750706348900081,0.011202995071082909
Idnk,3.1083856,0.93926823,0.0018811242973012085,0.011234264547962754
Rnf138,3.1070597,1.1419457,0.001889581840448287,0.011279856738188031
Prkab1,3.106705,0.40107793,0.0018918510428753883,0.011288484010188511
Tmem115,3.1063502,0.87612134,0.0018941227479914984,0.011297118697206586
Arl2bp,3.1051364,1.3324288,0.0019019133307333553,0.01133864779418928
Ranbp9,3.1039038,0.83017594,0.0019098538701771562,0.011381034372086577
Pnpla8,3.1030262,0.350106,0.001915527044415314,0.01140987848195209
Cnot11,3.1018684,1.1386845,0.001923034478826337,0.011449618583190272
Cux1,3.101028,0.1449903,0.0019285003346669895,0.011477174016045942
Nudt21,3.1002998,1.1850321,0.00193324894497273,0.011500438795539037
Herc1,3.1001318,1.5503358,0.0019343463016994037,0.011501972366875796
Lysmd3,3.0988245,1.8090281,0.0019429008415216224,0.011543546928353198
Txndc15,3.098806,0.61090916,0.0019430233004950712,0.011543546928353198
Cnp,3.0973866,2.088584,0.0019523509447785612,0.011593934955988856
Tpm4,3.096957,0.74033785,0.0019551818770295725,0.01160288188509657
Spop,3.096901,0.5033211,0.001955551406765546,0.01160288188509657
Ogdh,3.096434,0.1003811,0.0019586333156362606,0.011616136980180419
Map2k7,3.0952017,1.6851157,0.0019667909918120023,0.011659470613511221
Mif4gd,3.0943613,1.1098768,0.0019723709139222987,0.011687492007238533
Cops4,3.0940812,0.47361967,0.0019742341148161315,0.011693474869425423
Selenbp1,3.0938945,0.16307802,0.0019754771461773777,0.011695780856797785
Xbp1,3.0925126,0.010558661,0.00198469793013877,0.011745296606004816
Tbrg4,3.0921018,0.26204914,0.0019874468526464685,0.0117514121196619
Cdc123,3.0921018,0.505792,0.0019874468526464685,0.0117514121196619
Cyth4,3.0911121,3.1082337,0.001994083613395796,0.011785567516618812
Tusc3,3.0903463,1.2305359,0.0019992316586952175,0.011810898544253766
Pdhb,3.089394,0.970133,0.002005652347287356,0.01184372291286068
Ak4,3.0879188,2.2958694,0.002015635489059999,0.011897546833314085
Dlat,3.0875266,1.0256861,0.002018296896718423,0.011905991174604362
Hk2,3.087452,-0.081203125,0.002018804196978535,0.011905991174604362
Cyp4b1,3.0871532,0.34568393,0.002020834568341802,0.011912837171378093
Ern2,3.0865183,0.55319023,0.002025155330606988,0.011933173345942252
Asap1,3.0859206,1.7882539,0.002029229672606412,0.011952040634010251
Plaat3,3.085155,0.57731783,0.0020344609153088848,0.01197255779198098
Ssr2,3.0827835,0.03355909,0.0020507436365175685,0.012063197861868049
Luzp1,3.0822978,0.23395222,0.0020540918157612976,0.012077707242888317
Plaa,3.0818124,0.7619716,0.002057445009443579,0.012087173812587717
Rad21,3.0817935,1.4872987,0.002057574078662914,0.012087173812587717
Zbtb44,3.0811026,1.2583815,0.002062354864980371,0.012105510561367216
Rnh1,3.080337,0.068434395,0.002067664394106158,0.012131478457924783
Sumo3,3.0799448,0.14444722,0.00207038876252604,0.012142262862417272
Grina,3.0797396,0.21671015,0.0020718171264548493,0.01214544057870408
Ptbp1,3.079366,0.42606568,0.0020744164679313555,0.012155477164525051
Leprot,3.0781708,0.8436105,0.0020827544766780417,0.012199117712906871
Etv3,3.0775733,0.2159448,0.002086934998802495,0.012218380121194096
Ppcs,3.075594,0.7412373,0.002100838012826468,0.012294524039180953
Atf1,3.0753698,1.1338377,0.0021024172800205233,0.012298512696960364
Lamtor3,3.0751457,0.6808212,0.002103997635955419,0.01230250431608589
Ptprh,3.073633,0.6423388,0.0021146935671344093,0.012359770422244629
Ap4s1,3.0729795,2.6454031,0.0021193306753484313,0.012381590725916209
Cdk8,3.0718403,0.7318566,0.002127434786109668,0.01242363877651426
Smurf2,3.0703652,1.0067903,0.0021379725050449548,0.012479856548408982
Bmp2k,3.0691886,0.8050424,0.0021464102803198234,0.01252377378210459
Snrpc,3.0677693,1.1717306,0.0021566298123256306,0.012578045308157147
Prmt2,3.0666864,1.7249132,0.0021644589201888593,0.01261833498152654
Cracr2a,3.0663502,1.4390936,0.002166893935994707,0.012627157347140573
Scd2,3.0653043,0.8616944,0.002174485609649741,0.01266600886573191
Cnot9,3.0622606,0.5709826,0.002196721783376676,0.012790092831389911
Fa2h,3.0610466,0.22636378,0.0022056469485058285,0.012836602886376317
Ppp1r16b,3.0607293,4.202184,0.0022079866989021192,0.012844763386394495
Itgav,3.060169,1.93375,0.0022121212200545185,0.012863353444289856
Cndp2,3.0584884,1.2885157,0.002224567392348333,0.012930238979708172
Dpp3,3.057704,0.4907689,0.0022303975389744483,0.012958628619147558
Chsy1,3.0574238,2.2200968,0.002232483125167397,0.012965247484015828
Tcf7,3.0566583,2.8823843,0.0022381928486499866,0.012992899163773226
St3gal5,3.0555937,0.347387,0.002246152990828752,0.01303358575787967
Magoh,3.0548656,0.8604204,0.002251614340839659,0.013055535249183332
Chtop,3.0545294,1.2882544,0.0022541390651486803,0.013055535249183332
Ptpn12,3.0545108,1.0977131,0.002254279403633753,0.013055535249183332
Ap1m1,3.0544734,2.9705834,0.002254560104619874,0.013055535249183332
Yif1a,3.0544548,0.43257943,0.0022547004671217346,0.013055535249183332
Iars2,3.053876,0.45277926,0.0022590556778818655,0.013075227201935597
Tufm,3.0522325,0.1846957,0.00227146088526677,0.013141475560876161
Camsap3,3.051411,0.2131332,0.002277686863409447,0.013171933317310858
Psmd6,3.0508506,0.48260042,0.0022819408075293716,0.013190965849431389
Shc1,3.0484416,0.5703932,0.002300315826749299,0.01328780405674524
Relch,3.0482736,0.3613432,0.0023016028486610553,0.01328780405674524
Cdc37l1,3.0482736,1.751053,0.0023016028486610553,0.01328780405674524
Taok3,3.0479562,0.57762086,0.0023040356897510725,0.013296246398310738
Ppp1r13b,3.04762,0.78622365,0.002306614206237176,0.013305521947557604
Acer1,3.047284,0.29643717,0.002309195365535769,0.013314804927542103
Rgs2,3.046817,1.3381058,0.00231278469783085,0.013328424527918074
Vps16,3.0467236,0.9469939,0.002313503177181692,0.013328424527918074
Ccpg1,3.0445013,1.2370745,0.0023306634301906467,0.013421643124679217
Ubl4a,3.044184,0.7023096,0.0023331243880805683,0.013427029494924409
Akr1b3,3.044128,0.9098896,0.0023335589217091256,0.013427029494924409
Necap2,3.043661,0.28139016,0.002337182918463981,0.013436595041106393
Echdc1,3.043661,0.8959826,0.002337182918463981,0.013436595041106393
Bcar1,3.0431943,0.16821812,0.002340812068375424,0.013451814319103738
Ralgapb,3.0424845,0.78464913,0.0023463382602545977,0.013477917889093496
Vps29,3.041943,0.5365404,0.002350563651681606,0.013496530606889358
Gmfb,3.04114,0.67470026,0.002356841713272015,0.013526908869638293
Ipo8,3.0404491,0.77830875,0.002362256051469122,0.013552306492934244
Tbpl1,3.040225,0.8729967,0.0023640144972778753,0.013556717711472118
Nr3c2,3.0392725,0.16295126,0.0023715012705051793,0.013593961257707513
C1galt1,3.0388806,0.08392686,0.0023745903641948377,0.013605975737962893
Rbm39,3.0385444,1.4005718,0.002377241090421648,0.01360937514787795
Etfrf1,3.0385256,0.917764,0.0023773884323896187,0.01360937514787795
Def6,3.0384135,6.254564,0.002378272659786822,0.01360937514787795
Rabif,3.0383017,1.0223168,0.0023791571882604153,0.01360937514787795
Acy3,3.0367143,1.0254966,0.0023917204060701865,0.013674906264338106
Ceacam20,3.0362847,0.36876974,0.0023951302891661473,0.013678748415259526
Lin7c,3.036266,0.12738526,0.0023952786458545693,0.013678748415259526
Prkag1,3.03593,0.23307276,0.002397950505112564,0.013688300800017553
Grpel1,3.035463,0.049618766,0.0024016659468553414,0.013703799863356176
Itgb4,3.0330355,-0.090040766,0.002421071329774455,0.013808774861744394
Inpp4b,3.031971,1.5563185,0.002429625013708537,0.013851794709865566
Gmppa,3.0316908,0.2415447,0.0024318805754812317,0.013858886807026986
Ppp1r14d,3.0305705,-0.09136194,0.002440921999752339,0.01390462843933765
Tmem238l,3.02889,0.14912,0.0024545418275625087,0.013976401927517194
Zmat2,3.028647,0.3739229,0.0024565148738501462,0.013981825414103451
Ly9,3.0278814,3.0192673,0.002462747068609197,0.014011476262436045
Was,3.0271719,3.6670868,0.0024685361642530954,0.014037092841009933
Hdac3,3.0270784,0.23449446,0.0024692988136375137,0.014037092841009933
Supt20,3.026649,1.0694437,0.002472809778393225,0.014051221055158518
Cmas,3.0264435,-0.002167672,0.0024744905495775473,0.01405494217629038
Ppip5k2,3.0255284,0.70092225,0.0024819903274987272,0.014087600366926328
Coa5,3.0254912,0.5674622,0.002482296882172274,0.014087600366926328
Taok1,3.025099,0.9141465,0.0024855177984030533,0.014100038856365146
Zfp592,3.0243707,0.92308635,0.0024915096464455232,0.014128179700456817
Mob2,3.0239224,0.5659214,0.0024952035029720885,0.014143271820735461
Ppil2,3.0231194,1.5386175,0.002501834194745647,0.01417499109512629
Gps2,3.0218496,1.1224841,0.0025123528475753543,0.014228703601398244
Lpxn,3.0205052,3.4925969,0.0025235343263388483,0.014286124078860422
Paip1,3.0202065,0.3201157,0.0025260252729384725,0.014291941595502351
Zbtb33,3.0201316,1.2530335,0.002526648360898299,0.014291941595502351
Exoc2,3.020001,1.3248132,0.00252773910311665,0.014292210364299672
Eppk1,3.0194407,0.012863586,0.0025324185926004178,0.014312761847617874
Dgcr6,3.018507,0.52706164,0.002540235352866602,0.014351020344029875
Emd,3.0166023,0.8860891,0.002556250012735901,0.014435542116439342
Pcgf5,3.0154817,1.1337302,0.00256571347889388,0.014483013869322684
Prr14l,3.0138571,0.6903213,0.00257949242061852,0.01455479660727913
Sugt1,3.0136516,0.52321327,0.002581239395838655,0.01455865776985985
Dph3,3.0131848,0.82776225,0.0025852138182355005,0.014575073790051999
Dync1i2,3.0099542,0.20215869,0.0026128705165483295,0.014724938739906258
Rab32,3.0091512,0.7796682,0.0026197865672754005,0.01475784373835238
Ppp3cb,3.0079374,0.83075476,0.0026302728360977933,0.014810825258750418
Ei24,3.0076947,0.24017708,0.0026323746886328008,0.01481259475262126
Chmp6,3.0076199,1.2339218,0.0026330217213099073,0.01481259475262126
Rad23a,3.0075266,0.51494443,0.002633830716597474,0.01481259475262126
Prpf39,3.0067983,1.9463885,0.002640148682098241,0.014842034035595364
Chkb,3.0061448,0.5349285,0.0026458304427722096,0.014867874104175253
Sec13,3.0056405,0.5005423,0.0026502211494257616,0.014885823522211522
Prr14,3.0049496,0.31889293,0.002656248860594651,0.014908074309769242
Dag1,3.0039785,0.31196615,0.002664741419686096,0.014940131014463953
Slc35a4,3.0039225,0.29446858,0.002665232131339409,0.014940131014463953
Epc2,3.0039225,1.4263102,0.002665232131339409,0.014940131014463953
Arrdc1,3.003437,0.7668546,0.0026694884264839474,0.01495786971076895
Tsc22d2,3.0028768,1.0715559,0.0026744072549352315,0.014979304739416464
Coro1c,3.0021672,0.18886232,0.002680649661585386,0.01500813255566808
Snrpe,3.0015695,0.8342208,0.0026859167498736085,0.015028422755952406
Srp19,3.0014763,0.81957865,0.0026867405861989466,0.015028422755952406
Ccdc50,3.0013828,1.676115,0.0026875646534367443,0.015028422755952406
Specc1l,3.0004864,0.6686191,0.002695487459069765,0.015064125847339007
Arid1a,3.0004117,1.1045351,0.0026961486553047625,0.015064125847339007
Synj2bp,2.9984324,0.92023665,0.0027137244489915725,0.015150897861778536
Khdc4,2.9984136,0.89287406,0.0027138907556791625,0.015150897861778536
Fmr1,2.9963408,0.6849371,0.002732408788620559,0.015244657564540973
Copz1,2.9962847,0.036738127,0.0027329108743439877,0.015244657564540973
Aebp2,2.9934835,0.59413356,0.002758122888356974,0.015379032792222441
Ss18,2.9933343,1.1410888,0.002759473478194093,0.015380303763734367
Appbp2,2.9923072,0.8033372,0.00276877514914004,0.015425872120056342
Trim12c,2.9921765,1.9217077,0.0027699610504053488,0.015426205849818407
Lsm3,2.9919896,0.6738774,0.002771655999899361,0.015427823911010977
Nadsyn1,2.9918964,0.57810867,0.002772503829847374,0.015427823911010977
Ndel1,2.9914856,0.38778234,0.002776237096533156,0.015442325709502328
Slc25a17,2.9889832,0.16406152,0.002799075411023471,0.015563041043434074
Zdhhc9,2.9886844,0.21799825,0.002801813810150092,0.01557194693673682
Ifi208,2.988012,3.2897265,0.0028079841558718097,0.01559991197706561
H2-D1,2.9871905,1.5212516,0.002815542540945197,0.01563556255004021
Ahctf1,2.9868543,1.5607169,0.002818639958882973,0.01564642116559835
Cog5,2.9862568,1.422686,0.0028241541637153145,0.01567068126484399
Ccz1,2.9861073,0.20860939,0.0028255342532061633,0.015671991606852
Cyth1,2.984875,1.1641462,0.002836943510657537,0.015728905745045832
Smc4,2.984464,1.38105,0.002840755934160287,0.01574210907101468
Dync1li2,2.9843707,0.37809786,0.0028416230461765918,0.01574210907101468
Psmd1,2.9824286,0.44229308,0.0028597138541059546,0.01583182367797222
Sfr1,2.982279,0.6668903,0.0028611098006585045,0.01583182367797222
Strbp,2.9822605,0.30536887,0.002861284337712351,0.01583182367797222
Dnajc13,2.9816816,0.4256087,0.002866699810104256,0.015855384496741343
Arhgap21,2.9809532,0.24005951,0.002873526114259021,0.015886726297557944
Mgam,2.9797208,0.28514853,0.0028851121343736077,0.01594434701126197
Gab1,2.979422,1.6629914,0.0028879272808402913,0.015953469253029026
Rbm15,2.9792912,1.1652782,0.002889159695695931,0.015953844349469674
Cdc73,2.9791605,1.0319489,0.002890392590608961,0.015954221793449946
Ankrd50,2.9788992,1.1398729,0.0028928598212709217,0.015961409404515355
Glod4,2.9786003,0.39560378,0.002895681867273765,0.015970548140761102
Hk1,2.9782455,0.09571955,0.0028990363105504597,0.015982614669835533
Gpr68,2.9749215,3.9751556,0.0029306348466970117,0.016150320756133974
Ap2a1,2.9744546,0.46777162,0.0029350979289620212,0.016168412395166743
Rab5b,2.973577,1.2404546,0.0029435053194622122,0.01620820855170109
Scyl2,2.9723446,0.3478178,0.002955348542637087,0.01626688430459144
Nsmce4a,2.9705706,0.42682302,0.0029724719525556146,0.01635456455823772
Cnnm4,2.9698236,0.11909408,0.0029797088529136084,0.01638780059611258
Ptpn11,2.9696927,0.35362238,0.0029809769619687397,0.0163881959787206
H13,2.967732,0.079705656,0.0030000577771350924,0.01648647875922614
Vps4b,2.9673958,0.3421579,0.0030033399391913448,0.016497897821540267
Atp6v1a,2.9666862,0.59124994,0.003010279707775494,0.016529391581773255
Swap70,2.966294,1.2244486,0.00301412111569908,0.01654385388023934
Axin1,2.9660888,0.7728928,0.0030161350658583965,0.016548278094617556
Wapl,2.9643147,0.43532738,0.003033579417555153,0.01663571475420137
Plpp5,2.9642212,0.45127234,0.003034500085456148,0.01663571475420137
Psmc1,2.964016,0.23787077,0.0030365264519978266,0.01664016495694809
Prpf6,2.9621298,0.8369842,0.003055189954480276,0.016732101918433755
Prkcsh,2.9620738,0.37621826,0.003055745912403011,0.016732101918433755
Stx4a,2.9610467,0.9529715,0.0030659548395795366,0.016781294966935537
Ctso,2.960505,1.3939614,0.0030713502433334736,0.016804112753062535
Plekhh1,2.9602623,0.14757755,0.003073771682107287,0.01681064752290213
Uqcrb,2.9584882,0.3179632,0.0030915197238223706,0.016900965768701707
Tle4,2.9583015,1.0566665,0.003093393364169017,0.01690446313885741
Hnf4g,2.9573305,0.39864472,0.0031031529953339187,0.016951035102103145
Psmd2,2.9566023,0.54069537,0.003110491133982082,0.01698434776227761
Chd1,2.9559672,1.322974,0.003116901390649921,0.017005794126604506
Cisd1,2.9559672,0.11203447,0.003116901390649921,0.017005794126604506
Lrch3,2.9543426,1.1272619,0.0031333589837301387,0.017088781081649244
Endod1,2.9540253,0.17552178,0.0031365840726154614,0.017099562990382736
Dgat1,2.9535396,1.2024614,0.00314152241514854,0.017119672668072794
Golga4,2.9530168,0.18629344,0.0031468485559034785,0.017141878813470242
Slc9a3,2.9522884,0.7237906,0.0031542808268731713,0.01717553550403913
Tbc1d14,2.951224,1.0181136,0.003165172161780477,0.01722799309352107
Armc8,2.9508693,0.74921685,0.0031688102170197153,0.017240945183943646
Pithd1,2.9498422,0.32117733,0.0031793629252925342,0.017291493480153918
Wac,2.9481988,0.26427808,0.0031963138963029317,0.017376785864821494
Clcn3,2.9479187,0.15414266,0.003199211468837014,0.017378745885435008
Arl8a,2.9479187,0.7830099,0.003199211468837014,0.017378745885435008
Chmp2a,2.9458086,0.3894354,0.0032211169084730485,0.0174908052501311
Lmna,2.945155,-0.046637144,0.003227929449765616,0.01752085319405267
Mycbp,2.9447255,0.28596568,0.0032324134083883947,0.017534474292877446
Dhrs4,2.9446695,0.64758706,0.0032329986907889364,0.017534474292877446
Grb7,2.9443893,0.29810786,0.003235926551481833,0.017543408688286945
Yipf1,2.9441838,0.021927832,0.00323807518458357,0.017548113144301783
Micos10,2.9440157,0.09961565,0.003239834123917545,0.017550702846053923
Tmem230,2.9435303,1.0513911,0.00324492039555396,0.017571308070786263
Hagh,2.942802,0.17854114,0.0032525634452346976,0.01760573654670698
Tmx3,2.9426527,0.9339627,0.0032541332761548223,0.017607277205103106
Mt1,2.942167,0.22132933,0.0032592399952019106,0.017627946282773855
Adam17,2.9418497,0.36101252,0.0032625829502985443,0.017639063306665374
Zfand2b,2.941607,0.5390937,0.0032651414351499166,0.01764102148075025
Dipk2a,2.9414575,2.2217236,0.0032667167957386575,0.01764102148075025
Ptk2,2.9413455,0.38645554,0.0032678987705650913,0.01764102148075025
Gal3st1,2.9413269,0.3964568,0.003268095804244097,0.01764102148075025
Pwwp2a,2.9397955,1.0807227,0.003284289443977192,0.01772145150944763
Uck2,2.939534,1.2392654,0.003287061505593698,0.017729426230958134
Dnajc2,2.93931,1.0046642,0.0032894392545858475,0.01773028974685068
Ccm2,2.939198,1.8958,0.0032906287165245162,0.01773028974685068
Pigx,2.9391046,0.6712439,0.003291620234078669,0.01773028974685068
Fcf1,2.9389925,0.7115875,0.003292810414368723,0.01773028974685068
Tmem33,2.9388244,0.84364563,0.0032945964198201625,0.01773028974685068
Slc25a46,2.9387498,0.9107337,0.0032953904832252355,0.01773028974685068
Rxrb,2.9386563,0.7860292,0.0032963833076337,0.01773028974685068
Znrd1,2.9385443,0.66075355,0.0032975750565675567,0.01773028974685068
Med8,2.9372745,0.24043825,0.003311108999653954,0.01779607426255754
Spn,2.9368262,2.668743,0.003315897751655576,0.017814823214777016
Tlr3,2.9366581,0.30351877,0.0033176951593434775,0.0178174926236792
Memo1,2.9363034,0.67954975,0.0033214926011382777,0.017830896800781506
Grsf1,2.9355564,0.50768346,0.0033295001584375105,0.017866882949703837
Rbm26,2.9353323,1.0814927,0.0033319058517702798,0.01787279176556493
Inpp5d,2.933633,2.3191185,0.0033502006087484477,0.017963893675089524
Lactb2,2.9331474,0.566915,0.003355444458148374,0.017984972252203725
Zfp598,2.9325686,0.2974576,0.003361706508049787,0.018006614154628526
Lcor,2.9325314,0.24824859,0.0033621108764627567,0.018006614154628526
Psmd3,2.9318962,1.0829356,0.00336899191948716,0.018036416294245444
Atp2b1,2.931691,0.12916884,0.0033712208832819366,0.01804129925818849
Ramac,2.9302156,0.9654463,0.003387268388604742,0.0181201003217044
Ing4,2.9287965,0.43433183,0.0034027721025547226,0.018195932008196605
Mfsd5,2.927956,1.1043627,0.0034119823564428818,0.018238064098036473
Tpst2,2.9266863,2.0764904,0.003425943137683606,0.018305546406499767
Cib1,2.9263687,0.088684045,0.003429441448321901,0.01831709467524758
Slc38a2,2.9257338,0.3447902,0.0034364478266547824,0.018344620018046577
Ano10,2.9256592,0.1689482,0.0034372729625055153,0.018344620018046577
Vkorc1l1,2.924688,0.8901574,0.0034480161523788855,0.018394790221024426
Tomm6,2.9233062,0.68848366,0.0034633572358190555,0.018469441078521238
Ptp4a2,2.9224286,0.6947125,0.0034731331284891787,0.018514367260817798
Appl1,2.9217188,0.74832326,0.0034810553948322023,0.018549381139323678
Tm2d3,2.9209907,0.6294472,0.0034892032391678754,0.0185855693532659
Trappc10,2.9206357,0.64977604,0.003493178985603391,0.018599515003018444
Sdhaf2,2.919814,1.3413235,0.0035024018097104,0.018641377153470272
Aspscr1,2.919366,0.62295556,0.003507441775280343,0.018660952357802213
Fndc3a,2.9183948,0.23424272,0.0035183843477359206,0.01871190433384399
Dnlz,2.9179468,1.9949813,0.003523445235054526,0.018731548203433063
Tmco3,2.9173865,-0.023313563,0.0035297806583746306,0.018757949968864405
Hnrnpr,2.917181,1.3051721,0.003532106242647605,0.018763030447565797
Micos13,2.9150522,0.13514355,0.0035562899720112343,0.01888363711394316
Rassf2,2.91494,3.2721415,0.0035575669628530866,0.01888363711394316
Acap2,2.912662,0.62309456,0.00358362308422644,0.019014576395779328
Tmem41a,2.910944,0.52745074,0.0036033866419869476,0.01911203909996949
Casc3,2.9101596,0.902496,0.0036124420523411275,0.01915096477058613
Tmem131,2.9100664,0.13944168,0.003613521454887967,0.01915096477058613
Cetn2,2.9097302,2.0175545,0.0036174097333306864,0.019159039577629464
Dpysl2,2.9096928,0.66205275,0.0036178419990749947,0.019159039577629464
Kcnab2,2.9090204,2.6022992,0.003625630820031805,0.01919286794220855
Grap2,2.908535,3.5358899,0.003631265560456725,0.019215271602262315
Cblc,2.907732,0.11603785,0.003640602033681625,0.01925440433342484
Mpv17l2,2.9076574,0.58944243,0.0036414716516718075,0.01925440433342484
Eml4,2.9071531,0.857201,0.0036473465156939924,0.01927802749421593
Mcur1,2.9058273,0.13943666,0.0036628363869837437,0.01935243289690601
Isy1,2.9053605,1.5379615,0.0036683047902774935,0.019373853364225774
Kpna1,2.9052296,0.64073324,0.003669837272885816,0.0193744780880677
Ppp1r15b,2.905043,0.53927386,0.003672027543567503,0.019378573708349306
Pbrm1,2.9048002,1.1689728,0.0036748766723855345,0.019380992279479283
Dpagt1,2.9047627,0.25119707,0.0036753151782545385,0.019380992279479283
Polr1c,2.9042773,0.5805822,0.003681020085547961,0.01940360722278071
Arfip1,2.9024658,0.342147,0.003702374899265575,0.01950866773843784
Ebag9,2.9021485,0.6895422,0.0037061290737628177,0.0195169290928316
Eif1b,2.9020925,2.068828,0.0037067919342735635,0.0195169290928316
Insr,2.9016628,0.06489344,0.00371187744662487,0.019536197087499315
Osbpl3,2.9009159,1.8161082,0.003720736925540588,0.019575305637444723
Uba7,2.9002063,2.6366415,0.003729171230877807,0.019612148124002287
Tmem126a,2.8996274,0.525154,0.0037360647164961583,0.019640862093629075
Stk11,2.8991232,0.64778155,0.0037420781554641817,0.0196597308469922
Tns4,2.8990858,0.22845939,0.003742523945179245,0.0196597308469922
Rars,2.8984883,0.9240565,0.0037496631485931646,0.019689683838913896
Gk,2.8976667,1.0861549,0.0037594997651935725,0.019732754855741032
Arhgap5,2.8975358,0.32286775,0.0037610668421090587,0.019732754855741032
Plpp1,2.8974426,0.9073008,0.003762186546218655,0.019732754855741032
Cfb,2.8968077,0.6261469,0.0037698085724072474,0.019765165496356405
Elk3,2.8963594,2.47068,0.003775197272973663,0.019785846457436564
Orc4,2.8952577,1.4032121,0.003788474265922627,0.0198456531374696
Acap1,2.8950896,3.4405794,0.0037905032959503412,0.0198456531374696
Pgap3,2.8950522,0.8705087,0.003790954325602769,0.0198456531374696
Ndufaf8,2.893689,0.54670125,0.003807450322743832,0.019924396264931435
Map2k1,2.893353,0.0597585,0.0038115278406343966,0.01993811814306653
Espn,2.891747,0.49405688,0.0038310641359963226,0.020032663611889167
Htatip2,2.8906825,0.8896171,0.0038440626989331437,0.02009296412643421
Gtf2f1,2.8905518,0.9550984,0.0038456617732007623,0.020093656099485296
Actr1b,2.8893006,0.11103986,0.003860997801291015,0.020159608044651552
Rpa1,2.889282,1.6868843,0.0038612271174573486,0.020159608044651552
Ctnna1,2.8887217,0.11027631,0.003868112358560323,0.020187862595152924
Aco2,2.888479,0.005225787,0.0038710994253060085,0.02019575861640987
Sin3a,2.8864622,0.79781157,0.0038959961894355936,0.020317909324426203
Baz2a,2.886014,1.0096865,0.003901548517385284,0.020339122788500148
Med11,2.8857524,1.2519733,0.0039047906935120646,0.020348281666456934
C1galt1c1,2.8852484,-0.02579091,0.003911050373363322,0.020373152135010463
Itga4,2.8847814,2.5495362,0.003916854498307807,0.020395631557133014
Actn4,2.8845947,0.057366457,0.003919178337951727,0.020395859307088527
Cebpa,2.8845387,0.11042289,0.0039198757339827806,0.020395859307088527
Zfp800,2.8840158,1.0545404,0.003926390200759535,0.020421999145939874
Pck1,2.8834743,0.04170912,0.003933147691277382,0.020442836980855347
Ier3ip1,2.8834555,0.64763266,0.003933380896462386,0.020442836980855347
Tsc22d3,2.88269,1.5967586,0.003942953127902684,0.020484815264416673
Pgd,2.8822606,0.11507523,0.003948332173940372,0.02050498513380709
Mndal,2.881999,2.6206136,0.003951609637682999,0.02051422964617548
Pigp,2.881364,0.713966,0.003959579480587332,0.0205478177591085
Zmpste24,2.8811586,0.5630549,0.003962161082551889,0.020553429318803815
Tnrc18,2.8805985,0.34458634,0.003969209585490766,0.020582199591681866
Gga1,2.8804677,0.5273391,0.003970855873602509,0.020582945693664156
Ywhae,2.8802435,0.14142081,0.003973679524348921,0.02058979178652807
Edn3,2.879478,1.2385488,0.003983340759307064,0.020632048545371182
Fzd5,2.8793287,0.19001155,0.0039852283632415405,0.020634024405294448
Pak1,2.8778908,0.93706155,0.00400343812285489,0.020720476873106155
Msrb1,2.8752017,-0.009413087,0.004037695604932122,0.0208898904031609
Rnf152,2.8744733,0.7287807,0.004047019355410435,0.020930224676905612
Pstpip2,2.8741932,0.68558437,0.004050610614092888,0.020937476466407406
Ell2,2.8740811,0.8220227,0.004052047927343844,0.020937476466407406
Aff4,2.8740065,0.19720277,0.004053006393351273,0.020937476466407406
Usb1,2.8728673,0.940146,0.0040676485207618695,0.02100519590442428
Ghitm,2.872419,0.013213612,0.004073422506658609,0.02102708679021211
Faf1,2.8712053,0.37235716,0.004089097760521513,0.021100052474254134
Gcn1,2.8691325,1.1637197,0.004115992885248756,0.021230836795146067
Rara,2.8687217,0.65681183,0.004121342473162791,0.0212504297637675
Atg13,2.868367,1.0801259,0.004125967648377717,0.0212595312389266
Letmd1,2.8683481,1.724676,0.004126211209073418,0.0212595312389266
Skap1,2.8679934,4.923329,0.0041308413418117565,0.02127538585820341
Tnfaip8,2.8677506,0.68538433,0.004134012043196514,0.021283714765799416
Lxn,2.8673584,1.6692812,0.004139138610608211,0.02130210329276202
Ifit1bl1,2.8666303,0.9893117,0.004148674685397152,0.02134144601546782
Cog6,2.8665369,0.41625398,0.004149898699650093,0.02134144601546782
Dmxl1,2.8651922,0.83614355,0.004167560873116646,0.02142423413196925
Myc,2.8636236,0.95307386,0.0041882529205531215,0.021522530011844624
Aak1,2.8623164,1.2479632,0.004205567439336913,0.0216034022943066
Lrp6,2.8608973,0.27432182,0.004224439555206015,0.021692212108816493
Eps15,2.860169,0.39996207,0.004234153723363771,0.02173394754967541
Rbm22,2.8589365,0.9321122,0.004250639249804468,0.021810396150682105
Otulinl,2.8578534,3.1218174,0.004265174563066461,0.021876784542871775
Pygb,2.855351,0.46597075,0.00429892866946905,0.022041662713969307
Rbm47,2.8542678,-0.045921843,0.004313613620753507,0.022108681857210266
Bcl10,2.8541186,0.5070472,0.004315642696744484,0.022110809628047654
Grb2,2.85311,0.5760244,0.00432936161032136,0.02216451945493372
Fasn,2.85311,0.24389933,0.00432936161032136,0.02216451945493372
Smg6,2.852307,1.5401137,0.0043403141951812736,0.02220399718968762
Plekha1,2.852307,1.1875018,0.0043403141951812736,0.02220399718968762
Golim4,2.8521578,0.27352822,0.004342354654725457,0.022206143624389232
Psmb1,2.8507385,0.8207538,0.004361782438169519,0.022296709433203592
Zc3h15,2.8506265,0.42457822,0.004363319561344441,0.022296709433203592
Golgb1,2.84917,0.8615807,0.004383346896677186,0.022390698167217546
Prkcq,2.848479,4.0680184,0.0043928761488537665,0.02243101127070317
Tbl1x,2.8479002,0.97488153,0.004400874569237375,0.022461702962172047
Pitpnb,2.8478067,0.50167966,0.004402165872513281,0.022461702962172047
Cnot8,2.8462007,0.6803512,0.00442443010639379,0.022566899649141818
Sh3gl1,2.8459392,1.56006,0.004428064159743917,0.02256995408741552
Ndufs5,2.8459206,0.3292301,0.004428323838465176,0.02256995408741552
Senp5,2.8455658,1.3783139,0.004433260357097042,0.022586711376805308
Abhd2,2.8452482,0.08709728,0.004437681468910447,0.02259508194487265
Sh2d2a,2.845211,3.0118136,0.004438201862310386,0.02259508194487265
Psmd7,2.8449123,0.30109358,0.0044423670008107465,0.022607885553903133
Capn7,2.8437543,0.9801422,0.0044585403913095486,0.022681768793516827
Dhcr7,2.8435862,0.20375475,0.0044608925712078746,0.02268531114534071
Rnf220,2.843325,1.6986998,0.004464553752824022,0.02269550516277889
Snrnp27,2.8431568,0.7309491,0.004466908807145494,0.022699054398328363
Rbm6,2.8414948,1.1170969,0.0044902583552982964,0.022809247114418486
Ntan1,2.8376665,0.9916557,0.004544462286551532,0.023054446716455932
Tmem150b,2.8376293,1.2614143,0.004544994012384573,0.023054446716455932
Tmem45b,2.8365648,0.17566666,0.004560171909279579,0.023121523004119255
Cdc14a,2.8360045,0.36451206,0.004568178703081292,0.023153550955313986
Mlycd,2.834772,0.9648926,0.004585838488552674,0.023231304050076156
Aim2,2.8346975,0.8495535,0.0045869107631719705,0.023231304050076156
Cd63,2.8338196,-0.03368885,0.004599527010199704,0.023286592771521043
Tfdp2,2.8330915,0.7912297,0.00461001965962766,0.023331093216438472
Med13l,2.8323817,1.8170731,0.004620264112032678,0.02337430514580786
Cttn,2.8312614,-0.11187762,0.004636481541895514,0.02344769181394188
Slc6a8,2.8309252,0.117421106,0.004641356812294447,0.023463685730049418
Ciz1,2.8307946,0.8518158,0.004643254004028743,0.023464618168643963
Sh3yl1,2.8305519,0.13804913,0.0046467792231634905,0.02347377409931409
Arnt,2.8304024,0.7282108,0.004648949793126073,0.023476082626548912
Fam83e,2.829842,-0.08545529,0.004657097609230505,0.02350856199206261
Crlf3,2.8296554,2.1084604,0.004659816419791463,0.02351362244977644
Atxn7,2.828068,0.8162272,0.004682984397050459,0.023621828512367927
Ap1ar,2.8271904,0.062281244,0.004695839651869894,0.023677954814360525
Xdh,2.826462,0.96911573,0.004706531021803518,0.023723132817773437
Itpripl2,2.8252857,2.585018,0.004723848251796046,0.0238016627618999
Ambra1,2.824464,0.73962903,0.004735977010650083,0.02385400185511255
Acad11,2.8240159,0.06639089,0.004742604571404338,0.023878604420521657
Ppp5c,2.822522,0.046898816,0.004764757113167714,0.023981327130932283
Fam207a,2.822055,1.3458071,0.004771698962950506,0.024002959458343895
Pex13,2.8218122,0.60565287,0.004775312340970041,0.024002959458343895
Cacul1,2.821775,0.5266529,0.0047758684650188845,0.024002959458343895
Rab9,2.8217375,1.1341343,0.004776424647679871,0.024002959458343895
Bmi1,2.8216443,1.480166,0.004777815360795898,0.024002959458343895
Usf1,2.820916,1.5827993,0.004788675506030014,0.02404870030520938
Fam83b,2.8201315,0.7834274,0.004800396025894591,0.024098726843076547
Wsb1,2.8169944,0.111772366,0.004847538137411765,0.024326473436828273
Sh3kbp1,2.8157058,2.317446,0.00486702112309187,0.024415301862452807
S100a13,2.8155565,0.10464819,0.004869284596836773,0.02441771558443038
Trabd,2.8149216,0.6103676,0.004878914988285087,0.024450952322002294
Mdm2,2.8148842,0.87883186,0.004879482018128049,0.024450952322002294
Fuom,2.8146415,0.53541636,0.004883169165482325,0.024460481743001042
Atxn7l3,2.8142304,1.0051314,0.004889414695532617,0.024478135470021183
Tbc1d22b,2.8141747,1.0759033,0.004890266918353867,0.024478135470021183
Wdr45,2.8130167,0.6333757,0.00490790963432125,0.024557473334624224
AA986860,2.811168,0.25832537,0.0049362004587592614,0.024690013247536283
Tesk1,2.8095994,0.9351823,0.004960320370601953,0.024801601853009763
Cnep1r1,2.8087964,1.3872261,0.004972708669428892,0.024854472371826274
Ccdc9,2.8086283,0.68544996,0.0049753051073990005,0.024858380733539864
Fmnl1,2.8074517,2.5674326,0.004993514526929339,0.02494026577430986
Gimap1,2.807153,3.2293153,0.004998148727279266,0.02495431398094969
Ptprj,2.8059578,0.52854997,0.005016724442312613,0.025037932553618508
Tnpo1,2.805659,0.9087848,0.0050213781137341375,0.025052032104208914
Abcb7,2.804632,0.19719312,0.005037404893220879,0.025122842022979992
Dnm1l,2.8037543,0.55721635,0.005051137135110253,0.025174050182814076
Dele1,2.8036237,0.6358698,0.005053185255674358,0.025174050182814076
Cnksr1,2.8031569,0.48534808,0.005060506102201033,0.025201357179263598
Ube2k,2.8027272,0.33398244,0.0050672497478072235,0.025222448372671083
Tmem11,2.8026526,0.5425915,0.005068423384668868,0.025222448372671083
Ibtk,2.8020177,0.36576143,0.005078409223667359,0.025262965273871757
Spast,2.8011773,0.94693416,0.005091653120783441,0.025319654357434898
Galnt6,2.8009531,1.1456976,0.005095190095384454,0.025328049458188322
Hnrnpc,2.79959,1.0089147,0.0051167545812674155,0.025426020226102138
Srp68,2.7989924,0.6406503,0.005126233485361516,0.02546388642112138
Sept2,2.7981522,0.19315827,0.005139590046010063,0.02552097993125693
Slc6a6,2.7973118,0.10258805,0.005152978050080725,0.02557818814713983
Atf6,2.796845,0.19092353,0.005160429440537946,0.025605897622372274
Fez2,2.7962847,0.16058697,0.005169383961267881,0.02564104282019188
Mkln1,2.796098,0.43621877,0.005172371920267598,0.025646578106285227
Smarcb1,2.7949402,0.54741913,0.005190932125320564,0.025729294543014376
Lsm2,2.7946787,0.41377118,0.005195131458962102,0.025740796017280576
Plpp6,2.794548,1.4933063,0.005197232276648915,0.025741895224182985
Tlnrd1,2.793689,0.39866656,0.005211056756580509,0.025801039958494025
Pcna,2.7933714,0.357358,0.00521617420583381,0.02581704718927861
Pld1,2.7928674,0.0080285845,0.005224311252301912,0.02584798272175377
Uchl5,2.7926805,0.92721677,0.005227327882322459,0.02585357111473563
Rraga,2.7923071,0.27150586,0.005233365863910364,0.025874093228282925
Eif3h,2.7917655,0.5480889,0.0052421321294117695,0.02589874149763478
Tmx2,2.7916162,1.1845803,0.005244552742944145,0.02590135997777029
Pik3c2a,2.78973,0.58446133,0.0052751999553314055,0.026043329509203697
Drg2,2.7885349,0.73683167,0.005294703609537786,0.026128322645762987
Eaf1,2.7884417,1.0010618,0.005296230072064512,0.026128322645762987
Mepce,2.788012,1.4252272,0.005303256920619396,0.026153570846827116
Hkdc1,2.7875266,0.7658141,0.005311210453454128,0.026183369273955218
Tbc1d22a,2.787153,0.5840983,0.005317335884871303,0.026204137274365772
Tacc2,2.7869663,0.26551905,0.005320400992572417,0.02620981431076667
Scarb2,2.7859952,0.6019473,0.005336365290447078,0.0262790095180176
Fubp1,2.785547,0.9357972,0.005343748008216066,0.02630591006559831
Bola3,2.785379,0.60898304,0.005346518904522592,0.02631009662067511
Lonp2,2.7845948,0.49551687,0.005359466917630097,0.026364343544535845
Zfp871,2.7833436,1.4752829,0.005380180704135079,0.026456739284512053
Man1b1,2.7827272,1.1000485,0.005390409563529977,0.026497528173792854
Tmem165,2.7825406,0.88252884,0.005393512682744388,0.026503272508464175
Glrx,2.7823539,0.18115093,0.005396617414806848,0.026509020646415856
Tmub2,2.7820363,0.06942768,0.005401899162865596,0.02652545467070203
Ube2h,2.781831,1.0384942,0.005405319251147808,0.02653273871039949
Setd2,2.780916,1.7319939,0.0054205779531362455,0.026598108151134156
Mfn1,2.7801502,0.09236645,0.005433375309259563,0.02665135758569854
Mbnl2,2.779198,0.035053138,0.005449332034583986,0.02671050049152079
Ifih1,2.779011,-0.08274383,0.005452465760356393,0.02671630218772625
Hdac4,2.778507,1.3366469,0.0054609349473358345,0.026748233385234514
Pih1d1,2.778339,0.5063285,0.005463760647400162,0.026752509245669128
Ulk2,2.7781894,1.4429669,0.0054662734887229135,0.026754919863715504
Dpm1,2.7780774,0.58892316,0.005468158804263022,0.026754919863715504
Atad1,2.7779467,0.24989496,0.005470359080888001,0.026756129742294042
Ascc2,2.77748,0.31489238,0.005478223736989166,0.026785033974572294
Zfp414,2.7772183,1.6445056,0.005482632401005654,0.0267905477388069
Pdcd2,2.7771811,0.9755233,0.005483262471504711,0.0267905477388069
Nudt7,2.7762847,0.6025889,0.005498403783905584,0.02685494896239091
Nagk,2.7754443,0.8417337,0.005512633026325413,0.02691485119766862
Atg4b,2.7743986,0.3894293,0.005530386936791835,0.026991913442838668
Ddt,2.7731662,0.05497187,0.005551377422980868,0.02708471178591093
Myo7b,2.7728114,0.09297861,0.005557433451620853,0.027104606011821176
Reep5,2.7725124,0.56733876,0.005562537888462723,0.027119846644818257
Mcts1,2.7722697,0.87079436,0.005566688358078709,0.027130427074236328
Nudt19,2.7710934,0.2285331,0.005586841784333745,0.02721865440802455
Uqcc3,2.7709813,0.86106026,0.005588764587574676,0.02721865440802455
Sema4g,2.770533,0.053047743,0.005596461772885582,0.027246455681781266
Rnf216,2.7702155,1.2166724,0.005601919731455689,0.02726333936800815
Rnf146,2.7696555,0.5929515,0.005611563139615391,0.02730057351304363
Cnksr3,2.768871,1.083488,0.005625089072890807,0.027356663222791643
Lztr1,2.7683296,1.671016,0.005634445566088177,0.027392442957916263
Npepl1,2.7678254,0.6336621,0.005643169402397584,0.027425122672169882
Ppm1g,2.767209,0.35254765,0.005653848415278468,0.02745567402725023
Chchd3,2.7671716,-0.05243294,0.005654496213693292,0.02745567402725023
Ccnk,2.7671156,1.0915084,0.005655468036854025,0.02745567402725023
Plcl2,2.7669663,0.5690566,0.005658060301918437,0.027458528564039172
Ihh,2.7665741,0.6613156,0.005664870098010575,0.027481841481141953
Elovl7,2.765491,-0.0015313446,0.005683716529958618,0.02756351025148073
Lmbrd2,2.7653043,0.049272668,0.005686971624715999,0.027569536892643024
Ash1l,2.7649682,0.7105951,0.005692835032800532,0.027588199486864976
Rab11b,2.7639225,1.0619566,0.005711111632500272,0.027666983509637103
Babam2,2.7622044,0.6157765,0.005741252384138741,0.027803166370696627
Rabep1,2.7610466,1.0116922,0.005761645461395313,0.027892064601100983
Dcaf8,2.760001,0.46308196,0.005780121132877169,0.02797162116581322
Selenop,2.758339,0.17452228,0.005809594187356088,0.028104322163410453
Fbxo11,2.7579467,1.6156474,0.005816568230553844,0.028128127341541707
Atxn3,2.7569757,0.7047036,0.005833869785438645,0.028195112990928563
Egln2,2.7569382,0.80035824,0.005834536155422078,0.028195112990928563
Rbms1,2.7563221,1.8591404,0.00584554117139201,0.028238333585356323
Nlrc3,2.7540812,2.5819361,0.005885717325812743,0.02842239244400232
Trpm6,2.7539318,0.26286933,0.0058884045646809685,0.028425349730841883
Mink1,2.7522511,0.28424925,0.005918712292040061,0.02855967687430846
Parg,2.7521577,1.3150522,0.005920400169564674,0.02855967687430846
Ube3b,2.7515414,0.64522636,0.00593155104524077,0.028603396451882628
Gsdmd,2.75128,0.86765665,0.005936287435256428,0.028616163920835
Mllt6,2.7502716,1.0830728,0.005954588311637419,0.028694287678309057
Ralgps2,2.7497861,0.26336426,0.005963417964339178,0.028726732106697166
Rtca,2.7496367,0.25856277,0.005966137153144336,0.028729728997566747
Vti1a,2.749506,0.8218735,0.0059685173597959496,0.028731091999017747
Golga5,2.7492445,0.65917253,0.005973280340256519,0.028743920148055605
Tbcb,2.7489085,0.14595626,0.005979409204723717,0.028763309727779116
Fam50a,2.748647,0.95923394,0.005984180016108607,0.028776155219616677
Bccip,2.7465367,0.53314215,0.006022813018569063,0.028951767843647776
Mfn2,2.7439597,1.0604738,0.006070297829051467,0.029169793145564747
Trmt1l,2.7435303,1.1032767,0.006078244669072457,0.02919773911861594
Psmd10,2.7433436,0.5248323,0.006081702738860914,0.029204110593198218
Metrnl,2.742335,0.041643146,0.006100406955988687,0.02928366338368781
Naip2,2.741532,0.10036731,0.006115338092768589,0.029345054946034912
Mgat2,2.7400196,0.7143893,0.006143553612332082,0.029463160407306593
Ms4a6b,2.7399821,3.375268,0.006144251772531017,0.029463160407306593
Znhit1,2.7392538,0.6548997,0.006157880185078424,0.029518180033441012
Arap1,2.739011,1.0973907,0.006162429034822317,0.0295296529475571
Suds3,2.7379467,-0.029265149,0.006182409732038595,0.029609731763860205
Dap,2.7378907,0.04522831,0.006183462961781318,0.029609731763860205
Fmn1,2.737704,0.14908862,0.006186974894534846,0.02961619708425136
Ndrg3,2.735818,0.2633134,0.006222546220436258,0.029776068187208078
Bptf,2.7356498,2.5794628,0.006225724860035315,0.029780876600029267
Nsun2,2.735295,0.477639,0.006232440122563499,0.029802593256237325
Prrc2b,2.7347162,0.9718821,0.0062434106040311155,0.029844635476352504
Cc2d1a,2.7339318,0.6467383,0.006258301568484689,0.02990538245142666
Ppfia1,2.7334275,0.85625064,0.006267891206757985,0.029933474267322555
Pigq,2.7333155,0.49148402,0.006270024032990885,0.029933474267322555
Mad2l1bp,2.7305331,0.7448178,0.006323199210655272,0.030173399228832193
Gtf3c2,2.7294874,0.8073272,0.006343289219904512,0.03024965961419849
Arl8b,2.7294686,0.116591476,0.006343648491537028,0.03024965961419849
Rdh14,2.7293565,0.9154363,0.006345804505927479,0.03024965961419849
Ppp2r3a,2.7282922,2.3097095,0.006366319556509461,0.03033493426344991
Akirin2,2.7281988,0.5998981,0.006368121966546127,0.03033493426344991
Slc35a5,2.727732,0.60168874,0.006377140906655233,0.030360223064265657
Smc1a,2.7276945,0.7496528,0.006377862918172012,0.030360223064265657
Copg2,2.7271345,0.51204586,0.006388701921572569,0.030401256104739215
Lrba,2.72607,0.24842992,0.0064093417035574335,0.030488882409283623
Suclg2,2.7255096,0.052764036,0.006420228827808305,0.030530071135360562
Mast2,2.724464,0.2059921,0.006440595987849077,0.03061629598665245
Pex6,2.723829,0.75102615,0.006452990105824778,0.030660873843921927
Wdr81,2.7237544,1.5103202,0.006454449647143857,0.030660873843921927
Xpo6,2.7209346,0.8860664,0.006509765014961002,0.030901978902777554
Card19,2.7209158,-0.07893618,0.0065101327588441005,0.030901978902777554
Thada,2.7208226,1.7730464,0.006511971758563416,0.030901978902777554
Slc16a5,2.7204118,-0.08394867,0.006520068909620426,0.030929689772091356
Slmap,2.7191045,0.24328117,0.006545892854235224,0.0310414441339642
Ifi209,2.718731,2.8611825,0.006553288000827849,0.031065759727107796
Itgb1,2.7162473,0.79242367,0.006602657140534888,0.031288966733077815
Ssna1,2.7146974,0.8816079,0.006633635677898437,0.031424899304014035
Uckl1,2.7132034,1.3298521,0.006663618128701303,0.031556020865263684
Dapk3,2.7082922,0.27029052,0.006763045956662001,0.03201580152255336
Endog,2.7065554,0.85951215,0.006798522683663849,0.03217262893478229
Mtmr11,2.7062752,0.14449829,0.0068042603725997925,0.032188662674246256
Comt,2.7061446,0.518488,0.006806939449661846,0.03219022107710296
Vgll4,2.704576,1.4335585,0.006839162391630487,0.032331444018404994
Cdk9,2.7042212,0.95560956,0.006846469894276174,0.03235482495742793
Nfatc1,2.7035115,1.9142636,0.00686110594970786,0.03241281086586127
Atp8a1,2.7029326,0.000941971,0.006873066704002714,0.03245812266281875
Manbal,2.700561,0.5997917,0.006922263029940398,0.03267918797732028
Crls1,2.700393,0.23822911,0.006925761357279283,0.0326844404391065
Ddx58,2.7000568,2.0308952,0.006932762776783536,0.03270621557917853
Brd7,2.6995714,1.2045764,0.006942887162884503,0.03273694774676342
Psma1,2.6995153,0.21272594,0.006944056215481349,0.03273694774676342
Msl1,2.6984696,1.5452124,0.006965911010611335,0.03282291766278094
Gapvd1,2.6984136,0.77096343,0.006967083544771312,0.03282291766278094
Eif1,2.6976106,0.9291509,0.006983909358737592,0.03288326183442934
Abhd12,2.6975732,0.36342,0.006984692842203605,0.03288326183442934
Dock1,2.6969757,0.074388884,0.006997239318128405,0.03293101293657134
Snrpa,2.6968262,1.1125944,0.007000379097993016,0.032934475838772084
Gps1,2.6953883,0.11861133,0.007030664238755018,0.03306560249603287
Inpp1,2.694772,1.5266986,0.007043679563262813,0.033111507194863686
Ociad1,2.6946974,0.47094715,0.007045258647666252,0.033111507194863686
Gak,2.694548,0.15721388,0.007048417770160605,0.03311499432482863
Azin1,2.6943986,0.32021445,0.007051578164606158,0.033118485037745754
Mvd,2.693857,0.877498,0.007063045263941206,0.03316097330911395
Stt3b,2.6927552,0.02797024,0.007086426578658576,0.03325935050620846
Scaf11,2.6903276,0.62317747,0.007138190155295158,0.03349082367381632
Ncoa6,2.6901035,0.44306234,0.007142985402042922,0.03350184868469292
Slc30a9,2.687657,0.5908258,0.0071955219178926055,0.033736704406272654
Mif,2.6866114,0.47650856,0.007218085899775499,0.033828802898204745
Rbm7,2.6865182,0.6327988,0.007220103625865013,0.033828802898204745
Gtf3a,2.6857152,0.4515285,0.007237476977371881,0.03389861011623753
Padi2,2.685379,2.4323294,0.007244760675807438,0.03390743024825319
Prdm2,2.6853602,0.56506103,0.007245165518534724,0.03390743024825319
Sbno1,2.6852856,0.6490445,0.0072467850924733835,0.03390743024825319
Pitx2,2.6850429,0.011761778,0.0072520509518318515,0.03391080184088413
Acnat1,2.6850243,0.5043221,0.007252456160130694,0.03391080184088413
Nfyb,2.6847067,0.7798275,0.00725934781056059,0.03393144490094851
Sipa1,2.6828394,4.6879807,0.007300006019755564,0.034109850774437664
Foxn2,2.6824098,1.3848546,0.007309386261039242,0.03414183377661425
Rreb1,2.6822977,0.029563826,0.007311835058436949,0.03414183377661425
Tecpr1,2.6819804,2.5230556,0.007318777315612259,0.03416260620916114
Cd2ap,2.6799076,0.036632348,0.007364251724836276,0.0343631637024036
Vil1,2.679646,0.11295328,0.007370005200357017,0.034378301411266986
Kif3b,2.6794965,0.7007192,0.007373294710817694,0.03438193925738679
Fbxw2,2.6787684,0.9752692,0.0073893499432685006,0.0344450813959777
Npepps,2.678208,0.29621664,0.0074017214542810164,0.03449101494001698
Pde12,2.6777227,0.5858206,0.007412458455639793,0.034529303244564824
Ttc22,2.6774611,0.75034624,0.007418245702618694,0.03454451601831275
H2-T3,2.677125,0.13363701,0.007425692403672194,0.03456744340139621
Ifit1bl2,2.6758926,1.8632455,0.007453054371089675,0.03468284696868009
Atp9b,2.6757805,1.1420298,0.007455546300931596,0.03468284696868009
Cdkn1b,2.6744547,0.8957309,0.007485090926423913,0.034808467648339315
Esco1,2.6737077,1.2401873,0.007501781984184521,0.0348742494683841
Zcchc8,2.6733341,0.90408546,0.007510140022538819,0.034877428718009994
Map4k3,2.6732967,0.045283407,0.007510976285462184,0.034877428718009994
Ndufa11,2.673241,-0.018373828,0.007512230836410473,0.034877428718009994
Tnrc6b,2.673222,1.1405354,0.007512649061813686,0.034877428718009994
Sidt2,2.6726618,0.88414377,0.007525205536390734,0.03492388748257217
Zfc3h1,2.6719148,1.2646722,0.007541976774095779,0.0349898685421985
Srp72,2.6714294,1.2159724,0.007552896042566908,0.03502866478780184
Isca2,2.6711307,0.8473746,0.0075596226354878214,0.03504003875809869
Sfswap,2.6710932,1.9163111,0.007560463837148886,0.03504003875809869
Ctdspl2,2.6705143,1.1584123,0.007573513199011721,0.03508864755713919
Smurf1,2.66973,1.373376,0.00759122519098065,0.035152800614284975
Atf2,2.669674,0.1541392,0.007592491753114544,0.035152800614284975
Helz2,2.6695433,0.5923594,0.007595447801526101,0.03515460637868499
Med22,2.668423,1.2868098,0.0076208277130850365,0.03526016199569909
Ccdc124,2.6657524,0.74097633,0.00768162326359125,0.03552945263713711
Uxt,2.6655283,0.7761347,0.00768674470387237,0.03554114156026037
Eef1g,2.665155,0.5579738,0.007695287238537791,0.03556863534681773
Dhx40,2.664632,0.42870483,0.007707261081103998,0.03561196519768121
Marveld3,2.6640532,-0.0045291116,0.007720537309512573,0.03566128157124823
Vmp1,2.6636982,0.08084904,0.007728684479031523,0.035686881483900194
Ago1,2.6623538,1.5246245,0.007759627924508254,0.035817689543720714
Trip11,2.6614573,0.6998776,0.007780318514177272,0.03590109924022521
Adi1,2.6609905,1.289846,0.007791114428898522,0.03593881066528948
Nucks1,2.6598141,0.6369843,0.007818379686667185,0.036050301940450835
Acp1,2.6597207,0.8013951,0.007820547253067144,0.036050301940450835
Rrn3,2.6592538,0.97183275,0.007831393162768024,0.036088155509560016
Erap1,2.6579094,0.341454,0.007862704711402137,0.036220260439209576
Kat6a,2.6569755,1.4872782,0.007884514773920867,0.03630852181603895
Trim40,2.6566582,0.22099344,0.007891942530318165,0.03633051500852112
Malrd1,2.6554255,0.75284916,0.007920839139962768,0.03645129197765869
Prxl2c,2.654492,0.6678355,0.00794279356132149,0.03654005097048502
Atp6v0d1,2.6543238,-0.010153582,0.007946751139781537,0.03654598543639042
Tm9sf1,2.6540065,0.31783998,0.007954231384351954,0.036568110726718714
Slu7,2.6533902,0.6558528,0.007968769862108347,0.036622659211970596
Pgrmc2,2.6530726,0.49206033,0.007976268664037167,0.03664482920768249
Pfdn2,2.6528487,1.0016063,0.00798156573993124,0.03665687248979484
Mpp5,2.6521204,0.2648332,0.007998802999052623,0.03672360885441977
Nsmce2,2.6520083,1.6709853,0.008001457841638176,0.03672360885441977
Abhd6,2.6508317,0.18327358,0.008029381362372396,0.03683320094308584
Stk25,2.650776,-0.112568915,0.00803071322751806,0.03683320094308584
Tmem94,2.6496367,0.25433698,0.008057837421444468,0.03693696063248341
Fbxo33,2.6495993,1.0764786,0.008058728126313352,0.03693696063248341
Ddx60,2.6493378,0.07347957,0.0080649655289227,0.03694491476653138
Dnajc10,2.6493006,-0.015950125,0.008065856939174844,0.03694491476653138
Vav1,2.6487403,3.6756842,0.00807923868193912,0.03699384022144584
Ampd3,2.648535,0.41279334,0.00808415029859374,0.03700396227555437
Tsc2,2.6481988,0.6523515,0.008092193255551166,0.03700982039084746
Slc4a2,2.64818,0.0070464183,0.00809264029645831,0.03700982039084746
Sash3,2.6481428,3.4311852,0.008093534444597006,0.03700982039084746
Cdx2,2.6475265,-0.024373816,0.008108300662837823,0.03706497133162435
Slc25a11,2.646182,0.74876803,0.008140601604124493,0.03720021413492513
Phf23,2.645883,1.138248,0.008147795213373776,0.03722067169830635
Gadd45gip1,2.6456404,0.76944613,0.008153644209816058,0.03723497522482667
Ifi27l2a,2.645267,1.2650537,0.008162650004355869,0.03726368045973855
Mylk,2.6446881,-0.032758974,0.008176626580762132,0.03731291886360658
Ces2a,2.6445947,0.45690274,0.008178882872073764,0.03731291886360658
Swi5,2.6444266,0.544795,0.008182945600682086,0.03731902620817063
Coq10b,2.6440904,0.93101776,0.008191076476727212,0.03734367644963821
Dennd4a,2.6438851,2.3998075,0.008196048904131519,0.03735391549787152
Sccpdh,2.643661,1.1023623,0.008201476451181095,0.03736622127741304
Mtmr3,2.643474,1.2904439,0.008206001863901214,0.03737441008492241
Sumf1,2.643306,0.7161182,0.008210076645823261,0.0373805417240873
Psmb6,2.6423352,0.7194878,0.008233655304490543,0.037460883707430205
Tfam,2.6422977,0.9837528,0.00823456338487446,0.037460883707430205
Ybx3,2.6422417,0.011892131,0.008235925673487575,0.037460883707430205
Pnrc2,2.641364,0.2813534,0.008257294540224717,0.037545614072711134
Camta2,2.641084,0.29997793,0.008264124826808729,0.03756420375822149
Lmo7,2.6399074,-0.04303745,0.008292867267446522,0.037682348777451864
Polr1d,2.6397767,0.14496954,0.008296066386518612,0.03768438643743534
Apba3,2.637928,0.7735017,0.008341429453343378,0.0378715915909552
Atmin,2.637872,0.54892874,0.008342807549014801,0.0378715915909552
Daxx,2.6374984,1.3809521,0.00835200005963559,0.03790076211229135
Mob3a,2.6350522,2.4052658,0.008412435365038166,0.038162372351332075
Ndufs1,2.6343799,0.46962678,0.00842911190949385,0.038225366818955886
Rnf145,2.6340065,1.6669172,0.008438389426613976,0.03825263982247253
Rfx7,2.633913,3.67908,0.00844071023236018,0.03825263982247253
Washc2,2.6331847,1.0423026,0.008458832117302986,0.0383220899494216
Nin,2.63283,2.705419,0.008467673326071354,0.03834946266683555
Erp29,2.6315227,0.46834368,0.008500317550339202,0.03848458375401423
Per1,2.6313546,1.5580984,0.008504522818900007,0.03849090274824252
Gna12,2.6308317,1.9914867,0.008517617775706504,0.038537438417166156
Dpm3,2.630701,0.5358291,0.008520894330610854,0.038539535268857276
Kdm5a,2.6301222,1.317142,0.008535418338926692,0.038583991751794944
Cdc5l,2.6300848,0.8856494,0.008536356131364269,0.038583991751794944
Nr1h4,2.6299167,0.17219594,0.008540577337468314,0.038590339552544824
Icmt,2.6293378,0.8953277,0.008555131336262388,0.03864335618423829
Car8,2.629095,0.14536662,0.00856124122229452,0.03865820855156062
Sos2,2.6259952,0.7738857,0.008639603433197732,0.03899276986250922
Sf3b5,2.6259391,0.9083345,0.00864102549653854,0.03899276986250922
Spag9,2.624968,0.70386976,0.008665707859513863,0.039084836257017724
Fkbp3,2.624912,1.1906983,0.00866713376268758,0.039084836257017724
Clip2,2.62452,0.4427561,0.008677120957982945,0.03911699806658978
Aacs,2.6236236,0.4703955,0.00869998746629753,0.03920718035798557
Map3k11,2.6215508,0.78162926,0.008753072654441342,0.039433441422507855
Zfyve21,2.6208785,1.5920228,0.008770351525528972,0.03949829582503186
Gcc2,2.620281,-0.041685577,0.008785736101296291,0.039554579226999405
Kdelr2,2.6196272,0.0021630914,0.008802590586509744,0.039613105263578016
Cog3,2.6195526,0.12755191,0.008804518651649273,0.039613105263578016
Eif2b1,2.6166582,0.20001645,0.008879522371187616,0.03993744467671383
Vps41,2.6162474,2.075901,0.008890214186412388,0.03997241035571044
Pycard,2.6161165,0.03202392,0.008893618538397416,0.03997459776116949
Atp6ap2,2.615519,-0.14261955,0.008909196123841608,0.0400314814354313
Magi3,2.615239,0.20897204,0.008916506502820365,0.04005119314381606
Ndufb7,2.614604,-0.01824846,0.008933096534157033,0.04011256064174085
Atg5,2.6142118,0.66647947,0.008943357085521929,0.04014547577708074
Ptprn2,2.6131287,0.2631905,0.008971750453274347,0.04025973835894483
Agap1,2.61283,0.2619062,0.008979597260259294,0.040281755882630096
Sap30bp,2.6124566,0.7889361,0.008989414387277211,0.04031259479728242
Slc44a4,2.6114295,0.028099896,0.009016460924586592,0.04042065270511659
Wdr41,2.6109998,1.7175348,0.009027792825031125,0.040458214492288654
Cry1,2.6104023,0.749856,0.0090435801018927,0.04051131312168635
Plcd1,2.6103275,0.9202079,0.00904555524374004,0.04051131312168635
Luc7l3,2.6091511,1.7220563,0.009076714573853128,0.040630953976753904
Pmpcb,2.609095,0.012018719,0.009078200738893701,0.040630953976753904
Zmiz2,2.6087778,1.6294831,0.009086626445110674,0.0406553828536957
Ankib1,2.6085348,0.23264945,0.009093074342267615,0.04067094955568603
Dpy30,2.6081054,0.23188777,0.009104492167456818,0.04070872803334152
Lipe,2.607956,0.35063425,0.009108466584049284,0.040713211158719474
Acad9,2.605603,1.2925401,0.009171268272888063,0.040980552947999495
Tmem246,2.604184,0.14579862,0.009209335258429978,0.04113723281398458
Churc1,2.6038477,1.4030651,0.00921837175213276,0.041164176337750595
Cdk5rap3,2.6035116,0.57193077,0.009227416158427214,0.04119113762478098
Nek7,2.6029139,0.42165664,0.009243514658578532,0.04123612856480817
Myo5c,2.6029139,0.09519994,0.009243514658578532,0.04123612856480817
Srpr,2.6020176,0.41234538,0.009267709405890433,0.04133060509788377
Papss1,2.6001875,-0.09264746,0.009317282559030405,0.04153816175031453
Pcm1,2.5997581,0.38344538,0.009328951298744335,0.04156991788195699
Senp3,2.5997021,0.39025787,0.009330474269125383,0.04156991788195699
Pnpla6,2.5985441,0.9084378,0.009361998694687462,0.0416968082305651
AW549877,2.5969756,0.78633314,0.009404860776845497,0.04187409575651066
Sel1l3,2.5964713,0.021856483,0.009418675002806312,0.04192197775777989
Naa50,2.5961726,0.2978103,0.009426869748936655,0.041938043997319624
Retreg2,2.593801,0.22612594,0.009492141454324995,0.042207834444742756
Tmcc1,2.5936704,0.54302555,0.009495750799427638,0.04221018363145965
D1Ertd622e,2.5931847,1.0391448,0.00950916765678451,0.04225611316832559
Cpne3,2.5924563,0.3185143,0.00952932464218454,0.04233195447403638
Ppp1r16a,2.592307,1.1922423,0.009533464114898091,0.04233661535627353
Ndufc2,2.592027,-0.015853014,0.009541229948358711,0.04234365088840763
Lamb3,2.592027,0.36041835,0.009541229948358711,0.04234365088840763
Hsd17b10,2.5913734,0.6536006,0.009559372167715801,0.04241042703941272
Arhgap17,2.5912426,0.30385882,0.009563004300608732,0.04241280638340551
Mob1b,2.5906076,0.70766807,0.009580663598687637,0.04247737582589664
Gpr18,2.5902529,2.7504632,0.009590544689103782,0.04250742874174113
Phrf1,2.5901034,1.0885032,0.009594707865866066,0.04251212734875973
Rasa4,2.5891511,1.0277166,0.009621286016493556,0.04261157559920544
Ugt8a,2.5890765,0.44893205,0.009623373350652675,0.04261157559920544
Mfsd1,2.5889456,1.0850313,0.00962702715692064,0.04261398127619152
Rnf181,2.5871716,0.17465366,0.009676736961811297,0.04282018616822183
Ankrd17,2.5853977,0.24559924,0.009726675446862235,0.043027269493707665
St8sia4,2.5845573,4.7136164,0.009750410592293196,0.04311834251595119
Ptpn9,2.5841277,0.77461284,0.009762561811808174,0.043158146764043885
Pip5k1c,2.5839784,1.1866581,0.009766791485369117,0.04316291720953448
Gpbp1,2.5831754,0.78984064,0.00978955397358579,0.04324956125060475
Slc3a2,2.5820549,0.46887076,0.009821394590263521,0.04337624303243399
Prpf40a,2.581588,0.035284933,0.00983468872747126,0.04341636491359446
Faah,2.5815134,0.5858216,0.009836817276773518,0.04341636491359446
Umad1,2.5814013,0.1892702,0.009840010870413191,0.04341647308362664
Pik3c2b,2.5811212,0.5733178,0.009847998896745421,0.04343772855293376
Lrp1,2.580505,0.19833958,0.009865592896329173,0.043501326900453705
Pex19,2.5803368,0.6740722,0.009870396117889188,0.04350850283625543
Skil,2.5797954,0.28820425,0.009885887341719916,0.04356277149616045
Apc,2.578787,0.47495607,0.00991479079958939,0.04366925782899932
Phf3,2.5787122,1.5856323,0.009916934788310664,0.04366925782899932
Ccdc93,2.578619,0.9471945,0.009919615355025247,0.04366925782899932
Ttyh3,2.578376,0.34208336,0.009926587849617,0.04368591504649949
Smim8,2.578264,1.5496469,0.009929807396360152,0.04368605052348558
Nfe2l2,2.577069,0.009559964,0.009964207153251168,0.04382331877994895
Mcmbp,2.576826,0.15291497,0.009971207561129434,0.04383307159694952
Tcp11l2,2.57677,1.8864257,0.009972823661875303,0.04383307159694952
Osbpl5,2.575575,0.9906908,0.010007356104141808,0.043970743626280555
Clasp1,2.5754442,0.7298283,0.010011139543880358,0.04397326442807339
Rnf14,2.575183,0.55946535,0.010018710245557694,0.043992413578250136
Sptssb,2.5746226,-0.05417322,0.010034950350541388,0.044049605832238714
Dhx38,2.574417,1.1730354,0.010040910927475416,0.04405943391701838
Thap7,2.574324,0.6981316,0.01004362132283565,0.04405943391701838
Tomm40l,2.573633,0.5346081,0.010063698508005073,0.04413337693971495
Kdm3a,2.5729046,0.92537785,0.010084899630710641,0.044212199981035455
Taf1,2.5724752,1.008395,0.010097421493259004,0.04424355636935561
Mettl23,2.5724378,1.6721679,0.010098511004888686,0.04424355636935561
Ocln,2.5721202,0.084031686,0.010107776081102155,0.04426999114804972
Rab27b,2.5709438,-0.019354612,0.010142177399641746,0.04440646544426076
Zmat5,2.569674,1.2156265,0.010179425932685511,0.0445553147852369
Fastk,2.5694125,0.5895169,0.010187109849846611,0.044574706145927366
Exoc5,2.5690951,0.048816048,0.010196447262504554,0.044601317846843035
Dynll2,2.567844,-0.024171801,0.010233321886116845,0.044748327430514136
Polr2j,2.5676758,0.44632235,0.01023828422702066,0.04475574151569337
Amdhd2,2.5669103,0.44811335,0.0102609175630273,0.04484037340142712
Ubxn1,2.5666301,0.22232316,0.010269209172688126,0.0448552421034263
Ufl1,2.566574,0.8098885,0.010270868210105715,0.0448552421034263
Asxl2,2.5663314,1.2443432,0.010278060129350416,0.044872346645028906
Galnt7,2.5661633,-0.0809303,0.010283041775804027,0.04487979366948556
Atrn,2.5653603,0.9365789,0.010306872650536047,0.04496725950980532
Epb41,2.5652668,0.9090039,0.010309646870094781,0.04496725950980532
Vps33a,2.5635676,1.3384639,0.010360253913800483,0.045173608726628456
Med25,2.5622604,0.29942295,0.010399332713347875,0.045329576256082055
Krtcap3,2.5620549,0.36598772,0.01040548557821761,0.04534196959973959
Tmem229b,2.5617561,1.9662061,0.010414440982286936,0.0453665632614725
Btnl6,2.561476,-0.031305257,0.010422842901291446,0.045372088585871245
Dap3,2.5614388,0.12688844,0.010423963612719786,0.045372088585871245
Mtx2,2.5613828,0.105935,0.010425644880899466,0.045372088585871245
Oxa1l,2.560001,0.15341051,0.010467192611558028,0.04553621307537997
Retreg1,2.5599074,0.22311468,0.010470005196164008,0.04553621307537997
Ergic1,2.5590484,-0.13243924,0.01049591253845507,0.045634402341109
Wdr13,2.5589364,0.36570045,0.010499295958004824,0.045634630274323
Prlr,2.5587497,1.3499665,0.01050493714674507,0.04564466822404296
Tbx3,2.5586002,0.21914357,0.010509452038907463,0.045649807524740724
Slc41a2,2.558096,2.1317952,0.010524702546623022,0.045701560978996955
Hdac1,2.5579278,0.050193645,0.010529790422076035,0.045709166280875055
Arl6ip4,2.557461,1.0013163,0.010543934890954036,0.0457560684213083
Tmem70,2.5552015,0.47353718,0.01061263324601659,0.046027501229107
Dnajb9,2.555183,0.58338654,0.010613202655675112,0.046027501229107
Il4ra,2.5546973,1.0110116,0.010628016846858481,0.04607716164619025
Prpf38a,2.5540624,0.855969,0.01064741699675567,0.04614666651551808
Itpr3,2.5522137,0.53804004,0.010704085136692763,0.04637759847333677
Idh1,2.5514293,0.3082006,0.010728207073779942,0.04645770863022012
Anks4b,2.551392,-0.1521781,0.010729356942044996,0.04645770863022012
Tnrc6a,2.5505702,1.4134625,0.010754681782336052,0.0465526510009491
Tomm20,2.5502715,0.6380224,0.010763903982717964,0.04657785362073156
Sirt7,2.5500474,1.9780344,0.010770825246106537,0.04659308679244066
Ube2l3,2.5496552,0.18335573,0.010782946977824438,0.04661635710558891
Nedd4l,2.5496366,0.0006210947,0.010783524505529619,0.04661635710558891
Nop53,2.5495434,1.1747369,0.010786412556548676,0.04661635710558891
Naip1,2.5487964,0.22519056,0.010809541729581651,0.04666582308461435
Herc4,2.5487216,0.827282,0.010811857069933473,0.04666582308461435
Ascc3,2.5485349,0.44357812,0.010817647349635542,0.04666582308461435
Lima1,2.5484414,-0.1754857,0.010820543523047899,0.04666582308461435
Synpo,2.5484414,0.11559139,0.010820543523047899,0.04666582308461435
Vps53,2.5484414,1.7742137,0.010820543523047899,0.04666582308461435
Naprt,2.5484042,0.4337948,0.010821702185388306,0.04666582308461435
Med14,2.546985,0.97372586,0.010865813156727322,0.04682656188963961
Pik3cg,2.546985,2.9380853,0.010865813156727322,0.04682656188963961
Chuk,2.5468168,0.24250571,0.010871047393198274,0.046834386568181244
Arhgap18,2.5457711,1.3081119,0.010903666359061115,0.04696014747536539
Gpd2,2.5453415,0.44225845,0.010917088614176656,0.04700317850855443
Map11,2.5449495,1.0652307,0.010929356538565867,0.04703146986467069
Arhgef7,2.544912,0.10763587,0.010930525551030034,0.04703146986467069
Npc1,2.5442398,1.0067921,0.010951586785166867,0.04710729637575701
Ncbp3,2.5436609,0.96320486,0.010969751736654544,0.04717062108982023
Vdac1,2.5431566,0.09454858,0.010985594632180738,0.04722392421113151
Txndc11,2.5427647,1.4202965,0.010997930936921653,0.04726212479166457
Atg12,2.5401502,0.47615042,0.011080487993317253,0.04759213090947447
Ptpa,2.5401127,0.6338415,0.011081671357753545,0.04759213090947447
Casp3,2.5396833,0.12602925,0.011095288120423947,0.04763567760883988
Dlgap4,2.538152,0.19394979,0.0111439558766466,0.04782963518485539
Tpk1,2.5378346,0.45823288,0.011154069231171614,0.04785804837677767
Snap29,2.5376477,0.9332985,0.01116002207055681,0.047868598111029524
Prps1l3,2.537536,0.7399353,0.011163595128494977,0.047868936857709286
Ankfy1,2.535108,0.5634802,0.011241261288435712,0.04818688349548475
Mtfr1,2.5349028,0.45003206,0.011247855006636682,0.04820006680979748
Nme1,2.534324,1.4756792,0.011266455785405742,0.04826467925580321
Acvr2a,2.5340998,0.5584217,0.011273663416807541,0.04828045914669062
Gramd4,2.5312986,0.7223046,0.011364104887019512,0.048652574047552286
Khsrp,2.5307758,1.4304453,0.011381058456025448,0.04870768547690262
Ces1f,2.5306823,0.09196358,0.011384088240660013,0.04870768547690262
Sco2,2.5304022,0.9960552,0.011393181891118535,0.04873137430793754
G3bp2,2.5300663,0.1674055,0.01140410278314545,0.048762861463512074
Blmh,2.52973,0.139144,0.011415032966715128,0.04877914898440339
Gabpa,2.52973,1.5658842,0.011415032966715128,0.04877914898440339
Irf6,2.5285723,-0.1704777,0.011452752589913833,0.04892507342744606
Vps51,2.5284228,0.53316367,0.011457627687663018,0.04893064193297486
Oxsr1,2.5281801,1.3056828,0.01146555365000954,0.048949231849526556
Gnpat,2.5275452,0.9966006,0.011486306102209397,0.049022552523448205
Nhlrc2,2.527265,0.41826054,0.011495472189008257,0.04904639333211246
Hnrnpu,2.5266113,0.7002626,0.011516884974861405,0.04912245459389827
Desi1,2.5258458,0.35603288,0.011542013537722507,0.049214312314596435
Ilvbl,2.5255284,0.55635846,0.011552446959260824,0.049241239722723595
Wdtc1,2.525435,0.20554805,0.011555517205004114,0.049241239722723595
Tmem189,2.5250053,0.025947198,0.011569649663469243,0.049286131961918105
Ush1c,2.524744,0.07126805,0.011578259536662833,0.049307477666235874
Rab20,2.5242398,0.14330398,0.011594880349037355,0.04936291509689613
Cd8a,2.523829,2.6876917,0.011608438882538341,0.0494052850856711
Hccs,2.5231566,0.74316865,0.011630655919398027,0.0494844677316003
Plekha2,2.523026,0.60092205,0.011634980277098412,0.049487497608273284
Nsmaf,2.5228765,2.4924562,0.0116399241468695,0.04949315978029552
Prkd2,2.5220735,1.8514633,0.011666529392073797,0.049590894406270875
Rexo2,2.5217376,0.52602714,0.011677682480516366,0.04961805349898522
Ctr9,2.5216627,1.0491023,0.011680162228775718,0.04961805349898522
Dgkh,2.5214946,0.3492266,0.011685743370409963,0.049626374511660416
Ccdc85c,2.5210838,-0.025638495,0.011699396122011877,0.0496689578157926
Upf3a,2.5208225,0.75806135,0.01170809160221403,0.049690475511255335
Adrm1,2.520449,1.5611645,0.011720523661792012,0.04972298986200205
Wdr77,2.5203743,1.5120934,0.011723011478413621,0.04972298986200205
Mmadhc,2.5194592,0.46861595,0.01175352526894084,0.049836984272513006
Pdpr,2.519179,1.0405818,0.011762880298488447,0.04986121908703333
Rap2c,2.5171623,1.3532975,0.011830431693053018,0.05013204893127941
Plxnb2,2.5141745,-0.12931807,0.01193114022777153,0.050543172888209635
Pglyrp2,2.5117095,3.597987,0.012014796222116318,0.05088182635022984
Ube2f,2.5098794,0.057156574,0.012077240358454174,0.05113046752497595
Ube2m,2.5096927,0.15028451,0.012083628354466969,0.05114170789502548
Ddx47,2.5086281,1.2558917,0.012120097147483353,0.05128021337878998
Kif1c,2.5073957,-0.12224382,0.01216244600647087,0.05142762663229967
Tmco1,2.5073957,0.57038313,0.01216244600647087,0.05142762663229967
Dot1l,2.5072277,0.9775348,0.012168230998895994,0.05143621249147643
Bst2,2.5070221,0.44824296,0.012175304856430667,0.05145023952285631
Hivep1,2.5053604,0.2296086,0.012232672941027402,0.05166352303291469
Zfp652,2.5053415,1.2121277,0.012233318884582135,0.05166352303291469
Galk2,2.504464,0.41668198,0.012263712341782307,0.05177408204621798
Arid2,2.5043144,0.9503312,0.012268892353768957,0.05177408204621798
Kpnb1,2.5042584,1.3720639,0.012270835357961299,0.05177408204621798
Atp11a,2.504053,0.11355904,0.012277962039259717,0.051788201951311
Atl2,2.5030074,0.08507841,0.012314300208469674,0.05190951164801063
Ubash3b,2.5030074,2.6310992,0.012314300208469674,0.05190951164801063
Phax,2.5017188,0.8883422,0.012359205017477018,0.05208277721914339
Uso1,2.5016067,0.80365574,0.012363116629642873,0.052083240413932155
Rbl1,2.500729,1.2706062,0.012393795549477123,0.05219643376201555
Triobp,2.5002995,0.7846398,0.012408833195494335,0.05224370460303392
Dennd1c,2.4997954,4.6574235,0.01242650670219667,0.052285977217473696
Galnt10,2.4997954,-0.04923529,0.01242650670219667,0.052285977217473696
Prkcz,2.4996645,0.64095014,0.012431092360021524,0.052289212567483846
Clmn,2.4995525,-0.09874593,0.01243502411663918,0.05228969625474425
Smim4,2.498731,1.0603311,0.012463890665741087,0.05238720726490483
Ccl28,2.4986749,0.969286,0.012465860998802172,0.05238720726490483
Cutc,2.4984508,1.9327439,0.012473745089672165,0.05240426486614801
Anp32e,2.49832,0.8266166,0.012478346181583291,0.05240752381596906
Cbr4,2.4981146,0.6814525,0.012485579505422019,0.05242183243159107
Eif2a,2.4978533,0.15955825,0.012494790923826118,0.05244218247683488
Anapc2,2.4977598,0.8902711,0.012498082174223787,0.05244218247683488
Hikeshi,2.4962287,1.0972646,0.012552168321659134,0.05264520012032851
Cenpb,2.4961727,0.55822086,0.012554151006796585,0.05264520012032851
Mtus1,2.4958365,-0.02983246,0.012566052941668765,0.052678985710178115
Ddx19b,2.495519,0.8402232,0.012577302829964058,0.05271001797813019
Tap1,2.4951081,1.6699047,0.012591874744986685,0.052754949237405986
Mlxip,2.4949775,0.045458693,0.012596514396888461,0.052758253511883804
Caprin1,2.4943051,-0.009319219,0.012620399378824204,0.0528421367634143
Arhgap12,2.4925685,0.24110185,0.012682287919000616,0.05308504261848715
Rap1a,2.492363,1.3828766,0.012689625806209645,0.053099533764530284
Rab28,2.491859,1.0677345,0.012707652918803207,0.05315088688005249
Trim41,2.491803,0.65304863,0.012709657329857807,0.05315088688005249
Prr12,2.491112,2.1373289,0.012734401417874049,0.053238113953272645
Zfp467,2.4874704,-0.1219431,0.012865515218849271,0.05376984700983375
Seh1l,2.4863687,0.45730776,0.01290542022417559,0.05392017598999865
Srsf5,2.485603,1.2273629,0.012933215271983213,0.054019832081149396
Pdcd10,2.4848187,1.205303,0.012961743147781193,0.05412248738939419
Tmem245,2.484632,1.0956603,0.012968543698369677,0.05413438411568086
Pdcl,2.484445,0.8501633,0.01297534740503491,0.0541462867648426
Zzef1,2.4841652,0.37948868,0.012985558885361563,0.05417239851688594
Uba3,2.4840343,0.56127167,0.012990326675137413,0.05417579161320626
Rpia,2.4835863,0.81094927,0.013006685140750183,0.05422750652108262
Cxadr,2.4818122,-0.07558252,0.013071616351005953,0.05448163797042335
Zbtb8os,2.4808412,0.68490803,0.013107278912597527,0.0546027777584496
Gtf2a1,2.4808037,1.1521521,0.01310865226624385,0.0546027777584496
Mindy2,2.4805796,1.0653517,0.013116895060765325,0.05462050526823251
Ier5,2.4802623,2.2462742,0.013128580199084956,0.054633149943474
Pgap1,2.4801688,0.35518175,0.013132018755889738,0.054633149943474
Rit1,2.4799821,0.764618,0.013138898258783043,0.054633149943474
Slc1a5,2.4799447,0.11406073,0.013140274541731126,0.054633149943474
Akap10,2.479926,1.090501,0.013140962731009367,0.054633149943474
Nucb1,2.4798326,0.083554424,0.013144404155492185,0.054633149943474
Atpif1,2.4797394,0.005129447,0.013147846376907574,0.054633149943474
Dcun1d5,2.4792538,0.8139176,0.01316575878079963,0.05469099311611732
Actn1,2.478787,0.48493025,0.013183002592038941,0.05474602470777008
Snx13,2.4786563,0.2739177,0.013187834436371226,0.05474949447826842
Marf1,2.4777412,0.9849853,0.013221701213093585,0.05487346459236053
Sla,2.4774985,3.061268,0.013230699172747008,0.054894178881476074
Ranbp3,2.4767141,1.1015741,0.013259806514859248,0.054998289207863066
Rcor1,2.47649,0.013414457,0.01326813328958682,0.05501617011723348
Prkcb,2.4763594,2.625022,0.013272992709299316,0.055019667206475234
Mctp2,2.4756124,0.8680505,0.013300791016156955,0.055101553347853126
Il13ra1,2.474884,0.10665404,0.013327943903442609,0.0551973492978125
Rab24,2.4744732,0.4445213,0.01334328252235105,0.05524417363439389
Set,2.471392,1.0807412,0.013458820364318162,0.055705691538114444
Naa15,2.4699728,0.2074223,0.01351233453701909,0.055908003171354324
Ube4b,2.4698794,0.45661962,0.013515861788578505,0.055908003171354324
Osbpl9,2.4691138,0.83947366,0.01354481595187512,0.05601085980702963
Homer1,2.4686282,0.48780963,0.01356320551131231,0.05606998053861758
D17H6S53E,2.4683108,0.7696771,0.013575241377192336,0.05610280750151886
Tlk2,2.4680307,0.79124624,0.013585869093854045,0.05612979691972268
Pgrmc1,2.4670782,-0.08607072,0.01362205833205503,0.05626234523640456
C1d,2.466854,0.76224595,0.01363058581259097,0.05628059844258478
Arpp19,2.4666114,0.5009241,0.013639829237619439,0.0562832246918855
Dctn4,2.4664993,0.09347491,0.013644097301012228,0.0562832246918855
Fam53b,2.4664807,1.4827542,0.013644808759594687,0.0562832246918855
Cxxc1,2.4664059,1.0552899,0.013647654921638221,0.0562832246918855
Kdm4a,2.4651735,0.8275535,0.013694692366230873,0.05646021228328708
Sgsm3,2.4649308,0.17413716,0.013703974178815623,0.05648148202460109
Entpd7,2.4648187,0.53301984,0.013708259966018817,0.056482153844949715
Pde3b,2.4629326,3.0663393,0.01378058194775371,0.05676307056050085
Zswim7,2.4622602,1.2204216,0.013806441415799226,0.05685249395745398
D16Ertd472e,2.4616067,2.7820413,0.013831623636926261,0.056939075668837075
Rictor,2.4601314,1.0168191,0.013888612643030493,0.05715650141469443
Hnrnpa2b1,2.4597766,0.5169534,0.013902349746112513,0.05719585330983226
Cdc27,2.459646,0.77206254,0.013907413807118262,0.05719951040453923
Tmprss4,2.4589922,-0.10566834,0.013932758547955844,0.05728655225299972
Rap1gap2,2.4588244,0.07182755,0.013939282354027086,0.05729618009306063
Mtpap,2.4575732,0.96289593,0.013987933285567978,0.0574646625403048
Rspry1,2.4575543,0.7586765,0.013988660552694637,0.0574646625403048
Upk1a,2.4568074,0.8884968,0.01401777862055727,0.05754149653721979
Nipal1,2.4567702,0.49292874,0.014019235927253725,0.05754149653721979
Gid4,2.4567513,0.9490101,0.014019964630747419,0.05754149653721979
Ralgds,2.4561913,-0.04826932,0.014041841287203915,0.05761402384986332
Sptssa,2.4545853,0.14681469,0.014104721438890848,0.05784338762741268
Ppm1h,2.454548,1.7782336,0.014106186719940567,0.05784338762741268
Gstp1,2.4541557,-0.084079936,0.014121580283286748,0.057889183088279006
Dtx3l,2.4521763,0.16955931,0.014199507602550001,0.05819122170354024
Cd226,2.4515414,3.7799613,0.014224583401179988,0.0582765528098582
Calr,2.4501595,0.20722306,0.014279295234690449,0.05848321217197583
Eed,2.4491138,0.75220597,0.014320822101074158,0.05862736231955608
Ubr2,2.4490578,0.84723145,0.014323049757923664,0.05862736231955608
Trappc3,2.447564,0.30729207,0.014382566805610656,0.0588243546440225
Ubn1,2.447545,1.5723372,0.014383312146993454,0.0588243546440225
Pcbd2,2.4475265,1.0195355,0.014384057522443457,0.0588243546440225
Calm2,2.4462378,-0.06152015,0.01443557077497153,0.05901740364581019
Cdip1,2.446126,0.99256444,0.014440057867668046,0.05901813627298694
Ccdc97,2.4453042,1.2462146,0.014473000814707293,0.059135136045776894
Cox20,2.444856,0.90186167,0.014490997613900014,0.059191015894582644
Zfp664,2.4443705,0.3452416,0.014510516412260786,0.05925307745096059
Parvg,2.44353,2.2961116,0.0145443537365323,0.059373553692041864
Ech1,2.443418,0.016245313,0.014548870632251942,0.05937430076313721
Lrmp,2.4428205,3.627588,0.014572981637318896,0.05945498762098537
Gpx1,2.4419801,0.05566486,0.0146069473399825,0.05957581975521294
Skap2,2.4417374,0.5526986,0.014616772638489256,0.05959815034145917
Polr2f,2.4410279,-0.10396846,0.014645526156079171,0.05969762223691896
Ptpn23,2.440673,0.04676378,0.01465992160408863,0.05973079800370833
Hdhd5,2.440561,2.2875204,0.014664470125635485,0.05973079800370833
Best2,2.440505,0.38439062,0.014666744852881374,0.05973079800370833
Gcnt2,2.440262,3.962697,0.014676605598845295,0.05975319367137609
Ccdc90b,2.43959,0.7946281,0.014703942784697279,0.05984130304533366
Pum3,2.439515,1.2178872,0.014706983018513755,0.05984130304533366
Fbxo28,2.438675,1.2239459,0.014741223846394659,0.05995121338032616
Dnajc9,2.4386375,1.5892147,0.014742747290388237,0.05995121338032616
Tra2b,2.4377785,0.86676294,0.014777824821275562,0.060076023754146946
Ppt1,2.4375172,0.8868376,0.014788515180853999,0.06010164876229599
Rgs1,2.4365273,3.4105933,0.014829047590409082,0.060248502962219584
Stambp,2.434772,1.1396744,0.014901176085464402,0.06052360283749253
Foxk2,2.433745,0.9116103,0.01494352211798806,0.060677609074225376
Pdia4,2.4324937,0.0019851632,0.01499525049671333,0.06086960942369559
Tars,2.4308877,-0.044624045,0.015061879255088713,0.06112196261691806
Hgs,2.4307196,-0.09325072,0.015068867081981081,0.06113221173323684
Crtc2,2.4299355,0.8896047,0.015101514709640199,0.06124652206100377
Crybg2,2.4287777,0.5390763,0.015149822682630508,0.06141557440792378
Smim14,2.4287217,-0.10328256,0.015152163613049807,0.06141557440792378
Klra6,2.428236,26.185562,0.015172465023631123,0.06147967193840473
Psmf1,2.4281054,0.8412611,0.015177934878918265,0.06148365104706689
Bpnt1,2.4277878,-0.009539191,0.01519122604320835,0.0615019488909073
Patl1,2.4277318,1.1712384,0.015193572606387708,0.0615019488909073
Crb3,2.4276757,-0.12556215,0.015195919488738774,0.0615019488909073
Psmd14,2.4271343,0.5409997,0.015218622480436496,0.06157564323153573
Rnf11,2.4267046,0.2592806,0.015236649532586551,0.06163038045362733
Pdcd5,2.4262378,0.5150905,0.015256265477226577,0.06169151034179578
Gtf2f2,2.4261258,0.6108967,0.015260976611203082,0.061692351600319335
Ppil1,2.425771,1.0494864,0.015275903653391643,0.06173447789128776
Tmem160,2.4254723,0.90339357,0.015288483762898188,0.06176709747912273
Acaca,2.4243145,0.4070885,0.015337317878938543,0.06194612468792984
Rex1bd,2.4234555,0.91120595,0.015373638324433666,0.06207451961236111
Map4k4,2.4232688,4.1419024,0.015381544084591657,0.06208814200321323
Hacd3,2.4217188,0.28910944,0.015447300126988703,0.06233520227974823
Dcaf12,2.4214947,0.5476617,0.015456827466820564,0.06235528159465304
Stx16,2.4205983,0.97307914,0.015494988561856866,0.062472437697892604
Phf10,2.4199634,0.76032984,0.01552206947942704,0.06256321031719636
Tbc1d2b,2.4177225,2.0022087,0.015617982389440593,0.06293128198098122
Oard1,2.417349,0.5844002,0.015634018469209723,0.06297737519205328
Hmg20a,2.4156682,1.7594141,0.01570636023076233,0.06325018670236446
Arih2,2.4155562,0.5158439,0.01571119346793973,0.06325105804019228
Mvk,2.4146972,0.96725535,0.015748291772461887,0.06338178533570149
Dennd6a,2.4141183,1.7813392,0.015773336243921403,0.06346393731034455
Gmfg,2.4135394,3.236438,0.015798415740230595,0.06350888956606783
Crim1,2.4135394,0.7621334,0.015798415740230595,0.06350888956606783
Trio,2.4133902,0.24995217,0.01580489355888175,0.06351629268309768
Capn2,2.4128673,0.23197582,0.015827584324418244,0.06358882851745747
Synrg,2.4110932,1.5101283,0.015904784498890278,0.06388025436376335
Tfip11,2.4108877,0.6073167,0.015913744821153097,0.06389750997942481
Clock,2.410701,0.107726604,0.015921894420254667,0.06391150118883356
Inpp5a,2.4104023,0.38887894,0.015934941412141662,0.06394513689113672
Entr1,2.4097114,0.23286733,0.015965148592104267,0.06404759464475211
Sik2,2.4095244,1.1677761,0.015973321332493334,0.06406162244003474
Sorbs1,2.408983,1.5205939,0.015997043084850136,0.06413798368816122
Mbnl3,2.4087589,0.6261016,0.016006868038658893,0.06415859921873225
Mul1,2.4082735,0.12620257,0.016028173639897926,0.06422520586914349
Iws1,2.4078999,0.22466424,0.01604457952472715,0.0642721460493456
Mterf3,2.4068356,0.7669621,0.016091417314014023,0.06444092873487053
Rab3ip,2.4063873,0.29594538,0.016111174418145746,0.0644997795778862
Slc44a3,2.4062753,-0.10042102,0.016116117024591398,0.0644997795778862
Crtc3,2.4061818,1.4447888,0.016120236881363676,0.0644997795778862
Fam193b,2.4053042,1.5020654,0.01615900880676869,0.06463603522707476
Slc23a2,2.4051175,0.19812955,0.01616726871917957,0.0646501989062347
Foxn3,2.4046319,0.80787224,0.01618876186072831,0.06471725634431802
Adcy6,2.4035861,0.28366798,0.01623514009150144,0.06488372790360844
Bin3,2.403437,0.8749623,0.01624177507561458,0.0648913148252901
Fut8,2.4024844,0.86414826,0.01628412914273378,0.06504156538059849
Rac1,2.4013267,1.9029161,0.016335749084768536,0.06520972099689072
Acbd5,2.4013267,0.1986968,0.016335749084768536,0.06520972099689072
Metap2,2.400206,0.13015735,0.016385840700706877,0.06538158964279883
Asnsd1,2.40015,1.8289043,0.0163883488199541,0.06538158964279883
Cops8,2.3997207,1.1239117,0.016407588941808566,0.06542024694492937
Pim1,2.3997207,1.4010638,0.016407588941808566,0.06542024694492937
Wdr37,2.3975358,1.0043519,0.01650577013909694,0.06579256645493979
Asph,2.3962471,-0.15602298,0.01656391345078031,0.06600512340770513
Ncf1,2.3959484,3.2085347,0.016577421621508798,0.06603974301095392
Ctdnep1,2.395519,0.33721954,0.016596856566163484,0.06609556918127053
Nvl,2.3954256,1.3291354,0.016601084200930795,0.06609556918127053
Me2,2.394604,-0.062049966,0.016638328183737058,0.06622460665810509
Rad50,2.3934274,2.1375685,0.016691782527857822,0.06640216651175873
Vamp4,2.3934088,1.3815814,0.016692632223831903,0.06640216651175873
Timm10b,2.3930352,0.8467449,0.016709634120533466,0.06645050434000246
Sys1,2.3927178,0.3478493,0.01672409768515,0.06648872266005659
Opa3,2.3923442,0.22328903,0.016741127715050243,0.06653711914597862
Ube2w,2.3919334,1.1209538,0.01675987833108092,0.06658317838772171
Mroh1,2.3918774,0.6566809,0.016762436661259282,0.06658317838772171
Bloc1s1,2.3909812,0.7050402,0.016803416595608345,0.06672661082893748
Kif1b,2.3881986,0.74258715,0.016931185897370204,0.06721450211358208
Txnrd1,2.387956,-0.12429508,0.01694237389109325,0.06723943288180115
Epb41l1,2.3876011,0.5547632,0.016958737245204598,0.06728488278578135
Tmem179b,2.3872464,1.097792,0.01697511446726771,0.06733036137856618
Ndufb2,2.385827,0.4148807,0.017040762228901368,0.06757118452560021
Mtm1,2.3848746,0.92437154,0.01708494013718681,0.06772675922438058
Nudt16l1,2.3844266,1.5584443,0.017105764489377638,0.06778969438949195
Smchd1,2.3813078,1.5986472,0.017251284858114085,0.06834661728055609
Fip1l1,2.3806357,0.21704964,0.017282796407858007,0.06844922685886169
Zfp524,2.3805423,1.572569,0.017287177002311055,0.06844922685886169
Stip1,2.3799448,0.27258486,0.017315235873893504,0.06854051761697227
R3hdm4,2.3797767,-0.085703544,0.017323134624543112,0.0685519769948702
Zfp277,2.3791604,2.521139,0.01735212375233162,0.06864686555210604
Hsp90ab1,2.3787308,-0.025393292,0.017372353445877915,0.06870568113378804
Thap4,2.378544,-0.035835546,0.017381155413692877,0.06870568113378804
Stk3,2.3785255,0.84517175,0.01738203582552623,0.06870568113378804
Phf14,2.3778906,0.7552944,0.017411993105321828,0.06880424157568764
Fbxo6,2.376023,0.5163015,0.017500365299326557,0.06913350767035001
Top3b,2.3753135,1.0973145,0.017534049694691207,0.06924660732697305
Zcrb1,2.374996,0.64463985,0.01754913742207328,0.06928621979319997
Eci2,2.3748093,0.25529057,0.01755801787126448,0.0693013093737607
Irf2,2.3732593,0.5562534,0.017631877765428013,0.06956790160785079
Eif4ebp1,2.37311,0.25152665,0.017639011160181576,0.06956790160785079
Ivd,2.3730726,0.9880937,0.01764079490406377,0.06956790160785079
Nadk,2.3718963,0.109399445,0.017697063824076733,0.06976971924887805
Noct,2.3709624,0.18706301,0.017741833594575512,0.06992609903500706
Gtpbp4,2.370645,1.0846131,0.017757077909901744,0.06996605331195108
Slc25a13,2.3702343,0.1941104,0.017776822885172225,0.0700237129174409
Sp1,2.3690016,1.2183169,0.017836173290692862,0.07023730212201558
Sap30,2.3684788,0.5701427,0.01786140465597083,0.0703164493640231
Slc44a1,2.3665366,-0.048838872,0.01795539514830276,0.07066616303698586
Abca7,2.3638663,2.420821,0.018085339386953878,0.07115713658853191
Nt5dc1,2.3637354,1.2245588,0.018091721384921065,0.0711618096392244
Sfxn1,2.3631005,0.21278839,0.018122747724123825,0.07126338800817923
Cryzl1,2.3624096,0.18137534,0.01815656461688401,0.07137587812089266
Cst7,2.3620923,2.8865519,0.018172120625984545,0.07140684775118313
Fdx1,2.3620362,0.12553714,0.018174867015209893,0.07140684775118313
Nudt9,2.3616066,0.10193122,0.018195934743318837,0.07146912442186586
Snrpd2,2.3610837,0.4818902,0.018221611271421006,0.07154946243005668
Prrg2,2.3602622,0.209392,0.018262024198255348,0.07168150021432561
Fdx2,2.3601875,1.2206676,0.01826570198892049,0.07168150021432561
Ccdc59,2.3596833,0.9706396,0.01829054404147529,0.07175843452697922
Pspc1,2.3594778,1.1459143,0.018300673354638964,0.07177761951289831
Samd4b,2.3592536,0.11060853,0.01831172911503956,0.07180042612365253
Tmed4,2.3585815,0.07349901,0.018344931485711757,0.07188946262993451
Zfp646,2.3585815,1.8282259,0.018344931485711757,0.07188946262993451
Ext2,2.3583574,0.6405816,0.018356010647548587,0.07191230937129414
Chrac1,2.3578718,1.0174623,0.018380035593327137,0.07198584551989187
Ifi203,2.3574238,2.5764115,0.018402236891621078,0.07205219931843634
Slc25a10,2.3572743,-0.009815432,0.018409642538748095,0.07206060079452825
Mbd1,2.356901,1.4707991,0.018428168070122965,0.07211251144264057
Fbxo22,2.3559484,0.49728495,0.018475482046185352,0.07227701428690443
Odf2,2.3553135,2.6078947,0.018507083729512146,0.07237997347825191
Arglu1,2.3537822,0.51735085,0.018583494241419078,0.07265558459166525
Abhd8,2.353689,2.4248192,0.0185881623353129,0.07265558459166525
P2rx4,2.353577,-0.09477629,0.01859376540232071,0.07265675585048309
Vps11,2.3526058,1.3325315,0.018642387252232193,0.07281618636624876
Nktr,2.3525498,1.4094818,0.018645195749839465,0.07281618636624876
Dnajc8,2.3514667,0.66130066,0.01869956617761277,0.07300771063929751
Rabggta,2.3512425,1.3168987,0.018710832532866983,0.07303088481489392
Atg4d,2.351112,0.9208508,0.018717407315323755,0.07303573916830973
Trp53inp2,2.350981,-0.16169246,0.018723984118751653,0.07304059864091618
Zfyve1,2.3487961,0.622165,0.018834210346735023,0.07344966744955019
Pqlc3,2.3476944,0.7087113,0.018890009460631157,0.07362535693048274
Sgpp1,2.3474143,1.511617,0.018904218705480123,0.07365978278301413
Kat7,2.3449495,0.46995977,0.01902966363305943,0.07412749268493438
Snrnp40,2.344744,0.6989061,0.0190401501548042,0.07414725898829379
Zswim8,2.3445573,1.5523827,0.01904968774031986,0.07414967667402304
Usp3,2.3445199,1.7420847,0.019051595758581105,0.07414967667402304
Kif1bp,2.3438475,0.646898,0.01908596866967207,0.07426236034493251
Tmem120a,2.3422604,0.46352112,0.019167342137955436,0.07455780445485222
Smad3,2.3421109,0.7315883,0.019175016408943476,0.074566484474177
Frk,2.3410652,-0.07978386,0.019228811547415597,0.07475194580878625
Cyhr1,2.3409717,0.7964007,0.019233621093136605,0.07475194580878625
Gtf2h5,2.3404303,0.17187627,0.01926153719739638,0.07483921145897063
Htt,2.3398514,3.0348766,0.019291417702925057,0.07491656378137655
Mboat7,2.3398325,0.0036191132,0.019292382264284414,0.07491656378137655
Psmb7,2.3394406,0.15650445,0.019312647791064518,0.07497400814326549
Smim26,2.338096,0.6089019,0.019382270896328633,0.07517788320433975
Lpin3,2.3380027,0.50773096,0.019387113967951265,0.07517788320433975
Ccdc71l,2.3359857,0.27949366,0.019491982712360332,0.07554554387963877
Fam135a,2.335967,-0.08655867,0.019492956030257157,0.07554554387963877
Kif13b,2.3351455,0.22602855,0.0195358240737723,0.07569026861161779
Carm1,2.3338568,0.74694985,0.01960321479615495,0.0759298961570039
Cd27,2.331971,4.0449595,0.019702225307532552,0.07629182778778856
Rab11fip4,2.3301969,0.6285674,0.019795752294880512,0.07663232733536678
Lcorl,2.3296926,0.2254512,0.01982240429531137,0.07670744677319992
Tmem43,2.329618,0.8648671,0.019826355403204446,0.07670744677319992
Impa1,2.3284974,0.090994686,0.01988570458944851,0.07691534524998435
Dhx36,2.3258832,0.3335688,0.02002478953535811,0.07743144697555916
Xpa,2.3249307,1.4677787,0.020075666774880412,0.07759079591798008
Ergic3,2.3247066,0.061129596,0.020087654272437305,0.07759079591798008
Zc3h14,2.324688,0.24862233,0.020088653512487252,0.07759079591798008
Imp3,2.324688,1.2758236,0.020088653512487252,0.07759079591798008
Sh3gl2,2.3245573,0.18190703,0.02009564940754905,0.0775959404970186
Fam234a,2.323829,-0.12126944,0.020134665472920928,0.07772468779346767
Taf12,2.3230073,1.3292679,0.020178762942593933,0.07787297248268645
Fam129a,2.3221483,0.8993817,0.02022495492663458,0.07802925443393234
Kctd5,2.3211212,-0.053654753,0.02028030555284598,0.07820394687721892
Mef2a,2.3210464,0.86785465,0.020284336203291432,0.07820394687721892
Deptor,2.3209903,0.46963024,0.020287359649754456,0.07820394687721892
Dhps,2.3204489,0.6940601,0.020316606574515606,0.07829465824778166
Lemd2,2.318843,0.959327,0.020403555218215068,0.07860762274734152
Cox11,2.3185816,0.86990416,0.0204177403257774,0.07864015812852132
Lats1,2.317349,0.12878478,0.02048472889841801,0.07887599379098559
Dr1,2.3168447,0.47490668,0.020512188512962624,0.07895953431514131
Fermt3,2.3163967,2.8628068,0.02053662400297687,0.07903139012381548
Nars,2.3161352,0.3724452,0.020550889758599977,0.079064080228256
Rtf1,2.3155377,1.0633507,0.020583529654329226,0.0791674217474201
Fbxw11,2.314828,0.17293637,0.020622348235355706,0.07929446276294504
Fkbp1a,2.3141558,-0.08086329,0.020659182599398355,0.07941380516603745
Tc2n,2.3138196,0.49206394,0.020677621282804454,0.07946238753840701
Gnaq,2.3135767,0.51527256,0.020690947031376892,0.07949129958773511
Hyal2,2.3134649,0.4694325,0.020697099901713013,0.07949264610414025
Asb2,2.3130538,2.5787559,0.02071967407583201,0.07955704451762853
Hps5,2.3114293,0.0496115,0.020809155084388208,0.07987823610426406
Dnaja1,2.3107944,1.2588426,0.0208442161091468,0.07999040915835047
Liph,2.3097112,-0.16030787,0.020904144935655376,0.0801979237240209
Kat6b,2.308591,0.3411641,0.020966298239138696,0.08041123529693499
Flot1,2.3084974,0.77064574,0.02097148494276998,0.08041123529693499
Mapk3,2.3076944,0.14931303,0.021016136769396315,0.08055989752118901
Abca3,2.3075078,0.5560794,0.021026532780206376,0.08057720254232933
Lsm8,2.3067608,0.6049281,0.021068161645950947,0.08070233508016818
Nfatc2,2.3066673,2.6397839,0.02107337029993646,0.08070233508016818
Insig2,2.3065927,0.077816896,0.021077538030909046,0.08070233508016818
Ppp3ca,2.3064992,0.9026401,0.021082748704519847,0.08070233508016818
Sulf2,2.3050241,1.9516804,0.0211652264263021,0.08099541956434043
Tmem238,2.3047626,0.27863732,0.021179872014474813,0.0810102130037329
Mertk,2.304744,0.139684,0.021180918465647534,0.0810102130037329
Slc25a24,2.3041463,0.055881154,0.02121442869251355,0.08111573348798093
Phf5a,2.3039596,0.5131387,0.021224910104816145,0.08113316641628938
Rb1cc1,2.3027644,0.59965044,0.021292098020353006,0.08136729229535179
Uxs1,2.302167,0.84674746,0.021325761389168352,0.0814732099920821
Atp2c1,2.3014946,0.32672757,0.021363688075982025,0.08159535172594194
Mib1,2.3012705,0.37125042,0.021376343351610518,0.08162093197242588
Gdpd1,2.3011584,-0.07736105,0.02138267343721478,0.08162235332678809
Cep120,2.29987,0.9726988,0.021455586830230345,0.08187786617664505
Rgs10,2.2996273,3.2125378,0.021469348345922096,0.0819075667889537
Tpp1,2.2988243,0.058533408,0.021514921972647403,0.08205858324756943
Bmp2,2.2978344,0.48414627,0.021571209984263883,0.08223153688662807
Med6,2.2978158,0.9671846,0.02157227325332418,0.08223153688662807
Hif1an,2.2970502,1.0429381,0.021615906586640893,0.08237494304227545
Snx14,2.2966955,0.2755402,0.021636152948883006,0.08242917002216273
Gripap1,2.2963405,1.3223809,0.021656415816356512,0.08248342971478571
Mafk,2.2961912,0.009957372,0.02166495249051478,0.08249300976099291
Smarcad1,2.2960045,1.8617878,0.02167562745204847,0.08249593139254152
Dpm2,2.295967,1.3117869,0.021677762993660546,0.08249593139254152
Naa30,2.2958364,0.5737524,0.02168523883154658,0.08250146403559794
Ufsp2,2.295631,0.45767307,0.02169699111061223,0.08250441823759064
Atic,2.2956123,0.7567339,0.021698059774455408,0.08250441823759064
Rcbtb1,2.2954628,0.73923343,0.021706610734605752,0.0825073942324445
Usp48,2.2953882,0.9234622,0.02171088731444981,0.0825073942324445
Rc3h2,2.2947533,0.8732201,0.02174726786100465,0.08261202723415857
Aamdc,2.2946973,0.0724893,0.02175048045500803,0.08261202723415857
Fam136a,2.2945666,0.6354179,0.021757978113945843,0.08261759982290966
Rpe,2.2940996,0.29848468,0.021784773832024373,0.08269642601793681
Prpf18,2.2937262,1.2678087,0.021806231079239718,0.08275494897107595
Ptov1,2.2931287,-0.061293863,0.021840600930459603,0.08284509298075106
Kdsr,2.2930167,0.49397612,0.021847050522842727,0.08284509298075106
Rassf7,2.2929978,0.21387202,0.021848125616018507,0.08284509298075106
Pcif1,2.2925496,1.2668504,0.021873941666776642,0.08292003343520753
Prkag2,2.2921388,0.5247523,0.02189762969315557,0.0829868677167998
G6pdx,2.2918587,0.38249683,0.021913793414638554,0.0830093954298598
Gucy2c,2.2918215,-0.04959043,0.02191594936165762,0.0830093954298598
Ifit1,2.2916534,0.3125445,0.021925653407203,0.0830093954298598
Dynlt1f,2.291616,0.3865598,0.021927810369391433,0.0830093954298598
Srsf1,2.2908878,0.89079565,0.021969908048323435,0.08314578460277101
Mindy1,2.2907758,0.3012039,0.021976390851210906,0.08314735008605066
Srp14,2.2901034,0.76602507,0.022015322627833855,0.08327165102190055
Rai14,2.2898793,1.2163434,0.02202831321283751,0.08329778940543027
Chd8,2.2891884,1.2177302,0.02206840950266707,0.08342638250180431
Slc11a2,2.2873397,1.1036606,0.022176006506581247,0.08381001079728638
Casp8,2.286574,0.75982606,0.02222070030975855,0.08395576233968344
Tpd52l2,2.285435,0.18096901,0.022287340935288575,0.08418433162764088
Exoc6b,2.2850428,1.5634911,0.02231032296789427,0.08424791197909358
Ppp3cc,2.2844825,2.4960303,0.022343190187206163,0.0843487753002823
Pmm1,2.2839222,0.28768957,0.022376099497653214,0.08444305179270938
Cntrl,2.2838476,2.4113548,0.022380490588272097,0.08444305179270938
Trrap,2.2816067,0.4543751,0.022512572133,0.08491801713163546
Cenpv,2.2804863,0.41361448,0.022578866621115117,0.08514463878592819
Abcd1,2.2794218,1.409577,0.022642003480771975,0.08535923161435774
Usp6nl,2.2791417,0.8409413,0.022658643922999065,0.08539846540442564
Irak2,2.2786374,1.1239798,0.022688623502486942,0.0854879378394035
Fam204a,2.278152,1.0889726,0.022717525298952778,0.08557330123608828
Aldob,2.2773864,0.12674807,0.02276316620950335,0.08572165395002636
Ptpn2,2.2759857,0.931905,0.022846861878157713,0.0859895625633958
Misp,2.2759857,0.05351927,0.022846861878157713,0.0859895625633958
Nsf,2.2756124,1.0306821,0.022869225825011177,0.0860500944253373
Snx7,2.2751455,0.25631753,0.022897207500295252,0.08613172508348296
Trim8,2.2746785,1.0185419,0.022925218912377077,0.08621342275585121
Klhdc3,2.2738008,0.0866055,0.02297796095981025,0.0863880530047751
Tmem102,2.2734087,0.3699248,0.023001560600593326,0.0864530535605291
Alg10b,2.2727737,0.51595,0.02303981417764892,0.08655522087163478
Trdc,2.2726617,2.7974772,0.02304657054141787,0.08655522087163478
Tnik,2.272643,1.3576967,0.023047696769322893,0.08655522087163478
Setd1a,2.2722883,1.1453111,0.02306910418295408,0.08661187374800516
Dus3l,2.2705703,1.8340201,0.023173005550604094,0.08695430732491813
Nrbp1,2.270122,0.91467035,0.02320017699101325,0.08703242737592594
Hax1,2.27001,1.0138099,0.02320697417193081,0.08703409421173065
Itpr2,2.269842,1.1659453,0.023217173185358278,0.08704851467964105
Tnfaip1,2.2672648,-0.013662663,0.023374046079627234,0.08761270349956037
Zfp710,2.265995,0.9321494,0.023451683583400905,0.0878796676949104
Mex3c,2.2638662,0.31238955,0.023582342756199273,0.08834511779051955
Nck2,2.2625403,1.2408382,0.023664037037549258,0.08861996763322862
Arsb,2.2624657,0.50787616,0.023668646829925803,0.08861996763322862
Cdk19,2.262036,0.8285871,0.023695168259017428,0.08869502872910896
Timm50,2.2615132,0.82555735,0.023727490013275315,0.08876750769575964
Tsc1,2.2605982,0.9558491,0.023784145126826663,0.08895517014401455
Mvb12a,2.2601314,0.27719823,0.02381309598052331,0.0890391416302318
Ppp2r5d,2.2592723,-0.07560479,0.02386644542694479,0.08917428749793266
Clk4,2.2592537,0.83975506,0.023867606347921122,0.08917428749793266
D2hgdh,2.2592351,1.5715965,0.023868767317877303,0.08917428749793266
Ppa2,2.2586188,-0.088326074,0.0239071068150072,0.08929317430905089
Mtpn,2.2577598,0.3469943,0.023960638862584285,0.0894687251069514
Ppa1,2.2556124,-0.21753314,0.024094923998846222,0.08994562909651042
Rmdn3,2.2544358,0.036366947,0.02416876518817867,0.09019669928576622
Agpat1,2.254025,0.08968427,0.024194597177091572,0.09026851343304862
Uap1,2.2527366,-0.016355325,0.024275771007340574,0.09054670917521532
Fam110c,2.2521574,-0.25509113,0.02431231719748688,0.09065834121000824
Trappc13,2.2519896,1.1649194,0.024322936310005382,0.09066618708382154
Commd10,2.2519147,1.3065563,0.02432765720584876,0.09066618708382154
Chd4,2.251728,1.0384185,0.0243394629201861,0.09068551591149022
Tomm34,2.2513545,0.9782522,0.02436308924625468,0.09074886423971973
Nsmce3,2.2509065,0.28482303,0.024391467072884095,0.09082987194849473
Ift20,2.2486095,0.5723664,0.024537353484672383,0.09134118794126958
Lef1,2.2485347,2.7731433,0.02454211042421995,0.09134118794126958
Daglb,2.2476196,0.0709852,0.024600447812919975,0.0915334424326463
Bag4,2.2473397,0.55792326,0.024618330198614,0.09157510825984573
Isoc2b,2.24663,0.83344185,0.0246636826529659,0.0917189067170556
Rasd2,2.2445757,0.33117083,0.024795374308936857,0.09218361683376797
Tomm40,2.2442958,0.22212301,0.024813379365278325,0.09222552829742622
Ammecr1,2.243362,0.32714972,0.024873478025541466,0.09242382667478113
Prcc,2.2432313,0.14091122,0.02488190188930952,0.09243005853675174
Ubqln4,2.2425778,0.25054938,0.024924058277509785,0.0925615609655419
Rabgef1,2.2412891,0.60429054,0.02500734776949877,0.09284299066057591
Prkca,2.241196,-0.11130011,0.02501339259329823,0.09284299066057591
Herc6,2.241009,0.62821245,0.025025486036362957,0.09286271904067511
Mark4,2.23959,0.95922023,0.025117561752975213,0.09317914866389397
Smu1,2.2390857,0.8930212,0.025150343391276676,0.09327550201962384
Mars,2.237928,0.42234677,0.02522575994483831,0.09352988125691064
Cpeb4,2.2378159,0.055874925,0.025233068698265602,0.09353166698220745
Nabp1,2.2376478,1.4349161,0.02524403526501301,0.0935352559067278
Eif2ak2,2.2375917,0.2372795,0.025247691703874406,0.0935352559067278
Pnkd,2.2362285,0.7129449,0.025336806443541804,0.09384002386496963
Wdyhv1,2.2345853,1.4255245,0.025444594171234146,0.0942137676070021
Fam192a,2.2344172,0.8649917,0.025455640247934237,0.09422920059354203
Specc1,2.2337823,0.57463753,0.02549740732432846,0.09430009511940934
Dst,2.2337823,0.31289,0.02549740732432846,0.09430009511940934
Rcsd1,2.2337635,2.5051148,0.02549863666481559,0.09430009511940934
Sash1,2.2337074,0.2512402,0.02550232499397165,0.09430009511940934
Tspan13,2.2331846,-0.08249609,0.02553677166393062,0.09439472183648917
Ap5b1,2.23311,1.080269,0.02554169590130404,0.09439472183648917
Ier2,2.2326243,0.12814084,0.02557372347219322,0.09448759751053051
Rundc3b,2.2318213,1.3076543,0.02562676839222936,0.09465805526382914
Cul4b,2.2308877,0.35212284,0.025688568184189096,0.09486075043757158
Slc35d1,2.2303834,0.01431885,0.025721993639345832,0.09495858605740713
Sike1,2.2300286,0.8450943,0.025745537799413028,0.09501989974460089
Ppp6r2,2.2296553,0.8092809,0.025770341259423676,0.09508582689310649
Naip5,2.2289455,1.0822428,0.025817524772432644,0.0952342728546923
Med29,2.2287216,1.0379982,0.025832440341836398,0.0952636427141746
Nfat5,2.2284415,0.997663,0.025851095282184055,0.09530678292947298
Hnrnpll,2.2281985,0.015985424,0.025867272319123766,0.09534076695507011
Cops3,2.2278998,0.45880666,0.025887194534714955,0.09538853284712073
Fmc1,2.2270222,0.19195558,0.02594579278906546,0.09557874730040247
Plekha8,2.2268727,-0.07136078,0.025955778373330424,0.09558982895554484
Mapre3,2.2260137,0.3884195,0.026013259988247443,0.09577577582343187
Pigs,2.2257524,0.771599,0.02603077622262179,0.09581451753087547
Prkce,2.2253788,1.4253913,0.02605581710199741,0.09586900588148406
Secisbp2,2.2253227,1.3350813,0.026059575029390266,0.09586900588148406
Zbtb38,2.2245386,0.17678449,0.026112235228959838,0.09603694567429526
Syvn1,2.2242024,0.1730133,0.0261348320289748,0.0960942562525375
Mlst8,2.2239969,1.0036106,0.02614864950368741,0.09611926434143213
Tcp1,2.2232873,0.39833522,0.02619643119288686,0.09626907385798014
Tm2d2,2.222839,0.05766525,0.02622664796720383,0.09635427115867322
Vars,2.222447,0.69769865,0.02625311234998541,0.09642564053479896
Resf1,2.2218494,1.174821,0.026293483404940962,0.09654803608890142
Actl6a,2.2213638,0.774216,0.02632632437883821,0.09664272347001165
Gfm2,2.2206357,0.62465644,0.02637565229771688,0.09679786672347206
Cx3cl1,2.220505,-0.3180846,0.026384514475060537,0.09680445857212891
Lrrc8c,2.2200754,4.216776,0.026413651175061423,0.09688541394868581
Tut4,2.217741,1.3614782,0.026572489389368778,0.09741586958371748
Dok4,2.216434,-0.07672872,0.026661798671845826,0.0977171326389213
Trmt112,2.2162285,2.470508,0.02667585653215344,0.09774250721864192
Erbb2,2.2158923,0.7139827,0.02669887411232011,0.09780068859325816
Unc5b,2.2143798,-0.32118183,0.02680266561059105,0.09815464284017572
Txnip,2.2142677,0.045941226,0.02681036771111897,0.09815661080767768
Xpo1,2.214081,0.26791036,0.02682320879242392,0.0981773872445118
Ccnt2,2.2134647,0.8308619,0.02686562204737954,0.09830636272678946
Hook2,2.2121575,-0.13871624,0.026955781282850044,0.09860993419894408
Myo1g,2.2120082,3.081176,0.02696610180879334,0.09862135471982615
Otud7b,2.2118773,0.5528054,0.026975135067108517,0.09862806256188597
Socs6,2.2116346,0.25225827,0.02699191804905609,0.09866309425615487
Ano7,2.2113545,0.92670727,0.027011294228411975,0.09870758360342599
Sptlc1,2.2111678,0.5635255,0.027024218350868025,0.09872847770850451
Ino80c,2.2104583,2.1162395,0.027073378710831486,0.09888170843465513
Tbc1d8b,2.2090764,1.1859399,0.027169333600625536,0.09917182824297031
Rsbn1l,2.2090204,1.3312203,0.02717322984665744,0.09917182824297031
Tusc2,2.2090015,0.5818001,0.02717452870248982,0.09917182824297031
Hnrnph1,2.2073395,0.46713963,0.02729034166793499,0.09956795761670025
Ptpn3,2.2071903,-0.23801541,0.02730077265366177,0.09957949556846811
Vps37a,2.2036982,0.39266673,0.027545578879244456,0.10044568289743121
Cpd,2.2035487,-0.20137465,0.027556093973836793,0.10045728777050666
Tmem173,2.2032874,4.4310656,0.027574503720564785,0.1004976592103585
Nrip1,2.2007103,0.43654346,0.027756539600083924,0.10113420013860365
Phc2,2.1961539,1.097083,0.028080936654387604,0.10228897425288758
Kat5,2.1951828,1.2362664,0.028150491300405367,0.1025150799616038
Nbas,2.1937075,0.8730485,0.028256444972669655,0.10287358387604952
Ldah,2.1935768,1.1077627,0.02826584982431589,0.10287760913859638
Ube2q2,2.1934834,0.87194276,0.028272569226774843,0.10287760913859638
Khk,2.193222,0.33216736,0.028291390876407283,0.10291100490643491
Garem1,2.1931472,0.69514877,0.028296770473178124,0.10291100490643491
Trmt2b,2.1924002,0.4661477,0.028350614934605906,0.10307946512847688
Phf2,2.192195,1.2194247,0.028365437628065045,0.10310313811507403
Rab40c,2.1921015,0.2666703,0.028372177422907232,0.10310313811507403
Ube2s,2.1917841,0.6323798,0.028395103046337036,0.1031590855833512
Tardbp,2.1900847,0.5385171,0.028518094106427964,0.10357844359969859
Ints13,2.1893377,1.3606739,0.02857230112295338,0.1037076217412095
Get4,2.1892817,0.8462595,0.02857637022431138,0.1037076217412095
Gabpb1,2.1886094,1.4656577,0.028625238384366345,0.10385745918056645
Tmem50b,2.188404,-0.03769154,0.028640184670294964,0.10388417526688934
Dusp3,2.1879933,-0.122619346,0.028670097405586185,0.10396514940617542
Ttc7b,2.1872463,3.4932864,0.028724553129075264,0.10413505632927522
Etf1,2.1868353,0.19268787,0.028754541723942317,0.10421619619524067
Camk1d,2.1866674,0.41938844,0.02876681755329087,0.1042331130600595
Pepd,2.186518,1.3810145,0.028777733189651124,0.1042450937858859
Sms,2.1850054,1.6553638,0.028888455014242993,0.10461851273992306
Gtf2h1,2.1846879,0.22737904,0.028911739433639862,0.1046751665541401
Lrrc41,2.1838849,0.86561054,0.02897070744672222,0.10486094901455599
Akt1s1,2.1834366,0.044246133,0.029003664821364673,0.10495251137155205
Pigk,2.1828766,0.5240783,0.029044906917959922,0.10507399650806731
Ikzf5,2.1818867,1.6832423,0.02911789131860943,0.10531021939412598
Hs6st1,2.1816814,0.09427925,0.029133058786952156,0.10533154580107155
Usp7,2.1814947,0.3842557,0.029146853294296518,0.10533154580107155
Iqsec1,2.1814947,1.5869389,0.029146853294296518,0.10533154580107155
Cnpy2,2.1812518,-0.12829752,0.029164794557042698,0.10536858793024392
Sec24b,2.1800754,0.5092299,0.02925187536426561,0.1056553368021194
Slc25a16,2.1757617,0.634363,0.029573088393529286,0.10676428228601281
Lars,2.1757429,1.301578,0.029574485494556105,0.10676428228601281
Nckap1l,2.175351,2.3399887,0.02960383773176444,0.10684209086543014
Atpaf2,2.175052,0.6879924,0.029626218154082812,0.10689470337396222
Ndufaf7,2.1746225,1.0140502,0.029658415502620963,0.10698269941703717
Zfp622,2.1735954,0.47664782,0.029735531200227098,0.1072326342308795
Rnf20,2.1733153,0.48850977,0.029756592653229406,0.10728034719716918
Slc50a1,2.172942,0.24511586,0.029784694542448028,0.10735341100540331
Ppil4,2.171896,1.3772072,0.029863501257463027,0.10759607545846733
Tmem248,2.17184,0.50595987,0.029867728099894252,0.10759607545846733
Limk2,2.1708503,0.3021592,0.029942487166784548,0.10783703317164782
Stradb,2.1707382,0.37921533,0.02995096058438164,0.10783920105283272
Mpi,2.170421,-0.03240139,0.029974979795438186,0.10789732611600188
Imp4,2.1702342,0.66587853,0.029989116476073108,0.10791985703236186
Phactr2,2.1699166,1.2601347,0.030013161985332156,0.10797802499975068
Srek1,2.1693938,1.2104356,0.030052802478679475,0.10809225359882091
Slc30a7,2.168815,0.583257,0.030096742648967133,0.10822188301597105
Kdm6b,2.1685534,0.9381118,0.030116604688060416,0.10826488696573805
Ptprf,2.168404,-0.046300765,0.030127959481588685,0.10827729404453437
Pgls,2.1681426,0.39615923,0.030147839223230777,0.1083203245104279
Gpr89,2.1671903,0.8952548,0.03022035364038446,0.10855172611458146
Plin3,2.1670594,0.18115301,0.03023031828741303,0.10855172611458146
Rnf168,2.1669848,0.35581952,0.030236013638922834,0.10855172611458146
Cfdp1,2.1665926,0.5453201,0.03026592936298972,0.10856579517222335
Abcf1,2.166574,0.934003,0.03026735455541566,0.10856579517222335
Fam120b,2.166574,0.8165446,0.03026735455541566,0.10856579517222335
Virma,2.166518,1.1164557,0.030271630478678334,0.10856579517222335
Araf,2.1661444,0.82607204,0.0303001498998893,0.10863963717050075
Esrp1,2.1660137,-0.02894123,0.0303101371496963,0.10864701176107779
Zdhhc12,2.1657336,0.8299201,0.03033154792355994,0.10869531952727471
Lyn,2.1655655,0.7568666,0.030344400624000876,0.10871294156611193
Il22ra1,2.1650615,0.45606408,0.030382986803059498,0.10882272397435688
Eps8l3,2.1641276,-0.06715728,0.030454554004920125,0.10904256941552613
Pex11a,2.164053,0.16149515,0.030460285631621786,0.10904256941552613
Fbxo38,2.1639035,0.19865836,0.030471751664874095,0.10904715570168347
Phc3,2.1638288,0.66425955,0.030477486071660294,0.10904715570168347
Cdc40,2.1635115,1.0402637,0.030501867642993778,0.10908767923542544
Senp6,2.163474,0.8666048,0.03050473716430035,0.10908767923542544
Clpp,2.1624844,0.16534187,0.030580864013128727,0.10933137708242786
Isg15,2.1619987,0.2933698,0.030618268876259434,0.10943654672704259
Hcfc1r1,2.161868,-0.0027371752,0.03062834612712022,0.10944401198266746
Rbbp6,2.1616254,0.6292016,0.030647068578519145,0.1094823571123109
Gns,2.1613078,0.566754,0.030671566613231508,0.10954130933296966
Brms1,2.1603928,0.5095244,0.03074227270776336,0.10976521660056242
Mcrs1,2.1594777,0.40339774,0.030813118714505414,0.10997869965510579
Aatf,2.159347,2.362436,0.030823251006691435,0.10997869965510579
Bsdc1,2.1593096,0.30148867,0.03082614647267199,0.10997869965510579
Cyp4f40,2.1576664,0.10431315,0.030953778369283178,0.11040530165560519
Pcgf3,2.1574423,-0.0677359,0.03097121781619273,0.11043875171312868
Lat,2.1570687,2.3111763,0.03100030230334308,0.11051369803689831
Cnot4,2.1565647,2.1124396,0.031039603546587767,0.11062501784293766
Tmco4,2.1559484,0.64808434,0.03108769646845508,0.11076760510216764
Cdk16,2.1555562,-0.19227427,0.0311183343411981,0.11084794084098126
Nmt2,2.1554255,0.7408435,0.031128552722296064,0.11085551658317029
Yes1,2.1551828,0.3928809,0.03114753735569941,0.11089429879757845
Acadm,2.15494,0.2440083,0.031166531924470376,0.1109330962237579
Cyth3,2.1542118,1.4511869,0.031223575283788864,0.11110726789296298
Zmym5,2.1540623,1.2769419,0.031235287552611422,0.11112008295787497
Zswim6,2.1524189,1.1186999,0.031364371515306896,0.11154991860109087
Smc3,2.1522696,1.0143439,0.031376129082645844,0.11154991860109087
Aig1,2.1522136,0.1885302,0.03138053914515359,0.11154991860109087
Rbfa,2.15156,1.11257,0.03143202917900566,0.11170396880736123
Zbtb7b,2.1510184,0.4145956,0.031474747237637705,0.11182677312127504
Agap2,2.1509063,2.890401,0.03148359167158733,0.11182919520371959
Slc10a3,2.1502714,1.2050248,0.03153375040881347,0.11197832571299755
Kansl3,2.1499166,1.090911,0.031561810133470584,0.1120489242882993
Usp16,2.149543,1.0806836,0.031591369818471327,0.11212480997747595
Brd8,2.1482172,1.0763563,0.031696498537476095,0.11246879822932465
Gpr171,2.1477318,2.602512,0.0317350713522536,0.11255789546190814
Hook1,2.1476943,-0.18167056,0.0317380401583468,0.11255789546190814
Dhx16,2.147321,1.0066285,0.03176774131975088,0.11263407248462398
Sh3d19,2.1462004,-0.2062592,0.03185698784093238,0.11292127643487028
Scand1,2.1451733,0.7475069,0.031938985899443134,0.1131826453239449
Tex2,2.1450052,0.76729494,0.031952420974561274,0.11320097423105493
Tsg101,2.1446319,0.13440435,0.031982294042785915,0.11322426357743756
Tmem29,2.1446319,1.3820574,0.031982294042785915,0.11322426357743756
Tm7sf2,2.1446133,0.016764551,0.03198378832442944,0.11322426357743756
Sart1,2.1444452,1.309427,0.03199723955248943,0.11324261996101917
Ints1,2.142447,0.2773496,0.03215753159413524,0.11378052242759627
Nhp2,2.1410277,0.6692879,0.03227180143000627,0.11415535233438831
Dock11,2.1406915,2.475683,0.03229891624212334,0.11422177401060656
Ppara,2.1400754,0.39329004,0.032348677430904645,0.11434122466651349
Mllt10,2.1399634,0.83722603,0.032357731973144,0.11434122466651349
Fbxo8,2.1399634,0.13472922,0.032357731973144,0.11434122466651349
Stim2,2.1395338,0.106057085,0.03239246116983048,0.11443442960976728
Nostrin,2.139347,-0.1879747,0.032407570778089485,0.11445829328688474
Chp2,2.1387308,-0.12089718,0.0324574753321271,0.11460218511807316
Hnf1a,2.1386375,0.75744706,0.03246504236811985,0.11460218511807316
Borcs6,2.1382453,0.829912,0.032496840424151796,0.11466603702258607
Osbpl2,2.138208,0.06643112,0.03249987020136509,0.11466603702258607
Mon1a,2.136714,0.14430465,0.03262125986038896,0.11506469106264902
Dtnb,2.1358178,2.1973133,0.032694279885451094,0.11529256999502703
Traf6,2.135332,1.0473175,0.032733890810370106,0.11538897762994493
Cmtm7,2.135276,2.1335196,0.032738463945079996,0.11538897762994493
Tbk1,2.1342864,0.49216613,0.032819346246902914,0.11564430133296552
Sdhaf4,2.1327739,0.57687217,0.03294328935501967,0.11605118646535599
Cln3,2.1324189,0.4984208,0.032972420381713066,0.1161239483880383
Aida,2.1318774,0.34012383,0.033016926041907424,0.11625080616143195
Ccnc,2.1316347,1.0137931,0.03303689354145628,0.11627757247420867
Fbxo9,2.1315787,0.6195283,0.03304150289358353,0.11627757247420867
Hexb,2.1314106,0.0010086709,0.03305533425295555,0.11629637371995147
Usp19,2.1311119,1.0187266,0.03307993557312601,0.11635304681690022
Camk2n1,2.1307943,-0.090717725,0.03310609164543749,0.1164151579934532
Fam214b,2.130346,0.67774636,0.03314304799864736,0.11651520594854219
Aasdhppt,2.130066,1.3285538,0.03316616364449945,0.11656655770385903
Pdha1,2.1299167,0.03135063,0.033178497629672885,0.11657999936561131
Cep350,2.1297112,0.21610706,0.033195463268659305,0.11659606619506065
Pxn,2.1296551,0.9403302,0.033200091549411066,0.11659606619506065
Pdrg1,2.129263,1.4159704,0.033232504979875906,0.1166799892937724
Anapc7,2.1273396,0.71160394,0.03339187756124799,0.11720951129620741
Fam76b,2.1266487,0.6162145,0.0334492873273616,0.11738095194284168
Gpaa1,2.126294,0.92080456,0.0334788008178212,0.11744335928377954
Tinagl1,2.1261818,0.37780678,0.033488125494421934,0.11744335928377954
Tmem222,2.1261258,1.2162626,0.033492788665819465,0.11744335928377954
Gpr137,2.125827,0.6312467,0.033517668295747094,0.11750052601119121
Uggt1,2.1256776,0.14221825,0.033530114038133094,0.11751408603796965
Sertad2,2.1252668,0.43312627,0.033564360214868534,0.11760402428227594
Ccdc58,2.1237354,1.1297512,0.033692268760652094,0.11802201023291581
Tmem168,2.1233246,1.0761051,0.03372665652958135,0.11810398554198875
Zfp740,2.12325,1.06626,0.03373291207487606,0.11810398554198875
Rnf214,2.1227643,0.52574223,0.03377359730976004,0.1182162195052919
Med24,2.1219988,1.0150819,0.03383784005162663,0.11841083236456829
Tmem54,2.1217,-0.1583234,0.033862938718970594,0.11846840154491756
Trim16,2.1214945,-0.14789568,0.0338802032847977,0.11847378569306707
Snrnp25,2.121476,1.9369434,0.033881773163900494,0.11847378569306707
Col4a3bp,2.1211772,1.318306,0.03390689968933205,0.11853139212652439
Lsm10,2.1209717,1.7631376,0.03392418341556316,0.11854230453177353
Dhx58,2.1209342,1.0798342,0.0339273267203711,0.11854230453177353
Mtss1,2.119758,-0.094054185,0.03402646835919961,0.11885839278965699
Ccar2,2.1182454,0.3719658,0.03415429999654007,0.11927451184109075
Cpsf1,2.1177037,0.5504036,0.03420016655611992,0.11939313305129301
Parva,2.117573,0.20796555,0.03421124567826028,0.11939313305129301
Exoc4,2.1175356,0.8732313,0.034214411705063966,0.11939313305129301
Mfhas1,2.117349,0.6325818,0.034230245595379925,0.11941796910025593
Sik3,2.1171434,0.56654537,0.03424767010730368,0.11944834024186873
Oas3,2.116079,0.0038712476,0.03433808221394932,0.11973319580837509
Ubald1,2.1153696,1.2619286,0.03439847019336828,0.11991324214990978
Cuedc2,2.1150706,0.5234492,0.03442392384451783,0.11997144662169787
Nudt3,2.114417,1.1249402,0.03447965981449444,0.12013513211052233
Plekhg6,2.1141555,0.5265403,0.03450197577992242,0.12016288376366284
Foxj2,2.114081,0.35170624,0.034508354035958706,0.12016288376366284
Eea1,2.1139317,-0.029380692,0.034521113570052366,0.12016288376366284
Pcnp,2.1139128,0.4528432,0.0345227087951662,0.12016288376366284
Plpbp,2.1132033,0.3216101,0.03458337403054199,0.1203184643140818
Synj1,2.1131847,0.64487624,0.034584971713055045,0.1203184643140818
Mtor,2.1129792,0.81649876,0.03460255038234762,0.12034905819704556
S100a11,2.112867,0.01974451,0.034612141963826594,0.12035186418894019
Lrpap1,2.1127176,0.69387966,0.03462493427177791,0.12036579536243526
Tmc6,2.1121016,0.8281539,0.03467774523817556,0.12051880004135088
Lyrm2,2.1110184,0.22161,0.03477073123656307,0.12081131573444433
Syk,2.1108878,-0.16779396,0.03478196807178149,0.12081971667936267
Foxo4,2.1105516,0.9330432,0.03481087703199297,0.12088948424291601
Snx5,2.1104395,0.67217445,0.03482051791064822,0.12089232016621404
Gatd3a,2.1101968,0.54275244,0.034841414303255214,0.1209093076329375
Mtmr12,2.1101594,0.7983784,0.0348446300831535,0.1209093076329375
Aqr,2.1100287,0.79457045,0.03485588730880444,0.1209093076329375
Glod5,2.1099727,-0.026076484,0.03486071278467906,0.1209093076329375
Tubgcp3,2.1096177,1.9140099,0.03489128738076264,0.12098472212514505
Ost4,2.1090388,0.46957585,0.034941221403190476,0.1210771110638601
Nek9,2.1090016,0.7363659,0.034944445047189986,0.1210771110638601
Cenpx,2.1084414,0.6837071,0.03499283018730699,0.12120581806552881
Atp13a1,2.1083667,0.6571398,0.03499928585892204,0.12120581806552881
Bcl2l11,2.106854,1.6981344,0.035130232144789816,0.1216285520302301
Sp2,2.1059577,0.5051009,0.03520802710921104,0.12186709737144802
Farsb,2.1055841,0.529865,0.035240485048368124,0.12192907368089809
Lman1,2.105547,0.30103135,0.035243732246449375,0.12192907368089809
Ireb2,2.1046505,0.3841619,0.03532174164568502,0.12216810415195274
Bad,2.104501,0.53974843,0.035334757527766464,0.122179574840694
Ammecr1l,2.1044078,0.7299359,0.0353428945323847,0.122179574840694
Pabpc4,2.1039035,1.4131423,0.03538686199416535,0.12230070870839187
Elp4,2.1036794,1.2157891,0.035406418064926296,0.122317849923992
Syt7,2.103642,-0.29317194,0.035409678306463674,0.122317849923992
Atxn10,2.1011958,1.1564112,0.035623782738905804,0.12302642387774376
Cldn7,2.0999072,0.08616711,0.03573699866050801,0.1233608948412932
Fbxl14,2.0998886,1.4613729,0.03573864172445932,0.1233608948412932
Bloc1s6,2.0994031,0.25327012,0.03578138400845101,0.12347732012991909
Mcoln1,2.0991416,-0.024699004,0.035804417137372,0.12352568994761934
Slc4a7,2.0987122,-0.1405834,0.035842284729207086,0.12362520160879584
Akip1,2.097685,1.0851784,0.035932976181192004,0.12390681441790347
Wipi2,2.097405,0.860857,0.03595774414766196,0.12396102033793881
Higd1a,2.0971994,0.15001397,0.035975916573635476,0.12399246718460528
Ctss,2.0970688,-0.020171257,0.035987484921488906,0.12400114271237375
Plrg1,2.0969193,1.1810384,0.036000709774129544,0.12401552021764516
P2ry4,2.096658,0.31193855,0.036023863237240564,0.12406408404982294
Impdh2,2.0953882,0.8398585,0.03613650359285286,0.12442073365722145
Dlg1,2.0951266,0.7257003,0.03615973148864514,0.1244694274860398
Nfe2l1,2.092531,-0.075155035,0.03639104262398665,0.1252341833581053
Casp6,2.0922136,0.19111666,0.036419418829513044,0.12530036111610462
Pitpnc1,2.0920267,5.892937,0.036436119521539266,0.12532634633318804
Klhl24,2.0912986,1.3995961,0.03650131459168868,0.12551907879170052
Prdx2,2.0909624,0.014767309,0.036531438133211254,0.12554268165770285
Sec22a,2.0909624,0.15426043,0.036531438133211254,0.12554268165770285
Entpd6,2.090869,0.1692889,0.03653980954187138,0.12554268165770285
Slc25a20,2.090813,0.02811629,0.03654483317159993,0.12554268165770285
Cyba,2.0905516,0.7817484,0.03656828455866549,0.1255917519312402
Ptpn1,2.0900848,1.0252725,0.036610193927680404,0.12567267772719157
Cnot6,2.0900848,1.0512983,0.036610193927680404,0.12567267772719157
Limk1,2.0894125,25.693848,0.03667061530398568,0.12582856277238766
Ndufb6,2.089375,-0.13619754,0.03667397453650686,0.12582856277238766
Slc33a1,2.0889268,-0.033288702,0.03671430577869964,0.12593540039263523
Usp32,2.0886655,1.2583524,0.03673784978022695,0.12598461626761182
Thap12,2.0880678,0.9288255,0.03679171293968011,0.12613775457297735
Tbcel,2.0873396,1.4237987,0.03685744959825857,0.12631725676607866
Txlng,2.0872836,0.72848415,0.0368625104051666,0.12631725676607866
Epas1,2.0870035,-0.17663011,0.03688782331805023,0.12637238796131237
Pyroxd1,2.0868728,0.27090183,0.03689964107594078,0.12638127068509716
Rhob,2.086107,0.113191105,0.03696892414243671,0.126575773149307
Emsy,2.0860138,1.9605646,0.03697738087059956,0.126575773149307
Arpin,2.085939,-0.013379602,0.03698414743917343,0.126575773149307
Rassf3,2.0844824,-0.01301449,0.03711630643017144,0.12694455704324484
Cox15,2.0844824,0.6301109,0.03711630643017144,0.12694455704324484
Phf20l1,2.084445,1.9512721,0.037119700402572176,0.12694455704324484
Ncbp1,2.0831192,0.59856224,0.03724035773048686,0.12732540576682555
Pawr,2.082895,-0.2387348,0.037260783465884004,0.12736345645773722
Adra2a,2.082671,-0.10074624,0.037281218737327766,0.12740152075365188
Tcf7l2,2.0824096,-0.23112364,0.037305071944418816,0.127451243301381
Tmem135,2.0814946,0.8782625,0.03738866049901117,0.12770229933297034
Gabarapl1,2.081401,0.37093517,0.03739719889955307,0.12770229933297034
Fxyd3,2.0809531,-0.10405192,0.03743820632719063,0.12781047263456558
Rundc1,2.0803368,1.8096545,0.03749465402212989,0.12797129050901332
Arfgap2,2.0799632,1.1349989,0.03752889998379751,0.12805627142665654
Ston2,2.0788243,0.1883555,0.03763351460651927,0.12838126247741882
Ttc4,2.0786002,1.080636,0.0376541237131306,0.1284195904580257
Slirp,2.0778904,-0.022496896,0.03771944924572794,0.1285900956412627
Cgrrf1,2.0778532,0.35612655,0.037722890100893046,0.1285900956412627
Mettl3,2.076658,0.81229836,0.03783313854773558,0.12893383037412373
Ctbp2,2.0763032,-0.18764988,0.03786592127166867,0.12901345969208178
Ttc1,2.0760043,1.5513551,0.03789354651423605,0.12907548166211683
Trim28,2.0749774,2.3191185,0.037988639067831356,0.12936722725063127
Inppl1,2.0747905,0.044590984,0.038005950409665784,0.1293940160567647
Cdkn2aipnl,2.074305,1.5024074,0.03805099129951179,0.12951517535486
Ptcd3,2.0737448,0.7926059,0.038103017954818574,0.12963965560236562
Rpf1,2.0737073,0.67494565,0.0381064885482282,0.12963965560236562
Nck1,2.0721016,0.31704202,0.038255978566841306,0.13011591518513552
Urgcp,2.0709064,0.41638523,0.038367550274454716,0.1304306299652679
Vat1,2.0705888,0.23591119,0.03839723296240433,0.1304819117618354
Tmem126b,2.0704956,0.70060945,0.03840596687874985,0.1304819117618354
B4galt3,2.0704396,0.62938637,0.03841120803908629,0.1304819117618354
Smad1,2.0687962,0.029616272,0.03856521944548607,0.13097260942071373
Lgals3bp,2.0686095,-0.013371223,0.03858275390273926,0.13099968487423244
Acadvl,2.068404,-0.036282506,0.038602049630668996,0.13103272545593786
Klf9,2.0675077,0.64747405,0.03868634516792421,0.131286333614209
Srr,2.0669847,0.19119935,0.03873558976006196,0.13140626565944086
Psmc4,2.0669286,0.43835196,0.038740869123976764,0.13140626565944086
Cr1l,2.06663,1.2060157,0.038769036057968415,0.13146925593915032
Ccdc186,2.0658643,0.2121471,0.03884129325781912,0.1316816920643707
Fcho2,2.0655096,0.37795568,0.038874817077738676,0.13173943766117244
Lin54,2.0654347,0.46656427,0.03888187785530814,0.13173943766117244
Tnpo2,2.065379,0.24272387,0.038887174153414694,0.13173943766117244
Ktn1,2.0644078,0.15430367,0.03897907407707359,0.13201812480986608
Zfp865,2.0640717,1.3626477,0.039010928540633164,0.13209068413232505
Trbv12-2,2.0639782,7.3580914,0.03901978092580435,0.13209068413232505
Mat2a,2.06353,-0.08072012,0.039062296128709796,0.13219927642851606
Cabin1,2.0634367,0.8247967,0.039071158413070184,0.13219927642851606
Entpd2,2.0632687,0.4512818,0.03908711482827156,0.13220596337302057
Nudt16,2.0632126,1.6276294,0.039092434863073455,0.13220596337302057
Plxna2,2.062895,0.33642456,0.03912259334442237,0.13227530326223752
Trim36,2.0624468,1.0839307,0.0391652036608405,0.1323866987795497
Pik3ca,2.062092,0.87411445,0.03919896477263874,0.1324681345301309
Rnf40,2.0617187,1.4854809,0.03923452948065361,0.13255562364610468
Osbpl11,2.061364,1.587052,0.03926834132852609,0.1326371489646961
Flad1,2.0609343,0.79525274,0.039309304560589925,0.1327427834557757
Cln5,2.0602434,0.6658404,0.03937527806219317,0.13290947054917113
Xpnpep1,2.06015,0.5711475,0.03938420060616324,0.13290947054917113
Rgp1,2.0601127,0.99880147,0.039387770104352904,0.13290947054917113
Iqsec2,2.0599072,0.28785264,0.03940740725426453,0.13294298925964643
Fgd3,2.0594964,2.5492263,0.0394467064896652,0.13304280623053008
Gfm1,2.0592723,0.17378077,0.03946815645581026,0.13308238824627136
Acsl4,2.0585253,1.7043637,0.03953972786707245,0.13326415850239257
Cpsf7,2.0585067,0.8243931,0.03954151856293619,0.13326415850239257
Slc52a3,2.0581331,0.52197695,0.03957734693871014,0.1333521035564016
Ptprk,2.057405,0.0059868973,0.03964729152991886,0.13355492843862513
Eif1ax,2.0570502,0.3445755,0.03968140508760586,0.13363698370211416
Zhx1,2.0566206,1.7553463,0.03972273377278584,0.1337432913952239
Rnaseh2c,2.0562098,1.4425019,0.039762299733834015,0.13384361335467468
Hspa5,2.0545292,0.4930853,0.03992450890887808,0.13435661312985256
Adap1,2.0544171,-0.013753463,0.03993534278685494,0.1343600678241436
Eif4g1,2.054249,0.0122108245,0.039951598280401034,0.13437307290588985
Cct3,2.0541742,0.28369904,0.039958824745882866,0.13437307290588985
Apobec1,2.0533714,-0.06069449,0.040036579311206126,0.13456848296455445
Parn,2.0530164,0.477591,0.040070976843268845,0.13465106273063113
Scamp3,2.0526617,0.7946504,0.0401053994405888,0.13473368620305703
Bmt2,2.0519707,0.7361985,0.04017250490460569,0.13492604000811423
Nsdhl,2.0515225,-0.040075503,0.04021608367481878,0.13501840812519092
Spry2,2.0514853,0.9021353,0.0402197170480952,0.13501840812519092
Tmem184b,2.0508316,0.20134674,0.040283346160547934,0.13514488007085515
Bcar3,2.0508316,0.5329303,0.040283346160547934,0.13514488007085515
Ric1,2.0507944,1.4411062,0.040286984686815505,0.13514488007085515
Tarbp2,2.0491135,1.5995872,0.04045100706905443,0.13566188417283861
Hsd17b13,2.0488336,0.14046675,0.04047839910572566,0.13572052563593773
Dicer1,2.0477877,0.87308,0.04058080170276434,0.13603058070170576
Nln,2.0475264,1.0179842,0.040606436639267704,0.13608321476466917
Mapkapk3,2.046107,0.68268716,0.040745837373468215,0.13651698997713732
Cebpzos,2.045771,0.29199684,0.04077891268088791,0.1365733245989244
Cdk5,2.0457337,0.6024585,0.04078258911928465,0.1365733245989244
Aldh1a7,2.0455468,0.506357,0.040800975525210115,0.13658659945981833
Dtnbp1,2.0454907,1.4967436,0.040806492816717985,0.13658659945981833
Tasor2,2.0447252,1.2625059,0.040881959192620464,0.136805774533195
Rnf111,2.043754,0.5382611,0.04097784273850815,0.13709314908853765
Sgta,2.0431752,0.2053369,0.04103509469034079,0.13725117120548555
Colgalt1,2.0425403,0.50926304,0.041097965066046085,0.13742790368680285
Cox5b,2.0414197,0.049667712,0.041209111863613895,0.1377659425406321
Vps26c,2.041121,0.08155987,0.041238793976569835,0.1378315387848272
Nbn,2.0407476,0.772742,0.041275922082312344,0.13792198354333635
Ino80d,2.0400567,0.38953555,0.0413446837204252,0.1381180607095404
Slamf7,2.0393658,2.7257473,0.041413542350763916,0.13831436621293652
Pdxdc1,2.0390482,-0.29937232,0.04144521264806611,0.1383599251896379
Vipr1,2.03888,-0.017535508,0.041461987577697666,0.1383599251896379
Hipk2,2.038843,-0.0011618084,0.04146571612054549,0.1383599251896379
Cobll1,2.038824,0.6591656,0.04146758049844184,0.1383599251896379
Cdk12,2.0384133,0.48386472,0.041508614774838505,0.13846311721823412
Ostm1,2.037218,1.0612597,0.04162818276761456,0.13882816551030172
Ptgfrn,2.0368073,0.59476686,0.04166935155620208,0.13893164183985604
Anxa5,2.03649,0.76889807,0.04170118740564402,0.1390039580188134
Lmbr1l,2.0342677,0.94899786,0.04192461540089965,0.13971472415284
Taf8,2.033913,1.3772984,0.041960382406483344,0.13977846810849615
Idh3a,2.0338755,-0.13528125,0.04196414885622224,0.13977846810849615
Ncoa5,2.033502,1.1301599,0.04200182909276656,0.13986997048393338
Tprkb,2.0326803,0.91038936,0.04208482640758747,0.1401123017700968
Hpf1,2.0324936,1.1818625,0.042103708775886185,0.14014111035705556
Tmem203,2.031504,0.6099939,0.042203905049941724,0.1404252746810628
Marveld2,2.031448,1.4960515,0.04220958256471654,0.1404252746810628
Clca4a,2.0303648,0.73620796,0.04231947492671598,0.14075669009371422
Arl6ip6,2.0302527,1.332973,0.04233085690329373,0.14076037368328254
Cited4,2.0293937,2.827015,0.04241820478425916,0.1409708486840991
Itpkc,2.0293005,0.28480157,0.0424277082986656,0.1409708486840991
Taco1,2.0292256,0.7934317,0.042435312406804725,0.1409708486840991
Hsd3b3,2.027489,-0.08172198,0.042612433147983395,0.1414906287269444
Wdr5,2.026686,0.57524556,0.042694538799790814,0.1417262830979084
Ints11,2.0265925,0.73229545,0.04270409464439167,0.1417262830979084
Trappc11,2.0260696,1.0169277,0.04275764080016916,0.14186440596930075
Tpgs1,2.0259016,1.2009103,0.042774864115742384,0.14186440596930075
Rmc1,2.025883,0.6771694,0.042776778179502296,0.14186440596930075
Ptpre,2.0256963,1.0903854,0.04279592280018692,0.1418719115728326
Nek6,2.0256588,0.123557195,0.0427997525934684,0.1418719115728326
Emp3,2.0251174,1.5884609,0.04285531716548656,0.1420217332286323
Srek1ip1,2.0248559,0.36775205,0.04288216326055956,0.14207375192720928
Sytl2,2.0247626,-0.05358502,0.0428917545964188,0.14207375192720928
Polr2b,2.0244076,0.8718725,0.04292821821352844,0.14213851976234712
Nlrc5,2.0243704,2.1331837,0.04293205801288996,0.14213851976234712
Cnot7,2.023698,0.4590877,0.04300122406318507,0.14229999123228207
Farsa,2.0236046,1.0491489,0.04301083790411525,0.14229999123228207
Pold4,2.02353,0.350446,0.04301853028484405,0.14229999123228207
Orc3,2.0234926,0.9164929,0.04302237691124908,0.14229999123228207
Senp7,2.0230818,1.2692348,0.04306470899260341,0.14240562712977714
Fem1b,2.0225217,0.20093518,0.043122491287619816,0.14256229021244968
Adk,2.0217373,0.31632963,0.04320349656704908,0.14279563400930578
Ggact,2.020318,-0.060801014,0.04335040442239979,0.14324663304073254
Spopl,2.0198326,1.1963412,0.043400759167668015,0.14337844239137976
Dhx8,2.019646,0.63094574,0.04342013953092476,0.14340788610744196
Cyb561,2.0190482,-0.17473894,0.043482205831589515,0.1435692965282099
Tfdp1,2.0189736,0.33877963,0.043489969386282565,0.1435692965282099
Hjurp,2.0186,0.7059907,0.04352880472610892,0.14363469110953922
Hsd17b7,2.0185814,0.38599822,0.043530747261810714,0.14363469110953922
Romo1,2.0174983,0.42751095,0.04364353968958285,0.14397218727360586
Ankle2,2.0164526,4.1259775,0.043752676841388435,0.14429746575036628
P2rx7,2.0161538,2.7222986,0.043783901183675096,0.14436569102679875
Pitpnm1,2.0156121,2.4762268,0.04384054326663206,0.14451767149972553
Ddx42,2.015276,0.3985946,0.043875731533079484,0.14459887466999977
Supt16,2.0150146,0.6027828,0.04390311666939299,0.1446543286124781
Ttc9c,2.0144172,0.077204406,0.043965765463256826,0.14482591652960292
Slc30a5,2.014193,0.71758926,0.04398927821169138,0.14486853641831057
Exosc3,2.0129979,1.0685213,0.04411485890213467,0.14520974104500134
Hnrnpab,2.0129044,0.04106891,0.04412468262557231,0.14520974104500134
Khnyn,2.0125682,0.49908367,0.04416006332089467,0.1452912746148552
Entpd5,2.0122695,0.031408127,0.04419153292769519,0.14533148237358057
Ube2v2,2.012251,0.78370273,0.04419350040644793,0.14533148237358057
Jtb,2.0120268,0.32740194,0.0442171159188879,0.14537424720152728
Ccnt1,2.0115786,0.9542344,0.04426437889748188,0.14549471950467893
Pfkfb2,2.011037,0.30576566,0.044321545208383197,0.14564767794551445
Reps2,2.0109062,0.7640717,0.0443353533039054,0.14565811517110408
Osgin1,2.009151,2.0742574,0.04452112826674931,0.1462333870185724
Agpat5,2.0080118,0.1463751,0.04464203541465383,0.14659537036930909
Pgk1,2.0075636,0.35433054,0.04468968131090136,0.14668803176174952
Fam210a,2.007545,0.5695363,0.04469166748711989,0.14668803176174952
Nup62,2.0062003,0.17849462,0.04483486799028246,0.14712280035134603
Rnf139,2.004968,0.9785512,0.04496647488533504,0.14751932613244495
Lztfl1,2.0042024,1.5009241,0.045048394612579194,0.1477526948030488
Timm17a,2.003362,0.06987164,0.04513845132459799,0.1480126335919082
Ndufaf3,2.0022788,0.44576406,0.04525474827021303,0.14835847123759716
Llgl2,2.0019426,-0.17746577,0.04529089174378758,0.1483770291393927
Baz1a,2.0019426,0.8112241,0.04529089174378758,0.1483770291393927
Unc13d,2.001924,1.8363831,0.045292900427805864,0.1483770291393927
Satb1,2.0014386,3.5152185,0.04534515257660487,0.1484969487724966
Pxk,2.0013826,-0.13078532,0.045351184938987286,0.1484969487724966
Nisch,2.000841,-0.02173099,0.04540953265601902,0.14865247249401686
Ppp1cb,2.0005608,-0.11087643,0.04543973732792714,0.14871581495284325
Mgam2-ps,2.000374,-0.046298422,0.04545988318147004,0.14873047257667546
Creb3l4,2.000318,0.8963454,0.045465928405191015,0.14873047257667546
Tmem87b,2.0000753,-0.19548608,0.045492132204059156,0.14878066631549544
Il17ra,1.9998512,1.2568556,0.04551633162146366,0.14882428238998857
Ak3,1.9996085,-0.06468446,0.045542559897980936,0.14887450980728678
Foxp4,1.9989735,-0.050508805,0.045611217150064005,0.14904763338719743
Ubxn7,1.9989175,0.44385806,0.04561727932792108,0.14904763338719743
Pkp2,1.9971248,0.41643396,0.04581162779290556,0.1496469482028627
Scap,1.9965459,0.5173392,0.045874534952330716,0.14981671724599066
Zcchc2,1.9955561,1.214907,0.04598225445025535,0.1501327182956383
Exoc6,1.9932779,0.47610453,0.046231022378727706,0.15087303634792035
Washc1,1.9928111,1.2040278,0.04628213907110699,0.15100388313269011
Phf8,1.9926057,1.0691814,0.04630464548669265,0.1510413436113546
Ptprg,1.9924189,0.5964737,0.046325113860074964,0.15106288809767898
Lipo3,1.9923443,1.5509646,0.04633330334207643,0.15106288809767898
Tmem65,1.9909997,0.18079922,0.04648092257465509,0.1515081225964251
Fam174a,1.9907383,1.1860676,0.04650967224117208,0.1515564998265966
Fam122a,1.9906635,0.8763832,0.04651788918035319,0.1515564998265966
Ptprd,1.9903274,-0.0108890515,0.04655488052982327,0.15164095655220608
Dgkq,1.9894497,1.4962937,0.04665158579782386,0.15191983014741783
Lamtor4,1.9891696,0.17799655,0.04668248474676775,0.15198432533999956
Kidins220,1.9889269,0.22904769,0.046709277765793186,0.15201272982527797
Naa35,1.9888895,0.80150026,0.046713400917110966,0.15201272982527797
Msl3,1.9884226,0.5587477,0.04676496615693687,0.15214439238898958
Mcf2l,1.9883106,0.4269181,0.046777348939326883,0.1521485471198429
Aars,1.9872649,0.23060982,0.0468930546788537,0.15248868955620595
Cdc42ep3,1.9867793,0.541746,0.04694685700042131,0.15261812639892647
Wasl,1.9867046,0.03268185,0.04695513888842884,0.15261812639892647
Flywch1,1.9856216,1.6847357,0.04707536445617494,0.15297260271574872
Flrt3,1.9852854,0.6096031,0.047112728449332036,0.15305771395680554
Ccdc71,1.9834553,0.4468229,0.04731659252301937,0.1536835745769003
Nr1i2,1.9830445,0.41611975,0.047362459747977544,0.1537960887763196
Utrn,1.9824842,0.6185984,0.047425066213739535,0.15396289268441507
Cnot10,1.9820734,0.7271531,0.04747102183533148,0.15407557430562457
Mvb12b,1.9815319,2.390911,0.04753165690322653,0.15421709641123538
Tlk1,1.9814385,0.1852323,0.0475421178037295,0.15421709641123538
Gal3st2c,1.9813825,0.07986326,0.04754839527306994,0.15421709641123538
Ankrd9,1.9811771,-0.08726232,0.0475714186230237,0.15425525091962716
Ddx49,1.9808036,0.4935126,0.047613303271161665,0.15435196973735685
Tshz1,1.9807103,0.080255225,0.04762377927589835,0.15435196973735685
App,1.9796458,-0.057048872,0.047743342745946604,0.15470288448899444
Ralb,1.9789175,-0.07545316,0.04782529462331659,0.15493178915569575
Sae1,1.9778531,0.32295138,0.04794528309313044,0.15524707595743015
Sirt6,1.9778531,0.90627384,0.04794528309313044,0.15524707595743015
Srd5a3,1.977685,1.5886065,0.04796425174684323,0.15527179795173732
Sac3d1,1.9765645,1.1223868,0.048090870665065066,0.15564491568896563
Btbd9,1.9759483,1.4099826,0.04816063069991698,0.15581761068877648
Tmem41b,1.9758923,0.2066269,0.04816697673481521,0.15581761068877648
Eif2b2,1.9755749,-0.09555755,0.048202950870546026,0.15588519829703334
Taf4,1.9754068,0.8021335,0.048222005137432654,0.15588519829703334
Acot11,1.9754068,0.586456,0.048222005137432654,0.15588519829703334
Gnptab,1.9751827,0.7816591,0.04824742066902555,0.15593056455901155
Bdh1,1.97494,-0.19690666,0.04827496685911699,0.15597340253771894
Osgep,1.9748652,2.3933847,0.04828344526733328,0.15597340253771894
Ifi35,1.9740996,0.8214424,0.048370421091816274,0.15618756872949965
Mmut,1.9740809,0.66691506,0.04837254409629686,0.15618756872949965
Dusp5,1.9735767,3.202731,0.04842989480826202,0.15633589982874405
Ezh1,1.9722881,0.9943999,0.04857671724202088,0.15677291548072697
Atg2b,1.9718773,2.5309408,0.048623608707181916,0.15688729140094024
Gnl2,1.9714292,1.6770246,0.048674806375375884,0.1570155044366964
Srsf11,1.9711677,1.0260918,0.04870469257933992,0.15707492663299363
Lamp2,1.9708316,-0.09681589,0.048743140336155566,0.15716192577202429
Ang,1.9706448,-0.15182188,0.048764511209572696,0.15719383613438728
Cct7,1.9702713,0.9749532,0.048807276556407826,0.1572758437976391
Sympk,1.970122,0.6009132,0.048824391508858325,0.1572758437976391
Gusb,1.970122,0.74082506,0.048824391508858325,0.1572758437976391
Tspyl1,1.9697298,1.7037662,0.04886934223202478,0.15736043792818594
Csnk2a2,1.9696925,0.51790816,0.048873625064557016,0.15736043792818594
Epb41l3,1.9689642,-0.08846352,0.04895720329607835,0.15758309047728414
Pde4dip,1.9688895,0.68942225,0.04896578220159114,0.15758309047728414
Man2a1,1.9687028,0.13605633,0.04898723498598943,0.1576151055209148
Strap,1.9677877,0.22204433,0.049092467695592217,0.15791660188532833
Jup,1.9673209,-0.035703957,0.0491462309021054,0.15805243271334368
Fermt1,1.966163,0.3342088,0.049279776903424055,0.15844471804198768
Metap1,1.9660137,-0.10028531,0.04929703080395802,0.15846300375744365
Plscr3,1.965883,0.73768,0.04931213212453418,0.15847436314945304
Lrrc26,1.9649119,-0.23634548,0.04942443491832335,0.1587980202582153
Naga,1.9643704,-0.092991896,0.04948715846503059,0.15896226751955897
Fam149b,1.964165,0.1835268,0.04951096761657891,0.15900146656050893
Trim33,1.9640155,0.49693716,0.049528289397909056,0.15901036669801707
Gramd3,1.9639409,-0.10751222,0.04953695219468153,0.15901036669801707
Prkra,1.9637167,0.34079328,0.04956294821108576,0.1590565449735008
Ndufb4,1.9632126,1.2275803,0.049621481088602086,0.15920709389083104
Exoc1,1.9625403,1.3835744,0.04969961510471795,0.15942044648434464
Pllp,1.9619054,-0.26919615,0.0497735030579756,0.1596200823722532
Acot8,1.9612517,0.5350524,0.0498496603863136,0.15982690084074336
Rprd1b,1.9604862,0.40538687,0.04993899750397173,0.16007586939738247
Rfx1,1.9603741,0.8586729,0.04995208248130007,0.16008035789328912
Fbxw8,1.9602433,0.61249393,0.04996735192117432,0.16009184315249955
Jade2,1.9599632,2.1077607,0.050000085327390295,0.16015926326519686
Mtdh,1.9598138,-0.111590154,0.050017550493713855,0.16017775637304343
Atrx,1.9595711,1.238241,0.05004594229721357,0.16023122446174945
Coq7,1.9592537,0.7774157,0.05008309042524001,0.16031269598733366
Coa6,1.9589922,0.4082232,0.05011370035537309,0.16037320599593818
Lin37,1.9587681,0.83461446,0.05013994991894969,0.16041973701298712
Afg3l1,1.9574049,0.77608645,0.05029988319769869,0.16089385939959655
Srrt,1.9558363,0.86566395,0.05048444483268709,0.16144652059005907
Mgst3,1.9556495,0.09265691,0.05050645420532628,0.16147921181166164
Pik3r2,1.95522,0.42414317,0.05055710627513535,0.16159143045398844
Fyttd1,1.9550706,0.32692754,0.05057473435995494,0.16159143045398844
Tspan31,1.9550519,-0.35827252,0.05057693823260602,0.16159143045398844
Rassf6,1.9546225,0.24236071,0.050627649515613736,0.16171573755278812
Trappc5,1.9544357,0.31263566,0.050649711182519826,0.16174849491853652
Vps13a,1.9538755,0.68498075,0.05071594451235744,0.1619222651641335
Acvr1b,1.9527177,-0.005475204,0.050853056662232866,0.16232219857236493
Rfxap,1.9522508,0.91348207,0.05090843158830665,0.16243740883934135
Tvp23b,1.9522135,0.34714627,0.050912863763221294,0.16243740883934135
Itga3,1.9520454,-0.26289582,0.050932812549813654,0.16246322047321235
Scaf1,1.9518026,-0.07273322,0.05096163902030897,0.16251733114018457
Rest,1.9503834,1.316074,0.05113043655770903,0.1630176822994214
Tmem97,1.9497298,0.35792333,0.05120832956109451,0.16322803978292108
Ypel2,1.9492817,0.4436577,0.05126179930638735,0.1633604676663193
Agpat3,1.9469848,0.80238444,0.05153656589058475,0.1641597192980728
Hcfc1,1.946798,0.6317661,0.05155895871479441,0.16419287177886646
Aimp1,1.9466859,0.3233794,0.05157239831750507,0.16419750335808028
Suz12,1.9464805,0.31426004,0.051597045203793504,0.16423780652694495
Phlpp2,1.9463685,0.48136002,0.05161049311424967,0.16424245195475506
Gpr65,1.9456775,3.5067172,0.05169348672552287,0.16443731586447435
Tnfrsf11a,1.9456588,-0.124920875,0.05169573134513074,0.16443731586447435
Acad8,1.9454348,0.56135976,0.05172267314244698,0.16447989107044292
Ankrd52,1.9453228,0.17714596,0.05173614844632775,0.16447989107044292
BC005624,1.945248,1.2633702,0.05174513361413205,0.16447989107044292
Sf3a3,1.9445198,1.0776072,0.0518328074468221,0.16472035769460977
Fam114a1,1.9438288,-0.12742002,0.05191610003883988,0.16491570428486582
Myo19,1.9438101,-0.15631689,0.05191835274311141,0.16491570428486582
Extl3,1.9432685,1.5783453,0.051983716746826183,0.1650611151547252
Pik3c3,1.9432312,0.28661656,0.051988227145448124,0.1650611151547252
Rab3gap1,1.9430819,0.36836156,0.05200627201371195,0.16508014981182895
Pcnx3,1.9417746,0.7836218,0.052164388205231116,0.16552443471725617
Rasa3,1.9416625,2.2678869,0.05217795970939378,0.16552443471725617
Ciao2b,1.9416252,0.36999097,0.05218248420027952,0.16552443471725617
Kpna3,1.9412144,0.84895164,0.05223227525923163,0.16564402107672996
Ripor2,1.9410276,3.1353989,0.0522549206895118,0.16567748517618877
Ecsit,1.940897,1.3434651,0.05227077737539871,0.16568941463280015
Ulk1,1.9404675,0.9803153,0.052322906247794336,0.16581628859467554
Bub3,1.9396645,0.8149621,0.052420481185025694,0.166087093486321
Jak3,1.9395337,2.893578,0.05243637986759566,0.1660966292105227
Chchd4,1.9394404,0.54042035,0.05244773853757089,0.1660966292105227
Eif2s2,1.9381706,-0.115139306,0.05260242079146706,0.16653114067031888
Usp53,1.9381145,0.29403612,0.052609253782564966,0.16653114067031888
Pdcd7,1.9376663,0.9996973,0.052663944426583904,0.1666657515925617
Tada1,1.9374422,1.5338141,0.05269130756489922,0.16671383686815688
Minpp1,1.9370128,0.048115782,0.0527437867967056,0.16684134821400756
Fbxl5,1.9363965,0.3075591,0.052819159385691365,0.16702432906504644
Xpo7,1.9363405,0.73099625,0.052826015900645715,0.16702432906504644
Akirin1,1.9357803,0.6485286,0.052894621970313256,0.16718578255758756
Bcl2l13,1.9357243,0.2724419,0.052901486670594314,0.16718578255758756
Pstpip1,1.9355001,3.4110115,0.05292895291706748,0.16720267918599976
Ppp2r5b,1.9354814,-0.011471692,0.052931242308735846,0.16720267918599976
Nelfcd,1.9345851,0.22923502,0.05304123046089044,0.16751149315680014
Sfxn3,1.9338568,1.4350278,0.0531307363839522,0.16775549399865064
Ncaph2,1.933558,1.2391458,0.053167493248334155,0.1677990720661852
Coprs,1.9335207,0.577842,0.05317208934972874,0.1677990720661852
Tmc8,1.9334459,1.3426584,0.05318128254827563,0.1677990720661852
Mid2,1.9327737,0.36391044,0.05326408110278322,0.16802162355701822
P2ry1,1.932419,0.58008456,0.05330782373544713,0.16812089898149765
Larp1,1.9320267,-0.16406542,0.05335620576167912,0.1682347569470665
Dnajc16,1.9318026,0.8110738,0.05338386909699643,0.1682832504898415
Cpsf6,1.9315785,0.30001226,0.05341154441028336,0.16833175947110238
Tmed5,1.9307195,1.103682,0.0535177441421794,0.16862766668533988
Ccnl2,1.9301593,0.78516006,0.05358709979440884,0.16879770907923944
Ccdc88c,1.9300846,2.7458882,0.0535963528828242,0.16879770907923944
Ehhadh,1.9290949,0.04065216,0.05371908230787904,0.16914535224498803
Mfsd8,1.928796,2.4105477,0.05375617877686621,0.16922326499151358
Ppp2r1b,1.9285533,1.9183248,0.05378633540371468,0.16927930048952242
Mesd,1.9283106,2.0130064,0.05381650615268967,0.1693353546834746
Dmac2,1.9275823,0.10523053,0.05390710318071989,0.16958147269250573
Baiap2l1,1.9273582,-0.278781,0.05393500478854319,0.1695913623142166
Cherp,1.9273582,0.742328,0.05393500478854319,0.1695913623142166
Hyou1,1.9270594,1.5980217,0.05397222568260305,0.1696694565974442
Aktip,1.9252293,0.5494465,0.054200671760888885,0.17034852101954068
Fastkd3,1.9242396,1.8949708,0.05432455494290026,0.17069871621966365
Brd1,1.9238474,0.924456,0.05437370603744013,0.17081398136045167
Pld3,1.9231005,0.7306636,0.05446742981092035,0.17103495644298417
Ubfd1,1.9229884,0.3629266,0.05448149999395496,0.17103495644298417
Rnf34,1.9229884,0.9259036,0.05448149999395496,0.17103495644298417
Slc25a12,1.922727,1.2605637,0.05451434221258845,0.17109885184707027
Naa80,1.9202247,0.47007668,0.05482952546474951,0.17204867129341922
Slc35b1,1.9199445,0.13976327,0.0548649015546322,0.17212025447640514
Stard3,1.9197018,1.3663279,0.05489557622571687,0.17216725549010767
Prkcd,1.9196271,-0.12312397,0.05490501746250222,0.17216725549010767
Yipf5,1.9189548,0.46986717,0.05499004953477803,0.17239443446829725
Ggps1,1.9188055,1.1512089,0.05500896045380375,0.1724142663502886
Mavs,1.9186374,-0.088697,0.0550302417184046,0.1724415168211672
Gaa,1.9184506,0.55389464,0.055053895617775885,0.17247618796330427
Jmjd6,1.9174422,1.1902626,0.055181773189265294,0.1728052040385468
Gtf3c5,1.9174236,1.0188326,0.055184143625448344,0.1728052040385468
Trim15,1.9168633,0.50388795,0.055255296189122616,0.1729884729869698
Ikbke,1.9164711,1.2780929,0.055305148467818255,0.17310498835026505
Strn4,1.9152387,-0.23363268,0.055462071161906934,0.17354666168335156
Vcl,1.915164,-0.041746143,0.055471593540977845,0.17354666168335156
Rel,1.9145291,1.652946,0.05555258878156855,0.1737603804354998
Rhou,1.914361,-0.05776976,0.05557404518490716,0.1737878153465483
Prpf38b,1.9134647,0.7301017,0.05568859598520888,0.17408896612677327
Pgam1,1.9134086,0.061159298,0.055695761936762574,0.17408896612677327
Tbc1d10b,1.9132032,0.9994036,0.05572204366517843,0.1741313864536826
Eci3,1.9129791,1.0962095,0.05575072642396204,0.17418128894145496
Kmt5c,1.912811,0.3117752,0.0557722465636193,0.17420643060303714
Ddx18,1.9127177,1.7160491,0.0557842051865346,0.17420643060303714
Mta1,1.9124936,1.4679147,0.05581291459654261,0.17424654220610666
Fam117a,1.9124188,0.4203972,0.0558224871344965,0.17424654220610666
Prap1,1.9118774,0.33046198,0.05589192894166473,0.17442355956738198
Tprn,1.9104208,-0.1233164,0.05607906055012658,0.17496769062553727
Fbxl17,1.909543,0.92425454,0.056192071042708486,0.17526061963823122
Scnm1,1.9094124,0.2857461,0.056208918605798824,0.17526061963823122
Apol10a,1.9093937,-0.17296945,0.05621132574382394,0.17526061963823122
Osbpl10,1.909151,0.35285208,0.05624262634959224,0.17531831194298378
Rnf186,1.9089642,-0.04432208,0.056266713612290915,0.1753286308178858
Bpgm,1.9089268,0.09859473,0.056271532095346265,0.1753286308178858
Srsf3,1.9084413,0.43310878,0.05633420364428295,0.1754839904335326
Ppp2r1a,1.9078624,-0.1367982,0.056409003349349236,0.17567705066744363
Gtf3c6,1.9073396,0.3885285,0.056476635418450966,0.17584770573472233
Wrnip1,1.907134,0.18741903,0.05650322362039012,0.1758632838265808
Clk3,1.9070221,0.5575895,0.05651773066690526,0.1758632838265808
Usp22,1.9070034,-0.01775161,0.056520148809374844,0.1758632838265808
Smim19,1.9067233,1.395953,0.05655643128153444,0.17593621901839732
Pet100,1.9063871,0.19666234,0.05659999583502038,0.1760219302657891
Stx6,1.9063125,0.58689713,0.056609680638764,0.1760219302657891
Slc35b2,1.9060136,0.10354591,0.056648433646819894,0.17607528053950325
Prrt1,1.905883,25.705793,0.05666539502909999,0.17607528053950325
Traf3ip3,1.905883,25.681067,0.05666539502909999,0.17607528053950325
Tmc4,1.9055655,-0.022910204,0.05670660455380789,0.17613096872673034
Dgat2,1.9055468,0.60764766,0.05670902941997136,0.17613096872673034
Wdr7,1.9050612,1.204615,0.05677210623419353,0.17628691192394635
Kif2a,1.9046878,0.8442217,0.056820666578055734,0.1763977185858517
Fgfr2,1.904445,-0.22181532,0.056852249331415014,0.17645578066161885
Usp14,1.9039968,0.2775112,0.05691059432727089,0.176596861219391
Isg20,1.9024656,0.9884504,0.05711031573203585,0.17717647770128878
Ube2j2,1.9021854,1.126749,0.05714691314171189,0.1772173257527598
Vcpip1,1.9021668,1.0618201,0.05714935366245933,0.1772173257527598
Psmc2,1.9017746,0.2967832,0.057200624627459895,0.17733617501611237
Traf2,1.9015692,0.9683772,0.05722749611195903,0.1773793431524522
Casz1,1.9011958,-0.11333903,0.057276380255231706,0.17749070560883834
Arhgap32,1.9003553,0.270188,0.057386496561450825,0.17775911249469922
Rfwd3,1.9003367,0.9581864,0.057388945588617124,0.17775911249469922
Dvl3,1.9002247,0.35409266,0.05740364157681496,0.17776444159185467
Tmem181a,1.8998885,0.5520469,0.05744774831890588,0.17786082530373118
Mark3,1.8996084,1.0645225,0.057484525460374004,0.17793447781453317
Med20,1.8986187,0.7640473,0.057614628180732895,0.17829690672600873
Rdh10,1.8979465,2.0144708,0.05770313937911465,0.1785130118858383
Scamp1,1.8978904,-0.18453152,0.057710520411852394,0.1785130118858383
Bag5,1.897106,0.69716704,0.05781393730431796,0.17879253748739415
Nfix,1.8966019,0.040122487,0.05788050089876042,0.17891761333777478
Pnn,1.8966019,0.95860887,0.05788050089876042,0.17891761333777478
Msh2,1.896303,0.70555615,0.0579199760397389,0.17899924920920884
Kdm1a,1.8957802,0.62636805,0.057989111375859666,0.1791724911703377
Gng12,1.8956121,-0.0030354445,0.058011348007129114,0.1791756490234339
Xaf1,1.8955748,0.717055,0.058016290442916264,0.1791756490234339
Asxl1,1.895108,0.93431073,0.05807810042048655,0.1793261157900982
Tank,1.8936887,0.57534695,0.0582663388602648,0.1798262767257553
Nhsl1,1.8934833,-0.19740129,0.05829362584157176,0.1798699716282732
Alg12,1.8930165,1.2653425,0.05835568119149236,0.18002090347296676
Zfp687,1.8925682,0.795961,0.05841530594525495,0.18016427092525727
Kcnk1,1.8922882,-0.17714524,0.05845259710755954,0.18020581666627422
Slc10a5,1.8922695,-0.2695026,0.05845508388795056,0.18020581666627422
Zer1,1.8914665,2.0644941,0.05856209860481192,0.18049510706095012
Ssh2,1.8912238,1.9054397,0.0585944839049433,0.18052137779630067
Tet2,1.8912051,0.10845174,0.0585969756978211,0.18052137779630067
Dennd4b,1.8908876,3.1856937,0.05863934964307397,0.18061130622979166
Ly96,1.8905141,1.2107588,0.05868923391950047,0.18072432112770428
Car13,1.890346,-0.08822275,0.05871169333806222,0.1807528536475174
Atg101,1.889487,0.6642066,0.05882659741123995,0.18106591429655974
Exosc4,1.8889081,0.91622794,0.05890413802939477,0.18126385691884733
Aaas,1.8885907,1.8750325,0.058946696317357994,0.1813540847850448
Dcaf10,1.8882545,0.7823879,0.058991785854090616,0.18141903386004232
Laptm4b,1.8882359,-0.22518364,0.058994291667626896,0.18141903386004232
Gmeb2,1.887769,1.1297146,0.059056965728705314,0.18157101222694408
Ywhaq,1.8875263,-0.14873625,0.05908957807689503,0.1816283347161237
Birc3,1.8874329,1.5538299,0.059102125267480245,0.1816283347161237
Bcr,1.8858643,0.5770763,0.05931324893834441,0.18223626608103125
Ythdc2,1.884333,2.026022,0.059519949158554644,0.18283033710138982
Styk1,1.8828017,-0.3380299,0.05972724666118237,0.1834259760722256
Leng9,1.8814945,0.48868814,0.05990468144322834,0.18392965839807895
Abraxas2,1.8810837,0.22106819,0.059960536864015195,0.1840599047808667
Isx,1.8809156,-0.16519777,0.05998339925362802,0.18406096052414797
Ddx41,1.8808782,0.85095966,0.059988480766231256,0.18406096052414797
Tgfa,1.8807849,-0.037104726,0.060001186109550714,0.18406096052414797
Senp1,1.8805982,0.980957,0.060026603490622964,0.18409770938471784
Ylpm1,1.8789548,0.3217072,0.060250661662305624,0.18472563824776236
Bcat2,1.8788989,0.8619377,0.060258312213813864,0.18472563824776236
Fam173a,1.8778343,1.2681831,0.06040382577691755,0.18513029376818133
Slc40a1,1.8776103,0.46796435,0.060434497296169516,0.18518287026560554
Rab19,1.8768446,1.9268426,0.06053938906880688,0.18546279746034308
Slc28a2,1.8763218,4.860218,0.060611109144450045,0.18564100050949378
Coro7,1.8758363,1.1858155,0.060677769391360326,0.18580363000930633
Phactr4,1.875388,0.29878068,0.060739355837166956,0.18593268356415804
Cyp20a1,1.875332,0.76436794,0.06074705778344317,0.18593268356415804
Ccdc174,1.8740809,1.4836916,0.06091927887489294,0.18641816407997172
Pbx1,1.8739128,0.72557956,0.06094244383823072,0.18644740522192071
Pigc,1.8731098,0.7156554,0.061053221627741856,0.1867446162759686
Selenof,1.8728857,0.4466677,0.06108416611171819,0.18679756154699537
Pebp1,1.8715225,-0.15019974,0.061272691735214505,0.18731418124561952
Ino80e,1.8714665,0.8353754,0.06128044966006327,0.18731418124561952
Ppip5k1,1.870925,-0.07720541,0.06135548487875087,0.18750170484918288
Rbm27,1.8706822,0.14422765,0.061389146044271384,0.1875107529437247
Zc3h7b,1.8706075,0.8705549,0.0613995064018649,0.1875107529437247
Ube2l6,1.8706075,0.910217,0.0613995064018649,0.1875107529437247
Maco1,1.870234,1.8101367,0.06145132990871362,0.18761704003603677
Rnf169,1.8701593,1.6602154,0.061461698954871025,0.18761704003603677
Gng2,1.8695804,2.6698918,0.06154210819019934,0.18782064651497685
Asb8,1.8684973,0.23520097,0.06169278518603313,0.18823856504424363
Stk4,1.8683106,1.6128799,0.06171879481721673,0.18827599398705616
Phip,1.8680865,3.140205,0.0617500183552993,0.18832930798477301
Usp12,1.8678998,0.45372742,0.06177604795690434,0.18836676096362998
Exosc10,1.867769,0.8228674,0.061794274081135823,0.18838040830252797
Pum1,1.8673395,0.31181,0.061854191257236915,0.188479185992915
Zpr1,1.866966,0.53893894,0.061906332226323114,0.1885961199690075
Clcn7,1.8664805,0.808794,0.06197416986127306,0.18876081082690993
Zfp639,1.8663684,0.87561524,0.061989833432988556,0.188766552129794
Mon1b,1.8659763,1.258914,0.062044681734605416,0.18888143303025678
Iyd,1.8659016,1.4493208,0.06205513358169239,0.18888143303025678
Slc48a1,1.8652294,1.0273896,0.06214926578077055,0.18912593096325112
Mcfd2,1.8651173,-0.06921075,0.062164965960663225,0.18913169745971267
Dennd3,1.8648372,1.7774887,0.062204230767221425,0.1892091388789817
Rgs19,1.8640902,1.8659357,0.06230903723854267,0.18948586241243828
Setd7,1.8632872,1.307841,0.06242186707432206,0.18978685728322509
Pbld2,1.8630071,0.8727841,0.06246126605586981,0.1898645096439797
Fam45a,1.8624842,0.5336949,0.06253486585216235,0.19004606525612783
Sigmar1,1.8622601,0.47556165,0.06256643057112751,0.19009982231635547
Rnpep,1.862092,-0.14865737,0.06259011275631425,0.1901296108118637
Ccdc116,1.8606915,3.0814326,0.06278775272657557,0.19068769947995684
Alas1,1.8594217,-0.19659223,0.06296739204247984,0.1911908845261467
Ube2d1,1.8591229,0.9815788,0.06300972180573976,0.19125874151231537
Pex14,1.8590668,0.43463352,0.06301766125449573,0.19125874151231537
Smim11,1.8585813,0.45252278,0.06308650445620338,0.19139895847091795
Epb41l4b,1.858544,-0.027795747,0.06309180266092448,0.19139895847091795
Prkd3,1.8572555,2.4149127,0.06327481606670758,0.1919116626331401
Dnaja3,1.8566579,0.24270715,0.06335984063960959,0.1921270068089091
Mcee,1.856135,0.24561697,0.06343431456443323,0.19231026986783253
Abhd17b,1.8559669,-0.20461193,0.06345826796683711,0.19234032547470542
Arhgap35,1.8556495,0.06534099,0.06350353367281131,0.19243495052367063
Prorsd1,1.8553507,1.8461541,0.06354616105625685,0.19252154057291437
Tbcc,1.8552387,1.0376154,0.06356215241851071,0.1925274128086661
Sap130,1.8545665,0.2333969,0.06365817042304493,0.1927756266126692
Oaz1,1.8526616,0.81637764,0.06393087229635172,0.19351589714096742
Ssrp1,1.8505515,0.38478893,0.0642341088806562,0.19439083093991386
Rxylt1,1.8497671,0.5486803,0.06434711855188699,0.19468982424047077
Slc25a32,1.8495244,1.0110034,0.06438213097977943,0.1947527477198009
Rsu1,1.849263,1.619872,0.06441985425635846,0.19482384179075296
Etfdh,1.8491509,-0.23519951,0.06443602695893375,0.19482974383963636
Setx,1.8488334,1.0774461,0.06448186781638254,0.19492532857114758
Pcmtd1,1.847825,0.5945836,0.06462765852762281,0.19532294767889533
Erlin1,1.8473582,0.1539746,0.06469524628852753,0.19548409222603158
Cldn12,1.8464805,0.59646755,0.06482246918011997,0.19582532034567665
Snx27,1.8460697,0.6126749,0.0648820912065102,0.1959622243230136
Tnfrsf18,1.8454534,3.7241306,0.06497160907090856,0.19618934191568155
Lgals9,1.8450426,-0.17881607,0.06503134423240425,0.1963196988491601
Dxo,1.8449492,0.030852495,0.06504492672177367,0.1963196988491601
Adck5,1.8447812,-0.0044229208,0.06506938109957562,0.1963196988491601
Fut11,1.8447624,2.4220316,0.06507209872073255,0.1963196988491601
mt-Nd6,1.8438474,0.31308088,0.06520537688890642,0.19667848158917173
Nelfe,1.843306,0.019313049,0.06528436180020723,0.19687337808999322
Btnl4,1.8428577,-0.36725754,0.06534978827748203,0.19700862361056903
Iscu,1.8428017,-0.057082012,0.06535797038759389,0.19700862361056903
Tsku,1.8422974,-0.082066864,0.06543164739973925,0.19718732278408002
Rnf25,1.8421481,0.37208593,0.06545349077271118,0.19720976986719663
Nudt2,1.841009,0.46388754,0.06562024427497815,0.1976687217605982
Wdr18,1.8408409,1.3337423,0.06564487687345948,0.19769945332301492
Dnmt3a,1.8405421,1.4044695,0.06568868698080754,0.19778791464550843
Spindoc,1.8404114,1.6426946,0.06570786148024695,0.19780217584693102
Cacfd1,1.840038,0.9588228,0.06576267118831701,0.19792368086114742
Tbc1d5,1.839403,0.92986673,0.06585593417606388,0.19816083861455636
Mtf2,1.8391602,0.97519857,0.06589162235019906,0.19822468735127957
Dis3l,1.8388988,1.2529474,0.06593007359242825,0.19829681848875236
Otud6b,1.8374236,0.7970046,0.06614739519039778,0.19890678536181947
Ints3,1.8364712,0.06824701,0.06628800466832711,0.19928585998597356
Ikbkg,1.8357242,1.0836736,0.06639845883116152,0.1995741303174447
Lmtk2,1.8351827,0.3661362,0.0664786328639306,0.1997712810344043
Zfp317,1.8345478,2.4627707,0.06657273153206308,0.20001018026080356
Ddx50,1.8333713,0.24542725,0.06674738077050674,0.20049092667308535
Heatr6,1.8331099,1.0205289,0.06678624290457744,0.200544740108725
Hes6,1.8330538,1.4584721,0.06679457292818337,0.200544740108725
Sh2d3c,1.8325683,3.8964503,0.06686680230746724,0.20071761428840953
Dexi,1.8323629,2.010735,0.06689738024394346,0.20076541278029034
Crebl2,1.8317093,2.4312074,0.06699475027817559,0.20101359588502093
Dip2b,1.8313918,1.1678668,0.0670420863746494,0.2011115794466163
Mri1,1.8310744,0.4397599,0.06708945000006604,0.20118227814027934
Lzic,1.8310369,0.6350806,0.06709502400167418,0.20118227814027934
Ints8,1.8309063,0.94760174,0.06711453600935058,0.20119674908711221
Polr3k,1.8299725,0.10286987,0.06725404336377719,0.20157085847380168
Eif4e,1.829263,0.6159528,0.06736022849623757,0.20184495415539255
Elovl5,1.8287774,0.64160115,0.06743296094379167,0.202018710896555
Cul2,1.8286467,0.10984234,0.06745255379395722,0.20203322846025662
Taf5l,1.8281238,1.5965226,0.06753097204259098,0.20222389442262217
Orai3,1.8276196,0.53276664,0.06760666066362059,0.20240630487141653
Timm17b,1.8258456,1.5663964,0.06787352746456221,0.20316087530358365
Hat1,1.8249305,1.3985646,0.06801151288773061,0.20352942913104177
Fam89b,1.8247998,1.1604089,0.06803124391009541,0.20354401431935074
Camk2g,1.8246504,2.3166802,0.06805379941380765,0.20356704191466482
Hspd1,1.8234739,0.13823166,0.06823163898687523,0.204054454075571
Slc35a2,1.8230819,0.15676965,0.06829100368790017,0.20418741827242085
Npas2,1.8225589,-0.071286604,0.0683702226705417,0.20437967501340198
Alg14,1.8222975,1.4488343,0.06840986048227145,0.20445355336106433
Wdr11,1.821924,0.5144576,0.06846651869519683,0.20457825651563724
Trim24,1.8209343,0.46474203,0.06861684952602894,0.20498273844452602
Klrk1,1.8208222,2.681404,0.06863388519152729,0.20498893113667405
Ell,1.8204114,0.22315873,0.0686963790400741,0.20509464473524455
Rhpn2,1.8203927,-0.394695,0.0686992207802947,0.20509464473524455
Tulp4,1.8200192,0.19390655,0.0687560758747078,0.20521966001819106
Fam241a,1.8196645,0.6421506,0.0688101240230884,0.20533624463435224
Utp6,1.8191602,1.090745,0.06888698933732884,0.20552085233480077
Larp4,1.818376,-0.0707268,0.06900669781983446,0.20583317224727454
Smarca2,1.816359,0.93182546,0.06931530454399619,0.20670867920173003
Prpf19,1.8160043,0.14036462,0.0693697135367759,0.20682591413576276
Tcea3,1.8153507,-0.2180898,0.0694700324410817,0.20704344922715842
Klhl21,1.815332,1.9043224,0.06947290044505455,0.20704344922715842
Ints14,1.8149399,0.65650946,0.0695331509912985,0.2071779401002152
Cstf2,1.8147905,1.02472,0.06955611486303531,0.20719045828997415
Slc25a4,1.8147157,1.8987817,0.06956759913385993,0.20719045828997415
Fhl3,1.8145851,2.7930098,0.06958770035402154,0.20720528034125082
Slc25a22,1.814361,0.21739589,0.06962217068329053,0.20726287230792706
Helb,1.8141929,0.84616977,0.06964803262919504,0.20729481794915752
Arl5b,1.8136327,1.0041689,0.0697342960842797,0.20747854209551284
Hopx,1.8135953,0.22569984,0.06974005009852823,0.20747854209551284
Tpcn1,1.8125869,0.18576661,0.0698955558725171,0.20789603027648376
Ryk,1.8108689,0.40959162,0.07016114707026257,0.20864070216249125
Hspa4l,1.8106261,0.78810626,0.07019874295158693,0.20870720018158442
Klf2,1.810346,2.6012175,0.07024214335406101,0.20879092296607416
Cfap20,1.8093563,0.46368363,0.07039566780230683,0.20918234991241788
Tmem87a,1.8093003,0.80472904,0.0704043660909605,0.20918234991241788
Mzt1,1.808404,0.42838338,0.07054365866491365,0.20955076403064113
Zfp110,1.8077316,1.3635856,0.07064827637651112,0.2097964680458488
Chpf2,1.8076756,0.9961185,0.07065700026011287,0.2097964680458488
Pdik1l,1.8073395,1.8354739,0.07070936211772613,0.20990416038299647
Tcrg-V1,1.8072461,4.137212,0.07072391272466509,0.20990416038299647
Amz2,1.8066485,0.05378475,0.07081709476834255,0.2100983356654251
Samd8,1.8066299,-0.031130187,0.07082000832868125,0.2100983356654251
Xrn1,1.8061631,1.0765119,0.07089287928972361,0.2102407682288749
Nemf,1.8061256,0.7512952,0.07089871162170819,0.2102407682288749
Pgam5,1.8054161,0.6315785,0.07100960070347899,0.21052402718841423
Msh3,1.8045757,1.9614873,0.07114110058068737,0.2108682557238029
Pard6b,1.804277,0.110393524,0.07118790417426984,0.21096134267521024
Akt2,1.8035487,0.6281355,0.0713020936872264,0.21125404055255226
Slc7a4,1.8032125,2.102525,0.07135484715232931,0.2113646283214944
Cd151,1.8030071,-0.22351463,0.07138710112571578,0.21141445858675015
Suclg1,1.8028764,0.5357204,0.07140763260216199,0.21142955838548072
Pcbp2,1.8021294,1.0506849,0.07152504818266785,0.21173145205327343
Anxa1,1.8019427,0.18575394,0.07155442678499452,0.21177266082402785
Abl1,1.801065,0.63360614,0.07169263869682765,0.21213588556080754
Timm44,1.80043,0.4504663,0.07179275806793377,0.21238626334068078
Ttc17,1.800262,0.947071,0.07181927941906498,0.2124188532040566
Chfr,1.7988988,0.8660416,0.07203469374470717,0.2130099944533754
Kcnk5,1.7984133,0.16676666,0.07211154434384236,0.21319122950164876
Lsr,1.7979277,-0.1602788,0.07218846207664477,0.2133725847788637
Slc39a14,1.7970874,-0.05343263,0.0723217476888736,0.2137204364403728
Msi2,1.796247,1.054514,0.0724552347354758,0.21405535714486137
Nr2c2,1.7961537,0.80366236,0.07247007907288602,0.21405535714486137
Gcsh,1.796079,0.4618481,0.07248195633540233,0.21405535714486137
Dcaf1,1.7958175,0.82181364,0.0725235393045537,0.2141320018259452
Pard3,1.7955,0.1633575,0.07257405916319416,0.21422393798581474
Adcy7,1.7954254,6.8088937,0.07258595037446365,0.21422393798581474
Mecp2,1.7942675,0.8058298,0.07277046818336776,0.2147222515856425
Tgfbi,1.7934272,1.3019098,0.07290463268914706,0.21507180616738042
Mtmr1,1.7931845,0.99164444,0.07294342898683229,0.2151399304886119
H2afx,1.7917839,0.15370594,0.07316758379191396,0.2157546056713778
Rasgef1b,1.790178,1.1717606,0.07342530788379736,0.21646798321670407
Dusp10,1.7894497,1.7057695,0.07354242722159596,0.2167666206832755
Spire2,1.7887213,-0.33200797,0.07365969929361997,0.21706322787468657
Eef1d,1.788628,0.20247975,0.0736747452275396,0.21706322787468657
Hgsnat,1.7881985,0.61887544,0.07374398889499317,0.21717804083448367
Ifnar2,1.7881238,1.7717729,0.07375603670201902,0.21717804083448367
Zfp260,1.7880118,0.8862631,0.07377411143002918,0.21717804083448367
Mapk9,1.7879931,0.41060403,0.07377712423676548,0.21717804083448367
Gfer,1.7876943,0.5986076,0.0738253428273075,0.21727329682795118
Traf4,1.7875075,0.07236176,0.07385549252820686,0.21731534528273927
Epg5,1.7866672,0.4176335,0.07399129077863563,0.21766817343081557
Cep170b,1.784389,0.06522948,0.07436048197920533,0.21866035696825778
Arl2,1.7837167,0.49078825,0.07446971082184875,0.2189345575663794
Epb41l2,1.7828577,0.8646751,0.07460947174736156,0.21925134340172744
Vps4a,1.7820734,0.7605957,0.07473726661997435,0.2195797882679924
Asap2,1.7805794,0.30019268,0.07498118005344873,0.22024917811583353
Pogz,1.7803553,0.7598796,0.07501782307521801,0.22030957687684605
Papolg,1.7802433,1.1839482,0.07503615006909974,0.22031617144163446
Polb,1.7800752,0.39963183,0.07506364741507247,0.22034968279119196
Rnf31,1.7797577,0.3983647,0.07511560929607158,0.22045498015342346
Rorc,1.779347,-0.26641688,0.07518289767797232,0.22058254844667696
Ppargc1b,1.7792722,0.36647803,0.07519513721515864,0.22058254844667696
Cybc1,1.7791976,0.7887946,0.07520737837915534,0.22058254844667696
Ptges2,1.7781144,-0.0624119,0.07538505816133895,0.22105400435945088
Slc25a44,1.7780211,0.21480486,0.07540039141399371,0.22105400435945088
Carnmt1,1.7772928,0.26932198,0.07552007817775384,0.2213281745223141
Cdc42bpa,1.7772554,1.3091623,0.07552622013808893,0.2213281745223141
Thnsl2,1.7768633,0.1324424,0.07559073534010012,0.22143151122801735
Tcirg1,1.7768446,1.4958318,0.0755938086141195,0.22143151122801735
Myo18a,1.7759296,0.07596684,0.07574452400716397,0.2218255619705315
Ankmy2,1.7755561,0.46239102,0.07580611092041172,0.2219471228436442
Chmp7,1.7754815,0.5708509,0.0758184332049821,0.2219471228436442
Tiparp,1.7747718,0.3027989,0.07593557644097094,0.22224255442027385
Dnajc21,1.7746598,0.51370317,0.07595408623286456,0.22224924848147043
Fech,1.7740061,-0.13758889,0.07606213339694452,0.22251787903868034
Arhgef12,1.7735393,0.886158,0.07613938668265263,0.22269632740229314
Zfp236,1.7734085,1.8618976,0.07616102906826648,0.22271208073324456
Rnf2,1.7726243,1.5134503,0.07629098878099985,0.22304217396076415
Bcas1,1.7725309,-0.06487681,0.07630647221562785,0.22304217396076415
Ddx54,1.7723815,0.29624647,0.07633125104169089,0.22306700923019737
Pop5,1.7714665,0.7753823,0.07648316457702203,0.22346328741846913
Samd10,1.7706262,0.9039865,0.07662289408917428,0.22377609230903595
Uqcr10,1.7703086,-0.13668157,0.07667573492969457,0.22388268724143556
Lrrc66,1.7697111,-0.09066454,0.07677528063428234,0.22410508578392488
Mthfd2,1.7696551,1.4028682,0.07678461844304696,0.22410508578392488
Myo9b,1.7668726,1.404718,0.07724956241543354,0.2254140585924259
Spred1,1.7665738,0.36877596,0.07729962538863848,0.22551210984334477
Uck1,1.7664618,1.3827285,0.07731840581748177,0.22551887581424318
Apool,1.7660323,-0.113461286,0.07739043190375976,0.22568091040474855
Hspb11,1.7656589,0.021207325,0.07745310770785394,0.22581561515164908
Tom1l1,1.7654908,-0.17389838,0.07748132530731901,0.22584982057665326
Afdn,1.7650613,-0.07923533,0.07755347499922476,0.2260120415846371
Ifi206,1.7647251,4.0552173,0.07760997814195786,0.22612860496487083
Cct2,1.7641275,0.71019137,0.07771051096426049,0.2263527203481111
Med27,1.7640715,0.7275883,0.07771994135164341,0.2263527203481111
Gmds,1.7635486,-0.17066398,0.07780800325339911,0.22656102966452024
Wdr48,1.7633245,0.5208891,0.07784576893511991,0.22661817094540945
Odr4,1.7631938,0.60411245,0.0778678058086792,0.22661817094540945
Ehd4,1.7631378,0.08040721,0.0778772517380283,0.22661817094540945
Kpna6,1.7618493,0.19348231,0.07809476576696346,0.22720286494104894
Eif4enif1,1.7613637,0.70134896,0.07817685576926237,0.22739340213140008
Pcmtd2,1.761121,0.41570872,0.07821792710511044,0.22746457256209152
Cd84,1.760318,3.2900674,0.07835390359980754,0.2277954541322083
Zw10,1.7602433,0.05545822,0.07836656235149723,0.2277954541322083
Atf6b,1.76015,1.6654326,0.07838238813187837,0.2277954541322083
Inpp5k,1.7600566,1.451524,0.07839821651338409,0.2277954541322083
Trappc12,1.7595897,0.4381291,0.07847739744791347,0.227977172399579
Nom1,1.7592909,0.8248734,0.07852810739327765,0.22807612280854436
Etv6,1.7584506,0.2901857,0.07867087209331078,0.22844233736294145
Dhdds,1.757853,0.5826181,0.0787725220885036,0.22868903424719206
Stambpl1,1.7573862,0.89178365,0.07885201047843653,0.22885974688391628
Cmtr1,1.7573115,1.1985078,0.07886473467437728,0.22885974688391628
Trp53bp2,1.756994,1.9572409,0.0789188311437921,0.22896823097627103
Tubgcp4,1.7568446,0.029464103,0.07894429874881873,0.22899362542003313
Slc12a2,1.7557988,-0.15168855,0.0791227592337401,0.22946270141876363
Edc3,1.7554253,1.4107362,0.07918657458446196,0.2295991686364294
Snx25,1.7549212,1.7007555,0.07927279169976488,0.22980051762310175
Abhd11,1.7548091,-0.27454242,0.07929196142178203,0.22980746170476282
Vamp2,1.754473,1.2251981,0.07934949320665603,0.22992556195668096
Tox3,1.753614,-0.24412245,0.07949667310178007,0.23030332448601967
Gm2a,1.7533152,0.8214651,0.07954791810576084,0.23040306089829252
Gspt1,1.752979,1.085433,0.07960560083292956,0.23052139746589195
Cebpb,1.7523814,0.5068241,0.07970823185976546,0.2307698175145365
Slc39a5,1.751373,0.12547433,0.0798816655872839,0.23122307596572778
Ilf3,1.751261,1.4957536,0.0799009549188749,0.231227738515674
Ppp2r2d,1.7511677,0.7035951,0.07991703225340996,0.231227738515674
Hars,1.750981,0.36372486,0.07994919480972178,0.2312719528912982
Galm,1.7505515,-0.2419955,0.0800232086098227,0.23143718766193183
Tmem38b,1.7501966,0.07107892,0.08008439243255562,0.2315652546065876
Heatr5b,1.7487401,1.0502014,0.08033596657207037,0.2322436678703026
Rhot2,1.7478063,0.07605385,0.0804975694509852,0.23266175136677156
Atp8b2,1.7471714,2.2357883,0.08060761015429922,0.23293066001136878
Senp2,1.7467419,2.5582561,0.08068211870511253,0.23309680013919057
Ino80,1.7465925,0.9451996,0.0807080478292241,0.23312255012868863
Pccb,1.7463311,-0.38587436,0.08075344007912366,0.23320449601264634
Shroom3,1.7458082,-0.23027638,0.0808442867719648,0.23341764568512494
Lats2,1.7453413,1.0789621,0.08092546999781322,0.2336028105710158
Ttpal,1.7450986,0.85240084,0.08096771142594651,0.23367551011912097
Srsf7,1.7449305,0.86059785,0.08099696597662422,0.2337107063773698
Dnmbp,1.7446878,-0.30031657,0.0810392376987605,0.23376236526035732
Sltm,1.7446318,0.95738566,0.08104899525450346,0.23376236526035732
Chd9,1.7442583,0.8948849,0.08111407000238481,0.23390081225692946
Ptpn7,1.743586,2.5592442,0.08123131142614363,0.23418959733547304
Avl9,1.7433245,0.5380312,0.08127694244236146,0.23427185176948287
Trip10,1.7427644,0.11718314,0.08137479324726521,0.23450455773822745
Ccdc82,1.7415692,1.5892091,0.08158386116702156,0.23505760210056684
Tor4a,1.7405795,0.55090576,0.08175732525240643,0.23550785449074185
Nbr1,1.740206,1.2804021,0.08182286110501095,0.2356470878996532
Fnbp1l,1.7400565,0.17774785,0.08184908737526073,0.23567307630119208
Gtpbp8,1.7391042,1.3423088,0.08201644018543602,0.23607462585591205
Elp3,1.7390668,1.4081005,0.08202300869154316,0.23607462585591205
Sec24d,1.7387121,0.25819975,0.08208543078114901,0.2362046632433819
Naglu,1.7385253,0.4493362,0.0821182999838156,0.23621893532201707
Grhpr,1.738488,0.53683525,0.0821248751050195,0.23621893532201707
Tfeb,1.7380584,0.6671283,0.08220051968937282,0.23638688491696216
Arid4a,1.7376289,1.4136633,0.08227622076388712,0.2365313903969379
Gpt,1.7375169,-0.100323275,0.08229597816422085,0.2365313903969379
Tango2,1.7374796,-0.011360171,0.0823025648191389,0.2365313903969379
Gbp7,1.7365085,2.559799,0.08247396793069615,0.23695072899494324
Plagl2,1.7363964,0.14465557,0.08249376382098314,0.23695072899494324
Gpank1,1.7363591,1.0509714,0.08250036330699849,0.23695072899494324
Slain1,1.7358922,1.7048395,0.08258289299991005,0.23713804948622252
Tmem251,1.7357242,1.1565342,0.08261262006698163,0.2371736996893647
Emid1,1.7352947,4.794333,0.0826886286465296,0.2373114366349307
Abtb1,1.7352573,2.7650394,0.08269524076607002,0.2373114366349307
Med9,1.7350892,-0.11298065,0.082725000607427,0.23734486288954784
Cdca4,1.7349958,1.1610358,0.08274153760295477,0.23734486288954784
Magi1,1.7348465,0.36610904,0.08276800236860123,0.23737107650195452
Tmem147,1.7342676,-0.085337654,0.08287061813986413,0.23761338114508118
Ankrd27,1.7341743,0.63209075,0.08288717872206883,0.23761338114508118
Mfap3,1.7338194,0.9892561,0.08295013339424058,0.2377441061717774
Usp39,1.7335953,0.9980733,0.0829899141990404,0.23777764072584132
C1qbp,1.7335579,0.6831017,0.08299654583583746,0.23777764072584132
Dvl1,1.732923,0.96309656,0.08310934937196719,0.23805103207107475
Fam210b,1.7324188,1.9058337,0.08319901711013959,0.23825805485136128
Kctd6,1.7316159,0.59479666,0.0833419830721989,0.2385632946521573
Cspp1,1.7315972,1.9850409,0.08334531022820615,0.2385632946521573
Zc3h13,1.7315038,2.0739563,0.08336194762212337,0.2385632946521573
Haus3,1.7314291,2.4234214,0.08337525947405323,0.2385632946521573
Itgb5,1.7312237,0.15798755,0.08341187594511763,0.23857793600113292
Nsg2,1.731205,3.115746,0.08341520536098004,0.23857793600113292
Fam160a2,1.7309623,0.37240136,0.08345849756306181,0.23865193417114317
Mical1,1.7305888,2.2802806,0.08352513648303847,0.2387926481255482
Osbpl8,1.7296925,1.0813953,0.08368524571583014,0.23918655384708576
Tomm22,1.7295617,0.08454306,0.08370861572924854,0.23918655384708576
Phtf1,1.7295244,1.301581,0.08371529384648001,0.23918655384708576
U2af1,1.7291882,0.13219598,0.08377541631613046,0.23930842442264122
Gdap2,1.7279557,0.8121261,0.08399616454009985,0.23983898586898042
Ntn4,1.7274328,0.16155829,0.08408995744523244,0.24005676536771922
Ap1s3,1.7272274,0.05189279,0.08412682784388854,0.24011198780443188
Poldip2,1.7269473,0.460151,0.08417712674649033,0.24020550644176578
Rai1,1.726163,1.915227,0.08431809317383479,0.24055765857591352
Pcnt,1.7250051,1.520106,0.08452653556334205,0.24110213142156697
Tmem242,1.7244637,0.4284363,0.08462417582002565,0.24132819314289788
Coq10a,1.7243702,1.2278666,0.08464101956581199,0.24132819314289788
Gprin3,1.7234179,-0.31987065,0.08481298074200873,0.2417681723190844
Stoml2,1.7229698,0.27628705,0.08489400137374684,0.2419487869399483
St13,1.7225028,0.3287631,0.08497846441996672,0.24213913530647754
Rufy1,1.7222974,0.3175315,0.08501564968435062,0.24219471837712694
Myo1c,1.7220173,-0.13552654,0.08506637806866678,0.2422577569573
Uspl1,1.72198,1.860919,0.08507314370230441,0.2422577569573
Tfap4,1.7213264,0.45246625,0.08519161274449591,0.24251358697398914
Itprid2,1.721289,-0.21808246,0.085198386431081,0.24251358697398914
Btbd1,1.7210089,0.8790164,0.08524920296252501,0.2426078272926034
Timm23,1.720374,0.2635368,0.08536447782939183,0.24285212858811375
Prep,1.7202619,0.3738345,0.0853848335282503,0.24285212858811375
Zfp513,1.7202433,0.5090516,0.08538822652620029,0.24285212858811375
Nsa2,1.7201126,1.0756699,0.08541198056394252,0.24285746560771507
Mfsd14a,1.7200378,0.56210846,0.08542555669807146,0.24285746560771507
Bcl3,1.7198699,0.0125098275,0.08545610937800013,0.24289392084618294
Shkbp1,1.719571,0.8033194,0.08551044706351298,0.24299581842335494
Rnf123,1.7194777,1.8589457,0.08552743331659982,0.24299581842335494
Srsf10,1.7185626,0.6944012,0.08569404297278826,0.2434186997153637
Hoxb6,1.7174609,0.40505642,0.0858950025586435,0.2439389583444063
Triap1,1.717106,0.26767868,0.08595979935851422,0.24407238367080722
Gde1,1.7169566,-0.23930725,0.08598709403461323,0.24408746483889862
Fam83f,1.716882,-0.11191574,0.08600074399834771,0.24408746483889862
Ptdss2,1.716191,-0.08904539,0.08612708917419289,0.24439542702701791
Vrk2,1.716079,1.0984259,0.0861475917037117,0.2444029832969249
Kctd17,1.7158922,-0.11299896,0.08618177134773598,0.24444933073788466
Cflar,1.7157241,0.8526354,0.08621254239285482,0.24448599271002092
Pex16,1.7154254,0.6670838,0.08626726838606977,0.2445905581310339
Pycrl,1.7143797,0.00087507576,0.08645903037155811,0.24508353322788043
Sf3a1,1.7141556,0.35465053,0.08650016698012838,0.24512786232507372
Aldh16a1,1.7140995,0.7074776,0.08651045360158624,0.24512786232507372
Itih5,1.7134272,0.9266691,0.08663397012937353,0.24539368572043188
Hspa9,1.7133712,0.5999859,0.08664426959777835,0.24539368572043188
Sytl1,1.7132965,0.25677896,0.08665800376025179,0.24539368572043188
Ate1,1.7121388,1.4852414,0.08687110814566909,0.24594630741799267
Pex3,1.7115412,1.4083995,0.0869812629179249,0.24620729379660564
Coq9,1.710402,0.044710014,0.0871915577544118,0.24675156811308444
Gse1,1.7102339,0.09383103,0.08722261956810952,0.24678849402790176
Eif2b4,1.7097484,1.2666069,0.08731240386217044,0.2469915203204078
Fig4,1.709543,1.4053072,0.0873504119689751,0.24704802724503694
Jkamp,1.7090762,1.1386315,0.0874368436817603,0.2472197514819341
Vps39,1.7090201,0.5471961,0.08744722012273377,0.2472197514819341
Dnajc30,1.7085159,0.17034805,0.08754065280757471,0.2474328333946304
Creb3,1.708049,0.075108,0.08762723634695517,0.24760266392084818
Cxxc5,1.707937,1.8235352,0.08764802667265913,0.24760266392084818
Rassf1,1.7078997,1.0958807,0.08765495766540976,0.24760266392084818
Fam160b2,1.7074889,0.38792077,0.08773122776980767,0.2477670213247506
Sypl,1.707134,-0.2158892,0.08779714047602084,0.24790206605966314
Pycr2,1.7068166,1.1137944,0.08785614885357135,0.24801756424766688
Paxip1,1.706387,0.60600406,0.08793603462530505,0.2481366617167854
Arhgap15,1.7063497,4.619217,0.08794298398170072,0.2481366617167854
Nfya,1.7062377,0.3063258,0.08796383470830958,0.2481366617167854
Zfp280d,1.7062004,1.1159289,0.08797078583638152,0.2481366617167854
Clk2,1.706051,0.69266057,0.08799859477850873,0.2481640075062926
Clic4,1.705584,0.5966998,0.08808554341652167,0.24831474451807997
Cgref1,1.7054907,-0.19211517,0.08810294145430021,0.24831474451807997
Golga2,1.705472,0.17209528,0.0881064213943348,0.24831474451807997
Zadh2,1.705304,0.28675786,0.08813774584234968,0.24835193707120334
Plekhg2,1.7045944,1.246663,0.0882701036341619,0.24863243583166156
Bud23,1.7045757,0.6479212,0.08827358889673005,0.24863243583166156
Eya3,1.7044076,0.64702505,0.08830496125255002,0.2486696750585684
Tbx21,1.7042396,2.8519037,0.08833634259643018,0.24870692428505825
Pigm,1.7039595,0.33382425,0.08838866481428305,0.2488031041618405
Fam53a,1.703642,0.9096934,0.08844799352551636,0.2489071314525725
Pphln1,1.7035673,0.9097053,0.08846195788631939,0.2489071314525725
Fhl2,1.7029697,1.7642983,0.08857373676031703,0.24917047096844833
Znrf1,1.7028576,1.6160268,0.08859470796709493,0.24917829996904137
Cyb561a3,1.7023348,1.5488703,0.08869262651702785,0.2492568908050285
Il15,1.7022974,0.26362768,0.0886996240351867,0.2492568908050285
Fbxo7,1.7022974,0.9625349,0.0886996240351867,0.2492568908050285
Atg2a,1.7022227,0.43761832,0.08871362040622767,0.2492568908050285
Pdgfa,1.7019987,-0.21966597,0.08875562019847028,0.24932376393665015
Zfp330,1.7009716,1.5363773,0.08894832430844835,0.24981386695894678
Tent4b,1.7002246,1.8702673,0.08908868437067366,0.25015678948108816
Eif2s1,1.6998324,1.6086648,0.08916244479842729,0.25031260117591264
Fundc1,1.6988614,0.78285927,0.089345301398423,0.25074294614745185
Ace,1.698824,1.2866958,0.0893523403716686,0.25074294614745185
Parp1,1.6973488,1.1821291,0.0896307372484008,0.25147268079113066
Zfp335,1.697106,2.0818198,0.08967661624187312,0.2515419673310021
Atp7a,1.6969566,-0.046840947,0.08970485886529442,0.2515419673310021
Glb1,1.6969193,0.32976326,0.08971192063997833,0.2515419673310021
Dusp18,1.6967512,1.4051242,0.08974370416498262,0.2515419673310021
Sp4,1.6967325,1.322092,0.08974723622729476,0.2515419673310021
Vps13c,1.6964898,1.1086879,0.08979316322248257,0.2515776578466088
Hadha,1.6964711,-0.08285395,0.08979669685181876,0.2515776578466088
Itpkb,1.6955374,3.7550743,0.08997352110008364,0.2520215168822625
Nudt18,1.6946037,1.1135324,0.09015062550674634,0.2524659790356551
Zfp827,1.6943423,1.7728374,0.09020026498438886,0.25255336813532137
Zfp831,1.6941181,25.553959,0.09024283061282747,0.25262091936978676
Gdpd2,1.6940061,0.51366544,0.09026411948771414,0.25262889417399054
Prmt5,1.6938007,0.84651595,0.09030315958769766,0.2526807361423783
Eif3b,1.6935766,1.0818062,0.09034576428222468,0.2526807361423783
Wiz,1.693558,0.611042,0.09034931540337111,0.2526807361423783
Ccdc88b,1.6935205,2.280704,0.09035641798259207,0.2526807361423783
Ncln,1.6933526,0.3231409,0.09038838514885923,0.25271854623252477
Phkb,1.6929417,1.0372154,0.0904665654201797,0.2528855225987476
Eif3a,1.6917092,0.49745497,0.09070143269858034,0.2534903361833029
Hdac7,1.6914852,2.317862,0.0907441884882304,0.2535581036689285
Tmem185b,1.691261,1.0048404,0.09078696048729475,0.25362588880015047
Bnip1,1.6908501,0.55696756,0.09086541793162749,0.2537714749893266
Cptp,1.6907942,0.86139566,0.09087612089763769,0.2537714749893266
Trap1,1.6905701,0.59083563,0.09091894290088846,0.2538393148037848
Bivm,1.6897857,0.6680278,0.09106894771613862,0.25420631289957196
Bet1l,1.6893562,0.8867953,0.09115117749918696,0.2543840154285723
Stau1,1.6890575,0.29937592,0.09120841602749258,0.2544919143740628
Tmem209,1.6885346,0.8166866,0.0913086529831832,0.25471972019336386
Meaf6,1.6882545,1.9650695,0.09136238776923644,0.25481773461696644
Git1,1.6868166,0.25184605,0.09163862663039102,0.25553616626019887
Maml1,1.6859949,1.4103717,0.09179677852828697,0.25592508462302227
Mcm9,1.685472,0.62769645,0.0918975347837818,0.2561538609436034
Rhbdd1,1.6852293,0.80734545,0.09194434466782221,0.2562322054412458
Atxn2,1.6848931,0.37026054,0.09200918997631455,0.25634879807941097
Acat1,1.6848184,-0.21687125,0.09202360503317834,0.25634879807941097
Apmap,1.6833805,0.49132818,0.09230144866206585,0.2570705116223424
Cldn23,1.6823908,-0.25564575,0.09249308285955718,0.25755187706827914
Dguok,1.6821667,1.0360765,0.09253651606165857,0.2576204572332295
Trim44,1.6816438,0.45130742,0.09263792388930489,0.2578503773432501
Mtch2,1.6813637,0.028353838,0.09269228620319055,0.25794928315736554
Poc1b,1.6811396,0.670754,0.09273579449245488,0.25801600216205006
Gbp2,1.6810462,0.89455956,0.09275392778453259,0.25801600216205006
Diaph2,1.6798325,1.0984924,0.09298991971208088,0.25861995535028587
Zranb2,1.6795896,0.15358688,0.0930371758790729,0.2586988653426626
Polr2k,1.6794403,1.1077162,0.0930662661760453,0.2587132495641043
Dip2a,1.6793096,0.35746017,0.09309172617379223,0.2587132495641043
Pgm3,1.6792722,0.33598536,0.09309900148547695,0.2587132495641043
Plscr4,1.6786187,3.6847413,0.09322639332107391,0.25901472084743715
Zbtb21,1.6775728,0.9559909,0.0934305111725419,0.2595291977015053
Ddx39,1.6768259,0.4395553,0.09357652904485081,0.2598821098549475
Sav1,1.6766952,0.2274734,0.09360210098368989,0.259900442536796
St6gal1,1.6765271,0.43091038,0.09363498742733735,0.2599390735064887
Vdr,1.6752013,-0.1139521,0.09389475000415262,0.2606073895982356
Ndufaf4,1.6750332,0.4859818,0.09392771888631257,0.26061363668329585
Smc5,1.6749959,1.605118,0.09393504656511788,0.26061363668329585
Sec22b,1.6740994,0.38870394,0.09411104842515766,0.2609962274138988
Dmtf1,1.6736887,1.0445806,0.09419180426023077,0.26114501090688824
Fxr1,1.6736326,0.41318724,0.09420282072276218,0.26114501090688824
Zscan29,1.672979,1.2850134,0.09433142245977627,0.26144861171331885
Cbx7,1.6712424,1.0246425,0.09467381952506163,0.26234452416936577
Tmem62,1.6706635,0.5115703,0.09478817295076225,0.26260828502031197
Gpalpp1,1.6700659,0.6997729,0.09490633125878355,0.2628824784159593
Smcr8,1.6694496,0.7469322,0.09502830558177101,0.2630914902444517
Lnpk,1.6694123,1.2428579,0.0950357019993009,0.2630914902444517
Timm22,1.6693937,0.7462151,0.0950394003810067,0.2630914902444517
Armc1,1.6691508,0.71238166,0.09508748983604552,0.26317143651592395
Zscan26,1.6690202,1.1566145,0.09511339223055205,0.2631899562832889
Unc119b,1.66874,1.1649331,0.09516891639425694,0.26329041894210825
Fam168a,1.6681612,0.6888752,0.09528374860559138,0.2635548871182318
Mospd1,1.6680117,0.46872565,0.09531340073194268,0.2635836879345205
Elf2,1.6675822,0.14397706,0.09539869176346917,0.2637663122420843
Pak4,1.6672647,-0.2428756,0.09546177223608014,0.2638874656243539
Mfsd9,1.666966,0.31043345,0.09552117260019738,0.26399839915729356
Snrnp48,1.6667979,0.68340784,0.09555459830901449,0.2640375144884023
Cfl2,1.6665552,0.72010875,0.09560289642211968,0.2641177013476587
Ankra2,1.6640528,0.5475483,0.09610187843486187,0.2654426884188725
Arel1,1.6632684,0.11204345,0.09625870409353822,0.2658222628666546
Chst12,1.6618493,2.756665,0.09654300435277981,0.266530947978834
Tbc1d1,1.6617932,0.6616347,0.09655424049773378,0.266530947978834
Tmem208,1.6613077,0.1664918,0.0966516642476129,0.26674613219022897
Prrc1,1.6608782,0.22775938,0.09673791232596732,0.26693039252079603
Dhrs1,1.6607661,0.47841325,0.09676042194571753,0.2669387395602759
Cfap298,1.6588241,1.1876534,0.09715125470124185,0.26787827655018104
L1cam,1.658712,-0.16005154,0.0971738411980133,0.26787827655018104
Kbtbd11,1.6586186,0.85441667,0.09719266648551234,0.26787827655018104
Nrros,1.6585627,2.1193094,0.09720396305749582,0.26787827655018104
Znhit2,1.6584692,0.47613633,0.09722279301014114,0.26787827655018104
Ahsa2,1.6583946,0.74164945,0.09723785907182848,0.26787827655018104
Pbdc1,1.6583946,1.5716902,0.09723785907182848,0.26787827655018104
Fpgt,1.6582638,0.74999475,0.09726422917100253,0.2678847065348763
Smarcc1,1.6581892,0.8079861,0.09727930036576711,0.2678847065348763
Upf2,1.657909,0.39909795,0.09733583397396296,0.26798652038651377
Emc1,1.6576849,0.593469,0.09738107976758384,0.26805722178338326
Pygo2,1.6574048,0.46606556,0.09743766064995721,0.2681590901776645
Akap11,1.6572181,0.74655753,0.09747539583455685,0.268209062649815
Coq2,1.6568072,0.06250352,0.09755845435667469,0.2683836997362336
Fam160b1,1.6566952,1.4127748,0.09758111649510655,0.2683921493641758
Rnf126,1.6561723,0.60239375,0.0976869287754425,0.26860652538847424
Nudt8,1.6561162,0.5478059,0.09769827124166185,0.26860652538847424
Rnf19a,1.6558923,0.41686484,0.09774365163114841,0.2686773730631487
Bsg,1.655332,0.06769248,0.09785717629884337,0.2689354694672325
Spg11,1.6551079,0.6565346,0.09790261565393434,0.2690063847691337
Glcci1,1.6549958,0.752656,0.09792534165232475,0.2690148748018546
Arfrp1,1.6535953,1.1924677,0.09820977239602394,0.2697421575432093
Hcfc2,1.653035,1.8587048,0.09832372929747345,0.27000102052022174
Gngt2,1.6525868,3.10329,0.09841497083396615,0.2701537175379459
Vrk1,1.6525682,1.5874885,0.09841877403152469,0.2701537175379459
Dcp1a,1.6524374,1.0688015,0.09844539970091179,0.27017267145482604
Zfp280c,1.6522508,1.8973552,0.09848344634944214,0.27022295513466
Spdef,1.651205,-0.28010145,0.09869672461740397,0.2707539301678884
Timm8a1,1.6506635,0.49925384,0.09880731713098106,0.271003051990879
Tra2a,1.6485906,0.51239717,0.09923153377866069,0.27211209222731214
Exoc8,1.6483105,0.84270155,0.09928897165945032,0.2722151114137421
Enox2,1.6478996,0.8706008,0.09937326186913467,0.27239169419910864
Reg4,1.6466858,-0.03822957,0.09962263470232499,0.27302062320901227
Dyrk1b,1.6456027,1.4554095,0.09984557321546254,0.2735768706103674
Kdm5b,1.6449305,0.18342407,0.09998414885280274,0.27386812721274245
Abl2,1.6448932,1.4251139,0.09999185199402466,0.27386812721274245
Qpct,1.644557,2.3505287,0.10006120156341765,0.2740032903095786
Abhd5,1.6444076,0.4375297,0.10009203590222283,0.27403295201048217
Tk2,1.6439594,1.2624501,0.10018458437808812,0.2742275572839073
Zxdc,1.6438661,1.4983788,0.10020387389544713,0.2742275572839073
Spred2,1.6437727,0.15340632,0.10022316637376086,0.2742275572839073
C2cd3,1.6436607,1.3860273,0.10024632125660084,0.27423614241522193
Tfe3,1.6431938,0.49726927,0.10034284584528307,0.2744453959034494
Elp5,1.642951,0.76800144,0.10039306790373269,0.27452795015591575
Cse1l,1.6424282,0.6649916,0.10050130654566632,0.2747651714753174
Snrpb,1.6422974,1.6358763,0.10052838073446425,0.2747651714753174
Nr1h2,1.6422414,0.80230963,0.10053998573764716,0.2747651714753174
Hdac5,1.6415131,0.21087196,0.10069094796555741,0.2751228534360065
Cbx3,1.6392349,0.88925487,0.10116435541754562,0.27630615415079246
Itsn1,1.6392349,0.62808603,0.10116435541754562,0.27630615415079246
Pole3,1.638768,0.59380746,0.10126158367858205,0.27651658289746345
Zfp512b,1.638133,1.45577,0.10139393354065031,0.2768208198177446
Stk26,1.6380397,3.1250954,0.10141340836972701,0.2768208198177446
Nop2,1.6378716,2.0377934,0.10144847056884371,0.2768613639030197
Hcst,1.6365645,2.7429583,0.10172150620313723,0.2775512119065883
Fam3a,1.6360042,0.44480023,0.10183870042839,0.27781565031241395
Uhrf2,1.6358361,-0.11661498,0.10187387964808751,0.27785629129579914
Yipf2,1.6356307,0.59674424,0.10191688960873523,0.2779182698327374
Uchl3,1.635444,0.56826663,0.10195600211481552,0.27794628199122706
Pdhx,1.635388,0.70543337,0.10196773819619762,0.27794628199122706
Utp3,1.633614,1.9109602,0.10233993726340194,0.27890533926966515
Morc2a,1.6332778,0.6825887,0.10241058086077313,0.27900825727785983
Bicdl1,1.6332405,2.3778605,0.10241843254382169,0.27900825727785983
Yrdc,1.6322508,0.86009955,0.10262667672122906,0.27951997436994797
R3hcc1l,1.63212,1.5950915,0.10265420583250191,0.2795393798261332
Paf1,1.6318213,0.5336369,0.10271715157390483,0.279655202019574
Mien1,1.6311116,0.524164,0.10286677075741976,0.2800069062937911
Slc52a2,1.6308315,0.7695673,0.1029258786542805,0.2800779614582168
Cpn1,1.6307942,0.19160284,0.1029337617476001,0.2800779614582168
Ift140,1.6306448,1.4344789,0.10296529892259162,0.28009542671466714
Gtf2ird1,1.63057,-0.10985576,0.10298107039137068,0.28009542671466714
Chd7,1.6303273,0.48548207,0.10303234093291122,0.2801792518421762
Yap1,1.6299912,0.2624035,0.1031033644211508,0.2803167478804854
Casp7,1.6297671,-0.16743313,0.10315073503702976,0.2803898948427198
Gpr160,1.6295617,-0.1736936,0.1031941733021972,0.28042889924059183
Btbd6,1.6295056,1.1304646,0.10320602262562512,0.28042889924059183
Zcchc7,1.6286093,1.1781307,0.10339575896177035,0.2808310972574276
Phf6,1.628516,0.41280106,0.10341553909954178,0.2808310972574276
Pdzd3,1.6278623,1.3408576,0.10355408430140713,0.28108320240912893
Ddx52,1.6278436,0.9360092,0.1035580449024131,0.28108320240912893
Ahr,1.6277876,0.7451005,0.10356992742783087,0.28108320240912893
Plxna1,1.6275074,0.51033205,0.10362935631086925,0.2811887861871477
Ahdc1,1.6259389,0.48620865,0.10396265906121846,0.2820373127007313
Ascc1,1.625304,0.37350923,0.10409780922664183,0.2823480471995631
Cdkn2aip,1.6250426,0.7139225,0.10415349984763417,0.28239807195095307
Cdadc1,1.6250238,0.70576215,0.10415747865461064,0.28239807195095307
Ppp1r8,1.6242021,0.49042276,0.10433266572886818,0.282817079637019
Sec63,1.6240715,-0.08012144,0.10436055796516025,0.28283672485117617
Mfsd11,1.6232312,1.0714785,0.10454000663663171,0.2832650699566717
Acads,1.6231377,-0.17704079,0.10455996049422546,0.2832650699566717
Spen,1.6228577,1.0112184,0.10461984021398409,0.2833712556211115
Blnk,1.6221293,-0.32206175,0.10477565492424346,0.28373719558452964
Mis18a,1.6215131,1.0222797,0.10490764199617927,0.284038477341434
Herc2,1.6211209,2.4637995,0.10499170246753524,0.28420990393306317
Cnst,1.6207287,0.2998744,0.1050758163959723,0.2843252389146396
Rlf,1.6207287,0.57135034,0.1050758163959723,0.2843252389146396
Tcerg1,1.6196083,1.1146849,0.10531643665301156,0.28492005966553285
Nol4l,1.6188054,-0.016521666,0.1054891499866691,0.2853309683746035
Vac14,1.6186373,0.82035315,0.10552532771395372,0.2853724811845965
Taf15,1.6176475,2.0121238,0.1057385740423993,0.2858472043262141
Mapk1ip1,1.6176289,1.2146777,0.10574260084125933,0.2858472043262141
Aimp2,1.6168072,1.0585907,0.10591990044958483,0.2862700012150941
Slc25a19,1.6166579,0.7763864,0.10595216205879815,0.28630071404448415
Cep63,1.616135,1.4077394,0.1060651390660791,0.2865494784471078
Nr2f6,1.6159295,0.017668055,0.10610954901891594,0.28661293800456394
Zfp638,1.6157241,1.3481376,0.10615397371550954,0.28667641236003955
Trim27,1.6154441,0.6307474,0.10621457661328373,0.28672508596081603
S100a1,1.6154441,-0.117065825,0.10621457661328373,0.28672508596081603
Rab3gap2,1.6153506,0.56348866,0.10623478367424104,0.28672508596081603
Dok1,1.6151639,0.8576768,0.10627520694040571,0.2867776905817527
Zfp143,1.6146597,1.3542826,0.10638441067561656,0.28697024225961915
Zfpl1,1.6146411,-0.21310326,0.10638845696617559,0.28697024225961915
Tgm2,1.6137073,0.546283,0.1065909270986601,0.28745978371095343
Zfp809,1.6128297,1.0896399,0.10678152738850757,0.2879171275777512
Adgrg5,1.612008,3.1977937,0.10696020639355869,0.2883421541896407
Pex5,1.6114104,1.1917785,0.10709030349742465,0.2886360727748805
Tgfb1,1.6108315,2.3943295,0.10721645458749832,0.2889192422991202
Slc39a7,1.610346,0.21109262,0.10732234947354233,0.28914772621190366
Ttc14,1.6101966,1.042077,0.1073549491772065,0.2891786873235802
Grap,1.6097298,2.487396,0.10745687380624432,0.28936142411219873
Map4k5,1.6096923,0.92163277,0.10746503108634066,0.28936142411219873
Pon3,1.6091882,-0.39242956,0.10757520237530034,0.2896011539676979
Abcb6,1.6082731,0.054768957,0.10777537129983318,0.29008302294847044
Gart,1.6075822,0.9092698,0.10792671458868582,0.2904333117000581
Klk8,1.6071714,3.7394145,0.10801678222006642,0.29061860102413783
Gpatch2,1.6063124,0.7466236,0.10820529771108243,0.29106863904218133
Shb,1.6059949,0.9589856,0.10827503234255337,0.291199046543577
Washc5,1.6056588,0.8690484,0.10834890777336188,0.29134053709422136
Med4,1.6054907,0.859181,0.10838586044392372,0.2913827095921811
Mlkl,1.6040715,0.057133134,0.10869830304139387,0.29216534268532396
Rwdd2b,1.6037726,1.8558664,0.10876417113593702,0.2922850420875514
Las1l,1.6024655,1.2102655,0.10905271537285173,0.2930029810959146
Fzr1,1.6014384,0.2517133,0.1092798531275047,0.29355568389153225
Slc35f6,1.6009716,0.10280033,0.10938322114350975,0.29377575566870884
Stard5,1.5998324,-0.14685577,0.10963576353631756,0.29439630741817924
Mysm1,1.5994029,1.0356822,0.10973110400029408,0.2945945766811736
Letm1,1.5991042,-0.041812807,0.10979746644098148,0.29471498633257176
Gmppb,1.598712,0.56837475,0.10988461527569653,0.29489113208169293
Dop1a,1.5985439,0.2478133,0.10992198150611818,0.29493363623850744
Agfg2,1.5974609,1.1881429,0.11016302701614547,0.2955225122618353
Plcg1,1.5973488,4.6119924,0.11018798657530075,0.2955316006424472
Cbx4,1.5966392,3.3707614,0.11034616754931859,0.2958979243346378
Donson,1.5960042,1.1516804,0.11048784989150072,0.29621987152907236
Pex7,1.5958362,1.0603538,0.11052537808159581,0.2962625082601962
Lclat1,1.595612,-0.10550308,0.11057543132799115,0.2963366325412059
Pde4b,1.5955187,3.079394,0.11059629213015955,0.2963366325412059
Cbfa2t2,1.5951825,1.0384052,0.11067141675392135,0.2964331581423761
Oma1,1.595164,0.0046151574,0.11067559152541998,0.2964331581423761
Snx18,1.5946224,1.2201804,0.11079671400516122,0.2966995664328985
Tubal3,1.5931845,0.5383511,0.11111882300325206,0.2975039818535378
Zc3h12d,1.5926615,2.314558,0.1112361366553484,0.29774658742777205
AI661453,1.5925869,0.41998735,0.11125290372574927,0.29774658742777205
Adamts10,1.5911117,2.8207216,0.11158446228537697,0.29857561197454385
Zc3h3,1.5899911,0.36638275,0.1118367994729486,0.2991923750789681
Klhl22,1.5897111,0.46831182,0.11189995405406244,0.299302883744759
Eloc,1.5893189,0.34673142,0.11198841772575109,0.2994810312010131
Ldlrad4,1.588852,2.4818323,0.11209380353420287,0.29970435371166654
Pi4k2a,1.5882545,0.42392048,0.1122288114833816,0.3000067741116737
Mcrip1,1.5875262,1.5699524,0.1123935257568559,0.3003256648420263
Rabgap1,1.5874141,1.1617109,0.11241888332368934,0.3003256648420263
Pdia5,1.5873581,-0.090487495,0.11243156379852758,0.3003256648420263
Vps45,1.5873394,1.1571884,0.11243579087406955,0.3003256648420263
Acp6,1.58719,-0.121301234,0.11246961198945411,0.300357443324663
Ctps2,1.5868539,0.5897986,0.11254573882560388,0.3005021675912635
Ten1,1.5867045,0.13419223,0.11257958601165893,0.30053396889316586
Lrig3,1.585584,-0.4067174,0.11283369575703038,0.3011176045763484
Rbm34,1.5855467,0.6367139,0.11284217386094691,0.3011176045763484
Fgfbp1,1.5850612,-0.11792658,0.11295243490643533,0.30135313694608845
Lsm7,1.5840714,0.32053444,0.11317746073989181,0.30189470641287336
Atad2b,1.5839034,1.1169719,0.11321570773317555,0.3019379396426913
Gpr35,1.5836979,0.4342064,0.11326246788694959,0.30196775787820596
Baiap2l2,1.5836606,0.2942591,0.11327097136759856,0.30196775787820596
Tspan7,1.5833992,-0.31266537,0.11333050981631082,0.3020542884673611
Dedd2,1.5833244,1.1804506,0.11334752532924842,0.3020542884673611
Zfp386,1.5817186,1.1033509,0.11371384587334045,0.30297154579244734
Sf3b4,1.581457,0.2451209,0.11377356759524791,0.30305826323491614
Map7,1.5813824,-0.2258979,0.1137906354803218,0.30305826323491614
Txk,1.581177,25.476301,0.11383758256095851,0.3031243695014833
Lrrc8a,1.5807288,-0.06454356,0.11394006549583843,0.30333830106742843
Atp8a2,1.580486,0.99097985,0.11399560740904617,0.30339100867980184
Rhoq,1.5804486,1.057896,0.11400415421048321,0.30339100867980184
Cnpy3,1.5798512,1.0577202,0.11414097165861431,0.30369404785868004
Lat2,1.5797577,2.1709774,0.11416236105636511,0.30369404785868004
Slc25a36,1.5795523,0.9008298,0.11420942883823744,0.30376027472021994
Patz1,1.5786747,2.7386162,0.11441070872687276,0.30423655076827577
Golt1b,1.5783758,0.42113376,0.11447929320315864,0.3043463888170107
Zfyve27,1.5783012,0.44707227,0.11449644437685205,0.3043463888170107
Cpsf2,1.5780771,0.6132884,0.11454791003130779,0.3044241255924184
Rhot1,1.5777036,0.62472725,0.11463372657521397,0.304593105911643
Polr2m,1.5774235,0.7696381,0.11469812217653254,0.30470511417849444
Rab17,1.5772368,-0.12338185,0.11474106838796616,0.3047601079711393
Rhod,1.5766392,0.46965036,0.11487858129054698,0.3050662073426039
Sgsh,1.5756868,1.7088164,0.11509801041912016,0.30558967882595856
Polr2g,1.5755373,0.46354297,0.11513246056714317,0.3056219162506998
Rwdd1,1.575388,0.06994996,0.1151669188248058,0.30565416270822154
Gnpda2,1.5750332,1.5643972,0.1152487896953313,0.30581220585435576
Plekhm1,1.5748091,0.44400355,0.11530052119241081,0.3058902285701061
Ubn2,1.5735205,0.47180042,0.11559833176114616,0.30662093806925506
Cln6,1.5733712,0.51446515,0.11563289961046305,0.30665325680668676
H2-T23,1.5722694,0.76049954,0.11588808853247445,0.30727052697791757
Nsfl1c,1.571952,1.3306508,0.11596169963192555,0.30740620838958593
Mmgt1,1.5716531,1.268175,0.11603101423150326,0.3075304497913706
Gpr107,1.5711303,0.1623373,0.1161523931264566,0.3077905384684583
Slc38a10,1.5710369,1.2734147,0.11617407842484656,0.3077905384684583
Tob1,1.5708874,-0.08164302,0.11620878151933264,0.30782295182035135
Ccdc43,1.570458,0.72248477,0.1163085982905308,0.3079682637379729
Tespa1,1.570458,4.3689575,0.1163085982905308,0.3079682637379729
Rab33b,1.5691695,1.2823217,0.11660845281885279,0.30870257074749435
Cd200r1,1.5688707,5.2890873,0.11667807095725426,0.3088271970854682
Map4k2,1.5684226,1.9668748,0.1167825593707727,0.30904405319288897
Psen2,1.567937,1.1920215,0.11689583806680687,0.30919112989112735
Maip1,1.5678623,0.9738367,0.11691327321456567,0.30919112989112735
Vps50,1.5677876,1.1207396,0.1169307104043427,0.30919112989112735
Klrb1a,1.5676942,4.270512,0.11695250976336832,0.30919112989112735
Phospho2,1.5675448,0.6262809,0.11698739537552137,0.30919112989112735
Rsf1,1.5675448,1.1960489,0.11698739537552137,0.30919112989112735
Pfdn4,1.5675075,1.4881927,0.11699611805515359,0.30919112989112735
Slc9a8,1.567134,0.57474816,0.1170833729414164,0.309362046151862
Hmgxb3,1.5668726,0.812879,0.1171444817563377,0.3094638256964571
Ssh3,1.5665551,0.059967745,0.11721871897833314,0.30960024098769306
Eif2ak3,1.5662563,1.2215159,0.11728862303897088,0.30967502568604915
Ergic2,1.566163,0.780153,0.11731047476786964,0.30967502568604915
Cmtm8,1.5661442,-0.26995894,0.11731484549712373,0.30967502568604915
Dbt,1.5658082,0.38099957,0.1173935404847688,0.3098230600349321
Nup88,1.5656961,1.7123079,0.11741978135330672,0.30983262799312444
Hnrnph2,1.5655653,0.52841836,0.11745040151864913,0.309853745581647
Gtf2e2,1.5651919,0.5719371,0.11753792224055415,0.31002493929449204
Dnajb14,1.5648371,0.12749928,0.11762111432892328,0.31018465183950894
Ptma,1.5642208,1.1515348,0.11776571567074182,0.31050621722270266
Prkci,1.5629137,-0.11138514,0.11807290753686012,0.3112562696276666
Rnaseh2b,1.5619239,0.027260747,0.11830591353246563,0.3118085053876045
Polr1a,1.5618305,1.3924176,0.1183279138328581,0.3118085053876045
Lrrc75a,1.5609342,-0.16697732,0.11853928000642483,0.31230541078615776
Zup1,1.5607661,1.2727462,0.11857894410321526,0.31234984314825015
Anapc4,1.560486,1.3265301,0.11864507405599665,0.3124639589710023
Tceanc2,1.560262,1.3841351,0.11869799883482972,0.3125432604338203
Slc31a1,1.5599445,-0.17537466,0.11877300728747474,0.31268066868531974
Tacc1,1.5587866,1.919879,0.11904688246024442,0.31334145815664716
Ddb1,1.5585812,0.6858277,0.11909552487490656,0.3134092759865962
Jpt2,1.5582825,0.42109147,0.11916630528339131,0.31353531445793376
Trmt1,1.5572741,0.94374627,0.11940543257121139,0.31410415250107454
Exosc7,1.5563964,0.22810355,0.11961386775934144,0.31455500732181046
Rflnb,1.556359,0.23876049,0.11962274366033813,0.31455500732181046
Scly,1.556191,1.3339151,0.11966269159992768,0.31459966895394537
Zbtb6,1.5559856,0.5203072,0.11971153105032281,0.31466768522437116
Chdh,1.5556307,0.029231617,0.11979592687648209,0.3148291191651265
Rabggtb,1.5533712,0.27240393,0.12033448891169266,0.3161838316245089
Terf2,1.5513917,0.8050528,0.12080784299996689,0.3173667208244576
Otud5,1.5507194,0.847676,0.12096893581953184,0.3176680890794683
Exosc5,1.5507194,1.3124449,0.12096893581953184,0.3176680890794683
Degs1,1.5497857,1.5103441,0.1211929546171234,0.3181344085561584
Nfxl1,1.5497857,0.71806234,0.1211929546171234,0.3181344085561584
Mtfr1l,1.5495429,1.6371359,0.12125125263016769,0.31822646763089985
Togaram1,1.5493935,2.138936,0.12128713923243384,0.31825968348675415
Zfp445,1.5492629,0.8513692,0.1213185468241973,0.31828113586585655
Brix1,1.5491508,0.4214036,0.12134547268014408,0.31829082437640704
Tspan14,1.5478436,0.8188629,0.12165995315042247,0.31905462445650606
Tmem186,1.5475821,0.5094064,0.12172292565330661,0.3191586758756556
Bcor,1.547302,1.4888284,0.12179042447129373,0.31927455324468507
Tfb2m,1.5468539,0.73664707,0.12189848344716615,0.319496694705601
Txndc12,1.5460136,0.29509622,0.12210129603690069,0.3199670535014421
Katnbl1,1.5453227,1.1237066,0.1222682505630866,0.32033906233469844
Fbxl3,1.5452292,0.5875073,0.12229082566282419,0.32033906233469844
Ppp2r3c,1.5451359,1.2381037,0.12231340401991295,0.32033906233469844
Hdgf,1.5444262,0.06756619,0.1224851060125853,0.32072743738004944
Ythdf1,1.5441835,0.76758,0.12254388938555565,0.32082004291651295
Hscb,1.5435859,0.51717293,0.12268868082876483,0.32109799335221645
Gabpb2,1.5435486,0.6715004,0.12269773472975508,0.32109799335221645
Mfsd7a,1.5434552,0.45298323,0.12272037176585442,0.32109799335221645
Pfkl,1.5431004,-0.32908973,0.12280642225969823,0.3212617882294951
Drosha,1.5423721,0.096711434,0.12298319988129619,0.32166281755894577
Hadh,1.5420732,-0.099575534,0.12305578150272924,0.32179122095579127
Ciapin1,1.5417372,0.28617328,0.12313747581014439,0.3219434004959882
Map3k3,1.5416251,1.1486692,0.12316471665587846,0.321953180344502
Fam98b,1.5413637,1.0133097,0.1232282969302078,0.322057929787075
Ncbp2,1.5408782,0.6283513,0.12334644257486674,0.32230521901119097
Ebpl,1.5402806,-0.005597133,0.12349197398775234,0.3226239595027092
Tmem143,1.5401312,0.9872097,0.12352837777772567,0.3226575358541166
Zfp68,1.5399818,0.5618387,0.12356478994462972,0.32269112128124805
Stat5a,1.5387493,1.8237016,0.12386551009915533,0.3234148062432681
Zfp655,1.5381705,0.5318936,0.1240069544408622,0.32372242298776904
Deaf1,1.5378343,0.28002462,0.12408914123235425,0.32387525907472914
Sdr39u1,1.5375915,0.5574853,0.12414852478697834,0.3239685313488768
Slc20a1,1.5374608,-0.21416989,0.12418050972983458,0.3239762793700943
Mrs2,1.5373861,0.9404468,0.12419878972640405,0.3239762793700943
Rif1,1.536994,1.4499468,0.12429479415407059,0.32416498760913137
Tmem184a,1.5368445,-0.101020426,0.12433138249385346,0.32419869435968646
Ccnyl1,1.5366018,2.2435205,0.12439085646516684,0.32429205205952155
Zmym2,1.5363777,0.9987241,0.12444577521058543,0.3243595156096919
Tent2,1.536303,2.347924,0.12446408566132483,0.3243595156096919
Rdx,1.5360415,2.8191788,0.12452818878807378,0.3244389467106666
Xk,1.5359856,0.6192126,0.12454192852199968,0.3244389467106666
Tcf3,1.535724,1.9838698,0.12460606291456164,0.3245443083516149
Brox,1.5347157,0.05645314,0.12485367973704688,0.3251274306020799
Coa4,1.5343422,-0.17320254,0.12494548697774212,0.3253046696303814
Zdhhc13,1.5328857,-0.16635965,0.12530403821100108,0.32617205704461494
Macrod2,1.5327362,0.9712765,0.125340857994948,0.32617205704461494
Trappc9,1.5326989,0.5623079,0.12535006425838668,0.32617205704461494
Wdfy1,1.5324374,1.6719732,0.12541452285985916,0.32627781298520137
Zbtb14,1.5321013,1.5164484,0.12549743615928283,0.3264315313047607
Agrn,1.5314103,0.58097494,0.12566800319654006,0.3268110861676033
Oaz2,1.531317,0.3614874,0.12569106664358407,0.3268110861676033
Helz,1.5310743,0.749625,0.12575104704051623,0.32690499894783154
Cul5,1.530458,1.3551365,0.12590340512623666,0.32723897746716796
Ppme1,1.5300472,0.57727367,0.12600505704677264,0.3274410625077362
Kdm4c,1.5294683,1.1996229,0.12614840233740382,0.32775139617341786
Traf1,1.5285159,3.4241588,0.12638450477063065,0.3283025626389154
Ipo5,1.528049,0.01957739,0.1265003668660466,0.32854123716868977
Adam9,1.5276569,-0.17130728,0.1265977549219366,0.3287318503469544
Vhl,1.5273207,0.49967766,0.1266812768481232,0.3288802052381997
Npm3,1.5271527,0.97553766,0.1267230538941562,0.3288802052381997
Gtf3c1,1.5271153,0.75275785,0.12673233913846146,0.3288802052381997
Sult1b1,1.5270406,0.07070856,0.1267509112158901,0.3288802052381997
Mccc1,1.5268165,1.1744379,0.12680664015996299,0.3289625014564463
Strip1,1.5258268,1.0111221,0.12705300449891943,0.3295392203020061
Grpel2,1.524781,0.3912348,0.12731371853465262,0.3301529327890859
Rabl6,1.5243142,0.114830144,0.1274302430344286,0.330392568049143
Hs2st1,1.5240154,0.98480093,0.12750486224538518,0.33052348396627756
Plcg2,1.523754,2.139317,0.12757018193377787,0.33063024829601906
Alkbh6,1.5235672,0.28568226,0.1276168547882469,0.33068658999262884
Pramef8,1.5234739,2.2083774,0.12764019619569497,0.33068658999262884
Vwa8,1.5226148,0.029267611,0.12785509297658879,0.33118070973327024
Oasl2,1.5218866,-0.1985259,0.12803750837823957,0.3315905226430779
Arl5a,1.5214384,0.71010333,0.1281498645519618,0.33181877610317084
Trmt10c,1.5206168,0.78845626,0.12835604994104075,0.33228984962060815
Fbxl4,1.5204113,1.9775753,0.12840763655865367,0.33232001459940347
Tbc1d30,1.520374,1.9189936,0.12841701767483057,0.33232001459940347
Zfp942,1.5202806,1.6822891,0.12844047279590082,0.33232001459940347
Smpd2,1.5200005,0.015381407,0.12851085813828342,0.33243934223838423
Abce1,1.5193282,1.1353995,0.12867990526928386,0.3327489240355204
Usp47,1.5192722,-0.15364963,0.1286940003266774,0.3327489240355204
Alg1,1.5192348,0.73105365,0.12870339769811845,0.3327489240355204
Eif6,1.5191041,0.118234046,0.12873629269745815,0.3327711716896559
Hint2,1.51888,0.114079945,0.12879269932405948,0.3328541748235455
Map3k13,1.5178716,1.4909567,0.1290467668235747,0.3334437913097117
Gys1,1.5176848,0.2598398,0.12909385905888401,0.3334437913097117
Pou2f1,1.5176848,0.6091276,0.12909385905888401,0.3334437913097117
Rfng,1.5175354,0.55969906,0.12913154245796302,0.3334782529074634
Sipa1l1,1.5173674,0.44843224,0.1291739464949093,0.33352489012066666
Mybbp1a,1.5170313,1.3629651,0.12925878701610743,0.3336810593783064
Wbp4,1.5162096,0.36415446,0.12946635715808322,0.334101157520663
Lpin1,1.5161163,1.6076769,0.12948996104345245,0.334101157520663
Tgfbrap1,1.5160975,1.2916094,0.12949468222151245,0.334101157520663
Ctns,1.5155747,0.64471084,0.1296269294838233,0.3343793888021802
Fnip2,1.5150145,0.28523418,0.12976873932278993,0.3346821778468038
Desi2,1.5142488,0.43499383,0.1299627408468887,0.33511943339024564
Mbtps2,1.5125681,0.6035213,0.13038938727043284,0.3361563051571189
Arl4a,1.512456,0.31079683,0.1304178689604514,0.33616647314359066
Usp43,1.5120267,0.18810289,0.13052709349300307,0.33638472175585815
Nacc1,1.5112423,-0.19561669,0.13072673009627722,0.3368358477184499
Tmc5,1.5100658,-0.37302935,0.1310266289890445,0.3375450953647818
Smg9,1.5098604,0.47973883,0.13107904695561257,0.3376166466049807
Glipr1,1.5095056,2.4427311,0.13116962537939392,0.3377475155024307
Ccdc91,1.5094682,-0.15524052,0.1311791627728784,0.3377475155024307
Ss18l2,1.5089641,0.4210806,0.13130797021882407,0.33793777941797376
Smarca5,1.5088893,1.71729,0.13132706114024031,0.33793777941797376
Pde6d,1.50874,2.8803046,0.1313652494387205,0.33797256663107433
Vps13b,1.5081238,0.7892496,0.13152286717579442,0.33831454756071794
Eif3m,1.5073581,1.2746371,0.1317188994351502,0.3387551947177694
Usp33,1.5069659,-0.2939629,0.13181939385916688,0.3389233335047292
Pknox1,1.5069098,1.5750083,0.1318337550545038,0.3389233335047292
Fbl,1.5066671,1.7413682,0.13189600091204753,0.3390197396801222
Bid,1.5063684,0.15161577,0.1319726424589999,0.3391141191993387
Slc4a1ap,1.506331,1.3704317,0.13198222507816598,0.3391141191993387
Washc4,1.5059389,1.49263,0.13208287513217845,0.3392701080139128
Psmg1,1.5059015,1.2031413,0.13209246395227814,0.3392701080139128
Dusp6,1.5054159,-0.044588577,0.13221716769764846,0.33952674741476735
Hes1,1.5050799,-0.19694869,0.13230355447185224,0.33968491309302395
Car9,1.504837,-0.11325384,0.13236597210608736,0.33978149107239963
Plin2,1.5043329,0.12926544,0.13249568160946176,0.34005073773878347
Wdr20,1.5038847,1.4772406,0.13261106156898333,0.340283113597129
Pmvk,1.5036045,0.18907191,0.1326832135463273,0.34040449917316185
Galns,1.5033431,1.401819,0.13275058281494578,0.34051357134708055
Snapin,1.5031564,1.0256938,0.13279871993509917,0.3405732802528751
Ngrn,1.5024095,0.7120865,0.13299140357746791,0.3410035989165844
Tnks,1.5022974,0.5201703,0.13302032478159062,0.3410139314198712
Selenoo,1.5018492,1.3007936,0.13313605828826924,0.34124677241333745
Nqo2,1.5017371,0.11611349,0.1331650038397673,0.34125711795825137
Safb2,1.5003927,0.8182766,0.13351273051398221,0.3420842356539286
Strn,1.5000192,0.2675636,0.13360944584009682,0.34226802692769753
Faf2,1.4993842,0.2737488,0.13377398628826212,0.34262546497461044
Plekha5,1.4989734,-0.10575901,0.13388053714117204,0.342834272679263
Klra7,1.4974048,4.9850516,0.1342879716150103,0.34381334537948816
Slc49a4,1.4971807,-0.2522827,0.1343462547259182,0.34388378644198203
Kri1,1.497106,1.5607816,0.1343656867754693,0.34388378644198203
Nifk,1.4967512,1.2717943,0.13445801869065008,0.34393977797683756
Ubr1,1.4967512,1.8977449,0.13445801869065008,0.34393977797683756
Emc6,1.4967325,0.9342481,0.1344628796236454,0.34393977797683756
Comtd1,1.4954814,0.18174304,0.134788871742234,0.3446573841524677
Bap1,1.4954627,2.3871675,0.13479374191889942,0.3446573841524677
Pctp,1.4946036,0.84311503,0.13501791710506214,0.34516616240704445
Acss1,1.4936886,-0.1101401,0.13525702920214416,0.34571292911742074
Traf3ip2,1.4934645,0.49672604,0.1353156371094436,0.3457982145867147
Dpp4,1.4927362,1.5004239,0.13550624831091898,0.3462207388772081
Jund,1.491429,-0.04551201,0.1358488911044638,0.34703147643691107
Scnn1a,1.4909436,-0.24358812,0.13597632869345516,0.3472922638143803
Heatr5a,1.490738,-0.07825451,0.13603027237534793,0.34736528080936935
Nmd3,1.4899164,1.0369401,0.1362462123428098,0.34785186528074813
Cpt2,1.4893749,-0.19243203,0.13638868102496932,0.348150722944304
Lancl2,1.4888893,1.6982971,0.1365165093004635,0.34841210458575816
Fnip1,1.4884971,0.64630014,0.13661982269756606,0.34860869482677453
Stam,1.4884038,0.18360513,0.1366444300160423,0.34860869482677453
Leo1,1.4882544,0.7948401,0.13668380883930953,0.34864423405297723
Ovol1,1.4869846,0.17063144,0.1370188824789895,0.3494338588909449
Ncdn,1.4868165,1.1515346,0.13706327790258443,0.3494820225694038
Tm7sf3,1.4863683,0.017416464,0.1371817199458957,0.34968948825541507
Hdhd3,1.4862376,0.6538127,0.1372162804080198,0.34968948825541507
Ehmt1,1.4862189,1.0255363,0.13722121816504462,0.34968948825541507
Filip1l,1.4854159,1.1480302,0.1374336713880515,0.3501657612081654
Cpped1,1.4838287,0.41994002,0.13785438322440915,0.3511723782399415
Mast3,1.4834552,1.0123997,0.137953518372823,0.3513595838831893
Ighd,1.483007,2.672729,0.13807255307391514,0.3515973935153601
Parp2,1.4817932,0.9149152,0.13839533623768285,0.3523010407609471
Heatr1,1.4817744,3.1064858,0.1384003066697385,0.3523010407609471
Chordc1,1.4816625,0.7443544,0.13843013215044425,0.3523115011073911
Nfs1,1.481513,0.224067,0.13846990716095736,0.3523472749080825
Nubp2,1.4813263,0.67606413,0.13851963830526037,0.3524083648620366
Alg9,1.4811956,-0.20917058,0.13855445829262317,0.3524315036407236
Cyb561d1,1.4810835,2.58849,0.1385843093625396,0.35244199707941204
Thumpd3,1.4809155,-0.082090735,0.1386290952565482,0.35249046121282673
Mon2,1.48071,0.24338564,0.138683848711269,0.3525642470485034
Zfp180,1.4801126,0.7911097,0.13884322620603015,0.35290393302831413
Cct6a,1.4795523,0.39530846,0.1389927706878834,0.3532185046232615
Timmdc1,1.4793096,0.7636906,0.13905761180415593,0.35331774512554454
Ccdc117,1.4787493,0.7706282,0.1392073340452421,0.35363257489705485
Bop1,1.4784691,0.86248386,0.13928224169453682,0.3537572694132656
Ttc33,1.4781331,0.7638649,0.13937217183187747,0.35391792010504614
Vipas39,1.4780396,0.20421425,0.13939716035670285,0.35391792010504614
Smim12,1.477853,0.7417432,0.13944714775299558,0.35397923368835266
Ldlrap1,1.4775542,1.3880866,0.1395271562861885,0.3541167175103339
Pcyt1a,1.4774234,-0.08189399,0.1395621711284011,0.35413997859957314
Mfsd6l,1.4770126,0.8772837,0.13967226180699424,0.35435370125107796
Tmem241,1.4768819,1.6230319,0.13970730467185352,0.3543769809302709
Efl1,1.4765644,0.39157736,0.13979243694189136,0.3545272836179029
Pla2g10,1.4761722,-0.32956365,0.13989765544318264,0.35467342981510597
Ephx1,1.4761162,2.0107374,0.13991269163089776,0.35467342981510597
Ckap5,1.4760602,0.30825856,0.13992772906209108,0.35467342981510597
H3f3b,1.4753692,0.24466467,0.14011329297686573,0.35507808246079553
Pof1b,1.4751265,-0.31448275,0.1401785360338856,0.35517772214984883
Cog2,1.4736886,0.64555824,0.1405654549487455,0.3560922213013708
Bmpr1a,1.4735392,-0.43315685,0.14060570136725112,0.3561283247793197
Sumo2,1.4727923,1.0714513,0.14080706639112023,0.35657242320856697
Hnrnpdl,1.4726055,1.1379348,0.14085744227455343,0.3566340711811831
Ngef,1.4723067,-0.20561291,0.14093807250749527,0.35677228258549243
Kif13a,1.4721947,-0.10610136,0.14096831799092657,0.3567808110997453
Pin4,1.4721013,0.13087152,0.14099352637182636,0.3567808110997453
Cdcp1,1.4712609,-0.33487996,0.14122055776285009,0.3572893151156133
Ramp1,1.4709995,-0.35490444,0.1412912470249624,0.3574021573563488
Asah1,1.470682,-0.25809583,0.14137712054129734,0.357553360054601
Psmb3,1.4694309,0.96305436,0.1417159537962049,0.35834414304319073
Ssh1,1.4687213,2.4145098,0.1419084049458687,0.3587645594682416
Sh3bgrl2,1.4683291,-0.25970775,0.14201484561771993,0.3589674141997718
Mbtps1,1.4675075,0.5112599,0.1422380629893296,0.35946531321782244
Asb13,1.4667791,0.5598478,0.1424361398944396,0.35989950508185586
Itgb1bp1,1.4666297,2.4020948,0.1424767972181314,0.35993585135319933
Blvra,1.466275,0.77965254,0.1425733940701226,0.3601134769101548
Noc2l,1.4660321,0.80233353,0.14263951561509627,0.36021407629987445
Dclre1b,1.4658828,1.9664437,0.14268021749510776,0.36025045700017994
Nr1d2,1.4653786,0.69396853,0.14281765215955952,0.3605310179815672
Hmg20b,1.4651172,-0.31417662,0.1428889545669158,0.36059098662457817
Tasor,1.4650985,1.9381853,0.14289404864122882,0.36059098662457817
Cfap36,1.4646503,1.8353708,0.14301634824132975,0.36083314381329973
Mcm6,1.4640901,0.36065862,0.1431693356764783,0.36115262359929157
Fadd,1.4639407,0.7207524,0.1432101535249898,0.36118908381670844
Stxbp1,1.4636793,-0.09201245,0.14328160624338973,0.36124916110760463
Rmnd5b,1.4636606,1.003958,0.1432867110553813,0.36124916110760463
Pafah2,1.4633058,0.80743426,0.14338372899618557,0.36142724696370604
Gtf2a2,1.4624094,0.58805937,0.14362905140939375,0.36197902949019395
Gmpr2,1.4618678,0.3531608,0.14377742295661977,0.3622863149725383
P2ry2,1.4600939,1.4127802,0.14426429092187282,0.3634462643673515
Slc2a9,1.4596456,1.5118297,0.14438748887816885,0.363689758711328
Sgms2,1.4592348,0.29611063,0.14450049116019673,0.3639074869291719
Atp6v0a1,1.4590855,-0.10759488,0.1445415996992408,0.3639441124571952
Ocel1,1.4589734,1.4066905,0.14457243698458735,0.3639548670872559
Neurl4,1.4575541,1.1169645,0.14496347910692975,0.36473823025986
Bcl2l1,1.4575541,0.29149082,0.14496347910692975,0.36473823025986
Parp8,1.4569939,4.5896378,0.14511806069613173,0.3650557522731353
Kctd9,1.4568259,0.5593506,0.14516445978481404,0.3650557522731353
Neo1,1.4568071,-0.3529734,0.14516961594044095,0.3650557522731353
Gpatch11,1.4563403,1.0188738,0.14529856542514558,0.365312965007248
Optn,1.4560602,-0.36268115,0.14537597721103673,0.3654405298699455
Wls,1.4542675,-0.08739259,0.14587216073604928,0.36662054707097325
Kdm4b,1.4531097,2.6855779,0.146193300884469,0.36729290704515405
Dhfr,1.4531097,0.919498,0.146193300884469,0.36729290704515405
Flt3l,1.4529603,2.161073,0.14623477770097534,0.3673297496339131
Frmd4b,1.4527363,0.9594478,0.14629700980861288,0.36736648125464155
Phf1,1.4525121,0.91545177,0.14635926217878947,0.36736648125464155
Pias2,1.4524188,0.8446606,0.14638520664745147,0.36736648125464155
Got1,1.4523441,-0.2585539,0.1464059647558009,0.36736648125464155
P2ry10,1.4523441,4.026476,0.1464059647558009,0.36736648125464155
Tbck,1.4522507,0.46517453,0.1464319155582232,0.36736648125464155
Uvrag,1.452232,1.5159473,0.14643710614099253,0.36736648125464155
Fcho1,1.4511676,2.5081801,0.14673320210744428,0.36804190202709386
Prdm4,1.4510555,0.77222574,0.14676439672391026,0.36805276132483444
Tada2b,1.4508128,0.6554597,0.14683200246040906,0.3681136239260138
Rap2b,1.4507754,1.8403769,0.14684240545661792,0.3681136239260138
Ercc4,1.450514,1.8648913,0.1469152422143243,0.368159343435673
Paxbp1,1.4504579,0.684429,0.1469308536850333,0.368159343435673
Tnk2,1.4504206,-0.2902875,0.1469412620369533,0.368159343435673
Taf2,1.4500659,0.6889298,0.14704016950413717,0.36828338000567684
Npdc1,1.4500284,-0.053853944,0.1470505837772099,0.36828338000567684
E2f3,1.4499538,0.35049346,0.1470714140154057,0.36828338000567684
Capn8,1.4494122,0.61309654,0.14722250072400514,0.36859434574540756
Fgd6,1.449076,0.78165865,0.1473163383501089,0.36876189208779314
Thoc5,1.4476194,1.0251433,0.14772349650969294,0.369713537117792
Pde3a,1.447022,0.13040197,0.1478907843196957,0.37006461099175003
Bhlhe40,1.4455653,-0.34995437,0.1482991547704118,0.37088324577485243
Pgm2l1,1.4455653,1.8867505,0.1482991547704118,0.37088324577485243
Brpf1,1.445416,0.89013,0.1483410875723682,0.3709204051362373
Sephs1,1.4448184,0.24116671,0.14850890934785252,0.37127227336963126
Cstf2t,1.4440901,0.5999771,0.14871363813259797,0.37171626389647733
Cyp4f13,1.4439594,0.69201005,0.14875040712492235,0.3717250536179612
Osbpl7,1.4438846,0.47520226,0.14877142109396213,0.3717250536179612
Zc3h18,1.4434551,0.37166387,0.1488922954050196,0.37195923542100084
Gpd1l,1.4430816,-0.01709059,0.1489974644338287,0.37208626736118355
Ring1,1.4430816,0.39080757,0.1489974644338287,0.37208626736118355
Lrrc8b,1.4425588,0.9322702,0.14914479633007938,0.3723863148755399
Dlg3,1.4410462,-0.44153595,0.14957163259000408,0.37335547300542665
Rab3d,1.4409902,-0.3314911,0.14958745922093336,0.37335547300542665
Rftn1,1.4405233,3.856803,0.14971939750543137,0.3735970339469564
Rbx1,1.4404299,0.9954296,0.14974579581255437,0.3735970339469564
Faap20,1.4403179,0.88830686,0.14977747846798434,0.3735970339469564
Trnt1,1.4402618,0.53185254,0.1497933217131848,0.3735970339469564
Man1a2,1.439851,0.045519277,0.14990954457683517,0.37381884978206076
Spty2d1,1.4395149,0.3968546,0.15000468716124568,0.3739880280453259
Mylip,1.4393282,3.3633044,0.15005756404906576,0.37405178811357365
Suox,1.4391788,0.76220924,0.15009987579350534,0.3740891938095367
Socs1,1.4389174,2.451644,0.1501739432393026,0.3741640323906933
Sh2b3,1.43888,1.9623581,0.15018452657784107,0.3741640323906933
Nsmce1,1.4386185,0.4510918,0.15025862587379543,0.37428057717654495
Twf2,1.4383198,1.6638088,0.15034334491605136,0.37438185056092355
Celf1,1.4382824,0.32931015,0.15035393735665703,0.37438185056092355
H2-T24,1.4376475,3.3487985,0.15053409591889208,0.37476233219858646
Aldh6a1,1.4374981,-0.022293758,0.15057651007579204,0.37479981614068875
Tbcd,1.4372367,-0.023986246,0.15065075677075188,0.37491650640495927
Rapgef2,1.4366951,0.6977259,0.15080464226601142,0.3752313111232032
Fbxo3,1.436527,0.2636589,0.15085242418524472,0.3752820430974855
Ganc,1.4357988,2.025811,0.15105961250963346,0.37572924680137587
Ttc19,1.4351078,0.48469773,0.15125637616663484,0.37613290861711773
Dusp7,1.434977,0.9354936,0.15129362367892454,0.37613290861711773
Klhdc4,1.4349397,1.5753024,0.15130426710868145,0.37613290861711773
Cic,1.4342301,0.7082072,0.15150660067248564,0.37656756698350025
Ints12,1.4340621,0.46084973,0.15155455195262862,0.37661842222945985
Eef1e1,1.4339501,1.257975,0.15158652589405677,0.376629561978342
Ssbp4,1.4333338,0.89781976,0.15176247441717974,0.3769983498667928
Tmem60,1.4331284,0.47839886,0.15182115847290215,0.37707575617816524
Rybp,1.4323441,1.1109447,0.1520453838223639,0.3775642121381884
Mcm4,1.4320452,0.9969678,0.15213086929093286,0.377708029953929
Egfr,1.4317652,0.23626044,0.1522110451441403,0.37780997340269706
Isyna1,1.4317092,0.4102798,0.1522270841739334,0.37780997340269706
Ndrg2,1.4313917,0.5881494,0.15231799631167134,0.3779671344810537
Cstf1,1.4308501,1.002271,0.15247317709499145,0.3782815934202452
Stat2,1.4307567,0.33490267,0.15249994455912513,0.3782815934202452
Cars2,1.430514,0.46157137,0.15256955670274802,0.3783703955522874
Mief1,1.4304392,1.2571826,0.15259098068805751,0.3783703955522874
Irf2bp1,1.4300845,0.9804464,0.15269277588300534,0.37855429417248876
Nup214,1.4298791,1.050533,0.1527517335564112,0.3786319431378385
Sil1,1.4288334,0.5885227,0.1530521502915548,0.3793079701509227
Por,1.4286278,0.055766303,0.15311121349707948,0.3793857162072688
Ythdc1,1.4282358,0.84224945,0.15322401866588825,0.3795965742717304
Zdhhc6,1.4273393,0.83173877,0.153482096399606,0.38016718869546234
Pggt1b,1.4265177,0.05269899,0.1537189578957883,0.3806850548033803
Gimap5,1.4258828,25.28022,0.15390217748961302,0.38106567866635704
E2f5,1.4257708,-0.039735414,0.1539345275833676,0.38106567866635704
Dtymk,1.425696,0.69996053,0.1539560971838165,0.38106567866635704
Qk,1.4251732,2.298038,0.1541071487146304,0.3813706534303534
Dhx33,1.424837,0.83611,0.15420431272920807,0.3814866478326945
Ncor2,1.4248184,0.8037494,0.15420971209470527,0.3814866478326945
Nol12,1.4244449,0.30470175,0.15431772957671916,0.3816849422641366
Jun,1.424146,-0.35466152,0.15440418494805455,0.38182984364410605
Cdc23,1.4239594,2.3341935,0.1544582382400592,0.3818657635008059
Slc26a1,1.4239033,0.25071213,0.15447445703076398,0.3818657635008059
Med21,1.4235859,0.40241688,0.15456638795202737,0.3820240871266056
Zgpat,1.4231937,2.376027,0.15468000705238893,0.38218038615478606
Edrf1,1.4227269,1.5647488,0.1548153505914934,0.38243243835258917
Arid4b,1.4224281,1.3655964,0.15490201764763878,0.38257754493828217
Thap2,1.4215691,1.627203,0.15515139068027944,0.38310684120016775
Tada3,1.421457,0.69263154,0.15518394005771668,0.38310684120016775
Thbs1,1.421401,0.38798767,0.1552002166905789,0.38310684120016775
Fundc2,1.4207661,1.2859359,0.1553847757964493,0.383493321637787
B4galt4,1.420654,-0.2768173,0.1554173623383431,0.38350465850779913
Hspa14,1.4202806,0.5740513,0.15552602161183907,0.3836479921527686
Lactb,1.4202619,0.74235713,0.15553145608879393,0.3836479921527686
Klf10,1.4200565,0.04649222,0.1555912448486998,0.38372638243513724
Pglyrp1,1.4196643,-0.32365605,0.15570543546569424,0.38393888874730225
Sco1,1.4193655,-0.3901467,0.15579248052211667,0.38404211647654857
Slc10a7,1.4193282,0.20877038,0.15580336375012094,0.38404211647654857
Mpg,1.4190108,1.067452,0.15589589448323887,0.3842010711315655
Aarsd1,1.4183198,1.0169706,0.15609742903600993,0.38459966969606024
Rpp25l,1.4182638,0.315907,0.15611377833429133,0.38459966969606024
Tmem263,1.4177595,0.580124,0.15626098048356818,0.3848931018743049
Tox4,1.4175168,-0.10072837,0.1563318931325629,0.3849696578839212
Mtif2,1.4174608,1.1881437,0.15634826105592245,0.3849696578839212
Capn10,1.41733,1.3347651,0.15638645793204659,0.3849945145856313
Hsdl2,1.4170313,0.084075965,0.1564737916551383,0.3851403064454536
Sema6a,1.4169192,0.47006485,0.15650655133581529,0.3851517430035332
Nenf,1.4165643,0.1735313,0.15661032464067076,0.3852821500069961
Psmg4,1.4165457,0.6511339,0.15661578783861033,0.3852821500069961
Med23,1.4159108,1.2240982,0.15680162256970673,0.3855949343496589
Taf1d,1.4158548,1.075211,0.15681802777516618,0.3855949343496589
Lonp1,1.415724,0.102796294,0.15685631164862976,0.3855949343496589
Ccl9,1.4156307,0.2359101,0.15688366161058384,0.3855949343496589
Ssx2ip,1.4156307,-0.16018745,0.15688366161058384,0.3855949343496589
Dcun1d1,1.4150704,1.1090833,0.15704783731228678,0.3859292145611352
Wdr44,1.414062,0.27411565,0.15734368172163427,0.3865868794093238
Dgcr8,1.4137446,1.017496,0.15743690528102083,0.3867176485345384
Tepsin,1.4136885,0.99839264,0.1574533608412887,0.3867176485345384
Tdrd3,1.4133711,0.4839308,0.1575466336356074,0.38687737601860933
Calcoco1,1.4128109,1.7303717,0.15771133480522337,0.3872124169949032
Mtf1,1.4126989,0.3734229,0.15774429068682838,0.3872239352104549
Scyl3,1.4119146,2.064231,0.15797512795308144,0.38767865559360803
Ube2j1,1.4118772,2.2524734,0.15798612658241706,0.38767865559360803
Gnl3,1.4107941,0.8286311,0.15830533918895584,0.38839239736545395
Trnau1ap,1.4106073,0.3698009,0.15836042517126292,0.38844249045796675
Parm1,1.4105326,-0.35960737,0.158382463627606,0.38844249045796675
Bcl11b,1.4099724,3.5843644,0.1585478260766997,0.3886548144871289
Jmy,1.4098977,2.778693,0.15856988427508523,0.3886548144871289
Zfp62,1.4098604,1.7859902,0.15858091424545961,0.3886548144871289
Gins4,1.4098417,0.847912,0.1585864294484488,0.3886548144871289
Arhgap4,1.4097483,3.5223663,0.15861400764149114,0.3886548144871289
Tm9sf4,1.4095429,-0.40089038,0.15867469244529553,0.3886548144871289
Sugp2,1.4094869,2.347632,0.15869124589614647,0.3886548144871289
Rtn4r,1.4094309,0.712496,0.15870780065415702,0.3886548144871289
Dcxr,1.4093748,-0.3150353,0.15872435671937857,0.3886548144871289
Sdhc,1.4088147,0.031646647,0.15888998927947018,0.3889022161422122
Ext1,1.4086839,0.0921708,0.1589286556923638,0.3889022161422122
Dtx2,1.4086839,1.9474347,0.1589286556923638,0.3889022161422122
Ube2e2,1.4085532,-0.0331716,0.15896732922601375,0.3889022161422122
Akap8l,1.4085532,2.0738013,0.15896732922601375,0.3889022161422122
Zfp131,1.4079182,1.9465376,0.15915527341400892,0.3892924916571902
Dynlt3,1.4070779,-0.20359308,0.159404281534118,0.3897894643860375
Eif1a,1.4070406,0.20352687,0.15941535539817286,0.3897894643860375
Zfp518a,1.4059201,0.6327896,0.15974784199594372,0.3905327329308403
Ifi30,1.4056027,-0.286875,0.15984214181053558,0.3906935491176338
H2afj,1.4051919,1.4216393,0.15996423934294368,0.39092224027797506
St5,1.4044635,-0.41049898,0.16018085826202777,0.39138180099692893
Khdrbs3,1.4041461,-0.20739463,0.1602753512632794,0.39154285169524394
Twsg1,1.4038659,0.29105425,0.16035876242795633,0.39167677754733493
Slc35b4,1.4029883,0.20126368,0.16062032988372188,0.39224572538449015
Jade1,1.4026334,1.0980206,0.16072616138578077,0.3924342204571728
Cdkn2d,1.4019985,1.1201507,0.1609156755680089,0.3927569490970465
Ilf2,1.4016064,1.0127739,0.16103281275391212,0.3929728419537934
Cpne1,1.4010462,1.2272928,0.16120026331318715,0.3933114171666365
Itpa,1.4004112,0.16127434,0.16139019956541512,0.3937047247233239
Shtn1,1.4002059,-0.24684283,0.1614516856995627,0.3937845992672261
Smndc1,1.3999257,0.56325674,0.16153555893297755,0.39391903833780567
Cfap97,1.3994776,0.95867795,0.16166982453312106,0.3941762940209572
Cmc2,1.3992908,1.0297995,0.16172579339422155,0.39419974172318634
Nufip1,1.3992535,2.1838472,0.16173698892160804,0.39419974172318634
Chd3,1.3983572,2.3583064,0.16200585714039084,0.39478481729337506
Ints6,1.3977969,0.841488,0.16217407100789005,0.39510885132662416
Cdc42ep5,1.3977222,-0.23733617,0.1621965094789003,0.39510885132662416
Zbtb20,1.3969753,0.91085804,0.16242102306335793,0.3955854250609784
Tsr3,1.3963029,2.6739793,0.16262328569841455,0.39600764558625656
Orai1,1.3960415,0.76335466,0.162701994683629,0.3960858926840034
Dido1,1.3960042,0.9428797,0.16271324116974972,0.3960858926840034
Cep104,1.3958174,0.78362113,0.16276948239648104,0.3961524087460988
Zfp217,1.3954066,0.35156438,0.16289326470665633,0.39638325514763617
Prom1,1.3952758,-0.12919821,0.1629326648718752,0.3964087211409501
Ogfod3,1.3950704,0.7079734,0.16299459393776294,0.39647337414905615
Ern1,1.3949958,2.077359,0.16301711799865937,0.39647337414905615
Tmem69,1.3939127,0.6538075,0.16334398070395995,0.39719782315304425
Pcx,1.3935019,0.5152691,0.16346809227841208,0.39741343496602216
B4galnt3,1.3934271,0.548755,0.1634906656546351,0.39741343496602216
R3hdm1,1.3921386,0.32897276,0.1638804263458855,0.39824509439648703
Pi4kb,1.392064,0.45603514,0.16390304262196254,0.39824509439648703
Smad7,1.392008,0.39896992,0.16392000637239346,0.39824509439648703
Faim,1.3912983,0.6253016,0.16413499506972506,0.3986967078821336
Thap11,1.3908128,1.1775174,0.16428221495084872,0.3989835746900598
Bahd1,1.3906447,0.5651646,0.16433319884747466,0.3990366579600147
Smarcd1,1.3900658,1.3662808,0.16450890127529405,0.3993925123997038
Nlrp6,1.3898977,-0.15820964,0.16455993814863057,0.3994456329972074
Rnf215,1.3895802,1.3419673,0.16465637366448194,0.39960891394214393
Tsfm,1.3886092,0.34088135,0.16495161706581063,0.4002545437126471
Capn5,1.3881423,-0.42527556,0.16509370279768232,0.4005283740620237
Ruvbl2,1.3877316,0.22632067,0.1652188144340101,0.40076093444510236
Sec61g,1.38564,-0.021053553,0.16585685302431952,0.40223736704428703
Ciao3,1.3849118,0.39269495,0.1660794617163932,0.40270595141851095
Haus2,1.3843515,0.1996407,0.16625085202819168,0.4030501986880598
Pparg,1.3823907,-0.026934082,0.16685176560401915,0.40443545448957224
Ehbp1l1,1.3821479,0.28636017,0.1669262778541113,0.4044569714080502
Aldh4a1,1.3820919,0.41623026,0.1669434765397082,0.4044569714080502
Nsmf,1.3820733,0.47458926,0.16694920973084115,0.4044569714080502
Ddr1,1.381625,0.014556489,0.16708685071322416,0.40471885692559595
Tmem220,1.3813823,0.10520694,0.16716144184103432,0.4048279570836433
Zfp84,1.379907,0.7467448,0.1676152644997697,0.40585527105812036
Akr1b7,1.3797203,2.2592123,0.1676727763277921,0.40592278418285066
Qsox1,1.3790294,-0.1773188,0.16788569896455507,0.4063044040527159
Clasrp,1.3789734,1.5838292,0.16790297185685166,0.4063044040527159
Tmem68,1.3788986,1.7918262,0.16792600445572037,0.4063044040527159
Mettl4,1.378824,1.228041,0.16794903942704598,0.4063044040527159
Mospd2,1.378357,0.36546385,0.1680930617560198,0.40658102861184164
Bfar,1.3777409,0.0043958984,0.16828331318765732,0.40696935404605566
Rbbp5,1.3774794,1.3311917,0.16836407473299253,0.40709280336074793
Sdcbp2,1.3773674,-0.017563023,0.1683986957285185,0.40710466410458857
Rgs16,1.3767698,0.652014,0.1685834312909813,0.4074793593307064
Pacs1,1.376471,1.3832762,0.16867585608657365,0.4076308393695641
Tnfsf10,1.375668,1.3016202,0.16892443613450958,0.4080875991963994
Hectd4,1.375668,0.0051073837,0.16892443613450958,0.4080875991963994
Rwdd4a,1.3749584,0.51012295,0.16914434020236613,0.4085468019697489
Eif2d,1.3731843,0.46103367,0.1696950397420729,0.4097464855428866
Clp1,1.3731657,0.9387445,0.16970084372046268,0.4097464855428866
Fam3b,1.3718399,-0.2381357,0.17011330670636815,0.4106700091413645
Nsun4,1.3712236,3.8372405,0.170305270428888,0.4110609945165196
Dbndd2,1.3709248,-0.27789977,0.17039840215984015,0.41121333619690154
Phldb1,1.370738,-0.19077924,0.17045662886722768,0.4112814046285698
Lpgat1,1.3694869,-0.118256375,0.17084713240489546,0.41215103256683705
Tcta,1.3691695,0.3341995,0.17094632188788905,0.4123177130042394
Pip4p2,1.3689827,0.3090668,0.17100468878589092,0.4123858891685805
Pstk,1.3688706,2.9335303,0.1710397160876942,0.4123977667021138
Apopt1,1.3687586,0.89503723,0.1710747487622185,0.41240965300763566
Dnajc25,1.3684411,0.7875261,0.1711740371869268,0.4125764091240143
Ube2n,1.3682917,0.079937905,0.17122077607927777,0.41261647005912144
Cxcr6,1.3679743,4.3117237,0.1713201279523493,0.4127832840216647
Bbx,1.3677875,0.60032874,0.17137859038929049,0.41285153654532786
Tagap,1.3672086,2.659229,0.17155991886066946,0.41318102882525737
Adora2a,1.367134,3.4581168,0.17158332653969033,0.41318102882525737
Pcdh1,1.3669846,-0.27488938,0.17163014906940288,0.41318102882525737
C2cd5,1.3669659,0.44030654,0.1716360025579956,0.41318102882525737
Mtln,1.3664056,0.4320936,0.1718116767056349,0.4135150198866966
Pitrm1,1.366331,0.6378747,0.17183511008868346,0.4135150198866966
Zbtb9,1.3662189,1.0882471,0.1718702646478013,0.413526980273073
Kctd13,1.3660321,1.7726324,0.17192886753939618,0.4135953442124192
Fopnl,1.3648931,0.67503196,0.17228666901146994,0.41438331556480656
Chchd1,1.3644636,1.4911312,0.17242172227438846,0.41463535108989324
Brwd1,1.3637539,1.2216139,0.17264502721896058,0.41501036393316226
Sgms1,1.3636792,0.67707163,0.17266854557803102,0.41501036393316226
Plek2,1.3629509,-0.21422152,0.1728979751486266,0.41548890712790465
D10Wsu102e,1.3628016,1.3200374,0.17294506578423607,0.4155291829610723
Htatsf1,1.3620173,0.5533181,0.1731924489503157,0.41605059628604685
Nit2,1.3619052,0.46033245,0.17322781098390605,0.4160625894950058
Rpa3,1.3616251,1.0078794,0.17331623967823484,0.41614322903911466
Ppcdc,1.3616064,1.0603542,0.17332213612388236,0.41614322903911466
Sarnp,1.3613076,1.2720907,0.17341649964589634,0.4162968363674049
Pibf1,1.360654,1.1912633,0.1736230536976635,0.4167196628693045
B4gat1,1.3604299,1.298126,0.17369391453135274,0.4168167155508027
Ecd,1.3593842,0.988413,0.17402488414762085,0.41753781310374877
Dnmt1,1.3590667,0.54061085,0.17412545021358983,0.41770594780707065
Map4k1,1.3588799,1.5067544,0.17418462699512527,0.4177747531220617
Eif4a3,1.357965,0.88907,0.17447481035070544,0.41838110808188
Ric8b,1.3578902,0.1929345,0.17449851471385858,0.41838110808188
Acd,1.3575355,2.7540133,0.1746111432765025,0.4185778937686937
Rcc2,1.3569005,0.9584392,0.17481282456369196,0.41889837632925286
Smpd4,1.3568631,2.833423,0.17482469358148733,0.41889837632925286
Lrig2,1.3568258,0.8163211,0.17483656320077867,0.41889837632925286
Sytl3,1.3560041,2.7051466,0.17509784703176023,0.4193777105480971
Pole4,1.3557054,2.152495,0.17519293154402715,0.41953210315559725
Tbp,1.3551825,1.3419968,0.17535942214150912,0.41985740708470376
Zfp523,1.3544356,0.7736737,0.17559747058287056,0.42035389603098494
Ttll12,1.3529602,-0.0963204,0.17606832425413954,0.4214051961016183
Ppp1r12c,1.3528669,1.650134,0.17609815676509233,0.4214051961016183
Uhrf1bp1l,1.3524934,0.66601187,0.1762175244973163,0.421617199722884
Cdkal1,1.3521386,0.606414,0.17633097970654044,0.42178420245971343
Sec14l1,1.3520826,0.3337066,0.17634889866344805,0.42178420245971343
Maf,1.3519332,2.0425272,0.17639668918463203,0.42182486329716506
Casp4,1.3517652,0.6045835,0.17645046505960393,0.42187763702775005
Hspa4,1.3516717,0.19877294,0.17648034582525807,0.42187763702775005
Hars2,1.3513356,1.6400602,0.17658794781023834,0.42206121510821093
B4galt7,1.3511488,1.3492151,0.17664774781424564,0.42211404027946614
Smad5,1.3510742,0.6904606,0.17667167204105538,0.42211404027946614
Vps37c,1.3508128,-0.08422138,0.17675542585034598,0.4222405116215763
Bloc1s5,1.3504019,1.3751878,0.17688709875117914,0.42248138997405055
Decr1,1.3495429,-0.2875007,0.17716265095907857,0.4230657692416553
Nrbf2,1.3493749,0.57821137,0.17721660072759615,0.4231208487222146
Polr2h,1.3490573,0.3072739,0.17731853923272423,0.42329046654265934
Mynn,1.348105,0.670466,0.17762461678252928,0.4239472560837371
Paqr8,1.3472459,-0.44372523,0.1779010240134956,0.4245330132354799
Bzw2,1.3461815,0.4347075,0.1782439726743651,0.4252773294390111
Golga3,1.3460321,0.9312407,0.1782921451659798,0.4253181941100337
Anapc5,1.3459015,1.0925027,0.17833430404320405,0.4253447014958035
Pigyl,1.345528,0.47248256,0.17845479885409965,0.4255270505919359
Mphosph10,1.345472,2.37861,0.17847287829936231,0.4255270505919359
Hmces,1.3450798,0.395156,0.17859947257769404,0.42575478933607247
Ddit4,1.3447063,0.215607,0.17872010065543542,0.42594726068429956
Trim21,1.3445755,1.7049453,0.17876233479813597,0.42594726068429956
Gga3,1.3445195,1.1646684,0.178780437417563,0.42594726068429956
Orc5,1.3444449,1.0326294,0.1788045763646282,0.42594726068429956
Clcc1,1.3443141,0.86942095,0.17884682535549468,0.4259738364691024
Thop1,1.3441087,0.10946017,0.17891323162852524,0.4260579303512595
Dpep1,1.3438286,-0.09465862,0.17900381518958797,0.4261995599752095
Pip4k2b,1.3428389,2.170962,0.1793241502802274,0.4268880727782998
Acaa2,1.3422413,-0.17645304,0.1795177663928592,0.4272747393297726
Slc5a8,1.3414197,-0.3289918,0.17978424223144118,0.42776035404146306
Kxd1,1.3411022,0.7542437,0.17988727750187838,0.42793118627812704
Rhbdf1,1.3407288,0.050195575,0.1800085516415093,0.42809986961047664
Mast4,1.3406913,0.7346788,0.18002068239605518,0.42809986961047664
Katnb1,1.3401312,0.8050648,0.18020271661371934,0.4284583855619499
Ift22,1.3397017,0.35239226,0.1803423687665764,0.4287160250047018
Clpx,1.3389733,0.33861905,0.1805793539585081,0.42918826069169846
Cish,1.3388987,1.2562008,0.18060367320347748,0.42918826069169846
Ubr7,1.3387866,0.65711313,0.1806401566315593,0.4292005109005138
Rfxank,1.3384504,0.41426098,0.18074963975571212,0.4293861738604571
Fbxo31,1.3383011,0.7303099,0.18079831473567276,0.42942734255872345
Scrn2,1.337442,0.86828977,0.1810783847721944,0.4300180050925747
Paxx,1.3370873,1.5578011,0.1811941598179755,0.43021836906521044
Pde5a,1.335388,-0.47010303,0.18174942322751764,0.43146198201646013
Tm6sf1,1.3352759,1.8378588,0.18178607831738114,0.4314742330124951
Ly75,1.3348837,0.20153055,0.1819144143239736,0.43170404923582856
Pmepa1,1.3345102,1.9353949,0.18203670156758778,0.43190268030205864
Eef1akmt1,1.3344355,0.36569843,0.1820611663317072,0.43190268030205864
Tbc1d23,1.333315,0.8436166,0.18242843049885904,0.4326676945139815
Tmem223,1.3332591,0.5336904,0.18244680811731906,0.4326676945139815
Parp16,1.3331096,0.35973766,0.1824958218110755,0.4327045512798746
Nr2c2ap,1.332979,1.0112367,0.18253871680131317,0.4327045512798746
Prmt1,1.3329229,1.534046,0.1825571026567646,0.4327045512798746
Arrb1,1.3325868,-0.037577365,0.1826674466238073,0.43289119853765096
Reep6,1.3323253,-0.3823208,0.1827533038876461,0.4330197618922088
Plekha6,1.3321387,-0.15811709,0.1828146488172966,0.43309021075513804
Elac2,1.3315971,0.95020604,0.18299263542807498,0.43343691309900195
Trmt2a,1.331429,0.5169654,0.18304789875713534,0.43349065010765964
Nudcd1,1.3313357,-0.24696586,0.183078605950578,0.43349065010765964
Mfsd13a,1.3310181,-0.029223865,0.18318303896351773,0.43366297456371056
Irgm2,1.3307941,0.11993064,0.1832567829577897,0.43376259960637853
Ptrh1,1.3306073,1.0151019,0.18331825308797267,0.4338331434280922
Zbtb24,1.3292627,1.580494,0.18376128907248412,0.4347146371166569
Cog4,1.3292254,0.7784516,0.18377360693776612,0.4347146371166569
Pofut1,1.3291881,0.92800426,0.18378592541457495,0.4347146371166569
Irs2,1.32902,0.2892391,0.1838413661282129,0.43477070877896024
Casp2,1.3287399,0.72829527,0.18393379484017025,0.43491421976360584
Rcan3,1.3286092,0.2308337,0.18397694001393328,0.43494116966193025
Det1,1.3283478,2.2190173,0.18406325284361913,0.43505338838545465
Uap1l1,1.328273,-0.012059332,0.18408791915842926,0.43505338838545465
Cachd1,1.328105,-0.26717362,0.18414342731540145,0.43510951262866504
Fem1a,1.3278809,1.4296854,0.1842174574671035,0.4352093752887253
Fam193a,1.3276008,0.7255794,0.18431002613958913,0.43535299277799505
Kifc3,1.3271713,2.3872893,0.1844520316444629,0.43561331383022606
Ncf2,1.3267044,0.21668734,0.1846064772922541,0.4359029194939471
Cox10,1.3259574,0.14028512,0.18485378937385732,0.43633647732974595
S1pr4,1.3259574,3.0471406,0.18485378937385732,0.43633647732974595
Klri1,1.3255279,2.2258732,0.18499610478495143,0.43659718097395944
Arhgap39,1.3253225,1.3387367,0.1850641973256124,0.4366826564520995
Kif16b,1.3246316,0.72400165,0.18529337194739226,0.4371167168236375
Atm,1.3245755,1.2468742,0.18531196286946616,0.4371167168236375
Trp53bp1,1.3243701,1.8149604,0.1853801413873848,0.4372022614920247
Gpatch8,1.3236419,0.5513746,0.18562201471348183,0.4376973496686232
Dolk,1.3233991,0.59746766,0.18570269099021797,0.43781222966201794
Blzf1,1.3227642,0.4340011,0.1859138130528145,0.43815269221568276
Zfp992,1.3227268,1.2370571,0.185926237521164,0.43815269221568276
Ahcyl2,1.3226335,-0.1389688,0.18595730137745603,0.43815269221568276
Sde2,1.3225588,1.6613566,0.1859821552247417,0.43815269221568276
Nfu1,1.322484,1.7441347,0.18600701152747523,0.43815269221568276
Slc7a7,1.3217931,0.16573691,0.18623704874979408,0.438619145241908
Irf3,1.3211956,1.3676482,0.18643616935731455,0.4390126366784478
Hmbs,1.3205047,0.14693521,0.186666598612932,0.4394797045879307
Cstf3,1.3186373,0.4466718,0.18729043307603443,0.44087266892468585
Fbxw9,1.3179462,0.94146067,0.1875216415601657,0.44134109077036077
Eipr1,1.3178343,1.0689629,0.18755915467422835,0.44135355874904303
Nt5e,1.3175914,2.0105908,0.18764045209193736,0.44140794701037417
Hspe1,1.3175727,0.28970933,0.18764670681667295,0.44140794701037417
Erc1,1.3171059,0.31604528,0.18780312495560547,0.44170005354365577
Oxnad1,1.3167324,0.92527527,0.18792832873703413,0.4419186583757926
Pcbd1,1.3160788,0.51847595,0.18814758355711136,0.4423583138377254
Wdr45b,1.3157988,0.52424085,0.18824160766384723,0.44250343599771913
Wdr3,1.3153878,1.704296,0.18837957238640934,0.4427517827575584
Ubap1,1.3152199,0.17626235,0.18843603399392095,0.44280851899086054
Ggta1,1.3149024,6.6095505,0.18854271775365472,0.4429832332747504
Tbc1d10a,1.3145288,0.87048525,0.1886682850862097,0.44320224720183005
Mpv17,1.3143421,1.4709471,0.18873109187528392,0.44327377999166634
Mak16,1.313315,0.73628044,0.18907680484254863,0.44400963770019136
Crtam,1.3129416,25.288599,0.18920263433048812,0.4441824063103269
Zfp26,1.3126801,2.242897,0.18929075169291798,0.4442835871497304
Vsig10,1.3123814,-0.35134006,0.18939149428578428,0.4444438971763009
Wdr43,1.3116717,1.3621901,0.18963091630879614,0.44492953475432556
Zfp628,1.3115036,0.6152881,0.18968765417722044,0.44496450687300176
Srm,1.3113543,1.4227363,0.1897380983382031,0.44496450687300176
Sidt1,1.3111675,1.3945822,0.18980116743798625,0.44496450687300176
Asb7,1.3110368,1.4323752,0.18984532499710738,0.44496450687300176
Hps3,1.3109248,1.6510363,0.1898831803571911,0.44496450687300176
Exo5,1.3108314,0.7089694,0.18991473073833176,0.44496450687300176
Inpp4a,1.3107567,1.289181,0.18993997382372374,0.44496450687300176
Zfp182,1.3107567,2.2333503,0.18993997382372374,0.44496450687300176
Kcnma1,1.3107381,-0.07397022,0.18994628498126254,0.44496450687300176
Aga,1.3106633,0.6727139,0.18997153115622922,0.44496450687300176
Sepsecs,1.31057,0.6057274,0.1900030923508803,0.44496450687300176
Tmem175,1.3103272,1.4675748,0.19008516953323307,0.44500458349372746
Thtpa,1.3103272,2.1558495,0.19008516953323307,0.44500458349372746
Cbr1,1.3101778,-0.14513275,0.1901356915475041,0.4450468091920051
Rrm1,1.3100097,0.7500352,0.19019254063490676,0.4451038275876704
Tubg1,1.3091694,0.096130215,0.19047697386233786,0.44568910116179333
Ttyh2,1.30902,-0.43747345,0.1905275725430653,0.44568910116179333
Lrpprc,1.3089826,0.27496135,0.19054022375946156,0.44568910116179333
Errfi1,1.3085345,-0.40203604,0.1906920866036793,0.44592166211048007
Sertad3,1.3084972,0.14876953,0.19070474586170094,0.44592166211048007
Elmod2,1.3083291,0.40276647,0.19076172017907755,0.44597876560637584
Ndufaf1,1.3081796,1.2838085,0.19081237453514044,0.4460210768011302
Abcf2,1.3076755,1.3206545,0.1909834060851121,0.4463447054530938
Ak6,1.3070592,1.2803049,0.19119259783966547,0.44671083853426546
Napg,1.3070219,0.1604716,0.19120528154488559,0.44671083853426546
Topors,1.3066111,0.5892551,0.19134484317031553,0.4469141186494705
Fam118a,1.3065737,0.17162292,0.19135753430640834,0.4469141186494705
Ces2b,1.3062189,0.99342114,0.19147813098968347,0.4470433528559413
Brcc3,1.3062189,1.2921952,0.19147813098968347,0.4470433528559413
Sdc2,1.3049864,0.18755545,0.19189748023493958,0.44794606904390394
Uri1,1.3044635,0.90565145,0.1920755898805907,0.4482854482732696
Slf2,1.3038659,0.88099647,0.19227929256963694,0.44868443335105196
Thoc2,1.302092,0.22562502,0.19288497050194986,0.45002113349399064
Tfpt,1.3016998,0.8610027,0.19301904619436905,0.4502401962726104
Zfp410,1.301625,0.41740468,0.19304459218286962,0.4502401962726104
Tstd3,1.3002431,0.2557796,0.19351764110377456,0.4512644644760804
Mtrex,1.3001498,0.78993696,0.19354963454463125,0.4512644644760804
Pan3,1.2995709,0.32455721,0.19374808057869453,0.4516502814238753
Zbtb11,1.2986746,2.035736,0.19405564653503615,0.4522902955988423
Farp2,1.2970312,-0.2535776,0.19462044800447353,0.4535295352375042
Hddc2,1.2965083,1.7915882,0.1948004102411296,0.4537945281930752
Ctnnbip1,1.2952758,0.21892497,0.19522508986964449,0.45470651669740386
Mllt1,1.2945288,0.008079332,0.19548280165439413,0.45521203868979393
Hmgn5,1.2944542,0.4170507,0.19550858654385017,0.45521203868979393
Tor2a,1.2933338,1.4209872,0.19589565913543938,0.4560357740281256
Gba,1.2931097,0.324482,0.19597314100154772,0.4561363028425849
Jmjd8,1.2930163,-0.37449118,0.19600543173972973,0.4561363028425849
Ddx19a,1.2919145,-0.05373388,0.19638675693082952,0.45694608864680103
Ptk6,1.2914289,1.3591157,0.1965549709427783,0.45725982372492147
Xab2,1.2907194,1.0444084,0.1968010119867687,0.45775447609825654
Psme2b,1.290458,1.0332862,0.19689171551529994,0.45788771050069754
P4ha1,1.2893188,0.40102333,0.19728728100352422,0.45872976064974236
Ttc38,1.2882731,0.09809321,0.19765093494424513,0.45949490362914114
Prdx3,1.2881796,-0.23518264,0.19768342788249327,0.45949490362914114
Josd1,1.2880676,0.0929396,0.19772242456753364,0.4595075855089416
Ssbp1,1.2876941,0.9412909,0.19785245416947106,0.4597317880125091
Pdk3,1.2873954,-0.093317516,0.1979565228867305,0.4597698965575525
Usp42,1.2873954,0.81812596,0.1979565228867305,0.4597698965575525
Chpt1,1.287358,-0.25118908,0.19796953429146003,0.4597698965575525
Rbms2,1.2871152,0.17217378,0.19805412367201158,0.4598104548901133
Gata6,1.2871152,-0.10171293,0.19805412367201158,0.4598104548901133
Egln3,1.2862002,0.78782755,0.1983731982004312,0.4603323305506093
Lsm5,1.2862002,0.76726884,0.1983731982004312,0.4603323305506093
Nsd2,1.2861816,0.6778861,0.19837971383728448,0.4603323305506093
Rubcn,1.2851545,0.35670698,0.19873831491023575,0.46108635296701606
Tex10,1.2849491,0.7239647,0.198810091954847,0.4611747815410437
Pml,1.2840153,0.648237,0.1991365900846478,0.46185395025557385
Btbd3,1.2837353,0.7001308,0.19923461589111335,0.4620030869512953
Zfp24,1.2832123,2.087376,0.1994176917282,0.46234936142771027
Sept8,1.2818679,-0.29803178,0.19988902247969287,0.46336372385309516
Tcof1,1.2815317,1.5983095,0.2000069821849625,0.4635587304912851
Anks3,1.2813823,1.9387616,0.20005942503403895,0.46360184759241096
Lax1,1.2811022,2.7073312,0.2001577824378027,0.46375133086384185
Gng5,1.2801871,1.5475968,0.20047932933262413,0.46441779030384694
Alg5,1.2797203,0.51530266,0.20064352905724747,0.46471958547494346
Csnk1g1,1.2791227,0.5537851,0.20085384789787553,0.4651280791414629
Klhdc10,1.2780583,0.2773338,0.20122887672923073,0.46591779807173583
Pik3cb,1.2779275,0.52006924,0.2012749680946042,0.46594576933019227
Kdm1b,1.2776661,0.42679456,0.2013671739263846,0.46608046676659387
Adgra3,1.277442,0.1777583,0.2014462320143583,0.4661846923305251
Aste1,1.2773113,1.2072104,0.20149235968493606,0.4662101966388174
Arfip2,1.277218,0.044224363,0.2015253127368669,0.4662101966388174
Gas2l1,1.2771059,-0.4492576,0.20156486158685571,0.4662229619685841
Xrcc5,1.2757427,2.1093295,0.202046492671208,0.46725809412483954
Taf6,1.2756306,0.45442456,0.2020861160639854,0.4672708506458397
H6pd,1.2752198,0.9592117,0.20223145029589695,0.46752799005295115
Pja1,1.2749957,0.038331572,0.20231075561305012,0.4676324197568393
Wdr24,1.2747903,0.8446112,0.2023834720615012,0.4677215869167622
Mt2,1.2745289,0.18650751,0.20247604781206674,0.4677777158558709
Gramd1c,1.2745289,0.9612874,0.20247604781206674,0.4677777158558709
Pigv,1.273091,0.807706,0.20298576603142537,0.46879720071317055
Sgf29,1.2726614,0.44140375,0.20313820064438692,0.46907017509322446
Hps1,1.2712983,1.4916161,0.20362256700171844,0.4700123158703768
Btbd7,1.2712423,-0.01506849,0.20364249043765437,0.4700123158703768
Gnl3l,1.2712235,0.28840292,0.20364913189828882,0.4700123158703768
Celsr1,1.2710369,1.4172523,0.20371555517636375,0.4700864251164196
Gan,1.2702339,0.68988526,0.20400135496383576,0.47056952772448796
Ppp1r21,1.2701778,0.6971892,0.20402130536657836,0.47056952772448796
N4bp2,1.2701591,0.8826501,0.20402795581631084,0.47056952772448796
LTO1,1.2698977,0.34077248,0.20412107867641116,0.47070506276162816
Prkaa2,1.2683477,-0.20017484,0.20467379941727315,0.47185153967078497
Ankrd16,1.2683104,1.502569,0.20468713140609307,0.47185153967078497
Ddx56,1.2681236,1.4255592,0.20475380082353145,0.4719258195293373
Tlr1,1.2677501,-0.28592092,0.20488718702962638,0.4720897838166257
Zfp644,1.2677314,0.65597916,0.20489385799807713,0.4720897838166257
Tent4a,1.2674514,1.202677,0.20499394147711247,0.4721436743608505
Pus10,1.2673954,0.6680254,0.20501396243742243,0.4721436743608505
Pgpep1,1.2673767,-0.17038186,0.20502063640676638,0.4721436743608505
Mob3b,1.2667791,-0.10315729,0.20523428683414913,0.47255625708030974
Sema6d,1.266499,-0.32656673,0.20533449116450841,0.47270753301189133
Txlna,1.2663683,1.091789,0.20538126535275392,0.47273577542552564
Aptx,1.2662189,1.6457757,0.20543473104983545,0.472779407925877
Stn1,1.265584,1.4691246,0.20566207311396234,0.47322311079296003
Med7,1.2637539,0.26303637,0.20631837590677105,0.47465352643539266
Setdb1,1.2636418,0.9973778,0.2063586070642135,0.4746638042822371
Slc35g1,1.2635485,-0.13664928,0.20639213738023987,0.4746638042822371
Sgsm2,1.2623533,0.51595104,0.20682167488751368,0.47549201979508937
Cdc26,1.2619238,0.29031816,0.2069761983219398,0.47576743574002944
Rilp,1.2606727,0.72501147,0.20742680933532953,0.4767025472044872
Stom,1.2605419,0.6562766,0.2074739291312211,0.4767025472044872
Vav3,1.2605046,1.4253585,0.20748739335623045,0.4767025472044872
March2,1.2584131,0.78215563,0.20824240195145072,0.4783569595464244
Nob1,1.2580396,1.1790932,0.20837743424313993,0.47858689842934066
Slfn8,1.2562095,3.5593493,0.2090400100023505,0.48002818253975893
Wrap53,1.2553319,2.7584805,0.20935831691098228,0.4806785556695923
Stk11ip,1.2549024,2.5609636,0.20951421198691333,0.4809558820745162
Hdhd2,1.2546035,0.57761335,0.20962271030529567,0.48109043522264716
Abca2,1.2545476,2.6674914,0.209643058268555,0.48109043522264716
Gtf2h2,1.2541741,0.7172299,0.20977874790730444,0.481268991110698
Mzt2,1.2540433,1.9167086,0.20982625429957658,0.481268991110698
Il12rb2,1.2540433,2.3067157,0.20982625429957658,0.481268991110698
Itga2,1.2526988,0.029730577,0.2103153435960139,0.4823100447380968
Ice1,1.2521759,1.3038694,0.21050576761857254,0.48266594416308684
Nfrkb,1.2518772,1.4637314,0.21061463733953512,0.48283476096914846
Fbxo42,1.2516717,1.5265238,0.21068950889874305,0.4829255934269332
Usp21,1.2511302,0.5214232,0.21088698984621523,0.4832973838897873
Nedd4,1.2503833,-0.027360296,0.2111595969992448,0.48384119064888004
Stx18,1.2502338,0.32527664,0.21121414899497082,0.48388525773095326
Vegfb,1.2500658,1.3175659,0.21127553217040007,0.4839449574877915
Kmt2a,1.2499163,0.8984927,0.2113301058206405,0.48398904208337923
Pcsk5,1.2490013,0.17341807,0.2116645918340735,0.48467406119451895
Acsf3,1.2470405,0.8238692,0.2123826357715004,0.48623698363461826
Nbeal2,1.246499,0.68336487,0.21258126240705033,0.4865604795571756
Ormdl2,1.2464616,1.0729259,0.21259496573936154,0.4865604795571756
Smg5,1.2453225,0.81550944,0.2130132238794783,0.4874363065222737
Necap1,1.2452104,-0.16937229,0.21305439609266708,0.4874491026168235
Parp6,1.2442955,0.72461104,0.21339085088735366,0.4881373613552755
Aldh7a1,1.2436979,0.024314925,0.21361078335150707,0.48855888679726994
Gbp9,1.2423533,25.013014,0.21410622931107937,0.48955417298617804
Dhrs9,1.242204,0.528584,0.2141613299816414,0.48955417298617804
Pfdn6,1.2421479,-0.13737519,0.21418199536954774,0.48955417298617804
Tubb2a,1.2421292,0.22127846,0.21418888415176285,0.48955417298617804
Unc119,1.2414943,1.9335722,0.21442319783182162,0.4899262525510267
Zfp715,1.2414943,1.8410081,0.21442319783182162,0.4899262525510267
Dbr1,1.2408407,0.520625,0.2146645960935023,0.4903960257597101
Tmem139,1.239907,-0.33148885,0.21500979051555114,0.4910021166295317
Rbmx,1.2398883,2.0700262,0.21501669848209026,0.4910021166295317
Aqp11,1.2398323,-0.39500982,0.21503742334140075,0.4910021166295317
B3galt4,1.2395523,1.5475854,0.21514106923213927,0.4911569152608412
Kctd3,1.2390667,0.77091175,0.21532080737657544,0.49148534839371605
Kbtbd4,1.238245,1.5370702,0.21562522604023904,0.4919886521669578
Cisd3,1.238189,-0.18953642,0.21564599314130894,0.4919886521669578
Ints10,1.2380209,-0.10893761,0.21570830308818478,0.4919886521669578
Bcl7b,1.2379836,1.6617931,0.2157221515038591,0.4919886521669578
Ttc3,1.2379088,0.93557435,0.21574985025617188,0.4919886521669578
Vamp7,1.2378902,-0.15979405,0.21575677534445858,0.4919886521669578
Nelfa,1.2371433,0.055658594,0.2160339101600659,0.49247246802614264
Nr2c1,1.2371246,1.4278766,0.21604084181292826,0.49247246802614264
Atg7,1.235444,1.2003686,0.21666534649348446,0.49377923214063335
Cramp1l,1.2353879,1.1438196,0.21668618566638598,0.49377923214063335
Nol9,1.2347716,1.0787181,0.21691551176879986,0.49421960938509196
Map3k9,1.2346222,0.9284065,0.21697113226281994,0.4942641356835107
Farp1,1.2326428,0.35282063,0.21770907264995443,0.49574248917998287
Htra2,1.232512,0.34177652,0.2177578680013833,0.49574248917998287
Tiam2,1.2324934,0.7697008,0.21776483940767422,0.49574248917998287
Tcn2,1.2324934,-0.23328398,0.21776483940767422,0.49574248917998287
Cdt1,1.2323253,0.5326056,0.21782758928487478,0.4958029528497731
Foxa1,1.2297297,-0.40878865,0.21879837738500096,0.49792986215523477
Pxylp1,1.2295429,0.27757117,0.21886833789210158,0.4980063492977565
Eef1akmt2,1.2293562,0.6236106,0.21893831446443934,0.4980828475859879
Zbtb17,1.2278435,3.1294749,0.21950571693938925,0.49929077238413294
Ampd2,1.2276754,1.7985749,0.21956882675683942,0.4993514154330511
Hdgfl2,1.2274513,0.6509741,0.21965299343814293,0.4993770345341119
Enc1,1.2271153,0.5864708,0.21977928687452652,0.4995812560446347
Crk,1.2267978,0.34234622,0.2198986118509303,0.4997695723884779
Zfp983,1.226611,2.5358906,0.21996882472586,0.49981119678770364
Peak1,1.226555,2.357451,0.21998989172480676,0.49981119678770364
Men1,1.2263869,0.24128956,0.2200531014077397,0.49985285532501644
Ksr1,1.2263123,0.02236262,0.2200811987825182,0.49985285532501644
Smg8,1.2260882,1.5106429,0.22016550635041632,0.499961451516775
Zfp407,1.225864,1.6207564,0.22024983708531554,0.5000700643136928
Tmem129,1.2257333,0.4118951,0.2202990407135037,0.5000988993827673
Rcor3,1.2254906,0.4149796,0.2203904397981572,0.5001565945404122
Rmdn1,1.2254719,0.38890737,0.22039747162339185,0.5001565945404122
Cacnb3,1.2253225,-0.081907965,0.2204537320185863,0.5002014124966268
Dnajc22,1.2248744,-0.01288015,0.2206225750047457,0.5004187545637444
Kcnk6,1.2245009,-0.36631668,0.22076334831574218,0.5006551683373064
Prps2,1.2235298,0.94968027,0.22112966031546943,0.5014029040585785
Rin2,1.223399,1.2993066,0.22117900479926356,0.5014317997269421
Sh3pxd2a,1.2220732,1.3607688,0.22167994489266907,0.5024843224734558
Terf2ip,1.2213075,1.179956,0.22196959011918638,0.5028912493191423
Srsf4,1.2213075,0.79612035,0.22196959011918638,0.5028912493191423
Nat8f4,1.2213075,1.2701459,0.22196959011918638,0.5028912493191423
Cdpf1,1.2211396,1.266543,0.22203320704460872,0.5029522051109688
Kmt5a,1.2206353,-0.39553046,0.22222413617042447,0.5033014821515648
Eif5b,1.2205045,-0.30908757,0.22227365550057265,0.5033304265054289
Rogdi,1.2192907,0.8942927,0.22273385522433453,0.5042058520445114
Pex12,1.2187866,0.5543114,0.22292521545662103,0.5045556669016534
Pias3,1.2184877,0.9715709,0.22303866961832397,0.5047290673556389
Clns1a,1.2181143,0.73258066,0.2231805454167074,0.5049667171278103
Bspry,1.2178528,-0.50477517,0.22327989688840744,0.5051080890639336
Gtf3c3,1.2168257,0.8156432,0.22367051256239012,0.505824698267538
Slc39a11,1.2159108,-0.27258003,0.22401892707058035,0.5064936823477907
Fgfrl1,1.2158548,-0.352508,0.22404027116989866,0.5064936823477907
Spsb2,1.2150518,0.6507687,0.22434636304384037,0.507101992031119
Zfp281,1.214865,1.9626178,0.22441759002006523,0.5071793109988277
Cxcr3,1.214118,25.03641,0.22470265954462498,0.5076560744989054
Dus1l,1.214118,0.7545786,0.22470265954462498,0.5076560744989054
Nudt22,1.213203,0.14330062,0.2250522222087623,0.5083619858631564
Brwd3,1.2130536,0.47686538,0.22510933053096938,0.508407159293485
Zfp746,1.2126614,1.7043451,0.22525928912269455,0.5086619846680263
Gal3st2,1.2116344,-0.19252859,0.22565237589373743,0.5094656476176999
Abhd14b,1.2109808,-0.27566317,0.22590277686093085,0.5096822818239338
Tbc1d12,1.2109435,1.7728047,0.22591709147567307,0.5096822818239338
Zfp451,1.2108874,1.6772858,0.22593856461169604,0.5096822818239338
Map1s,1.2108874,1.9342989,0.22593856461169604,0.5096822818239338
Ttc39b,1.210794,0.095758796,0.2259743564089034,0.5096822818239338
Prepl,1.210682,0.37064877,0.22601731190706142,0.5096822818239338
Pank1,1.210626,0.67284477,0.22603879184137632,0.5096822818239338
Cwc22,1.2106073,1.8076369,0.22604595214322787,0.5096822818239338
Osr2,1.2101778,-0.23761508,0.2262106837657034,0.5099697823910049
Rnf125,1.2095242,1.5366607,0.22646152665674113,0.5104319520536617
Crem,1.2094495,1.4771581,0.22649020704629264,0.5104319520536617
Cwf19l2,1.209076,0.96594614,0.2266336478628257,0.5106712131119592
Tns3,1.2086278,0.030773805,0.226805862363734,0.5109752202570558
Ppat,1.2080116,1.9822615,0.22704280966474577,0.5113570440857053
Tmem131l,1.2079929,1.6445352,0.22704999264039016,0.5113570440857053
Znrf3,1.2077315,1.0830128,0.227150571313825,0.5114284424419078
Sfi1,1.2076942,0.9042149,0.22716494228852102,0.5114284424419078
Tmem18,1.2076194,1.1004963,0.22719368618258762,0.5114284424419078
Ccdc32,1.2074326,0.95105654,0.22726555726211817,0.5115061827650762
Hibch,1.2069098,0.2870597,0.22746688251051528,0.5118752119569743
Tmem51,1.2063122,-0.18616134,0.22769712412962484,0.512257441786834
Cdc42bpg,1.2062749,-0.29307908,0.22771151974319848,0.512257441786834
Pdcd2l,1.2057147,0.9227651,0.22792753178032443,0.5126011636411669
Nufip2,1.2056212,0.38812688,0.22796354797614593,0.5126011636411669
Hsf1,1.2055092,1.0071687,0.22800677276316506,0.5126011636411669
Rhno1,1.2054906,1.0485615,0.2280139774619906,0.5126011636411669
Fars2,1.2047809,0.8593502,0.22828787621086555,0.5131327160112975
Acsl1,1.2039967,0.7247902,0.22859087896200325,0.5137295016042396
Zyg11b,1.2018678,0.7883545,0.2294147582463777,0.515496504506376
Ticam1,1.2012329,0.17901507,0.229660885176724,0.5158803290574059
Chm,1.2001685,0.71243906,0.23007393106687235,0.5166712897625981
Ctsb,1.200131,-0.15577835,0.2300884334920884,0.5166712897625981
Dcps,1.1995335,1.5707073,0.23032056070899776,0.5171077813361634
Myzap,1.1990854,3.5726454,0.2304947653527386,0.5173391048255925
Xpc,1.198992,2.0393844,0.23053106977308868,0.5173391048255925
Smpd5,1.1989733,4.221183,0.23053833114489852,0.5173391048255925
Ranbp10,1.19888,2.1411898,0.2305746404427057,0.5173391048255925
Wdfy3,1.1985811,0.27795514,0.23069085751115626,0.5174012099230845
Gzf1,1.1985065,0.5082636,0.2307199182823203,0.5174012099230845
Atp5c1,1.198357,1.8555158,0.23077804763000576,0.5174012099230845
Ccser2,1.1982824,0.09927461,0.2308071162066685,0.5174012099230845
Zfp422,1.198245,2.1961744,0.23082165147073597,0.5174012099230845
Kctd12,1.1982263,0.24786678,0.23082891934670746,0.5174012099230845
Slc7a6os,1.1970499,1.2961038,0.23128712343432234,0.5182913016558539
Zbtb2,1.1970125,1.984787,0.23130168016962704,0.5182913016558539
Cpsf4,1.196863,0.93697643,0.23135991361886687,0.5183370100700697
Zbtb18,1.196527,0.5577406,0.23149097695397247,0.5185458443867598
Zranb1,1.1961535,0.4401957,0.23163666471834576,0.5187873641721983
Katna1,1.1954066,-0.06492396,0.2319282355543416,0.5193554800742857
Afmid,1.1950891,1.3803047,0.23205223202853198,0.5195482233683425
Map7d1,1.194977,1.1929401,0.23209600672369401,0.519561322240949
Mthfsd,1.194809,1.2816362,0.23216167975669366,0.5196234296139035
Kcnf1,1.1943982,1.3730358,0.2323222693630862,0.5198979239258871
Exph5,1.1938379,-0.32895356,0.232541382216212,0.5203032723113024
Habp4,1.1936698,1.2078531,0.2326071446569229,0.5203622016571089
Ints9,1.1935765,1.0373679,0.23264368504743005,0.5203622016571089
Stau2,1.1932963,-0.11149238,0.2327533306543348,0.5205224665302622
Amn,1.1929789,1.1228769,0.23287763998861644,0.520712252628137
Atg16l1,1.1928855,1.003929,0.23291421051862948,0.520712252628137
Sowahb,1.1921198,0.26801148,0.233214242528348,0.5212979478933542
Ttc13,1.1918584,0.94680035,0.23331675522764628,0.5214420141303024
Timm10,1.1916903,0.08622411,0.2333826731187456,0.5215042605980778
Ppt2,1.1915036,1.0677727,0.23345593070574133,0.521582884975319
Zc3h12a,1.1903272,0.42350113,0.23391782840841246,0.5225296346315427
Wdr74,1.1898603,0.8741875,0.2341013005271697,0.5228017869595253
Nf2,1.1898229,-0.3259302,0.23411598270048817,0.5228017869595253
Ipo9,1.1894121,0.93706405,0.2342775296711358,0.5230772745264929
Ankrd28,1.1892815,-0.22791156,0.2343289475379513,0.5231068243881266
Tgif1,1.1890199,-0.2943097,0.23443180725433277,0.5232511826953989
Ap3s2,1.188441,0.6842231,0.23465968186341546,0.5236744814348904
Nol6,1.1874514,0.7759441,0.23504963722221983,0.5244592882645622
Tuba1b,1.1870779,0.180213,0.23519690935117343,0.5247024357777359
Cd2bp2,1.1868911,0.07093447,0.23527056990564255,0.5247813102747155
Ptms,1.186555,-0.15137129,0.23540320005110937,0.5249916719355687
Fbxo34,1.1864243,-0.15844837,0.23545479272938374,0.5250212663399345
Gbp4,1.1862562,2.6727078,0.23552113793102236,0.525083741196909
Sugp1,1.1861068,0.5823872,0.2355801225490729,0.5251297883049624
Slc36a1,1.1859201,0.29786974,0.2356538680209167,0.5252087183807644
Morc3,1.1856213,2.8065329,0.23577189475000238,0.5253862976699792
Prelid2,1.1845942,-0.16994967,0.2361779306021098,0.5261298764722914
Btaf1,1.1845568,0.44592252,0.23619270485545685,0.5261298764722914
Ifit3,1.1844262,2.172202,0.23624441988967804,0.5261298764722914
Gtpbp6,1.1843888,2.162068,0.23625919708449172,0.5261298764722914
Lrrc14,1.1841646,2.5589786,0.2363478739809859,0.5262221161869721
Nsun3,1.18409,0.5033447,0.23637743817625012,0.5262221161869721
Fgr,1.1837912,1.6586503,0.23649572110790584,0.5263998991353875
Ccdc84,1.1834177,1.7681614,0.23664363361629226,0.5265744882452971
Tmco6,1.1833991,1.7944651,0.23665103095812368,0.5265744882452971
L3mbtl2,1.1831563,1.2064989,0.23674721127856602,0.5265977772258272
Zfp758,1.1831189,1.5544181,0.23676201070321723,0.5265977772258272
Idua,1.1830816,1.7193085,0.23677681078183177,0.5265977772258272
Ehd1,1.1828948,1.5208898,0.23685082098464516,0.5266768783459891
Hnrnph3,1.1821293,0.57490814,0.2371544337699404,0.5272632250205576
Armt1,1.1820358,1.114216,0.23719147852567124,0.5272632250205576
Mplkip,1.1818118,1.1203905,0.23728040262182493,0.5272638176424318
Gopc,1.1817371,1.194566,0.2373100492211334,0.5272638176424318
Kmt2b,1.1815877,1.3253115,0.2373693502710298,0.5272638176424318
Rad9a,1.181569,1.2842913,0.23737676363834426,0.5272638176424318
Sh3bp5l,1.1815503,1.4553362,0.237384177169235,0.5272638176424318
Larp7,1.1793468,1.3287609,0.23826012256949392,0.5290873877445463
Pvr,1.1792908,0.01877998,0.23828242207181394,0.5290873877445463
Sh3bp1,1.1788613,1.7906027,0.2384534338713783,0.5292955353269414
Bcl9l,1.178357,1.8151593,0.23865429736787813,0.5296555765332789
Snrpd1,1.175612,0.35746667,0.23974998224041277,0.53188517218025
Gpkow,1.1754626,0.77765936,0.2398097129373159,0.53188517218025
Lnx2,1.1754066,0.8013304,0.2398321146530782,0.53188517218025
Cers5,1.1753505,0.77248263,0.23985451784402256,0.53188517218025
Slc25a35,1.1752758,0.058191564,0.23988439106005555,0.53188517218025
Slc35b3,1.1752571,0.68670017,0.2398918597738514,0.53188517218025
Slc35e3,1.1744541,0.74055755,0.24021316954574434,0.5325113952713103
Mocs1,1.1740806,0.7113376,0.24036271924108032,0.5327202613602301
Eef2k,1.1740246,0.27203077,0.24038515735247756,0.5327202613602301
Eif4e3,1.1738939,1.871415,0.24043751868516783,0.5327501222686073
Pigf,1.1737632,0.047085837,0.24048988805333316,0.5327799913212588
Fkbp4,1.1735392,-0.27723792,0.24057968280879793,0.532892749309706
Galnt3,1.1731097,-0.14127153,0.24075185543811461,0.533187911332391
Gars,1.1728855,0.0008345914,0.2408417190816936,0.5332974496709207
Zbtb25,1.1727922,4.8221073,0.24087916923822317,0.5332974496709207
Pdcd11,1.172456,1.746669,0.24101402376040248,0.5335097956887243
Angel2,1.1717651,24.00098,0.24129139166504654,0.5340010182458733
Rnf121,1.1717091,-0.17787528,0.24131389080001475,0.5340010182458733
Serpina3g,1.1708874,2.1759603,0.24164404781022364,0.5346452608204237
Polr3b,1.1705513,2.3758028,0.24177920363091632,0.5348380147056059
Nasp,1.1704766,0.6155669,0.2418092454807681,0.5348380147056059
Slc9a9,1.1701591,3.2807417,0.24193695264741122,0.535034100285639
Pik3r3,1.1698977,-0.14288613,0.24204215888309688,0.5351705667388627
Ankrd37,1.1697669,2.0356638,0.24209477406934155,0.5351705667388627
Tmem109,1.1696548,0.117063604,0.24213987920438929,0.5351705667388627
Cpeb2,1.1696175,-0.28537363,0.242154915563081,0.5351705667388627
Dedd,1.1694494,-0.17040072,0.2422225873058328,0.5352337816274048
Mthfd1,1.1690013,0.86011904,0.24240311032007134,0.5355463008200254
Rusc1,1.1687772,1.3144771,0.24249340730316482,0.5356594131011542
Ankhd1,1.1684971,1.2409364,0.24260631179406766,0.5357693018546721
Ctnnbl1,1.1684598,0.5540887,0.2426213685187143,0.5357693018546721
Tmem170,1.1678061,-0.14758171,0.2428849675731839,0.536195178290217
Nfkbiz,1.1677874,-0.07215752,0.24289250193205014,0.536195178290217
Zwint,1.1676193,0.9474228,0.2429603185557654,0.5362584765931989
Ip6k2,1.1675074,0.4287446,0.2430055370323917,0.5362718842370757
Rcn2,1.1669658,1.1696595,0.2432241763994275,0.5366679363298691
Taf1b,1.1667978,1.3609331,0.24329205809864385,0.5367312714897617
Zfyve16,1.1662375,0.34525722,0.2435184265822804,0.537144170693486
Dnajc24,1.1651918,0.96602285,0.24394137694577978,0.5379904803858955
Zfp532,1.1646315,1.0256029,0.24416816961304122,0.5384039793495357
Tjap1,1.1642207,0.8773206,0.244334578309362,0.5386842167425586
Bud13,1.16409,1.1199851,0.2443875432259347,0.5387142948021408
Nectin1,1.1636978,0.8434032,0.2445464863382234,0.5389779380363032
Tsr1,1.1630442,0.16218993,0.24481155275319177,0.5394753535014842
Oat,1.1627082,0.12216457,0.24494795110990386,0.5396190329518791
Pde8a,1.1626894,0.9189247,0.24495553035968876,0.5396190329518791
Gch1,1.1625774,0.21698946,0.24500100931427815,0.5396324481681046
Rbbp8,1.1621666,0.8148011,0.24516781617011774,0.539913049595019
Pea15a,1.1614943,3.608584,0.24544094467997335,0.5404276666852514
Pigh,1.1597203,0.30852014,0.24616272495236657,0.5419298299610191
Foxa3,1.1594962,-0.35791853,0.24625400292537514,0.5420436761050192
Klhl6,1.1591413,5.1676416,0.2463985748938422,0.5422345707042371
Zfp790,1.1589919,2.7300508,0.24645946509308647,0.5422345707042371
Ranbp6,1.1589919,2.1890361,0.24645946509308647,0.5422345707042371
Dstyk,1.1582077,3.0568445,0.2467793116337298,0.5428510869271191
Dock7,1.1578715,0.48013976,0.2469164777023598,0.5429181669090065
Ube2e1,1.1578529,0.4333147,0.24692409960506612,0.5429181669090065
Fam172a,1.1577969,3.5820618,0.2469469663020003,0.5429181669090065
Bmp8a,1.1576661,0.2119144,0.24700032769638236,0.5429181669090065
Rcn1,1.1576474,24.863394,0.24700795141195897,0.5429181669090065
Zfp398,1.1570872,3.261691,0.24723673952081615,0.543297014101734
Dab2ip,1.1570312,-0.45129588,0.24725962649082567,0.543297014101734
Prpf3,1.1565644,1.946029,0.24745040893777792,0.5435352597383827
Rev3l,1.1565269,0.21536039,0.24746567598467883,0.5435352597383827
Dis3l2,1.1564523,2.3169782,0.24749621205687855,0.5435352597383827
Fbxo46,1.1563776,1.7204902,0.2475267507669905,0.5435352597383827
Nsrp1,1.1554812,0.5448433,0.24789342106635814,0.5441659779857565
Rptor,1.1554812,1.2454388,0.24789342106635814,0.5441659779857565
Nkiras1,1.1553319,1.7947595,0.2479545697214487,0.5441929405250009
Itm2a,1.1552571,2.7162876,0.24798514800712268,0.5441929405250009
Sars,1.1549584,1.413197,0.24810748753867462,0.5443742119282259
Tkt,1.1546595,-0.12712882,0.24822986929513402,0.5445555179092612
Zfx,1.1540806,1.4972281,0.24846710412143203,0.5449853917587142
Cebpd,1.1539873,-0.109303564,0.2485053826508531,0.5449853917587142
Rad17,1.1529789,0.478011,0.24891905361625677,0.5457851010108797
Il1r1,1.1529042,-0.002720137,0.24894971505233487,0.5457851010108797
Asb6,1.1526427,1.2862881,0.24905705087381957,0.5459330555154125
Shmt2,1.1517837,0.5678029,0.24940995349877226,0.5466191590038681
Nit1,1.1510367,-0.3026839,0.2497171093001347,0.5471846153722921
Fam83g,1.1509621,-0.1818344,0.24974783941043377,0.5471846153722921
Spats2l,1.1503085,-0.21848127,0.2500168405825133,0.5476493571830543
Nanp,1.1502525,0.9477542,0.2500399072394164,0.5476493571830543
Unc45a,1.1500283,1.0133702,0.2501321887318798,0.5477639043521025
Atxn1,1.1492814,-0.02317217,0.25043996549486014,0.5482255813835445
Lsg1,1.1492254,1.0365776,0.2504630594072704,0.5482255813835445
Naa25,1.1492254,0.8479237,0.2504630594072704,0.5482255813835445
Tbc1d32,1.1486838,0.5766144,0.25068637722143106,0.5485189254224047
Taf11,1.1486092,0.80982697,0.25071719058358377,0.5485189254224047
Gpr180,1.1486092,-0.038211264,0.25071719058358377,0.5485189254224047
Zxdb,1.1478622,0.7862791,0.25102546962384087,0.5491056895811305
Myof,1.1471152,0.70292044,0.25133401310009074,0.5496928447431741
Mcm7,1.1468538,0.7315015,0.2514420657998797,0.5498413888999764
Lysmd4,1.1464056,0.68915755,0.25162737438603233,0.5501587981309676
Polr2i,1.1459013,0.25724557,0.2518359603818098,0.5505269917393959
Cd72,1.1453785,2.045664,0.2520523991135084,0.5509122316297168
Mgat4a,1.1446129,-0.41219476,0.2523695611988871,0.5514802350301461
Ankrd12,1.1429882,2.1395423,0.2530434848003813,0.552725724133486
Limd1,1.1426147,0.0653568,0.25319858682290297,0.5528305557588998
Tmprss2,1.1425587,-0.36966443,0.2532218578361669,0.5528305557588998
Kiz,1.1425027,0.26744056,0.25324513033903084,0.5528305557588998
Polr3f,1.1424841,2.8343482,0.2532528881710113,0.5528305557588998
Zhx2,1.1421852,1.1994649,0.25337703599322214,0.5530134448155398
Zfp574,1.1418304,1.6203634,0.25352451657029884,0.5532065050974653
Rexo4,1.1416997,0.5344937,0.2535788665838842,0.5532065050974653
Dcaf6,1.1416811,0.011577672,0.2535866315337286,0.5532065050974653
Arntl,1.141513,-0.05189695,0.25365652353216983,0.553267495628908
Fbxo30,1.1414195,1.803546,0.25369535821465694,0.553267495628908
Zcchc14,1.1411768,-0.11052305,0.2537963477600532,0.5533962768310754
Sh3rf2,1.1410835,-0.37391818,0.25383519734353854,0.5533962768310754
Fam241b,1.140766,-0.38292167,0.25396731689072494,0.5535962197936247
Trim39,1.1405232,1.557469,0.2540683817754633,0.5537284171689226
Frat2,1.1380769,1.1479812,0.25508836709077976,0.5558629917518184
Cep19,1.137442,-0.05016922,0.25535356083774396,0.5563489095639484
Bclaf3,1.1373487,1.0440675,0.25539257607647237,0.5563489095639484
Hook3,1.1365457,0.8100966,0.2557282781813822,0.5569916392821838
Cbx5,1.1356119,0.23326792,0.2561190148904853,0.5577540143060957
Prorp,1.1348463,0.77108634,0.2564397283091757,0.5582749527785964
Pnpla2,1.1348463,-0.2354762,0.2564397283091757,0.5582749527785964
Abt1,1.1345475,0.820237,0.2565649603871091,0.5584588429144255
Cdhr5,1.1343981,0.07918976,0.2566275923481013,0.5585064360872101
Lgalsl,1.1340433,0.08006604,0.25677638580000006,0.5587415002318934
Unk,1.1328669,0.68685657,0.25727018205308205,0.5597270913335277
Tmem63b,1.13268,-0.36921313,0.2573486229689458,0.5598088495831307
Nt5m,1.1325494,0.643984,0.2574035414831032,0.559839421863552
Mocos,1.1319331,0.33353117,0.25766255257456283,0.5603138048050017
Tgds,1.1309434,0.46871668,0.2580789183317055,0.5611301668218323
Scmh1,1.1304952,0.65874356,0.25826761469876225,0.561451336301657
Dnajc1,1.1301217,2.353248,0.2584249347215618,0.5616492995176989
Chpf,1.1300844,2.5415752,0.2584406703766112,0.5616492995176989
Zfp64,1.1298976,0.59982955,0.2585193586144452,0.5617311995270261
Adnp2,1.1294495,0.7019481,0.2587082781345479,0.562014749843149
B3gat3,1.1293935,0.5682355,0.25873189980005407,0.562014749843149
Nol11,1.1283664,2.493803,0.2591652285688105,0.5628667773292175
Zfp397,1.1280676,2.2098856,0.2592913821922541,0.5630515035717042
Calhm2,1.1278808,2.7367566,0.2593702498026489,0.563133505910664
Pced1b,1.12747,2.4959416,0.25954381702436125,0.5633624456774747
Smug1,1.127414,1.9888123,0.25956749151218517,0.5633624456774747
Rdh13,1.1273392,-0.119675785,0.25959905982203635,0.5633624456774747
Psph,1.1270592,1.6480478,0.25971746466099244,0.563509410087661
Tsen34,1.1269845,-0.31590354,0.2597490455988014,0.563509410087661
Ltv1,1.1261628,1.2248464,0.2600966113963453,0.5641740937507808
Cog7,1.1259013,1.2771813,0.26020726798733973,0.5643247698949745
Clip1,1.125696,-0.25673306,0.2602942353053097,0.5644240303391489
Rab12,1.1250798,0.3458814,0.26055525793665935,0.5649006225244869
Pmf1,1.1247063,0.023490954,0.26071354157697535,0.5649648192730635
Adsl,1.1246315,0.30392885,0.2607452062851334,0.5649648192730635
Naaladl1,1.1245382,-0.005828201,0.2607847909111598,0.5649648192730635
Lrrc28,1.1245195,0.28339934,0.26079270833514945,0.5649648192730635
Nomo1,1.1244448,0.17768507,0.2608243796937474,0.5649648192730635
Asns,1.1244261,-0.05627063,0.2608322979490604,0.5649648192730635
Tanc1,1.1240714,0.35267395,0.26098277639153733,0.565201396864379
Bcas3,1.1239033,1.0391295,0.26105407660482416,0.5652664532141759
Stk38l,1.1236604,0.25367567,0.2611570895810075,0.5653208949780545
Kptn,1.1235858,1.2227522,0.26118879153538477,0.5653208949780545
Rpgr,1.1234738,1.0089098,0.26123634945595253,0.5653208949780545
Gmnn,1.123455,1.0925905,0.26124427635810676,0.5653208949780545
Tmtc2,1.123287,0.10621595,0.261315625961291,0.5653310154169515
Lias,1.1232497,0.39626378,0.26133148325806965,0.5653310154169515
Gpam,1.1226147,0.8885643,0.2616011590913506,0.5658250520289712
Repin1,1.1223906,0.7505178,0.26169638470481316,0.5658523469785259
Cemip2,1.1223906,1.0005785,0.26169638470481316,0.5658523469785259
Elmo3,1.121401,0.5576334,0.2621172510451393,0.5666729271450857
Usp10,1.1210648,0.2502125,0.2622602930972563,0.5668927130691719
Cacybp,1.1209527,0.07709378,0.2623079857616447,0.5669063582480727
Osbpl6,1.1203365,0.8085048,0.262570402498847,0.5673839927814202
Spry1,1.119104,0.45172322,0.26309577970669384,0.5684296139381336
Pias4,1.1189545,-0.14335608,0.2631595110638182,0.5684776571388063
Dkc1,1.1177968,0.5900393,0.263653790362549,0.5694556090126
Lpar5,1.1171246,0.7250432,0.2639410849755951,0.5699862648432618
Fxr2,1.1169192,0.17063636,0.26402891249095994,0.5700860679473839
Galnt5,1.116639,-0.32300052,0.2641487097624775,0.5702548571928683
Pgs1,1.1160041,0.3686417,0.26442038899470843,0.5707514304754223
Zbtb22,1.1153692,0.48719248,0.26469226080005515,0.5712482629112721
Icam2,1.1147902,4.2106986,0.2649403117745225,0.5716935377714535
Sprtn,1.1144542,0.5902262,0.2650844148551369,0.5718416286662191
Lig3,1.1144354,0.5249871,0.26509242216490203,0.5718416286662191
Pikfyve,1.1137258,1.8565422,0.2653968234245093,0.5724081361643226
Rasgrp2,1.1135578,2.1434646,0.2654689537086846,0.5724735818997292
Csgalnact2,1.1121945,1.6492324,0.2660545093576252,0.5736385534188765
Xpr1,1.1120825,0.08486564,0.2661026767290612,0.5736385534188765
Asb3,1.1120079,1.0693101,0.2661347916445532,0.5736385534188765
Epop,1.1116717,0.05946189,0.26627934177738755,0.5738598367705222
Eri1,1.1112982,0.46623784,0.2664400163981204,0.5741157950069598
Mcrip2,1.1109434,-0.113854624,0.2665927190704368,0.574354497761438
Trip4,1.1103644,0.4301217,0.26684199478257953,0.5748011522832295
Pcyox1,1.109823,-0.4385513,0.2670753332956498,0.5752133416365984
Slc35c2,1.1095055,1.140665,0.26721218316161555,0.5753197276921382
Cdk7,1.1093374,0.9882616,0.2672846526081215,0.5753197276921382
Mphosph6,1.1093187,0.96012384,0.26729270560295326,0.5753197276921382
Xrcc6,1.1080862,1.0256951,0.2678245721409873,0.5760593182059978
Tmem39b,1.1080489,1.047866,0.2678407006548078,0.5760593182059978
Ap4m1,1.1079369,0.3354323,0.2678890902011207,0.5760593182059978
Gng10,1.1079181,0.44129673,0.2678971557095535,0.5760593182059978
Lsm1,1.1078248,0.8928592,0.2679374857548177,0.5760593182059978
Dhrs7,1.1076567,0.8276148,0.2680100903495115,0.5760593182059978
Oxr1,1.1075634,0.7745046,0.2680504320762708,0.5760593182059978
Ppp1r14b,1.1075634,0.88127387,0.2680504320762708,0.5760593182059978
Cnbp,1.1075073,0.8101007,0.268074639114936,0.5760593182059978
Siah1a,1.1074886,0.95729303,0.26808270846159654,0.5760593182059978
Cyb5r1,1.1074513,0.8535691,0.2680988476555797,0.5760593182059978
Pin1,1.1067231,0.847598,0.26841369537179305,0.5766453860112224
Ddit3,1.1065923,0.8038251,0.2684702333722747,0.5766764185011232
Btbd2,1.1064802,0.055173844,0.2685187010253227,0.5766901088018375
Ipo13,1.1057333,0.7660581,0.26884197228656614,0.577293890333222
Mfsd6,1.1049117,-0.40873775,0.26919787919273663,0.5779675513149181
Nagpa,1.1045568,0.6062327,0.2693516661967409,0.5782071179716938
Gtpbp10,1.1044074,0.5044934,0.2694164366537132,0.5782555510192496
Kti12,1.1040152,0.6518395,0.2695865099528093,0.5785299477370751
Slc17a9,1.1036792,-0.3872597,0.2697323456844698,0.5787522530739603
Bcl6,1.1034924,3.0638072,0.26981338891726336,0.5788354882816329
Map3k5,1.1031189,0.6174478,0.26997552548981407,0.5790641836567262
Cd44,1.1030256,1.012993,0.27001607007235084,0.5790641836567262
Tppp3,1.1028762,-0.17257941,0.27008095009033994,0.5790641836567262
Shroom2,1.1028575,-0.12981556,0.27008906084426865,0.5790641836567262
Lage3,1.100766,3.2392197,0.2709985224687729,0.5809019517327643
Arhgap25,1.1006913,4.1540976,0.27103104200553496,0.5809019517327643
Zfp326,1.1003178,0.14037329,0.27119367979706377,0.5809778597685338
Bnip2,1.1003178,2.1852522,0.27119367979706377,0.5809778597685338
Acyp1,1.1003178,2.574624,0.27119367979706377,0.5809778597685338
Zdhhc16,1.1002058,0.4982044,0.2712424841699974,0.5809915624029025
Cadps2,1.0999069,2.6038783,0.27137265857933845,0.5811583872270889
C87436,1.0998323,1.9264898,0.2714052088670741,0.5811583872270889
Mfap1b,1.0996455,2.5883646,0.2714865962862798,0.5811995844569083
Rufy3,1.0995709,-0.4153373,0.2715191559340089,0.5811995844569083
Bicd2,1.0994961,1.4540664,0.27155171825610736,0.5811995844569083
Zbtb41,1.0990293,0.32720932,0.27175529336276716,0.5815444422164808
Def8,1.0988052,0.09013108,0.2718530465240815,0.581662773290632
Pip5k1a,1.098525,1.7623993,0.2719752718282402,0.5817774438519465
Ftsj1,1.0984877,1.3135772,0.27199157137749763,0.5817774438519465
Pola2,1.0980769,1.0667102,0.27217091055649867,0.5820701646306637
Matn2,1.0975914,0.38110715,0.27238296118926053,0.5823418489845302
Sdad1,1.0972925,1.5878466,0.2725135100683873,0.5824529611607754
Arhgef11,1.0971992,-0.20045675,0.27255431537203734,0.5824529611607754
Nxt2,1.0966203,1.2426488,0.2728074015676868,0.5827872718416806
Selenbp2,1.0965083,0.9101028,0.2728564045558176,0.5827872718416806
Btc,1.096471,1.1242317,0.27287274022314034,0.5827872718416806
Pold1,1.0964335,1.7129668,0.27288907655944383,0.5827872718416806
Abcb8,1.0957426,1.3129576,0.2731914194541101,0.5833420272009521
Riok2,1.095033,0.11566582,0.2735021721348696,0.5837352144814782
Mbd5,1.0949023,0.96643394,0.27355944239687024,0.5837352144814782
Gtdc1,1.0947902,0.98260415,0.27360853771729743,0.5837352144814782
Bod1,1.0947156,0.7307556,0.2736412712768397,0.5837352144814782
Ydjc,1.0946596,0.057440974,0.27366582320313215,0.5837352144814782
Fos,1.0945848,-0.42094386,0.27369856144706595,0.5837352144814782
Tigd2,1.0944542,1.0569646,0.2737558598151295,0.5837352144814782
Nacc2,1.0944542,0.61842364,0.2737558598151295,0.5837352144814782
Acp2,1.0943981,-0.094566435,0.2737804187681756,0.5837352144814782
Stk39,1.0942487,0.6149387,0.27384591667124514,0.5837352144814782
Ttc32,1.09423,0.2664008,0.2738541046620313,0.5837352144814782
Tm2d1,1.0941553,0.96557856,0.27388685829831694,0.5837352144814782
Cep57,1.0936698,0.8643679,0.2740998221889377,0.5840982367379758
Tesc,1.0933337,1.2293364,0.27424732499083926,0.584244731586692
Mettl21a,1.0932403,0.8423413,0.27428830761330447,0.584244731586692
Oaf,1.0932217,0.76376563,0.274296504639825,0.584244731586692
Lrrc57,1.0925868,0.8481201,0.27457530311473477,0.5845798576942999
Il18,1.0925493,-0.06802876,0.27459170904986785,0.5845798576942999
Rnf185,1.0924747,0.8323593,0.2746245229285047,0.5845798576942999
Tmem39a,1.0924747,0.8201435,0.2746245229285047,0.5845798576942999
Fiz1,1.0921385,0.8661443,0.27477221852135625,0.5848033856987076
Them6,1.0918771,3.4070237,0.2748871303634063,0.5849570807671118
Kdf1,1.0905325,-0.0045828456,0.2754786238038275,0.5861247314975053
Piga,1.0903084,-0.1168895,0.27557729041961887,0.5862436147125433
Polr3d,1.0894308,3.1091433,0.2759639668145927,0.5867682439034281
Pls3,1.0894121,-0.19483353,0.27597219799065154,0.5867682439034281
Siae,1.0894121,0.70798606,0.27597219799065154,0.5867682439034281
Blcap,1.0893,0.11401193,0.2760215885635866,0.5867682439034281
Alg11,1.0892627,0.48078752,0.2760380534275616,0.5867682439034281
Dennd2d,1.0890386,0.062257078,0.27613685667817456,0.5868101523958319
Nol8,1.0890199,1.8725442,0.27614509137090937,0.5868101523958319
Nod1,1.0889266,1.729328,0.276186267346593,0.5868101523958319
Slc25a25,1.0885904,0.4681545,0.27633453552567955,0.5869431219692729
Cdc42bpb,1.0885904,-0.49620464,0.27633453552567955,0.5869431219692729
Lysmd2,1.0880862,2.9883225,0.2765570395387037,0.5873246693040212
Clybl,1.0878808,-0.32722428,0.2766477243272776,0.5874261970371517
Marcks,1.0876755,0.5938527,0.2767384293832329,0.5875277363319837
Trim35,1.087526,4.3475018,0.2768044094269806,0.587576760016987
Zswim5,1.087358,2.9962804,0.27687864979065047,0.5876061975967826
Inava,1.0872833,-0.5482573,0.2769116498631716,0.5876061975967826
Zfp318,1.0870965,2.5663424,0.2769941617706575,0.5876061975967826
Tsnax,1.0869471,0.16680998,0.27706018335813887,0.5876061975967826
Erf,1.0868725,0.49901325,0.27709319817246914,0.5876061975967826
Laptm4a,1.0865363,-0.25243258,0.27724179800785265,0.5876061975967826
Prkrip1,1.086443,2.1664064,0.27728308537313584,0.5876061975967826
Sipa1l2,1.0862375,1.9144076,0.2773739323203107,0.5876061975967826
Rnaseh2a,1.0861255,0.3958582,0.27742349374534037,0.5876061975967826
Gcnt4,1.0861255,3.3926053,0.27742349374534037,0.5876061975967826
Dhrs3,1.0860881,-0.479385,0.27744001556072995,0.5876061975967826
Map2k6,1.0860507,0.4956789,0.2774565380463162,0.5876061975967826
Zfp120,1.0860507,1.9013858,0.2774565380463162,0.5876061975967826
Hira,1.0859574,1.756924,0.2774978471924193,0.5876061975967826
Sowahc,1.08592,-0.17035311,0.27751437202372664,0.5876061975967826
Glrx3,1.0858641,0.4454091,0.2775391605273425,0.5876061975967826
Ulk3,1.0858454,1.6310315,0.27754742369699126,0.5876061975967826
Chst11,1.0855092,1.4163909,0.27769618940322427,0.5878303144042294
Atp11c,1.084893,0.5032794,0.2779690675395583,0.5883170439196584
Nat10,1.0844635,1.7910542,0.2781593632532995,0.5886288657043872
Nfx1,1.0841086,0.46452805,0.27831663092995007,0.5888498366971648
Yaf2,1.084034,0.46366274,0.2783497476241489,0.5888498366971648
Rpap1,1.0837538,1.1894201,0.2784739591114329,0.5890216519726156
Lss,1.0829135,0.91594815,0.27884681985763893,0.5896424190915698
Tfpi2,1.0828762,0.31111264,0.2788633993248947,0.5896424190915698
Plce1,1.0828015,0.109910585,0.27889656027104903,0.5896424190915698
Fam13b,1.0825586,1.4268429,0.27900435187027917,0.5897792965009759
Dnajc11,1.0822786,-0.018507412,0.2791287619979981,0.5899512556884563
Ap3m1,1.0821666,0.20374563,0.27917853661109937,0.5899654406250288
Bod1l,1.0812702,0.95756656,0.2795769508063567,0.590716259415035
Polk,1.0809714,1.0601461,0.2797098413871283,0.5909059101007953
Map3k10,1.080766,0.9399451,0.2798012285627963,0.5909518264718223
Ing5,1.0807287,1.0679955,0.27981784659289866,0.5909518264718223
Klc2,1.0802058,0.87669873,0.2800505694472716,0.59135215804988
Egr1,1.0798136,0.57202566,0.2802251978726431,0.5915954163584796
Fam53c,1.0797015,0.214484,0.2802751052933443,0.5915954163584796
Nedd1,1.0795522,0.7872189,0.2803416579132765,0.5915954163584796
Zdhhc17,1.0795335,0.86179173,0.28034997774551984,0.5915954163584796
Nop56,1.0794401,0.87966174,0.2803915794226084,0.5915954163584796
Slc25a28,1.0793654,0.7427448,0.2804248637833552,0.5915954163584796
Abhd13,1.0790106,-0.2342664,0.28058300114610457,0.5918378931026378
Ercc6,1.0788798,0.69929975,0.28064127754369617,0.5918696894009602
Hsd3b7,1.0780768,-0.15524922,0.2809994414565232,0.5925338383799242
Nr1d1,1.0777034,0.27161542,0.28116613501028753,0.5927940981287995
Naaa,1.0774419,0.77871186,0.28128286042712713,0.5929489441224253
Proser1,1.0761161,0.592552,0.2818753313357112,0.5940854747782681
Rab29,1.0760415,0.6081635,0.2819087351484322,0.5940854747782681
Tmem56,1.0754066,-0.15987834,0.28219277596610914,0.5945925916234536
Trit1,1.0752198,0.6594372,0.28227635430434506,0.5946772341949143
Fyco1,1.0747342,3.530037,0.2824937365303507,0.5950436947210647
Mdc1,1.0729041,2.4923115,0.28331412019077484,0.5965882948991109
Eral1,1.0722692,2.3870635,0.28359911981222796,0.5970966561284038
Klre1,1.0721198,4.1016912,0.283666206753705,0.5971461328404669
Zkscan14,1.0718584,2.5000942,0.28378363475898216,0.5973015511135437
Zbtb40,1.0717276,2.714218,0.2838423611031019,0.5973333866532252
Fbxl8,1.0713729,1.9220057,0.2840018026555241,0.597577130453184
Nif3l1,1.0709994,1.3832325,0.2841697013588643,0.5978385916180039
Casp9,1.0708873,2.0648005,0.2842200840684246,0.5978527793240315
Rabl3,1.0706259,0.5414643,0.2843376672351017,0.5980082961499682
Mnt,1.0705138,1.523926,0.2843880700972018,0.5980224958298794
Rrm2b,1.0703645,2.1304972,0.2844552833181818,0.5980509202460538
Ormdl1,1.0702897,1.5698185,0.2844888939593819,0.5980509202460538
Gpatch2l,1.069991,1.3446933,0.2846233633962194,0.5982418040086231
Foxred1,1.0697669,-0.014208159,0.28472424369024907,0.5982845104779957
Thoc1,1.0697483,1.2243216,0.28473265147315074,0.5982845104779957
Ddx27,1.0696548,1.3013654,0.284774692907081,0.5982845104779957
Zc3hc1,1.0692813,1.6081368,0.28494290063407024,0.5984720197979534
Auts2,1.0692627,-0.14901431,0.28495131278409125,0.5984720197979534
Snx4,1.0690572,1.3551179,0.28504385752055605,0.5985746241618053
Twistnb,1.0689079,1.2100458,0.28511117554961674,0.5986242306559003
Tonsl,1.0682917,1.3031735,0.28538897606017033,0.5990701395469668
Phb,1.0682356,0.99957985,0.28541423972346514,0.5990701395469668
Slc39a10,1.0681049,1.3503957,0.2854731941509896,0.5990701395469668
Pick1,1.0680488,-0.008673739,0.28549846285417124,0.5990701395469668
Zfp266,1.065864,0.57620764,0.2864851217400667,0.6009740982255024
Baz2b,1.0658454,1.0659425,0.28649356463582165,0.6009740982255024
Rnmt,1.0656586,0.78627586,0.28657800283601953,0.6009848969616236
Suco,1.06564,0.24655792,0.28658644758031293,0.6009848969616236
Ece1,1.0654345,-0.45975682,0.2866793508590153,0.6010877114736012
Adamtsl5,1.065061,0.06483688,0.28684831800884414,0.6013499551218309
Timm9,1.0643514,0.81324476,0.28716954080227797,0.6019312590255826
Cars,1.0634924,-0.30066597,0.28755871417685064,0.6025803524507424
Snx20,1.0634737,0.047177132,0.2875671784177338,0.6025803524507424
Plcb1,1.0627455,0.7090806,0.2878974149315847,0.603180086337775
Arl14,1.0621479,0.4595032,0.2881685691991043,0.6036558712580624
Tmem161b,1.0615503,0.72449434,0.28843989562568095,0.604131871284487
Cpm,1.0610087,0.0086365575,0.2886859339158555,0.6045547683655182
Wdr36,1.0602057,0.24546094,0.2890510096058435,0.6052267815375296
Xiap,1.0595708,4.0228724,0.2893398942286681,0.6055789295116246
S100a16,1.0594587,-0.4709192,0.2893908940486202,0.6055789295116246
Klc1,1.0594027,0.56438726,0.2894163962289874,0.6055789295116246
Map3k7,1.0593841,2.7008114,0.28942489729213317,0.6055789295116246
Ces2c,1.059272,-0.047934912,0.2894759072027786,0.6055789295116246
Abcf3,1.0592533,0.521935,0.28948440944318465,0.6055789295116246
Sdccag8,1.0588238,24.091166,0.28968000739134525,0.6058955879788442
Prpsap2,1.0584503,3.0619912,0.28985016488510684,0.6061589465617407
Tstd2,1.0576288,-0.24572876,0.29022474819667676,0.6067143527989236
Atg16l2,1.057498,2.9029386,0.2902843710214057,0.6067143527989236
Ugt2b5,1.0574793,0.5430967,0.2902928892406529,0.6067143527989236
Caskin2,1.0565083,0.3737664,0.29073606845045785,0.6075479160724943
Vldlr,1.0563215,0.030035684,0.29082134737244536,0.6076334389206194
Vps8,1.0559667,0.95228773,0.29098342367377883,0.6078793693703523
Ggt6,1.0549396,0.13613892,0.29145293429821895,0.6087673730577221
Galnt11,1.0547903,0.38523144,0.2915212691534016,0.6088172846648784
Gnl1,1.0546595,1.2974861,0.2915810709855825,0.6088493632834142
Scfd2,1.0543607,1.3870851,0.291717791849049,0.609042021995119
Banf1,1.054174,0.103431195,0.2918032642640518,0.609124054374115
Arfgef2,1.0540806,1.3671293,0.2918460067818752,0.609124054374115
Tapt1,1.0539685,0.93366724,0.29189730335642317,0.6091383177430308
Tom1,1.0536138,-0.1900251,0.29205978247586695,0.6093452967855193
Ift43,1.0535578,1.2065076,0.29208544262704417,0.6093452967855193
Plekhm2,1.0532776,1.1200271,0.2922137661018117,0.6095201881234501
Cry2,1.0527548,-0.2282599,0.292453404567103,0.6099271795660391
Rexo1,1.0525306,0.3613014,0.29255614715826583,0.6100485869205847
Plekha7,1.0522132,0.02145484,0.29270174064962107,0.6102592979607074
Acad10,1.0519705,0.8866266,0.2928131096692643,0.6103986004974014
Fbxo32,1.0507566,0.083089344,0.29337038145783745,0.6114672487406623
Galt,1.0501964,-0.26229125,0.29362782369345675,0.6119107369334282
March5,1.0498602,0.78069526,0.2937823617588776,0.6121396739310454
Rfc1,1.0495428,0.5706362,0.2939283644601567,0.6123507592919931
Cryz,1.0492253,0.5574756,0.2940744158159315,0.6125618818121121
Zscan21,1.0490947,0.68010163,0.29413456875162525,0.6125940395100739
Lrp12,1.0488892,-0.48009512,0.2942291114613004,0.612697800124611
Hspa13,1.0478061,-0.12547033,0.29472794629324095,0.6136432924342555
Fam126b,1.0472646,0.48529425,0.29497757612007736,0.6140697147614435
Ndst1,1.0464056,0.51234585,0.29537383115017046,0.6147616134866986
Nfil3,1.0463495,0.48368558,0.2953996862469297,0.6147616134866986
Nlrc4,1.0461441,0.31118608,0.29549450123562726,0.6148655326439997
Xylt2,1.0453784,1.9782168,0.2958480820832555,0.6155077789735156
Rpp14,1.045061,0.4904753,0.2959947718059852,0.6157194615460063
Sema3b,1.0445569,-0.2720098,0.29622784964557325,0.6160172343874246
Dcaf5,1.0445569,1.3599113,0.29622784964557325,0.6160172343874246
Mphosph8,1.0437351,1.939607,0.29660794329199425,0.6167140420549888
Ubc,1.0435485,-0.050314892,0.2966943736906469,0.6167784285787232
Wdr61,1.0434737,0.5403979,0.296728950566596,0.6167784285787232
Sirt1,1.042652,1.8380696,0.29710947408646626,0.6174756970547007
Ttf1,1.0423533,1.3390242,0.29724792713478276,0.6176697408989116
Ormdl3,1.0422412,2.045174,0.29729985814643356,0.6176839636951986
Pwwp2b,1.0419611,0.32076222,0.2974297122089271,0.6178600541716909
Gorab,1.0415316,0.19549052,0.2976288953926415,0.6181223605235688
Coa7,1.0414943,1.248553,0.2976462198813127,0.6181223605235688
Snx29,1.0407286,1.0421294,0.2980015204130272,0.6185969091672195
Cyp2s1,1.04071,-0.440523,0.2980101898177846,0.6185969091672195
Il12rb1,1.0400937,2.0898294,0.29829637469693615,0.6190573899207522
Hbegf,1.0400376,1.1541393,0.29832240060268655,0.6190573899207522
Spout1,1.0396829,0.8065773,0.29848726655483326,0.619229929120854
Tyw1,1.0396641,1.1358098,0.2984959453951912,0.619229929120854
Med16,1.0395521,0.8604311,0.29854802197584585,0.6192441939544417
Rhbdl2,1.0388612,0.86309165,0.29886929493472125,0.6198167333644689
Tars2,1.0387305,1.0344383,0.2989301022555385,0.6198490087635656
Scnn1b,1.0379275,0.011574648,0.29930381409403506,0.620530001980672
Uqcc1,1.0369191,0.01724586,0.29977356799720134,0.6214098776761474
Gpt2,1.0365642,0.5546016,0.29993896865488245,0.6216586793603464
Wdr83,1.0359854,0.71753854,0.30020896350425186,0.6221241567097642
Ankrd10,1.0354438,1.6522436,0.30046168596592004,0.6225537050413044
Kctd14,1.0351824,0.23279148,0.30058374064685955,0.6227124220266106
Mettl26,1.0343981,-0.29085603,0.300950102913221,0.6233771408997774
Ogfod1,1.0332029,-0.022854432,0.3015089409997087,0.6244001817760414
Creld2,1.0331469,0.22231221,0.3015351534766635,0.6244001817760414
Ly6m,1.0316343,0.50417525,0.3022434638763618,0.6257723220653101
Fam49a,1.0312234,1.319595,0.3024360354921546,0.6260764107347413
Mapk8,1.0308313,0.44823587,0.3026199299751108,0.6263624475991868
Map3k14,1.0307006,1.6834445,0.3026812446591085,0.6263947208202094
Krtcap2,1.0305325,-0.25535506,0.3027600899637739,0.6264632581941856
Noa1,1.0302525,1.8187609,0.3028915291540505,0.6266405843265618
Gigyf1,1.0301404,2.953201,0.30294411545248845,0.6266468357701113
Trim12a,1.030047,2.0795057,0.3029879420046283,0.6266468357701113
Adck1,1.0299536,1.8146259,0.30303177277204285,0.6266468357701113
Il27ra,1.0297855,3.9433157,0.3031106787759562,0.6267154088787504
Svip,1.029076,-0.38930923,0.30344398803266937,0.6272657105398052
Them4,1.0289639,1.9525636,0.3034966380677001,0.6272657105398052
Trmt11,1.0289266,1.3842392,0.30351418942834807,0.6272657105398052
Map2k4,1.0286465,0.56052566,0.3036458461326079,0.6274431511337449
Cst6,1.0278808,1.6637566,0.3040059013737808,0.6280924217796406
Ocrl,1.0276567,0.38823038,0.3041113370199806,0.6282155182710697
Ppif,1.0267977,-0.3887967,0.30451573195731263,0.6289157394802295
Cactin,1.0267416,1.4858227,0.30454211793517094,0.6289157394802295
Thap3,1.0266297,0.9803493,0.3045948944442314,0.6289299252277272
Spryd3,1.0260694,1.1972457,0.304858868057575,0.6293801224214554
Akap7,1.0248742,0.0022662412,0.30542251906502016,0.630448773721678
Gle1,1.0246315,1.0414355,0.30553709508803295,0.6305902685607188
Flot2,1.0244448,1.1613975,0.3056252498862626,0.6306771988916701
Rbfox2,1.024258,-0.22769868,0.30571342155067127,0.6307419245090022
Pigb,1.0241833,0.06327592,0.3057486949389988,0.6307419245090022
Ndufaf2,1.0234177,0.2456419,0.3061104027635101,0.6313161869233955
Zfand1,1.023399,0.6098617,0.30611922844759976,0.6313161869233955
Zkscan1,1.0226707,0.77699274,0.30646356169122924,0.6318604366169746
Sema4b,1.0225587,-0.3732247,0.30651655880741446,0.6318604366169746
Gpn2,1.0225027,0.26442924,0.30654305964263895,0.6318604366169746
Lcmt1,1.0223719,0.7732434,0.3066049008285303,0.6318604366169746
Rabepk,1.0223533,0.22458419,0.3066137359583684,0.6318604366169746
Eml3,1.0214382,0.76836276,0.3070468639538224,0.6326578487242243
Slc12a9,1.0212702,0.64336526,0.3071264621016979,0.6327266963598889
Zbtb8a,1.0211394,0.5596848,0.30718838121867853,0.6327591073065548
B3glct,1.0210274,0.46820727,0.30724146132630714,0.6327733042950102
Vmac,1.0208219,0.45491016,0.3073387906292808,0.632878615905779
Tinf2,1.0204859,0.57378143,0.30749810078936457,0.6331115089892237
Ppp1r35,1.0200937,0.6719312,0.3076840317219999,0.6333039715431789
Mboat1,1.0200937,-0.19177864,0.3076840317219999,0.6333039715431789
Ccdc28a,1.019907,0.53550196,0.3077725964088669,0.6333911027191642
Rgmb,1.0197762,-0.5518597,0.307834601727041,0.6334235571733947
Brd9,1.0188612,0.52308035,0.30826887040783435,0.6342218838545323
Rras,1.0178341,0.023918204,0.3087567973341845,0.6351303488706198
Traf3,1.0175166,6.6217437,0.3089077143601098,0.6353453965971331
Lrrc61,1.0173112,3.2165494,0.3090053925347108,0.6354468315791797
Crebzf,1.0172179,1.7257729,0.30904979845343605,0.6354468315791797
Zfyve19,1.0170498,0.40740973,0.30912973973601,0.635515821486095
Rom1,1.0158733,3.403111,0.30968971135942813,0.6365714997185544
Arfgef3,1.0156679,-0.23500164,0.30978755285068815,0.6366770888170459
Mettl6,1.0152011,1.8963856,0.31000999580074695,0.6370386894360632
Zfp593,1.0146968,1.9370775,0.3102503526303958,0.6374369872580118
Rbm18,1.0144541,0.3459053,0.31036612386134255,0.6375792318039275
Zfp395,1.0136324,1.314635,0.3107581765351477,0.6382889083255657
Slc29a1,1.0135204,1.0333202,0.31081166357281576,0.6383030716455668
Prdm10,1.0133523,0.24240217,0.31089190551867174,0.6383721681063853
Dffa,1.0131469,1.0709256,0.31098999756855994,0.6384778910069341
Carhsp1,1.0127361,-0.348312,0.3111862429184351,0.6387626183542705
Hmbox1,1.0126613,1.2246393,0.3112219326653106,0.6387626183542705
Zkscan6,1.0119144,0.22728217,0.31157897862156403,0.6393996415691173
Haus4,1.0115036,1.5799379,0.3117754689764617,0.6397070428302418
Mbtd1,1.0109434,0.7980692,0.312043541986497,0.6401612047342031
Sult1c2,1.0103644,-0.20027353,0.3123207103087856,0.6405930120780016
Snapc3,1.0103084,1.0897816,0.3123475416555511,0.6405930120780016
Txnrd2,1.010159,0.6993064,0.3124190993383298,0.6406438648308813
Acvr1,1.0097482,-0.13496909,0.31261593865173265,0.6409515653290537
Man2c1,1.0092254,0.7652094,0.3128665795363941,0.6413694657561871
Ripk3,1.0074513,0.66991514,0.3137179541664915,0.6430185475884101
Afg1l,1.0064616,0.49713755,0.3141935934359801,0.6438971174379846
Cpne8,1.0060134,-0.33881196,0.3144091331851466,0.6442424655453947
Zfhx2,1.0053971,0.55731934,0.3147056590550902,0.6447536307843181
Dnajb2,1.0048182,0.35347053,0.3149843810669898,0.6451869741321979
F3,1.0047622,-0.3821576,0.3150113627715527,0.6451869741321979
Dcun1d4,1.0042953,0.3433439,0.31523626937494353,0.6455511046990623
Ephx2,1.004146,0.48635793,0.3153082617641545,0.6455890184473223
Cidec,1.0039592,0.7176886,0.31539826743897037,0.6455890184473223
Prkar2a,1.0039219,-0.31549123,0.31541627059904254,0.6455890184473223
Ap3m2,1.0038658,6.351207,0.31544327660484495,0.6455890184473223
Prr7,1.0032496,3.5158951,0.31574044291182046,0.6460041917401345
Mettl5,1.0032496,0.48673773,0.31574044291182046,0.6460041917401345
Tnks1bp1,1.0012702,0.3987476,0.3166962203680471,0.6477846928133103
Miga1,1.0012515,1.0287843,0.3167052461652228,0.6477846928133103
Palm,1.0006726,2.0400064,0.31698512958342207,0.6482603784584091
Rpa2,1.0004112,0.6369265,0.31711158170641174,0.6484177721791902
Alkbh3,1.0003178,1.6673456,0.31715675119509146,0.6484177721791902
Bcap29,0.99988824,1.1542357,0.31736458518431354,0.6486402932417688
Inpp5e,0.9998322,1.4285403,0.3173917005472263,0.6486402932417688
Tmem35b,0.99977624,1.5427058,0.31741881742899536,0.6486402932417688
Klhl2,0.9997015,0.007277728,0.3174549756340189,0.6486402932417688
Rdm1,0.999272,1.264863,0.31766293771343235,0.6488672888849122
Lrwd1,0.9992347,1.6528895,0.3176810255915551,0.6488672888849122
Fam126a,0.99917865,1.5872612,0.3177081586744519,0.6488672888849122
Atat1,0.9989359,1.4209778,0.3178257529182179,0.6489509243134298
Lzts2,0.9988985,1.2210137,0.31784384687176015,0.6489509243134298
Zbtb39,0.9987865,1.3230323,0.3178981327826649,0.6489650453170182
Dmac2l,0.9984877,1.2702175,0.31804292491377173,0.6491226086695009
Igkc,0.9984317,0.37247175,0.31807007824805544,0.6491226086695009
Ilkap,0.9975913,0.97919136,0.3184775605244331,0.6495443627008445
Fkrp,0.997554,0.8648122,0.3184956787795954,0.6495443627008445
Zbtb7c,0.99753535,-0.49765992,0.31850473816031777,0.6495443627008445
Cd69,0.99751663,1.664841,0.3185137977098009,0.6495443627008445
Pla2g2c,0.99751663,1.0541883,0.3185137977098009,0.6495443627008445
Uba5,0.99736726,1.0370084,0.3185862801810513,0.6495954812442927
Eif2ak4,0.99716187,0.8586977,0.318685961214504,0.6497020340236168
Myadm,0.9969938,-0.43616393,0.3187675336121327,0.6497716426850496
Socs2,0.9966576,0.07670158,0.31893071941612117,0.6499847936700514
Bphl,0.9965829,-0.33287692,0.3189669903535588,0.6499847936700514
Guca2b,0.99634016,0.060868297,0.31908488954818415,0.6501283442608748
Btrc,0.99406195,0.7348226,0.32019271787064063,0.6522885107550598
Pigu,0.9933523,0.17356929,0.32053829217198326,0.6528451510402625
Cluh,0.9932029,-0.27864856,0.3206110757073467,0.6528451510402625
Trmt12,0.99318427,0.6698205,0.32062017440866053,0.6528451510402625
Tnfrsf10b,0.9931095,0.4867591,0.3206565709014545,0.6528451510402625
Esrp2,0.9917837,0.021991191,0.32130305795273195,0.6540641744357247
Agps,0.9915036,0.30561814,0.3214397485687175,0.6542452169650022
Spata2,0.99122345,0.1320105,0.321576477153358,0.6544262829769764
Rap2a,0.99109274,-0.35371673,0.32164029681985573,0.6544589434772053
Rad54l2,0.99071926,0.5512259,0.3218226842861275,0.6545940707722183
Tysnd1,0.9906819,0.46952543,0.32184092674520104,0.6545940707722183
Fastkd1,0.99066323,0.42404258,0.32185004822785857,0.6545940707722183
Tab3,0.9904392,0.4990561,0.32195951918200005,0.6547195209727477
Pde8b,0.9898789,0.48523295,0.32223330287730256,0.6551790218787541
Toe1,0.9894307,2.8182623,0.32245243918002664,0.6555272914032297
Rab6b,0.98901993,4.3861938,0.3226533995081061,0.6558385123532721
Evi5l,0.98797417,0.39808095,0.32316530341806193,0.6567815838640333
Gsap,0.98741394,1.9697086,0.3234397553274674,0.6572418641332398
Dcaf17,0.9870031,1.5737361,0.32364111657754113,0.6573778433951946
Iba57,0.9869284,1.5840739,0.3236777364880683,0.6573778433951946
Kctd20,0.9869284,1.4188745,0.3236777364880683,0.6573778433951946
Aen,0.98668563,2.045959,0.32379676984223216,0.6573778433951946
Nudt14,0.986667,1.4078164,0.32380592743521563,0.6573778433951946
Ublcp1,0.986667,2.235857,0.32380592743521563,0.6573778433951946
Mecr,0.9865923,-0.17928955,0.32384255949446483,0.6573778433951946
Tmem82,0.98627484,-0.116552286,0.32399827586474905,0.6575965006440092
Rbsn,0.9857706,1.5959013,0.3242456903252673,0.658001178707771
Creb3l1,0.9843514,-0.46117496,0.3249427766074845,0.6593181338155417
Thoc3,0.9837538,1.1346192,0.3252365781720964,0.6598165439001511
Nup155,0.98356706,0.8515162,0.32532842659176786,0.6599051590623659
Lhpp,0.9831936,0.37715068,0.32551217404579846,0.6600824133255535
Rabep2,0.9831936,0.9243319,0.32551217404579846,0.6600824133255535
Mcm2,0.9830815,0.7387945,0.32556731144172757,0.6600919969790734
Dpyd,0.9829882,1.1298734,0.3256132639112831,0.6600919969790734
Tpra1,0.98225987,0.015396849,0.3259718379282348,0.6607211391650861
Sdhaf1,0.9811768,0.82845324,0.3265055764254545,0.661607217427707
Nek3,0.9806539,0.41191545,0.3267634464043565,0.6620318272315415
Gba2,0.97979486,0.63619536,0.3271873770642292,0.6627927052757563
St6galnac2,0.9784877,-0.44924188,0.3278331738249324,0.6640027323183876
Cyb561d2,0.9779648,0.5146027,0.3280917239650696,0.6644281771354698
Arpc1a,0.9773299,-0.5915678,0.3284058554943001,0.6649660390588105
Psmd9,0.9762468,-0.31797594,0.3289421769467149,0.6659440741741628
Bag3,0.97611606,-0.59228957,0.32900694376992523,0.6659440741741628
Isoc1,0.97606003,0.494309,0.3290347035098473,0.6659440741741628
Dnttip1,0.9757426,0.50142264,0.3291920373755507,0.6661640933596816
Kdm2b,0.975033,2.8059006,0.3295439010904023,0.6666182267267751
Znfx1,0.9749956,-0.028842049,0.3295624269795947,0.6666182267267751
Slc25a38,0.9749956,5.904562,0.3295624269795947,0.6666182267267751
Ntpcr,0.97471553,0.34512874,0.32970139265201515,0.666800867926278
Gpr34,0.97411793,24.778837,0.32999797957955146,0.6673021874892775
AI597479,0.97396857,0.3314434,0.3300721532952918,0.6673536747558291
Ddhd1,0.9737258,1.702001,0.3301927086035745,0.667498909232547
Rab11fip2,0.9731842,2.035154,0.33046174237972314,0.6679442122458258
Coq4,0.97281075,0.11741911,0.33064736554854235,0.668122257819326
Ift80,0.97281075,2.0844307,0.33064736554854235,0.668122257819326
Usp37,0.97230655,1.3479328,0.3308980638256852,0.6685302277557716
Urm1,0.9721198,0.14530341,0.3309909462363977,0.6686192809552711
Asf1a,0.9714289,1.3007904,0.3313347577779141,0.6692151233314793
Pitpnm2,0.97107404,2.0987353,0.33151139935846496,0.6693697537870941
Golga1,0.9710554,1.2005378,0.33152069796996075,0.6693697537870941
Mtg2,0.9709807,1.2155625,0.3315578941021329,0.6693697537870941
Ifrd2,0.97043914,1.1234064,0.3318276467435103,0.6697169652896421
St7,0.97043914,0.24379732,0.3318276467435103,0.6697169652896421
Mto1,0.97014034,1.1596714,0.33197653648796643,0.6698388890078881
Gjb1,0.9701217,0.29498652,0.3319858435301869,0.6698388890078881
Zdhhc8,0.96989757,1.2722021,0.33209754118833223,0.6699655889088723
Mettl16,0.9692813,0.99307835,0.3324048349381985,0.6704867842540223
Ube2e3,0.96905726,0.83108354,0.3325166236425946,0.6706135350954727
Prkaa1,0.9685157,-0.42942524,0.33278687990940736,0.6710597961081661
Mogs,0.9674513,1.1623042,0.3333184864776907,0.6719904044915374
Foxk1,0.96739525,0.8370811,0.33334648094339325,0.6719904044915374
Dolpp1,0.9669471,1.0124856,0.33357049128861715,0.6722441498461393
Arhgef39,0.9669471,0.90515584,0.33357049128861715,0.6722441498461393
Kin,0.966032,0.4819241,0.3340281472374439,0.6730674536186176
Asah2,0.9657146,0.31524485,0.3341870203981503,0.6732460443998596
Ipp,0.96565855,0.61954486,0.33421506189514194,0.6732460443998596
Serinc5,0.963455,-0.5242318,0.33531923073605063,0.6753709881040715
Gpn3,0.9632683,0.3565825,0.3354129122335464,0.6754603700719661
Igip,0.9621292,0.23592569,0.33598473431424836,0.6764269582502409
Ica1,0.9620918,0.07596799,0.33600349319604594,0.6764269582502409
Dctpp1,0.9620171,0.0542688,0.336041012981835,0.6764269582502409
Ift27,0.96130747,1.1508573,0.33639758541984843,0.6770452358236997
Ndufa9,0.9607846,-0.03023101,0.3366604787060312,0.6773892178137345
Gpsm2,0.96067256,-0.29386052,0.336716830168725,0.6773892178137345
Ciao1,0.96041113,0.37927943,0.3368483405045605,0.6775542893719686
Lamc2,0.95983225,-0.11613888,0.33713965948597713,0.6779600933635095
Epm2aip1,0.95981354,3.6691856,0.3371490595682912,0.6779600933635095
Mus81,0.9595895,2.191131,0.3372618736978711,0.6780874185002691
Sell,0.9592907,2.1553717,0.3374123302773375,0.6782903778135765
Cd79b,0.9590479,3.7948368,0.33753460800638857,0.6784366387452353
Prpf31,0.9582449,1.1473343,0.33793926795091855,0.6790507437558791
Pcsk1,0.9582449,0.1659641,0.33793926795091855,0.6790507437558791
Armc5,0.9578528,1.5431964,0.3381370057838422,0.6793484351427831
Ifrd1,0.9574419,-0.18204053,0.33834423938460545,0.6796651143063189
Ipo11,0.9566763,1.2208529,0.3387306650121823,0.6803416083663536
Shpk,0.95656425,1.3531967,0.33878723885460615,0.680355492862519
Rpap2,0.95622814,0.8846173,0.33895699676444746,0.6805966372084025
Ppan,0.9560974,0.808559,0.33902302846744137,0.6806294680545056
Dhx57,0.9544354,1.0547864,0.33986329391335046,0.6822164288077511
Ankrd46,0.95368844,1.00047,0.3402413758052021,0.6827752817535182
Elmsan1,0.9534083,0.35213417,0.3403832259783788,0.6829598998101625
Epha1,0.95279205,-0.43337455,0.3406954297227859,0.6834862186560501
Mdh2,0.95225054,-0.33098617,0.3409699419630512,0.6838366571356758
Acbd6,0.95225054,0.6820253,0.3409699419630512,0.6838366571356758
Lap3,0.95191437,-0.43953022,0.3411404000922592,0.6840783784051451
Zfp282,0.95144755,0.56990063,0.34137723799003217,0.6843909565519203
Ago3,0.9514102,0.6866951,0.34139618956757833,0.6843909565519203
Glce,0.95127946,0.1466219,0.34146252539222366,0.6844237890085536
Ect2,0.950906,0.3721563,0.3416521017752485,0.6846224482025036
Pcnx,0.9508873,0.60454893,0.34166158236208155,0.6846224482025036
Rtn4rl1,0.95056987,2.2301192,0.3418227780952756,0.6848452851572501
As3mt,0.9503644,0.07532535,0.3419271071416615,0.684954140640556
Ercc2,0.95017767,0.5859711,0.34202196940493335,0.6850440030478928
Cops7b,0.9497669,0.42862424,0.34223072563801793,0.685361926800299
Rbpms,0.9494681,2.963736,0.3423825995252284,0.6855658599087444
Manea,0.9490946,0.4050778,0.3425725024806845,0.685845869353409
Cmpk2,0.94883317,0.6150701,0.3427054746091869,0.6860118354976418
Arrdc3,0.9486464,0.53876466,0.3428004748985549,0.6860966030618784
Fnbp4,0.948553,1.5381609,0.3428479813548627,0.6860966030618784
Wdr46,0.948441,0.44357207,0.3429049946565845,0.6861104756528711
H2-Aa,0.9477874,0.55286705,0.343237693007034,0.686675875320731
Tbce,0.94746995,0.32673928,0.3433993637355366,0.6868990046980363
Trib1,0.94726455,-0.3377864,0.3435040001234213,0.6869216051461103
Pa2g4,0.9471898,-0.16505358,0.34354205476757593,0.6869216051461103
Srfbp1,0.9471525,2.0223217,0.34356108309935385,0.6869216051461103
Pik3r4,0.94700307,1.7040259,0.34363720315773794,0.6869735419905166
Pisd,0.94616276,-0.39524594,0.34406557915471436,0.6875034060377557
Tnfaip8l2,0.9460881,2.8456986,0.34410367351147164,0.6875034060377557
Slx4ip,0.94603205,2.9302506,0.3441322460458004,0.6875034060377557
Trim25,0.94586396,-0.36392587,0.3442179727348862,0.6875034060377557
Ftsj3,0.9458453,1.3256029,0.3442274987638603,0.6875034060377557
Xpo4,0.9457893,1.6497004,0.3442560778603311,0.6875034060377557
Swt1,0.94573325,2.3296382,0.3442846584711171,0.6875034060377557
Slc7a1,0.9456959,1.5385141,0.34430371305292273,0.6875034060377557
Cklf,0.94552785,2.636768,0.34438946699965434,0.6875122827302538
Luc7l,0.9454905,1.8551676,0.3444085252830461,0.6875122827302538
Dok2,0.9451917,2.5974705,0.3445610157781772,0.6875681807675869
Slc25a37,0.94509834,0.11634443,0.3446086778908872,0.6875681807675869
Slc14a1,0.9450797,3.897965,0.34461821081816335,0.6875681807675869
Chd1l,0.9450423,1.6290694,0.34463727717744663,0.6875681807675869
Rbpj,0.9442393,1.4196817,0.3450473666725534,0.6881998836593823
Fra10ac1,0.9441833,1.1260097,0.34507598917560556,0.6881998836593823
Dact2,0.94412726,-0.08776027,0.3451046131926976,0.6881998836593823
Mrtfb,0.94358575,0.00851905,0.3453813900797953,0.688651585517857
Tyk2,0.9430815,1.4105117,0.34563920607646126,0.6890653555366005
St6galnac4,0.9429508,0.98945093,0.34570606727748543,0.6890983735925433
Ppfia3,0.9424093,-0.29758215,0.3459831514820447,0.6895503600965978
Exosc8,0.9422972,0.4047856,0.34604049690894334,0.6895643356585489
BC016579,0.9417743,-0.65640676,0.3463081889580596,0.6899974096459303
Zfp263,0.9410647,1.0229884,0.34667169620536875,0.6906212357152176
Maff,0.94082195,-0.07826731,0.346796109695496,0.6907686395504936
Prkg2,0.940131,0.100757815,0.3471503651737735,0.6913737466028052
Sos1,0.93964547,-0.15646502,0.3473994391680374,0.6917692320642604
Hmgxb4,0.9393467,0.79769087,0.34755277196608425,0.6919497577599842
Crcp,0.939272,0.20435359,0.34759111189081837,0.6919497577599842
Hdac2,0.9389732,0.2676876,0.3477444984898884,0.6921545299014197
Wwox,0.93815154,0.6888816,0.3481665335522883,0.692893885773729
Ccdc130,0.9380208,0.5608024,0.3482337055014012,0.6928975050220969
Borcs5,0.93794614,0.59374917,0.3482720931705485,0.6928975050220969
Lurap1l,0.93785274,0.10634454,0.34832008153921035,0.6928975050220969
Acot4,0.9372552,0.494333,0.34862730660999874,0.6933646122303155
Snx33,0.9371992,0.4470621,0.3486561177850105,0.6933646122303155
Ppp4r1,0.9363588,-0.09562993,0.3490884669335933,0.6940229280206398
Surf2,0.9360787,0.591511,0.349232658947327,0.6942088548430616
Dusp1,0.935948,-0.17828359,0.34929996149430886,0.6942419080911114
Zfp821,0.9357613,0.13663465,0.34939612227466876,0.6943322998495738
Cc2d1b,0.9353504,0.34376663,0.3496077351448983,0.6945895564021662
Ccdc120,0.9353131,0.24249469,0.34962697671163057,0.6945895564021662
Ercc1,0.9350516,0.49118456,0.3497616864991797,0.6947564310626014
Armc7,0.93422997,1.8796526,0.3501852745247992,0.6954969934748839
Atpaf1,0.9340806,1.968551,0.35026232547797187,0.6955197193088029
Micall1,0.9340059,1.2543709,0.35030085498688823,0.6955197193088029
Igsf3,0.9339125,-0.30125237,0.3503490206532882,0.6955197193088029
Nf1,0.93359506,0.1660217,0.3505128153364684,0.6957440698507124
Polm,0.9329228,3.4794805,0.3508598349368447,0.696331991689812
Fam104a,0.9325493,0.3707452,0.35105271767739155,0.6966138806750093
Fbxl6,0.93232524,2.7984858,0.35116847957365016,0.6967426748963081
Utp14b,0.931877,-0.7112255,0.3514000759294684,0.6971012221595305
Il18r1,0.931765,24.584,0.3514579901352213,0.6971151679242119
Rbm28,0.9314849,1.2986294,0.3516028021029538,0.6972196654820497
Cfap126,0.9314662,2.9945335,0.3516124575777724,0.6972196654820497
Utp4,0.9311674,1.9034315,0.3517669680160339,0.697425103012976
Ap4e1,0.93045783,1.4557807,0.35213410261494216,0.6980519759549569
S1pr1,0.93012166,2.8799028,0.35230809311468214,0.6981844481227801
Zswim4,0.930103,1.5667764,0.35231776084881716,0.6981844481227801
Nme7,0.9299349,1.8679986,0.3524047780123376,0.6981844481227801
Haghl,0.9299349,1.3081254,0.3524047780123376,0.6981844481227801
Slc9a6,0.9296361,0.23717913,0.3525595087747224,0.6983900043686664
Phf11c,0.9293747,2.0651815,0.3526949334524935,0.6985572630185283
Czib,0.929244,0.006993024,0.352762658132203,0.698585231938596
Traf5,0.92915064,2.194451,0.3528110379403756,0.698585231938596
Bms1,0.9289265,1.3046962,0.35292716660524814,0.6987141882213728
Casp8ap2,0.9285904,1.0307527,0.3531014049326673,0.6988520083003003
Shprh,0.9285344,0.8329968,0.3531304499422562,0.6988520083003003
Siah2,0.928497,-0.34688598,0.35314981412138535,0.6988520083003003
Bcl2l12,0.92821693,1.2247725,0.3532950668692382,0.6989566929507594
Frmd3,0.9281982,-0.00796202,0.35330475172875975,0.6989566929507594
Bysl,0.92761934,0.9998419,0.353605065636153,0.6994498121881745
Rbm43,0.9272272,1.609794,0.3538085957406132,0.6997462192456511
Fbxl20,0.9271338,0.92703116,0.3538570661995526,0.6997462192456511
Abcd4,0.92623746,0.8812327,0.3543225960958172,0.7005553214842088
Klf16,0.92608804,0.9527813,0.35440022200548715,0.7005553214842088
Rsbn1,0.9260507,0.14619106,0.3544196301610987,0.7005553214842088
Pdss1,0.9251357,-0.32734567,0.35489533965206377,0.7013944248749673
Chic2,0.92500496,0.8349059,0.35496333103967637,0.7014276121799461
Slc17a5,0.92478085,0.5547203,0.35507990683215584,0.7015567815980004
Pold3,0.9240899,0.07463235,0.3554395009518271,0.7021659932285553
Slc9a1,0.9237164,-0.40263832,0.3556339717799667,0.702448877362391
Rad51d,0.9231002,0.51964235,0.35595499534734787,0.7029816111083561
Slc1a4,0.9228014,0.5433684,0.3561107088926915,0.7031877647491889
Marcksl1,0.92199844,-0.293085,0.3565294018077143,0.7039130717344986
Cog8,0.92183036,0.43890837,0.3566170744540047,0.7039847147002686
Tpd52,0.9196268,-0.6385536,0.35776781673712754,0.7061546015413697
Aplp1,0.9195148,0.045443013,0.35782639142751094,0.7061684763118553
Tbl2,0.91835696,0.18749055,0.3584320165947895,0.7072617927911014
Anks1,0.91775936,-0.22514942,0.35874484941706464,0.7077138053541098
Rbm10,0.91772205,1.8759992,0.35876440716673663,0.7077138053541098
Nap1l1,0.9171618,2.891927,0.3590578538526097,0.7080199951544647
Guf1,0.91714317,2.6498747,0.3590676380062806,0.7080199951544647
Gstt3,0.9170311,-0.47928607,0.35912634644732666,0.7080199951544647
Nup205,0.91678834,1.4922616,0.35925356876433434,0.7081056066760035
Mdn1,0.91675097,2.152688,0.3592731439419635,0.7081056066760035
Slc20a2,0.91641486,1.247296,0.35944935070124007,0.7083509931828236
Alkbh7,0.91628414,-0.041917574,0.3595178902130487,0.7083841645216119
Zmat3,0.9157986,1.5418452,0.3597725374193168,0.7085887042415264
Plekho2,0.9157426,1.5771064,0.35980192707717995,0.7085887042415264
Zfp703,0.9157052,0.08122725,0.3598215210200846,0.7085887042415264
Scrn3,0.91564924,1.7509408,0.35985091319092377,0.7085887042415264
Pign,0.9155932,0.34828678,0.35988030686952854,0.7085887042415264
Nkap,0.91538775,1.3028615,0.35998809659061104,0.7086990836745756
Nfkbie,0.915089,1.9937586,0.3601449178239613,0.7089059445672802
Thrap3,0.91495824,1.7061019,0.3602135405984743,0.7089391619306274
Mthfd1l,0.91441673,1.3685495,0.36049792238759104,0.7093969458072389
Gon4l,0.9140059,0.8592151,0.3607137542607677,0.7097197233049716
Hdac10,0.9132963,1.0784781,0.3610867456932477,0.7103515818491519
Ano9,0.91271734,-0.3776151,0.3613912072763886,0.7106969455464843
Fahd2a,0.91264266,0.95900035,0.36143050436320434,0.7106969455464843
Tmem125,0.91260535,0.35548684,0.3614501539112486,0.7106969455464843
Mios,0.912568,0.7329083,0.36146980412904395,0.7106969455464843
Msto1,0.91107404,0.85487866,0.36225636198416367,0.7121302785189527
Slc45a4,0.910962,-0.052976977,0.3623153970137306,0.7121302785189527
Ubiad1,0.9108873,0.5623129,0.36235475704785547,0.7121302785189527
Dusp16,0.91027105,0.2053263,0.362679579514243,0.7125835549784933
Apol7a,0.9102524,-0.107474305,0.36268942546460103,0.7125835549784933
Baz1b,0.90999097,0.6165934,0.36282728634263883,0.7127521971457058
Kat8,0.90963614,0.2153196,0.36301443571447767,0.7130176013316623
Arl15,0.90905726,0.5335076,0.36331991438025946,0.7134904679559907
Pcgf2,0.9089825,0.1920286,0.3633593426955436,0.7134904679559907
Ipo7,0.90681636,0.5199649,0.3645039282601755,0.7156353994216688
Myo1b,0.9065736,-0.39437905,0.3646323410405268,0.7157849365604265
Prmt3,0.9061441,1.4061035,0.3648596021217879,0.7161284454252858
Pkig,0.90599465,-0.5752437,0.3649386701915637,0.7161810316035557
Recql,0.9054158,0.9648325,0.3652451600479034,0.716679847129229
Msantd2,0.9050983,3.3706908,0.3654133033524426,0.7168320496934982
Usp30,0.90506095,0.33158833,0.36543308809449204,0.7168320496934982
Tuft1,0.90493023,0.23912646,0.3655023399583103,0.7168320496934982
Nbea,0.9048742,0.2845007,0.3655320218364072,0.7168320496934982
Slc5a3,0.9044447,0.030433733,0.3657596328903445,0.7171757507653814
Paqr5,0.90422064,-0.35609227,0.3658784215910357,0.7173060068398953
Dvl2,0.90375376,2.4510696,0.3661259753647116,0.7176886339242451
Crnkl1,0.9034363,0.39770627,0.3662943716047281,0.717743891926271
Pan2,0.9033803,1.7519305,0.36632409360259044,0.717743891926271
Exosc1,0.9033056,2.5120327,0.36636372527302286,0.717743891926271
Ripk4,0.9033056,-0.0712954,0.36636372527302286,0.717743891926271
Pprc1,0.90319353,1.6677676,0.36642317779276656,0.7177577260167146
Iars,0.90298814,0.40829167,0.36653218970580936,0.7178686202958668
Otud1,0.9028574,3.4318256,0.36660157145219774,0.7179018766288034
Whamm,0.9026333,0.2605875,0.36672053064060683,0.7179684088753043
Pcid2,0.902596,1.1237491,0.36674035951163353,0.7179684088753043
Parp3,0.9024279,1.8818771,0.3668295977032564,0.7180405041483945
Fhit,0.90218514,1.7761116,0.36695852120954164,0.7181264827870921
Spata5,0.9021478,1.4797591,0.36697835810163737,0.7181264827870921
E4f1,0.9019984,0.8885363,0.3670577123538591,0.7181791858394558
Cyp27a1,0.9018303,0.16856904,0.36714699867013734,0.7182069765603962
Brf1,0.90177435,1.659594,0.3671767637831398,0.7182069765603962
Yars,0.9015876,0.13482888,0.3672759916868663,0.718234798463341
Rbm4b,0.90155023,1.5932199,0.3672958392725669,0.718234798463341
Mkrn2,0.9010274,1.3435545,0.36757377564217897,0.7186149620802027
Mapk8ip3,0.90084064,1.1775285,0.36767307037316244,0.7186149620802027
Oas1g,0.90080327,1.5927614,0.3676929313240024,0.7186149620802027
Ints7,0.9007286,1.2465714,0.3677326552302842,0.7186149620802027
Pja2,0.9006912,-0.3817963,0.3677525181857154,0.7186149620802027
Tssc4,0.90046716,0.2593308,0.36787170995003793,0.7187453545800798
Tmem170b,0.8994961,1.0004101,0.3683884855334105,0.7195667462336524
Slc37a3,0.89944005,-0.108017966,0.36841831328813923,0.7195667462336524
Dgke,0.89923465,0.9187974,0.3685276945812054,0.7195667462336524
Dalrd3,0.8991786,0.20151947,0.3685575293498885,0.7195667462336524
Eif4h,0.8991226,0.122591056,0.3685873656215112,0.7195667462336524
Nup54,0.8990852,1.0060205,0.36860725730421695,0.7195667462336524
Chd6,0.8987865,0.959948,0.3687664148119709,0.7197445731131432
Tnk1,0.8986744,0.96134084,0.36882610989815934,0.7197445731131432
Vps33b,0.8986184,0.1904397,0.36885595969542906,0.7197445731131432
Pbx2,0.8982636,0.30574825,0.3690450433081446,0.7200109788267703
Zfp53,0.8980395,0.9161216,0.369164495592187,0.7200777863064898
Zfp830,0.89800215,0.7465242,0.3691844066435609,0.7200777863064898
Srprb,0.89740455,0.60420275,0.3695030742833265,0.720596742730473
Mtg1,0.89727384,0.7540588,0.36957280561618566,0.7206301504329268
Slc43a2,0.89669496,0.64907414,0.36988171412011916,0.7211243991734639
Lrrc20,0.89660156,0.6160875,0.3699315530942412,0.7211243991734639
Cables2,0.8963028,0.12517256,0.3700910658502824,0.7213327076609574
Hcn2,0.8961534,-0.042461507,0.3701708382498694,0.7213855596050086
St7l,0.8955745,0.5561003,0.37048005717648225,0.7218854762221315
Edn1,0.8949769,0.53933895,0.37079941910457237,0.7224050116229581
Pus1,0.8948649,0.5013278,0.37085931848660425,0.722418976719249
Zfp553,0.89415526,0.44770086,0.37123882070856606,0.7230554227619214
Cerk,0.89170897,1.4834869,0.37254895094651563,0.7255039982895898
Ifi27l2b,0.890962,-0.312881,0.3729495609611263,0.7261809245547798
Cep192,0.89077526,1.5099615,0.3730497551387547,0.7262727931506239
Lyar,0.8904951,0.4003522,0.3732000776577534,0.7264622142528021
Xrcc4,0.89034575,0.27212477,0.37328026500174216,0.7265150775001943
Cep295,0.8899536,2.7463477,0.3734908075282093,0.7268215998773391
Orai2,0.88958013,1.5412165,0.3736913925465273,0.7271086604015656
Zfp119a,0.88941205,23.445566,0.373781677550994,0.7271810540256487
Tmem260,0.88920665,0.3697488,0.3738920442188658,0.727208755843701
Phf21a,0.88918793,1.1574498,0.37390207855204594,0.727208755843701
Napepld,0.8887211,2.4045875,0.37415299103104516,0.7275934672995483
Tcrg-C1,0.8884597,2.2395234,0.3742935475021876,0.7276710956848705
Mst1r,0.8882169,0.05902055,0.3744240934621603,0.7276710956848705
Fmnl3,0.88817954,2.8071275,0.3744441799547644,0.7276710956848705
Fes,0.8881235,1.1430594,0.3744743109430184,0.7276710956848705
Tut1,0.8880675,1.7680064,0.3745044434304722,0.7276710956848705
Vkorc1,0.8880302,1.359771,0.3745245325883201,0.7276710956848705
Ap4b1,0.8879554,1.5486518,0.3745647129028983,0.7276710956848705
Ddhd2,0.88775,1.3049277,0.37467522250995944,0.7276794086173014
Per2,0.88775,1.8491269,0.37467522250995944,0.7276794086173014
Fance,0.8872832,1.3198802,0.3749264556595753,0.7280641307634559
Lyst,0.8870591,1.4495797,0.3750470845449445,0.7281951613188407
Ces1g,0.8862001,-0.29529768,0.3755097174190364,0.728990098999688
Pnkp,0.8850423,0.89415795,0.3761338235067042,0.7300982405839966
Foxo3,0.8846875,0.08469232,0.3763252099185451,0.7303662524272657
Pds5b,0.8845754,0.8407722,0.3763856602160155,0.7303801055183304
Nprl3,0.88440734,0.77809733,0.3764763468965212,0.7304526203770486
Klhl26,0.884258,0.69740593,0.3765569685963115,0.7305055890356085
Rad52,0.8837351,0.5740024,0.37683922841960094,0.7309496572771531
Apoo,0.88233453,0.57688373,0.3775959241921485,0.7323079593392806
Zmynd19,0.8822412,0.6379726,0.37764640384905235,0.7323079593392806
Nectin2,0.88188636,-0.3581603,0.37783826446958824,0.7325763123738125
Ints4,0.8808966,0.6089188,0.37837377194977595,0.7335107790734302
Gtf3c4,0.8804671,0.42945474,0.3786063073255024,0.7338577264232289
Large1,0.8790479,0.14917023,0.3793753105194946,0.7352442713420675
Oxld1,0.8786931,0.35018346,0.3795677113298841,0.7354483319550591
Cbwd1,0.87865573,-0.14030147,0.37958796753680457,0.7354483319550591
Atf4,0.87807685,0.31794643,0.3799020237442685,0.735952732649389
Fam111a,0.87734854,1.4278209,0.3802973535218376,0.736614413014163
Dnase1l1,0.87662023,0.031400405,0.3806929359822121,0.7372763956681235
Uimc1,0.87634015,1.9734577,0.3808451503545158,0.7373627133771716
Tor1aip2,0.8757799,-0.27942348,0.38114969120389275,0.737848066905939
Zfp212,0.8755185,4.496253,0.38129186141494076,0.738019002738724
Tmem184c,0.8753691,3.3927155,0.3813731161479966,0.7380720004559336
Aldh2,0.8751637,-0.15039246,0.3814848587572903,0.7381780126628078
Nt5c3b,0.8750703,1.2507694,0.38153565749382057,0.7381780126628078
Plek,0.87488353,3.787641,0.38163726741896076,0.7382703422253266
Tmem252,0.87473416,-0.29172716,0.3817185673126111,0.7382740788876513
Gal3st2b,0.8745661,0.124889106,0.38181004239302896,0.7382740788876513
Batf,0.8745474,3.7192962,0.3818202071208975,0.7382740788876513
Ndufb3,0.87447274,2.1481192,0.3818608676924219,0.7382740788876513
BC029722,0.8743607,1.6611624,0.3819218635297663,0.7382740788876513
Szt2,0.874286,1.7173597,0.38196253074128994,0.7382740788876513
Dhx30,0.8739125,1.4137586,0.38216590663643224,0.7384725670872638
Ttc37,0.8738191,1.0579557,0.3822167609840673,0.7384725670872638
Dstn,0.87380046,-0.03160154,0.3822269323515174,0.7384725670872638
Zfp169,0.87353903,1.457871,0.3823693489225355,0.7386435533331551
Stap1,0.8731282,2.6637428,0.3825932121107948,0.7388676354550167
Tef,0.8731282,1.502379,0.3825932121107948,0.7388676354550167
Scaper,0.8726053,1.2045981,0.38287824505413404,0.7392686655279447
Plekhh3,0.8725493,1.467064,0.3829087920135982,0.7392686655279447
Ctdp1,0.87215716,1.0911751,0.3831226625393678,0.7395773533590727
Nup93,0.8717463,0.8875849,0.3833467958455359,0.7399057626209977
Fem1c,0.8711861,0.9678775,0.3836525615562242,0.7403266805703926
Grpr,0.8711487,1.2281,0.38367295124451006,0.7403266805703926
Coq5,0.87079394,-0.36273003,0.38386668636972343,0.7405961981784552
Morf4l2,0.8706819,0.8889391,0.3839278783209019,0.7406099595883352
Hnf1b,0.8694307,-0.45271888,0.3846115939379785,0.741824417422259
Bicra,0.8689078,0.72844213,0.3848975463301306,0.7422714505521945
Snrpa1,0.8687024,0.12797403,0.38500992032394676,0.7423836605824168
Pla2g4a,0.8685157,0.64198554,0.38511209590272266,0.7424761770148186
Galk1,0.86808616,0.57909334,0.38534716262693125,0.7428248386082675
Kdelr3,0.8665922,0.506032,0.3861654686702295,0.7442975409091367
Stxbp6,0.8655278,-0.49109915,0.38674915848976854,0.7453176918427105
Nudcd2,0.8653224,0.4028387,0.38686186231983777,0.7454300300677605
Ezh2,0.8651543,-0.15108499,0.386954089446533,0.7455028864319367
Zfp511,0.864426,0.27329105,0.38735389529409336,0.7461682178752924
Fam98a,0.864258,0.4762157,0.3874461939394962,0.7462410877226344
Mccc2,0.8640899,0.29623106,0.38753850599257267,0.746313962903886
Mpzl3,0.8634923,0.17080076,0.3878668352014264,0.7468412708727394
Gpc1,0.86261463,2.7868094,0.3883493759499206,0.7476653246927926
Zcchc10,0.86231583,1.401192,0.38851372853079014,0.7478766447761451
H2-M3,0.8621851,2.3879457,0.38858564610241864,0.7479099960105556
Cpq,0.86183035,-0.5256882,0.3887808917989025,0.7479718375808443
Mblac2,0.8616436,4.853035,0.3888836766763605,0.7479718375808443
Sirt5,0.8615876,3.350231,0.3889145153649174,0.7479718375808443
Klrc1,0.8615876,3.2220747,0.3889145153649174,0.7479718375808443
Samsn1,0.86153156,1.9788579,0.388945355542039,0.7479718375808443
Rpain,0.8611954,4.343468,0.38913042786323004,0.7482227174352634
Irf5,0.86099,1.4822716,0.3892435539929894,0.7482240807503343
Actr2,0.8609153,3.006282,0.3892846957285059,0.7482240807503343
Csrp2,0.86089665,-0.28284478,0.38929498157579434,0.7482240807503343
Nip7,0.86039245,1.1917588,0.3895727619562992,0.748652944143821
Ppargc1a,0.8602617,-0.34209585,0.38964479876779123,0.7486863594836942
Rangap1,0.85878646,1.0156307,0.39045834719065475,0.7501443495318987
Trim62,0.8585063,1.0599827,0.39061293492985394,0.7503361200980088
Zfp707,0.85740453,0.8107521,0.39122134073010295,0.7513994627789724
Praf2,0.8572178,-0.19213101,0.3913245173517589,0.7514922747013032
Eif4a1,0.85690033,1.1010054,0.3914999555160392,0.7517238108717221
Gmps,0.85662025,0.078688696,0.39165479353486954,0.7519157331036593
Slc15a4,0.8562094,0.22466065,0.3918819565092365,0.7521546095650424
Cd74,0.85619074,0.46813306,0.39189228399799125,0.7521546095650424
Chka,0.85609734,0.7555796,0.39194392391860133,0.7521546095650424
Dnajc19,0.8559106,0.14383109,0.39204721614361715,0.7522474595472766
Yeats2,0.85572386,0.7672646,0.3921505248795585,0.7523403152009455
Noc4l,0.85561186,0.78053004,0.39221251804596646,0.7523538920792132
Palld,0.8553317,0.062800884,0.3923675269638077,0.7525396285755679
Pttg1ip,0.85465944,-0.41963217,0.39273969990322544,0.7530488297654567
Yod1,0.85437936,0.57523495,0.39289483509340517,0.7530635397754797
Fhdc1,0.8543233,0.0146866655,0.3929258665873516,0.7530635397754797
Cwc25,0.8543047,0.49699488,0.3929362107487222,0.7530635397754797
Nqo1,0.85424864,-0.6442235,0.3929672442229857,0.7530635397754797
Vezt,0.85411793,0.64608586,0.39303966143869284,0.7530969736657471
Tdp2,0.85264266,0.597766,0.39385750192470625,0.754492675544776
Rngtt,0.8526053,0.54694027,0.39387822010921447,0.754492675544776
Tead1,0.85187703,0.37308657,0.39428235656427746,0.7550493868432787
Cask,0.851821,0.12878244,0.3943134543732286,0.7550493868432787
Stk35,0.85178363,0.35460016,0.39433418707034007,0.7550493868432787
Gar1,0.8509246,0.47226962,0.39481122112987466,0.7558571449803357
Fam199x,0.85014033,0.20898838,0.39524707860723995,0.7565858567722772
Miga2,0.8499536,0.06598834,0.3953508970492595,0.7566788613544084
Syne2,0.8489825,0.3141599,0.39589101857507425,0.7576067822989967
Cdyl2,0.848553,2.9245837,0.396130060579864,0.7579583561374492
Enoph1,0.84840363,-0.0038612294,0.3962132260508626,0.758011618055693
Ndufaf5,0.847694,0.05338423,0.39660840598701286,0.7586617093021608
Clec2i,0.84739524,2.7097402,0.39677486868092904,0.7588080414429792
Akr7a5,0.84735787,-0.42684457,0.3967956794815696,0.7588080414429792
Abhd10,0.8470591,23.544119,0.3969621895962303,0.758822977905065
Rbm48,0.84702176,2.1683462,0.39698300632413197,0.758822977905065
Rcc1l,0.8469097,1.7086546,0.39704546045906663,0.758822977905065
Nepro,0.8468723,2.9890065,0.39706627982109366,0.758822977905065
Arid3b,0.846779,1.301476,0.39711833110712813,0.758822977905065
Svbp,0.8466856,2.775767,0.3971703865087264,0.758822977905065
Mfng,0.8466483,3.8470888,0.397191209821695,0.758822977905065
Ogg1,0.8462748,1.845405,0.3973994791654024,0.759115011791134
Alg2,0.845976,2.2868874,0.3975661420440588,0.7593274983972684
Sp110,0.84565854,2.8054397,0.39774326751673716,0.7594078956931145
Phkg2,0.8456025,1.3956136,0.3977745298900577,0.7594078956931145
Jade3,0.8456025,2.0554054,0.3977745298900577,0.7594078956931145
Rprd1a,0.8454531,1.428142,0.3978579034593699,0.7594612341359018
Tha1,0.845117,1.5104625,0.3980455324940474,0.7595814931090062
Sppl2b,0.8450796,1.2584279,0.3980663834552901,0.7595814931090062
Notch1,0.8450423,2.110396,0.39808723507464705,0.7595814931090062
Cradd,0.84485555,1.3002068,0.39819150304285245,0.7596746402572175
Eny2,0.8447061,-0.18387185,0.39827492926262253,0.7597280048590823
Tuba1a,0.8445381,1.4878249,0.3983687963446779,0.7597551795883369
Tmem104,0.84448206,0.26314917,0.3984000883330374,0.7597551795883369
Prss8,0.8440712,-0.20448337,0.3986296081487053,0.7600870746885543
Ghdc,0.8436417,0.18982458,0.3988696457974603,0.7603530198148106
Ankzf1,0.84362304,0.9711777,0.3988800841904412,0.7603530198148106
Zfp668,0.8432122,1.0572622,0.39910977043927054,0.7606850104365619
Fam76a,0.8428761,0.758228,0.3992977547450768,0.7609374377531718
Rnf113a2,0.8418303,0.6268099,0.3998829354269935,0.761880498748717
Nrde2,0.841793,0.9143584,0.39990384427022074,0.761880498748717
Fgfr1op,0.8415315,0.9717194,0.4000502245788188,0.7620534033272827
Surf6,0.8412328,0.63440686,0.4002175557987939,0.7622661635539381
Ing2,0.8408966,0.33822906,0.4004058537004187,0.7625187928406639
Tti1,0.8405231,0.6845579,0.4006151360219742,0.7628113083392698
Pde4d,0.8402243,0.55819535,0.40078260918969344,0.7630241447886048
Polg,0.83977616,0.43002224,0.4010338977817688,0.7633964706975452
Dennd5b,0.8394027,0.3198876,0.4012433772028259,0.7636891174880125
Slc25a15,0.8391226,0.48122215,0.4014005298733082,0.7638821029676791
Mmachc,0.8386557,0.7884008,0.4016625330841467,0.7642745421184457
Zfp526,0.8381702,1.295108,0.4019351252634259,0.7646870179293063
B3gnt5,0.8377967,0.38790086,0.4021448870582941,0.7649669847659187
Sec16b,0.83762866,0.18035153,0.402239301283286,0.7649669847659187
Tmem159,0.83760995,-0.6056157,0.4022497925732612,0.7649669847659187
Tfcp2l1,0.83727384,-0.41948608,0.4024386638532581,0.7652199437598385
Acss2,0.83656424,-0.15353468,0.40283756668721715,0.7658721431605432
Commd2,0.8354438,-0.2990087,0.4034678955239026,0.7669640861214743
Vps18,0.8338378,0.07848429,0.40437239622973553,0.7685502273286451
Pear1,0.8337631,3.189227,0.40441449553373743,0.7685502273286451
Spata6,0.83350164,3.1486168,0.40456186374547964,0.76872365233191
Snapc4,0.8333149,3.1652727,0.40466714641712254,0.7687504724586725
Slc25a30,0.8332776,2.6503983,0.4046882049176602,0.7687504724586725
Trbv4,0.8331655,3.041816,0.40475138435152935,0.7687638937496122
Zfp87,0.8329601,4.0923386,0.40486722863237357,0.7688773263464814
Elmo2,0.83258665,1.1937429,0.40507790538268684,0.7691176477320413
Uvssa,0.8324746,1.7868928,0.405141121184895,0.7691176477320413
Caap1,0.8324372,3.1327727,0.4051621944293534,0.7691176477320413
Abcc10,0.8322692,2.2511513,0.4052570321371327,0.7691910972954722
Sfxn2,0.83211976,1.8464558,0.4053413434592117,0.7692184267476878
Nup85,0.8319704,1.5425138,0.4054256652629341,0.7692184267476878
Gstt2,0.83191437,0.091580994,0.40545728864151054,0.7692184267476878
Jrkl,0.8317463,1.3703955,0.4055521676203321,0.7692184267476878
Gnpda1,0.8317463,1.8161379,0.4055521676203321,0.7692184267476878
Gtf2h3,0.83155954,0.05360454,0.40565760426441466,0.7693119017749835
Leng1,0.83126074,1.4033127,0.4058263369527493,0.7694788696752841
Polr3gl,0.8312047,0.8980489,0.4058579789980732,0.7694788696752841
Slc38a9,0.831018,1.2363755,0.4059634631241217,0.7695723598727643
Utp23,0.8307379,1.1015419,0.4061217200082293,0.7697658500432681
Ptcd1,0.83045775,1.4699974,0.40628001372296074,0.7699128593814422
Fblim1,0.8304018,-0.71431667,0.40631167688524283,0.7699128593814422
Vps9d1,0.82944936,0.9192222,0.4068501759939597,0.7706735185438128
Pdp2,0.82944936,1.0716548,0.4068501759939597,0.7706735185438128
Pcsk9,0.8293933,0.6443112,0.4068818656662334,0.7706735185438128
Zfp507,0.8291693,1.130753,0.4070086390798481,0.7708070715225213
Cracr2b,0.82859033,0.87510335,0.4073362460965009,0.7713208806526693
Tmtc4,0.8282542,0.83066213,0.4075265416575419,0.7715745744483588
Tm6sf2,0.82750726,0.72557336,0.40794961037727606,0.7722557304234191
Champ1,0.8273579,0.49305347,0.40803425551414874,0.7722557304234191
Trim65,0.8273205,0.66639555,0.40805541843322124,0.7722557304234191
Mtmr14,0.82593864,0.5910075,0.408838906068156,0.7736316316483062
Insl6,0.8256772,0.60466045,0.40898723412385296,0.7738054284624756
Rnase4,0.82534105,-0.32516232,0.4091779886763939,0.7740594372917146
Smarcal1,0.82521033,0.47035354,0.4092521852964649,0.7740596301107796
Itgb6,0.82506096,-0.28303117,0.409336991234568,0.7740596301107796
Thrb,0.82504225,-0.27136374,0.4093475927118685,0.7740596301107796
Zfyve26,0.8241459,0.48816603,0.4098566556857184,0.7747415680006173
Gcc1,0.82412726,0.42223448,0.40986726516517835,0.7747415680006173
Cbx1,0.82410854,0.3626125,0.4098778748079178,0.7747415680006173
Bmf,0.8238471,0.55830264,0.41002642694998304,0.7749154434011267
Coasy,0.8237164,-0.089892946,0.4101007150209717,0.7749222747844895
Mettl27,0.8236417,0.012989185,0.4101431689388564,0.7749222747844895
Tdg,0.8233616,0.25225303,0.41030239439326377,0.7751162166557796
Clpb,0.8224466,-0.06262563,0.41082278680261697,0.7759923037633879
Krr1,0.82186764,0.20103039,0.4111522169960973,0.7765074955674844
Srgap2,0.8209713,1.3474718,0.4116626117482872,0.7773642702896671
Usp36,0.82039243,2.6099873,0.4119924413888997,0.7778530600910513
Tspan12,0.8203177,0.09967362,0.41203501146574883,0.7778530600910513
Snx21,0.8199069,-0.004198784,0.41226919351430724,0.7781879238283287
Ncapd3,0.81979483,1.0849195,0.41233307503896,0.7782012850301353
Cluap1,0.819272,1.9073635,0.4126312664048122,0.7786567974856647
Tti2,0.8190292,1.5202619,0.41276975582834674,0.7787504594205319
Mob3c,0.8188051,1.827045,0.41289761666198155,0.7787504594205319
Ripk2,0.81878644,1.722765,0.4129082727905652,0.7787504594205319
L3mbtl3,0.81878644,2.1451492,0.4129082727905652,0.7787504594205319
Tia1,0.8183383,1.5928556,0.4131640687542131,0.7789915968584541
Ing3,0.8183009,1.2626941,0.4131853893202928,0.7789915968584541
Cenpo,0.81826353,1.4430075,0.4132067105379844,0.7789915968584541
Zfp346,0.81775934,0.22381648,0.41349461074837013,0.7792730253856984
Dpy19l1,0.8175913,1.6863215,0.41359060387086755,0.7792730253856984
Cbll1,0.8175913,1.3935723,0.41359060387086755,0.7792730253856984
Nos1ap,0.81751657,1.7599769,0.4136332717151816,0.7792730253856984
Ralgps1,0.8174419,1.4739031,0.4136759421651164,0.7792730253856984
Ubap2,0.81740457,-0.2191127,0.41369727836716674,0.7792730253856984
Tmem268,0.81725514,1.0585575,0.4137826296890251,0.7793266465135613
Ccdc85b,0.816919,1.3303683,0.4139747082653994,0.7794740933529373
Bmyc,0.816919,0.9407208,0.4139747082653994,0.7794740933529373
Rnaseh1,0.8167696,1.2312428,0.41406009345441575,0.7795277285042593
Gcdh,0.81654555,0.09991979,0.41418819077396185,0.7795279207046412
Ercc6l2,0.81647086,1.0993309,0.4142308950897655,0.7795279207046412
Abcc5,0.81647086,1.274165,0.4142308950897655,0.7795279207046412
Cbfa2t3,0.8160974,0.09321775,0.41444445573487265,0.7798226951748051
Orc2,0.81553715,0.9142517,0.4147649187672737,0.780318509628076
Vta1,0.81540644,0.7203387,0.4148397145482815,0.7803520649885289
Slc35d2,0.8151637,0.8920394,0.41497864215083335,0.7805062324912708
Ipo4,0.8147528,0.7638275,0.4152138130373514,0.7808413505300912
Pecam1,0.8141552,1.1080295,0.41555602032225614,0.7812036230882171
Sox13,0.8140432,0.518265,0.41562020272890277,0.7812036230882171
Nop14,0.81393117,0.84747183,0.41568439098985177,0.7812036230882171
Safb,0.8138938,0.5961686,0.41570578837774386,0.7812036230882171
Ces1e,0.81383777,-0.0700138,0.4157378856791497,0.7812036230882171
Sh2b1,0.8138191,0.6359664,0.4157485851048315,0.7812036230882171
Klhl11,0.81363237,0.5849856,0.4158555883046823,0.781297526024979
Lrrcc1,0.81329626,0.5324766,0.4160482350366991,0.7815522857538431
Fbrsl1,0.8130348,0.562347,0.4161981077996726,0.7817266351597909
Rnf8,0.8129228,0.6321984,0.41626234873708856,0.7817401203150258
Tesk2,0.81269866,0.78677577,0.4163908481663743,0.7818742625931097
Cad,0.8125866,0.8684525,0.4164551066576967,0.781887756778189
Pelo,0.811877,0.5036496,0.41686221295893244,0.7825448503065736
Pym1,0.8116156,0.50653934,0.41701225863471547,0.7825853095556243
Caml,0.8115782,0.5148018,0.41703369633061427,0.7825853095556243
Tex9,0.81154084,0.4142685,0.41705513467632216,0.7825853095556243
Zfp51,0.8113915,0.6070677,0.4171408945570395,0.7825922064272971
Nadk2,0.81133544,0.46008226,0.4171730571925949,0.7825922064272971
Mettl14,0.80989754,0.51574785,0.41799906504306794,0.7840343908940349
Lyrm4,0.80836624,0.23465697,0.41887976802661875,0.7855787572846922
Lrrc45,0.80795544,0.26828423,0.4191162398146524,0.785914657194188
Acsbg1,0.80599463,5.821341,0.42024593640916896,0.7879251852751628
Tubgcp6,0.8054718,0.97544056,0.42054749066175534,0.7883826795383208
Rbm19,0.8052664,1.9346919,0.42066599316043574,0.7884294547338607
S100a4,0.805229,1.4432025,0.42068754117551255,0.7884294547338607
Bco2,0.80470616,22.88991,0.42098928142629677,0.7888397388286457
Znhit6,0.8046501,1.7567569,0.421021618271172,0.7888397388286457
Miip,0.8045194,1.2785189,0.4210970765780935,0.7888732324791303
Isg20l2,0.80427665,2.160741,0.42123723448832096,0.7889802103795986
Zfp771,0.80410856,1.6209536,0.42133428292026287,0.7889802103795986
Mtr,0.80405253,3.3793218,0.4213666353123874,0.7889802103795986
Ass1,0.80397785,1.1704075,0.4214097741021958,0.7889802103795986
Naa40,0.8039218,1.8759364,0.4214421298947374,0.7889802103795986
Slc2a3,0.8037164,2.8936841,0.42156078026813293,0.789094506035445
Zc3h10,0.80339897,1.7058489,0.4217441875593737,0.7892286716917107
Tor3a,0.80324954,0.27851894,0.4218305130613652,0.7892286716917107
Foxd2,0.8032309,-0.5158079,0.4218413044775431,0.7892286716917107
Rfx3,0.8031935,1.3085825,0.4218628877955035,0.7892286716917107
Klhl36,0.80304414,1.5531479,0.42194922754187736,0.7892824163467668
Ninj1,0.80253994,-0.21884446,0.4222407006585126,0.7895580068715276
Sesn1,0.8025026,1.0968565,0.42226229595282394,0.7895580068715276
Mroh3,0.80240923,1.2713284,0.4223162870203674,0.7895580068715276
Treml2,0.8023905,1.9568666,0.42232708571931055,0.7895580068715276
Pdzk1ip1,0.8021851,-0.67373633,0.4224458820867487,0.7896049828589691
Inip,0.80214775,1.1533294,0.4224674835296528,0.7896049828589691
Dbi,0.80190504,-0.09705237,0.42260790868267084,0.7897325998730913
Wdr55,0.80177426,0.6351591,0.4226835335509377,0.7897325998730913
Rrbp1,0.80166227,-0.3426683,0.42274836117541204,0.7897325998730913
Mterf2,0.8014568,0.07479738,0.4228672269442598,0.7897325998730913
Tsga10,0.8013448,0.9430983,0.42293207106709263,0.7897325998730913
Mib2,0.80130744,0.87330395,0.4229536870685827,0.7897325998730913
Zfp688,0.8012888,-0.20753188,0.42296449531192404,0.7897325998730913
Arl16,0.80123276,0.9276782,0.4229969210123171,0.7897325998730913
Gpn1,0.80059785,0.63058144,0.42336451399969577,0.7903111925052231
Clec2e,0.8004671,-0.45885843,0.42344021811155375,0.7903448212708837
Cldn8,0.80016834,0.68542117,0.4236132858279682,0.7905601438282475
E2f6,0.7998509,0.5266438,0.4237972156187607,0.7907956761069221
Bbc3,0.7993466,0.6503077,0.4240894354065664,0.7912331833133542
Zfp148,0.79873043,0.6657229,0.42444675289444445,0.7917920090759653
Mtif3,0.7976473,-0.2686037,0.42507519173069974,0.792856382125335
Pdss2,0.79746056,0.48653203,0.4251835981592377,0.7929506254807455
Themis3,0.7967136,0.43717578,0.42561738530931426,0.7936515827872064
AW209491,0.79660153,0.35577947,0.42568247565643125,0.7936649314770152
Cab39l,0.79606,0.30116206,0.4259971608989679,0.7941435711410886
Tpgs2,0.7955745,0.473404,0.4262794078591716,0.7945616173701567
Pxdc1,0.795201,0.042121135,0.42649659510936244,0.794858298598594
Tmem219,0.79479015,0.06597113,0.4267355755965113,0.7951955094766329
Fbxl19,0.7946034,0.059056718,0.4268442288918053,0.7952898049527719
Nhlrc3,0.79342693,0.19305752,0.42752911536109417,0.7964575578524599
Lemd3,0.7928854,0.17663905,0.42784459555560783,0.7969369081049391
Prkdc,0.79275465,2.1007771,0.4279207662483583,0.7969704319742399
Uba6,0.791933,0.33163252,0.4283997341930609,0.7977540245269722
Armh3,0.7915595,0.046034228,0.4286175499657724,0.7979133072662603
Pex11g,0.7915222,-0.0037287874,0.4286393350854095,0.7979133072662603
Birc2,0.79133546,1.614419,0.428748270343684,0.7979133072662603
Slc25a40,0.7911487,0.18332517,0.4288572217010672,0.7979133072662603
Tmem64,0.79103667,1.0716734,0.4289226002424783,0.7979133072662603
Sharpin,0.790962,1.8163793,0.4289661891561384,0.7979133072662603
Vcpkmt,0.79077524,2.733527,0.4290751727074754,0.7979133072662603
Alcam,0.7907192,-0.40561095,0.42910787091143543,0.7979133072662603
Slc16a3,0.7905885,23.79578,0.4291841723536549,0.7979133072662603
Ccdc102a,0.7905885,24.309494,0.4291841723536549,0.7979133072662603
Trbv19,0.7905885,24.992302,0.4291841723536549,0.7979133072662603
Wdr6,0.7905885,24.026054,0.4291841723536549,0.7979133072662603
Tgm5,0.79043907,2.5977244,0.4292713836579277,0.7979261069635689
Srpk2,0.7903644,1.5943159,0.4293149931722563,0.7979261069635689
Cpox,0.7902523,0.31155095,0.4293804122712326,0.7979261069635689
Fam57a,0.79017764,-0.17867705,0.4294240282220725,0.7979261069635689
Vps72,0.7899909,1.1983336,0.4295330793621672,0.7979528154354234
Zfp955b,0.78995353,1.3649538,0.429554891520894,0.7979528154354234
Zfp617,0.7897295,1.4543713,0.42968577798724705,0.7980877383982219
Atp2a3,0.78959876,-0.337603,0.42976213912386485,0.7981144782292813
Ruvbl1,0.78950536,1.3014883,0.42981668761865965,0.7981144782292813
Gata3,0.7890572,2.720218,0.43007857636675995,0.7984046095655043
Ddb2,0.78903854,1.3780094,0.43008949040827893,0.7984046095655043
Syne1,0.7888331,1.5266945,0.43020955547848927,0.7985192941410789
Cdon,0.788553,1.7811664,0.4303733119297791,0.7987150329772383
Oas2,0.78806746,-0.077264026,0.4306572421372148,0.7990591384281409
Setdb2,0.78801143,1.4002098,0.4306900103076903,0.7990591384281409
Riok1,0.78793675,1.2896234,0.4307337034519577,0.7990591384281409
Gcnt1,0.78760064,0.76636237,0.4309303544244507,0.7992480365683561
Supt7l,0.78756326,0.104727045,0.4309522077467479,0.7992480365683561
Med17,0.7871524,0.89122206,0.43119263671466945,0.7995856961276356
Rhobtb3,0.7865175,-0.10868218,0.4315643617079786,0.8001667012314666
Lyrm9,0.7862187,0.86290497,0.4317393553681914,0.8003353735917267
Zbtb10,0.78616273,-0.17642191,0.43177217125667533,0.8003353735917267
Terf1,0.785976,0.7088099,0.4318815679899205,0.8003824083504504
Atg4c,0.78591996,0.060289033,0.4319143901412321,0.8003824083504504
Tnfrsf14,0.785341,0.5490891,0.43225363698659347,0.8009027355580648
Il17re,0.7849302,-0.13571501,0.43249448640293253,0.8011728614784849
Mre11a,0.78489286,0.6252413,0.43251638565656014,0.8011728614784849
Cfap410,0.7840152,0.22055209,0.4330312028994182,0.8020180451158617
Snapc1,0.78252125,0.51503295,0.4339083024403966,0.8034659183885899
Xrcc1,0.7824839,0.59341973,0.4339302430771662,0.8034659183885899
Coq8b,0.7822598,0.51723033,0.4340619003628209,0.8036010858068441
Commd9,0.78188634,0.20572269,0.4342813804622381,0.8038987856144658
Fam160a1,0.780243,0.5161298,0.43524785427308144,0.8054701612239924
Zbtb4,0.77985084,2.0959604,0.43547867336906143,0.8057884690918614
Mtap,0.7794587,2.4341543,0.4357095630658445,0.8061068216073017
Zmynd8,0.77927196,0.24741766,0.4358195353508061,0.8062014088990066
Polr3h,0.77876776,1.6426497,0.4361165404588625,0.8066419068835448
Pfas,0.7783943,1.4476041,0.4363366194466963,0.8068311089782345
Zfp319,0.7780581,1.6408368,0.4365347452475262,0.8070885303496774
Rad18,0.7773672,3.3881378,0.4369421665751433,0.8077327866791881
Gbp8,0.7767509,3.8487127,0.4373057270309143,0.8082957987484519
Hsdl1,0.77647084,23.925415,0.4374710393297089,0.8084745443007278
Atad2,0.7762841,1.7917544,0.43758126750653037,0.8084745443007278
Sla2,0.7762467,3.74412,0.43760331505958183,0.8084745443007278
Fbxw7,0.7759853,0.06745215,0.4377576658278727,0.8084745443007278
Kbtbd8,0.7759293,2.7787657,0.4377907450670071,0.8084745443007278
Usp11,0.7758919,3.5347521,0.4378127986919699,0.8084745443007278
Ddx55,0.7756305,1.9773433,0.43796719196038514,0.8084745443007278
Agtpbp1,0.7755558,2.8344862,0.43801131007396044,0.8084745443007278
Mctp1,0.7755184,2.7138739,0.43803337008921517,0.8084745443007278
Atr,0.77544373,1.3939483,0.43807749203659796,0.8084745443007278
Marveld1,0.7754251,1.9995272,0.43808852292278333,0.8084745443007278
Mmab,0.7753877,1.1373253,0.43811058517435064,0.8084745443007278
Dtx3,0.77493954,1.9780836,0.4383753820253179,0.8088542402352668
Slc36a4,0.77452874,1.3081433,0.43861819327713836,0.809193273349959
Odf3b,0.7737818,-0.034595456,0.43905986624613824,0.8098990396623259
Edn2,0.77355766,0.8563479,0.43919241793568886,0.8099661887223408
Abitram,0.7735203,0.62664497,0.4392145121181219,0.8099661887223408
Bcl7c,0.7731095,0.8494978,0.4394575902501281,0.8103053817532644
Tmem205,0.77253056,0.72442317,0.43980024049570465,0.8108280574338789
Cnnm3,0.77219445,0.662197,0.43999926904238773,0.8110858430948213
Rfesd,0.77118605,-0.19320871,0.44059666464688074,0.8120778024569173
Mrgbp,0.7708126,0.6750142,0.44081804023334026,0.8123765336557388
Ncald,0.7689638,0.05786502,0.4419147877931089,0.8142881765656478
Plekhg3,0.7683663,-0.10713283,0.4422696257994613,0.8148324197757691
Ogfod2,0.76821685,-0.17402045,0.4423583607660305,0.8148863173987654
Tmcc3,0.76780605,-0.42432517,0.44260243443481373,0.8151167296352935
Ppfibp2,0.76780605,0.1744252,0.44260243443481373,0.8151167296352935
Zbtb43,0.76554644,-0.16825676,0.44394621557645475,0.8174816066394396
Eno3,0.765285,-0.5072005,0.44410184460323765,0.8176582812880467
Gfi1,0.76483685,2.031634,0.44436870966752506,0.8180396832094993
Gpatch4,0.7644447,2.171932,0.4446022916522129,0.8183597199563772
Sh3bp5,0.76425797,3.1737669,0.44471354578485833,0.8184545375137774
Zfp52,0.7640712,1.951365,0.4448248157966723,0.8185493588199343
Zbtb26,0.76242787,1.6440074,0.4458046763593754,0.8199862997687956
Gpr132,0.7624092,2.89026,0.4458158181997566,0.8199862997687956
Zfp933,0.7623532,23.696926,0.4458492446726816,0.8199862997687956
Fbh1,0.7623345,0.08878803,0.44586038714757825,0.8199862997687956
Ankrd54,0.7622598,1.530885,0.4459049586333961,0.8199862997687956
Trbv12-1,0.76212907,3.7695725,0.4459829648403175,0.8200196776690847
Thumpd1,0.7616062,0.23978193,0.4462950673797703,0.8202761755300683
Llph,0.76149416,1.6363328,0.4463619626698291,0.8202761755300683
Ndst2,0.76149416,1.2881255,0.4463619626698291,0.8202761755300683
F8a,0.7610833,1.8025824,0.44660729423118894,0.8205198124593178
Stard13,0.761046,-0.329876,0.44662960090503545,0.8205198124593178
Carmil1,0.7609713,0.0105697885,0.4466742161548608,0.8205198124593178
Kat2a,0.7607098,1.4146652,0.44683038950026754,0.820536002882866
Pag1,0.7606725,1.5479578,0.4468527025140103,0.820536002882866
Pank4,0.7605231,1.0427206,0.4469419609080256,0.820536002882866
Cep78,0.7604111,1.8867263,0.4470089113591663,0.820536002882866
Cxcl13,0.7604111,1.6717795,0.4470089113591663,0.820536002882866
Adck2,0.76035506,0.2702011,0.44704238872392055,0.820536002882866
Paip2b,0.75996286,0.98744994,0.44727677020449386,0.8207367784730034
Ddx28,0.7598135,0.97156596,0.4473660767647668,0.8207367784730034
Fbxo21,0.7598135,1.1556994,0.4473660767647668,0.8207367784730034
Nup160,0.75970143,0.91040105,0.4474330633379785,0.8207367784730034
Igtp,0.7595707,1.0187205,0.44751122154695877,0.8207367784730034
Atp6v0e2,0.7595707,-0.4950262,0.44751122154695877,0.8207367784730034
Smox,0.75934666,0.0008917301,0.4476452251033518,0.8208726521102825
Zfp637,0.7591039,1.0075734,0.44779042135661884,0.820980579176937
Arsa,0.75904787,-0.1334318,0.4478239319846168,0.820980579176937
Mcoln2,0.75891715,0.8067364,0.44790212899163706,0.8210140710711035
Trub1,0.7587677,0.9620028,0.44799150649910857,0.8210680453562257
Mfsd10,0.7584316,0.9191097,0.4481926429345138,0.8213268068757141
Phc1,0.75809544,0.7481154,0.44839383065318694,0.8215092329344948
Apaf1,0.75798345,0.6192504,0.44846090462069,0.8215092329344948
Actr10,0.75796473,-0.18613884,0.4484720841691304,0.8215092329344948
Kcne3,0.7577407,-0.425681,0.44860625109267993,0.8216451390333844
Pfkfb4,0.7568256,0.41509387,0.44915433579351693,0.8225390188973641
Cdc14b,0.75637746,0.37884387,0.4494229239846723,0.8228034221130923
Ttll5,0.7563401,0.55623865,0.44944531044482183,0.8228034221130923
Slc2a13,0.75628406,-0.67545193,0.4494788913207579,0.8228034221130923
Dus2,0.75581723,0.52536577,0.44975878728091834,0.8232057963591959
Pex26,0.75521964,0.15054148,0.4501171982466915,0.8237517520678165
Ptbp2,0.7549956,0.5442133,0.4502516440724815,0.8238877419250697
Rep15,0.7545847,-0.16634195,0.4504981871669175,0.824228787952293
Lmnb2,0.7540992,0.185753,0.45078965483032385,0.8246519256476748
Xpot,0.7530908,0.2280484,0.4513953517636681,0.8255805333549129
Lyrm7,0.7530534,0.097515486,0.4514177938220184,0.8255805333549129
Slc35e2,0.7528294,-0.39819992,0.4515524594267919,0.8257165902492056
Rars2,0.7515222,-0.36423886,0.45233846151957047,0.8270434969729235
Cep85,0.751018,2.5305583,0.45264184024308574,0.827487751712073
Slc16a9,0.7508873,-0.40822485,0.452720512743631,0.8275211507121741
AI413582,0.7503457,0.24442591,0.453046523936138,0.8280065872365383
Pcca,0.74982285,-0.10438167,0.4533614190905927,0.8284715808378177
Tnfsf14,0.749412,5.1762357,0.45360892334119995,0.8288133168544197
Akt3,0.7486464,1.6675545,0.4540703846166694,0.8295174994308504
Met,0.74857163,-0.3179209,0.45411541939645095,0.8295174994308504
Taf4b,0.74808615,2.6891267,0.45440820684178096,0.8295769667326901
Arl3,0.7480114,0.072826676,0.4544532605055416,0.8295769667326901
Scaf8,0.74786204,1.3889251,0.4545433753851328,0.8295769667326901
Lpcat4,0.7476379,0.8326562,0.4546785665830334,0.8295769667326901
Nudt6,0.7476006,1.3976803,0.4547011006516656,0.8295769667326901
Timm21,0.74748856,1.540983,0.4547687066326832,0.8295769667326901
Ppm1d,0.7473765,1.2137275,0.4548363182760903,0.8295769667326901
Tldc2,0.7473205,1.5525645,0.45487012622107303,0.8295769667326901
Mknk1,0.74722713,1.5438904,0.45492647594148117,0.8295769667326901
Cdkn2b,0.7470777,-0.6408957,0.4550166436717882,0.8295769667326901
Rfx5,0.7470777,1.0510616,0.4550166436717882,0.8295769667326901
Zfp113,0.74702173,1.6510322,0.45505045916533315,0.8295769667326901
Poc1a,0.74685365,1.390761,0.45515191413702205,0.8295769667326901
Ppox,0.74677896,1.8617686,0.45519700932359475,0.8295769667326901
Faap24,0.74677896,1.4968666,0.45519700932359475,0.8295769667326901
Adprhl2,0.7467042,1.5605131,0.4552421070257294,0.8295769667326901
Klhl25,0.7466669,1.2851877,0.45526465682009754,0.8295769667326901
Ficd,0.7466109,1.6411614,0.455298482690737,0.8295769667326901
Creb3l3,0.7466109,1.0520391,0.455298482690737,0.8295769667326901
Tmem267,0.7455838,0.83198535,0.4559188743494049,0.8305968854503786
Polr3e,0.74511695,0.72349626,0.4562010276863908,0.8310004094274104
Ctu2,0.7448742,0.731769,0.45634778621897965,0.8311572282903511
Nkapd1,0.7440712,0.6894411,0.45683340734882316,0.8319285456041133
Tmem106c,0.7439218,-0.06709883,0.45692378749187224,0.8319285456041133
Enpp4,0.7437911,0.7019236,0.457002878357208,0.8319285456041133
Tamm41,0.7437724,0.61357445,0.4570141776800406,0.8319285456041133
Serf1,0.74282,0.124905236,0.45759065120920117,0.8328672673795743
Fastkd5,0.7419237,0.46233526,0.458133587212736,0.8337447057404999
Mettl7b,0.7414568,-0.059955716,0.4584165094425673,0.8341487819581845
Tmem265,0.741102,0.39871913,0.4586315958483367,0.8343185318181134
Lmf1,0.741102,-0.004005303,0.4586315958483367,0.8343185318181134
Hmgb3,0.7405791,0.1812114,0.4589486683854559,0.8347844871057815
Xkr9,0.740243,0.38361317,0.4591525655812918,0.8350444907027343
Bckdha,0.7396454,0.45384613,0.4595151747629388,0.8355930308272183
Harbi1,0.73912257,0.4126956,0.459832589299658,0.8360592532721054
Ccdc34,0.73869306,-0.18234168,0.4600934144571506,0.8364224758576118
Phlda1,0.7366762,-0.22128041,0.46131926509136856,0.8385397282409114
Ano6,0.73605996,1.2099305,0.461694194212113,0.8391099045775999
Rmnd1,0.73592925,-0.32580316,0.4617737465021985,0.8391431658151107
Oplah,0.73559314,-0.15119721,0.4619783446750202,0.8394036236137635
Pde9a,0.7354624,-0.34948593,0.46205792429543247,0.8394368867321874
Mosmo,0.7350516,2.0934477,0.46230808148096436,0.8397306291395107
Rhbdd2,0.73499554,1.2514001,0.4623421996787832,0.8397306291395107
Efcab2,0.73449135,4.5653605,0.46264932667319436,0.8400049282259353
Orc6,0.7343046,1.6538272,0.46276310628291195,0.8400049282259353
Taf7,0.7342299,2.2830966,0.4628086224957719,0.8400049282259353
Trat1,0.73411787,24.231697,0.46287690149573824,0.8400049282259353
Prdm11,0.73411787,24.220104,0.46287690149573824,0.8400049282259353
Cyp4f16,0.73411787,22.41184,0.46287690149573824,0.8400049282259353
Calhm6,0.7340432,2.8209047,0.46292242394932936,0.8400049282259353
Brat1,0.73355764,2.4499145,0.4632183807345702,0.840430647075038
Pip4k2a,0.73288536,2.5086043,0.4636283410947125,0.8406478854610309
Epha2,0.732792,-0.49820343,0.4636852960144704,0.8406478854610309
Camk4,0.732736,1.9065684,0.46371947083693044,0.8406478854610309
Slf1,0.732736,1.6068392,0.46371947083693044,0.8406478854610309
Slc7a5,0.7326613,0.99933374,0.4637650394491467,0.8406478854610309
Lrrc49,0.73262393,1.9088612,0.4637878246904802,0.8406478854610309
Mtrf1l,0.7325866,0.80415046,0.4638106105552776,0.8406478854610309
Gtf2e1,0.73247457,1.3254455,0.46387897189030636,0.8406478854610309
N4bp2l1,0.73245585,1.215171,0.4638903659916346,0.8406478854610309
Fam214a,0.73225045,1.5721762,0.46401571139190134,0.8407638204032599
Prmt9,0.73187697,1.1456636,0.46424366042497933,0.8409766972142042
Atg14,0.73161554,1.1406696,0.46440326182756864,0.8409766972142042
Ttc23,0.7315782,0.8048285,0.4644260645203192,0.8409766972142042
Adpgk,0.7315782,0.81608754,0.4644260645203192,0.8409766972142042
Etnppl,0.73148483,1.0693955,0.4644830739780106,0.8409766972142042
Tubgcp5,0.7313541,0.879441,0.4645628937603721,0.8409766972142042
Fbxw4,0.7313541,0.82155657,0.4645628937603721,0.8409766972142042
Mterf4,0.7312047,1.0397421,0.46465412571317943,0.841030720342259
Tmem161a,0.73101795,0.92200816,0.4647681796693922,0.8411260318983717
S100pbp,0.7307565,1.0430093,0.4649278813664851,0.8413039195246131
Fto,0.7300469,0.8468283,0.4653615111998747,0.8419074948709454
Tmem199,0.73000956,0.7680379,0.4653843400480051,0.8419074948709454
Trim68,0.7291132,0.40081427,0.46593241909729555,0.8427877134450684
Tmtc3,0.72836626,0.5922398,0.4663894253580678,0.8435029871162415
Ccs,0.72810477,-0.23041904,0.4665494363128664,0.8436810028360968
Sntb2,0.72784334,0.5748288,0.46670947772933,0.8438590266453506
Fastkd2,0.72750723,0.39644,0.4669152900165052,0.8440083748813989
Hinfp,0.72750723,0.6121598,0.4669152900165052,0.8440083748813989
Mmgt2,0.7268723,0.25962147,0.46730418388537476,0.8445999101886061
Cox18,0.7257145,0.30273092,0.46801380539219484,0.8457708922138331
Slc8b1,0.7247434,0.31889543,0.46860943177699876,0.8466239239542243
Sesn2,0.7246314,0.19360287,0.4686781848868409,0.8466364890492775
Cir1,0.7241085,0.23424697,0.4689991065375516,0.8471045167520709
Lig4,0.72373503,0.27877122,0.4692284106966308,0.8473159776179865
Hpd,0.7237164,-0.49692926,0.4692398775319462,0.8473159776179865
Sbf2,0.7225025,-0.7387616,0.4699855541569192,0.8485506183381383
Haus8,0.72199833,2.168825,0.47029548910720376,0.8489983134495573
Kat14,0.7213634,0.06571358,0.47068593808302406,0.8494628075651411
Zfp1,0.7212327,4.0514092,0.4707663468433655,0.8494628075651411
Utp25,0.7211767,1.2694868,0.47080081006146834,0.8494628075651411
Ncr1,0.7211767,5.7901516,0.47080081006146834,0.8494628075651411
Zeb1,0.72098994,4.234714,0.4709156975111729,0.8495582112066196
Depdc5,0.72048575,1.1321245,0.47122597088926355,0.8498444387995149
Dzip1,0.72048575,1.9265214,0.47122597088926355,0.8498444387995149
Nlrp9b,0.7204297,5.1396675,0.47126045266860694,0.8498444387995149
Sp140,0.72014964,2.8809521,0.47143288244008696,0.8498737759722026
Zfp46,0.7201309,2.332592,0.47144437899511105,0.8498737759722026
Fgfr3,0.7200002,22.995493,0.47152485920910303,0.8498737759722026
Carns1,0.7200002,24.215754,0.47152485920910303,0.8498737759722026
Il18rap,0.7195334,3.5671394,0.4718123503766385,0.8500401028527232
Gjb3,0.71951467,-0.42193463,0.4718238520325986,0.8500401028527232
Phka2,0.71938396,1.9973017,0.47190436795135837,0.8500401028527232
Tctn1,0.71934664,1.8914694,0.47192737389035133,0.8500401028527232
Spsb1,0.71934664,3.2116015,0.47192737389035133,0.8500401028527232
Mdm4,0.7191412,1.5240922,0.47205391760283066,0.8501562601759932
Smyd3,0.71887976,2.4361947,0.4722150002744493,0.8502642659249269
Hace1,0.71884245,1.0548258,0.47223801455640646,0.8502642659249269
Fam120c,0.718525,1.2918717,0.4724336608985803,0.850467736899513
Mcts2,0.71845025,1.5810468,0.4724797018187926,0.850467736899513
Cep97,0.7183569,2.377448,0.47253725644372946,0.850467736899513
Zfp35,0.7181515,1.2246392,0.47266389020727617,0.850583908556375
Impact,0.71760994,0.8572385,0.4729978324015034,0.8510730632913838
Mcm5,0.7174792,0.9534126,0.4730784585870521,0.8511063535971916
Tec,0.7172551,0.9830024,0.4732166924983068,0.8511855333077444
Hdac8,0.7171244,1.0092248,0.47329733920809813,0.8511855333077444
Ogfrl1,0.71710575,0.99673563,0.4733088607838245,0.8511855333077444
Slc27a1,0.71647084,0.683679,0.47370068614846694,0.8517783698955239
Coq3,0.7148088,-0.48690903,0.47472719060946866,0.8535121405970761
Chst4,0.71447265,-0.5846762,0.4749349466474623,0.8537736214499715
Baiap2,0.7142859,0.5336528,0.4750503882312347,0.8538691050600781
Tcf4,0.7135763,0.36161858,0.47548920667536565,0.8545457341535497
Gas7,0.7132775,0.4855019,0.47567403883533643,0.8546536828910307
Pop4,0.7132775,0.5604637,0.47567403883533643,0.8546536828910307
Gpat3,0.7130161,-0.39646858,0.47583579929193975,0.8547201324635603
Cdk5rap1,0.71275467,0.21092656,0.47599758990503815,0.8548986604220008
Chml,0.71202636,0.29521886,0.476448451295444,0.8555962488855136
Zbtb42,0.7119143,0.22139825,0.4765178353460823,0.8556086951823496
Mtx1,0.71139145,-0.1368233,0.4768417007569066,0.8560780107940794
Lancl1,0.711242,0.40091932,0.47693425586424165,0.8561319844523206
Pold2,0.71042037,0.094018705,0.4774434847266723,0.8569338059420164
Fubp3,0.7098415,0.09134665,0.47780243815733614,0.8574657326114101
Usp1,0.7090385,-0.2917707,0.47830058554218047,0.8582472851248032
Utp15,0.7087024,0.16855232,0.47850919659926805,0.8585091662401745
Zfp607a,0.7078247,2.840784,0.479054137534794,0.859374320312515
Aifm1,0.70761925,-0.51347786,0.4791817258143104,0.8594906577187814
Scml4,0.7072645,2.6366825,0.4794021492535534,0.8597734578837127
Cebpz,0.70690966,0.9180935,0.47962262801358413,0.8598253990604733
Mapk7,0.7068536,3.1716418,0.47965744550549116,0.8598253990604733
Eif2s3x,0.7066669,1.1280928,0.4797735137694533,0.8598253990604733
Ccnq,0.7064428,1.4583675,0.4799128159055792,0.8598253990604733
Mocs3,0.70640546,5.4231787,0.4799360350725185,0.8598253990604733
Rnf43,0.70640546,5.062845,0.4799360350725185,0.8598253990604733
Zfp142,0.7063308,1.8003716,0.47998247524418136,0.8598253990604733
Kcnn4,0.70614403,1.7711009,0.4800985863929875,0.8598253990604733
Gbp5,0.70614403,2.8457103,0.4800985863929875,0.8598253990604733
Elp6,0.70588255,2.6238363,0.48026116772529237,0.8598253990604733
Ncf4,0.70588255,24.06775,0.48026116772529237,0.8598253990604733
Ercc5,0.70584524,1.9707419,0.48028439607952833,0.8598253990604733
Ewsr1,0.7056958,3.4198706,0.4803773156198735,0.8598253990604733
AI467606,0.7056958,2.7044096,0.4803773156198735,0.8598253990604733
Card6,0.7054904,0.90522665,0.48050509598374846,0.8598253990604733
Slc7a6,0.70539707,1.1886369,0.4805631840895097,0.8598253990604733
Ap1s2,0.70539707,1.6317017,0.4805631840895097,0.8598253990604733
Fbxo45,0.7052103,2.292176,0.48067937177880016,0.8598253990604733
Gpr21,0.70517296,1.7328637,0.48070261115296264,0.8598253990604733
Cd28,0.7050983,3.3939307,0.4807490917374617,0.8598253990604733
Rmi1,0.70494884,1.1911783,0.48084206025069975,0.8598794185399539
Lman2l,0.70461273,1.0826579,0.4810512752038838,0.8600539696536565
Tnip2,0.70453805,1.4673618,0.48109777414612775,0.8600539696536565
Setd6,0.704426,1.1844293,0.4811675271478486,0.8600539696536565
Mad2l1,0.7043886,0.83399296,0.4811907793719181,0.8600539696536565
Med31,0.70416456,1.2997664,0.48133030556189926,0.8601620481068428
Pkdcc,0.7040899,0.09186762,0.4813768191850485,0.8601620481068428
Tnfsf8,0.7038844,2.0835185,0.4815047442623579,0.8602784293680625
Tmem117,0.70373505,-0.3076711,0.48159779230087363,0.8603324754885864
Ccdc122,0.7033242,0.9481456,0.4818537248469782,0.8604448133208451
Sclt1,0.70330554,0.98205847,0.48186535990204893,0.8604448133208451
Actr8,0.7032682,0.9353704,0.48188863047062314,0.8604448133208451
Hltf,0.70323086,1.1911831,0.48191190165042663,0.8604448133208451
Acyp2,0.70296943,0.50975007,0.4820748170221001,0.8606235331251982
Strada,0.70267063,1.2341976,0.48226104268386205,0.8608438156050697
Snx11,0.7021477,0.7963218,0.4825870316757589,0.8611306851044398
Zfp946,0.70212907,-0.28994468,0.48259867635394305,0.8611306851044398
Fdxr,0.7021104,0.6387867,0.4826103211848094,0.8611306851044398
Spns1,0.70192367,0.7029036,0.48272677789053153,0.8612263129444306
Msh6,0.7014755,0.5892688,0.4830063362653677,0.8616128654733772
Dock6,0.70136344,0.62102836,0.4830762395950813,0.8616253720157028
Nprl2,0.700243,0.30820322,0.4837755749616438,0.862535837711416
Ripor1,0.700243,0.51719123,0.4837755749616438,0.862535837711416
Ttc30b,0.7000189,-0.046057582,0.48391550791777915,0.8626730590076219
Creb3l2,0.6998695,0.2400102,0.48400880875130636,0.8627271246282718
Nudt13,0.6997388,0.31622976,0.48409045498335557,0.8627604050048097
Ccdc22,0.69904786,0.27774668,0.48452213768933405,0.8633883228765447
Kif21a,0.6989731,-0.26090664,0.48456881858377754,0.8633883228765447
Hist1h2ap,0.696116,0.13685264,0.4863561911372333,0.8664603145097654
Klhl12,0.69572383,-0.091618106,0.4866017946765846,0.8667851497944622
Upf3b,0.6949395,0.23781405,0.4870932027894289,0.8675476960758159
Amn1,0.69475275,0.10967384,0.48721024421557113,0.8676433570457981
Map3k4,0.6939685,0.10486765,0.4877019840100948,0.8684061841614634
Bri3bp,0.6938564,0.2083706,0.4877722544106431,0.8684184386518271
Tango6,0.69333357,2.3245237,0.4881002551754037,0.8688894875133875
Sphk2,0.6931281,0.1564711,0.48822914516039473,0.869006013862207
Apex2,0.6928294,2.7839434,0.48841665426305314,0.8692268333857921
Rad1,0.6924932,1.7593073,0.48862764840500117,0.8694893860434493
Dhx37,0.69204503,1.1453184,0.4889090503328051,0.8698512398927365
Ero1lb,0.69189566,2.2653184,0.4890028703753615,0.8698512398927365
Nars2,0.6918209,0.89037466,0.48904978403351773,0.8698512398927365
Ccdc127,0.6917649,23.327324,0.48908497086815694,0.8698512398927365
Rnf219,0.69159687,3.1468673,0.48919053955386005,0.8698965920636864
Calcrl,0.6915222,1.9475354,0.48923746290881054,0.8698965920636864
Mdfic,0.691186,2.6116722,0.4894486479993464,0.8700168020457099
B3galnt2,0.69116735,1.1156569,0.4894603819432912,0.8700168020457099
Stag1,0.6911113,1.5212053,0.4894955846838198,0.8700168020457099
Hspbp1,0.6908872,1.1066743,0.4896364092753239,0.8700622043188606
Sh2d1b1,0.69086856,1.4569377,0.48964814564222003,0.8700622043188606
Tcim,0.6904764,-0.53936553,0.48989464432090135,0.8703873203470819
Dnal4,0.690327,1.2683932,0.4899885661395966,0.870441306549854
Yae1d1,0.6900842,0.9725853,0.4901412097543345,0.8705995816977029
Swsap1,0.6899535,1.3287572,0.49022341306310435,0.8706327144107505
Gfod1,0.6898415,1.4702026,0.4902938789432183,0.8706449956606729
Topbp1,0.68972945,0.6509828,0.4903643502700752,0.8706487240307641
Naf1,0.68963605,1.0947351,0.490423080536161,0.8706487240307641
Kitl,0.6889451,0.4796466,0.4908578020278984,0.8711775701411678
Akr1b10,0.68879575,0.73949647,0.49095182308283414,0.8711775701411678
Crtc1,0.6887584,0.8230557,0.490975329858391,0.8711775701411678
Slc31a2,0.6887584,-0.4342725,0.490975329858391,0.8711775701411678
Alox5ap,0.688609,0.9140314,0.491069363007394,0.8711936454594857
Sbk1,0.68849695,0.04863308,0.49113989421777726,0.8711936454594857
Il15ra,0.6884409,0.6295123,0.49117516186343557,0.8711936454594857
Camta1,0.68827283,0.6933589,0.4912809729615776,0.8712685216276522
Zbtb45,0.68726444,0.6459937,0.4919160965464138,0.8722819729078266
Ada,0.68668556,0.40342492,0.4922809034958412,0.8728158894646078
Tle1,0.68642414,0.4888807,0.49244570256938514,0.8729950990166377
Ppp1r9a,0.6859946,0.39567435,0.4927165081110968,0.8733621634263199
Sfxn5,0.6855651,-0.43103728,0.492987393454247,0.8736371321383269
Zfp954,0.68554646,0.4282821,0.4929991728876938,0.8736371321383269
Sun1,0.68511695,0.0036586989,0.49327014147368786,0.8739121125052292
Tbl3,0.68509823,0.45716378,0.4932819245257618,0.8739121125052292
Evi5,0.6849675,0.50001997,0.49336441011112486,0.8739452312545138
Cyb5d2,0.68472475,-0.09582128,0.4935176172216018,0.8741036012845436
Cyp2d12,0.6833242,0.17866738,0.49440200157567216,0.8755568021699468
Dsp,0.68211037,-0.14695683,0.4951691530110549,0.8768020416506982
Agpat4,0.6818863,-0.45097017,0.49531085047032664,0.8769396034431992
Stk19,0.6808966,-0.062849194,0.4959369398790906,0.8779346267403465
Urod,0.6799815,-0.20730141,0.4965161527513322,0.8788464202446061
Mecom,0.6790665,-0.5873371,0.49709572612513486,0.8797586161883926
Actr6,0.67880505,2.879313,0.4972613846956895,0.8799381258500317
Jagn1,0.67839426,-0.24660249,0.4975217647067931,0.8802851835829866
Rffl,0.67809546,-0.0036573622,0.4977111775760401,0.8802925568687722
Lgals2,0.67787135,-0.49461856,0.49785326241534855,0.8802925568687722
Rhebl1,0.67757255,3.767183,0.49804274244359426,0.8802925568687722
Iqce,0.6773858,1.1721102,0.4981611869435465,0.8802925568687722
Prps1,0.6773485,3.114779,0.49818487764165265,0.8802925568687722
Dtd1,0.6772738,1.8931178,0.4982322608358378,0.8802925568687722
Zfp869,0.6772738,2.4578261,0.4982322608358378,0.8802925568687722
Tpcn2,0.67723644,2.7437592,0.498255953331881,0.8802925568687722
Polr3g,0.67716175,2.4796035,0.4983033401217791,0.8802925568687722
Ccdc92,0.6771244,1.6655413,0.4983270344155982,0.8802925568687722
Themis,0.6770123,2.6059825,0.4983981208923213,0.8802925568687722
Tubgcp2,0.6768256,2.852803,0.4985166103366705,0.8802925568687722
Srrd,0.6767883,1.3014722,0.49854031002285093,0.8802925568687722
Cyp2d9,0.6767136,1.6258351,0.49858771119237877,0.8802925568687722
Iqcc,0.6766015,1.5983716,0.4986588174393197,0.8802925568687722
Dars2,0.6766015,1.2083291,0.4986588174393197,0.8802925568687722
Carmil2,0.67656416,2.5602596,0.4986825207196015,0.8802925568687722
Slc25a42,0.6763401,1.6159581,0.49882475297870155,0.8803376930271677
Zfp768,0.6763214,-0.52564144,0.49883660664013885,0.8803376930271677
Rev1,0.6760786,1.4399804,0.49899071786156357,0.8803531473730953
Jmjd4,0.6760786,1.6297418,0.49899071786156357,0.8803531473730953
Klhl42,0.67600393,1.1824912,0.49903814178828165,0.8803531473730953
Gmip,0.6758172,1.1912838,0.4991567120817494,0.8804435576292348
Zrsr2,0.67555577,0.9162977,0.4993227356330969,0.8804435576292348
Lst1,0.67555577,1.0901781,0.4993227356330969,0.8804435576292348
Npat,0.6755184,0.8883263,0.4993464556773105,0.8804435576292348
Mgme1,0.6754064,0.94219726,0.49941761940058715,0.8804557181557129
Trub2,0.67521966,0.8363294,0.49953623757375454,0.8804800582974829
Dclre1c,0.6751823,1.2461178,0.4995599630033821,0.8804800582974829
Slc22a21,0.6748462,1.1496868,0.4997735187908876,0.8807431447691227
Gchfr,0.67465943,0.5843966,0.499892181830349,0.8807796818137693
Acap3,0.6745474,0.7369527,0.49996338683061414,0.8807796818137693
Ippk,0.67451,0.61827564,0.49998712302669224,0.8807796818137693
Hddc3,0.67432326,0.689024,0.5001058129761948,0.8808754998423591
Tmem42,0.6738004,0.6263154,0.5004382243449126,0.8812344053374425
Sart3,0.6738004,0.49452952,0.5004382243449126,0.8812344053374425
Ang4,0.6728667,-0.09188629,0.5010321073829145,0.8820534401369735
Eri3,0.67245585,0.506911,0.5012935341757929,0.8823078416389687
Fam174b,0.6724372,0.021662459,0.5013054189283016,0.8823078416389687
Snapc2,0.6719703,0.46532193,0.5016025862381159,0.8826162460086698
Trim37,0.671933,0.439678,0.5016263636513181,0.8826162460086698
Klhl15,0.6718583,0.5195491,0.5016739202678476,0.8826162460086698
Plod3,0.6714661,0.36413032,0.5019236316582515,0.8829421871748903
Zrsr1,0.6707005,0.45465386,0.5024113529349079,0.8835732394362309
Alad,0.66984147,-0.4019144,0.5029588506139552,0.8844225713529953
Hsd3b2,0.6691692,0.20304371,0.5033875468801909,0.8850628070147095
Lrrc51,0.66834754,-0.030934896,0.5039117709320932,0.8858708150609107
Heg1,0.66817945,0.3044737,0.5040190340598589,0.8859456975391414
Zfp777,0.6662934,-0.07526198,0.5052235904568052,0.8879490941960527
Pnpla7,0.6660693,2.0776472,0.5053668067882005,0.8880868718571505
Accs,0.66582656,3.3139846,0.505521981938188,0.8882456268504778
Tnfaip3,0.6654157,1.55905,0.5057846431802488,0.8885931792215195
Pigg,0.6652103,0.123673216,0.5059160007332362,0.8887099897480877
Dpy19l3,0.6646127,2.6021583,0.5062982338510487,0.8892308835086814
Jmjd7,0.6644446,2.6925397,0.5064057642758355,0.8892308835086814
Atg10,0.6643326,2.761748,0.5064774578973226,0.8892308835086814
Zbtb37,0.66403383,4.4982667,0.5066686669772043,0.8892308835086814
Itfg2,0.6638844,0.06807856,0.5067642857454088,0.8892308835086814
Atxn7l2,0.6638471,4.651252,0.5067881919193687,0.8892308835086814
Blm,0.6637724,3.6558332,0.5068360060454489,0.8892308835086814
Psmg2,0.6636043,1.1891336,0.5069435964969775,0.8892308835086814
Sik1,0.66356695,1.7535673,0.5069675071159296,0.8892308835086814
Bloc1s4,0.66352963,22.626226,0.506991418327468,0.8892308835086814
Fabp5,0.66352963,1.9719445,0.506991418327468,0.8892308835086814
Zcchc18,0.66352963,24.11176,0.506991418327468,0.8892308835086814
Gpr15,0.6631001,3.4598155,0.5072664398462607,0.8895603880923414
Rapgef4,0.66302544,2.5002704,0.5073142776731778,0.8895603880923414
Rcc1,0.66293204,-0.28365937,0.5073740782885807,0.8895603880923414
Ppl,0.66278267,1.7988702,0.5074697669725963,0.8895633881276782
Slc22a4,0.66272664,1.1009308,0.5075056526719659,0.8895633881276782
Tnfrsf26,0.66242784,2.1083193,0.5076970655693621,0.8897850579890318
Tmem79,0.66225976,1.5762565,0.5078047519752111,0.8898509766235797
Hmgb1,0.6621664,1.5000201,0.5078645829357497,0.8898509766235797
Polg2,0.66171825,0.94105333,0.508151823035146,0.8902404060845909
Mettl8,0.66145676,0.84740764,0.5083194191072428,0.8904201562164974
Prdm15,0.66134477,0.9267023,0.5083912548685834,0.8904321390564552
Zcchc9,0.66119534,0.9802702,0.5084870441642226,0.8904860673718331
Ccdc66,0.6605044,0.8147159,0.5089301927220654,0.8911482157837802
Ighmbp2,0.6602243,0.5951978,0.5091099051767715,0.8913489713638043
Mrrf,0.6600002,0.4494569,0.5092536990726568,0.8914148505201327
Tmem140,0.65996283,-0.29778838,0.5092776667898598,0.8914148505201327
Galnt4,0.6597761,-0.39472622,0.5093975142371241,0.8915107236904191
Ncapd2,0.65958935,0.64247894,0.5095173764514056,0.8915975976254833
Pwwp3a,0.659496,0.5960837,0.5095773130954404,0.8915975976254833
Mgll,0.6588984,-0.4531758,0.5099609950044472,0.8921549778522446
Igf2bp2,0.6579087,-0.61669457,0.510596800505746,0.8930301517105359
Ints2,0.65787137,0.44116762,0.510620801277232,0.8930301517105359
Plekhg1,0.65781534,0.5201084,0.5106568035401707,0.8930301517105359
Gigyf2,0.65751654,0.35306162,0.5108488380157004,0.8932219090945911
Dcun1d2,0.65744185,0.41138324,0.5108968525303077,0.8932219090945911
Dlg5,0.65731114,0.34458956,0.5109808836046827,0.8932548303412217
Usp18,0.65630275,0.18013409,0.5116293659576574,0.894274344682305
Vma21,0.65613467,-0.011049201,0.5117374880993442,0.894349226554537
Etfbkmt,0.6556678,0.12981242,0.5120378899395523,0.8947600882872281
Aldh1b1,0.65553707,-0.5232315,0.5121220189369617,0.8947929676618257
Fam110a,0.655425,0.2830149,0.5121941352443102,0.8948048524416029
Engase,0.6550142,0.22923279,0.5124586070125909,0.8951436156294457
Dcbld1,0.6549208,-0.61271983,0.5125187241603921,0.8951436156294457
Csrp1,0.65477145,0.48135582,0.5126149192434564,0.8951975007820717
Aldh5a1,0.6545287,-0.47103187,0.5127712563228812,0.895356386900774
Tatdn1,0.6542299,0.19242716,0.5129637052937139,0.8955782799189348
Gstm4,0.65337086,-0.047715638,0.5135172056203838,0.8964303920743193
G6pc3,0.6517836,-0.01723085,0.5145407953920036,0.8981028025061089
Ppwd1,0.65112996,3.560176,0.5149625815783456,0.8986100328140791
Gxylt1,0.65112996,-0.29123935,0.5149625815783456,0.8986100328140791
Dapp1,0.65071917,1.0264854,0.5152277962257794,0.898900147860588
Hnrnpa0,0.6506445,2.80653,0.5152760246900412,0.898900147860588
Arap3,0.65045774,4.9810486,0.5153966061053741,0.898900147860588
Icosl,0.6504017,2.4456167,0.5154327833863664,0.898900147860588
Lrch1,0.65036434,0.613992,0.5154569023060424,0.898900147860588
BC005561,0.6500469,2.0934165,0.5156619367752429,0.8991432523636027
Adgre5,0.6498415,-0.0067396867,0.5157946286874948,0.8992585157399672
Rnf144a,0.64948666,2.2305253,0.5160238655296334,0.8992585157399672
Rpusd1,0.6494493,4.1563234,0.5160479987971756,0.8992585157399672
Gpr174,0.649412,24.129366,0.5160721326500967,0.8992585157399672
Brip1,0.649412,23.126041,0.5160721326500967,0.8992585157399672
Zfp560,0.64926255,1.2683207,0.5161686739151843,0.8992585157399672
Fancl,0.64922523,2.3315685,0.5161928106947096,0.8992585157399672
Gabbr1,0.6488704,3.089433,0.5164221392874091,0.8994385085478648
Mbip,0.6487023,2.5173469,0.5165307870517504,0.8994884058979925
Evi2a,0.64855295,1.8471081,0.5166273727871529,0.8994884058979925
H2-Eb1,0.64832884,0.47702983,0.5167722689372104,0.8994884058979925
Naa10,0.64825416,0.1741319,0.516820572332459,0.8994884058979925
Rbks,0.6482355,1.2990818,0.5168326485467494,0.8994884058979925
Pfkfb3,0.64821684,1.6899927,0.5168447249072261,0.8994884058979925
Nt5dc3,0.64795536,1.2673389,0.5170138093021022,0.8995659777176251
Zfp369,0.64791805,0.69694877,0.5170379665542081,0.8995659777176251
Haus1,0.64784336,0.87848526,0.5170862828121385,0.8995659777176251
Zbtb5,0.6476566,0.93304193,0.5172070836860776,0.8996618901090989
Cenpc1,0.6474325,-0.09417363,0.5173520640211912,0.8997998320541221
Ptrhd1,0.64724576,0.8216415,0.5174728970362374,0.8998957463057189
Cinp,0.64711505,-0.18477452,0.5175574888372942,0.8999286200115408
Polr2c,0.64698434,0.9304737,0.5176420877942934,0.8999614978149517
N6amt1,0.6461253,0.7750929,0.51819820175999,0.9008140291983077
Sirt3,0.64588255,0.05719015,0.5183554203691684,0.9009730092689173
Ccnd1,0.64524764,0.06974015,0.5187667240433786,0.901480198571952
Gmeb1,0.645229,0.42850375,0.5187788237621365,0.901480198571952
Pam,0.6446314,-0.36164716,0.5191660917268928,0.9020387389547788
Tmem185a,0.64444464,0.37707704,0.5192871435693411,0.9021346521557155
Anpep,0.64410853,0.42957866,0.5195050735974673,0.9023988218949286
Elp2,0.64300674,0.3157272,0.5202197305533475,0.9035256476395613
Ice2,0.64250255,0.17917204,0.5205469459102126,0.9038647856742601
Hpcal1,0.64250255,0.30605164,0.5205469459102126,0.9038647856742601
Mkks,0.6423158,0.4499139,0.5206681636903863,0.9039606947862492
Yars2,0.6421664,0.25946084,0.5207651483838596,0.9040145125264668
Nlrx1,0.64197963,0.34837472,0.5208863923352828,0.9041104237923951
Pnpt1,0.6416435,0.2541944,0.521104668077157,0.9043747089760642
Mipep,0.64054173,0.17825459,0.5218204574619321,0.9055022504405914
Zdhhc23,0.6391412,0.037429288,0.5227310886306336,0.9069675676595339
AU022252,0.6376846,0.020730142,0.5236790101366158,0.9084780669755241
Bola1,0.6375726,0.10224744,0.5237519636767782,0.9084780669755241
Mfsd12,0.63749784,0.13224964,0.5238006022656689,0.9084780669755241
Frs2,0.6372364,-0.43542397,0.5239708555655787,0.9086583191453707
Tmed8,0.6366015,3.4186938,0.5243844459476223,0.9092086784693013
Fbxl12,0.6365455,1.9230027,0.5244209472455781,0.9092086784693013
Atad3a,0.6358919,-0.32415512,0.5248468918842109,0.9096391915932234
Poli,0.63581717,2.9842205,0.5248955825479329,0.9096391915932234
Trmt61a,0.6357238,4.8037114,0.5249564491295734,0.9096391915932234
Ces2g,0.6356678,-0.53889084,0.5249929708128298,0.9096391915932234
Zfp958,0.6354624,4.4390426,0.5251268947784495,0.9096391915932234
Rasd1,0.63535035,-0.3717885,0.5251999515832211,0.9096391915932234
Clcf1,0.6352943,23.997374,0.5252364819359912,0.9096391915932234
Ehd3,0.6352943,24.134827,0.5252364819359912,0.9096391915932234
Adal,0.6351636,1.2815624,0.5253217244818671,0.9096391915932234
Cdca7l,0.6350329,1.4953586,0.5254069741055503,0.9096391915932234
Socs7,0.6350142,1.3604745,0.5254191532009487,0.9096391915932234
Timp2,0.6346594,2.2955468,0.5256505834513385,0.9096391915932234
Abi2,0.634566,2.8843374,0.5257114948121155,0.9096391915932234
Ado,0.63454735,1.9724709,0.5257236775173728,0.9096391915932234
Proser2,0.63454735,1.8527303,0.5257236775173728,0.9096391915932234
Scnn1g,0.6345287,2.1181548,0.5257358603669915,0.9096391915932234
Fam118b,0.634398,0.19951293,0.5258211443562272,0.9096391915932234
Wdr70,0.6342672,1.5342401,0.5259064354181751,0.9096391915932234
Ccdc125,0.6342299,1.6423076,0.5259308055919651,0.9096391915932234
Casd1,0.6339871,-0.1591717,0.5260892257917172,0.909685692110424
Lag3,0.6338937,1.9451237,0.5261501631309138,0.909685692110424
Abcg3,0.6338004,2.1143003,0.5262111040769221,0.909685692110424
Aff1,0.63378173,-0.3816093,0.5262232926989132,0.909685692110424
Pofut2,0.6335576,-0.28519303,0.5263695674141415,0.9098237539204818
Pomt1,0.63338953,0.96095544,0.5264792870802248,0.9098681073690321
Sfmbt1,0.63331485,0.97620356,0.5265280551256706,0.9098681073690321
Rmdn2,0.6331281,0.8500454,0.5266499853324795,0.9099640306539248
Aspg,0.63200766,0.57840234,0.5273818692371488,0.9111136959078107
Rab3a,0.63157815,0.6384616,0.5276625622263347,0.911483684592206
Armc10,0.6296921,0.3232689,0.5288960716068061,0.9134992663909787
Pla2g12a,0.6290945,0.2492389,0.5292871923732037,0.9138713925112626
Scd1,0.62905717,-0.5461793,0.5293116423048809,0.9138713925112626
Cdc25a,0.6288891,0.17990457,0.5294216741058075,0.9139461863973745
Arid5b,0.6284596,0.3712003,0.5297029193213294,0.9142435238743372
Nmnat1,0.6284222,-0.16588743,0.529727379015656,0.9142435238743372
Gfpt1,0.6270403,-0.27298337,0.5306327911151418,0.9156907971126645
Impdh1,0.62689096,0.23148179,0.5307307205353946,0.9157444422336153
Usp45,0.6265548,0.3259429,0.5309510952634579,0.916009319369018
Ctbs,0.625341,0.10746167,0.5317472792354434,0.9172674043723966
Slc12a8,0.62494886,-0.00023648045,0.5320046371519643,0.9175958112780953
Cdc42ep4,0.6246314,-0.8671994,0.5322130207159008,0.9178396757059216
Rnf39,0.6239778,-0.13985628,0.5326421758120446,0.9183908693946704
Lgmn,0.6239404,0.0008670684,0.5326667042489088,0.9183908693946704
Thra,0.6222411,-0.14581057,0.5337833524744503,0.9199538579478214
Aldh18a1,0.62211037,0.13802858,0.5338692974495647,0.9199538579478214
Card11,0.621961,4.0214396,0.5339675288367498,0.9199538579478214
Aoah,0.6219236,3.9896407,0.5339920881098112,0.9199538579478214
Gbp6,0.62181157,3.8861575,0.5340657693516955,0.9199538579478214
Taf9b,0.6217369,2.2788968,0.5341148930316583,0.9199538579478214
Cuedc1,0.6216622,1.4043663,0.534164018993057,0.9199538579478214
Med19,0.6216062,-0.35075772,0.534200864961197,0.9199538579478214
Cdkl2,0.6215128,3.2513742,0.5342622777594891,0.9199538579478214
Zfp251,0.6212327,2.4320261,0.5344465375367814,0.9199538579478214
Trbv3,0.62121403,3.5680404,0.5344588226621825,0.9199538579478214
Susd4,0.6210646,3.2762146,0.5345571087957506,0.9199538579478214
Trps1,0.62084055,3.2762222,0.5347045550950908,0.9199538579478214
Mga,0.62084055,1.3099116,0.5347045550950908,0.9199538579478214
Adap2,0.6207285,2.051495,0.5347782859380736,0.9199538579478214
Hsd11b1,0.6206911,3.359168,0.5348028640253439,0.9199538579478214
Fbxl18,0.6206538,2.2187982,0.534827442682384,0.9199538579478214
Rasal2,0.62046707,1.5017084,0.5349503445133914,0.9199538579478214
Rint1,0.6204297,1.3594189,0.5349749265886066,0.9199538579478214
Rnpc3,0.62031764,1.0843678,0.5350486762319004,0.9199538579478214
Mppe1,0.62011224,0.51496196,0.5351838972242982,0.9199538579478214
Wdr4,0.6200562,1.3173416,0.5352207786664924,0.9199538579478214
Tyms,0.62001884,0.8032283,0.53524536700639,0.9199538579478214
Dph7,0.6199815,1.5659938,0.5352699559156775,0.9199538579478214
Slc19a1,0.61990684,0.73811984,0.5353191354423381,0.9199538579478214
Arhgef37,0.61953336,0.79969573,0.5355650672318566,0.9202610587076928
Lmbr1,0.61908513,1.028239,0.5358602605006348,0.9205064822730978
Synj2,0.61908513,1.0523155,0.5358602605006348,0.9205064822730978
Trmt6,0.61901045,0.8673184,0.5359094673438123,0.9205064822730978
Etaa1,0.61867434,0.84241074,0.5361309262922126,0.9207714291341749
Slc35f2,0.6185623,0.8219863,0.5362047561777552,0.9207827976479376
Cwf19l1,0.61830086,0.5523987,0.5363770458094719,0.9209632193996447
Rida,0.6177593,-0.39152518,0.5367340200688286,0.92146066102042
Lonrf3,0.6173298,0.333848,0.5370172225203046,0.92183134300566
Ankrd49,0.61706835,0.48797596,0.5371896433924869,0.9220117908390216
Rdh11,0.61673224,0.41052032,0.5374113682455016,0.9222768063338811
Zfp579,0.6162093,0.40294582,0.5377563649380475,0.9227532815194452
Slc4a4,0.61583585,-0.618007,0.5380028592174875,0.9230606351007613
Upp1,0.6153877,0.45559055,0.538298727196548,0.923452612395781
Dclre1a,0.6149768,0.1110132,0.5385700112062104,0.9238023229654542
Fas,0.6147901,0.3611909,0.5386933447822333,0.9238248567775282
Cox19,0.61475277,0.1325053,0.5387180131967645,0.9238248567775282
Hacd1,0.612101,-0.5245751,0.5404709170484439,0.9267148389942029
A4gnt,0.6108685,-0.06497175,0.5412866167873008,0.9279973282425256
Noc3l,0.6104017,1.6916355,0.5415957544346401,0.9283373830562924
Pskh1,0.6103643,0.09479384,0.5416204892532077,0.9283373830562924
Mpp6,0.608665,-0.40653914,0.5427465196543564,0.9301510281792197
Dmap1,0.6081608,-0.2402848,0.5430808408440571,0.9305760614354687
Eps15l1,0.6080861,2.0696392,0.5431303786305115,0.9305760614354687
Pheta1,0.60788065,-0.262269,0.543266619145092,0.9306930951966688
Irf2bpl,0.60760057,3.7546945,0.5434524290821736,0.9308950085553612
Cul7,0.607059,22.741663,0.5438117512987793,0.9310384446310196
Nsun6,0.607059,2.6399858,0.5438117512987793,0.9310384446310196
Nbdy,0.6070217,1.7870116,0.543836536497091,0.9310384446310196
Aplf,0.6065922,1.6796247,0.5441216066599632,0.9310384446310196
Taf3,0.6064988,1.231137,0.5441835882647988,0.9310384446310196
Tmem86b,0.6064241,1.1839553,0.5442331760759338,0.9310384446310196
Gtpbp3,0.606256,1.2580503,0.5443447568636438,0.9310384446310196
Gstcd,0.60623735,0.5914772,0.5443571554308175,0.9310384446310196
Dhx35,0.6062187,0.8804848,0.5443695541383559,0.9310384446310196
Tipin,0.6061813,-0.022629337,0.5443943519745149,0.9310384446310196
Jag1,0.6061253,1.3919904,0.544431549781419,0.9310384446310196
Scai,0.606088,1.4105219,0.5444563490211002,0.9310384446310196
Taf13,0.60606927,1.5599072,0.544468748851456,0.9310384446310196
Lcmt2,0.60601324,1.1277294,0.5445059491845521,0.9310384446310196
Fam133b,0.60593855,1.0498478,0.5445555515933109,0.9310384446310196
Ptrh2,0.6052663,0.7641293,0.5450020742820432,0.9316856024037924
Arhgef10l,0.6048181,0.95444024,0.5452998570423535,0.9320154873256095
Bcs1l,0.60470605,-0.09395864,0.5453743153479799,0.9320154873256095
Smim27,0.60466874,0.6079372,0.5453991359043366,0.9320154873256095
Cd101,0.60436994,1.2605804,0.5455977205326905,0.9322385596530132
Slc13a1,0.6041458,0.65975666,0.5457466825397581,0.9323767989518251
Smim5,0.6037537,0.7204405,0.5460074145791632,0.9327059326352289
Plk2,0.60343623,0.60459036,0.546218528594042,0.9329399915851909
Sfn,0.60334283,-0.5766528,0.5462806286493723,0.9329399915851909
Megf9,0.60323083,0.43772486,0.5463551533337285,0.9329509660565974
Tbc1d7,0.6022971,0.2125455,0.5469763882050058,0.9338953786650772
Zhx3,0.6021664,0.46275675,0.5470633889819115,0.9339275300999611
Nfic,0.6018863,0.4371901,0.5472498422781961,0.9341294342401303
Tfcp2,0.60115796,0.24619332,0.547734767954439,0.9348407027501948
Med18,0.60082185,0.342769,0.5479586514379211,0.9351063184727851
Pqlc1,0.6005791,-0.12799071,0.5481203731883699,0.9352658005580605
Cep83,0.6000375,0.072458036,0.5484812220579764,0.9357649741213298
Hemk1,0.5999068,-0.034032412,0.5485683410824649,0.9357970704557054
Ppp1r3b,0.59938395,-0.03991005,0.5489168854916211,0.9362750661398417
Tbc1d2,0.5991038,-0.19971715,0.5491036506557914,0.9364770339828633
Pmaip1,0.59878635,-0.08071822,0.549315355733798,0.936530814905381
Smagp,0.5987677,-0.8422767,0.5493278102271828,0.936530814905381
Zc2hc1a,0.59874904,0.027032552,0.5493402648598279,0.936530814905381
Ccpg1os,0.5981141,0.32094455,0.5497638052097751,0.9371362612136268
Ccdc181,0.59757257,0.1549541,0.5501251873435693,0.9376356141586091
Nudt5,0.5974605,0.21584901,0.5501999706667424,0.9376464234524655
Lpar1,0.5964334,-0.37569368,0.5508857176674375,0.93864530999892
Irf8,0.5963774,-0.115337506,0.5509231341387822,0.93864530999892
Tppp,0.5960973,-0.42319304,0.5511102352458553,0.938847329379286
Nup107,0.59383774,1.0653664,0.5526206592384877,0.9410600731328781
Stoml1,0.5937257,2.4436903,0.5526956091133631,0.9410600731328781
Pot1a,0.59353894,2.239662,0.5528205366514642,0.9410600731328781
Zfp948,0.59324014,2.8958995,0.5530204495141011,0.9410600731328781
Krit1,0.59324014,1.1610503,0.5530204495141011,0.9410600731328781
Grhl1,0.5931281,2.7769167,0.5530954259745957,0.9410600731328781
Zfp653,0.5930534,2.6199145,0.5531454130498923,0.9410600731328781
Haus7,0.593016,0.89113694,0.5531704074179629,0.9410600731328781
Ccl6,0.5928853,-0.18098135,0.5532578920655409,0.9410600731328781
Acat2,0.59281063,0.02365227,0.5533078863370711,0.9410600731328781
Esf1,0.5927173,1.0603715,0.5533703822896772,0.9410600731328781
Adat2,0.59264255,1.103534,0.5534203815420962,0.9410600731328781
Acvr1c,0.5926239,-0.43611038,0.553432881701057,0.9410600731328781
Ifitm10,0.5924932,3.231995,0.5535203866870555,0.9410600731328781
Clcn5,0.5924932,-0.61175454,0.5535203866870555,0.9410600731328781
Samd3,0.59223175,2.6520317,0.5536954169906825,0.9410600731328781
Polr1e,0.5921944,0.8555081,0.5537204235323915,0.9410600731328781
Pus7l,0.5921944,1.5623963,0.5537204235323915,0.9410600731328781
Znhit3,0.59210104,1.5278122,0.5537829423063696,0.9410600731328781
Hlcs,0.5914474,0.981327,0.5542206704846858,0.94142215979904
Prickle3,0.5914101,0.8688445,0.5542456886364607,0.94142215979904
Camkmt,0.5912607,1.0768402,0.5543457667694418,0.94142215979904
Ssbp2,0.591186,0.87230915,0.5543958091511436,0.94142215979904
Cwc27,0.59116733,0.61408097,0.5544083200918726,0.94142215979904
Inpp5f,0.5905884,0.5980684,0.5547962277458429,0.9416364242310032
Igflr1,0.590439,1.2326285,0.5548963544825989,0.9416364242310032
Atp13a2,0.59036434,0.61966693,0.5549464211631889,0.9416364242310032
Rbbp9,0.59036434,0.8294752,0.5549464211631889,0.9416364242310032
Smyd2,0.59028965,-0.39200056,0.5549964900516773,0.9416364242310032
Xpo5,0.5902523,0.5045938,0.5550215253238268,0.9416364242310032
Ndor1,0.5901776,0.69246703,0.5550715975238221,0.9416364242310032
Hexdc,0.59006554,0.4429319,0.5551467099627145,0.9416364242310032
Tgs1,0.59002817,0.64783806,0.5551717485459609,0.9416364242310032
Srd5a2,0.5899535,0.37703913,0.5552218273677405,0.9416364242310032
Spidr,0.5898414,0.58173263,0.5552969497382853,0.9416472597369114
Thoc6,0.58969206,0.3786393,0.5553971206220887,0.9417005634310167
Ccdc115,0.58926255,0.5276806,0.5556851610661621,0.9420723557240961
Thyn1,0.58875835,0.49152935,0.5560233885302648,0.9425291292829284
Shmt1,0.58816075,0.25055093,0.5564243807401585,0.9430921707460315
Snupn,0.5880114,0.13525061,0.5565246508214461,0.943145437438621
Amot,0.587862,-0.46117723,0.5566249297113324,0.9431987058806744
Utp18,0.5876753,0.2110469,0.5567502907085511,0.9432944574211167
Zswim1,0.5873765,0.30794308,0.5569508969201447,0.9435176564617264
Ppfibp1,0.5850235,0.22107947,0.5585319003021032,0.9459620514450259
Tinag,0.5850235,-0.20014426,0.5585319003021032,0.9459620514450259
Parl,0.5845193,-0.28497759,0.5588709702724342,0.9464086857109266
Phf13,0.5838284,-0.32485223,0.5593357840251441,0.9469723481394555
Snrnp35,0.58371633,-0.28713024,0.5594111769039205,0.9469829634973076
Bach1,0.5824278,-0.48424774,0.5602785492710527,0.9483340900683743
Ctsl,0.58203566,-0.34594166,0.5605426614602409,0.9486639236572328
Cwh43,0.58093387,-0.578995,0.5612850134994396,0.9498029502152078
Plcxd2,0.58067244,1.6874049,0.5614612346257001,0.9499838105930705
Ces1d,0.5805231,-0.48938084,0.5615619444247055,0.9500368780709393
Zfp322a,0.5799815,2.4815505,0.5619270906552852,0.9504493314129624
Hsh2d,0.57970136,1.0553249,0.5621160044093919,0.9504493314129624
Pomk,0.57958937,5.5470653,0.5621915785015852,0.9504493314129624
Trpv2,0.579552,3.8934553,0.5622167709563344,0.9504493314129624
Zfp961,0.57945865,3.5192657,0.5622797544788586,0.9504493314129624
Stimate,0.57923454,1.4826826,0.5624309288359723,0.9504493314129624
Sh2d1a,0.5790852,2.3608997,0.5625317226431267,0.9504493314129624
Thg1l,0.5789544,1.9763849,0.5626199243777144,0.9504493314129624
Klf7,0.57886106,2.574169,0.5626829297037375,0.9504493314129624
Wdhd1,0.5788424,1.7115216,0.5626955311776074,0.9504493314129624
Tmem141,0.5788237,22.725552,0.5627081327876919,0.9504493314129624
Naif1,0.57850623,1.4898852,0.5629223809971831,0.9504493314129624
Shq1,0.5783942,1.687006,0.5629980074082359,0.9504493314129624
Hpgds,0.57822615,2.025696,0.5631114562143884,0.9504493314129624
Zfp719,0.57813275,1.8683326,0.5631744880931988,0.9504493314129624
Josd2,0.5781141,1.9718304,0.5631870948772839,0.9504493314129624
Kif20b,0.57805806,1.432205,0.5632249160461329,0.9504493314129624
Ro60,0.5778153,1.0262866,0.5633888219303728,0.9504493314129624
Tlcd1,0.5778153,0.83815944,0.5633888219303728,0.9504493314129624
Heatr3,0.57772195,1.2622814,0.5634518687778625,0.9504493314129624
Crtap,0.5776846,0.7836448,0.5634770884691542,0.9504493314129624
Tmem80,0.5776846,0.8945204,0.5634770884691542,0.9504493314129624
Mms19,0.5776659,1.2621946,0.563489698518852,0.9504493314129624
Cdan1,0.57759124,1.2770442,0.5635401400779193,0.9504493314129624
Sgk3,0.57729244,1.3173246,0.5637419280753291,0.9504917978657386
Tbc1d9,0.57719904,1.1503283,0.5638049939636114,0.9504917978657386
Inafm2,0.577143,0.89073163,0.5638428351280917,0.9504917978657386
Plcb2,0.5768443,1.453818,0.5640446753342241,0.9507150654624594
Manba,0.576172,0.5892334,0.5644989429835292,0.9513637001936709
Spats2,0.57605994,0.15588315,0.5645746713723835,0.9513742924725282
Megf8,0.5759292,0.49293238,0.5646630273372402,0.9514061584700763
Qsox2,0.575313,0.31153822,0.5650796521832777,0.9519910520057678
Polr2d,0.5748088,0.2757693,0.5654206369469885,0.9524483863486711
Ints6l,0.57465935,0.38297102,0.5655216884534962,0.9525014914940862
Rab13,0.57387507,0.28953382,0.5660523511625998,0.9532780837034563
Tsr2,0.57374436,0.1477021,0.5661408181801513,0.9533098831204613
Mnat1,0.5735389,0.34510222,0.5662798511846066,0.9534268110150068
Supv3l1,0.5718209,0.29431072,0.5674433137278658,0.9552682966418976
Tfb1m,0.5715221,0.16983952,0.567645771837368,0.9554917157110138
Bmpr2,0.57084984,-0.48806435,0.5681014289811335,0.9561303010538601
Pim3,0.5707565,0.10856284,0.5681647285313486,0.9561303010538601
Smpd3,0.5698975,-0.7505401,0.5687472426276512,0.9569607466914699
Brd3,0.5698228,0.032200877,0.5687979095115795,0.9569607466914699
Tspan17,0.569524,-0.35829973,0.5690005986115954,0.9571842093539854
Gstk1,0.56883305,-0.51111525,0.5694694492485193,0.9578553044450233
Mpzl2,0.56788063,-0.09155676,0.5701160049087539,0.9588251003253042
Spg20,0.56606925,-0.18817475,0.5713466933716156,0.9605408991747528
Dusp12,0.56593853,1.1416955,0.5714355548178796,0.9605408991747528
Zfp825,0.56563973,1.3328143,0.5716386913798727,0.9605408991747528
Rnase6,0.565453,1.6868942,0.5717656691671744,0.9605408991747528
Soat1,0.56526625,-0.14155912,0.5718926603632132,0.9605408991747528
F2r,0.56526625,3.846086,0.5718926603632132,0.9605408991747528
Ptch1,0.5648741,0.6397276,0.5721593855069285,0.9605408991747528
Natd1,0.56485546,3.2522213,0.5721720881784025,0.9605408991747528
Trbv2,0.564706,24.249126,0.5722737143736147,0.9605408991747528
Trbv29,0.564706,24.172045,0.5722737143736147,0.9605408991747528
Icam1,0.56463134,3.3599753,0.5723245306865199,0.9605408991747528
Hivep3,0.56459403,1.9681127,0.5723499396467129,0.9605408991747528
Phtf2,0.56459403,2.4096966,0.5723499396467129,0.9605408991747528
Trappc2,0.56459403,2.9173026,0.5723499396467129,0.9605408991747528
Slc16a6,0.564482,0.8067041,0.5724261697419631,0.9605408991747528
Rbm15b,0.56433254,1.1978605,0.572527817368962,0.9605408991747528
Sbf1,0.5641832,2.5910187,0.5726294735659706,0.9605408991747528
Ubxn10,0.5641458,1.6592896,0.5726548889541055,0.9605408991747528
Zfp157,0.5641085,2.402865,0.5726803048777453,0.9605408991747528
Sgpp2,0.56395906,-0.6386388,0.5727819739268687,0.9605408991747528
Tmem201,0.56395906,0.88365394,0.5727819739268687,0.9605408991747528
Rbm12b2,0.5638844,1.015334,0.5728328116638306,0.9605408991747528
Ccdc86,0.5637723,0.9322716,0.5729090722842297,0.9605408991747528
Zfp597,0.56369764,1.669734,0.5729599153741844,0.9605408991747528
Bloc1s3,0.5636603,1.191447,0.5729853377219958,0.9605408991747528
Rnf135,0.5635856,0.7986678,0.5730361840231657,0.9605408991747528
Saal1,0.5633615,0.78261846,0.5731887357693093,0.9605408991747528
Armc6,0.5633615,1.0488441,0.5731887357693093,0.9605408991747528
Mettl2,0.56332415,0.8497867,0.573214162932963,0.9605408991747528
Dpf3,0.56328684,0.7921899,0.5732395906315897,0.9605408991747528
Plbd1,0.5629507,-0.10668202,0.5734684639889986,0.9608068920935894
Zfp729b,0.5624278,0.6887585,0.5738245752967148,0.9610186724638778
Tbc1d8,0.56240916,0.7534281,0.5738372954952673,0.9610186724638778
Apoa2,0.56235313,0.56985176,0.5738754568924807,0.9610186724638778
Nsun5,0.56235313,0.6456012,0.5738754568924807,0.9610186724638778
Aldh3b1,0.5622037,0.42085674,0.5739772264959269,0.9610716209966021
Otud3,0.5619049,0.68400204,0.5741807913450392,0.9612949824547278
Hsf2,0.5613447,0.39365345,0.5745625675511474,0.9617197715583164
Mafb,0.56127,0.23796518,0.5746134801197563,0.9617197715583164
Aar2,0.56115794,0.15297604,0.5746898529748923,0.9617197715583164
Homer2,0.5611206,0.41211987,0.5747153116604333,0.9617197715583164
BC003965,0.5608592,-0.15591055,0.5748935373969912,0.9619005205592062
Hspbap1,0.5605604,0.3152046,0.5750972559547792,0.9620063988498749
Mier2,0.5603363,0.3912313,0.5752500672671659,0.962069685825702
Umps,0.560299,0.38983378,0.5752755376849745,0.962069685825702
Cdkn1a,0.5599628,-0.41146284,0.5755047954275399,0.962335615447003
Fut4,0.55981344,-0.22032976,0.5756067016110434,0.9623885540726501
Ggcx,0.559664,0.3996698,0.5757086163175502,0.962441494026899
Wwc1,0.55878633,-0.36111674,0.5763075372601578,0.9633251903933824
Trmt10b,0.55667615,-0.01143014,0.577748697869275,0.9656163426630556
Cd320,0.5564147,0.12712587,0.577927366763927,0.9657971364559405
Acadsb,0.5558172,0.10892515,0.5783358503997175,0.9663618917521808
Gpc4,0.55473405,-0.5180072,0.5790765727875792,0.9674815911207115
Tceal8,0.5545473,0.011578246,0.5792043285556853,0.9675770395333358
Nup37,0.55380034,-0.04007168,0.579715483904078,0.9683128663113715
Chchd5,0.55309075,-0.11752315,0.5802012773837686,0.9690061563035023
Pus3,0.5527359,1.9084717,0.5804442456478567,0.9692937792998094
Arl14ep,0.55258656,1.0017147,0.5805465623328213,0.9693464843339004
Ddx51,0.5522131,2.1812525,0.5808023909967776,0.9696013825905536
Pwp1,0.55215704,0.9320431,0.5808407698482243,0.9696013825905536
Cep162,0.5517089,2.1309636,0.5811478433918965,0.9697631300646379
Tmem171,0.55169016,-0.5002135,0.5811606397711357,0.9697631300646379
Slc39a6,0.5513727,1.5334564,0.5813781983861709,0.9697631300646379
Pm20d1,0.5513354,-0.14723353,0.5814037960214771,0.9697631300646379
Tpbgl,0.5510926,4.221239,0.5815701934978534,0.9697631300646379
Mis12,0.5510366,1.3783407,0.581608596077342,0.9697631300646379
Tor1b,0.55098057,1.575951,0.5816469998423521,0.9697631300646379
Dhx34,0.5509432,1.1075957,0.5816726030109406,0.9697631300646379
Ccdc61,0.55092454,1.8824501,0.5816854047927998,0.9697631300646379
Poglut1,0.5506631,1.0443479,0.5818646435665416,0.9697631300646379
Sh3bp2,0.55062574,0.8380628,0.5818902512124452,0.9697631300646379
Setd4,0.5505884,22.658981,0.5819158593849736,0.9697631300646379
Maml2,0.5505884,23.921778,0.5819158593849736,0.9697631300646379
Egr3,0.5505697,3.461329,0.5819286636687144,0.9697631300646379
Clec14a,0.5503083,3.2426713,0.5821079374625897,0.9699438996883337
Phf7,0.5500842,1.6261597,0.5822616212449191,0.9699853694581524
Itgax,0.5500655,1.3232646,0.5822744290820325,0.9699853694581524
Tpm2,0.5498788,-0.6464826,0.5824025146886072,0.9700807843445493
Cftr,0.5496734,-0.735899,0.5825434240476244,0.9701222712139504
Ttf2,0.549636,1.1903636,0.5825690456406694,0.9701222712139504
Tsen54,0.5491318,0.63776505,0.5829149886153759,0.9704624309187813
Immp2l,0.5491318,0.9093408,0.5829149886153759,0.9704624309187813
Zfp626,0.548777,1.0392797,0.5831584873963961,0.9707498514375
Slc19a2,0.5486276,0.48360643,0.5832610273857053,0.9707913183084778
Exd2,0.5485343,0.6601022,0.5833251191471087,0.9707913183084778
Frmd4a,0.5481981,0.64102656,0.5835558766658979,0.9710573922413217
Cln8,0.54801136,0.5360191,0.5836840936637101,0.971150421976083
Elmod3,0.5477686,0.6220668,0.5838507953776989,0.971150421976083
Ppm1l,0.5476192,0.5815855,0.5839533920672966,0.971150421976083
Setbp1,0.54760057,-0.30437544,0.5839662172437207,0.971150421976083
Celf6,0.54760057,0.65165037,0.5839662172437207,0.971150421976083
Tspan5,0.54730177,0.6238164,0.5841714379008508,0.9713198921114224
Psmg3,0.54724574,0.5126647,0.5842099205108118,0.9713198921114224
St3gal6,0.5470963,0.07555956,0.5843125465718164,0.9713726353638982
Dmac1,0.54666686,0.4969757,0.5846076432166281,0.9716677971643833
Igsf8,0.5465921,0.2315057,0.5846589714469868,0.9716677971643833
Kifap3,0.54651743,0.23358728,0.5847103017730456,0.9716677971643833
Naa16,0.5464241,0.4723036,0.584774467627392,0.9716677971643833
Hoxb9,0.54621863,0.32893187,0.5849156440302679,0.9716677971643833
Fam13a,0.54586387,-0.527436,0.5851595314900712,0.9719550898901521
Tpmt,0.5455464,0.13163246,0.5853777866291168,0.9721671883578329
Smc2,0.54547167,0.28601736,0.5854291462738774,0.9721671883578329
Slc39a8,0.54491144,-0.37928307,0.5858144102999894,0.9726890584304757
Rft1,0.5446127,-0.0043115383,0.5860199325496489,0.9729123940778224
Zswim3,0.54433256,-0.022254067,0.5862126400345974,0.9729212854310398
Stmn1,0.5443139,-0.18081671,0.5862254882451836,0.9729212854310398
Usp40,0.5442952,0.09207273,0.5862383365863675,0.9729212854310398
Bbs2,0.5433242,-0.2938896,0.5869066302130614,0.9739124072091742
Erh,0.54313743,0.05515195,0.5870351886652736,0.9740077612588408
Zfp609,0.5410646,-0.6652358,0.5884630624614706,0.9762044993179795
Dcakd,0.5410086,0.032271057,0.5885016759027147,0.9762044993179795
Epb41l5,0.5391972,-0.34934354,0.5897508073686072,0.9781581187590701
Haus6,0.5388984,1.5914311,0.5899569670249596,0.978381606130244
Degs2,0.5385436,-0.16768128,0.5902018247337432,0.9786148763579605
Lmnb1,0.53848755,-0.065660946,0.5902404907551699,0.9786148763579605
B9d2,0.5383755,1.149676,0.5903178262973476,0.9786246636342767
Nrarp,0.5380954,-0.036684632,0.5905111855614948,0.9787302241514919
Cep135,0.53777796,3.3554053,0.5907303612953652,0.9787302241514919
Agl,0.5375912,1.4551173,0.590859305679317,0.9787302241514919
Llgl1,0.53725505,3.0889688,0.591091438190807,0.9787302241514919
Taf5,0.53725505,2.4710596,0.591091438190807,0.9787302241514919
Arhgap11a,0.537031,3.524458,0.5912462164910599,0.9787302241514919
Hgh1,0.5369563,2.4604897,0.5912978133975559,0.9787302241514919
Zscan22,0.53684425,1.9445894,0.5913752126376066,0.9787302241514919
Shld1,0.53676957,3.7013667,0.5914268147175459,0.9787302241514919
Grhl2,0.5365081,-0.50157356,0.5916074382895115,0.9787302241514919
Klrb1c,0.5364708,23.792477,0.5916332437254412,0.9787302241514919
Emc9,0.5364708,22.547647,0.5916332437254412,0.9787302241514919
Pms1,0.5364708,23.334362,0.5916332437254412,0.9787302241514919
Vars2,0.5364708,1.6286899,0.5916332437254412,0.9787302241514919
Flvcr1,0.536284,2.7930965,0.5917622786603227,0.9787302241514919
Acox2,0.53620934,1.7734587,0.5918138962529048,0.9787302241514919
Hectd2,0.5360973,3.0456674,0.5918913265182403,0.9787302241514919
Lrif1,0.5360599,2.2209487,0.5919171376403058,0.9787302241514919
Fcgr3,0.53591055,1.8794546,0.5920203872959875,0.9787302241514919
Rcl1,0.5358732,0.7175383,0.5920462010016343,0.9787302241514919
Zfp689,0.53583586,1.90878,0.5920720152239204,0.9787302241514919
Mtx3,0.5357611,1.3610159,0.5921236452183074,0.9787302241514919
Kansl2,0.5357611,0.797761,0.5921236452183074,0.9787302241514919
Usp28,0.53561175,0.92699564,0.5922269114056227,0.9787302241514919
Atad5,0.53553706,1.003822,0.5922785475981399,0.9787302241514919
Slc39a3,0.5354997,1.2086089,0.5923043664690235,0.9787302241514919
Cmc4,0.5354623,1.4510508,0.5923301858562898,0.9787302241514919
Dpy19l4,0.53538764,1.0531502,0.5923818261798666,0.9787302241514919
Slc30a6,0.5349581,-0.059873983,0.5926787981123218,0.9790060823882135
Nlrp1b,0.53493947,0.7510143,0.5926917114837842,0.9790060823882135
Zfp512,0.5348274,0.8592058,0.5927691944214297,0.9790160293639044
Tbc1d25,0.5345286,0.5725473,0.5929758382870671,0.9792137295596914
Gatb,0.5341925,0.7224452,0.5932083520873668,0.9792137295596914
Zfp945,0.53415513,0.679272,0.593234189531821,0.9792137295596914
Dll1,0.5341178,0.3002791,0.5932600274917318,0.9792137295596914
Ctu1,0.53404313,0.4904213,0.5933117049578196,0.9792137295596914
Usp46,0.5339684,-0.8984302,0.593363384485424,0.9792137295596914
Isoc2a,0.5339311,0.33807173,0.5933892250222306,0.9792137295596914
Dennd1a,0.53378165,0.5866963,0.5934925923222174,0.9792663512964445
Dusp8,0.5335949,-0.3421369,0.5936218130389801,0.9793616135156584
Endov,0.53329617,0.10689707,0.5938285929680912,0.9794768474712016
Rpp30,0.53327745,0.4774022,0.5938415178078826,0.9794768474712016
Dph5,0.5331841,0.5886891,0.5939061439374651,0.9794768474712016
Igha,0.5329787,0.69504964,0.5940483327472725,0.9795934230425654
Slc5a6,0.53243715,0.36965427,0.5944232687671066,0.9800937275375329
Tedc2,0.5323251,0.5177123,0.5945008552389026,0.9801036963625711
Amigo1,0.531989,-0.7076533,0.5947336424178646,0.9803694983906565
Lzts3,0.5318769,-0.03714714,0.5948112473963826,0.9803794621427384
Mpv17l,0.53150344,0.25356454,0.5950699640564867,0.9806878993833597
Ss18l1,0.53120464,-0.084207095,0.595276974366649,0.9809110595168501
Myrip,0.5304577,0.124912165,0.5957946438693602,0.981646015755891
Zfyve9,0.5299348,-0.95685554,0.5961571346030562,0.9821137064567159
Acy1,0.5298414,-0.009129597,0.5962218756642705,0.9821137064567159
Tlr2,0.52952397,0.23443279,0.5964420192278688,0.9823582187330852
Myo10,0.5282168,-0.76718736,0.5973488824985043,0.983733584593041
Idh2,0.5275819,-0.4196606,0.5977895850239734,0.9843410234168793
Urb2,0.52709633,-0.13808013,0.5981266924684674,0.9847777534933306
Gadd45a,0.5264614,-0.69716936,0.5985676554627397,0.9853853496562766
Dtd2,0.5256398,-0.20020084,0.5991385322733815,0.9862066432951252
Ehf,0.52494884,-0.57385266,0.5996187786685054,0.9868785761362956
Sult1d1,0.5241271,0.02318622,0.6001901092569779,0.9874652023654553
Pdxk,0.5240338,0.0141559495,0.6002550487646208,0.9874652023654553
Triqk,0.52347356,3.953422,0.6006447525242142,0.9874652023654553
Trim30a,0.52338016,2.2214985,0.600709714265934,0.9874652023654553
Vopp1,0.5233055,1.1516848,0.6007616859450795,0.9874652023654553
Gpatch1,0.52304405,5.1757584,0.6009436028192972,0.9874652023654553
Paqr7,0.52296937,3.8087015,0.6009955836388359,0.9874652023654553
Svil,0.52291334,1.7168913,0.6010345705860954,0.9874652023654553
Sacs,0.52291334,2.5614746,0.6010345705860954,0.9874652023654553
Zfp160,0.5226519,2.8314598,0.6012165247734242,0.9874652023654553
Slc25a45,0.52253985,2.5593479,0.6012945127514122,0.9874652023654553
Slc41a3,0.52244645,3.449725,0.6013595062211423,0.9874652023654553
Elp1,0.52244645,0.79266566,0.6013595062211423,0.9874652023654553
Cmtr2,0.5223531,22.971603,0.6014245028614091,0.9874652023654553
Slfn1,0.5223531,23.817482,0.6014245028614091,0.9874652023654553
Arl5c,0.5223531,23.764286,0.6014245028614091,0.9874652023654553
Zfp101,0.5223531,23.140745,0.6014245028614091,0.9874652023654553
Spi1,0.5222784,1.1798829,0.6014765024561322,0.9874652023654553
Hps6,0.52224106,2.1358602,0.6015025030142577,0.9874652023654553
Zfp775,0.52201694,1.4615858,0.6016585170120448,0.9874652023654553
Trf,0.52173686,2.485042,0.6018535601746006,0.9874652023654553
Cysltr2,0.52173686,2.4410553,0.6018535601746006,0.9874652023654553
Wdr75,0.5216622,0.8203222,0.6019055764995287,0.9874652023654553
Hsbp1l1,0.5215875,1.5645596,0.6019575948513837,0.9874652023654553
Glt8d1,0.52147543,0.8401467,0.6020356261791922,0.9874652023654553
Evi2,0.5214194,2.028215,0.6020746435529152,0.9874652023654553
Cd55,0.5212513,1.0976874,0.6021917025122878,0.9874652023654553
Pex1,0.5211953,0.9614458,0.6022307244445162,0.9874652023654553
Fasl,0.5211953,1.9804612,0.6022307244445162,0.9874652023654553
Klhl28,0.521158,0.7158902,0.6022567396990092,0.9874652023654553
Pygl,0.52110195,1.640455,0.6022957635301938,0.9874652023654553
Hoxb3,0.52097124,0.43981597,0.6023868235665719,0.9874652023654553
Rrp9,0.5209152,0.8218299,0.6024258511949252,0.9874652023654553
Zfp691,0.52063507,0.70994514,0.6026210064192656,0.9876669204383227
Abcc1,0.520411,-0.16280927,0.6027771510924698,0.9878046614792865
Rgl2,0.52029896,0.3982565,0.6028552302583507,0.987814454555604
Thnsl1,0.5199628,0.61633885,0.6030894950645316,0.988080134224358
Slc29a3,0.5198508,0.46274146,0.6031675924337208,0.988089921839289
Castor2,0.5194586,0.52063525,0.6034409690448681,0.9883014077602742
Batf2,0.5192158,-0.19709903,0.6036102300977203,0.9884604533037017
Impa2,0.51893574,0.47011277,0.6038055578244792,0.9886621420097246
Msantd4,0.518693,0.38387185,0.6039748648230912,0.9887243498273801
Dph6,0.5186743,0.43373826,0.603987889321558,0.9887243498273801
Arl13b,0.5184128,-0.23403513,0.6041702455446762,0.9889047029823255
Tab1,0.5181514,0.37976065,0.6043526264847217,0.9890850534990666
Twnk,0.51792735,0.19959497,0.6045089726705059,0.989104613111899
Eef2kmt,0.51792735,0.12232052,0.6045089726705059,0.989104613111899
Slc25a23,0.51710564,0.19618872,0.6050823972317603,0.9899246288601763
Fdxacb1,0.5161346,-0.06322697,0.6057603949633201,0.9909155117608939
Scrib,0.5154063,0.16418126,0.6062691163433653,0.9915109100995708
Tacc3,0.5133895,-0.018881358,0.6076788794091991,0.9936978572339493
Grn,0.5118022,-0.6633491,0.6087894423914322,0.9953950782626353
Znrd2,0.51040167,2.1795073,0.6097701005122322,0.9968795199304991
Ubxn2b,0.51014024,2.342307,0.6099532344073374,0.9970599345400933
Tob2,0.50931853,1.187129,0.6105289570541491,0.9975606743473173
Zfp623,0.5091318,-0.2753777,0.6106598367287982,0.9975606743473173
Tcrg-V7,0.5087957,1.4803793,0.610895451500044,0.9975606743473173
Ccdc163,0.50857157,2.539611,0.61105255040386,0.9975606743473173
Trim34a,0.50845957,3.242462,0.611131106570471,0.9975606743473173
Tnfrsf9,0.5083848,1.9306462,0.611183479834642,0.9975606743473173
Cyp4v3,0.5082728,1.5077538,0.6112620434600032,0.9975606743473173
Crlf2,0.5081981,2.2216618,0.6113144216959974,0.9975606743473173
Lrat,0.50816077,2.4588768,0.6113406115596391,0.9975606743473173
Ankrd22,0.507974,3.1265318,0.6114715683332116,0.9975606743473173
Cers4,0.5078433,1.8785291,0.611563245466671,0.9975606743473173
Brf2,0.5078246,1.7572697,0.6115763426968793,0.9975606743473173
Fam189b,0.5077499,1.336853,0.6116287328597201,0.9975606743473173
Atp10a,0.5077499,2.2575254,0.6116287328597201,0.9975606743473173
Slc6a20a,0.50767523,1.4787787,0.6116811250096095,0.9975606743473173
Sergef,0.50763786,2.3301368,0.6117073218296296,0.9975606743473173
Capn15,0.50752586,0.9537807,0.6117859152696663,0.9975606743473173
Nup35,0.5072644,0.7586996,0.6119693173427982,0.9975606743473173
Pard3b,0.5072644,1.4126998,0.6119693173427982,0.9975606743473173
Zkscan17,0.5071524,1.7815099,0.6120479256779676,0.9975606743473173
Rangrf,0.507115,-0.2090492,0.6120741294490498,0.9975606743473173
Ptpn21,0.507115,0.65659606,0.6120741294490498,0.9975606743473173
Snip1,0.50700295,0.87230426,0.6121527437399925,0.9975606743473173
Poc5,0.50700295,1.0388244,0.6121527437399925,0.9975606743473173
Pla2g6,0.50662947,0.7821592,0.6124148236266087,0.9977930991205858
Crppa,0.50659215,0.78425485,0.6124410343434311,0.9977930991205858
Piezo1,0.50629336,0.6212719,0.6126507379288666,0.9978404192889008
Chrm3,0.506256,0.8178756,0.6126769531079952,0.9978404192889008
Vegfa,0.5062187,-0.6261633,0.6127031687827997,0.9978404192889008
Fgf13,0.50606924,1.0631329,0.6128080364382322,0.9978404192889008
Mbd6,0.50603193,0.35358876,0.6128342545910082,0.9978404192889008
Me1,0.5059199,0.1844161,0.6129129120223027,0.9978498983607305
Ptpn4,0.505509,0.58312386,0.6132013607463151,0.9981676642474636
Mcm3,0.50543433,0.43781725,0.6132538124066351,0.9981676642474636
Myo7a,0.5045006,0.24706605,0.6139096251786467,0.9989977271585058
Fer,0.50345486,0.27581832,0.6146445023044831,1.0
Trpt1,0.5033055,0.24336612,0.6147495163573959,1.0
Dnajc17,0.50222236,-0.26271078,0.6155111042819511,1.0
Klhl7,0.50218505,0.15967502,0.6155373733292713,1.0
Prmt7,0.5016248,0.024306662,0.615931468147759,1.0
Cdk6,0.5009339,-0.30693513,0.6164176709620297,1.0
Chid1,0.5007658,-0.3567312,0.6165359619677575,1.0
Rpusd3,0.50007486,0.17519847,0.6170223740086279,1.0
Blvrb,0.5000375,-0.50892335,0.617048671341645,1.0
Bicdl2,0.4999815,-0.66018236,0.6170881182620149,1.0
Gng11,0.49788997,-0.45850712,0.6185615931229331,1.0
Abhd3,0.49738577,0.06148534,0.618917035649836,1.0
Rilpl2,0.4968069,2.3815703,0.6193252462642358,1.0
Abtb2,0.49619064,2.8717992,0.6197599220708649,1.0
Trbv16,0.4952009,2.7925239,0.6204583159040299,1.0
Tspyl2,0.49510753,1.258262,0.6205242197961913,1.0
Lrrc8d,0.49510753,-0.10849903,0.6205242197961913,1.0
Primpol,0.4949208,0.6883752,0.6206560367202143,1.0
Bhlhb9,0.49488345,4.397665,0.6206824015671351,1.0
Atf5,0.4947527,-0.32117003,0.6207746823687192,1.0
Mcm3ap,0.49464068,2.7403824,0.6208537849489912,1.0
Il1rn,0.49464068,1.3468755,0.6208537849489912,1.0
Supt3,0.49460334,2.7658963,0.620880153450039,1.0
Hr,0.49449128,3.1113765,0.6209592618756644,1.0
Tmem216,0.49449128,2.7316878,0.6209592618756644,1.0
Zbed4,0.4944726,2.3244128,0.6209724470394273,1.0
Tdp1,0.49415514,2.2904687,0.6211966134483775,1.0
Dsn1,0.4941178,23.058922,0.6212229882795431,1.0
Tmem202,0.4941178,21.911373,0.6212229882795431,1.0
Kdm8,0.4941178,22.690735,0.6212229882795431,1.0
Tmem120b,0.4941178,23.254354,0.6212229882795431,1.0
Ppm1k,0.49408045,2.181653,0.6212493635974463,1.0
Zfp341,0.49406177,3.0974185,0.6212625514389157,1.0
Zfp275,0.49398708,1.7920762,0.6213153040214985,1.0
Mafg,0.4939684,-0.3737615,0.6213284924713028,1.0
Ttll1,0.49393106,0.79614985,0.6213548697358781,1.0
Mtus2,0.49378166,1.826787,0.6214603836598855,1.0
Tgfb3,0.49372563,2.9469137,0.6214999533882437,1.0
Zfp90,0.4936883,2.3843133,0.6215263338152117,1.0
Yju2,0.49365094,0.91041374,0.6215527147285973,1.0
Epn2,0.4936136,1.6134638,0.6215790961283729,1.0
Hdgfl3,0.49357626,2.9228606,0.6216054780145102,1.0
Bmp1,0.49357626,1.7923816,0.6216054780145102,1.0
Aff3,0.4935389,2.6190052,0.6216318603869819,1.0
Cip2a,0.49335214,0.7076586,0.6217637795433775,1.0
Zfp748,0.4933335,1.0781835,0.6217769721275541,1.0
Dusp2,0.49327746,1.7010757,0.6218165506093002,1.0
Ift74,0.49296,0.7597781,0.6220408493294995,1.0
Satb2,0.49290398,-0.32340878,0.6220804351011406,1.0
Naaladl2,0.4928853,0.6034436,0.6220936306012755,1.0
Ppm1m,0.4928293,1.4951143,0.622133217830394,1.0
Zfp516,0.49256784,0.7380729,0.6223179726832946,1.0
Plekho1,0.4925305,1.297206,0.6223443681762597,1.0
Snx30,0.4925118,0.73442507,0.6223575661048266,1.0
Tbc1d17,0.49243712,0.62751853,0.6224103590329101,1.0
Slc38a6,0.49236244,0.48994488,0.6224631539029306,1.0
Hes2,0.4920263,-0.38038003,0.6227007548435117,1.0
Pacs2,0.4918769,-0.7172807,0.6228063678773688,1.0
Smyd4,0.49182087,0.5419926,0.622845974766057,1.0
D6Wsu163e,0.4915781,0.61021125,0.623017617226449,1.0
Tigar,0.4915781,0.40916088,0.623017617226449,1.0
Zfp280b,0.4905884,-0.3142627,0.6237176022500197,1.0
Tpbg,0.49045765,0.06957638,0.6238100785287688,1.0
Ube2o,0.49038297,0.37091485,0.6238629247787213,1.0
Rtn4ip1,0.4902149,0.1652932,0.6239818359185036,1.0
Mief2,0.48997214,-0.11658144,0.6241536137496927,1.0
Hoxb5,0.48991612,-0.10747386,0.6241932576897757,1.0
Lig1,0.4897854,0.37763873,0.6242857644479491,1.0
Foxa2,0.48959866,0.1314059,0.6244179272336867,1.0
Nde1,0.48954263,0.4370135,0.624457578425943,1.0
Dcp1b,0.48941192,0.32161602,0.624550102103402,1.0
Chic1,0.488833,-0.51790184,0.6249599209553263,1.0
Snx16,0.48853424,-0.09789544,0.6251714857510637,1.0
Serhl,0.48737642,-0.5781245,0.6259915909114577,1.0
Fen1,0.48707765,0.09807365,0.6262033061297896,1.0
Aldh3b2,0.48672283,-0.45233035,0.6264547579719655,1.0
Braf,0.48642406,0.08390668,0.6266665405763279,1.0
Ppie,0.4845753,-0.07248525,0.6279776293651118,1.0
Tex30,0.48412713,-0.19251807,0.628295646163809,1.0
Ctnnal1,0.48319343,-0.6372276,0.6289584027492408,1.0
Guca2a,0.48190492,0.011808655,0.6298734978899281,1.0
Zcchc17,0.48186755,-0.31064022,0.6299000308688085,1.0
Lynx1,0.48056036,2.5241888,0.6308289857619251,1.0
Slc46a3,0.48048568,0.87876004,0.6308820865415239,1.0
Shld2,0.48033628,2.5016484,0.6309882938180574,1.0
Izumo4,0.4802616,4.0275583,0.6310414003145364,1.0
Zmat1,0.48018688,2.5083945,0.6310945087161863,1.0
Racgap1,0.48016822,1.0706779,0.6311077861142551,1.0
Rnf24,0.4801122,3.92454,0.6311476190227792,1.0
Bach2,0.48000014,23.676632,0.6312272880539376,1.0
Capn3,0.48000014,23.665936,0.6312272880539376,1.0
Dhx29,0.48000014,22.80335,0.6312272880539376,1.0
Neil1,0.4799628,1.5078789,0.6312538453498815,1.0
Zfp950,0.47992545,2.2830033,0.6312804031218902,1.0
Cenpq,0.4797387,1.4211072,0.6314131991219056,1.0
Socs5,0.47966403,1.0422782,0.6314663208533666,1.0
Mfap1a,0.47966403,1.7662691,0.6314663208533666,1.0
Dzip3,0.4795893,1.3842268,0.6315194444881739,1.0
Nrm,0.4795893,1.0705189,0.6315194444881739,1.0
Nek4,0.47949594,0.96215445,0.6315858517079158,1.0
Rin1,0.4794773,1.6170337,0.6315991335086595,1.0
Ttc21b,0.4794399,1.1598876,0.6316256974669139,1.0
Zfp810,0.47940257,0.76975536,0.6316522619008338,1.0
Trdmt1,0.47936523,1.4982415,0.6316788268103903,1.0
Ndc1,0.4793279,0.85787225,0.6317053921955551,1.0
Tceanc,0.47923452,1.2117532,0.6317718077390663,1.0
Sars2,0.47921583,1.046041,0.6317850912044141,1.0
Cdkn2c,0.47921583,0.74326545,0.6317850912044141,1.0
Mpp7,0.47919717,-0.25068206,0.6317983747886353,1.0
Arhgap42,0.4791038,1.1203307,0.6318647944927199,1.0
Lmf2,0.4791038,1.1233475,0.6318647944927199,1.0
Nt5c2,0.47878632,0.028340697,0.6320906437092825,1.0
Apbb2,0.4787303,-0.0067812395,0.6321305030176243,1.0
Aoc2,0.4786556,0.83172506,0.6321836504249932,1.0
Bcdin3d,0.4786556,0.76930386,0.6321836504249932,1.0
Glmn,0.47846887,1.0214092,0.6323165272565652,1.0
Cdk10,0.47843152,0.57101804,0.6323431040477621,1.0
Micall2,0.47820744,-1.0652397,0.6325025747667218,1.0
Dohh,0.47798333,0.3879003,0.6326620625756965,1.0
Ddx20,0.47794598,0.35342276,0.6326886455382876,1.0
Tyw5,0.47775924,0.52699435,0.6328215674685079,1.0
L2hgdh,0.4777219,0.4070952,0.6328481532778045,1.0
Pik3ap1,0.4777219,0.6898952,0.6328481532778045,1.0
Unc93b1,0.47751647,-0.0736617,0.6329943837071871,1.0
Spc25,0.47746047,0.43052897,0.6330342672230975,1.0
Mark1,0.47727373,0.22125694,0.633167219980532,1.0
Frat1,0.47712433,-0.035720862,0.63327359071878,1.0
Itgb3bp,0.47658277,0.29986522,0.6336592481923132,1.0
Cct5,0.47544366,0.054642428,0.634470783558595,1.0
Saysd1,0.47536895,0.0027494207,0.6345240143608624,1.0
Qpctl,0.47409913,0.015428695,0.6354292270086084,1.0
Hoxb7,0.4735949,-0.5280212,0.6357888009364172,1.0
Fpgs,0.4730907,-0.17095257,0.6361484607362096,1.0
Fam222b,0.47301602,0.14443496,0.6362017509684337,1.0
Ifitm3,0.4707004,0.0054533053,0.6378546809495623,1.0
Abcb10,0.468833,-0.3024865,0.6391890023471725,1.0
Kremen1,0.46872097,-0.40214834,0.6392690988324139,1.0
Gatc,0.46857157,-0.22737353,0.6393759006895325,1.0
Prpf4,0.46741378,0.981073,0.6402038684415998,1.0
Kalrn,0.46692824,-0.76850295,0.6405512141598353,1.0
Baiap3,0.4664614,3.4020922,0.6408852746973559,1.0
Eya2,0.4663867,3.3687131,0.6409387311365968,1.0
Rrs1,0.4660879,3.355062,0.6411525755144296,1.0
Unkl,0.4658825,23.253113,0.6412996108010867,1.0
Creld1,0.4658825,22.765413,0.6412996108010867,1.0
Ccdc69,0.4658825,23.437334,0.6412996108010867,1.0
Cplane1,0.4658825,23.061605,0.6412996108010867,1.0
Ugt1a1,0.46586382,3.6441548,0.6413129783431804,1.0
Mical3,0.465453,1.4734937,0.6416070936848725,1.0
Camk1,0.4654343,-0.3706301,0.6416204639007785,1.0
Borcs7,0.4653036,0.6627045,0.6417140586657656,1.0
Zfp799,0.46498615,0.7832831,0.6419413839367901,1.0
Pamr1,0.46463132,1.0958712,0.6421954930699636,1.0
Rpusd4,0.46453795,0.7214144,0.6422623708586107,1.0
Rarg,0.4645193,0.59785235,0.6422757467644551,1.0
Zfp787,0.4645006,0.21862607,0.6422891227863292,1.0
Eogt,0.4645006,0.31292692,0.6422891227863292,1.0
C2cd2,0.46433255,0.590182,0.6424095122039337,1.0
Mtmr10,0.4642952,0.58476853,0.6424362666838649,1.0
Map3k20,0.46410847,0.4230114,0.6425700460420883,1.0
Ttc6,0.46403375,0.36115354,0.6426235610321626,1.0
Tram2,0.46397772,0.6566926,0.6426636984920449,1.0
Grk5,0.463847,0.3670987,0.6427573566222604,1.0
Brms1l,0.46377233,0.55603117,0.6428108781036495,1.0
Phf20,0.4636976,0.6159239,0.6428644014391723,1.0
Sgsm1,0.46317476,0.0918626,0.6432391166838904,1.0
Hsph1,0.46156877,0.299472,0.644390594930466,1.0
Noxo1,0.46149406,-0.87048155,0.6444441728573616,1.0
Wsb2,0.4614007,-0.32577673,0.6445111478632568,1.0
Myg1,0.46110192,0.004664026,0.644725487269968,1.0
Tbccd1,0.4603176,-0.16941689,0.6452882686803749,1.0
Pxmp4,0.46028024,-0.3524838,0.6453150728662873,1.0
Qser1,0.45968267,-0.3364503,0.645744002487751,1.0
Pex10,0.45936522,-0.16798717,0.645971919287062,1.0
Ffar4,0.4584502,-0.57136333,0.6466290418609439,1.0
Slc25a33,0.45790863,0.0923399,0.6470180810455846,1.0
Nat9,0.4564894,-0.76075554,0.648038089544891,1.0
Psd3,0.45634001,-0.8984757,0.6481454973428291,1.0
Ckap4,0.4549581,-0.4137261,0.6491393663667808,1.0
Mcph1,0.45415515,2.9313738,0.6497171720748072,1.0
Dll4,0.45408043,-0.32741874,0.6497709321618781,1.0
Fam216a,0.4537443,2.132623,0.6500128751158125,1.0
Ppp1r15a,0.4525865,1.5047199,0.650846516517013,1.0
Cdk4,0.45239976,0.89150953,0.6509810157517883,1.0
Fuz,0.45234373,0.6202223,0.6510213677382175,1.0
Slco3a1,0.45217568,2.4449375,0.6511424298326332,1.0
Syt14,0.45206362,3.7067127,0.6512231430071763,1.0
Lpar2,0.45202628,2.1938026,0.6512500483072503,1.0
Acaa1b,0.45187688,2.0343707,0.6513576740495479,1.0
Atp23,0.45183954,1.4278486,0.6513845816204735,1.0
Usp20,0.45183954,2.8976479,0.6513845816204735,1.0
Alg6,0.4518022,2.193171,0.6514114896454797,1.0
Stx2,0.45176485,23.528612,0.6514383981245367,1.0
Exog,0.45176485,2.6770265,0.6514383981245367,1.0
Akr1c18,0.45176485,21.628881,0.6514383981245367,1.0
Myo9a,0.45176485,22.84035,0.6514383981245367,1.0
Lacc1,0.45161545,1.8440815,0.6515460365806758,1.0
Ube2cbp,0.45161545,2.5261912,0.6515460365806758,1.0
Wrb,0.4514287,1.5203291,0.6516805948634079,1.0
Rnf32,0.45139137,1.6831685,0.6517075078813299,1.0
Mettl18,0.45135403,1.7595942,0.6517344213529741,1.0
Zfp111,0.45131665,1.401353,0.6517613352783105,1.0
Ctps,0.45126066,0.85557854,0.6518017070169226,1.0
Zfp287,0.45124197,1.8513492,0.6518151644899405,1.0
Slc45a3,0.45120463,1.5837277,0.6518420797761741,1.0
Adam19,0.4511299,1.6568712,0.6518959117093297,1.0
Disp1,0.4507191,0.84100795,0.6521920197614373,1.0
Zmym3,0.45068175,0.82165724,0.6522189413949664,1.0
Slc25a14,0.45053235,0.47691393,0.652326632460322,1.0
Arrdc2,0.45045766,0.70234644,0.6523804807113243,1.0
Gtf2h4,0.45023358,0.4418982,0.652542036334756,1.0
D11Wsu47e,0.45023358,0.33595252,0.652542036334756,1.0
Pwp2,0.45012152,0.6682468,0.6526228202596036,1.0
Tnfaip8l1,0.4497107,0.2817185,0.6529190628361612,1.0
Prune1,0.44967335,-0.24726054,0.652945996694335,1.0
Eepd1,0.44952396,0.61290354,0.6530537366501832,1.0
Mtmr7,0.44952396,0.092933245,0.6530537366501832,1.0
Nyap1,0.44915047,0.4261924,0.6533231181913781,1.0
Nmnat3,0.44911313,-0.046918392,0.6533500588315824,1.0
Phf11b,0.448777,0.45001537,0.6535925449251143,1.0
Zfp146,0.4482541,0.13905834,0.6539698182186777,1.0
Man2a2,0.44793665,0.45291936,0.654198920155795,1.0
Homez,0.44780594,0.19636865,0.6542932657185416,1.0
Zfp784,0.44758183,-0.112283304,0.6544550138173146,1.0
Wwc2,0.44713366,0.03813085,0.6547785586800708,1.0
Gstz1,0.44713366,-0.42729816,0.6547785586800708,1.0
Tirap,0.445453,-0.30497634,0.6559924290041164,1.0
Nnt,0.44373497,-0.28986165,0.6572342138486345,1.0
Apex1,0.44373497,-0.077901885,0.6572342138486345,1.0
Ttbk2,0.44186756,-0.28553355,0.6585850540236997,1.0
Aldh1l1,0.44134468,-0.5247812,0.6589634892626924,1.0
Mgst1,0.44115794,-0.28775358,0.6590986658763455,1.0
Zfand2a,0.440467,-0.39120808,0.6595989161502325,1.0
Ggh,0.43990678,-0.24031958,0.6600046362712977,1.0
Zan,0.43929052,0.8881738,0.660451043901207,1.0
Lypd6b,0.4382821,2.6476781,0.6611817897577061,1.0
Clnk,0.4381514,1.3462462,0.6612765397368097,1.0
Fhod1,0.4381514,1.0405133,0.6612765397368097,1.0
Cenpl,0.43802068,0.8655023,0.6613712951428461,1.0
Gpsm1,0.438002,3.2342668,0.6613848320723614,1.0
Ift172,0.43790862,1.4528842,0.6614525183807098,1.0
Atrip,0.43775925,1.3994321,0.6615608222304843,1.0
Tspan32,0.4376472,23.560053,0.6616420547662135,1.0
Ppm1j,0.4376472,1.3769904,0.6616420547662135,1.0
Cep170,0.4376472,23.413496,0.6616420547662135,1.0
Fam234b,0.4376472,23.414547,0.6616420547662135,1.0
Zcchc4,0.4376472,22.56763,0.6616420547662135,1.0
Traf3ip1,0.4376285,2.6353314,0.6616555939094682,1.0
Ccr9,0.43760985,2.2735686,0.6616691331633697,1.0
Trmt13,0.4375725,1.8659153,0.6616962120030982,1.0
Zfp606,0.43753514,1.9765533,0.6617232912853686,1.0
Zmym1,0.43746045,1.2254013,0.6617774511774123,1.0
Rfc4,0.43740442,1.1695236,0.6618180722578901,1.0
Prdx4,0.43738577,0.64089394,0.6618316128392565,1.0
Cd200r4,0.43732974,2.8501258,0.6618722352469244,1.0
Mex3d,0.43732974,1.3657502,0.6618722352469244,1.0
Als2,0.4372737,1.2151061,0.6619128586498645,1.0
Tgfbr3l,0.43723637,1.9772176,0.6619399414713694,1.0
Sec61a2,0.43721768,0.97314805,0.6619534830479739,1.0
Dse,0.43716165,2.7247643,0.6619941084411489,1.0
Fam220a-1,0.4369936,0.42271182,0.6621159905900396,1.0
Trmt5,0.43695626,1.0021088,0.6621430767278008,1.0
Mphosph9,0.43693757,1.7159398,0.6621566199624476,1.0
Tpx2,0.43678817,1.5831236,0.6622649698175007,1.0
Rdh16,0.43673217,0.71323454,0.6623056028360885,1.0
Cnnm2,0.4367135,0.7437968,0.66231914739655,1.0
Cnpy4,0.4367135,0.7431786,0.66231914739655,1.0
Ap5z1,0.43665746,0.8561212,0.6623597817406774,1.0
Paics,0.43637735,0.7064413,0.6625629683697641,1.0
Rbm41,0.43634,0.5223002,0.662590061797236,1.0
Ms4a10,0.43632132,0.5814176,0.6626036086765488,1.0
Hacl1,0.43592918,0.55343413,0.662888118633873,1.0
Selenoh,0.43574244,0.46114916,0.6630236166644645,1.0
Alkbh8,0.43559304,0.55811566,0.6631320230278994,1.0
Zfp704,0.43521956,-0.58972526,0.6634030697966474,1.0
Nudt1,0.43516353,0.640338,0.6634437306130069,1.0
Dnajb4,0.43508884,0.44202098,0.663497946576791,1.0
Spryd4,0.43437922,-0.37891006,0.6640130860792244,1.0
Gadd45b,0.43393105,-0.6072128,0.6643385191831436,1.0
Vnn1,0.43290398,-0.9081825,0.6650845420271965,1.0
Rab15,0.43247446,-0.56159085,0.6653966136341776,1.0
Agmo,0.43073776,-0.14595486,0.6666590590326429,1.0
Rfc3,0.428833,-0.09718685,0.6680447627528099,1.0
Lrrk1,0.42844084,0.07938115,0.6683301953929982,1.0
Gipc1,0.42722702,-0.43288538,0.6692139811882136,1.0
Sass6,0.42633066,-0.28817102,0.669866917328563,1.0
Mboat2,0.42618126,-0.19485581,0.6699757642933939,1.0
Cdca8,0.4260319,-0.3964551,0.6700846181885747,1.0
Pxmp2,0.42494878,-0.57117474,0.6708740160059987,1.0
Hid1,0.4249301,-0.6486887,0.6708876295022663,1.0
Txnl4b,0.42405242,2.402641,0.6715275856132144,1.0
Nup188,0.42397773,1.0672047,0.6715820609687977,1.0
Zfp677,0.42394036,4.31626,0.6716092992935716,1.0
Cdc20,0.42375362,1.3967934,0.6717454973860173,1.0
Sirpa,0.42369762,1.0910177,0.6717863589156582,1.0
Pradc1,0.42367893,1.385701,0.6717999796410825,1.0
Bmper,0.42352954,21.17226,0.671908949323704,1.0
Adamts6,0.42352954,23.36507,0.671908949323704,1.0
Rgs14,0.42352954,23.445023,0.671908949323704,1.0
Ctla2a,0.42352954,23.429897,0.671908949323704,1.0
Acta1,0.42352954,22.140867,0.671908949323704,1.0
Sinhcaf,0.42352954,22.834402,0.671908949323704,1.0
Stx11,0.4234922,2.8401756,0.67193619282178,1.0
Osgin2,0.4234922,0.87679964,0.67193619282178,1.0
Klhl18,0.4233428,1.6713467,0.6720451711228299,1.0
Ccnh,0.4232681,0.6954238,0.6720996628581661,1.0
Zmym6,0.4232681,1.2023633,0.6720996628581661,1.0
Adgrl1,0.4232681,1.6848016,0.6720996628581661,1.0
Cbarp,0.42324942,1.2332063,0.6721132860612091,1.0
Rapgef5,0.42323077,1.3095677,0.6721269093719278,1.0
Tifab,0.4231934,2.64598,0.672154156316377,1.0
Gypc,0.42315605,2.6186092,0.6721814036914825,1.0
B3galt6,0.42315605,0.87183875,0.6721814036914825,1.0
Alkbh2,0.42304403,0.7938071,0.6722631484004244,1.0
Tecpr2,0.42304403,1.3815879,0.6722631484004244,1.0
Soat2,0.42304403,2.1958864,0.6722631484004244,1.0
Ppia,0.42304403,1.2969536,0.6722631484004244,1.0
Trim59,0.42300665,0.54532444,0.6722903974978431,1.0
Kctd18,0.42293197,1.1539156,0.6723448969841497,1.0
Cenpj,0.42285728,1.1737729,0.6723993981922078,1.0
Mars2,0.4228199,0.9956515,0.6724266494418156,1.0
Rsrc1,0.42274523,0.92318815,0.6724811532320324,1.0
Fam92a,0.42267054,0.8152622,0.6725356587433764,1.0
Cxcl16,0.4225585,0.76475513,0.6726174202369589,1.0
Pdp1,0.42244643,0.47794956,0.6726991856016722,1.0
Dhrs13,0.42244643,0.67705286,0.6726991856016722,1.0
Casc4,0.42211032,0.6438252,0.6729445049141632,1.0
Apip,0.42162478,0.08041875,0.6732989164806042,1.0
Mcat,0.42151272,0.4514426,0.6733807140719341,1.0
Arf2,0.42136335,0.34166592,0.6734897835364022,1.0
Gemin5,0.4211019,0.36061054,0.6736806716193464,1.0
Plk1,0.4210272,0.4427977,0.6737352149322433,1.0
Hs3st3b1,0.4210272,0.2599409,0.6737352149322433,1.0
Aldoc,0.4208778,0.4008371,0.6738443067039126,1.0
Supt5,0.42084047,0.3505822,0.6738715807187047,1.0
Nolc1,0.42069107,0.32799497,0.6739806810644333,1.0
Alg3,0.42057902,0.25571308,0.674062510823741,1.0
Wdr73,0.420467,0.30978417,0.674144344439262,1.0
Nme6,0.41867426,-0.14649068,0.6754542060420973,1.0
Ctdspl,0.41859958,-0.5571886,0.6755088049763777,1.0
H2-Q1,0.41815138,-0.37876034,0.6758364344249586,1.0
Dusp23,0.41802067,-0.6851298,0.6759320045834258,1.0
G2e3,0.41768453,-0.12915051,0.6761777803966778,1.0
Eefsec,0.41602254,0.110162914,0.677393511950283,1.0
Glipr2,0.41497678,-0.022705933,0.6781588978157252,1.0
Rab11fip3,0.4124371,-0.524535,0.6800190738094851,1.0
Gk5,0.4124371,-0.64559186,0.6800190738094851,1.0
Tead3,0.41195157,-0.21196929,0.680374917968997,1.0
Nav1,0.41083112,0.9907487,0.681196368349437,1.0
Bcl7a,0.41073775,1.5639951,0.6812648396317493,1.0
Lratd2,0.410551,-0.6639695,0.6814017900738296,1.0
Trbv1,0.41043895,1.6761975,0.6814839653793154,1.0
Dtx4,0.4104016,1.1073769,0.6815113579876597,1.0
Cd300a,0.41019621,2.5862405,0.6816620248379048,1.0
Suv39h1,0.4101215,0.8906867,0.6817168159314523,1.0
Cd274,0.4099161,1.7844673,0.6818675000928771,1.0
Myo5a,0.40989742,1.1562889,0.6818811992822738,1.0
Sh3pxd2b,0.40986007,1.5418904,0.6819085979756445,1.0
Fam122b,0.40967333,2.3022075,0.6820455977330226,1.0
Cdkl3,0.40954262,1.7161835,0.6821415037997915,1.0
Sec22c,0.40950525,2.6194243,0.6821689064762795,1.0
Sirt4,0.4094866,1.2761053,0.6821826079716911,1.0
Senp8,0.40944925,1.9826843,0.6822100112768297,1.0
Smim13,0.40943056,1.672477,0.6822237130865488,1.0
Ppm1f,0.40941188,23.289024,0.6822374150010292,1.0
Ttc28,0.40941188,23.420223,0.6822374150010292,1.0
Asb1,0.40937454,1.7630197,0.6822648191442575,1.0
Pcgf1,0.4093372,1.2326866,0.682292223706483,1.0
Nbl1,0.4093372,1.8662875,0.682292223706483,1.0
Mapkbp1,0.4092625,1.9106331,0.682347034087798,1.0
Ano8,0.40920648,1.5063866,0.682388142973415,1.0
Tctn2,0.40913177,1.8864046,0.6824429562868746,1.0
Cntn3,0.40905708,1.8123955,0.6824977712754949,1.0
Kat2b,0.40901974,1.3825647,0.682525179397911,1.0
Camkk2,0.4089824,2.1284509,0.6825525879390217,1.0
C1qtnf12,0.40892637,0.7625814,0.6825937015356709,1.0
Eef1aknmt,0.40885165,0.96988565,0.6826485211296709,1.0
Map2k5,0.40872094,0.82323927,0.6827444594475758,1.0
Pcyox1l,0.4086836,0.8782181,0.6827718713370984,1.0
Wdfy2,0.40862757,1.2368797,0.6828129899558875,1.0
Rufy2,0.40862757,0.7157072,0.6828129899558875,1.0
Tmx4,0.40834746,0.81234527,0.6830185971673461,1.0
Ddx43,0.40812337,0.75241846,0.6831830998710766,1.0
Oasl1,0.40806735,-0.66755396,0.6832242278981356,1.0
Prrg1,0.4080487,0.61237437,0.6832379374494351,1.0
Tmem176a,0.40782458,-0.19842969,0.6834024602122857,1.0
H2-DMa,0.40782458,0.5533061,0.6834024602122857,1.0
Fzd8,0.40780592,0.30959797,0.6834161711213403,1.0
Ccser1,0.40769386,0.5465073,0.6834984387682399,1.0
Zfp426,0.4076752,0.23417303,0.6835121504081145,1.0
Arhgef19,0.40756315,0.5255551,0.6835944224393475,1.0
Tlr5,0.40743244,0.57735234,0.6836904112242409,1.0
Wfs1,0.40741375,0.341658,0.6837041243251692,1.0
Cox6b1,0.407227,-0.21840148,0.6838412610720036,1.0
Pigl,0.40704027,-0.0079232585,0.6839784082479563,1.0
Cttnbp2nl,0.40584514,-0.7179886,0.6848563968709385,1.0
Morn2,0.40509817,0.0027294527,0.6854053561377893,1.0
Uaca,0.40436986,-0.5550568,0.6859407513839404,1.0
Ucp2,0.4042765,0.21581106,0.686009403209862,1.0
Cela1,0.4042018,-0.14295116,0.6860643265364958,1.0
Rgcc,0.40375364,0.049707036,0.6863939013115586,1.0
Fkbpl,0.40334278,-0.1746308,0.6866960639183581,1.0
Cks2,0.40255848,0.085935265,0.6872730588172404,1.0
Il7,0.40106454,-0.50916696,0.6883726005297642,1.0
Pelp1,0.40042964,-0.12734176,0.6888401054311769,1.0
Ovol2,0.39822608,-0.7905294,0.6904635436296509,1.0
Klrb1b,0.39652672,2.6890237,0.6917164908584923,1.0
Meis3,0.39637733,0.63384366,0.6918266804971771,1.0
Kyat1,0.3962466,-0.15916005,0.6919231017837911,1.0
Rsl1,0.39607856,2.1947203,0.6920470793480399,1.0
Lin9,0.39607856,3.0032125,0.6920470793480399,1.0
Zfp408,0.39589182,1.692037,0.6921848418767489,1.0
Nrf1,0.39585447,2.774992,0.6922123956048296,1.0
Nr4a1,0.3957611,1.6096625,0.6922812817072074,1.0
Tbc1d16,0.39563036,2.2989266,0.6923777265269642,1.0
Syt11,0.395481,2.8490083,0.6924879552856764,1.0
Cfp,0.395481,1.784988,0.6924879552856764,1.0
Slc39a13,0.39540628,1.9745654,0.6925430721074411,1.0
Arid3a,0.39540628,0.9695807,0.6925430721074411,1.0
Bbs4,0.39529425,22.25756,0.6926257503923695,1.0
Tspyl4,0.39529425,23.323801,0.6926257503923695,1.0
Acvr2b,0.39529425,21.80909,0.6926257503923695,1.0
Arid5a,0.39529425,23.132648,0.6926257503923695,1.0
Pik3ip1,0.39529425,23.343813,0.6926257503923695,1.0
Nhej1,0.39507014,1.3875887,0.692791117947227,1.0
Meak7,0.39499545,1.5968782,0.6928462437193763,1.0
Btbd10,0.39499545,1.3695875,0.6928462437193763,1.0
Rrad,0.3949581,2.6843967,0.6928738072154044,1.0
Pbxip1,0.39492077,0.9979124,0.6929013711180249,1.0
Trbv13-1,0.39484605,1.8127002,0.6929565001429129,1.0
Kctd7,0.39484605,1.9569482,0.6929565001429129,1.0
Gin1,0.39473403,1.0824835,0.693039196728876,1.0
Srbd1,0.39473403,0.77823216,0.693039196728876,1.0
Il3ra,0.39462197,1.4015266,0.6931218969724178,1.0
Phlpp1,0.39454728,0.5759259,0.6931770324996673,1.0
Top1mt,0.39454728,1.2575642,0.6931770324996673,1.0
Serp1,0.3945099,0.4354214,0.6932046008726612,1.0
Atoh8,0.39449126,0.73630226,0.6932183852114864,1.0
Snx8,0.39436054,0.88090104,0.6933148784263405,1.0
Crybg3,0.39432317,0.5233254,0.6933424488300237,1.0
Pld2,0.3942485,0.44485745,0.6933975908554793,1.0
Armcx3,0.3942298,0.6916919,0.6934113766155878,1.0
Urb1,0.39421114,0.8623389,0.6934251624771862,1.0
BC024978,0.39421114,0.7147631,0.6934251624771862,1.0
Gcfc2,0.39406174,0.5127271,0.69353545302312,1.0
Ifnlr1,0.393875,-0.06619458,0.6936733253360872,1.0
Card10,0.393875,0.5553743,0.6936733253360872,1.0
Mogat2,0.3937256,0.089501485,0.6937836304883663,1.0
Nfam1,0.39350152,0.99529445,0.6939491003817523,1.0
Cntrob,0.39338946,0.4310795,0.6940318408007788,1.0
Sh3rf1,0.3930907,0.3895531,0.694252499745829,1.0
Tcf19,0.39262384,0.40423968,0.6945973312277129,1.0
Wdr76,0.39204493,0.31193495,0.6950250100479198,1.0
Rab23,0.3919329,-0.1167417,0.6951077978100938,1.0
Cdc16,0.3919329,0.058274698,0.6951077978100938,1.0
Scarb1,0.39172748,0.24646886,0.6952595848159756,1.0
Ccdc9b,0.39155942,-0.77724874,0.6953837832697034,1.0
Zfp367,0.39141002,0.22397743,0.6954941887570866,1.0
Fkbp9,0.39096183,-0.20409365,0.6958254439471038,1.0
Thap1,0.3897667,-0.08909822,0.6967090747573663,1.0
Anxa3,0.38963598,-0.5736362,0.6968057468748738,1.0
Csf2ra,0.38862756,-0.32986054,0.6975516686081368,1.0
Gca,0.38778722,-0.7228458,0.698173493425023,1.0
Mpeg1,0.3876752,1.3335396,0.6982564187214563,1.0
Pltp,0.38472468,1.023278,0.7004414118608523,1.0
Usp2,0.38352954,-1.157223,0.701327179496795,1.0
Prxl2b,0.38313738,-0.6628445,0.7016179105435534,1.0
Notch2,0.38278258,1.8253618,0.7018809905631733,1.0
Cacna2d2,0.38255847,-0.73270965,0.7020471647774935,1.0
Nr4a2,0.38229704,1.7130536,0.702241052699436,1.0
Klra5,0.38190487,3.9227273,0.7025319209153351,1.0
Ms4a12,0.3818862,-0.41850308,0.7025457728697323,1.0
Gab3,0.38179284,3.4588325,0.7026150341233981,1.0
Utp14a,0.3816808,1.7366374,0.7026981508869474,1.0
Anks6,0.38164344,-0.6561789,0.7027258572647512,1.0
Dnajc18,0.38155007,1.2991909,0.7027951249369722,1.0
Cdk5rap2,0.38151273,1.3808062,0.7028228326968585,1.0
BC035044,0.38149405,3.019761,0.7028366867248561,1.0
Alyref2,0.38141936,3.3077087,0.70289210382378,1.0
Zfp60,0.381326,1.3141248,0.7029613774177254,1.0
Heyl,0.3811766,23.272085,0.7030722202981599,1.0
Vsig10l,0.3811766,22.084593,0.7030722202981599,1.0
Nr4a3,0.3811766,23.690432,0.7030722202981599,1.0
Prf1,0.3811766,23.437347,0.7030722202981599,1.0
Bora,0.3811766,1.7246302,0.7030722202981599,1.0
Tspan33,0.3811766,1.0332489,0.7030722202981599,1.0
Ift57,0.3811766,23.188711,0.7030722202981599,1.0
Tmem156,0.3811766,23.288685,0.7030722202981599,1.0
Mturn,0.3811766,23.323774,0.7030722202981599,1.0
Gtf2ird2,0.3811766,23.047827,0.7030722202981599,1.0
Nfkbil1,0.3811766,22.211542,0.7030722202981599,1.0
Pm20d2,0.38112056,3.2119298,0.7031137880057864,1.0
Poglut3,0.38110188,2.0913885,0.7031276441055638,1.0
Pced1a,0.38106453,1.7915663,0.7031553566009471,1.0
Alkbh1,0.3810272,1.5364814,0.7031830694907402,1.0
Ubash3a,0.38093382,2.6157417,0.7032523534405498,1.0
Wars2,0.38093382,1.0449587,0.7032523534405498,1.0
Dock9,0.38091514,1.7177254,0.703266210526249,1.0
Usp54,0.3808778,1.0674258,0.7032939249933517,1.0
Skiv2l,0.38085914,1.6971469,0.703307782374747,1.0
Arl4c,0.38082176,2.5285978,0.7033354974332043,1.0
Basp1,0.3808031,1.8839222,0.7033493551102583,1.0
Dnajc28,0.38078442,1.2833712,0.703363212885857,1.0
Ears2,0.38074708,1.0267692,0.7033909287326718,1.0
Srgap3,0.38074708,1.1203716,0.7033909287326718,1.0
Bbs9,0.3806724,0.8374674,0.7034463616086555,1.0
Tlr4,0.38063502,0.98130643,0.7034740786377582,1.0
Dph2,0.38054165,0.8663658,0.7035433729343239,1.0
Zfp683,0.38028023,1.5421679,0.7037374100618041,1.0
Jdp2,0.38028023,1.1266507,0.7037374100618041,1.0
Avpi1,0.38016817,0.37979132,0.7038205747371219,1.0
Fam185a,0.38003746,0.52988225,0.7039176046689846,1.0
Mb21d2,0.37953326,0.39707375,0.7042919081191481,1.0
Fan1,0.37940255,0.3689473,0.7043889614510124,1.0
Pakap-1,0.37925315,0.2757443,0.7044998854385591,1.0
Eml2,0.37923446,0.3352267,0.7045137513789523,1.0
Trp53rka,0.3792158,0.35332024,0.7045276174175426,1.0
Pinx1,0.37917846,0.39769837,0.7045553497892985,1.0
Mxd1,0.37895435,-0.34173286,0.7047217522662006,1.0
Fbxl15,0.37809536,-0.5435589,0.705359759277306,1.0
Dbf4,0.37675083,0.04654626,0.7063587948624617,1.0
Sox4,0.37359488,-0.21488832,0.7087057391579819,1.0
Sox9,0.37331477,-0.6100373,0.7089141818990294,1.0
Wdsub1,0.36987874,-0.60529315,0.711472848895154,1.0
Dck,0.3691878,0.6312977,0.7119877572418634,1.0
Polr3a,0.36821672,1.8027686,0.7127116342089946,1.0
Gpatch3,0.36802998,3.7310143,0.7128508710149764,1.0
Agbl5,0.36797398,-0.16350542,0.7128926439230296,1.0
Cd68,0.3679553,0.80692947,0.7129065684170862,1.0
Nle1,0.36786193,1.1619693,0.7129761923224697,1.0
Vamp1,0.36754447,3.4865065,0.7132129314856797,1.0
Nfatc2ip,0.3675258,0.9030219,0.7132268581792909,1.0
Ccdc134,0.36750713,1.3307768,0.7132407849684845,1.0
Rfx2,0.36750713,3.520934,0.7132407849684845,1.0
Slc6a9,0.36748844,-0.48530304,0.7132547118532562,1.0
Chst14,0.3673204,2.0942447,0.7133800581165284,1.0
Usp31,0.3673204,4.035695,0.7133800581165284,1.0
Ccdc191,0.36720833,2.7854052,0.7134636265913613,1.0
Zkscan8,0.36720833,1.3093761,0.7134636265913613,1.0
Zfp54,0.36720833,3.1903422,0.7134636265913613,1.0
Rad51,0.36720833,1.347194,0.7134636265913613,1.0
Taf1a,0.36709628,1.2321403,0.7135471985045898,1.0
Klri2,0.36705893,23.429356,0.7135750565729303,1.0
Zfp873,0.36705893,22.605478,0.7135750565729303,1.0
Pheta2,0.36705893,23.178543,0.7135750565729303,1.0
Nat8f1,0.36705893,21.942785,0.7135750565729303,1.0
Pik3r5,0.3670216,1.8838745,0.7136029150231804,1.0
Slc26a11,0.36698425,2.1469638,0.713630773855306,1.0
Sntb1,0.3667228,1.8559082,0.713825796369886,1.0
Fchsd1,0.36668545,0.72283816,0.7138536582558079,1.0
Rbm8a,0.3666481,1.0251459,0.7138815205233031,1.0
Cep70,0.3664987,0.65153307,0.7139929734083426,1.0
Zfp472,0.36642402,0.7014471,0.7140487021394264,1.0
Ccr5,0.3663493,1.6697648,0.714104432395861,1.0
Ska2,0.36627463,0.88877046,0.7141601641773769,1.0
Btbd11,0.36625594,1.6741862,0.7141740973610182,1.0
Cd5,0.36623728,1.151283,0.7141880306399562,1.0
Trim32,0.3660132,0.5647687,0.7143552374188114,1.0
Lnx1,0.36590114,0.40268278,0.7144388459517532,1.0
Rnf41,0.36590114,0.56018835,0.7144388459517532,1.0
Klhdc8a,0.3658638,-0.8890684,0.7144667162245117,1.0
Klhl20,0.3657891,0.3909763,0.7145224579124929,1.0
Kbtbd7,0.36575174,0.46270165,0.7145503293276485,1.0
Calu,0.3657144,0.31709996,0.7145782011235358,1.0
Alg8,0.36549032,0.4059018,0.7147454398923393,1.0
Tcaim,0.36522886,0.37493068,0.7149405691013304,1.0
Ldb3,0.36519152,0.20964918,0.7149684462239247,1.0
Rapgef3,0.36504212,0.33528286,0.715079958516229,1.0
Got2,0.36489272,-0.3333375,0.7151914768899983,1.0
Fam171a1,0.36485538,0.27518988,0.7152193574334167,1.0
Slc41a1,0.36481804,0.33800012,0.7152472383567583,1.0
Hck,0.36481804,0.43188298,0.7152472383567583,1.0
Kctd11,0.3647807,0.0266172,0.7152751196599889,1.0
Lrrc56,0.36436987,-0.2620072,0.715581839058578,1.0
Atp2c2,0.36403373,-0.46693677,0.7158328254494254,1.0
Slc16a1,0.36403373,-0.19450931,0.7158328254494254,1.0
Zbtb3,0.36392167,-0.18832545,0.71591649440618,1.0
Acaa1a,0.36328676,0.08445288,0.7163906829112241,1.0
Rai2,0.3608031,-0.5275322,0.718246646094395,1.0
Serpinb1a,0.36054167,-0.059519656,0.7184421076046137,1.0
Bahcc1,0.3594959,-0.2956327,0.7192241377785235,1.0
Nr2f2,0.3593652,-0.33213717,0.7193219122412409,1.0
Lipg,0.35923448,-0.72693914,0.7194196912971053,1.0
Snrpn,0.35915977,-0.6296957,0.7194755671049826,1.0
Evpl,0.3546033,-1.0967158,0.7228868158173352,1.0
Trbv14,0.35368824,2.6178508,0.7235725287621826,1.0
Ncmap,0.3535762,2.043867,0.7236565088758993,1.0
Dkk3,0.35355753,3.64727,0.7236705058850075,1.0
Ess2,0.3534455,4.5614514,0.7237544898801989,1.0
Gadd45g,0.3533708,1.1170694,0.7238104810581494,1.0
Zfp963,0.35333344,1.6026258,0.723838477201369,1.0
Rora,0.35331476,2.0409238,0.723852475411525,1.0
Zfp770,0.35325876,1.6746446,0.7238944705961261,1.0
Slc18b1,0.35325876,-0.82502186,0.7238944705961261,1.0
Mcpt2,0.35320273,0.5513221,0.7239364666118375,1.0
Zfp605,0.35318404,3.3484108,0.7239504654684126,1.0
Prmt6,0.3531654,1.9711213,0.7239644644173161,1.0
Clasp2,0.3531654,0.67022353,0.7239644644173161,1.0
Slamf6,0.3531467,2.9235759,0.7239784634585439,1.0
Clca4b,0.35295996,2.7429163,0.7241184589477132,1.0
Siah1b,0.35294127,22.208765,0.7241324590042253,1.0
Cd6,0.35294127,23.170801,0.7241324590042253,1.0
Zfpm1,0.35294127,23.167324,0.7241324590042253,1.0
Nr1i3,0.35294127,21.08859,0.7241324590042253,1.0
Cd1d1,0.35294127,22.8039,0.7241324590042253,1.0
Hyls1,0.35294127,22.497149,0.7241324590042253,1.0
Zfp712,0.35294127,22.458614,0.7241324590042253,1.0
Fcrl1,0.35294127,23.113884,0.7241324590042253,1.0
Izumo1r,0.35294127,23.260208,0.7241324590042253,1.0
Rttn,0.35294127,22.684711,0.7241324590042253,1.0
Mns1,0.35294127,23.02712,0.7241324590042253,1.0
Eps8l1,0.35294127,22.227661,0.7241324590042253,1.0
Txnrd3,0.35288528,2.3974283,0.724174459727382,1.0
Cldn10,0.35288528,2.674524,0.724174459727382,1.0
Cdc42ep2,0.3528479,2.6375654,0.7242024606707943,1.0
Zfp870,0.35282925,1.5347735,0.7242164612808799,1.0
Kcnh6,0.35281056,1.0846047,0.7242304619832127,1.0
Tsen2,0.35281056,2.136819,0.7242304619832127,1.0
Camkk1,0.35281056,2.6509452,0.7242304619832127,1.0
Nup133,0.3527919,1.0351423,0.7242444627777888,1.0
Plxnc1,0.35273588,2.474747,0.7242864657149317,1.0
Bnip3,0.35269853,1.7528895,0.7243144681341638,1.0
Gnb1l,0.35258648,2.104828,0.7243984776049401,1.0
Csf2rb,0.3525678,1.6663481,0.7244124795060989,1.0
Abhd18,0.35254914,0.42477605,0.7244264814994449,1.0
Tchp,0.3524931,1.3486384,0.724468488032565,1.0
Zfp788,0.3523437,0.75889677,0.7245805095093998,1.0
Taf6l,0.3523437,0.67486596,0.7245805095093998,1.0
Slc37a4,0.35223168,0.92960775,0.7246645294868627,1.0
Fosl1,0.35215697,0.1439389,0.7247205446474374,1.0
Ran,0.35202625,0.47156435,0.7248185747238723,1.0
Zfp764,0.35195157,0.3871733,0.7248745939358955,1.0
Rrm2,0.35193288,-0.40379652,0.7248885989690277,1.0
Ctla2b,0.3516901,1.2095165,0.725070672774011,1.0
Cxcr4,0.35159674,0.9431031,0.7251407053004433,1.0
Hoxa3,0.3515781,0.33395854,0.725154712081642,1.0
Acot2,0.3514287,0.41888952,0.725266769641455,1.0
Bfsp1,0.35064438,-0.1049808,0.7258551683022723,1.0
B3gntl1,0.34920645,0.07066501,0.726934319287974,1.0
Pkp1,0.34885165,-0.41559783,0.7272006867447396,1.0
Mllt11,0.34883296,0.08597655,0.7272147069981741,1.0
Fry,0.3458638,-0.07711655,0.7294450861379912,1.0
Klhl5,0.3454903,-0.2816372,0.7297257995874347,1.0
Cnn3,0.3440524,-0.3108621,0.7308068842591743,1.0
Rcan1,0.34308133,-0.6587088,0.7315372701597125,1.0
Csnk1e,0.3400001,-0.112665296,0.7338564491750386,1.0
Pck2,0.33998144,-0.5489872,0.7338705122360878,1.0
Foxm1,0.33960795,1.3951586,0.7341517922010947,1.0
Mcemp1,0.3394959,4.1940923,0.734236183149616,1.0
Trbv17,0.3394959,1.7328631,0.734236183149616,1.0
Arhgap31,0.3394212,1.3339392,0.7342924455654595,1.0
Unc5cl,0.33930916,4.3861246,0.7343768418637746,1.0
Oas1c,0.3392905,0.6268678,0.7343909082254688,1.0
Pot1b,0.33923447,1.1371956,0.7344331078452794,1.0
Aurka,0.33915976,1.075114,0.7344893752525625,1.0
Prim2,0.3391224,1.9865304,0.7345175094907841,1.0
Polh,0.3391224,0.7346225,0.7345175094907841,1.0
Zfp276,0.33908507,2.0411232,0.7345456440853462,1.0
Kansl1l,0.33904773,0.7614459,0.7345737790362139,1.0
Lin52,0.3390104,1.5734209,0.7346019143433526,1.0
Chad,0.33897302,2.8992927,0.7346300500067273,1.0
Ccdc149,0.33889833,2.920674,0.7346863224020468,1.0
Btd,0.33889833,3.5923944,0.7346863224020468,1.0
Bend3,0.338861,3.012348,0.7347144591339219,1.0
Ccdc171,0.338861,2.4321437,0.7347144591339219,1.0
Nebl,0.33882365,22.875235,0.7347425962218941,1.0
Atp6v1g2,0.33882365,22.229786,0.7347425962218941,1.0
Tmem71,0.33882365,23.06783,0.7347425962218941,1.0
Adora2b,0.33882365,21.45036,0.7347425962218941,1.0
Tdrp,0.33882365,23.040028,0.7347425962218941,1.0
Bcl2a1b,0.33882365,23.118832,0.7347425962218941,1.0
AW554918,0.33878627,0.77438617,0.7347707336659289,1.0
Lrrc29,0.33867425,1.3909248,0.7348551481340609,1.0
Ppid,0.33867425,1.17812,0.7348551481340609,1.0
Lbhd1,0.33859953,1.5676544,0.7349114262258245,1.0
Zfp65,0.33852485,1.0896454,0.734967705741004,1.0
Hirip3,0.3384875,1.0603707,0.7349958460322881,1.0
Trib2,0.33845016,2.244392,0.7350239866793218,1.0
Pou6f1,0.33845016,1.90252,0.7350239866793218,1.0
Cdkn1c,0.33826342,0.7424496,0.7351646952495206,1.0
Kif18a,0.3381887,0.77924234,0.7352209811666317,1.0
Eif3j1,0.3381887,0.8024336,0.7352209811666317,1.0
Zfp952,0.33794594,0.4420656,0.7354039202157074,1.0
Tent5c,0.33792728,1.0545506,0.7354179930720534,1.0
Pard6a,0.3378339,0.45541215,0.7354883586858019,1.0
Mettl1,0.33781523,0.54811007,0.735502432074925,1.0
Tifa,0.33781523,0.42940724,0.735502432074925,1.0
Rnf217,0.33759114,0.41226095,0.7356713196680753,1.0
Dusp22,0.33747908,1.039399,0.7357557682564755,1.0
Igf1r,0.33691886,-0.23873743,0.7361780590791484,1.0
Utp20,0.33688152,0.20203157,0.7362062146362696,1.0
Bcl9,0.33650804,0.03920304,0.7364877896857039,1.0
Fn3krp,0.3363213,0.21345463,0.7366285904840619,1.0
Prcp,0.33613455,-0.47855422,0.7367694001257081,1.0
Arhgef28,0.33564904,-0.3403789,0.7371355465493217,1.0
Cdca7,0.3353876,-0.88973343,0.7373327270380576,1.0
Ubtd1,0.3338563,-0.5053877,0.738487988154509,1.0
Smco4,0.33363223,-0.13249786,0.7386571003658586,1.0
E2f2,0.33210093,-0.3632205,0.7398130384837902,1.0
Fitm2,0.32814202,-0.60932434,0.7428042806876587,1.0
Wdr91,0.3267788,1.5178612,0.7438351860073213,1.0
Hfe,0.32653606,0.83981246,0.7440188201189247,1.0
Grwd1,0.3261252,0.9866972,0.7443296186969303,1.0
Dusp28,0.32575172,0.887807,0.744612198997624,1.0
Mex3b,0.32543427,1.4558289,0.7448524192871075,1.0
Zfp39,0.32517284,3.8526688,0.745050266397506,1.0
Chaf1b,0.3251168,2.1041853,0.7450926643956315,1.0
Zfp358,0.32507947,2.2326586,0.745120930156743,1.0
Zfp938,0.32506078,4.2127433,0.7451350631659939,1.0
Adcy3,0.32494876,2.7742069,0.7452198630229541,1.0
Wdfy4,0.3248554,1.823677,0.7452905319289835,1.0
Ofd1,0.3248554,1.9984182,0.7452905319289835,1.0
Tmem177,0.32479936,1.2718921,0.7453329343015453,1.0
Pole2,0.32476202,1.1038619,0.7453612029785731,1.0
Spata1,0.32472464,2.2683253,0.7453894719984824,1.0
Camsap2,0.324706,1.0287815,0.7454036066370064,1.0
H2-Q4,0.324706,22.97672,0.7454036066370064,1.0
Tmem81,0.324706,22.759241,0.7454036066370064,1.0
Klhdc1,0.324706,22.672337,0.7454036066370064,1.0
Trpm1,0.324706,23.04665,0.7454036066370064,1.0
Rab2b,0.324706,22.932108,0.7454036066370064,1.0
Unc5a,0.324706,22.258577,0.7454036066370064,1.0
Cyp2d10,0.324706,21.596727,0.7454036066370064,1.0
Fgfbp3,0.324706,21.797945,0.7454036066370064,1.0
P2ry10b,0.324706,22.992998,0.7454036066370064,1.0
Palb2,0.324706,22.293804,0.7454036066370064,1.0
Gdpd3,0.324706,21.683094,0.7454036066370064,1.0
Cd40,0.324706,22.83625,0.7454036066370064,1.0
Plag1,0.3245379,1.5131012,0.7455308222400157,1.0
Ggct,0.3245379,0.8261532,0.7455308222400157,1.0
Rtl6,0.3245379,2.3702888,0.7455308222400157,1.0
Ahi1,0.3245379,2.2441423,0.7455308222400157,1.0
Tlr12,0.32451925,1.1301255,0.7455449577354127,1.0
Cdk18,0.32450056,-0.66744435,0.7455590933164727,1.0
Wdr5b,0.32446322,1.3714375,0.7455873647355644,1.0
Ercc6l,0.32444453,1.4871398,0.7456015005735871,1.0
Gdpgp1,0.32442588,1.4195306,0.7456156364972553,1.0
Cdc7,0.32438853,2.1025362,0.7456439086015101,1.0
Ecm1,0.32438853,1.0477791,0.7456439086015101,1.0
Tmem38a,0.32436985,0.44519377,0.7456580447820877,1.0
Ssc4d,0.32435116,0.8724364,0.7456721810482934,1.0
Pdgfd,0.32435116,1.5058889,0.7456721810482934,1.0
Syne3,0.32435116,1.5537075,0.7456721810482934,1.0
Tmem25,0.3243325,0.9492431,0.7456863174001224,1.0
Wrap73,0.32416442,0.521801,0.745813548418905,1.0
Pigw,0.3240337,0.4295687,0.7459125106705595,1.0
Aif1,0.32399637,1.3832641,0.745940786369605,1.0
Zfp213,0.32395902,0.52382636,0.7459690624108084,1.0
Csrnp2,0.32395902,-0.12903348,0.7459690624108084,1.0
Tpd52l1,0.32394034,0.8479434,0.7459832005597085,1.0
Sdc3,0.32349217,0.82460517,0.7463225417810391,1.0
Uevld,0.32285723,-0.6699824,0.7468033593878624,1.0
Dip2c,0.32283857,-0.3189594,0.7468175025752591,1.0
Myh10,0.32276386,-0.11089626,0.7468740761774597,1.0
Mlh1,0.3227452,0.24480179,0.7468882197911412,1.0
Hdac6,0.32270786,-0.097165234,0.7469165072742305,1.0
Parp11,0.32268918,0.16863728,0.7469306511436298,1.0
Nek1,0.32233438,-0.19454198,0.7471994008509549,1.0
Tefm,0.3221663,0.17218436,0.7473267140742066,1.0
Pex11b,0.32095248,-0.03219821,0.7482464029473235,1.0
Cby1,0.32082176,-0.022239095,0.7483454677604021,1.0
Gphn,0.3198507,-0.24780788,0.7490815077634809,1.0
Macrod1,0.3186182,-0.55525875,0.7500160415701225,1.0
Rsad2,0.31568637,-0.1708009,0.7522405720057339,1.0
Shisa2,0.31497675,-0.7853308,0.7527793036557624,1.0
Sprr1a,0.3148087,-0.77030563,0.7529069156417487,1.0
Hunk,0.31344548,-0.96247107,0.7539422398454562,1.0
Nol10,0.3114847,1.4750885,0.7554321802912203,1.0
Zdhhc15,0.3112606,0.9859252,0.7556025172563406,1.0
Zfp763,0.3111859,2.2260857,0.7556592988854219,1.0
Prim1,0.3109618,1.8710144,0.7558296516907829,1.0
Arhgap19,0.31092447,2.1931844,0.7558580449793596,1.0
Cep250,0.31088713,1.4789467,0.755886438597655,1.0
Trim11,0.31088713,3.8977442,0.755886438597655,1.0
Dennd5a,0.31084976,1.8776109,0.7559148325456336,1.0
Abraxas1,0.31077507,0.5110543,0.7559716214304969,1.0
Abcg1,0.31077507,1.3564243,0.7559716214304969,1.0
Zfp984,0.31077507,1.6830707,0.7559716214304969,1.0
Epm2a,0.310663,2.245664,0.7560568072295203,1.0
Afap1,0.31062567,0.837013,0.7560852031548458,1.0
Slx4,0.31062567,0.76095504,0.7560852031548458,1.0
Acbd4,0.31058833,0.8411632,0.756113599409604,1.0
Gdf11,0.31058833,23.024296,0.756113599409604,1.0
Mettl25,0.31058833,2.129646,0.756113599409604,1.0
Boll,0.31058833,22.970604,0.756113599409604,1.0
Cacna1b,0.31058833,21.964695,0.756113599409604,1.0
Ppp1r12b,0.31058833,22.21558,0.756113599409604,1.0
Ptger3,0.31058833,21.319096,0.756113599409604,1.0
Dimt1,0.31058833,22.382261,0.756113599409604,1.0
Mrm3,0.31058833,22.527845,0.756113599409604,1.0
Trbv5,0.31058833,23.264105,0.756113599409604,1.0
Zfp839,0.31058833,21.67825,0.756113599409604,1.0
Actr5,0.310551,0.5059769,0.756141995993759,1.0
Arhgap10,0.31051365,2.4809139,0.756170392907275,1.0
Itpr1,0.31051365,0.7685345,0.756170392907275,1.0
Ift88,0.31051365,0.9975896,0.756170392907275,1.0
Zc3h8,0.31051365,1.262442,0.756170392907275,1.0
Top3a,0.31043893,1.4622065,0.7562271877222467,1.0
Cd8b1,0.31043893,1.3617356,0.7562271877222467,1.0
Bcl2l14,0.3104016,1.6995817,0.756255585623631,1.0
Dis3,0.31036425,1.0264089,0.7562839838542331,1.0
Pkd2,0.31036425,0.71044517,0.7562839838542331,1.0
Dsel,0.3103269,1.6238834,0.7563123824140172,1.0
AU041133,0.3103269,1.4090396,0.7563123824140172,1.0
Zkscan7,0.31028953,1.4075383,0.7563407813029475,1.0
Arvcf,0.3102522,1.3140284,0.7563691805209882,1.0
Zfp418,0.3102522,1.370122,0.7563691805209882,1.0
Metap1d,0.3101028,0.2549701,0.7564827806835399,1.0
Spib,0.3101028,1.2565632,0.7564827806835399,1.0
Pfkm,0.3100281,0.48402256,0.7565395827385475,1.0
Slc38a7,0.30980402,0.42549416,0.7567099967950597,1.0
Fancg,0.3097293,0.20378709,0.7567668041101053,1.0
Ldhd,0.30965462,0.027446847,0.756823612739444,1.0
Pde11a,0.30965462,0.5429167,0.756823612739444,1.0
Zkscan5,0.30961728,0.3537519,0.7568520175468838,1.0
Nuf2,0.30943054,0.47109976,0.7569940465103536,1.0
Hist3h2a,0.30943054,0.44960815,0.7569940465103536,1.0
Olfm1,0.30920646,0.86026394,0.7571644920995841,1.0
Slc25a26,0.30905706,0.03206702,0.757278129054316,1.0
Csad,0.308945,0.045217942,0.7573633602137378,1.0
Camk2b,0.3087956,0.12700558,0.7574770063489574,1.0
Aifm2,0.30868357,0.04713794,0.7575622443911101,1.0
Tnnt1,0.30864623,-0.5655216,0.7575906577270151,1.0
Gab2,0.30860886,-0.264434,0.7576190713904541,1.0
Cd200,0.30789927,0.13004431,0.7581589931795485,1.0
Armcx5,0.30771253,-0.0031105399,0.7583010974799271,1.0
Ier3,0.30761915,-0.60754913,0.7583721526926197,1.0
Kazn,0.30648002,-0.2108115,0.7592391904537847,1.0
Rapgefl1,0.3063493,-0.19884059,0.7593387059739415,1.0
Gpr39,0.3055463,-0.62988096,0.7599501029712081,1.0
Hs1bp3,0.3039777,-0.47156608,0.7611448923598211,1.0
Nudt12,0.2984128,-0.90037334,0.7653881283600834,1.0
Hdac11,0.29807666,-0.3761874,0.7656446582616823,1.0
Slc30a10,0.29792726,-0.8058696,0.7657586798035214,1.0
Zc3h6,0.29757246,1.2232996,0.7660295013008445,1.0
Med12,0.2971056,2.8132293,0.7663858889373696,1.0
Hrh2,0.2969562,2.0783162,0.7664999434253537,1.0
Fanci,0.29693753,4.049182,0.7665142005921761,1.0
Zfp959,0.2968815,1.2779316,0.766556972566967,1.0
Fancf,0.2968815,0.7056823,0.766556972566967,1.0
Grin3a,0.2968255,1.4667805,0.7665997452531482,1.0
Rexo5,0.29676947,1.0360326,0.7666425186505974,1.0
Hus1,0.29675078,1.7629318,0.7666567766077855,1.0
Zfp661,0.29663876,3.5687804,0.7667423260099999,1.0
Pomgnt1,0.2965454,0.8462251,0.7668136193506252,1.0
Nubpl,0.2965267,3.0840542,0.7668278782556537,1.0
Agtrap,0.29648936,2.4331193,0.7668563963025777,1.0
Dnaaf5,0.29647067,21.771618,0.7668706554444642,1.0
Slc2a5,0.29647067,21.378704,0.7668706554444642,1.0
Micu3,0.29647067,22.875566,0.7668706554444642,1.0
Zfp273,0.29647067,21.57092,0.7668706554444642,1.0
Rab33a,0.29647067,22.056917,0.7668706554444642,1.0
Zfp882,0.29647067,22.417797,0.7668706554444642,1.0
Ptafr,0.29647067,22.790865,0.7668706554444642,1.0
Mtcp1,0.29647067,21.933743,0.7668706554444642,1.0
Cyp2u1,0.29647067,21.991722,0.7668706554444642,1.0
Morc1,0.29647067,23.12748,0.7668706554444642,1.0
Lefty1,0.29647067,22.066328,0.7668706554444642,1.0
Hoga1,0.29647067,21.131964,0.7668706554444642,1.0
Cep85l,0.29647067,22.739862,0.7668706554444642,1.0
Neil3,0.29647067,22.522806,0.7668706554444642,1.0
Ccdc167,0.29641464,1.0922605,0.7669134333437674,1.0
Emc8,0.296396,0.49288693,0.7669276928014012,1.0
Eml6,0.2963773,2.0852385,0.7669419523379604,1.0
Trim23,0.2963773,0.59272575,0.7669419523379604,1.0
Rftn2,0.29633996,1.7158138,0.7669704716478372,1.0
Ybey,0.29633996,1.8784983,0.7669704716478372,1.0
Serpinb6b,0.29630262,2.2864957,0.7669989912733612,1.0
Spire1,0.29630262,1.9344147,0.7669989912733612,1.0
Dbp,0.2962466,1.3379766,0.7670417713034071,1.0
Il10ra,0.2962279,2.2044024,0.7670560314712068,1.0
Gprasp1,0.2962279,0.889845,0.7670560314712068,1.0
Prc1,0.2962279,1.0343475,0.7670560314712068,1.0
Lancl3,0.29619056,1.2652485,0.7670845520434557,1.0
Alkbh4,0.2961719,0.94122183,0.7670988124478957,1.0
Map3k8,0.29615322,1.1653564,0.7671130729312067,1.0
BC147527,0.2960972,1.5961838,0.7671558548543208,1.0
Zfp949,0.2960225,0.43579894,0.767212898522392,1.0
Zdhhc24,0.29600382,0.82698137,0.7672271596365081,1.0
Fzd7,0.2959478,0.85906315,0.7672699434518192,1.0
Pdcd1,0.29585442,1.2145971,0.7673412513869422,1.0
Xxylt1,0.29577973,0.48883098,0.7673982991533582,1.0
Tcf23,0.29549962,0.20292783,0.7676122395005902,1.0
Shld3,0.29548094,0.3544714,0.7676265028202366,1.0
Phka1,0.29538757,-0.060715247,0.7676978205989238,1.0
Hmox1,0.29538757,0.3044264,0.7676978205989238,1.0
Cnr2,0.29531288,0.8039004,0.7677548762381483,1.0
Cep164,0.2952382,0.12607664,0.7678119331359691,1.0
Wdr47,0.29514483,0.2007404,0.7678832560277031,1.0
Slc34a2,0.2950888,0.30094832,0.7679260507062368,1.0
Nop16,0.2950701,0.20849553,0.7679403157563028,1.0
Ttc39c,0.2949207,-0.15117073,0.7680544389861664,1.0
Rac3,0.29469663,-0.17344017,0.7682256332582622,1.0
Gcat,0.293987,-0.35827866,0.7687678230025856,1.0
Noxa1,0.29383764,-0.43663013,0.7688819826347832,1.0
Mms22l,0.29381895,-0.15080616,0.7688962529412207,1.0
Fbxw17,0.29357618,-0.5884749,0.7690817740484397,1.0
Tmpo,0.291466,-0.11742736,0.770694936504186,1.0
Osbpl1a,0.28986004,-0.736382,0.7719233185087007,1.0
Bex3,0.28974798,-0.17061475,0.7720090409562861,1.0
Nr5a2,0.28900102,-0.8769694,0.7725805950138254,1.0
Fam129b,0.28711495,-0.84093124,0.7740243175022758,1.0
Rph3al,0.28661072,-0.8204872,0.7744103957837802,1.0
Efna1,0.28455657,-0.8732608,0.7759838830588479,1.0
Dhodh,0.28407106,0.9314703,0.776355932887725,1.0
Cep57l1,0.28324938,1.8673577,0.7769856725411486,1.0
Sf1,0.28321204,1.759759,0.7770143005565888,1.0
Tbc1d19,0.2831747,1.3556732,0.777042928874843,1.0
Zfp81,0.2830253,1.7203549,0.7771574451752649,1.0
Exosc2,0.2828759,1.5668277,0.7772719663177715,1.0
Bcl11a,0.28283855,0.96758085,0.7773005973596985,1.0
Mdm1,0.28283855,1.280521,0.7773005973596985,1.0
Pim2,0.28283855,2.9030726,0.7773005973596985,1.0
Zfp760,0.2828012,2.078804,0.777329228704072,1.0
Arv1,0.2827265,2.3687303,0.7773864923000118,1.0
Tnfsf13b,0.28268915,1.9570715,0.7774151245515045,1.0
Lrrc31,0.28268915,-0.6431266,0.7774151245515045,1.0
Apobr,0.28257713,2.6229384,0.7775010231196338,1.0
Armc9,0.28257713,2.80769,0.7775010231196338,1.0
Hist1h2ac,0.2825024,2.8943038,0.777558290342728,1.0
Slco4a1,0.2825024,1.25131,0.777558290342728,1.0
Dcaf4,0.2825024,0.6679261,0.777558290342728,1.0
Thsd4,0.28242773,3.0748649,0.7776155587742858,1.0
Ercc8,0.2823904,2.507091,0.7776441934431466,1.0
Cep72,0.2823904,2.2987673,0.7776441934431466,1.0
Plekhm3,0.282353,1.443607,0.777672828414013,1.0
Mipol1,0.282353,22.1789,0.777672828414013,1.0
Ikzf4,0.282353,22.9053,0.777672828414013,1.0
Hist1h1d,0.282353,0.9475475,0.777672828414013,1.0
Lta,0.282353,22.828894,0.777672828414013,1.0
Nek8,0.282353,22.01865,0.777672828414013,1.0
Qtrt2,0.282353,1.2979165,0.777672828414013,1.0
Ccdc126,0.282353,2.193229,0.777672828414013,1.0
Xlr4c,0.282353,22.894215,0.777672828414013,1.0
Ephb6,0.282353,22.595564,0.777672828414013,1.0
Ifi44,0.282353,1.013578,0.777672828414013,1.0
Fbxo5,0.282353,22.49755,0.777672828414013,1.0
Cd4,0.282353,22.92106,0.777672828414013,1.0
Krt12,0.282353,20.864584,0.777672828414013,1.0
Eva1b,0.282353,22.728222,0.777672828414013,1.0
G6pc,0.282353,21.607418,0.777672828414013,1.0
Gpr17,0.282353,21.008875,0.777672828414013,1.0
Heatr9,0.282241,2.3404536,0.7777587351382782,1.0
Lair1,0.282241,2.314425,0.7777587351382782,1.0
Apoc2,0.28220364,1.4630176,0.7777873713167994,1.0
Zfp568,0.28212893,1.0626204,0.7778446445792705,1.0
Recql5,0.2820916,0.38840625,0.7778732816631468,1.0
Bmp8b,0.28205425,0.78526056,0.7779019190487346,1.0
Nemp2,0.28205425,0.971715,0.7779019190487346,1.0
Entpd1,0.2819422,1.1710671,0.7779878330153995,1.0
Ceacam2,0.2819422,0.949581,0.7779878330153995,1.0
Neurl1a,0.2819422,1.2435296,0.7779878330153995,1.0
Defb37,0.28190485,0.669403,0.7780164716074658,1.0
Gstm7,0.2818675,1.0096434,0.7780451105010595,1.0
Iffo1,0.2818675,1.3630644,0.7780451105010595,1.0
Rbak,0.2818675,0.24451321,0.7780451105010595,1.0
Cep68,0.28183016,0.3937332,0.7780737496961443,1.0
Magohb,0.2817928,0.44788346,0.778102389192683,1.0
Gtse1,0.28175545,0.8379763,0.7781310289906392,1.0
Mfsd3,0.28160605,0.32250923,0.7782455911959014,1.0
Wdr59,0.28160605,0.3911929,0.7782455911959014,1.0
Whrn,0.28145668,0.3176849,0.7783601582208985,1.0
Tmed1,0.2807097,-0.21962808,0.7789330655594957,1.0
Cyp4f15,0.280635,-0.22707282,0.77899036290592,1.0
Ccr2,0.280635,0.42191306,0.77899036290592,1.0
Nop9,0.2804856,0.037747458,0.779104961201794,1.0
Bdp1,0.2803549,0.10826083,0.7792052386499623,1.0
Adcy9,0.28033623,-0.3565792,0.779219564299738,1.0
Sdr42e1,0.2801495,-0.8293897,0.7793628249214888,1.0
Rab31,0.28009346,-0.046162985,0.7794058045697385,1.0
Dpp7,0.2796266,-0.090681255,0.7797639945208213,1.0
Nme2,0.2795519,-0.13435636,0.7798213092544564,1.0
Txndc16,0.2795519,-0.19645272,0.7798213092544564,1.0
Ablim2,0.27910373,-0.7622918,0.7801652227794613,1.0
Capn13,0.27807665,-0.71553963,0.7809535201048484,1.0
Ctsf,0.27794594,-0.32583553,0.7810538650244063,1.0
Btg3,0.27732968,-0.15547839,0.7815269687265533,1.0
Slco2b1,0.27542493,-0.44950613,0.7829897997641591,1.0
Slc22a1,0.274734,-0.344126,0.7835206245408876,1.0
Nup43,0.26922512,1.8790932,0.7877564613734235,1.0
Mad1l1,0.26913175,0.7558738,0.7878283097370927,1.0
Nab2,0.2686649,2.9594367,0.788187578626344,1.0
Rpp40,0.26860887,1.8285123,0.7882306939228476,1.0
Aopep,0.26857153,2.4198275,0.7882594378143073,1.0
Lipt1,0.26855284,0.92348164,0.7882738098681603,1.0
Irak3,0.26844078,3.1911192,0.7883600437047105,1.0
Tyw3,0.26842213,2.3648417,0.7883744162629974,1.0
Rpp38,0.2682914,2.6325328,0.7884750261879605,1.0
Tigd5,0.2682914,2.4747965,0.7884750261879605,1.0
Ly6g2,0.26827273,0.9241923,0.7884893993224644,1.0
Ambp,0.26825404,2.7662997,0.7885037725289744,1.0
Clec9a,0.2682354,23.006271,0.7885181458074859,1.0
Slc12a4,0.2682354,22.837069,0.7885181458074859,1.0
Lipk,0.2682354,21.536062,0.7885181458074859,1.0
Zgrf1,0.2682354,22.424015,0.7885181458074859,1.0
Myl1,0.2682354,22.92091,0.7885181458074859,1.0
Abca1,0.2682354,22.225933,0.7885181458074859,1.0
Grin2d,0.2682354,21.47922,0.7885181458074859,1.0
Trbv26,0.2682354,23.467495,0.7885181458074859,1.0
Ccr7,0.2682354,22.764309,0.7885181458074859,1.0
Trbv13-3,0.2682354,23.059053,0.7885181458074859,1.0
Cdc6,0.2682354,22.00718,0.7885181458074859,1.0
Kcnip2,0.2682354,22.891115,0.7885181458074859,1.0
ccdc198,0.2682167,2.0113654,0.7885325191579944,1.0
Ccdc137,0.26819804,1.262492,0.7885468925804949,1.0
Zfp27,0.26812333,1.0646871,0.7886043869903268,1.0
Zbtb49,0.26810467,1.523032,0.7886187607727186,1.0
Cldnd2,0.26810467,2.283279,0.7886187607727186,1.0
Trp53i13,0.268086,0.5954099,0.7886331346270748,1.0
Lyl1,0.26795527,1.0554157,0.7887337536221788,1.0
Zfp3,0.26795527,0.4423616,0.7887337536221788,1.0
Cenpk,0.26795527,0.5939505,0.7887337536221788,1.0
AB124611,0.26795527,1.0842948,0.7887337536221788,1.0
Lifr,0.26795527,1.3947392,0.7887337536221788,1.0
Ccdc15,0.26795527,1.4273771,0.7887337536221788,1.0
Vav2,0.2679366,0.7938696,0.788748128052082,1.0
Tubd1,0.2678619,0.6950043,0.7888056264908729,1.0
Ntmt1,0.26776853,0.36351207,0.7888775011571628,1.0
Nucb2,0.26774985,0.5580724,0.788891876306081,1.0
Ghr,0.26765648,-0.77957976,0.7889637531287179,1.0
Havcr2,0.2676378,1.0178049,0.7889781287088219,1.0
Sestd1,0.2675818,0.31594676,0.7890212558802028,1.0
Alyref,0.26750708,0.4820269,0.789078759781032,1.0
Gas2,0.26746973,0.29887462,0.7891075121623576,1.0
Itpripl1,0.26735768,0.68862844,0.7891937710295318,1.0
Cd83,0.26732033,0.74618006,0.7892225245595316,1.0
Nfkbid,0.26709625,0.36147112,0.7893950517668099,1.0
Ufsp1,0.26704022,-0.06371725,0.789438185182486,1.0
Tmem138,0.26638663,0.12411355,0.7899414560121854,1.0
Pcdhgc3,0.26636797,-0.010441175,0.7899558364673465,1.0
Igf2bp1,0.26631194,-0.43020508,0.7899989782619992,1.0
Ppp1r13l,0.26606917,-0.54316235,0.7901859334750181,1.0
Cep290,0.2660505,-0.7007866,0.7902003151455783,1.0
March3,0.2658264,-0.8414821,0.7903729007642337,1.0
Plk4,0.26573303,-0.027747093,0.7904448144734741,1.0
Knop1,0.26573303,-0.079881184,0.7904448144734741,1.0
Pomt2,0.26537824,-0.013613862,0.7907181028366465,1.0
Tmc7,0.26530352,-0.27980062,0.790775640509044,1.0
Arhgef38,0.2650234,-0.7440889,0.790991416933454,1.0
Hs3st1,0.26498607,-0.34112898,0.7910201883340457,1.0
Pnp2,0.2644072,-0.22191608,0.7914661814319838,1.0
Dut,0.26341745,0.052787498,0.7922288438234278,1.0
Slc35g2,0.26257712,-0.38020957,0.7928765434922119,1.0
Xpnpep3,0.2625024,-0.0934629,0.7929341237196006,1.0
Acsl3,0.2610832,-0.3381038,0.7940283622175827,1.0
Cdx1,0.2609338,-0.36533248,0.7941435688435361,1.0
Gorasp1,0.26052296,-0.92716396,0.7944604102146231,1.0
Elk1,0.25639597,1.7901523,0.79764509893175,1.0
Mettl17,0.25512612,1.3161372,0.7986256838236712,1.0
Bmp7,0.25490203,1.096569,0.7987987612409844,1.0
Gpr155,0.25479,2.2395704,0.798885303657633,1.0
Kif20a,0.2547153,0.87942374,0.798942999974706,1.0
Nphp3,0.25445387,1.8160719,0.7991449457273556,1.0
Apbb3,0.25445387,1.9264129,0.7991449457273556,1.0
Ccdc30,0.25441653,2.6406174,0.7991737962176,1.0
Pde1b,0.25437915,1.8363467,0.7992026469819835,1.0
Pkmyt1,0.25430447,0.88862616,0.7992603493330177,1.0
Siva1,0.25430447,2.4701183,0.7992603493330177,1.0
Fam151b,0.25426713,1.0449896,0.7992892009195931,1.0
Zfp438,0.25422978,1.0739076,0.7993180527801572,1.0
Pcgf6,0.2541924,0.548014,0.7993469049146723,1.0
Rpf2,0.25415507,1.4287282,0.7993757573231008,1.0
Il6ra,0.25411773,22.312016,0.7994046100054051,1.0
Tlr13,0.25411773,22.374899,0.7994046100054051,1.0
Dusp4,0.25411773,21.825556,0.7994046100054051,1.0
Armcx2,0.25411773,22.557705,0.7994046100054051,1.0
Rassf10,0.25411773,20.902342,0.7994046100054051,1.0
Pdzrn3,0.25411773,20.68623,0.7994046100054051,1.0
Ahrr,0.25411773,22.601273,0.7994046100054051,1.0
Zfp956,0.25411773,22.25366,0.7994046100054051,1.0
Rad9b,0.25411773,21.9233,0.7994046100054051,1.0
Lca5,0.25411773,22.782652,0.7994046100054051,1.0
Hoxa5,0.25411773,1.417995,0.7994046100054051,1.0
Rnf227,0.25411773,22.227781,0.7994046100054051,1.0
Zbed3,0.25411773,2.0339687,0.7994046100054051,1.0
Ccdc138,0.25408038,1.7867553,0.7994334629615475,1.0
Hhex,0.25408038,0.85834324,0.7994334629615475,1.0
Lilrb4a,0.25400567,2.2133293,0.7994911696951958,1.0
Rgs18,0.25396833,2.0023892,0.7995200234726266,1.0
Cbx6,0.25396833,2.1605196,0.7995200234726266,1.0
Ahcy,0.25389364,1.0002233,0.7995777318485129,1.0
Atp8b4,0.25389364,1.985088,0.7995777318485129,1.0
Il7r,0.2538563,1.6391076,0.7996065864468933,1.0
Phgdh,0.2538563,1.3383204,0.7996065864468933,1.0
Slc27a6,0.2538563,2.049744,0.7996065864468933,1.0
Slc16a10,0.25381893,0.6658467,0.799635441318848,1.0
Cenpa,0.25376293,0.60857517,0.7996787241396501,1.0
Sema6b,0.25374424,0.68427277,0.7996931518833307,1.0
Rgs12,0.2537069,0.75448644,0.7997220075757832,1.0
Nxt1,0.2537069,0.12354387,0.7997220075757832,1.0
St6galnac3,0.2536322,1.0155545,0.7997797197809222,1.0
Diaph3,0.2535575,0.9098432,0.7998374330794555,1.0
Nupl2,0.25348282,0.039138768,0.7998951474710819,1.0
Hrh1,0.25348282,-0.36230958,0.7998951474710819,1.0
Axl,0.25348282,0.863574,0.7998951474710819,1.0
Pld4,0.25329608,0.5128292,0.8000394382304523,1.0
Kifc1,0.25295994,0.11755115,0.8002991787937576,1.0
Ncapg,0.25284788,0.084898695,0.8003857638909511,1.0
Fktn,0.2527732,-0.28869343,0.80044348865193,1.0
Helq,0.2527732,0.018361924,0.80044348865193,1.0
Pecr,0.2524744,-0.1833154,0.800674398592113,1.0
Sema5a,0.25236237,-0.31121475,0.8007609943116966,1.0
Acpp,0.2522503,0.057398684,0.800847592479887,1.0
Ankrd39,0.25195152,0.02825815,0.8010785328916196,1.0
Tmem144,0.25172743,-0.90589714,0.8012517496108861,1.0
Poglut2,0.25170878,-0.22392017,0.8012661847786718,1.0
Ehbp1,0.2516901,-0.60555166,0.8012806200143094,1.0
Gla,0.2516154,-0.13314188,0.8013383616352843,1.0
Akap1,0.25137264,-0.49631745,0.8015260293969164,1.0
Lsm6,0.25055096,-0.15294653,0.8021612975088189,1.0
Rfc5,0.24911305,-0.34807336,0.8032733311882223,1.0
Kyat3,0.24769382,-0.45952153,0.8043713135572781,1.0
Unc13b,0.24769382,-0.8193596,0.8043713135572781,1.0
Tcaf1,0.24728298,-0.6344394,0.8046892227004061,1.0
Cdk2,0.24653602,-0.11061293,0.8052673220373497,1.0
Smim3,0.24377225,-0.37677768,0.8074072129604238,1.0
Tceal9,0.24255843,-0.59113747,0.8083474866176898,1.0
Phf11d,0.24253976,-0.45755765,0.8083619545322038,1.0
Cpa3,0.24169943,0.94126797,0.8090130784352867,1.0
Rhobtb2,0.24117655,0.77287513,0.8094182889764311,1.0
Zcchc24,0.24089643,2.050772,0.8096353870797914,1.0
Nxn,0.2405603,1.0110517,0.8098959241402044,1.0
Dcun1d3,0.24048561,1.2363157,0.8099538241268093,1.0
Uros,0.24037355,1.0229179,0.8100406760567955,1.0
Smyd5,0.24035488,1.2348262,0.810055151605908,1.0
Napsa,0.24035488,1.3007518,0.810055151605908,1.0
Plcb4,0.24029887,0.43346572,0.8100985786430617,1.0
Mrm1,0.24016814,2.3214915,0.8101999106697364,1.0
Cercam,0.24009344,2.1735196,0.8102578161134325,1.0
Tmem101,0.24009344,1.3605654,0.8102578161134325,1.0
Bace1,0.24007477,1.1269677,0.8102722926366333,1.0
Tsen15,0.2400561,0.6049211,0.8102867692247351,1.0
Lekr1,0.24003743,1.1398258,0.8103012458777333,1.0
Zfp566,0.24001876,1.9902414,0.8103157225956232,1.0
Zbtb16,0.24000007,22.657597,0.8103301993784,1.0
Nhlrc1,0.24000007,21.871128,0.8103301993784,1.0
Asb11,0.24000007,20.903776,0.8103301993784,1.0
Trbv20,0.24000007,23.080097,0.8103301993784,1.0
Ccl4,0.24000007,23.033552,0.8103301993784,1.0
Kmo,0.24000007,22.45179,0.8103301993784,1.0
Crocc,0.24000007,21.716867,0.8103301993784,1.0
Slc17a2,0.24000007,20.46824,0.8103301993784,1.0
Ndnf,0.24000007,21.11775,0.8103301993784,1.0
Taf1c,0.24000007,21.64135,0.8103301993784,1.0
Rbpms2,0.24000007,20.717442,0.8103301993784,1.0
Zfp612,0.24000007,21.221169,0.8103301993784,1.0
Itga2b,0.24000007,22.367977,0.8103301993784,1.0
Adam4,0.24000007,21.689318,0.8103301993784,1.0
Tgm7,0.24000007,21.105993,0.8103301993784,1.0
Zfp747,0.24000007,21.702894,0.8103301993784,1.0
Il2ra,0.24000007,22.633566,0.8103301993784,1.0
Pih1d2,0.24000007,21.019445,0.8103301993784,1.0
Dtwd2,0.24000007,0.33154684,0.8103301993784,1.0
AW146154,0.2399814,1.7521745,0.8103446762260589,1.0
Phykpl,0.23992538,0.9429701,0.8103881071582808,1.0
Chst10,0.2399067,2.1010733,0.8104025842654206,1.0
Zfp558,0.23983201,0.9819693,0.8104604933425157,1.0
Rarb,0.23981333,1.2902818,0.8104749707738996,1.0
Cd99l2,0.23979466,0.21457726,0.810489448270118,1.0
Invs,0.23977599,0.9392156,0.8105039258311663,1.0
Vasn,0.23970129,0.8117812,0.810561836723562,1.0
Fsd1l,0.23970129,0.74101096,0.810561836723562,1.0
Mtbp,0.23970129,0.94117284,0.810561836723562,1.0
Cd86,0.23970129,1.2328706,0.810561836723562,1.0
Cntnap1,0.23970129,0.6436656,0.810561836723562,1.0
C9orf72,0.23966394,0.47986063,0.8105907925586149,1.0
Pir,0.23966394,0.68442744,0.8105907925586149,1.0
Hoxb4,0.23960792,0.5469662,0.8106342267971558,1.0
Sgo2a,0.23958924,0.71959734,0.8106487050062402,1.0
Lrrc25,0.23951454,1.088433,0.8107066184903047,1.0
Themis2,0.23949587,0.5770124,0.8107210970232287,1.0
Cybb,0.23949587,0.46723875,0.8107210970232287,1.0
Sdhaf3,0.23943985,0.16556427,0.8107645330105036,1.0
Wipf3,0.23934647,-0.2590018,0.8108369276173522,1.0
Tkfc,0.23930913,0.063601464,0.8108658859131339,1.0
Ckap2,0.23927177,0.30118495,0.8108948444677399,1.0
Slc35e4,0.23919709,-0.54142374,0.8109527623532721,1.0
Sytl4,0.23915973,-0.04211896,0.810981721684122,1.0
Ms4a5,0.23904769,-0.060509335,0.811068601228551,1.0
Vangl1,0.23895432,-0.14013766,0.8111410026265355,1.0
Ttc30a1,0.23891698,-0.013817688,0.8111699636380718,1.0
Cyp2r1,0.23858084,-0.22698337,0.81143062436642,1.0
Esco2,0.23856217,-0.012880066,0.8114451061311947,1.0
Rgs17,0.23856217,-0.047211148,0.8114451061311947,1.0
Tcaf2,0.23826338,-0.5135946,0.8116768231384704,1.0
Fah,0.2378899,-0.17279129,0.8119664925934543,1.0
Ly6g6d,0.23777784,-1.0445901,0.8120533984505229,1.0
Dagla,0.23775917,-0.52736574,0.8120678829851664,1.0
Arg2,0.23714294,-0.84194815,0.8125459086782015,1.0
Agt,0.2368068,-0.3893027,0.8128066794226773,1.0
Qtrt1,0.23605983,-0.12902099,0.8133862442438005,1.0
Pnpo,0.2353502,-0.502893,0.8139369254939762,1.0
Tmem253,0.23469661,-0.90367484,0.8144442132856083,1.0
Wdr92,0.2337629,-0.09771788,0.8151690450776511,1.0
Pop7,0.23372556,-0.5123808,0.8151980416443574,1.0
Ddah1,0.23340811,-0.787583,0.8154445226771943,1.0
Cbr3,0.23213826,-0.5362962,0.8164306292174747,1.0
Tmem9,0.23152201,-0.08268688,0.8169092857922495,1.0
Ifit2,0.23148467,1.3258922,0.8169382974783993,1.0
Nrbp2,0.2313166,-0.5557473,0.8170688531694575,1.0
Sumf2,0.23098046,1.0891407,0.8173299797751227,1.0
Acer3,0.22868355,-0.54974365,0.8191148860919519,1.0
Clec16a,0.22704022,1.0677141,0.8203924682432395,1.0
Tctn3,0.22681613,0.82979643,0.8205667210028618,1.0
Chst15,0.22670409,1.0550278,0.820653850704566,1.0
Lgals12,0.22662939,1.0211854,0.820711938401995,1.0
Zfp58,0.22659203,2.8844266,0.820740982619482,1.0
Rpusd2,0.22644265,2.0472922,0.8208571619470173,1.0
Trmt44,0.2264053,0.754152,0.8208862073931057,1.0
Tnfsf12,0.22636795,3.3311934,0.820915253084799,1.0
Csf1r,0.22625591,1.1999497,0.8210023916331244,1.0
H2-Oa,0.22625591,2.9611855,0.8210023916331244,1.0
Dnaaf2,0.22621855,3.6893334,0.8210314383068532,1.0
Prkar2b,0.22621855,1.5818489,0.8210314383068532,1.0
Hilpda,0.22614387,0.32525098,0.8210895323905105,1.0
Syce3,0.22610651,3.46992,0.8211185798003622,1.0
Cmah,0.22610651,1.4858958,0.8211185798003622,1.0
Plod1,0.22606917,1.4210591,0.8211476274555114,1.0
Setmar,0.22603181,2.870561,0.8211766753559194,1.0
Dtwd1,0.22591977,0.21254714,0.8212638205283129,1.0
Fam124b,0.22588243,22.390139,0.8212928694093724,1.0
Glt28d2,0.22588243,20.49204,0.8212928694093724,1.0
Bard1,0.22588243,21.993196,0.8212928694093724,1.0
Thumpd2,0.22588243,22.377407,0.8212928694093724,1.0
Zfp459,0.22588243,21.267612,0.8212928694093724,1.0
Gna15,0.22588243,22.363298,0.8212928694093724,1.0
Kif5c,0.22588243,22.537058,0.8212928694093724,1.0
Pidd1,0.22588243,21.88014,0.8212928694093724,1.0
Kifc2,0.22588243,21.537556,0.8212928694093724,1.0
Slc18a1,0.22588243,21.045408,0.8212928694093724,1.0
Treh,0.22588243,20.642218,0.8212928694093724,1.0
Tgtp2,0.22588243,22.402754,0.8212928694093724,1.0
Gramd2,0.22584507,1.4471955,0.8213219185354986,1.0
Plcd4,0.22584507,1.9032273,0.8213219185354986,1.0
Spaca9,0.22584507,2.1227348,0.8213219185354986,1.0
Ccl20,0.22580773,1.8111249,0.8213509679066531,1.0
Acrbp,0.22580773,1.3503276,0.8213509679066531,1.0
Amz1,0.22577038,1.9114248,0.8213800175227973,1.0
Zfp9,0.22577038,1.6587971,0.8213800175227973,1.0
Fbxo10,0.22577038,1.3492664,0.8213800175227973,1.0
Asrgl1,0.22577038,1.9334979,0.8213800175227973,1.0
Cdca5,0.22573303,0.7411433,0.8214090673838929,1.0
Slc9a7,0.22569568,1.5867906,0.8214381174899015,1.0
Fam217b,0.22565833,0.3636091,0.8214671678407843,1.0
Zfp709,0.22565833,0.6178694,0.8214671678407843,1.0
Ifitm1,0.22565833,0.65260375,0.8214671678407843,1.0
Kif15,0.22562099,0.7681345,0.8214962184365032,1.0
Copz2,0.22550894,0.4370926,0.8215833716922913,1.0
Mt4,0.22550894,0.37993276,0.8215833716922913,1.0
Nudt15,0.22550894,0.35904574,0.8215833716922913,1.0
Zdhhc14,0.22547159,0.7627114,0.8216124232669695,1.0
Sybu,0.22547159,0.11527017,0.8216124232669695,1.0
Gspt2,0.22543424,0.21430725,0.8216414750862914,1.0
Icos,0.2253969,0.8393953,0.8216705271502185,1.0
Aspa,0.22535954,-0.3952006,0.8216995794587123,1.0
Krt10,0.2253222,0.32680994,0.8217286320117345,1.0
Extl2,0.22521016,-0.023020959,0.821815791137586,1.0
Me3,0.22502342,-0.00036166297,0.8219610612343133,1.0
Brap,0.22502342,0.14515325,0.8219610612343133,1.0
Itpka,0.22498606,-0.64025885,0.8219901159863587,1.0
Nckap5,0.22494872,0.17692533,0.8220191709825477,1.0
Ctc1,0.22487402,0.101936094,0.8220772817072026,1.0
Tarsl2,0.22479932,-0.04441082,0.8221353934079699,1.0
Plch2,0.22386561,-0.23358144,0.8228618719014897,1.0
Xpnpep2,0.22323069,-0.4126688,0.823355964060728,1.0
Mypop,0.22315599,-0.24867643,0.8234140971580561,1.0
Btnl2,0.2229319,-0.40116805,0.8235885022629754,1.0
Gstm1,0.22278251,-0.44196326,0.8237047771739514,1.0
Cdk1,0.22028019,-0.24222516,0.8256529552989265,1.0
Arhgap20,0.21861818,-0.7461665,0.8269474888613478,1.0
Hykk,0.21747907,-0.30139413,0.8278350253632363,1.0
Nfia,0.2171616,-0.26076677,0.8280824108300444,1.0
Map3k21,0.21703088,-0.8739324,0.8281842803926555,1.0
Atf3,0.21314666,-0.79332197,0.8312125732552555,1.0
Zfp74,0.21281052,1.4353998,0.8314747556043196,1.0
Klf12,0.21266113,1.2231696,0.8315912871147104,1.0
Agk,0.21241836,1.5626974,0.8317806587142572,1.0
Tasp1,0.21213825,1.8020979,0.831999176540221,1.0
Tmem154,0.21210091,1.6547405,0.8320283132318155,1.0
Fmnl2,0.21200754,2.4446576,0.8321011559705118,1.0
Lyrm1,0.21197018,3.0897639,0.8321302934697724,1.0
Tsacc,0.21195151,1.3458555,0.8321448623059081,1.0
Cenpm,0.21195151,1.4610574,0.8321448623059081,1.0
Large2,0.21195151,0.9602462,0.8321448623059081,1.0
Mutyh,0.2118208,1.8909402,0.8322468457731711,1.0
Catsper2,0.21176477,21.521473,0.8322905538379705,1.0
Csf3r,0.21176477,22.837318,0.8322905538379705,1.0
Apol7b,0.21176477,22.586596,0.8322905538379705,1.0
Zfp41,0.21176477,21.778738,0.8322905538379705,1.0
Pdxp,0.21176477,22.468893,0.8322905538379705,1.0
Zfp772,0.21176477,21.720388,0.8322905538379705,1.0
Eml5,0.21176477,22.289137,0.8322905538379705,1.0
Proser3,0.21176477,21.913057,0.8322905538379705,1.0
Nefh,0.21176477,21.975363,0.8322905538379705,1.0
Fkbp11,0.21176477,21.330664,0.8322905538379705,1.0
Stc2,0.21176477,0.78054374,0.8322905538379705,1.0
Slamf1,0.21176477,22.40882,0.8322905538379705,1.0
Sh3bp4,0.21176477,21.840609,0.8322905538379705,1.0
Tspyl3,0.21176477,22.533897,0.8322905538379705,1.0
Ctcfl,0.21176477,20.279713,0.8322905538379705,1.0
S100z,0.21176477,20.98294,0.8322905538379705,1.0
Zfp189,0.21176477,21.565367,0.8322905538379705,1.0
Rwdd3,0.21176477,21.34935,0.8322905538379705,1.0
Oip5,0.21176477,21.429531,0.8322905538379705,1.0
Zfp580,0.21176477,22.459124,0.8322905538379705,1.0
Syde1,0.21176477,22.22487,0.8322905538379705,1.0
Ccdc112,0.2117461,0.9680063,0.8323051233081404,1.0
Klrb1,0.21170875,2.108289,0.8323342624213068,1.0
Ms4a6c,0.21169007,1.207082,0.8323488320642934,1.0
Ifitm6,0.2116714,1.8751043,0.8323634017648758,1.0
Pola1,0.21163405,0.30988497,0.8323925413388087,1.0
Sv2c,0.21163405,1.3845847,0.8323925413388087,1.0
Dnajb5,0.21157803,0.50535583,0.8324362511315553,1.0
Rab30,0.21155936,0.692624,0.8324508211776106,1.0
Slc1a2,0.21155936,0.9064731,0.8324508211776106,1.0
Dand5,0.21155936,0.9220718,0.8324508211776106,1.0
Lamc1,0.21154068,0.44692925,0.8324653912812279,1.0
Lsm11,0.21154068,0.11240424,0.8324653912812279,1.0
Ugt1a7c,0.21135394,-0.14348552,0.8326110954822337,1.0
Coro1b,0.21122321,0.44785845,0.8327130918449791,1.0
Dennd6b,0.21120454,-0.63547397,0.8327276629838795,1.0
Pqlc2,0.21111117,-0.42174262,0.8328005195403283,1.0
Spc24,0.21099913,0.20112666,0.8328879493037098,1.0
Stil,0.21088709,0.19431637,0.8329753811340747,1.0
Mtfp1,0.21081239,-0.8050914,0.8330336701687909,1.0
Tmem67,0.21070035,-0.027447874,0.8331211054417977,1.0
Pgghg,0.21055095,-0.12142567,0.8332376890165824,1.0
Eef1akmt4,0.20948653,-0.033691272,0.8340684529875737,1.0
Ap5s1,0.20905702,-0.54805815,0.8344037260488525,1.0
Ndufaf6,0.20881426,-0.24141215,0.8345932415348742,1.0
Zfp267,0.20868354,-0.6497149,0.8346952923150619,1.0
Frrs1,0.20580772,-0.25390396,0.8369411108434426,1.0
Gemin6,0.19876757,1.5042241,0.8424445666280289,1.0
Lyplal1,0.19831939,-0.86213046,0.8427951829419753,1.0
Zfp595,0.19831939,2.0281167,0.8427951829419753,1.0
Letm2,0.19828203,1.3990217,0.8428244023758287,1.0
Dnase1l3,0.19805795,1.5596571,0.8429997235216657,1.0
Cntln,0.19805795,2.651917,0.8429997235216657,1.0
Gpr52,0.19805795,1.2384411,0.8429997235216657,1.0
Ttll4,0.19798325,3.3933363,0.8430581656332307,1.0
Stxbp4,0.19787121,1.5884091,0.8431458304210192,1.0
Lrsam1,0.19779651,2.0260448,0.8432042746927153,1.0
Rdh5,0.19775917,2.377369,0.8432334971523971,1.0
Coil,0.19775917,2.8531697,0.8432334971523971,1.0
Sstr1,0.19775917,1.9787446,0.8432334971523971,1.0
Glyctk,0.19772181,1.7097625,0.8432627198279157,1.0
Ifi211,0.19768447,1.8636912,0.843291942719232,1.0
Spin2c,0.19768447,1.9926935,0.843291942719232,1.0
Pla2g7,0.19764712,1.8456454,0.8433211658263069,1.0
Fam72a,0.19764712,22.22519,0.8433211658263069,1.0
Dnmt3b,0.19764712,22.271471,0.8433211658263069,1.0
Krt222,0.19764712,21.01051,0.8433211658263069,1.0
Mtrr,0.19764712,21.872051,0.8433211658263069,1.0
Ulbp1,0.19764712,21.851185,0.8433211658263069,1.0
Simc1,0.19764712,21.791197,0.8433211658263069,1.0
Zfp420,0.19764712,21.857716,0.8433211658263069,1.0
Trpv3,0.19764712,20.851244,0.8433211658263069,1.0
Selenon,0.19764712,22.023203,0.8433211658263069,1.0
Tnfsf15,0.19764712,20.90647,0.8433211658263069,1.0
Mtfr2,0.19764712,21.658533,0.8433211658263069,1.0
Kcnj2,0.19764712,21.77542,0.8433211658263069,1.0
Adgre4,0.19764712,22.567244,0.8433211658263069,1.0
Gins3,0.19764712,22.179996,0.8433211658263069,1.0
Agr3,0.19764712,21.191004,0.8433211658263069,1.0
Ms4a18,0.19764712,20.108461,0.8433211658263069,1.0
Gzma,0.19764712,0.76798636,0.8433211658263069,1.0
Batf3,0.19764712,22.021858,0.8433211658263069,1.0
Cnbd2,0.19764712,21.678522,0.8433211658263069,1.0
Tcf24,0.19764712,21.097822,0.8433211658263069,1.0
H2-Eb2,0.19760977,0.7441738,0.8433503891491011,1.0
Card14,0.19760977,1.2525803,0.8433503891491011,1.0
Pop1,0.19753507,1.306095,0.843408836441691,1.0
Egr2,0.19753507,1.6276125,0.843408836441691,1.0
Fgf9,0.19753507,1.1454589,0.843408836441691,1.0
Ccn1,0.19753507,1.0791192,0.843408836441691,1.0
Grasp,0.19746038,1.1736997,0.8434672845966882,1.0
Smtn,0.19746038,0.12601674,0.8434672845966882,1.0
Csf2rb2,0.19746038,1.1056664,0.8434672845966882,1.0
Zfp446,0.19746038,0.86942226,0.8434672845966882,1.0
Tet1,0.19746038,1.7273078,0.8434672845966882,1.0
Chrm1,0.19742303,0.31728297,0.8434965089974917,1.0
Nusap1,0.19738568,0.26875392,0.8435257336137795,1.0
Chaf1a,0.19738568,0.57379407,0.8435257336137795,1.0
Cenpw,0.19738568,0.10604341,0.8435257336137795,1.0
Sh2d4a,0.19736701,-0.7100466,0.8435403460027178,1.0
Kif3c,0.19734833,0.5053656,0.8435549584455124,1.0
Fam161a,0.19734833,0.86734015,0.8435549584455124,1.0
Zfp141,0.19731098,0.39017922,0.8435841834926513,1.0
Atpsckmt,0.19727364,0.41168994,0.843613408755157,1.0
Pars2,0.19723628,0.3167213,0.8436426342329904,1.0
Ciita,0.1970869,0.35938886,0.843759538296816,1.0
Lgr5,0.19704954,0.3012727,0.8437887648506996,1.0
Adrb2,0.19704954,0.24199346,0.8437887648506996,1.0
Eif2b3,0.1970122,0.08399976,0.8438179916196759,1.0
Zfp329,0.19669473,0.09828214,0.844066427834796,1.0
Hps4,0.19663872,-0.3108156,0.8441102711309048,1.0
Pus7,0.19641462,-0.0012956252,0.8442856491438989,1.0
Rhbg,0.19626524,-0.6528555,0.8444025721082757,1.0
Sectm1a,0.19624656,-0.69628376,0.8444171877199275,1.0
Fntb,0.19622788,-0.5901824,0.8444318033851416,1.0
Melk,0.1960038,-0.67013854,0.844607195543799,1.0
Ccdc189,0.19521949,-0.71677434,0.8452211287110916,1.0
Plk3,0.19518213,-0.6687444,0.8452503659715813,1.0
Zbtb34,0.19507009,-0.31374237,0.8453380790316869,1.0
Mmp14,0.194846,-0.5101701,0.845513510902229,1.0
Acsf2,0.19157803,-0.42599317,0.8480727583844255,1.0
Parp10,0.19114852,-0.46844685,0.8484092363597912,1.0
Sept10,0.19015878,-0.52686864,0.8491847037280907,1.0
Zfp37,0.18901967,-1.1689814,0.8500774034007608,1.0
Lyz2,0.1845939,1.3207384,0.8535475752775693,1.0
Mks1,0.18418306,1.9997828,0.8538698458011058,1.0
Pirb,0.18399632,0.64329094,0.8540163404675354,1.0
Tma16,0.1839403,1.9415519,0.8540602898492416,1.0
Tlr9,0.18390295,1.4733766,0.8540895896886602,1.0
Hmgn1,0.18388428,0.68209505,0.8541042396838391,1.0
Jrk,0.18388428,4.2009654,0.8541042396838391,1.0
Nthl1,0.18382825,1.5485106,0.8541481899711942,1.0
Chek2,0.18382825,0.55274016,0.8541481899711942,1.0
G3bp1,0.1837909,0.46417162,0.8541774904142309,1.0
Krba1,0.18375356,0.7252339,0.8542067910583944,1.0
Lmntd2,0.18375356,1.2932084,0.8542067910583944,1.0
Intu,0.18373488,2.8889189,0.8542214414558864,1.0
Spata2l,0.18371621,1.3761564,0.8542360919036454,1.0
Snx32,0.18362284,1.8955314,0.8543093448962713,1.0
Chrnb1,0.18354814,1.7401009,0.8543679481946735,1.0
Epb41l4a,0.18352947,19.732172,0.8543825991448304,1.0
H2-Ob,0.18352947,21.745485,0.8543825991448304,1.0
Cdsn,0.18352947,21.184675,0.8543825991448304,1.0
Slc7a9,0.18352947,20.97834,0.8543825991448304,1.0
Dgkg,0.18352947,21.208164,0.8543825991448304,1.0
Hist2h3c1,0.18352947,20.655207,0.8543825991448304,1.0
Pygm,0.18352947,22.198175,0.8543825991448304,1.0
Trbv31,0.18352947,22.3766,0.8543825991448304,1.0
Tmem59l,0.18352947,22.216389,0.8543825991448304,1.0
Ifit3b,0.18352947,22.081081,0.8543825991448304,1.0
Srd5a1,0.18352947,20.719551,0.8543825991448304,1.0
Zbtb46,0.18352947,22.025293,0.8543825991448304,1.0
Matk,0.18352947,21.848736,0.8543825991448304,1.0
Grk3,0.18352947,21.931797,0.8543825991448304,1.0
Il4i1,0.18352947,21.935877,0.8543825991448304,1.0
Pacsin1,0.18352947,22.300406,0.8543825991448304,1.0
Upk1b,0.18352947,19.937754,0.8543825991448304,1.0
Mfge8,0.18352947,0.6584136,0.8543825991448304,1.0
Mcam,0.18352947,22.319702,0.8543825991448304,1.0
Scn2b,0.18352947,21.43628,0.8543825991448304,1.0
Utf1,0.18352947,22.173325,0.8543825991448304,1.0
Numbl,0.18352947,22.127832,0.8543825991448304,1.0
Bbs10,0.18352947,21.185577,0.8543825991448304,1.0
Pkhd1,0.18352947,20.898548,0.8543825991448304,1.0
Frg2f1,0.18349212,0.3807719,0.854411901195777,1.0
Abca5,0.18347345,1.2280734,0.854426552296557,1.0
Bbox1,0.18347345,1.935432,0.854426552296557,1.0
Lins1,0.18345477,0.45790616,0.8544412034475347,1.0
Zeb2,0.18339875,1.6312013,0.8544851572016054,1.0
Cenpn,0.18338008,0.8880683,0.8544998085533251,1.0
Pdk4,0.1833614,0.4560481,0.8545144599552179,1.0
Gpld1,0.1833614,0.9511708,0.8545144599552179,1.0
Tmed6,0.1833614,0.45148832,0.8545144599552179,1.0
B9d1,0.18330538,0.30876863,0.8545584144618856,1.0
Gas8,0.18330538,0.14497083,0.8545584144618856,1.0
Wdr12,0.18326803,0.67954236,0.854587717717106,1.0
Tmem14a,0.18326803,0.14850898,0.854587717717106,1.0
Nkrf,0.18304394,0.16307132,0.8547635414591004,1.0
Mab21l4,0.18295057,-0.27025902,0.8548368034806685,1.0
Pycr1,0.18295057,0.07976121,0.8548368034806685,1.0
BC052040,0.18287587,-0.4281573,0.8548954139990246,1.0
Snta1,0.18283853,-0.4312412,0.8549247195584613,1.0
Ms4a2,0.18280117,0.3986267,0.8549540253180177,1.0
Igsf9b,0.18239035,-0.2385585,0.8552764018697376,1.0
Nrep,0.18229698,-1.0610944,0.8553496726387633,1.0
Dusp19,0.18218493,-0.34688336,0.8554375992077999,1.0
Hist1h2ae,0.1821289,-0.038433995,0.8554815631654549,1.0
Mtrf1,0.18143797,-0.82041234,0.8560238221516591,1.0
Nr1h3,0.18140061,-0.8512921,0.8560531353871744,1.0
Tns2,0.1811952,-0.5938671,0.856214361731386,1.0
Med26,0.18080305,-0.19464812,0.8565221741378422,1.0
Fcsk,0.18000005,-0.23567256,0.8571525247344851,1.0
St3gal3,0.17992535,-0.38597727,0.8572111666375226,1.0
Chac2,0.17973861,-0.6848506,0.8573577748425414,1.0
Kif11,0.17973861,-0.08022375,0.8573577748425414,1.0
Sorbs2,0.1796826,-0.84279245,0.8574017582638545,1.0
Gulp1,0.17938381,-0.645111,0.8576363439851634,1.0
Zfp462,0.17897297,-0.31568092,0.8579589198780369,1.0
Erich1,0.17850612,-0.34066635,0.8583255121810514,1.0
Xylt1,0.17843142,-1.0884012,0.8583841697867404,1.0
Srl,0.17811397,-0.8804465,0.858633473329117,1.0
Ptgr1,0.17712423,-0.835603,0.8594108041590508,1.0
Ophn1,0.17266111,-0.9663149,0.8629178084021604,1.0
Spice1,0.17027083,1.1010586,0.8647971526300512,1.0
Fam219b,0.17008409,1.9453856,0.8649440087520004,1.0
Rbmx2,0.17000939,0.7903745,0.865002752507113,1.0
Casp14,0.16982265,4.0727344,0.8651496151579424,1.0
Tedc1,0.16982265,1.690159,0.8651496151579424,1.0
Ccdc142,0.1697853,4.009736,0.8651789882471695,1.0
Upb1,0.1697853,4.054399,0.8651789882471695,1.0
Ccdc166,0.1697853,1.440629,0.8651789882471695,1.0
Sept4,0.16974795,1.0489378,0.8652083615226577,1.0
Scoc,0.1697106,1.6780796,0.8652377349843668,1.0
Angptl4,0.1697106,1.9363396,0.8652377349843668,1.0
Rasgrp4,0.1697106,1.3112159,0.8652377349843668,1.0
Cdkl5,0.16967325,3.8209572,0.8652671086322574,1.0
Zbtb48,0.16967325,2.9327056,0.8652671086322574,1.0
Igf2,0.1696359,3.1146617,0.8652964824662895,1.0
Pdgfb,0.1696359,1.2149884,0.8652964824662895,1.0
Zfp658,0.1696359,1.9823982,0.8652964824662895,1.0
Ppp1r3d,0.1696359,0.12687679,0.8652964824662895,1.0
Slc15a3,0.1696359,1.087178,0.8652964824662895,1.0
Ptger2,0.1696359,0.6927168,0.8652964824662895,1.0
Tmem218,0.1695612,1.9118022,0.8653552306926191,1.0
Magee1,0.1695612,2.2324493,0.8653552306926191,1.0
Treml4,0.16941182,21.99562,0.8654727293772259,1.0
Ifi204,0.16941182,22.22146,0.8654727293772259,1.0
Tgif2,0.16941182,22.21307,0.8654727293772259,1.0
Fancm,0.16941182,21.513828,0.8654727293772259,1.0
Catspere2,0.16941182,21.477827,0.8654727293772259,1.0
Spns3,0.16941182,21.740808,0.8654727293772259,1.0
Nexmif,0.16941182,0.4247135,0.8654727293772259,1.0
Igsf6,0.16941182,1.6887152,0.8654727293772259,1.0
Msrb2,0.16941182,0.8298066,0.8654727293772259,1.0
Dcbld2,0.16941182,21.465967,0.8654727293772259,1.0
Pou5f2,0.16941182,21.64916,0.8654727293772259,1.0
Ccdc18,0.16941182,21.258968,0.8654727293772259,1.0
Cdr2,0.16941182,20.460747,0.8654727293772259,1.0
Fam43a,0.16941182,21.710028,0.8654727293772259,1.0
Ace2,0.16941182,21.08562,0.8654727293772259,1.0
Adam23,0.16941182,22.124857,0.8654727293772259,1.0
Pla2g4b,0.16941182,21.72508,0.8654727293772259,1.0
Tspan4,0.16941182,22.024649,0.8654727293772259,1.0
Nmb,0.16941182,1.1550248,0.8654727293772259,1.0
Scel,0.16941182,20.675005,0.8654727293772259,1.0
Tube1,0.16941182,21.677696,0.8654727293772259,1.0
Ovca2,0.16941182,21.34012,0.8654727293772259,1.0
Nckap5l,0.16941182,22.13721,0.8654727293772259,1.0
Siglecg,0.16941182,21.911325,0.8654727293772259,1.0
Fcgr1,0.16941182,22.093636,0.8654727293772259,1.0
C4bp,0.16941182,1.2917697,0.8654727293772259,1.0
Cit,0.16941182,21.800102,0.8654727293772259,1.0
Ywhaz,0.16941182,21.244143,0.8654727293772259,1.0
Fcmr,0.16941182,21.82094,0.8654727293772259,1.0
Trmt10a,0.16941182,21.309635,0.8654727293772259,1.0
Tubb2b,0.16941182,21.655945,0.8654727293772259,1.0
Kcna3,0.16941182,22.106411,0.8654727293772259,1.0
Adssl1,0.16933712,1.6982228,0.8655314798348662,1.0
Ccrl2,0.16933712,1.6264591,0.8655314798348662,1.0
Cpt1b,0.16929977,0.6320228,0.8655608553423814,1.0
Rpap3,0.16929977,0.28154537,0.8655608553423814,1.0
Ahnak2,0.16929977,0.5698856,0.8655608553423814,1.0
Zfp385b,0.16929977,1.0451503,0.8655608553423814,1.0
Plxnd1,0.16926242,0.85339594,0.86559023103564,1.0
Adhfe1,0.16926242,0.19272661,0.86559023103564,1.0
Isca1,0.16926242,-0.06368161,0.86559023103564,1.0
Ctrl,0.16926242,0.33121678,0.86559023103564,1.0
Tmem158,0.16926242,0.53343314,0.86559023103564,1.0
Fam222a,0.16922508,0.39242995,0.8656196069146025,1.0
Fzd3,0.16922508,0.19730389,0.8656196069146025,1.0
Nme4,0.16918772,0.2536879,0.865648982979229,1.0
Ccr1,0.16911303,0.6386687,0.8657077356653144,1.0
Caprin2,0.16907568,0.115165405,0.865737112286694,1.0
N4bp3,0.16907568,0.42253038,0.865737112286694,1.0
Socs3,0.16903834,-0.0860808,0.8657664890935782,1.0
Haspin,0.16903834,0.183739,0.8657664890935782,1.0
Ccdc51,0.16903834,-0.1333445,0.8657664890935782,1.0
Tlr6,0.16903834,0.7754043,0.8657664890935782,1.0
Slc25a29,0.16900098,0.23476146,0.8657958660859274,1.0
Anapc10,0.16900098,0.041129336,0.8657958660859274,1.0
Zfp219,0.16900098,-0.30898672,0.8657958660859274,1.0
Dus4l,0.16896364,-0.026711114,0.8658252432637017,1.0
Cep131,0.16892628,0.16542907,0.8658546206268614,1.0
Muc16,0.16888894,0.21855861,0.8658839981753664,1.0
Cadm1,0.16859016,-0.5959555,0.8661190252310687,1.0
Plch1,0.16821668,-0.09645562,0.8664128256971552,1.0
C1qtnf6,0.16810463,-0.34793663,0.8665009694382785,1.0
Osgepl1,0.16810463,-0.18234435,0.8665009694382785,1.0
Ptpn13,0.16746971,-0.6533727,0.8670004819661994,1.0
Bckdhb,0.16732031,-0.1925225,0.8671180220522401,1.0
Bnip3l,0.16676009,-0.5163906,0.8675588235217782,1.0
Etv5,0.16586372,-0.5304139,0.8682641914775923,1.0
Hoxb8,0.16563964,-0.8319452,0.8684405498751477,1.0
Rassf4,0.16463123,-0.38480964,0.8692342435492116,1.0
Birc5,0.16453786,-0.27266324,0.8693077403818452,1.0
Pnp,0.16392162,-0.78378934,0.8697928477669152,1.0
Hoxa7,0.16392162,-0.14222565,0.8697928477669152,1.0
Rhbdf2,0.16257708,-0.7598606,0.8708514337386174,1.0
Ccna2,0.15831938,-0.3459623,0.8742051405134469,1.0
Ddx31,0.1562092,0.78304154,0.875868126490333,1.0
Xlr4a,0.15611583,2.183863,0.8759417226601507,1.0
Pde4a,0.15604113,0.86816716,0.8760006003684461,1.0
Tmem191c,0.15589173,1.523182,0.8761183578435174,1.0
Elac1,0.15581705,0.41135973,0.8761772376096524,1.0
Serpinb9,0.15577969,1.4160298,0.8762066777497295,1.0
Ttc27,0.15572368,0.5396323,0.8762508382809944,1.0
Rhobtb1,0.15564898,0.7113412,0.8763097195886159,1.0
Nxpe3,0.1556303,1.6462084,0.8763244400225001,1.0
Il18bp,0.1556303,0.30101773,0.8763244400225001,1.0
Phpt1,0.15561162,3.061308,0.8763391604991658,1.0
Zfand4,0.15559295,1.3753492,0.876353881018608,1.0
Crybb3,0.15551825,1.0272906,0.8764127635240416,1.0
Cd93,0.15549958,1.2371169,0.8764274842572911,1.0
Psmb4,0.15549958,2.9151545,0.8764274842572911,1.0
Map3k6,0.15549958,3.4353442,0.8764274842572911,1.0
Cenps,0.15546224,2.5299785,0.8764569258520245,1.0
Cyb5rl,0.15546224,2.801355,0.8764569258520245,1.0
Hebp2,0.15544356,0.97025347,0.8764716467134983,1.0
Cgas,0.1554062,1.0121945,0.8765010885646352,1.0
Serac1,0.1554062,0.68449783,0.8765010885646352,1.0
Cep95,0.1554062,0.30232495,0.8765010885646352,1.0
Zcwpw1,0.15538754,0.7674156,0.8765158095542882,1.0
Gins2,0.15531284,0.30372208,0.8765746939400141,1.0
Mterf1b,0.15529417,21.664227,0.876589415143199,1.0
Traip,0.15529417,21.871948,0.876589415143199,1.0
Eme2,0.15529417,20.71485,0.876589415143199,1.0
Rubcnl,0.15529417,21.853498,0.876589415143199,1.0
Fam83d,0.15529417,21.282833,0.876589415143199,1.0
Ccnf,0.15529417,20.79706,0.876589415143199,1.0
Cd300ld,0.15529417,21.889423,0.876589415143199,1.0
Bend4,0.15529417,21.95881,0.876589415143199,1.0
Klrb1f,0.15529417,22.071766,0.876589415143199,1.0
Amotl2,0.15529417,20.257694,0.876589415143199,1.0
Dclk2,0.15529417,21.744934,0.876589415143199,1.0
Mpp3,0.15529417,20.116718,0.876589415143199,1.0
Fam110b,0.15529417,21.201145,0.876589415143199,1.0
Tert,0.15529417,21.043169,0.876589415143199,1.0
Zfp458,0.15529417,21.210024,0.876589415143199,1.0
Siglech,0.15529417,22.658953,0.876589415143199,1.0
Armcx4,0.15529417,21.88505,0.876589415143199,1.0
St8sia1,0.15529417,21.888832,0.876589415143199,1.0
Gemin8,0.15529417,21.811218,0.876589415143199,1.0
Nectin4,0.15529417,21.309614,0.876589415143199,1.0
Mrgpre,0.15529417,22.185963,0.876589415143199,1.0
Wdr62,0.15529417,20.298891,0.876589415143199,1.0
Pacc1,0.15529417,21.78635,0.876589415143199,1.0
Ftl1-ps1,0.15529417,20.319065,0.876589415143199,1.0
Sp5,0.15529417,20.363718,0.876589415143199,1.0
Cxcl9,0.15529417,21.527798,0.876589415143199,1.0
Ovgp1,0.15529417,22.18105,0.876589415143199,1.0
Hspa2,0.15529417,20.537014,0.876589415143199,1.0
Apol7e,0.15529417,21.98382,0.876589415143199,1.0
AI429214,0.15529417,21.551382,0.876589415143199,1.0
Olfm4,0.15529417,21.821928,0.876589415143199,1.0
Tnf,0.15529417,22.053843,0.876589415143199,1.0
Fbxo27,0.15529417,22.138165,0.876589415143199,1.0
Ddx59,0.15529417,21.477533,0.876589415143199,1.0
Nags,0.1552755,1.2991567,0.8766041363890752,1.0
Clec12a,0.1552755,1.6612496,0.8766041363890752,1.0
Slc26a6,0.1552755,0.3986588,0.8766041363890752,1.0
Dach1,0.15523814,0.4277258,0.8766335790088815,1.0
Dhdh,0.15523814,0.9113431,0.8766335790088815,1.0
Spata24,0.15523814,1.4143779,0.8766335790088815,1.0
Prox2,0.15523814,1.3512505,0.8766335790088815,1.0
Amigo3,0.15516345,0.38902405,0.8766924647605698,1.0
Zbtb32,0.15516345,0.20619172,0.8766924647605698,1.0
Chchd6,0.15516345,0.22670217,0.8766924647605698,1.0
Tle2,0.15516345,1.3099482,0.8766924647605698,1.0
Tmem150a,0.15516345,-0.59875226,0.8766924647605698,1.0
Psmc3ip,0.15516345,0.9846947,0.8766924647605698,1.0
Rtel1,0.15516345,0.9802173,0.8766924647605698,1.0
Rnf170,0.1551261,0.3299977,0.8767219078923715,1.0
Lonrf1,0.1551261,-0.0706193,0.8767219078923715,1.0
Trmu,0.15510742,0.13207868,0.8767366295222443,1.0
Pomgnt2,0.1550514,0.085257374,0.8767807946676899,1.0
Slc16a13,0.15501405,0.37665284,0.8768102383111264,1.0
Hsd17b14,0.15497671,0.16193312,0.8768396821250275,1.0
Rnf113a1,0.15478997,-0.016629769,0.8769869037501015,1.0
Spef1,0.15465924,-0.16659498,0.8770899614200365,1.0
Tmem176b,0.15458454,-0.48799163,0.8771488524527138,1.0
Ccdc28b,0.15450986,-0.117486775,0.8772077441654061,1.0
Kank2,0.15434179,-0.63841885,0.8773402530036067,1.0
Cycs,0.15421106,-0.5841256,0.8774433178099089,1.0
Ncapg2,0.15408035,-0.09837974,0.8775463846938448,1.0
Il1rap,0.15398698,-0.55872774,0.8776200051677245,1.0
Cep89,0.1538936,-0.57792187,0.8776936267001177,1.0
Gpr19,0.15372553,-0.43023854,0.8778261481238792,1.0
Hpse,0.15337072,-0.17293592,0.8781059268135103,1.0
Maml3,0.1531093,-0.29741436,0.8783120892765616,1.0
Lpcat1,0.15279183,-0.41416678,0.8785624405035815,1.0
C1qtnf4,0.15277316,-0.24435262,0.8785771674247647,1.0
Mkx,0.15174608,-0.6628496,0.8793872126532803,1.0
S100a10,0.15120453,0.033541746,0.879814378300799,1.0
Pitpnm3,0.15058829,-0.55010235,0.880300505890895,1.0
Wnk4,0.15038286,-0.6883223,0.8804625584552828,1.0
Ttll10,0.1489076,-0.9795099,0.8816265371822105,1.0
Adgrg7,0.14883292,-0.03874356,0.8816854796367215,1.0
Adgrg1,0.14534084,-0.78274053,0.8844417653095384,1.0
Gstm5,0.14196083,-0.86287767,0.8871109469974205,1.0
Fbf1,0.14181143,0.6226291,0.8872289516604217,1.0
Mastl,0.14177409,0.95507246,0.8872584532169029,1.0
Dipk1b,0.14168072,0.6886337,0.8873322077914438,1.0
Mettl15,0.14162469,0.31426772,0.8873764610045414,1.0
Polr1b,0.14158735,0.17640595,0.8874059633416779,1.0
Brca2,0.14154999,1.2796365,0.8874354658348245,1.0
Dnaja4,0.14151265,0.43254408,0.8874649684839407,1.0
Arl4d,0.14151265,2.2595918,0.8874649684839407,1.0
Ift122,0.1414753,2.630281,0.8874944712889865,1.0
Mettl22,0.1414006,1.1611756,0.8875534773667049,1.0
Mapk8ip1,0.1414006,2.336632,0.8875534773667049,1.0
Nmnat2,0.14136325,0.8272232,0.887582980639297,1.0
Tiam1,0.1413259,0.5890257,0.887612484067657,1.0
Kank3,0.1413259,1.7407713,0.887612484067657,1.0
Siglece,0.1413259,1.8394301,0.887612484067657,1.0
B4galnt4,0.1413259,1.8055404,0.887612484067657,1.0
Pik3c2g,0.14128856,1.6482673,0.887641987651745,1.0
Kcnh3,0.14128856,1.8468585,0.887641987651745,1.0
Nat14,0.14128856,2.0218472,0.887641987651745,1.0
Ints5,0.14128856,1.4464616,0.887641987651745,1.0
Gpr183,0.14128856,1.5917568,0.887641987651745,1.0
Hist2h2be,0.14128856,0.7391622,0.887641987651745,1.0
Ankle1,0.14128856,1.540568,0.887641987651745,1.0
Eid2b,0.1412512,2.060232,0.8876714913915202,1.0
Cenpt,0.1412512,0.12510395,0.8876714913915202,1.0
Xylb,0.14121386,1.1409096,0.8877009952869427,1.0
Nradd,0.14121386,1.2059629,0.8877009952869427,1.0
Meis1,0.1411765,21.117685,0.887730499337972,1.0
Dmtn,0.1411765,21.736046,0.887730499337972,1.0
Cenpi,0.1411765,1.1199206,0.887730499337972,1.0
Serp2,0.1411765,21.753859,0.887730499337972,1.0
Tlr7,0.1411765,21.905712,0.887730499337972,1.0
Ly6i,0.1411765,21.813068,0.887730499337972,1.0
Sft2d3,0.1411765,20.960308,0.887730499337972,1.0
Rnd2,0.1411765,20.151808,0.887730499337972,1.0
Pcbp3,0.1411765,21.602776,0.887730499337972,1.0
Flt3,0.1411765,21.29627,0.887730499337972,1.0
Tln2,0.1411765,20.812677,0.887730499337972,1.0
Frmd6,0.1411765,21.171093,0.887730499337972,1.0
Ust,0.1411765,21.91188,0.887730499337972,1.0
Itgad,0.1411765,21.966423,0.887730499337972,1.0
Tex12,0.1411765,0.5074249,0.887730499337972,1.0
Dock4,0.1411765,21.566616,0.887730499337972,1.0
Syt5,0.1411765,20.160276,0.887730499337972,1.0
Syn3,0.1411765,20.160841,0.887730499337972,1.0
Zfp607b,0.1411765,21.726814,0.887730499337972,1.0
Nmrk1,0.1411765,21.36034,0.887730499337972,1.0
Adgrg3,0.1411765,21.533873,0.887730499337972,1.0
Lrp8,0.1411765,21.187735,0.887730499337972,1.0
Tmem237,0.1411765,21.312292,0.887730499337972,1.0
Porcn,0.1411765,20.174488,0.887730499337972,1.0
Dyrk3,0.1411765,21.465454,0.887730499337972,1.0
Map3k15,0.1411765,20.762407,0.887730499337972,1.0
Pard6g,0.1411765,21.905256,0.887730499337972,1.0
Iglc1,0.1411765,21.70521,0.887730499337972,1.0
Ifi214,0.1411765,21.572506,0.887730499337972,1.0
Trim5,0.1411765,21.515001,0.887730499337972,1.0
Slc25a53,0.1411765,21.85482,0.887730499337972,1.0
Per3,0.1411765,20.473772,0.887730499337972,1.0
Tmc1,0.1411765,19.989178,0.887730499337972,1.0
Tead2,0.1411765,21.33891,0.887730499337972,1.0
Trim38,0.1411765,20.523573,0.887730499337972,1.0
Cfap47,0.1411765,20.731302,0.887730499337972,1.0
Adamtsl2,0.1411765,21.9926,0.887730499337972,1.0
Zfp951,0.1411765,21.197369,0.887730499337972,1.0
Syt17,0.1411765,20.215563,0.887730499337972,1.0
Cd180,0.1411765,21.61454,0.887730499337972,1.0
BC028528,0.1411765,21.580812,0.887730499337972,1.0
Rims1,0.1411765,1.2143805,0.887730499337972,1.0
Cage1,0.1411765,20.79703,0.887730499337972,1.0
Hdac9,0.1411765,20.981922,0.887730499337972,1.0
Gem,0.1411765,21.961058,0.887730499337972,1.0
Ciart,0.1411765,0.45987424,0.887730499337972,1.0
Slc43a1,0.1411765,21.100803,0.887730499337972,1.0
Zfp316,0.1411765,21.517782,0.887730499337972,1.0
Bank1,0.1411765,21.673023,0.887730499337972,1.0
Kcng3,0.1411765,20.095272,0.887730499337972,1.0
Nuak1,0.1411765,21.378233,0.887730499337972,1.0
Pask,0.14113916,0.6243948,0.8877600035445676,1.0
Zc3hav1l,0.14113916,1.4692066,0.8877600035445676,1.0
Fam189a1,0.14113916,0.39301312,0.8877600035445676,1.0
Lipt2,0.14110182,0.6463359,0.8877895079066893,1.0
Zfp93,0.14110182,0.4963446,0.8877895079066893,1.0
Cep152,0.14110182,1.1722441,0.8877895079066893,1.0
Hoxa2,0.14106447,-0.28271186,0.8878190124242968,1.0
Hist1h4i,0.14106447,0.90579724,0.8878190124242968,1.0
Cmtm3,0.14106447,0.5975268,0.8878190124242968,1.0
Btk,0.14106447,1.2815616,0.8878190124242968,1.0
Rtl8b,0.14102712,0.31421414,0.8878485170973498,1.0
Aspm,0.14098977,0.17124517,0.8878780219258078,1.0
Milr1,0.14098977,0.6970792,0.8878780219258078,1.0
Plekhg5,0.14095242,-0.015745346,0.8879075269096306,1.0
Cdkl1,0.14091508,-0.41525662,0.8879370320487778,1.0
Rnf180,0.14091508,-0.67684895,0.8879370320487778,1.0
Nipa1,0.14091508,-0.2339392,0.8879370320487778,1.0
Dna2,0.14087772,0.16803631,0.8879665373432091,1.0
Cenpp,0.14084038,0.04811548,0.8879960427928841,1.0
Pdgfrb,0.14084038,-0.3603201,0.8879960427928841,1.0
March1,0.14084038,0.16732611,0.8879960427928841,1.0
Ifi207,0.14080302,0.23849843,0.8880255483977626,1.0
Als2cl,0.14080302,-0.31722826,0.8880255483977626,1.0
D3Ertd751e,0.14076568,-0.50641364,0.8880550541578041,1.0
Pdlim4,0.14069098,-0.3000791,0.8881140661432148,1.0
Amer1,0.14065364,-0.4088063,0.8881435723685034,1.0
Zfp7,0.14061628,-0.46050003,0.8881730787487936,1.0
Relt,0.1405416,0.34773743,0.8882320919742178,1.0
Cd79a,0.14035486,-0.3209766,0.8883796277474837,1.0
Mycl,0.14028016,-0.22913723,0.8884386431398248,1.0
Ccnjl,0.1402428,-0.7813305,0.8884681510679129,1.0
Amacr,0.14009342,-0.30503592,0.8885861843254403,1.0
Faap100,0.14001872,-0.35353824,0.8886452018807441,1.0
Hic2,0.13994402,-0.79674095,0.888704220053311,1.0
Id4,0.13971993,-0.36068726,0.8888812782713609,1.0
Sufu,0.1393091,-0.57533157,0.8892058993964972,1.0
Yif1b,0.13915971,-0.2421592,0.8893239480512934,1.0
Wee1,0.13878623,-0.28872493,0.889619080419751,1.0
Fam219a,0.13871153,-0.78105265,0.8896781087305388,1.0
Slc37a2,0.1372923,-0.50097173,0.8907997624734401,1.0
Plaur,0.13680677,-0.6173628,0.8911835364124554,1.0
Coq6,0.13632123,-0.48262608,0.8915673358439148,1.0
BC017158,0.1360598,-0.7386771,0.8917740076041218,1.0
Cpt1a,0.13458455,-0.6667038,0.8929403642081978,1.0
Slfn5,0.12845942,0.90656143,0.8977854076629954,1.0
Gdpd5,0.12842208,0.52115107,0.8978149624906969,1.0
Fcer1a,0.12795523,0.736737,0.8981844097844689,1.0
Zscan20,0.12784317,2.0203285,0.8982730804219896,1.0
Prrg4,0.1278245,0.64575446,0.898287858985092,1.0
Zscan2,0.12780583,2.0777345,0.8983026375834711,1.0
Camsap1,0.12754439,1.8371527,0.8985095416619888,1.0
Focad,0.12750705,1.5789809,0.8985390999510258,1.0
Kif23,0.12746969,0.1894436,0.8985686583808246,1.0
Ankrd13b,0.12746969,1.8151104,0.8985686583808246,1.0
Zwilch,0.12743235,1.5102636,0.8985982169513447,1.0
Trmo,0.12733898,0.93967134,0.8986721139930348,1.0
Tbc1d31,0.12726428,0.6496833,0.8987312322590245,1.0
Sap25,0.12726428,0.6282576,0.8987312322590245,1.0
Adam8,0.1272456,0.73448795,0.898746011913346,1.0
Vamp5,0.1272456,1.0693798,0.898746011913346,1.0
Dtl,0.1272456,0.7297759,0.898746011913346,1.0
Kcnh1,0.12722693,1.9281107,0.898760791602787,1.0
Vwa3b,0.12722693,1.6397504,0.898760791602787,1.0
Trim45,0.12722693,1.933154,0.898760791602787,1.0
Xcr1,0.12718958,1.7049489,0.8987903510870072,1.0
Sugct,0.12718958,1.7764883,0.8987903510870072,1.0
Slfn3,0.12718958,1.7480571,0.8987903510870072,1.0
Kif3a,0.12715223,2.2339227,0.8988199107116445,1.0
Sgcb,0.1270962,0.26509383,0.8988642504117939,1.0
Chrnb2,0.12707753,0.95799524,0.8988790303820083,1.0
Samd1,0.12707753,0.43007734,0.8988790303820083,1.0
Abcc4,0.12707753,1.4512775,0.8988790303820083,1.0
Mcoln3,0.12705886,21.741766,0.8988938103872965,1.0
Penk,0.12705886,20.516424,0.8988938103872965,1.0
Cyren,0.12705886,21.034498,0.8988938103872965,1.0
Cd22,0.12705886,21.48256,0.8988938103872965,1.0
Klf8,0.12705886,20.953215,0.8988938103872965,1.0
Ly6g5b,0.12705886,20.73986,0.8988938103872965,1.0
Tchh,0.12705886,19.883358,0.8988938103872965,1.0
Cd46,0.12705886,21.115877,0.8988938103872965,1.0
Hip1,0.12705886,0.6384392,0.8988938103872965,1.0
Tusc1,0.12705886,21.017738,0.8988938103872965,1.0
Inf2,0.12705886,0.105399184,0.8988938103872965,1.0
Polq,0.12705886,21.476835,0.8988938103872965,1.0
Prlh,0.12705886,20.779118,0.8988938103872965,1.0
Cspg4,0.12705886,20.6291,0.8988938103872965,1.0
Spata17,0.12705886,20.160944,0.8988938103872965,1.0
Dclk3,0.12705886,20.705143,0.8988938103872965,1.0
Bbof1,0.12705886,19.769812,0.8988938103872965,1.0
Myom3,0.12705886,20.705276,0.8988938103872965,1.0
Qprt,0.12705886,21.592276,0.8988938103872965,1.0
Tnfsf9,0.12705886,21.487566,0.8988938103872965,1.0
Hoxb2,0.12705886,20.720976,0.8988938103872965,1.0
Ankrd23,0.12705886,21.596476,0.8988938103872965,1.0
AI182371,0.12705886,21.045944,0.8988938103872965,1.0
Cacna2d1,0.12705886,20.387644,0.8988938103872965,1.0
Smbd1,0.12705886,21.188421,0.8988938103872965,1.0
Pkn3,0.12705886,20.615803,0.8988938103872965,1.0
Rcn3,0.12705886,21.756386,0.8988938103872965,1.0
Pilra,0.12705886,21.520382,0.8988938103872965,1.0
Ubac1,0.12705886,20.696768,0.8988938103872965,1.0
Tigd3,0.12705886,21.042997,0.8988938103872965,1.0
Enkur,0.12705886,20.68116,0.8988938103872965,1.0
Ccl3,0.12705886,22.171598,0.8988938103872965,1.0
Zfp11,0.12705886,21.10471,0.8988938103872965,1.0
Slc9a4,0.12705886,19.760664,0.8988938103872965,1.0
Pimreg,0.12705886,21.32097,0.8988938103872965,1.0
Xkr8,0.12705886,20.76956,0.8988938103872965,1.0
Btla,0.12705886,20.948055,0.8988938103872965,1.0
Irf4,0.12705886,21.189491,0.8988938103872965,1.0
Ascl2,0.12705886,20.671154,0.8988938103872965,1.0
E2f7,0.12705886,21.603346,0.8988938103872965,1.0
Ggt5,0.12705886,21.772413,0.8988938103872965,1.0
Mrvi1,0.12705886,21.777592,0.8988938103872965,1.0
Ldhal6b,0.12705886,21.079706,0.8988938103872965,1.0
Trim30c,0.12705886,21.820532,0.8988938103872965,1.0
Timeless,0.12705886,21.14578,0.8988938103872965,1.0
Ms4a4c,0.12705886,21.478119,0.8988938103872965,1.0
Adam1a,0.12705886,20.938972,0.8988938103872965,1.0
P2rx1,0.12705886,20.812792,0.8988938103872965,1.0
Ksr2,0.12705886,19.233225,0.8988938103872965,1.0
Insrr,0.12705886,20.401445,0.8988938103872965,1.0
C9,0.12705886,19.718245,0.8988938103872965,1.0
Tac1,0.12705886,21.020082,0.8988938103872965,1.0
Haao,0.12705886,21.638344,0.8988938103872965,1.0
Esrrg,0.12704019,-0.24536924,0.8989085904276536,1.0
Mef2c,0.12704019,1.4047968,0.8989085904276536,1.0
Susd3,0.12704019,1.2854857,0.8989085904276536,1.0
Iglc3,0.12702152,0.7669675,0.8989233705030744,1.0
Eid2,0.12700284,0.9794921,0.8989381506135538,1.0
Nkd1,0.12700284,0.4515296,0.8989381506135538,1.0
Adgre1,0.12700284,0.9616907,0.8989381506135538,1.0
Telo2,0.12700284,0.57237494,0.8989381506135538,1.0
Ttll3,0.12700284,0.64280796,0.8989381506135538,1.0
Fzd1,0.12698416,0.4083398,0.8989529307590868,1.0
Ccdc88a,0.1269655,0.8837822,0.8989677109396682,1.0
Hoxd4,0.1269655,-0.39228448,0.8989677109396682,1.0
Qrfp,0.1269655,1.3991189,0.8989677109396682,1.0
Pcdhgc4,0.1269655,0.10849841,0.8989677109396682,1.0
Tyro3,0.1269655,0.8531746,0.8989677109396682,1.0
Dnhd1,0.1269655,0.3869134,0.8989677109396682,1.0
Olr1,0.1269655,-0.7130153,0.8989677109396682,1.0
Cyp4f18,0.1269655,0.8904834,0.8989677109396682,1.0
Il1rl2,0.1269655,1.0799615,0.8989677109396682,1.0
Zfp109,0.1269655,0.074635886,0.8989677109396682,1.0
Hebp1,0.1269655,0.15073325,0.8989677109396682,1.0
Cd36,0.1269655,1.1022652,0.8989677109396682,1.0
Clca3a2,0.12694682,-0.17434084,0.8989824911552932,1.0
Spock2,0.12694682,0.6189817,0.8989824911552932,1.0
Slc2a6,0.12694682,0.08564519,0.8989824911552932,1.0
Ccdc3,0.12694682,0.21962798,0.8989824911552932,1.0
Myorg,0.12694682,0.14097367,0.8989824911552932,1.0
Bex2,0.12690946,0.14497037,0.899012051691653,1.0
Dscc1,0.12683478,0.3159796,0.8990711731846707,1.0
Fzd4,0.1268161,0.09169986,0.8990859536454576,1.0
Ccp110,0.12679742,0.19089961,0.8991007341412474,1.0
Cd33,0.12679742,0.42039827,0.8991007341412474,1.0
Rsad1,0.12676008,0.15235038,0.8991302952378153,1.0
Clec4a1,0.12672272,0.23489203,0.8991598564743337,1.0
Slc47a1,0.12672272,-1.1916647,0.8991598564743337,1.0
Nlgn2,0.12672272,0.18876213,0.8991598564743337,1.0
Neto2,0.12672272,-0.041377652,0.8991598564743337,1.0
Pdlim7,0.12668538,0.013971934,0.8991894178507621,1.0
Zfp955a,0.12659201,-0.49529904,0.8992633219036733,1.0
Dnajc12,0.12659201,-0.24144875,0.8992633219036733,1.0
Wdr60,0.12640527,-0.14860158,0.8994111326295119,1.0
Apoe,0.1262372,-0.1854104,0.8995441652661155,1.0
Zmym4,0.12605046,-0.33576408,0.8996919826169604,1.0
Ttr,0.12601312,-0.44849,0.8997215465048305,1.0
Sh3tc1,0.12556493,-0.7443731,0.9000763240005084,1.0
Alms1,0.12485532,-0.5039615,0.9006380958404429,1.0
Lrrc40,0.124369785,-0.44983435,0.9010224947427766,1.0
Aqp1,0.124351114,-0.29583836,0.90103727978008,1.0
Echdc2,0.12367884,-0.6547038,0.9015695639494139,1.0
Zfp846,0.12364149,-0.7345204,0.9015991365920547,1.0
Mthfr,0.121699385,-0.6062331,0.90313710123841,1.0
Gnai1,0.121699385,-1.5047222,0.90313710123841,1.0
Trim3,0.11964523,-1.0174439,0.9047641901069522,1.0
Scpep1,0.11826334,-0.6320531,0.9058590026026982,1.0
Tstd1,0.11682543,-0.26959068,0.9069983893235037,1.0
Hoxa9,0.115798354,-0.74432176,0.9078123543096911,1.0
Mcpt1,0.11544354,0.42430523,0.9080935647561739,1.0
Steap3,0.114360444,-0.88162076,0.9089520677477388,1.0
Nipsnap1,0.11409901,-0.7635595,0.9091593085780703,1.0
Cdc25b,0.11370685,-0.62625885,0.9094701814105378,1.0
Cd34,0.11365083,0.31359258,0.9095145929479028,1.0
Rhbdd3,0.11365083,2.859093,0.9095145929479028,1.0
Rad51c,0.11353879,1.6725249,0.909603416870802,1.0
Pla2g15,0.11350144,0.39034274,0.9096330250962616,1.0
Ankrd26,0.11342674,0.74154407,0.9096922419236763,1.0
Fcgr2b,0.113352045,1.1280041,0.9097514592528128,1.0
Nxpe2,0.113352045,0.5547973,0.9097514592528128,1.0
Itgam,0.113352045,0.28377026,0.9097514592528128,1.0
Uhrf1bp1,0.113352045,0.50426894,0.9097514592528128,1.0
Fgd2,0.113352045,0.16725838,0.9097514592528128,1.0
Sorcs2,0.113239996,2.1159291,0.9098402861865327,1.0
Ctf1,0.113239996,2.8897429,0.9098402861865327,1.0
Ubxn11,0.113239996,2.1366363,0.9098402861865327,1.0
Gzmc,0.11320265,0.41806552,0.9098698954149469,1.0
Glb1l,0.113127954,2.5134816,0.9099291142472922,1.0
Rad51ap1,0.113127954,0.48049402,0.9099291142472922,1.0
Ltbp4,0.113127954,1.63427,0.9099291142472922,1.0
Mrnip,0.113090605,1.3232614,0.9099587238511416,1.0
Prr3,0.113090605,2.2072794,0.9099587238511416,1.0
Fmo1,0.113090605,0.15717137,0.9099587238511416,1.0
Iqcb1,0.113090605,1.6251225,0.9099587238511416,1.0
Cep128,0.113090605,0.015136299,0.9099587238511416,1.0
Ube2t,0.113053255,0.4534312,0.9099883335800547,1.0
Aasdh,0.113053255,1.2759103,0.9099883335800547,1.0
Sec14l2,0.113053255,1.4936088,0.9099883335800547,1.0
Katnal1,0.113015905,1.0482191,0.9100179434339905,1.0
Dctd,0.113015905,1.1552435,0.9100179434339905,1.0
Scn1b,0.113015905,1.3119626,0.9100179434339905,1.0
Ckb,0.113015905,0.566001,0.9100179434339905,1.0
Ckmt2,0.113015905,-0.06803358,0.9100179434339905,1.0
Serpine2,0.11297856,0.74850535,0.9100475534129082,1.0
Anxa8,0.11297856,1.245983,0.9100475534129082,1.0
Ccnj,0.11297856,0.98269033,0.9100475534129082,1.0
Lrmda,0.11297856,1.147837,0.9100475534129082,1.0
Bbs12,0.11297856,1.1892552,0.9100475534129082,1.0
Pfn2,0.11297856,1.3327146,0.9100475534129082,1.0
Slc25a27,0.11294121,21.4132,0.9100771635167672,1.0
Krt27,0.11294121,0.60787743,0.9100771635167672,1.0
Zfp382,0.11294121,21.374533,0.9100771635167672,1.0
Rab7b,0.11294121,21.358263,0.9100771635167672,1.0
Pcdhga6,0.11294121,20.521555,0.9100771635167672,1.0
Mreg,0.11294121,21.34415,0.9100771635167672,1.0
Aph1c,0.11294121,20.923853,0.9100771635167672,1.0
Rasip1,0.11294121,0.4400425,0.9100771635167672,1.0
Zfp119b,0.11294121,20.72145,0.9100771635167672,1.0
Gas2l3,0.11294121,20.574299,0.9100771635167672,1.0
P3h4,0.11294121,20.057468,0.9100771635167672,1.0
Rnf212,0.11294121,20.128193,0.9100771635167672,1.0
Angptl8,0.11294121,20.527029,0.9100771635167672,1.0
Nrp1,0.11294121,21.032337,0.9100771635167672,1.0
Nme3,0.11294121,20.769735,0.9100771635167672,1.0
Ltb4r2,0.11294121,19.979307,0.9100771635167672,1.0
Colq,0.11294121,21.476095,0.9100771635167672,1.0
Stt3a,0.11294121,20.516743,0.9100771635167672,1.0
Aqp3,0.11294121,21.138391,0.9100771635167672,1.0
Mapk11,0.11294121,21.2624,0.9100771635167672,1.0
Zfp12,0.11294121,20.735397,0.9100771635167672,1.0
H2al1m,0.11294121,0.8351637,0.9100771635167672,1.0
Rdh12,0.11294121,21.444715,0.9100771635167672,1.0
Ccdc57,0.11294121,20.444292,0.9100771635167672,1.0
Fndc5,0.11294121,20.227085,0.9100771635167672,1.0
Sh2b2,0.11294121,21.238018,0.9100771635167672,1.0
Zfp934,0.11294121,21.283262,0.9100771635167672,1.0
Fv1,0.11294121,21.347273,0.9100771635167672,1.0
Clec4a3,0.11294121,21.56814,0.9100771635167672,1.0
C2cd4b,0.11294121,20.323393,0.9100771635167672,1.0
Rbm12b1,0.11294121,21.43584,0.9100771635167672,1.0
Grk4,0.11294121,19.946386,0.9100771635167672,1.0
Tarbp1,0.11294121,21.128973,0.9100771635167672,1.0
Smn1,0.11294121,20.742605,0.9100771635167672,1.0
Pou2af1,0.11294121,20.935059,0.9100771635167672,1.0
Fbxo47,0.11294121,19.650309,0.9100771635167672,1.0
Ier5l,0.11294121,21.544813,0.9100771635167672,1.0
Kbtbd6,0.11294121,21.153479,0.9100771635167672,1.0
Gstp2,0.11294121,20.48833,0.9100771635167672,1.0
Glis2,0.11294121,21.601646,0.9100771635167672,1.0
F10,0.11294121,21.610561,0.9100771635167672,1.0
Abcb1b,0.11294121,21.249456,0.9100771635167672,1.0
Fam71e1,0.11294121,21.24808,0.9100771635167672,1.0
Zfp874b,0.11294121,21.178814,0.9100771635167672,1.0
Slc23a4,0.11294121,20.671038,0.9100771635167672,1.0
Lmcd1,0.11294121,20.046453,0.9100771635167672,1.0
Nudt17,0.11294121,20.30834,0.9100771635167672,1.0
Npff,0.11294121,21.165722,0.9100771635167672,1.0
Bnipl,0.11294121,19.777412,0.9100771635167672,1.0
Chst8,0.11294121,19.903875,0.9100771635167672,1.0
Cstad,0.11294121,21.599903,0.9100771635167672,1.0
Tgtp1,0.11294121,21.327753,0.9100771635167672,1.0
Ttbk1,0.11294121,21.551361,0.9100771635167672,1.0
Cd200r2,0.11294121,21.18391,0.9100771635167672,1.0
Il1b,0.11294121,22.090816,0.9100771635167672,1.0
Rragb,0.11294121,21.420654,0.9100771635167672,1.0
Gabrd,0.11294121,20.679066,0.9100771635167672,1.0
Cd209a,0.11294121,21.32274,0.9100771635167672,1.0
Cpe,0.11294121,20.341087,0.9100771635167672,1.0
Tcea2,0.11294121,21.504213,0.9100771635167672,1.0
Sit1,0.11290386,1.2951732,0.9101067737455265,1.0
Fancd2,0.11290386,0.7699751,0.9101067737455265,1.0
Gata2,0.11290386,0.3979008,0.9101067737455265,1.0
Pid1,0.11290386,0.94711757,0.9101067737455265,1.0
Ugt2b35,0.11290386,-0.17469776,0.9101067737455265,1.0
P4ha2,0.11290386,0.2171318,0.9101067737455265,1.0
Npl,0.11290386,0.988192,0.9101067737455265,1.0
Opn3,0.11290386,-0.1420022,0.9101067737455265,1.0
BC030867,0.11290386,0.9415511,0.9101067737455265,1.0
Steap1,0.11286651,0.057472255,0.9101363840991457,1.0
Ttl,0.11286651,0.075285316,0.9101363840991457,1.0
Tas1r3,0.11286651,0.18175857,0.9101363840991457,1.0
Slc11a1,0.11286651,0.884094,0.9101363840991457,1.0
Nphp1,0.11286651,-0.4089515,0.9101363840991457,1.0
Angptl6,0.11286651,-0.08736479,0.9101363840991457,1.0
BC025920,0.11286651,0.7186767,0.9101363840991457,1.0
Suv39h2,0.11282916,0.17798987,0.9101659945775835,1.0
Kif18b,0.11275447,0.077488825,0.9102252159087529,1.0
Rccd1,0.11275447,0.13334137,0.9102252159087529,1.0
Alox5,0.11275447,0.26133025,0.9102252159087529,1.0
Shcbp1,0.11267977,0.09501688,0.9102844377387085,1.0
Uhrf1,0.11260508,-0.036109403,0.910343660067124,1.0
Dlg4,0.11256773,0.25442392,0.9103732714181523,1.0
Hspa1a,0.11245568,-0.53594035,0.9104621062180298,1.0
Lrrc8e,0.11238099,-1.20671,0.9105213300398677,1.0
Dlgap5,0.1122316,-0.25954333,0.9106397791746819,1.0
Pld5,0.11211955,-1.4252381,0.910728617329254,1.0
Lrp4,0.112044856,-0.21706931,0.9107878433857195,1.0
Pclaf,0.111708716,-0.107689515,0.911054366769225,1.0
Lmo2,0.111596674,-0.18201417,0.9111432101225103,1.0
Znrd1as,0.111596674,-0.33011034,0.9111432101225103,1.0
Spry4,0.111559324,-1.1952366,0.9111728248205242,1.0
Zfp444,0.11144728,-0.21603258,0.9112616696547505,1.0
Sdsl,0.110326834,-0.97256833,0.9121501788333868,1.0
Zfp385a,0.11006539,-0.46990436,0.9123575134870567,1.0
Muc3a,0.1078992,-0.55068535,0.9140756573966822,1.0
Lrig1,0.1067414,-0.4549457,0.9149941409000165,1.0
C1qa,0.106367916,-0.7413299,0.915290450175251,1.0
Ccdc77,0.09962655,1.7719675,0.9206408164873912,1.0
Tbkbp1,0.09917837,2.3696039,0.9209966495995012,1.0
Glt1d1,0.099159695,0.4633748,0.9210114763229146,1.0
Mybl2,0.09914102,0.5251332,0.921026303073783,1.0
Rell2,0.09914102,2.3665762,0.921026303073783,1.0
Disc1,0.099103674,1.9619907,0.9210559566578641,1.0
Slc24a3,0.099084996,0.7993862,0.9210707834910667,1.0
Zfp867,0.099066325,2.7850008,0.9210856103517038,1.0
Haus5,0.099028975,1.4866494,0.9211152641552612,1.0
Clba1,0.099028975,0.3395909,0.9211152641552612,1.0
Bst1,0.098991625,1.6453357,0.9211449180684952,1.0
Slamf8,0.098991625,1.6936287,0.9211449180684952,1.0
Slc6a7,0.098972954,0.5247216,0.9211597450662281,1.0
B3gnt9,0.098954275,1.0381128,0.9211745720913649,1.0
D6Ertd527e,0.098954275,1.6960067,0.9211745720913649,1.0
Xndc1,0.098954275,1.4084779,0.9211745720913649,1.0
Msl3l2,0.09891693,1.2550533,0.9212042262238292,1.0
Ephb4,0.098898254,-0.75163126,0.9212190533311467,1.0
Ankrd24,0.09887958,1.8307266,0.9212338804658474,1.0
Tmem116,0.098860905,0.18872854,0.9212487076279264,1.0
Sema7a,0.098860905,0.48457837,0.9212487076279264,1.0
Ak8,0.09884223,1.1092683,0.9212635348173784,1.0
Pmel,0.09884223,0.70893896,0.9212635348173784,1.0
Vangl2,0.09882356,21.351456,0.9212783620341984,1.0
Lcn4,0.09882356,21.358757,0.9212783620341984,1.0
Ajuba,0.09882356,19.705849,0.9212783620341984,1.0
Vipr2,0.09882356,21.093452,0.9212783620341984,1.0
Tcrg-V5,0.09882356,21.164398,0.9212783620341984,1.0
Spo11,0.09882356,21.344881,0.9212783620341984,1.0
Pomc,0.09882356,20.69224,0.9212783620341984,1.0
Abcg5,0.09882356,19.782635,0.9212783620341984,1.0
Enpp3,0.09882356,20.203299,0.9212783620341984,1.0
Cnrip1,0.09882356,21.678959,0.9212783620341984,1.0
Tmeff2,0.09882356,19.033382,0.9212783620341984,1.0
Mrc1,0.09882356,20.463778,0.9212783620341984,1.0
Fam169b,0.09882356,21.311296,0.9212783620341984,1.0
Sfmbt2,0.09882356,21.08755,0.9212783620341984,1.0
Cks1b,0.09882356,20.604456,0.9212783620341984,1.0
Sema4f,0.09882356,21.375414,0.9212783620341984,1.0
Ccdc87,0.09882356,19.639719,0.9212783620341984,1.0
Pkd1,0.09882356,20.037632,0.9212783620341984,1.0
Slc7a11,0.09882356,20.351534,0.9212783620341984,1.0
Slc17a8,0.09882356,19.868048,0.9212783620341984,1.0
S1pr3,0.09882356,20.885061,0.9212783620341984,1.0
Ctnnd2,0.09882356,21.156948,0.9212783620341984,1.0
Fhad1,0.09882356,20.117266,0.9212783620341984,1.0
Majin,0.09882356,18.058,0.9212783620341984,1.0
Rgl1,0.09882356,21.099674,0.9212783620341984,1.0
Ptk7,0.09882356,20.387993,0.9212783620341984,1.0
Kcnc1,0.09882356,21.479786,0.9212783620341984,1.0
Cxcr5,0.09882356,20.711058,0.9212783620341984,1.0
Klra3,0.09882356,21.57581,0.9212783620341984,1.0
Adgrv1,0.09882356,20.83804,0.9212783620341984,1.0
Usp27x,0.09882356,20.629469,0.9212783620341984,1.0
Spon1,0.09882356,21.080202,0.9212783620341984,1.0
Slc29a2,0.09882356,19.988884,0.9212783620341984,1.0
Ttll7,0.09882356,19.400114,0.9212783620341984,1.0
Zfp937,0.09882356,20.52214,0.9212783620341984,1.0
Kcnh2,0.09882356,20.78308,0.9212783620341984,1.0
Myo3b,0.09882356,21.423807,0.9212783620341984,1.0
Cerkl,0.09882356,20.707737,0.9212783620341984,1.0
Gnmt,0.09882356,20.830776,0.9212783620341984,1.0
Fgl1,0.09882356,19.66149,0.9212783620341984,1.0
Zfp366,0.09882356,20.422266,0.9212783620341984,1.0
P2ry13,0.09882356,21.714363,0.9212783620341984,1.0
Ctxn1,0.09882356,20.688066,0.9212783620341984,1.0
Zpbp,0.09882356,21.423407,0.9212783620341984,1.0
Dapl1,0.09882356,21.366892,0.9212783620341984,1.0
Adam22,0.09882356,20.619108,0.9212783620341984,1.0
Hap1,0.09882356,20.73266,0.9212783620341984,1.0
Olfr920,0.09882356,19.56496,0.9212783620341984,1.0
Tnfrsf4,0.09882356,21.254309,0.9212783620341984,1.0
Mfsd2a,0.09882356,20.651644,0.9212783620341984,1.0
Fmo2,0.09882356,19.720373,0.9212783620341984,1.0
Tdrd1,0.09882356,19.556509,0.9212783620341984,1.0
Sec31b,0.09882356,20.820753,0.9212783620341984,1.0
Ly6k,0.09882356,21.285927,0.9212783620341984,1.0
Fbxl21,0.09882356,20.701075,0.9212783620341984,1.0
Arhgef4,0.09882356,21.396408,0.9212783620341984,1.0
Cd80,0.09880488,0.8609155,0.9212931892783812,1.0
H1fx,0.09880488,0.5791899,0.9212931892783812,1.0
Adat1,0.09880488,0.4471145,0.9212931892783812,1.0
Cdhr1,0.09880488,0.28486162,0.9212931892783812,1.0
Ms4a4a,0.09880488,0.9061984,0.9212931892783812,1.0
Mras,0.09880488,0.48440892,0.9212931892783812,1.0
Mad2l2,0.09878621,0.005034186,0.9213080165499218,1.0
Cep41,0.098767534,0.26782873,0.921322843848815,1.0
Apoc3,0.098767534,-0.23250206,0.921322843848815,1.0
Zfp354a,0.098767534,-0.5366755,0.921322843848815,1.0
Kazald1,0.098767534,-0.50221044,0.921322843848815,1.0
Mill2,0.098767534,0.413394,0.921322843848815,1.0
Pter,0.098767534,0.10114401,0.921322843848815,1.0
Cdiptos,0.098767534,-0.30024916,0.921322843848815,1.0
Fggy,0.098767534,-0.15225565,0.921322843848815,1.0
Rabl2,0.09869284,0.060974594,0.9213821533178111,1.0
Arnt2,0.09867416,-0.5596483,0.9213969807533906,1.0
Barx2,0.09863682,-0.32441488,0.9214266357065098,1.0
Nav2,0.09858079,-0.23585506,0.9214711183410131,1.0
Pbk,0.09856212,-0.9064203,0.921485945940447,1.0
Tlcd2,0.09833803,-0.6262093,0.9216638792608987,1.0
Asf1b,0.09833803,-0.07205673,0.9216638792608987,1.0
Kif24,0.09830068,-0.27426368,0.9216935351957621,1.0
Vstm5,0.09828201,-1.3522515,0.9217083632040257,1.0
Gen1,0.09826334,-0.5054672,0.9217231912395035,1.0
Pou2f2,0.09826334,-0.027872948,0.9217231912395035,1.0
Fancc,0.097665764,-0.6632223,0.9221977027133248,1.0
Gpx2,0.097535044,-0.6513339,0.9223015057957379,1.0
Rita1,0.097460344,-1.1278188,0.9223608224371526,1.0
Mlh3,0.09686278,-0.711982,0.922835371086594,1.0
Stra6l,0.09591039,-1.0784415,0.9235917397032277,1.0
Dglucy,0.095761,-0.9488021,0.9237103920471196,1.0
Trip13,0.09572365,-1.2940711,0.9237400553984227,1.0
Tat,0.08855278,-1.1352295,0.9294373353572893,1.0
Cd14,0.08717089,-0.8066078,0.930535673569074,1.0
Arsk,0.0858637,0.3887098,0.9315747639615249,1.0
Prpf40b,0.0854342,0.26220614,0.9319162049194922,1.0
Snai3,0.08541553,0.9631129,0.9319310504632032,1.0
Zfp518b,0.08534083,0.49448985,0.9319904328747911,1.0
Tfpi,0.08534083,0.7673645,0.9319904328747911,1.0
Trim13,0.085191436,0.34329262,0.9321091988332709,1.0
Lyz1,0.085079394,1.562102,0.9321982742942267,1.0
Banp,0.085079394,1.5261456,0.9321982742942267,1.0
Nfe2,0.085042045,3.0427303,0.9322279663032966,1.0
Zfp667,0.085004695,0.7123697,0.9322576584066737,1.0
Ska1,0.085004695,2.8144226,0.9322576584066737,1.0
Ggt1,0.085004695,0.880004,0.9322576584066737,1.0
Zfp94,0.084967345,1.9910805,0.9322873506043169,1.0
Zfat,0.084967345,1.119416,0.9322873506043169,1.0
Pde7b,0.084929995,2.5814881,0.9323170428961849,1.0
Zfp235,0.084929995,2.474972,0.9323170428961849,1.0
Rasgrp3,0.084929995,1.5710951,0.9323170428961849,1.0
Pcbp4,0.084929995,0.7439111,0.9323170428961849,1.0
Foxred2,0.0848553,1.2861267,0.9323764277624312,1.0
Gins1,0.0848553,0.073796295,0.9323764277624312,1.0
Espl1,0.08481795,1.0825899,0.9324061203367273,1.0
Mthfd2l,0.08481795,0.8736882,0.9324061203367273,1.0
Plxnb1,0.0847806,0.76677567,0.9324358130050837,1.0
Atp1a3,0.0847806,1.0917287,0.9324358130050837,1.0
Wdr34,0.0847806,0.37959146,0.9324358130050837,1.0
Hoxd13,0.0847806,1.1016318,0.9324358130050837,1.0
Kif12,0.084743254,0.15713795,0.9324655057674596,1.0
Atf7ip2,0.084743254,-0.004937845,0.9324655057674596,1.0
Arhgap6,0.084743254,0.4085121,0.9324655057674596,1.0
Mefv,0.08470591,20.794186,0.9324951986238136,1.0
Zfp296,0.08470591,20.931614,0.9324951986238136,1.0
Sfxn4,0.08470591,0.83650494,0.9324951986238136,1.0
Fbxl2,0.08470591,21.021387,0.9324951986238136,1.0
Sema4c,0.08470591,20.993618,0.9324951986238136,1.0
Papln,0.08470591,19.253307,0.9324951986238136,1.0
Atp1b2,0.08470591,20.684269,0.9324951986238136,1.0
Lce3f,0.08470591,18.40969,0.9324951986238136,1.0
Fam227a,0.08470591,20.358238,0.9324951986238136,1.0
Pvrig,0.08470591,21.258598,0.9324951986238136,1.0
Klhl3,0.08470591,20.748705,0.9324951986238136,1.0
Trem3,0.08470591,20.96685,0.9324951986238136,1.0
Igfbp6,0.08470591,21.006845,0.9324951986238136,1.0
Gzmm,0.08470591,20.531433,0.9324951986238136,1.0
Dennd2c,0.08470591,20.25017,0.9324951986238136,1.0
Macc1,0.08470591,20.402864,0.9324951986238136,1.0
Trbv23,0.08470591,21.641241,0.9324951986238136,1.0
BC024063,0.08470591,20.536617,0.9324951986238136,1.0
Slit2,0.08470591,18.881788,0.9324951986238136,1.0
F2rl2,0.08470591,20.97644,0.9324951986238136,1.0
Lrit3,0.08470591,20.022127,0.9324951986238136,1.0
Otub2,0.08470591,21.029903,0.9324951986238136,1.0
Adora3,0.08470591,20.393827,0.9324951986238136,1.0
Akap17b,0.08470591,0.85071903,0.9324951986238136,1.0
Slc25a43,0.08470591,21.045786,0.9324951986238136,1.0
Tal1,0.08470591,0.665565,0.9324951986238136,1.0
Pms2,0.08470591,21.266415,0.9324951986238136,1.0
Kcnu1,0.08470591,19.956228,0.9324951986238136,1.0
Cypt1,0.08470591,19.253574,0.9324951986238136,1.0
Fkbp1b,0.08470591,20.870958,0.9324951986238136,1.0
Zmynd15,0.08470591,21.018135,0.9324951986238136,1.0
Renbp,0.08470591,20.427711,0.9324951986238136,1.0
Troap,0.08470591,20.306137,0.9324951986238136,1.0
B3gnt8,0.08470591,20.821302,0.9324951986238136,1.0
Xkrx,0.08470591,20.605652,0.9324951986238136,1.0
Styx,0.08470591,19.068531,0.9324951986238136,1.0
Plod2,0.08470591,19.419283,0.9324951986238136,1.0
Morc4,0.08470591,19.54725,0.9324951986238136,1.0
Wnt5b,0.08470591,21.258615,0.9324951986238136,1.0
Nhsl2,0.08470591,20.69681,0.9324951986238136,1.0
Glp1r,0.08470591,19.99732,0.9324951986238136,1.0
Atl1,0.08470591,19.730688,0.9324951986238136,1.0
Zfp850,0.08470591,20.322529,0.9324951986238136,1.0
Rtl5,0.08470591,20.401714,0.9324951986238136,1.0
Smim38,0.08470591,20.925873,0.9324951986238136,1.0
Arl11,0.08470591,20.70668,0.9324951986238136,1.0
Smim10l2a,0.08470591,21.245708,0.9324951986238136,1.0
Castor1,0.08470591,21.240862,0.9324951986238136,1.0
March4,0.08470591,20.16015,0.9324951986238136,1.0
Srpx2,0.08470591,19.635162,0.9324951986238136,1.0
Limch1,0.08470591,18.244566,0.9324951986238136,1.0
Gpx7,0.08470591,20.476526,0.9324951986238136,1.0
Wdr86,0.08470591,20.89786,0.9324951986238136,1.0
Clec4a2,0.08470591,20.769526,0.9324951986238136,1.0
Elfn2,0.08470591,19.918812,0.9324951986238136,1.0
Gnb5,0.08470591,-0.8262019,0.9324951986238136,1.0
Tmem17,0.08470591,19.624706,0.9324951986238136,1.0
Depp1,0.08470591,20.46687,0.9324951986238136,1.0
Cpne7,0.08470591,21.117073,0.9324951986238136,1.0
Ccdc157,0.08470591,0.64418787,0.9324951986238136,1.0
Fbxl22,0.08470591,19.93562,0.9324951986238136,1.0
Hif3a,0.08470591,0.2087142,0.9324951986238136,1.0
Hmgn3,0.08470591,20.714443,0.9324951986238136,1.0
Evi2b,0.08470591,21.114454,0.9324951986238136,1.0
Chil6,0.08470591,-0.1864699,0.9324951986238136,1.0
Tcrg-V6,0.08470591,21.294071,0.9324951986238136,1.0
Gad2,0.08470591,20.000597,0.9324951986238136,1.0
Cenpu,0.08470591,-0.095530346,0.9324951986238136,1.0
Slc16a11,0.08470591,20.327034,0.9324951986238136,1.0
Slc5a4b,0.08470591,20.269188,0.9324951986238136,1.0
Klk1b4,0.08470591,20.421082,0.9324951986238136,1.0
Sdr16c6,0.08470591,19.90639,0.9324951986238136,1.0
Acot5,0.08470591,19.649153,0.9324951986238136,1.0
Xkr4,0.08470591,20.54273,0.9324951986238136,1.0
Nrap,0.08470591,-0.063531704,0.9324951986238136,1.0
Tubg2,0.08470591,20.30657,0.9324951986238136,1.0
Gfra3,0.08470591,20.975977,0.9324951986238136,1.0
Eme1,0.08470591,20.903658,0.9324951986238136,1.0
Gng13,0.08470591,20.162413,0.9324951986238136,1.0
Apoc1,0.08470591,19.384306,0.9324951986238136,1.0
Prox1,0.08470591,19.992273,0.9324951986238136,1.0
Hist4h4,0.08470591,20.495678,0.9324951986238136,1.0
Map3k12,0.08470591,20.457035,0.9324951986238136,1.0
Nrip3,0.08470591,18.208368,0.9324951986238136,1.0
Ccdc160,0.08470591,20.03722,0.9324951986238136,1.0
Lysmd1,0.08470591,19.29814,0.9324951986238136,1.0
Fcer2a,0.08466856,0.07462667,0.9325248915741047,1.0
Bcl2l15,0.08466856,0.10461265,0.9325248915741047,1.0
Kntc1,0.08466856,0.18915148,0.9325248915741047,1.0
Fcna,0.08466856,-0.08075064,0.9325248915741047,1.0
Zfp428,0.08466856,0.28602776,0.9325248915741047,1.0
Hacd2,0.08466856,-0.19297343,0.9325248915741047,1.0
Zfp729a,0.08466856,0.27745417,0.9325248915741047,1.0
Zfp820,0.08466856,-0.12710895,0.9325248915741047,1.0
Itgb3,0.08466856,0.7367589,0.9325248915741047,1.0
Metrn,0.08463121,0.12532628,0.9325545846182917,1.0
Eri2,0.08463121,0.043398216,0.9325545846182917,1.0
BC055324,0.08463121,0.0143394675,0.9325545846182917,1.0
Wdr53,0.08459386,-0.2388352,0.9325842777563335,1.0
Zfp629,0.08459386,-0.27656716,0.9325842777563335,1.0
Klhl8,0.08455651,-0.21871641,0.9326139709881891,1.0
Zfp692,0.08444447,-0.36645186,0.9327030512462268,1.0
Nrgn,0.08440712,-0.042005543,0.9327327448529259,1.0
Ifi205,0.08440712,-0.13279043,0.9327327448529259,1.0
Ptpro,0.08436977,-0.05931181,0.9327624385532332,1.0
Ung,0.08433243,-0.4331509,0.9327921323471073,1.0
Adamts18,0.08425773,-0.5149979,0.9328515202153922,1.0
Tspan6,0.08414569,-0.98701227,0.9329406027185435,1.0
Gamt,0.08414569,-0.535767,0.9329406027185435,1.0
Fgf1,0.08407099,-0.37794223,0.9329999915206473,1.0
Mitf,0.083958946,-0.39562744,0.9330890754229849,1.0
Abcb9,0.083734855,-0.39273706,0.9332672457406428,1.0
Incenp,0.083697505,-0.2221213,0.933296941118863,1.0
Mmp28,0.08339872,-1.0777816,0.9335345074829289,1.0
Zfp608,0.08293186,-0.3317618,0.9339057167701293,1.0
Irgq,0.081904784,-0.48079818,0.9347224276796811,1.0
Afm,0.08056025,-1.1536983,0.9357916802171327,1.0
St3gal4,0.08048555,-0.5666431,0.9358510865496752,1.0
Srgap1,0.07990666,-0.861113,0.9363114977114284,1.0
Rnf150,0.07869283,-1.0315318,0.9372769449186749,1.0
Rtkn,0.07831935,-0.47328413,0.9375740242171678,1.0
Sdc4,0.07747901,-0.58744353,0.9382424843487469,1.0
Ppil3,0.076638676,-0.398324,0.9389109880041343,1.0
Runx1,0.07579834,-0.68186915,0.9395795347140592,1.0
Mansc1,0.074958004,-0.6665196,0.9402481240091598,1.0
Ldhb,0.0712792,0.31761137,0.9431755489031413,1.0
Snx10,0.07118583,0.2104114,0.9432498591841325,1.0
Dnal1,0.071073785,1.37557,0.9433390321732366,1.0
Cenpf,0.070924394,-0.21330279,0.9434579305964925,1.0
Eomes,0.070924394,1.0314204,0.9434579305964925,1.0
Tgfbr3,0.070905715,2.172438,0.943472792988034,1.0
Zfp994,0.070887044,0.28693828,0.9434876553992547,1.0
Wdr25,0.070887044,0.81067646,0.9434876553992547,1.0
Hey1,0.070868365,2.5900307,0.9435025178301497,1.0
Pcnx4,0.070849694,0.032263204,0.9435173802807137,1.0
Tpst1,0.07083102,1.32747,0.9435322427509417,1.0
Cc2d2a,0.07083102,0.40613416,0.9435322427509417,1.0
Fancb,0.070774995,0.37980732,0.9435768302795573,1.0
Ppic,0.07075632,1.27849,0.9435916928283892,1.0
Strip2,0.07073765,0.80310017,0.9436065553968592,1.0
Cyp11a1,0.07073765,0.51875305,0.9436065553968592,1.0
Gnat3,0.070718974,1.3368454,0.9436214179849621,1.0
Depdc1a,0.070718974,1.062093,0.9436214179849621,1.0
Doc2g,0.070718974,0.88523525,0.9436214179849621,1.0
Cand2,0.070718974,1.3534764,0.9436214179849621,1.0
Hlf,0.070718974,1.2869319,0.9436214179849621,1.0
Fam149a,0.0707003,-0.017913654,0.9436362805926929,1.0
Thpo,0.070681624,1.5772508,0.9436511432200463,1.0
Dkkl1,0.070681624,1.0021844,0.9436511432200463,1.0
Ndc80,0.07066295,0.38679755,0.9436660058670171,1.0
Mxd3,0.07064428,0.95317054,0.9436808685336002,1.0
Acer2,0.07064428,-0.2155556,0.9436808685336002,1.0
Jazf1,0.07064428,0.5603798,0.9436808685336002,1.0
Ccr8,0.07064428,0.8433513,0.9436808685336002,1.0
Gp1bb,0.07060693,-0.26706523,0.9437105939255829,1.0
Ptpdc1,0.07060693,0.8426976,0.9437105939255829,1.0
H2-DMb1,0.07060693,0.7441572,0.9437105939255829,1.0
Pbp2,0.07060693,0.06521244,0.9437105939255829,1.0
Fam161b,0.07060693,-0.081259236,0.9437105939255829,1.0
F13a1,0.07060693,0.49109066,0.9437105939255829,1.0
Tdrd12,0.07060693,0.14837089,0.9437105939255829,1.0
Rab11fip5,0.07060693,0.47700548,0.9437105939255829,1.0
Trim9,0.07058825,19.786028,0.9437254566509721,1.0
Wfikkn1,0.07058825,20.1074,0.9437254566509721,1.0
Ppp1r1c,0.07058825,19.707518,0.9437254566509721,1.0
Tmem163,0.07058825,20.903563,0.9437254566509721,1.0
Klc3,0.07058825,20.228107,0.9437254566509721,1.0
P2rx3,0.07058825,18.613838,0.9437254566509721,1.0
Syt16,0.07058825,18.188658,0.9437254566509721,1.0
Gnaz,0.07058825,19.994204,0.9437254566509721,1.0
Zfp112,0.07058825,19.7561,0.9437254566509721,1.0
Zfp108,0.07058825,19.034863,0.9437254566509721,1.0
Trim47,0.07058825,20.294386,0.9437254566509721,1.0
Zc3h12b,0.07058825,20.878775,0.9437254566509721,1.0
Dnajc6,0.07058825,20.886206,0.9437254566509721,1.0
Noxred1,0.07058825,19.7046,0.9437254566509721,1.0
Apoa4,0.07058825,20.752098,0.9437254566509721,1.0
Map7d3,0.07058825,20.973104,0.9437254566509721,1.0
Htra3,0.07058825,20.728874,0.9437254566509721,1.0
Sox5,0.07058825,21.108938,0.9437254566509721,1.0
Drc3,0.07058825,17.932781,0.9437254566509721,1.0
Thsd1,0.07058825,20.748043,0.9437254566509721,1.0
Zmat4,0.07058825,19.539341,0.9437254566509721,1.0
Cend1,0.07058825,18.784794,0.9437254566509721,1.0
Sh3bgr,0.07058825,19.520157,0.9437254566509721,1.0
Ccdc74a,0.07058825,18.903898,0.9437254566509721,1.0
Map1b,0.07058825,19.224796,0.9437254566509721,1.0
Il6,0.07058825,20.43426,0.9437254566509721,1.0
Casr,0.07058825,19.716007,0.9437254566509721,1.0
Zcwpw2,0.07058825,20.628338,0.9437254566509721,1.0
Hspb1,0.07058825,20.092628,0.9437254566509721,1.0
Prkab2,0.07058825,19.858421,0.9437254566509721,1.0
Itgb8,0.07058825,20.856596,0.9437254566509721,1.0
Kcnk7,0.07058825,19.408234,0.9437254566509721,1.0
Eef1akmt3,0.07058825,19.735052,0.9437254566509721,1.0
Ceacam12,0.07058825,19.572464,0.9437254566509721,1.0
Ankrd6,0.07058825,20.347082,0.9437254566509721,1.0
St3gal2,0.07058825,20.772636,0.9437254566509721,1.0
Sptb,0.07058825,20.996523,0.9437254566509721,1.0
Klhl35,0.07058825,18.665522,0.9437254566509721,1.0
Zfp248,0.07058825,20.973131,0.9437254566509721,1.0
Bcl2a1d,0.07058825,20.93181,0.9437254566509721,1.0
Arntl2,0.07058825,19.92229,0.9437254566509721,1.0
Saxo2,0.07058825,19.119726,0.9437254566509721,1.0
Nat8,0.07058825,20.0156,0.9437254566509721,1.0
Nat8f5,0.07058825,18.671333,0.9437254566509721,1.0
Arhgef9,0.07058825,20.27208,0.9437254566509721,1.0
Cct6b,0.07058825,19.98902,0.9437254566509721,1.0
Cpn2,0.07058825,19.723959,0.9437254566509721,1.0
St8sia6,0.07058825,20.454863,0.9437254566509721,1.0
Reep2,0.07058825,20.711206,0.9437254566509721,1.0
P4htm,0.07058825,20.651627,0.9437254566509721,1.0
Cd3eap,0.07058825,19.831991,0.9437254566509721,1.0
Skida1,0.07058825,18.15821,0.9437254566509721,1.0
Fam71f1,0.07058825,19.04611,0.9437254566509721,1.0
Pcdhga11,0.07058825,19.285559,0.9437254566509721,1.0
Npb,0.07058825,19.15973,0.9437254566509721,1.0
Fam228b,0.07058825,20.707424,0.9437254566509721,1.0
Tubb6,0.07058825,20.441677,0.9437254566509721,1.0
Zfp354c,0.07058825,20.684435,0.9437254566509721,1.0
Pigz,0.07058825,18.825289,0.9437254566509721,1.0
P3h1,0.07058825,20.518475,0.9437254566509721,1.0
Fcgr4,0.07058825,20.584753,0.9437254566509721,1.0
Zfp128,0.07058825,20.427485,0.9437254566509721,1.0
Sall2,0.07058825,20.827211,0.9437254566509721,1.0
Fgfr1,0.07058825,20.448162,0.9437254566509721,1.0
Msantd3,0.07058825,19.239346,0.9437254566509721,1.0
Mmp11,0.07058825,20.940392,0.9437254566509721,1.0
Pax5,0.07058825,20.582981,0.9437254566509721,1.0
Plcxd1,0.07058825,20.87275,0.9437254566509721,1.0
Zfp974,0.07058825,19.137566,0.9437254566509721,1.0
Pcdhga9,0.07058825,19.900318,0.9437254566509721,1.0
Olfr165,0.07058825,19.760239,0.9437254566509721,1.0
Ifng,0.07058825,20.791386,0.9437254566509721,1.0
Kbtbd3,0.07058825,21.028214,0.9437254566509721,1.0
Pcdhga7,0.07058825,20.046719,0.9437254566509721,1.0
Cbx8,0.07058825,20.720297,0.9437254566509721,1.0
Rnf133,0.07058825,20.384115,0.9437254566509721,1.0
Trim30b,0.07058825,20.858437,0.9437254566509721,1.0
Spink13,0.07058825,20.867437,0.9437254566509721,1.0
Tmem8b,0.07058825,20.034819,0.9437254566509721,1.0
Il34,0.07058825,19.430695,0.9437254566509721,1.0
Armc2,0.07058825,20.932919,0.9437254566509721,1.0
Plxdc1,0.07058825,20.803148,0.9437254566509721,1.0
Zfp13,0.07058825,19.47898,0.9437254566509721,1.0
Zfp947,0.07058825,20.091085,0.9437254566509721,1.0
Lor,0.07058825,19.44141,0.9437254566509721,1.0
Celf3,0.07058825,18.417109,0.9437254566509721,1.0
Dlgap1,0.07058825,20.081957,0.9437254566509721,1.0
Dzip1l,0.07058825,19.693184,0.9437254566509721,1.0
Mef2b,0.07058825,20.974485,0.9437254566509721,1.0
Ckm,0.07058825,20.9289,0.9437254566509721,1.0
Apba1,0.07058825,20.47474,0.9437254566509721,1.0
Car5b,0.07058825,20.038128,0.9437254566509721,1.0
Tmprss12,0.07056958,-0.87407863,0.9437403193959529,1.0
Resp18,0.07056958,-0.735204,0.9437403193959529,1.0
Nmral1,0.07056958,-0.04625228,0.9437403193959529,1.0
Sis,0.07056958,-0.46734053,0.9437403193959529,1.0
Prr16,0.07056958,-1.024314,0.9437403193959529,1.0
Kcnc3,0.07056958,-0.46444967,0.9437403193959529,1.0
Rragd,0.07056958,0.69243646,0.9437403193959529,1.0
Tnfrsf13c,0.07056958,0.19789994,0.9437403193959529,1.0
Piwil4,0.07056958,-0.6900914,0.9437403193959529,1.0
Ltbp3,0.07056958,-0.964192,0.9437403193959529,1.0
Pnliprp2,0.07056958,-0.34130967,0.9437403193959529,1.0
Tm4sf4,0.07055091,-0.22052494,0.9437551821605203,1.0
Defa21,0.07053223,-0.32642728,0.9437700449446691,1.0
Prdm1,0.07051356,-0.55739504,0.9437849077483941,1.0
Gbp3,0.07049488,-0.08103391,0.9437997705716901,1.0
Sun3,0.07047621,-0.5300422,0.9438146334145521,1.0
Kynu,0.07047621,0.045578904,0.9438146334145521,1.0
Runx2,0.07047621,0.107326634,0.9438146334145521,1.0
Arhgap24,0.07043886,-0.3344536,0.943844359158953,1.0
Fgfr4,0.07043886,-1.1994427,0.943844359158953,1.0
Fads1,0.07042019,-0.10394019,0.9438592220604817,1.0
Spag5,0.07040151,-0.32993665,0.9438740849815557,1.0
Wdr19,0.07040151,-0.31175083,0.9438740849815557,1.0
Mylpf,0.07032682,-0.11268885,0.9439335368612012,1.0
Zfp61,0.07023345,-0.76986563,0.9440078521499078,1.0
Arhgap29,0.07023345,-0.88591707,0.9440078521499078,1.0
Omp,0.0701961,-1.4092209,0.9440375784018824,1.0
Hoxa6,0.0701214,-0.49429753,0.944097031139591,1.0
Bend7,0.06995334,-1.392874,0.9442308009375034,1.0
Ttll9,0.06991599,-1.1129411,0.9442605277729739,1.0
Angel1,0.06982262,-0.6271051,0.9443348452011648,1.0
Map10,0.069579855,-1.2704793,0.9445280727803386,1.0
Slc9a3r2,0.06898228,-1.179118,0.9450037237802658,1.0
Cpne2,0.06784316,-0.9666822,0.9459104876709868,1.0
Sdc1,0.060242783,-0.56662124,0.9519622722206255,1.0
Qrsl1,0.0598693,-0.8919565,0.9522597315003546,1.0
Prr5l,0.059253052,0.43604773,0.95275055383375,1.0
Maged2,0.057591055,0.08467439,0.9540743756186466,1.0
Arl6,0.057329617,1.2161744,0.9542826288752212,1.0
Cep76,0.057142876,0.44709948,0.9544313831132052,1.0
Rpgrip1l,0.056974806,0.5887695,0.9545652632847277,1.0
Hist1h3c,0.056881435,0.9397862,0.9546396417119829,1.0
Slx1b,0.056881435,1.7188783,0.9546396417119829,1.0
Tanc2,0.056769393,0.36868572,0.9547288963460712,1.0
Ska3,0.056732044,2.3459294,0.9547586480169836,1.0
Rasl11b,0.056732044,0.65002453,0.9547586480169836,1.0
Usp35,0.056732044,3.0056682,0.9547586480169836,1.0
Hist2h4,0.056694694,2.6724653,0.9547883997509352,1.0
Rad51b,0.056694694,1.9040923,0.9547883997509352,1.0
Spdl1,0.056657348,0.04084226,0.9548181515478847,1.0
Fxn,0.056657348,-0.32497132,0.9548181515478847,1.0
Bag2,0.056657348,1.1077851,0.9548181515478847,1.0
Pcdhgb4,0.056657348,1.355362,0.9548181515478847,1.0
Sgo1,0.056657348,0.1863147,0.9548181515478847,1.0
Depdc7,0.056619998,1.1560451,0.9548479034077908,1.0
Cenph,0.056619998,0.15982375,0.9548479034077908,1.0
Tcte2,0.056619998,1.5134597,0.9548479034077908,1.0
Il1rl1,0.056619998,0.11527608,0.9548479034077908,1.0
Eif5a2,0.056619998,0.9607332,0.9548479034077908,1.0
Zfp14,0.056619998,0.8856382,0.9548479034077908,1.0
Adcy2,0.056619998,1.4804283,0.9548479034077908,1.0
Cdk20,0.056582652,0.6673915,0.954877655330612,1.0
Cspg5,0.056582652,0.30980515,0.954877655330612,1.0
Efcab11,0.056582652,0.6445631,0.954877655330612,1.0
Pde1c,0.056582652,0.48620418,0.954877655330612,1.0
Zfr2,0.056582652,0.46021238,0.954877655330612,1.0
Gcsam,0.056545302,0.90841734,0.9549074073163069,1.0
Dnajb13,0.056545302,0.68838274,0.9549074073163069,1.0
Zc4h2,0.056545302,0.6801888,0.9549074073163069,1.0
Depdc1b,0.056545302,0.5987941,0.9549074073163069,1.0
Polrmt,0.056507953,-0.23045188,0.9549371593648341,1.0
Mcpt4,0.056507953,0.24721359,0.9549371593648341,1.0
Asxl3,0.056507953,0.1298331,0.9549371593648341,1.0
Angpt1,0.056507953,-0.01754793,0.9549371593648341,1.0
Man1c1,0.056507953,0.50239176,0.9549371593648341,1.0
Afp,0.056470606,20.209633,0.9549669114761524,1.0
S100a8,0.056470606,21.872587,0.9549669114761524,1.0
Cib2,0.056470606,19.867876,0.9549669114761524,1.0
Proz,0.056470606,19.435751,0.9549669114761524,1.0
Sh2d5,0.056470606,20.337198,0.9549669114761524,1.0
Ager,0.056470606,19.953852,0.9549669114761524,1.0
S100a9,0.056470606,22.276411,0.9549669114761524,1.0
Ppp1r1a,0.056470606,20.624535,0.9549669114761524,1.0
Efcab12,0.056470606,20.441809,0.9549669114761524,1.0
Zcchc3,0.056470606,20.062601,0.9549669114761524,1.0
Gpm6b,0.056470606,20.585426,0.9549669114761524,1.0
Trib3,0.056470606,19.908245,0.9549669114761524,1.0
Sox12,0.056470606,19.783827,0.9549669114761524,1.0
Chadl,0.056470606,19.872135,0.9549669114761524,1.0
Zpbp2,0.056470606,19.627415,0.9549669114761524,1.0
Tns1,0.056470606,20.708366,0.9549669114761524,1.0
Art3,0.056470606,19.799055,0.9549669114761524,1.0
Nanos3,0.056470606,20.432116,0.9549669114761524,1.0
Oscp1,0.056470606,0.14254285,0.9549669114761524,1.0
Tmsb15b1,0.056470606,20.258892,0.9549669114761524,1.0
Cpvl,0.056470606,19.952196,0.9549669114761524,1.0
Arhgap22,0.056470606,20.02185,0.9549669114761524,1.0
Ogdhl,0.056470606,19.734087,0.9549669114761524,1.0
Lypd6,0.056470606,17.814442,0.9549669114761524,1.0
Axdnd1,0.056470606,18.403936,0.9549669114761524,1.0
Fcrla,0.056470606,20.771793,0.9549669114761524,1.0
Pcp4l1,0.056470606,18.892864,0.9549669114761524,1.0
Tmem95,0.056470606,19.148745,0.9549669114761524,1.0
Pira2,0.056470606,20.448841,0.9549669114761524,1.0
Star,0.056470606,19.712654,0.9549669114761524,1.0
Dnm3,0.056470606,20.78146,0.9549669114761524,1.0
Lmx1a,0.056470606,17.324059,0.9549669114761524,1.0
Ubox5,0.056470606,20.363894,0.9549669114761524,1.0
Zfp85,0.056470606,19.357439,0.9549669114761524,1.0
Fat2,0.056470606,20.485746,0.9549669114761524,1.0
Sh3gl3,0.056470606,20.600569,0.9549669114761524,1.0
Trip6,0.056470606,20.350266,0.9549669114761524,1.0
Apcdd1,0.056470606,20.199717,0.9549669114761524,1.0
Lyve1,0.056470606,18.07172,0.9549669114761524,1.0
Itprip,0.056470606,0.58458936,0.9549669114761524,1.0
Nefm,0.056470606,19.415127,0.9549669114761524,1.0
Olfr1444,0.056470606,19.892195,0.9549669114761524,1.0
Ctla4,0.056470606,19.664467,0.9549669114761524,1.0
Carf,0.056470606,20.280338,0.9549669114761524,1.0
Ltb4r1,0.056470606,19.096886,0.9549669114761524,1.0
Sorbs3,0.056470606,19.04785,0.9549669114761524,1.0
Ttc41,0.056470606,19.941711,0.9549669114761524,1.0
Il4,0.056470606,20.64125,0.9549669114761524,1.0
Wfdc3,0.056470606,18.104662,0.9549669114761524,1.0
Bex4,0.056470606,19.599949,0.9549669114761524,1.0
Parvb,0.056470606,19.815115,0.9549669114761524,1.0
Phf21b,0.056470606,20.079884,0.9549669114761524,1.0
Pi16,0.056470606,20.23271,0.9549669114761524,1.0
Wdr66,0.056470606,20.03175,0.9549669114761524,1.0
Dram1,0.056470606,20.244852,0.9549669114761524,1.0
Ttc21a,0.056470606,17.729343,0.9549669114761524,1.0
Alkal2,0.056470606,18.036201,0.9549669114761524,1.0
Rem2,0.056470606,19.789642,0.9549669114761524,1.0
C8g,0.056470606,19.000008,0.9549669114761524,1.0
Cavin1,0.056470606,20.0444,0.9549669114761524,1.0
Dusp14,0.056470606,18.067106,0.9549669114761524,1.0
Lipc,0.056470606,19.42842,0.9549669114761524,1.0
Trabd2b,0.056470606,19.411177,0.9549669114761524,1.0
Klhl4,0.056470606,20.548864,0.9549669114761524,1.0
Nudt11,0.056470606,19.140787,0.9549669114761524,1.0
Paox,0.056470606,19.993,0.9549669114761524,1.0
Esam,0.056470606,19.479809,0.9549669114761524,1.0
Cfap45,0.056470606,20.00735,0.9549669114761524,1.0
Trim46,0.056470606,20.482811,0.9549669114761524,1.0
Mnd1,0.056470606,17.571302,0.9549669114761524,1.0
Hist1h3a,0.056470606,-1.3160453,0.9549669114761524,1.0
Zfp383,0.056470606,19.012167,0.9549669114761524,1.0
Scimp,0.056470606,20.283533,0.9549669114761524,1.0
Upk3a,0.056470606,18.15143,0.9549669114761524,1.0
Cdr2l,0.056470606,19.740406,0.9549669114761524,1.0
Ptprb,0.056470606,19.494488,0.9549669114761524,1.0
Tubb3,0.056470606,20.445396,0.9549669114761524,1.0
Kbtbd13,0.056470606,18.353806,0.9549669114761524,1.0
Scml2,0.056470606,19.76959,0.9549669114761524,1.0
Ccdc141,0.056470606,19.004171,0.9549669114761524,1.0
Gpr135,0.056470606,18.896763,0.9549669114761524,1.0
Esr1,0.056470606,20.52168,0.9549669114761524,1.0
Tmem233,0.056470606,19.847204,0.9549669114761524,1.0
Clu,0.056470606,18.580315,0.9549669114761524,1.0
Fads6,0.056470606,20.104174,0.9549669114761524,1.0
Cd300lb,0.056470606,0.3251831,0.9549669114761524,1.0
Peli3,0.056470606,19.637959,0.9549669114761524,1.0
Ighg2b,0.056470606,20.277739,0.9549669114761524,1.0
Crtac1,0.056470606,18.504257,0.9549669114761524,1.0
Nyx,0.056470606,17.89861,0.9549669114761524,1.0
Ripply3,0.056470606,20.141975,0.9549669114761524,1.0
Rasgef1a,0.056470606,20.308525,0.9549669114761524,1.0
Islr2,0.056470606,19.539902,0.9549669114761524,1.0
Srsf12,0.056470606,20.777035,0.9549669114761524,1.0
Col11a2,0.056470606,20.03226,0.9549669114761524,1.0
Nap1l3,0.056470606,19.775398,0.9549669114761524,1.0
Foxp3,0.056470606,20.31871,0.9549669114761524,1.0
Zfp185,0.056470606,19.163834,0.9549669114761524,1.0
Adamtsl1,0.056470606,19.795023,0.9549669114761524,1.0
Kctd12b,0.056470606,20.619299,0.9549669114761524,1.0
Hamp2,0.056470606,19.950106,0.9549669114761524,1.0
Fam81b,0.056470606,19.50712,0.9549669114761524,1.0
Cybrd1,0.056470606,20.42734,0.9549669114761524,1.0
Vcam1,0.056470606,19.788534,0.9549669114761524,1.0
Zfp184,0.056470606,19.116446,0.9549669114761524,1.0
Dmxl2,0.056470606,19.02568,0.9549669114761524,1.0
Adgrl2,0.056470606,-0.27493203,0.9549669114761524,1.0
Nlrp3,0.056470606,20.05218,0.9549669114761524,1.0
BC049715,0.056470606,19.574196,0.9549669114761524,1.0
Itga10,0.056470606,19.714798,0.9549669114761524,1.0
Rbbp8nl,0.056470606,19.18506,0.9549669114761524,1.0
Scg3,0.056470606,19.239828,0.9549669114761524,1.0
Zyg11a,0.056470606,18.588083,0.9549669114761524,1.0
Zfp697,0.056470606,19.123978,0.9549669114761524,1.0
Efcab7,0.056470606,20.602331,0.9549669114761524,1.0
Catsper4,0.056470606,19.144156,0.9549669114761524,1.0
Cdc25c,0.056470606,-0.697227,0.9549669114761524,1.0
Hrh4,0.056470606,20.34571,0.9549669114761524,1.0
Fam131a,0.056470606,20.294014,0.9549669114761524,1.0
Slc38a3,0.056470606,19.401506,0.9549669114761524,1.0
Etv1,0.056470606,20.686668,0.9549669114761524,1.0
Kif14,0.056470606,-1.2890207,0.9549669114761524,1.0
Pcyt1b,0.056470606,20.02608,0.9549669114761524,1.0
Adamtsl4,0.056470606,18.119987,0.9549669114761524,1.0
Bhlha15,0.056470606,-1.2298439,0.9549669114761524,1.0
Hcn3,0.056470606,20.61742,0.9549669114761524,1.0
Tmprss13,0.056470606,19.517849,0.9549669114761524,1.0
Kcnab3,0.056470606,-0.4488083,0.9549669114761524,1.0
Hnmt,0.056470606,19.14426,0.9549669114761524,1.0
Sphk1,0.056470606,18.47583,0.9549669114761524,1.0
Afap1l2,0.056470606,19.909805,0.9549669114761524,1.0
Rcor2,0.056470606,19.949602,0.9549669114761524,1.0
Gapt,0.056470606,20.036034,0.9549669114761524,1.0
Pnck,0.056470606,19.67234,0.9549669114761524,1.0
Ntrk3,0.056470606,20.750257,0.9549669114761524,1.0
Tnfsf11,0.056470606,20.261099,0.9549669114761524,1.0
Apbb1,0.056470606,19.431278,0.9549669114761524,1.0
Serpina3f,0.056470606,20.42799,0.9549669114761524,1.0
Kif9,0.056470606,-0.40155283,0.9549669114761524,1.0
Mex3a,0.056470606,20.31496,0.9549669114761524,1.0
Slc6a19,0.056470606,19.228315,0.9549669114761524,1.0
Tmod4,0.056470606,18.3984,0.9549669114761524,1.0
Sema6c,0.056470606,20.560585,0.9549669114761524,1.0
Exo1,0.056433257,-0.046232738,0.9549966636502204,1.0
Col8a1,0.056433257,-0.5525762,0.9549966636502204,1.0
Plcxd3,0.056433257,-0.13792615,0.9549966636502204,1.0
Cenpe,0.056433257,-0.15923777,0.9549966636502204,1.0
Nsl1,0.05639591,-0.57555926,0.9550264158869968,1.0
Cd300c2,0.05639591,0.0941345,0.9550264158869968,1.0
Ttc8,0.05635856,-0.5749342,0.9550561681864399,1.0
Susd1,0.05632121,-0.24080496,0.9550859205485086,1.0
Cchcr1,0.05632121,-0.79421145,0.9550859205485086,1.0
Clspn,0.056246515,-0.36596242,0.9551454254603573,1.0
Ttll6,0.05620917,-0.9577215,0.9551751780100545,1.0
Slc22a15,0.056097124,-0.4751765,0.9552644360337408,1.0
Ceacam18,0.056059774,-0.61970353,0.9552941888330301,1.0
Ly86,0.05598508,-0.23891008,0.9553536946184509,1.0
Wdpcp,0.05598508,-0.98746324,0.9553536946184509,1.0
Asb4,0.055873033,-0.79524237,0.9554429537630674,1.0
Cep44,0.055854358,-0.18563944,0.9554578303415271,1.0
Ttk,0.055835687,-0.32752225,0.9554727069355035,1.0
Kctd21,0.0554622,-0.83002794,0.9557702420655872,1.0
Zdhhc2,0.055387504,-0.7817024,0.9558297498325193,1.0
Sned1,0.05486463,-0.93438405,0.9562463110760898,1.0
Nek2,0.05482728,-0.60616946,0.9562760659092546,1.0
Itga7,0.05467789,-1.2195361,0.9563950858507917,1.0
Klf11,0.054117665,-1.0699313,0.9568414192687545,1.0
Anp32b,0.04909432,-0.8115236,0.96084413034195,1.0
Hist1h1a,0.046872098,-0.3155269,0.9626151673437192,1.0
Slfn4,0.043940257,-0.5385374,0.9649520264034596,1.0
Wdr78,0.043043897,1.3290493,0.9656665411485813,1.0
Gpr146,0.04291318,-0.15291668,0.9657707435325671,1.0
Fignl1,0.04278246,-0.021388138,0.9658749465010849,1.0
Cntf,0.042763785,0.29565808,0.9658898326870577,1.0
Ankrd42,0.042707764,0.49299666,0.9659344913162825,1.0
Rusc2,0.04268909,0.7162597,0.9659493775497754,1.0
Car15,0.04268909,0.36709198,0.9659493775497754,1.0
Rnf26,0.042633068,-0.16064982,0.9659940363214357,1.0
Abhd15,0.042614393,0.44705632,0.9660089226023657,1.0
Ly6d,0.042614393,0.3714031,0.9660089226023657,1.0
Pfkfb1,0.042614393,0.56229264,0.9660089226023657,1.0
Six5,0.042595718,2.4104486,0.966023808895142,1.0
Rgs11,0.042595718,1.1795906,0.966023808895142,1.0
Pbx3,0.042539697,0.02877925,0.9660684678444972,1.0
Tbx6,0.042521022,0.111490704,0.9660833541846069,1.0
Sox21,0.042521022,0.99725133,0.9660833541846069,1.0
Ache,0.042521022,-0.044624906,0.9660833541846069,1.0
Pianp,0.042521022,0.9408909,0.9660833541846069,1.0
Zfp940,0.042521022,0.59792644,0.9660833541846069,1.0
Apol9a,0.042502347,0.43021178,0.966098240536537,1.0
Arhgef33,0.042502347,0.011351063,0.966098240536537,1.0
Zfp493,0.042483672,0.9785643,0.9661131269002825,1.0
C1ql3,0.042483672,0.691228,0.9661131269002825,1.0
Cttnbp2,0.042483672,0.77554107,0.9661131269002825,1.0
Hhat,0.042483672,1.1854542,0.9661131269002825,1.0
Celsr2,0.042483672,1.112275,0.9661131269002825,1.0
Hist1h2be,0.042446326,-0.42311153,0.9661428996631983,1.0
R3hcc1,0.042446326,-0.060123693,0.9661428996631983,1.0
Osm,0.042446326,0.60905695,0.9661428996631983,1.0
Fap,0.042446326,1.26287,0.9661428996631983,1.0
Capsl,0.04242765,-0.25572366,0.9661577860623582,1.0
Ddias,0.042408977,-0.43010885,0.9661726724733127,1.0
Mok,0.042408977,-0.7900709,0.9661726724733127,1.0
Epha4,0.042408977,0.003263873,0.9661726724733127,1.0
Fbxo17,0.042408977,0.17550533,0.9661726724733127,1.0
Dusp9,0.042408977,-0.42827863,0.9661726724733127,1.0
Mblac1,0.042408977,0.10775833,0.9661726724733127,1.0
Il9r,0.042408977,0.04416564,0.9661726724733127,1.0
Pilrb2,0.042408977,0.48803234,0.9661726724733127,1.0
Csrnp1,0.042408977,0.43609944,0.9661726724733127,1.0
Drd3,0.042408977,-0.6471739,0.9661726724733127,1.0
Zfp229,0.0423903,-0.49325272,0.9661875588960566,1.0
Cd300lf,0.042371627,0.05665378,0.9662024453305845,1.0
Emilin2,0.042371627,0.009507563,0.9662024453305845,1.0
Cd40lg,0.042371627,0.22814864,0.9662024453305845,1.0
Zscan12,0.042371627,-0.44104314,0.9662024453305845,1.0
Cxcl12,0.042371627,-1.4705791,0.9662024453305845,1.0
Ankrd13d,0.042371627,-0.04052772,0.9662024453305845,1.0
Snph,0.042371627,-0.7510431,0.9662024453305845,1.0
Insm1,0.042371627,-1.1970135,0.9662024453305845,1.0
Cysltr1,0.042371627,-0.012837513,0.9662024453305845,1.0
Lmln,0.042371627,-0.81534815,0.9662024453305845,1.0
Rad54b,0.042371627,0.16936994,0.9662024453305845,1.0
G0s2,0.042371627,-0.1733834,0.9662024453305845,1.0
Fndc10,0.042371627,-0.7032822,0.9662024453305845,1.0
Ttc16,0.042371627,-1.054426,0.9662024453305845,1.0
Chst2,0.042352956,20.264915,0.9662173317768914,1.0
Cfap100,0.042352956,19.952953,0.9662173317768914,1.0
Klf15,0.042352956,18.669907,0.9662173317768914,1.0
Cacna1d,0.042352956,19.144365,0.9662173317768914,1.0
Dmwd,0.042352956,18.233501,0.9662173317768914,1.0
Gsdma,0.042352956,18.277105,0.9662173317768914,1.0
Csta2,0.042352956,19.493185,0.9662173317768914,1.0
Tmem52b,0.042352956,16.884161,0.9662173317768914,1.0
Gypa,0.042352956,17.654898,0.9662173317768914,1.0
Dnajb3,0.042352956,19.598078,0.9662173317768914,1.0
Ccl17,0.042352956,19.228386,0.9662173317768914,1.0
Trpc1,0.042352956,19.330671,0.9662173317768914,1.0
Kantr,0.042352956,19.973286,0.9662173317768914,1.0
Crmp1,0.042352956,20.14052,0.9662173317768914,1.0
Catsperg1,0.042352956,19.546425,0.9662173317768914,1.0
Aqp9,0.042352956,20.015268,0.9662173317768914,1.0
Perm1,0.042352956,20.325249,0.9662173317768914,1.0
Lrrtm1,0.042352956,19.508501,0.9662173317768914,1.0
Wnt6,0.042352956,18.024305,0.9662173317768914,1.0
Tulp3,0.042352956,18.814272,0.9662173317768914,1.0
Iqck,0.042352956,19.883066,0.9662173317768914,1.0
Glt8d2,0.042352956,19.51579,0.9662173317768914,1.0
Dct,0.042352956,17.86282,0.9662173317768914,1.0
Cfh,0.042352956,19.197393,0.9662173317768914,1.0
Map9,0.042352956,18.471083,0.9662173317768914,1.0
Rnf183,0.042352956,17.827663,0.9662173317768914,1.0
Tex38,0.042352956,18.988832,0.9662173317768914,1.0
Ldlrad1,0.042352956,19.109331,0.9662173317768914,1.0
Slc25a2,0.042352956,19.623184,0.9662173317768914,1.0
Hist1h1c,0.042352956,18.614326,0.9662173317768914,1.0
Asic5,0.042352956,17.913824,0.9662173317768914,1.0
Hal,0.042352956,19.737461,0.9662173317768914,1.0
Plxna3,0.042352956,19.45186,0.9662173317768914,1.0
Fbxo48,0.042352956,20.202126,0.9662173317768914,1.0
Abcc6,0.042352956,18.602068,0.9662173317768914,1.0
Cacna1i,0.042352956,19.792372,0.9662173317768914,1.0
Cul9,0.042352956,20.099625,0.9662173317768914,1.0
Duxf3,0.042352956,19.336258,0.9662173317768914,1.0
F8,0.042352956,18.826946,0.9662173317768914,1.0
Bbs1,0.042352956,19.252556,0.9662173317768914,1.0
Dao,0.042352956,19.285038,0.9662173317768914,1.0
Fabp1,0.042352956,18.144613,0.9662173317768914,1.0
Sv2a,0.042352956,20.392693,0.9662173317768914,1.0
Lmo1,0.042352956,19.45645,0.9662173317768914,1.0
Eya1,0.042352956,20.16251,0.9662173317768914,1.0
Ccdc136,0.042352956,20.261555,0.9662173317768914,1.0
Tspear,0.042352956,18.663208,0.9662173317768914,1.0
Slc16a2,0.042352956,19.758377,0.9662173317768914,1.0
Cited1,0.042352956,19.043253,0.9662173317768914,1.0
F2rl3,0.042352956,20.255587,0.9662173317768914,1.0
Eddm3b,0.042352956,18.662622,0.9662173317768914,1.0
Nupr1l,0.042352956,19.797998,0.9662173317768914,1.0
Akap5,0.042352956,20.236284,0.9662173317768914,1.0
Lrp2bp,0.042352956,18.163103,0.9662173317768914,1.0
Anxa9,0.042352956,18.139957,0.9662173317768914,1.0
Hist2h2ac,0.042352956,19.817938,0.9662173317768914,1.0
Ninl,0.042352956,19.694695,0.9662173317768914,1.0
Podxl,0.042352956,20.119152,0.9662173317768914,1.0
Atp6v0d2,0.042352956,20.24645,0.9662173317768914,1.0
Zfp982,0.042352956,19.58215,0.9662173317768914,1.0
Tmod2,0.042352956,18.504946,0.9662173317768914,1.0
Bcl2l10,0.042352956,18.38167,0.9662173317768914,1.0
Xrcc3,0.042352956,20.221697,0.9662173317768914,1.0
Erp27,0.042352956,19.89589,0.9662173317768914,1.0
Hist1h3d,0.042352956,19.160528,0.9662173317768914,1.0
Art5,0.042352956,18.973322,0.9662173317768914,1.0
Fscn1,0.042352956,20.811857,0.9662173317768914,1.0
Hoxd3,0.042352956,19.639961,0.9662173317768914,1.0
Prr36,0.042352956,17.779627,0.9662173317768914,1.0
Ccdc14,0.042352956,18.844175,0.9662173317768914,1.0
Snx22,0.042352956,19.921326,0.9662173317768914,1.0
Ecscr,0.042352956,17.88872,0.9662173317768914,1.0
Ppm1e,0.042352956,19.508474,0.9662173317768914,1.0
Prob1,0.042352956,20.393267,0.9662173317768914,1.0
Scn3a,0.042352956,18.156261,0.9662173317768914,1.0
Olfml2a,0.042352956,18.681196,0.9662173317768914,1.0
Adamts14,0.042352956,20.149832,0.9662173317768914,1.0
Pcdhgb2,0.042352956,16.660328,0.9662173317768914,1.0
Slc38a11,0.042352956,17.812319,0.9662173317768914,1.0
Grb14,0.042352956,17.841503,0.9662173317768914,1.0
Alpk1,0.042352956,-0.36984563,0.9662173317768914,1.0
Ccdc173,0.042352956,19.426403,0.9662173317768914,1.0
Mzb1,0.042352956,19.091167,0.9662173317768914,1.0
Tmem108,0.042352956,19.521421,0.9662173317768914,1.0
Schip1,0.042352956,18.31496,0.9662173317768914,1.0
Acoxl,0.042352956,20.300524,0.9662173317768914,1.0
Igfals,0.042352956,19.887568,0.9662173317768914,1.0
Vwa7,0.042352956,19.146017,0.9662173317768914,1.0
Klhdc7b,0.042352956,17.098032,0.9662173317768914,1.0
Arhgap23,0.042352956,19.936365,0.9662173317768914,1.0
Pcdhb22,0.042352956,19.576311,0.9662173317768914,1.0
Akap12,0.042352956,20.074266,0.9662173317768914,1.0
Nek10,0.042352956,16.51963,0.9662173317768914,1.0
Fam20a,0.042352956,19.620993,0.9662173317768914,1.0
Fam167a,0.042352956,19.567694,0.9662173317768914,1.0
Tmem91,0.042352956,19.686317,0.9662173317768914,1.0
Vsig1,0.042352956,17.4495,0.9662173317768914,1.0
Lrrc32,0.042352956,20.090216,0.9662173317768914,1.0
Clec4n,0.042352956,19.868475,0.9662173317768914,1.0
Fgf14,0.042352956,17.997173,0.9662173317768914,1.0
Pnpla3,0.042352956,19.728302,0.9662173317768914,1.0
Nphp4,0.042352956,19.682636,0.9662173317768914,1.0
Fam20c,0.042352956,19.928185,0.9662173317768914,1.0
Hsf5,0.042352956,17.848473,0.9662173317768914,1.0
Hsf2bp,0.042352956,20.189493,0.9662173317768914,1.0
Mettl7a3,0.042352956,18.617817,0.9662173317768914,1.0
Sbk2,0.042352956,19.917704,0.9662173317768914,1.0
Ccdc159,0.042352956,18.843765,0.9662173317768914,1.0
Zfp202,0.042352956,19.62561,0.9662173317768914,1.0
Pcdhb17,0.042352956,18.392015,0.9662173317768914,1.0
Podnl1,0.042352956,20.00227,0.9662173317768914,1.0
Flacc1,0.042352956,18.133213,0.9662173317768914,1.0
Snap25,0.042352956,17.219828,0.9662173317768914,1.0
Lyzl4,0.042352956,18.32454,0.9662173317768914,1.0
Rnf148,0.042352956,19.351215,0.9662173317768914,1.0
Bfsp2,0.042352956,19.696459,0.9662173317768914,1.0
Ak7,0.042352956,19.368484,0.9662173317768914,1.0
Tnfrsf23,0.042352956,-0.68666553,0.9662173317768914,1.0
Actn2,0.042352956,20.410559,0.9662173317768914,1.0
Prr18,0.042352956,19.458736,0.9662173317768914,1.0
Nos2,0.042352956,19.83945,0.9662173317768914,1.0
Gng4,0.042352956,19.20748,0.9662173317768914,1.0
Zfp30,0.042352956,18.61767,0.9662173317768914,1.0
Fev,0.042352956,17.294304,0.9662173317768914,1.0
Nek5,0.042352956,19.779476,0.9662173317768914,1.0
Atp7b,0.042352956,18.041769,0.9662173317768914,1.0
Ccdc162,0.042352956,19.88237,0.9662173317768914,1.0
Sult1c1,0.042352956,19.058317,0.9662173317768914,1.0
Cep112,0.042352956,18.570541,0.9662173317768914,1.0
Hepacam,0.042352956,17.350157,0.9662173317768914,1.0
Zfp583,0.042352956,20.092838,0.9662173317768914,1.0
Ncs1,0.042352956,19.898632,0.9662173317768914,1.0
Eml1,0.042352956,18.966867,0.9662173317768914,1.0
Apol6,0.042352956,18.327879,0.9662173317768914,1.0
Maneal,0.042352956,20.178953,0.9662173317768914,1.0
Chat,0.042352956,18.320591,0.9662173317768914,1.0
Mlf1,0.042352956,19.820429,0.9662173317768914,1.0
Zfp456,0.042352956,19.832716,0.9662173317768914,1.0
Klhl13,0.042352956,19.463263,0.9662173317768914,1.0
Tmem121b,0.042352956,20.261217,0.9662173317768914,1.0
Tcrg-V4,0.042352956,20.06867,0.9662173317768914,1.0
Comp,0.042352956,19.180916,0.9662173317768914,1.0
Slc26a10,0.042352956,20.205742,0.9662173317768914,1.0
Adam18,0.042352956,18.850191,0.9662173317768914,1.0
Gpx3,0.042352956,19.233664,0.9662173317768914,1.0
Epdr1,0.042352956,19.205153,0.9662173317768914,1.0
Lsmem2,0.042352956,17.40391,0.9662173317768914,1.0
Mamdc4,0.042352956,18.239468,0.9662173317768914,1.0
Mybl1,0.042352956,18.78098,0.9662173317768914,1.0
Dcdc2b,0.042352956,20.42907,0.9662173317768914,1.0
Sntg2,0.042352956,17.594677,0.9662173317768914,1.0
Tnni2,0.042352956,19.904715,0.9662173317768914,1.0
St8sia2,0.042352956,18.461124,0.9662173317768914,1.0
Nim1k,0.042352956,20.126863,0.9662173317768914,1.0
Il17rd,0.042352956,19.39718,0.9662173317768914,1.0
Impg2,0.042352956,16.535482,0.9662173317768914,1.0
Hspa12a,0.042352956,18.021982,0.9662173317768914,1.0
Fbxo43,0.042352956,19.397978,0.9662173317768914,1.0
Vwa2,0.042352956,17.058632,0.9662173317768914,1.0
Cr2,0.042352956,19.968378,0.9662173317768914,1.0
Efcab5,0.042352956,18.272942,0.9662173317768914,1.0
Klhdc8b,0.042352956,19.321152,0.9662173317768914,1.0
Fut7,0.042352956,19.46361,0.9662173317768914,1.0
Tmem89,0.042352956,20.092405,0.9662173317768914,1.0
Oprd1,0.042352956,16.714678,0.9662173317768914,1.0
Wfdc18,0.042352956,19.587976,0.9662173317768914,1.0
Col3a1,0.042352956,19.107561,0.9662173317768914,1.0
Fcor,0.042352956,19.312351,0.9662173317768914,1.0
Cxcl10,0.042352956,19.987722,0.9662173317768914,1.0
Pld6,0.042352956,19.63821,0.9662173317768914,1.0
Slc5a11,0.042352956,19.669573,0.9662173317768914,1.0
Dact1,0.042352956,18.655031,0.9662173317768914,1.0
Ccr4,0.042352956,20.061632,0.9662173317768914,1.0
Plekhs1,0.042352956,19.674109,0.9662173317768914,1.0
Podn,0.042352956,17.607018,0.9662173317768914,1.0
Dync2li1,0.042352956,19.000547,0.9662173317768914,1.0
Mtnr1a,0.042352956,19.21817,0.9662173317768914,1.0
Tmem200a,0.042352956,18.73933,0.9662173317768914,1.0
Trmt9b,0.042352956,18.391205,0.9662173317768914,1.0
Asic3,0.042352956,19.093046,0.9662173317768914,1.0
Hmgcll1,0.042352956,19.535229,0.9662173317768914,1.0
Timm8a2,0.042352956,20.334349,0.9662173317768914,1.0
Hspb6,0.042352956,19.087122,0.9662173317768914,1.0
Dab1,0.042352956,17.038477,0.9662173317768914,1.0
Rab40b,0.042352956,17.030205,0.9662173317768914,1.0
Pcdhga12,0.042352956,19.092617,0.9662173317768914,1.0
Alas2,0.042352956,20.258612,0.9662173317768914,1.0
Drc1,0.042352956,16.798943,0.9662173317768914,1.0
Armcx1,0.042315606,-0.55176497,0.9662471047048213,1.0
Ppp1r3e,0.042278256,-1.8460964,0.966276877679805,1.0
Ccdc114,0.042259585,-0.4224019,0.9662917641849289,1.0
Mlxipl,0.04214754,-0.3914881,0.9663810834621962,1.0
Zfp619,0.042072844,-1.2089957,0.9664406298814455,1.0
Knl1,0.042072844,-0.5395299,0.9664406298814455,1.0
Fbxo36,0.04205417,-0.33945358,0.9664555165155109,1.0
Rsph1,0.042035494,-0.5990702,0.9664704031612672,1.0
Kif4,0.04201682,-0.6503337,0.9664852898187091,1.0
Mageh1,0.041886102,-0.9843877,0.9665894967475662,1.0
Ckap2l,0.041269854,-0.6052819,0.9670807656391478,1.0
Pla2g12b,0.041064437,-0.8866388,0.9672445247220527,1.0
Cbx2,0.04089637,-0.50423425,0.9673785104540155,1.0
Ctif,0.040803,-0.8776574,0.9674529473699484,1.0
Ephb3,0.04013073,-0.64859533,0.9679889014967364,1.0
Odf2l,0.039645202,-0.55339533,0.9683759884836887,1.0
Usp49,0.038244642,-0.61253554,0.9694926269875624,1.0
Wnk2,0.0370495,-0.8893264,0.970445539226343,1.0
Fzd6,0.036451925,-1.2182456,0.9709220112539759,1.0
Atp1a1,0.03535015,0.00066682446,0.9718005336388917,1.0
Iqgap3,0.028870223,0.63851583,0.9769680938178259,1.0
Grik5,0.028832875,0.5187286,0.9769978810369054,1.0
Lrrk2,0.02875818,1.0346366,0.9770574555712531,1.0
Fkbp7,0.028683482,1.1563483,0.9771170302335751,1.0
Syn2,0.028608786,0.001753689,0.9771766050235394,1.0
Cntd1,0.028608786,0.5321198,0.9771766050235394,1.0
Nt5dc2,0.028571438,-0.019224092,0.9772063924662836,1.0
Dnah8,0.028515415,0.30997303,0.9772510736899858,1.0
Zfp2,0.02849674,0.54177326,0.9772659674470886,1.0
Zmynd12,0.02849674,3.0298102,0.9772659674470886,1.0
Tdrkh,0.02849674,0.28113732,0.9772659674470886,1.0
Tuba4a,0.028459392,-0.7559337,0.9772957549850664,1.0
Ccne1,0.028459392,-0.24321029,0.9772957549850664,1.0
Serpini1,0.028459392,0.19278352,0.9772957549850664,1.0
Mss51,0.028459392,0.17988507,0.9772957549850664,1.0
Iglc2,0.028422045,0.9023409,0.9773255425547055,1.0
Mapt,0.028422045,1.2187973,0.9773255425547055,1.0
Cgnl1,0.028384697,1.1024787,0.9773553301559648,1.0
Trp53rkb,0.028384697,0.4358284,0.9773553301559648,1.0
Mcc,0.028384697,-0.3466672,0.9773553301559648,1.0
Clca2,0.028384697,0.19388537,0.9773553301559648,1.0
Nanos1,0.028384697,0.30528766,0.9773553301559648,1.0
Igfbp4,0.028384697,-0.18061504,0.9773553301559648,1.0
Phf11a,0.028384697,0.93149143,0.9773553301559648,1.0
Ppp1r14c,0.028384697,1.2186295,0.9773553301559648,1.0
Snap23,0.028347347,-0.39938167,0.9773851177888023,1.0
Hesx1,0.028347347,0.4168744,0.9773851177888023,1.0
Hexim2,0.028347347,0.1286876,0.9773851177888023,1.0
Zfp59,0.028347347,0.55768245,0.9773851177888023,1.0
Kcnq5,0.028347347,0.29654902,0.9773851177888023,1.0
Syngap1,0.028347347,0.03844175,0.9773851177888023,1.0
Brca1,0.028347347,-0.1448253,0.9773851177888023,1.0
Nrn1,0.028347347,1.0630527,0.9773851177888023,1.0
Pcdhga10,0.028328674,-0.22401606,0.97740001161705,1.0
Dixdc1,0.028309999,-0.04710716,0.9774149054531769,1.0
Bambi,0.028309999,-0.09660461,0.9774149054531769,1.0
Spns2,0.028309999,-0.6589298,0.9774149054531769,1.0
Npy1r,0.028309999,0.11680724,0.9774149054531769,1.0
Wnt5a,0.028309999,-0.8653632,0.9774149054531769,1.0
Hmcn1,0.028309999,-0.27665058,0.9774149054531769,1.0
Nccrp1,0.028309999,0.27398515,0.9774149054531769,1.0
Prdm9,0.028309999,-0.52160364,0.9774149054531769,1.0
Pcsk1n,0.028309999,-0.44824624,0.9774149054531769,1.0
Sirpb1c,0.028309999,0.20649952,0.9774149054531769,1.0
Hs6st2,0.028309999,-0.29186514,0.9774149054531769,1.0
Nid2,0.028309999,-0.22487523,0.9774149054531769,1.0
Phyhd1,0.028309999,-0.14408566,0.9774149054531769,1.0
Phf19,0.028309999,0.19066907,0.9774149054531769,1.0
Nemp1,0.028272651,-0.45461068,0.9774446931490468,1.0
Cdk14,0.028272651,-0.7022623,0.9774446931490468,1.0
Col15a1,0.028272651,-0.7297666,0.9774446931490468,1.0
Tbc1d4,0.028272651,-0.5501475,0.9774446931490468,1.0
Card9,0.028272651,-0.53194135,0.9774446931490468,1.0
Plxdc2,0.028272651,-0.009470571,0.9774446931490468,1.0
Dnajc27,0.028272651,-0.24667811,0.9774446931490468,1.0
Ms4a6d,0.028272651,0.081706114,0.9774446931490468,1.0
Myt1,0.028272651,-2.2194624,0.9774446931490468,1.0
Zfp563,0.028272651,-0.6090132,0.9774446931490468,1.0
Kcnb2,0.028235303,17.585764,0.9774744808763706,1.0
Nrg4,0.028235303,18.99104,0.9774744808763706,1.0
Pcdhgb6,0.028235303,18.938293,0.9774744808763706,1.0
St18,0.028235303,16.6492,0.9774744808763706,1.0
Defb45,0.028235303,18.719229,0.9774744808763706,1.0
Cadps,0.028235303,15.607735,0.9774744808763706,1.0
Adamts16,0.028235303,19.05473,0.9774744808763706,1.0
Rab39,0.028235303,19.669926,0.9774744808763706,1.0
Spaca1,0.028235303,19.601543,0.9774744808763706,1.0
Hcn4,0.028235303,17.527142,0.9774744808763706,1.0
Thbd,0.028235303,18.632816,0.9774744808763706,1.0
Slc9a5,0.028235303,18.751097,0.9774744808763706,1.0
Nutf2,0.028235303,18.294523,0.9774744808763706,1.0
Fgf10,0.028235303,16.515947,0.9774744808763706,1.0
Wfdc13,0.028235303,18.603233,0.9774744808763706,1.0
Efhd1,0.028235303,18.45196,0.9774744808763706,1.0
Plcd3,0.028235303,19.131565,0.9774744808763706,1.0
Itprid1,0.028235303,19.549543,0.9774744808763706,1.0
Mmrn1,0.028235303,16.64178,0.9774744808763706,1.0
Ccdc96,0.028235303,18.96933,0.9774744808763706,1.0
Rgs7bp,0.028235303,19.34497,0.9774744808763706,1.0
Zdhhc19,0.028235303,17.999468,0.9774744808763706,1.0
Fam24b,0.028235303,17.578995,0.9774744808763706,1.0
Uqcrh,0.028235303,18.388744,0.9774744808763706,1.0
Slc7a15,0.028235303,16.508722,0.9774744808763706,1.0
Klhl23,0.028235303,18.810064,0.9774744808763706,1.0
Prickle4,0.028235303,16.99725,0.9774744808763706,1.0
Col20a1,0.028235303,17.787697,0.9774744808763706,1.0
Tas2r126,0.028235303,19.46132,0.9774744808763706,1.0
Syt13,0.028235303,15.884399,0.9774744808763706,1.0
Tcp11l1,0.028235303,19.300323,0.9774744808763706,1.0
Cnga3,0.028235303,17.789198,0.9774744808763706,1.0
Igkv8-30,0.028235303,18.763218,0.9774744808763706,1.0
Smyd1,0.028235303,16.000576,0.9774744808763706,1.0
Atcay,0.028235303,19.807154,0.9774744808763706,1.0
Tbxa2r,0.028235303,18.982967,0.9774744808763706,1.0
Pkd1l3,0.028235303,19.560175,0.9774744808763706,1.0
Rgn,0.028235303,18.998848,0.9774744808763706,1.0
Ror1,0.028235303,19.337461,0.9774744808763706,1.0
Krtap12-1,0.028235303,16.346209,0.9774744808763706,1.0
Cfap52,0.028235303,15.947077,0.9774744808763706,1.0
Fn3k,0.028235303,18.777626,0.9774744808763706,1.0
Snn,0.028235303,19.449896,0.9774744808763706,1.0
Tesmin,0.028235303,19.642757,0.9774744808763706,1.0
Sept3,0.028235303,19.704535,0.9774744808763706,1.0
Irak1bp1,0.028235303,19.195238,0.9774744808763706,1.0
Pcp4,0.028235303,16.353302,0.9774744808763706,1.0
Smarca1,0.028235303,18.701492,0.9774744808763706,1.0
Snai1,0.028235303,19.581575,0.9774744808763706,1.0
Fam81a,0.028235303,19.275509,0.9774744808763706,1.0
Adcy5,0.028235303,19.199627,0.9774744808763706,1.0
Kif27,0.028235303,18.735155,0.9774744808763706,1.0
Tctex1d4,0.028235303,19.085527,0.9774744808763706,1.0
Peg3,0.028235303,18.200792,0.9774744808763706,1.0
Gpr27,0.028235303,16.394842,0.9774744808763706,1.0
Klhl41,0.028235303,18.1806,0.9774744808763706,1.0
Zfp791,0.028235303,15.906082,0.9774744808763706,1.0
Slc27a5,0.028235303,19.731323,0.9774744808763706,1.0
Grik3,0.028235303,16.243237,0.9774744808763706,1.0
Pik3r6,0.028235303,18.839958,0.9774744808763706,1.0
Gfpt2,0.028235303,18.7393,0.9774744808763706,1.0
Clstn2,0.028235303,16.451176,0.9774744808763706,1.0
Esyt3,0.028235303,18.651392,0.9774744808763706,1.0
Folr1,0.028235303,16.742376,0.9774744808763706,1.0
Rgs9,0.028235303,19.367363,0.9774744808763706,1.0
Aebp1,0.028235303,19.367823,0.9774744808763706,1.0
Fbxw10,0.028235303,17.893587,0.9774744808763706,1.0
Srcin1,0.028235303,18.66733,0.9774744808763706,1.0
Iqank1,0.028235303,16.884682,0.9774744808763706,1.0
Ramp3,0.028235303,19.248775,0.9774744808763706,1.0
Unc93a2,0.028235303,17.756485,0.9774744808763706,1.0
Tmem88,0.028235303,19.954227,0.9774744808763706,1.0
Gjb4,0.028235303,18.71112,0.9774744808763706,1.0
Cnmd,0.028235303,16.34439,0.9774744808763706,1.0
Arhgap44,0.028235303,16.955622,0.9774744808763706,1.0
Pcdhb19,0.028235303,17.895828,0.9774744808763706,1.0
Rab42,0.028235303,15.642459,0.9774744808763706,1.0
Lcn2,0.028235303,19.666592,0.9774744808763706,1.0
Zfp811,0.028235303,19.658972,0.9774744808763706,1.0
Sval3,0.028235303,19.102844,0.9774744808763706,1.0
Jcad,0.028235303,19.241524,0.9774744808763706,1.0
Krtap3-1,0.028235303,18.115576,0.9774744808763706,1.0
Ces1h,0.028235303,16.953665,0.9774744808763706,1.0
Btbd19,0.028235303,17.957876,0.9774744808763706,1.0
Cdkl4,0.028235303,19.714828,0.9774744808763706,1.0
Ceacam9,0.028235303,18.452343,0.9774744808763706,1.0
Pnmal1,0.028235303,18.793468,0.9774744808763706,1.0
Pcdh18,0.028235303,17.745634,0.9774744808763706,1.0
Gipr,0.028235303,16.306747,0.9774744808763706,1.0
C4b,0.028235303,18.225826,0.9774744808763706,1.0
Ticrr,0.028235303,-0.20002104,0.9774744808763706,1.0
Ucn2,0.028235303,19.336329,0.9774744808763706,1.0
Spef2,0.028235303,19.583048,0.9774744808763706,1.0
Zscan18,0.028235303,19.238527,0.9774744808763706,1.0
Zbed5,0.028235303,19.552828,0.9774744808763706,1.0
Gjb5,0.028235303,18.950796,0.9774744808763706,1.0
Cyp4f39,0.028235303,17.268908,0.9774744808763706,1.0
Hpca,0.028235303,19.066359,0.9774744808763706,1.0
Brd3os,0.028235303,19.089916,0.9774744808763706,1.0
Mapk15,0.028235303,16.930698,0.9774744808763706,1.0
Kcnb1,0.028235303,18.912619,0.9774744808763706,1.0
Tnnc1,0.028235303,17.24834,0.9774744808763706,1.0
Uox,0.028235303,18.195621,0.9774744808763706,1.0
C2cd4c,0.028235303,17.477314,0.9774744808763706,1.0
Sptbn5,0.028235303,18.405272,0.9774744808763706,1.0
Spata20,0.028235303,18.511118,0.9774744808763706,1.0
Cldn14,0.028235303,18.321566,0.9774744808763706,1.0
Csta1,0.028235303,17.033424,0.9774744808763706,1.0
Hsf4,0.028235303,19.485655,0.9774744808763706,1.0
Pax6,0.028235303,19.561312,0.9774744808763706,1.0
Slc15a2,0.028235303,17.667007,0.9774744808763706,1.0
Zc3h12c,0.028235303,19.221682,0.9774744808763706,1.0
Ceacam16,0.028235303,19.781754,0.9774744808763706,1.0
Vmn1r91,0.028235303,19.372143,0.9774744808763706,1.0
Kcnrg,0.028235303,17.191715,0.9774744808763706,1.0
Neil2,0.028235303,19.637672,0.9774744808763706,1.0
Fam217a,0.028235303,19.650654,0.9774744808763706,1.0
Mptx2,0.028235303,19.045338,0.9774744808763706,1.0
Pax8,0.028235303,17.57817,0.9774744808763706,1.0
Cdk5r1,0.028235303,-0.38627577,0.9774744808763706,1.0
Spaca3,0.028235303,18.409588,0.9774744808763706,1.0
Coch,0.028235303,18.003073,0.9774744808763706,1.0
Stx1a,0.028235303,18.961237,0.9774744808763706,1.0
Piwil2,0.028235303,19.15518,0.9774744808763706,1.0
Ifitm5,0.028235303,18.870134,0.9774744808763706,1.0
Fam71b,0.028235303,19.66976,0.9774744808763706,1.0
Amy1,0.028235303,19.682554,0.9774744808763706,1.0
Gnb4,0.028235303,19.37678,0.9774744808763706,1.0
Pknox2,0.028235303,19.40318,0.9774744808763706,1.0
Lrrc73,0.028235303,16.304934,0.9774744808763706,1.0
Rflna,0.028235303,18.862524,0.9774744808763706,1.0
Hspb7,0.028235303,18.50688,0.9774744808763706,1.0
Hgd,0.028235303,19.697636,0.9774744808763706,1.0
Ccdc40,0.028235303,19.480265,0.9774744808763706,1.0
Dcn,0.028235303,18.897272,0.9774744808763706,1.0
Rasl12,0.028235303,19.279545,0.9774744808763706,1.0
Pde6g,0.028235303,18.500832,0.9774744808763706,1.0
Hapln1,0.028235303,18.020884,0.9774744808763706,1.0
Il23a,0.028235303,16.2191,0.9774744808763706,1.0
Tmem121,0.028235303,19.01299,0.9774744808763706,1.0
Acot6,0.028235303,19.031729,0.9774744808763706,1.0
F12,0.028235303,19.722519,0.9774744808763706,1.0
Adgrd1,0.028235303,16.519302,0.9774744808763706,1.0
Mmp17,0.028235303,18.280697,0.9774744808763706,1.0
Rasl10b,0.028235303,19.07527,0.9774744808763706,1.0
Clcn6,0.028235303,19.856607,0.9774744808763706,1.0
Slc26a4,0.028235303,19.071257,0.9774744808763706,1.0
Tmem210,0.028235303,18.980436,0.9774744808763706,1.0
Cfap69,0.028235303,18.005629,0.9774744808763706,1.0
Lrrc17,0.028235303,16.20413,0.9774744808763706,1.0
Zfp964,0.028235303,18.620436,0.9774744808763706,1.0
Csf1,0.028235303,18.061852,0.9774744808763706,1.0
Myl4,0.028235303,19.734724,0.9774744808763706,1.0
Rgs22,0.028235303,18.200964,0.9774744808763706,1.0
Ccna1,0.028235303,17.728275,0.9774744808763706,1.0
Tm4sf1,0.028235303,17.906384,0.9774744808763706,1.0
H2-M2,0.028235303,20.041927,0.9774744808763706,1.0
Crisp3,0.028235303,19.030922,0.9774744808763706,1.0
Cfap74,0.028235303,17.83639,0.9774744808763706,1.0
Hrc,0.028235303,18.024683,0.9774744808763706,1.0
Neurl2,0.028235303,19.030708,0.9774744808763706,1.0
Ocstamp,0.028235303,18.612537,0.9774744808763706,1.0
Art2b,0.028235303,19.764914,0.9774744808763706,1.0
Slc6a1,0.028235303,18.96458,0.9774744808763706,1.0
Ina,0.028235303,19.29502,0.9774744808763706,1.0
Rasal1,0.028235303,19.406092,0.9774744808763706,1.0
Plcl1,0.028235303,17.771687,0.9774744808763706,1.0
Ppef2,0.028235303,18.701437,0.9774744808763706,1.0
Wscd1,0.028235303,19.550503,0.9774744808763706,1.0
Adgrf2,0.028235303,18.726288,0.9774744808763706,1.0
Ccdc158,0.028235303,18.50847,0.9774744808763706,1.0
Ctsk,0.028235303,18.890196,0.9774744808763706,1.0
Sox1,0.028235303,18.250805,0.9774744808763706,1.0
Thbs3,0.028235303,18.565098,0.9774744808763706,1.0
Erich5,0.028235303,19.486485,0.9774744808763706,1.0
Nhs,0.028235303,17.433212,0.9774744808763706,1.0
Bmx,0.028235303,16.700857,0.9774744808763706,1.0
Fut1,0.028235303,17.005247,0.9774744808763706,1.0
Ggn,0.028235303,18.182026,0.9774744808763706,1.0
Zfp105,0.028235303,18.762499,0.9774744808763706,1.0
Neu2,0.028235303,18.302431,0.9774744808763706,1.0
Tssk1,0.028235303,18.038918,0.9774744808763706,1.0
Samd5,0.028235303,18.936672,0.9774744808763706,1.0
Mxra8,0.028235303,19.391253,0.9774744808763706,1.0
Gsto2,0.028235303,-0.59878457,0.9774744808763706,1.0
Syngr1,0.028235303,17.484325,0.9774744808763706,1.0
Actg2,0.028235303,19.287561,0.9774744808763706,1.0
Cnga4,0.028235303,15.968196,0.9774744808763706,1.0
Il12a,0.028235303,18.34827,0.9774744808763706,1.0
Rbp7,0.028235303,19.694263,0.9774744808763706,1.0
Nlrp10,0.028235303,19.339752,0.9774744808763706,1.0
Chil5,0.028235303,19.939476,0.9774744808763706,1.0
Gabrb3,0.028235303,15.954263,0.9774744808763706,1.0
Rnf223,0.028235303,18.591455,0.9774744808763706,1.0
Slc2a4,0.028235303,16.73992,0.9774744808763706,1.0
Serpinb8,0.028235303,19.23632,0.9774744808763706,1.0
Hipk4,0.028235303,19.080103,0.9774744808763706,1.0
Ect2l,0.028235303,16.797556,0.9774744808763706,1.0
Lypd1,0.028235303,18.553524,0.9774744808763706,1.0
Plagl1,0.028235303,17.944994,0.9774744808763706,1.0
Klk1b16,0.028235303,19.047756,0.9774744808763706,1.0
Bmp6,0.028235303,19.162617,0.9774744808763706,1.0
Ptpn5,0.028235303,19.818264,0.9774744808763706,1.0
Agxt,0.028235303,17.35191,0.9774744808763706,1.0
Lrg1,0.028235303,19.2807,0.9774744808763706,1.0
Sst,0.028235303,19.756817,0.9774744808763706,1.0
Otud7a,0.028235303,18.108948,0.9774744808763706,1.0
Tceal1,0.028235303,19.536928,0.9774744808763706,1.0
Pwwp3b,0.028235303,16.047838,0.9774744808763706,1.0
Il25,0.028235303,18.586218,0.9774744808763706,1.0
Lrfn1,0.028235303,19.811663,0.9774744808763706,1.0
Msi1,0.028235303,18.963926,0.9774744808763706,1.0
Scarf1,0.028235303,18.534649,0.9774744808763706,1.0
Tspan2,0.028235303,19.551794,0.9774744808763706,1.0
Zfp872,0.028235303,17.864885,0.9774744808763706,1.0
Myrf,0.028235303,18.352882,0.9774744808763706,1.0
Tshz3,0.028235303,19.256924,0.9774744808763706,1.0
Cnnm1,0.028235303,17.007807,0.9774744808763706,1.0
Ddah2,0.028235303,19.691494,0.9774744808763706,1.0
Arhgef25,0.028235303,19.418047,0.9774744808763706,1.0
Ugt1a8,0.028235303,18.418663,0.9774744808763706,1.0
Ackr3,0.028235303,19.021124,0.9774744808763706,1.0
Ankdd1b,0.028235303,17.81693,0.9774744808763706,1.0
Coro6,0.028235303,18.322989,0.9774744808763706,1.0
Dsg4,0.028235303,17.92794,0.9774744808763706,1.0
Vwce,0.028235303,17.694527,0.9774744808763706,1.0
Etnk2,0.028235303,16.128588,0.9774744808763706,1.0
Tmem174,0.028235303,16.90262,0.9774744808763706,1.0
Tmem150c,0.028235303,18.737148,0.9774744808763706,1.0
Igfbp7,0.028235303,19.463306,0.9774744808763706,1.0
Rdh19,0.028235303,17.453552,0.9774744808763706,1.0
Rdh16f2,0.028235303,15.860302,0.9774744808763706,1.0
Cryba4,0.028235303,19.759953,0.9774744808763706,1.0
Tmem211,0.028235303,18.70733,0.9774744808763706,1.0
Wscd2,0.028235303,19.506386,0.9774744808763706,1.0
Alb,0.028235303,16.80911,0.9774744808763706,1.0
Catsper3,0.028235303,18.92938,0.9774744808763706,1.0
Sobp,0.028235303,18.295975,0.9774744808763706,1.0
Neurod2,0.028235303,17.09893,0.9774744808763706,1.0
Mdga1,0.028235303,17.94862,0.9774744808763706,1.0
Etv4,0.028235303,19.091862,0.9774744808763706,1.0
Tmem40,0.028235303,19.133205,0.9774744808763706,1.0
Fer1l4,0.028235303,18.755758,0.9774744808763706,1.0
Fhl4,0.028235303,19.836908,0.9774744808763706,1.0
Smtnl2,0.028235303,17.80498,0.9774744808763706,1.0
Ugt2b36,0.028235303,17.74543,0.9774744808763706,1.0
Olfr829,0.028235303,16.663315,0.9774744808763706,1.0
Tekt4,0.028235303,16.713343,0.9774744808763706,1.0
Rhbdl1,0.028235303,-1.4232388,0.9774744808763706,1.0
Foxp2,0.028235303,19.158215,0.9774744808763706,1.0
Dnaaf1,0.028235303,19.008411,0.9774744808763706,1.0
Stac2,0.028235303,18.97132,0.9774744808763706,1.0
Kcnj13,0.028235303,19.719868,0.9774744808763706,1.0
Sdr9c7,0.028235303,16.417984,0.9774744808763706,1.0
Dusp13,0.028235303,17.807095,0.9774744808763706,1.0
Ccdc103,0.028235303,18.102503,0.9774744808763706,1.0
Txlnb,0.028235303,19.293095,0.9774744808763706,1.0
Tmem249,0.028235303,18.666676,0.9774744808763706,1.0
Pcdhga5,0.028235303,17.965061,0.9774744808763706,1.0
Adgrg2,0.028235303,16.544033,0.9774744808763706,1.0
Zkscan3,0.028160606,-0.53381634,0.9775340564252138,1.0
Kif2c,0.028160606,-0.6630962,0.9775340564252138,1.0
Lpcat2,0.028160606,-0.4624256,0.9775340564252138,1.0
Cdkn3,0.028123258,-0.8267038,0.9775638442466502,1.0
Prr11,0.02786182,-0.5753295,0.9777723598704388,1.0
Cep55,0.02782447,-0.52324784,0.977802147941015,1.0
Psat1,0.02782447,-0.46355012,0.977802147941015,1.0
Mcm8,0.027787123,-0.86159265,0.9778319360425471,1.0
Phldb3,0.027488338,-0.4488369,0.9780702419642254,1.0
Gkap1,0.027376292,-0.8384994,0.9781596071905994,1.0
Kank1,0.026816068,-0.77188355,0.978606437411801,1.0
Myef2,0.02591971,-0.6106155,0.9793213796700198,1.0
Iffo2,0.024687216,-0.51376086,0.9803044522800668,1.0
Slc46a1,0.024388429,-1.4233239,0.9805427774742516,1.0
Sytl5,0.021139128,-1.1995806,0.9831346715783164,1.0
Gsdmc3,0.01785248,-0.7364188,0.9857565385797552,1.0
Nicn1,0.015275449,0.62612176,0.9878124296897071,1.0
Pkib,0.014845943,0.6720476,0.988155086445103,1.0
Tssk4,0.01469655,0.62534004,0.9882742719188787,1.0
Pbx4,0.014640528,0.9039369,0.9883189665391517,1.0
Rmi2,0.014621853,-0.002679633,0.9883338647540627,1.0
Rnf122,0.014547157,-0.12805797,0.9883934576543341,1.0
Chek1,0.014528482,-0.2590637,0.9884083558895329,1.0
Dab2,0.014491134,0.45813304,0.9884381523720513,1.0
Psrc1,0.0144537855,0.3018132,0.9884679488706962,1.0
Acvrl1,0.014435112,-0.12356819,0.988482847126053,1.0
Pcsk4,0.014416438,-0.20624767,0.9884977453854259,1.0
Slc2a8,0.01437909,-0.21193153,0.988527541916199,1.0
Zfp82,0.01437909,0.24609847,0.988527541916199,1.0
Prss36,0.014360415,2.8562136,0.9885424401875887,1.0
Mmp9,0.014360415,1.447841,0.9885424401875887,1.0
Msr1,0.014360415,1.5873457,0.9885424401875887,1.0
Cav2,0.014341741,0.27800944,0.9885573384629738,1.0
Ccr6,0.014341741,-0.037033275,0.9885573384629738,1.0
Mgmt,0.014323067,1.0493371,0.9885722367423488,1.0
Prune2,0.014323067,1.2233249,0.9885722367423488,1.0
Polr2l,0.014323067,1.7087432,0.9885722367423488,1.0
Smpx,0.014323067,0.8115319,0.9885722367423488,1.0
Kif22,0.014304393,-0.08340791,0.9885871350257087,1.0
Fcamr,0.014285719,1.4663631,0.9886020333130483,1.0
Gpr157,0.014285719,0.72694784,0.9886020333130483,1.0
Rilpl1,0.014285719,1.5321734,0.9886020333130483,1.0
Gpr141,0.014285719,-0.24535213,0.9886020333130483,1.0
Cdnf,0.014285719,0.29517025,0.9886020333130483,1.0
Xkr5,0.014285719,0.49021283,0.9886020333130483,1.0
Rab38,0.014285719,0.5813709,0.9886020333130483,1.0
Tex19.1,0.014285719,1.1100687,0.9886020333130483,1.0
Tnfaip2,0.014285719,-0.019941961,0.9886020333130483,1.0
Pnma1,0.01424837,0.20400818,0.9886318298996457,1.0
Ppp1r26,0.01424837,0.87800723,0.9886318298996457,1.0
Plau,0.01424837,0.05398298,0.9886318298996457,1.0
Pdzd2,0.01424837,0.2805706,0.9886318298996457,1.0
Ttc5,0.014229696,-0.66612875,0.9886467281988932,1.0
Derl3,0.014211022,-0.19668745,0.9886616265020995,1.0
Hlx,0.014211022,-0.10460078,0.9886616265020995,1.0
Tmie,0.014211022,-0.06139199,0.9886616265020995,1.0
Dnase1l2,0.014211022,-0.8882256,0.9886616265020995,1.0
Tmprss3,0.014211022,-0.47070608,0.9886616265020995,1.0
Sez6l2,0.014211022,-0.40506032,0.9886616265020995,1.0
Cdh26,0.014211022,-1.1476389,0.9886616265020995,1.0
Cecr2,0.014211022,-0.40693253,0.9886616265020995,1.0
Ypel1,0.014211022,-0.41904718,0.9886616265020995,1.0
Hspg2,0.014211022,-0.112495326,0.9886616265020995,1.0
Adamts17,0.014211022,-0.1291245,0.9886616265020995,1.0
Pusl1,0.014192348,-0.671025,0.9886765248092595,1.0
Lpar3,0.014192348,-0.8418044,0.9886765248092595,1.0
Dnph1,0.014192348,-1.3105012,0.9886765248092595,1.0
Cyp2j9,0.0141736735,-1.299185,0.988691423120368,1.0
Pla2g4f,0.0141736735,-2.030642,0.988691423120368,1.0
Pou4f1,0.0141736735,-1.7633241,0.988691423120368,1.0
Cd19,0.0141736735,-0.61639065,0.988691423120368,1.0
Nox1,0.0141736735,-1.0329403,0.988691423120368,1.0
Il1f8,0.0141736735,-1.357555,0.988691423120368,1.0
Pros1,0.0141736735,-2.7749882,0.988691423120368,1.0
Foxo6,0.0141736735,-2.8806589,0.988691423120368,1.0
Rassf8,0.0141736735,-1.7050449,0.988691423120368,1.0
Rtn2,0.0141736735,-1.5164405,0.988691423120368,1.0
Rimbp2,0.0141736735,-2.542698,0.988691423120368,1.0
Zfp647,0.0141736735,-0.82223403,0.988691423120368,1.0
Pram1,0.0141736735,-0.32041916,0.988691423120368,1.0
Pnpla1,0.0141736735,-1.4882754,0.988691423120368,1.0
Sucnr1,0.0141736735,-0.48256925,0.988691423120368,1.0
Fam78b,0.0141736735,-0.28839555,0.988691423120368,1.0
Phlda3,0.0141736735,-1.1469402,0.988691423120368,1.0
Dmgdh,0.0141736735,-2.023235,0.988691423120368,1.0
Plscr2,0.014136326,-1.310901,0.9887212197544097,1.0
Alg13,0.014136326,-0.99820614,0.9887212197544097,1.0
Mcub,0.014136326,-0.3695098,0.9887212197544097,1.0
Il17d,0.014136326,-0.97952497,0.9887212197544097,1.0
Rims3,0.014117652,18.654469,0.9887361180773325,1.0
Il11,0.014117652,14.421071,0.9887361180773325,1.0
Notch3,0.014117652,16.496906,0.9887361180773325,1.0
Cyp4x1,0.014117652,18.03135,0.9887361180773325,1.0
Cyp4a30b,0.014117652,16.406195,0.9887361180773325,1.0
Fank1,0.014117652,15.969337,0.9887361180773325,1.0
Zfp711,0.014117652,15.105468,0.9887361180773325,1.0
Susd2,0.014117652,18.691414,0.9887361180773325,1.0
Tekt2,0.014117652,18.379972,0.9887361180773325,1.0
Mzf1,0.014117652,18.742231,0.9887361180773325,1.0
Pcdh20,0.014117652,18.86937,0.9887361180773325,1.0
Epx,0.014117652,14.460353,0.9887361180773325,1.0
Nrtn,0.014117652,17.582436,0.9887361180773325,1.0
Katnal2,0.014117652,18.878483,0.9887361180773325,1.0
Fam89a,0.014117652,17.7732,0.9887361180773325,1.0
Kcnk16,0.014117652,14.421071,0.9887361180773325,1.0
Arc,0.014117652,18.623344,0.9887361180773325,1.0
Trim34b,0.014117652,18.581928,0.9887361180773325,1.0
Tex33,0.014117652,15.238732,0.9887361180773325,1.0
Nek11,0.014117652,18.521221,0.9887361180773325,1.0
Rrh,0.014117652,15.466991,0.9887361180773325,1.0
Sfrp1,0.014117652,18.507933,0.9887361180773325,1.0
Stac3,0.014117652,18.655539,0.9887361180773325,1.0
Ugt2b1,0.014117652,17.162523,0.9887361180773325,1.0
Col6a5,0.014117652,18.972734,0.9887361180773325,1.0
Mdk,0.014117652,18.088736,0.9887361180773325,1.0
Dmrta2,0.014117652,18.964195,0.9887361180773325,1.0
Tnni3,0.014117652,16.29671,0.9887361180773325,1.0
Btnl9,0.014117652,16.915493,0.9887361180773325,1.0
Tex43,0.014117652,18.800314,0.9887361180773325,1.0
Kcnj3,0.014117652,16.034372,0.9887361180773325,1.0
Spsb4,0.014117652,18.516459,0.9887361180773325,1.0
Pcdhb20,0.014117652,18.971306,0.9887361180773325,1.0
Pcdhb21,0.014117652,16.07126,0.9887361180773325,1.0
Lin7a,0.014117652,15.2277355,0.9887361180773325,1.0
Fndc11,0.014117652,18.779818,0.9887361180773325,1.0
Tes3-ps,0.014117652,17.115686,0.9887361180773325,1.0
Gpc2,0.014117652,18.94315,0.9887361180773325,1.0
Sdk1,0.014117652,14.927924,0.9887361180773325,1.0
Kcnj8,0.014117652,18.440033,0.9887361180773325,1.0
Casc1,0.014117652,14.551076,0.9887361180773325,1.0
Kcnd1,0.014117652,16.662495,0.9887361180773325,1.0
Prkar1b,0.014117652,15.105468,0.9887361180773325,1.0
Ggnbp1,0.014117652,17.534866,0.9887361180773325,1.0
Angptl2,0.014117652,18.947325,0.9887361180773325,1.0
Ttll11,0.014117652,17.226927,0.9887361180773325,1.0
Dmc1,0.014117652,18.47534,0.9887361180773325,1.0
Olfr78,0.014117652,13.940285,0.9887361180773325,1.0
Ankrd29,0.014117652,18.468014,0.9887361180773325,1.0
F2,0.014117652,14.551076,0.9887361180773325,1.0
Dnah9,0.014117652,14.421071,0.9887361180773325,1.0
Ecm2,0.014117652,14.905188,0.9887361180773325,1.0
Tbx2,0.014117652,18.706982,0.9887361180773325,1.0
Ppm1n,0.014117652,15.238732,0.9887361180773325,1.0
Sept12,0.014117652,14.773842,0.9887361180773325,1.0
Crip3,0.014117652,14.817471,0.9887361180773325,1.0
Fat4,0.014117652,16.542221,0.9887361180773325,1.0
Cdhr4,0.014117652,18.368137,0.9887361180773325,1.0
Lamb2,0.014117652,16.281654,0.9887361180773325,1.0
Grin1,0.014117652,18.469841,0.9887361180773325,1.0
Dlgap3,0.014117652,13.940285,0.9887361180773325,1.0
Zfp324,0.014117652,14.093127,0.9887361180773325,1.0
Kcnmb4,0.014117652,17.72318,0.9887361180773325,1.0
Fabp3,0.014117652,18.342327,0.9887361180773325,1.0
Spag4,0.014117652,18.482712,0.9887361180773325,1.0
Jhy,0.014117652,16.496906,0.9887361180773325,1.0
Kcnmb3,0.014117652,18.188255,0.9887361180773325,1.0
Tspo2,0.014117652,18.952217,0.9887361180773325,1.0
Pnliprp1,0.014117652,14.9140415,0.9887361180773325,1.0
Lrrn3,0.014117652,15.382188,0.9887361180773325,1.0
Ticam2,0.014117652,17.802176,0.9887361180773325,1.0
Tnfrsf13b,0.014117652,16.741236,0.9887361180773325,1.0
Smad9,0.014117652,16.576168,0.9887361180773325,1.0
Dnd1,0.014117652,16.24327,0.9887361180773325,1.0
Tmem132a,0.014117652,18.805191,0.9887361180773325,1.0
Lrrc75b,0.014117652,15.418251,0.9887361180773325,1.0
Pcdhb4,0.014117652,14.33951,0.9887361180773325,1.0
Itga8,0.014117652,17.726765,0.9887361180773325,1.0
Egfl7,0.014117652,17.940384,0.9887361180773325,1.0
BC051142,0.014117652,16.06638,0.9887361180773325,1.0
Mos,0.014117652,18.03135,0.9887361180773325,1.0
Nkx2-2,0.014117652,15.483334,0.9887361180773325,1.0
Gbgt1,0.014117652,17.867203,0.9887361180773325,1.0
Gfi1b,0.014117652,17.721136,0.9887361180773325,1.0
Zmynd10,0.014117652,17.702875,0.9887361180773325,1.0
Sspo,0.014117652,16.519167,0.9887361180773325,1.0
Igf2bp3,0.014117652,14.460353,0.9887361180773325,1.0
Krt31,0.014117652,16.899887,0.9887361180773325,1.0
Krt36,0.014117652,16.662495,0.9887361180773325,1.0
AW551984,0.014117652,15.2277355,0.9887361180773325,1.0
Cntn1,0.014117652,18.26952,0.9887361180773325,1.0
Cacng4,0.014117652,18.718233,0.9887361180773325,1.0
Mpig6b,0.014117652,16.04424,0.9887361180773325,1.0
Efcab1,0.014117652,15.105468,0.9887361180773325,1.0
Dach2,0.014117652,18.685905,0.9887361180773325,1.0
Cpeb1,0.014117652,18.408329,0.9887361180773325,1.0
Fbxo24,0.014117652,15.382188,0.9887361180773325,1.0
Krt84,0.014117652,17.350552,0.9887361180773325,1.0
Arl13a,0.014117652,18.80153,0.9887361180773325,1.0
Hoxc6,0.014117652,15.901792,0.9887361180773325,1.0
Fstl4,0.014117652,17.884977,0.9887361180773325,1.0
Shc3,0.014117652,18.940374,0.9887361180773325,1.0
Xkr7,0.014117652,15.483334,0.9887361180773325,1.0
Efcab8,0.014117652,18.890312,0.9887361180773325,1.0
Ggt7,0.014117652,17.659739,0.9887361180773325,1.0
Ism2,0.014117652,18.47534,0.9887361180773325,1.0
Zfp941,0.014117652,18.759693,0.9887361180773325,1.0
Nptx1,0.014117652,18.273413,0.9887361180773325,1.0
Slc4a11,0.014117652,14.551076,0.9887361180773325,1.0
Samd13,0.014117652,17.77692,0.9887361180773325,1.0
Wdr63,0.014117652,16.48422,0.9887361180773325,1.0
Tubb4a,0.014117652,18.270298,0.9887361180773325,1.0
Ubap1l,0.014117652,18.204391,0.9887361180773325,1.0
Guca1b,0.014117652,18.80397,0.9887361180773325,1.0
Camk2a,0.014117652,18.343151,0.9887361180773325,1.0
Pappa,0.014117652,13.151189,0.9887361180773325,1.0
Astn2,0.014117652,13.841685,0.9887361180773325,1.0
Terb1,0.014117652,18.182438,0.9887361180773325,1.0
Gprc5b,0.014117652,17.962234,0.9887361180773325,1.0
Kif26a,0.014117652,13.841685,0.9887361180773325,1.0
Adh6a,0.014117652,17.229067,0.9887361180773325,1.0
Cyp2c70,0.014117652,17.789757,0.9887361180773325,1.0
Flt1,0.014117652,18.548252,0.9887361180773325,1.0
Sec14l4,0.014117652,17.529089,0.9887361180773325,1.0
Shc4,0.014117652,16.511852,0.9887361180773325,1.0
Fgf7,0.014117652,19.026253,0.9887361180773325,1.0
Timp1,0.014117652,18.477179,0.9887361180773325,1.0
Prss53,0.014117652,15.488367,0.9887361180773325,1.0
Fermt2,0.014117652,16.915493,0.9887361180773325,1.0
Sstr3,0.014117652,16.281654,0.9887361180773325,1.0
Slc5a4a,0.014117652,16.432137,0.9887361180773325,1.0
Grin2b,0.014117652,14.953414,0.9887361180773325,1.0
Rbm11,0.014117652,15.215604,0.9887361180773325,1.0
Aldh1l2,0.014117652,16.101372,0.9887361180773325,1.0
Zfp286,0.014117652,15.284767,0.9887361180773325,1.0
Fezf1,0.014117652,14.33951,0.9887361180773325,1.0
Smad6,0.014117652,18.925243,0.9887361180773325,1.0
Hist1h2bp,0.014117652,17.746916,0.9887361180773325,1.0
Btn1a1,0.014117652,15.858465,0.9887361180773325,1.0
Enho,0.014117652,18.644884,0.9887361180773325,1.0
Ccl21a,0.014117652,16.868355,0.9887361180773325,1.0
Atp8b5,0.014117652,14.917429,0.9887361180773325,1.0
Galr1,0.014117652,15.105468,0.9887361180773325,1.0
Edar,0.014117652,18.463457,0.9887361180773325,1.0
Zfp354b,0.014117652,16.43234,0.9887361180773325,1.0
A2ml1,0.014117652,15.949939,0.9887361180773325,1.0
Tmem28,0.014117652,18.402258,0.9887361180773325,1.0
Clca3a1,0.014117652,18.98423,0.9887361180773325,1.0
Trim69,0.014117652,18.600155,0.9887361180773325,1.0
Fam221b,0.014117652,18.620745,0.9887361180773325,1.0
Rtl10,0.014117652,17.457396,0.9887361180773325,1.0
Tmem182,0.014117652,17.193483,0.9887361180773325,1.0
Plin5,0.014117652,14.967902,0.9887361180773325,1.0
Epha7,0.014117652,15.488367,0.9887361180773325,1.0
Tmem229a,0.014117652,14.953414,0.9887361180773325,1.0
Tvp23a,0.014117652,15.416751,0.9887361180773325,1.0
Dipk1c,0.014117652,15.382188,0.9887361180773325,1.0
Abca13,0.014117652,18.552164,0.9887361180773325,1.0
Eda2r,0.014117652,17.090256,0.9887361180773325,1.0
Ar,0.014117652,18.385933,0.9887361180773325,1.0
Gpc6,0.014117652,17.867771,0.9887361180773325,1.0
St6galnac1,0.014117652,18.127066,0.9887361180773325,1.0
Mxra7,0.014117652,17.010502,0.9887361180773325,1.0
Lrguk,0.014117652,18.845016,0.9887361180773325,1.0
Plekhb1,0.014117652,18.650198,0.9887361180773325,1.0
Necab2,0.014117652,18.674969,0.9887361180773325,1.0
Hoxd11,0.014117652,18.925243,0.9887361180773325,1.0
Hoxd9,0.014117652,17.91298,0.9887361180773325,1.0
Cass4,0.014117652,16.915493,0.9887361180773325,1.0
Sycp2,0.014117652,16.067795,0.9887361180773325,1.0
Gck,0.014117652,15.105468,0.9887361180773325,1.0
Ttc30a2,0.014117652,15.835544,0.9887361180773325,1.0
Ooep,0.014117652,16.61279,0.9887361180773325,1.0
Tafa1,0.014117652,18.667372,0.9887361180773325,1.0
Ces1c,0.014117652,18.00011,0.9887361180773325,1.0
Prph,0.014117652,16.873608,0.9887361180773325,1.0
Wdcp,0.014117652,18.581928,0.9887361180773325,1.0
Mfsd2b,0.014117652,15.178965,0.9887361180773325,1.0
Wdr35,0.014117652,18.608347,0.9887361180773325,1.0
Kcns3,0.014117652,13.841685,0.9887361180773325,1.0
Minar1,0.014117652,18.988573,0.9887361180773325,1.0
Zp2,0.014117652,14.400836,0.9887361180773325,1.0
Abca14,0.014117652,18.599134,0.9887361180773325,1.0
Mdfi,0.014117652,15.19344,0.9887361180773325,1.0
Skint8,0.014117652,16.386404,0.9887361180773325,1.0
Dlg2,0.014117652,18.690311,0.9887361180773325,1.0
Armc3,0.014117652,18.371506,0.9887361180773325,1.0
Iapp,0.014117652,13.841685,0.9887361180773325,1.0
Hils1,0.014117652,16.175728,0.9887361180773325,1.0
Samd14,0.014117652,15.961867,0.9887361180773325,1.0
Nxph3,0.014117652,15.268267,0.9887361180773325,1.0
Ngfr,0.014117652,18.068659,0.9887361180773325,1.0
Cyp2j13,0.014117652,18.202917,0.9887361180773325,1.0
Rerg,0.014117652,16.352224,0.9887361180773325,1.0
Exoc3l4,0.014117652,18.623344,0.9887361180773325,1.0
Olfr267,0.014117652,16.521326,0.9887361180773325,1.0
Zfp879,0.014117652,16.525654,0.9887361180773325,1.0
Mroh7,0.014117652,16.331081,0.9887361180773325,1.0
Cd59a,0.014117652,14.817471,0.9887361180773325,1.0
Nptx2,0.014117652,14.460353,0.9887361180773325,1.0
Ces2h,0.014117652,13.841685,0.9887361180773325,1.0
Egfl6,0.014117652,16.962786,0.9887361180773325,1.0
Efr3b,0.014117652,18.02299,0.9887361180773325,1.0
Dscaml1,0.014117652,18.934847,0.9887361180773325,1.0
Prss2,0.014117652,18.652864,0.9887361180773325,1.0
Slc9b1,0.014117652,16.874437,0.9887361180773325,1.0
Dennd2a,0.014117652,18.094818,0.9887361180773325,1.0
Plaat5,0.014117652,17.39407,0.9887361180773325,1.0
Rab3c,0.014117652,13.841685,0.9887361180773325,1.0
Ccno,0.014117652,17.729332,0.9887361180773325,1.0
Ocm,0.014117652,17.716547,0.9887361180773325,1.0
Plekhg4,0.014117652,15.105468,0.9887361180773325,1.0
Wdr31,0.014117652,16.017569,0.9887361180773325,1.0
Chn1,0.014117652,17.166271,0.9887361180773325,1.0
Chst3,0.014117652,18.105022,0.9887361180773325,1.0
Kifc5b,0.014117652,16.07126,0.9887361180773325,1.0
Slc35d3,0.014117652,17.505789,0.9887361180773325,1.0
Map3k19,0.014117652,18.655539,0.9887361180773325,1.0
Thap8,0.014117652,17.589832,0.9887361180773325,1.0
Gabrp,0.014117652,18.055445,0.9887361180773325,1.0
Proca1,0.014117652,16.483168,0.9887361180773325,1.0
Ripply1,0.014117652,16.547712,0.9887361180773325,1.0
Actr3b,0.014117652,17.237297,0.9887361180773325,1.0
Cnpy1,0.014117652,16.496906,0.9887361180773325,1.0
Adgrf3,0.014117652,15.194296,0.9887361180773325,1.0
Alox15,0.014117652,16.87001,0.9887361180773325,1.0
Gpr75,0.014117652,16.702177,0.9887361180773325,1.0
Ccdc92b,0.014117652,15.105468,0.9887361180773325,1.0
Pxdn,0.014117652,15.508147,0.9887361180773325,1.0
Myo1h,0.014117652,18.04432,0.9887361180773325,1.0
Ppp2r2c,0.014117652,18.910324,0.9887361180773325,1.0
Pcp2,0.014117652,15.101689,0.9887361180773325,1.0
Bhlha9,0.014117652,14.744031,0.9887361180773325,1.0
Carmil3,0.014117652,17.98757,0.9887361180773325,1.0
Taar8c,0.014117652,18.676058,0.9887361180773325,1.0
Taar9,0.014117652,16.908094,0.9887361180773325,1.0
Clhc1,0.014117652,18.833668,0.9887361180773325,1.0
Slc22a17,0.014117652,17.229067,0.9887361180773325,1.0
Tnnt2,0.014117652,18.94593,0.9887361180773325,1.0
Igfn1,0.014117652,14.790501,0.9887361180773325,1.0
Saa2,0.014117652,17.19001,0.9887361180773325,1.0
Rnf151,0.014117652,16.915493,0.9887361180773325,1.0
Ugt1a9,0.014117652,18.351423,0.9887361180773325,1.0
Mrln,0.014117652,17.809246,0.9887361180773325,1.0
Zfp449,0.014117652,18.422318,0.9887361180773325,1.0
Tbx15,0.014117652,16.07126,0.9887361180773325,1.0
Vtcn1,0.014117652,17.95005,0.9887361180773325,1.0
Tigd4,0.014117652,15.169591,0.9887361180773325,1.0
Kirrel,0.014117652,18.522177,0.9887361180773325,1.0
Elavl3,0.014117652,16.281654,0.9887361180773325,1.0
Ppfia4,0.014117652,17.905924,0.9887361180773325,1.0
Shisa4,0.014117652,18.67388,0.9887361180773325,1.0
Rnft2,0.014117652,18.38764,0.9887361180773325,1.0
Mapk12,0.014117652,16.283665,0.9887361180773325,1.0
Ppp1r32,0.014117652,18.607319,0.9887361180773325,1.0
Rbm20,0.014117652,16.961016,0.9887361180773325,1.0
Ctnna2,0.014117652,13.940285,0.9887361180773325,1.0
Vcan,0.014117652,17.802176,0.9887361180773325,1.0
Acad12,0.014117652,18.56596,0.9887361180773325,1.0
Tprg,0.014117652,16.367853,0.9887361180773325,1.0
Calhm3,0.014117652,15.284767,0.9887361180773325,1.0
Nes,0.014117652,17.685356,0.9887361180773325,1.0
Lbx2,0.014117652,18.793036,0.9887361180773325,1.0
Fam183b,0.014117652,17.10161,0.9887361180773325,1.0
Hist3h2ba,0.014117652,18.666292,0.9887361180773325,1.0
Dmkn,0.014117652,16.67087,0.9887361180773325,1.0
Rab26,0.014117652,14.785335,0.9887361180773325,1.0
Ropn1l,0.014117652,18.348108,0.9887361180773325,1.0
Rnd1,0.014117652,17.565483,0.9887361180773325,1.0
Wnt10b,0.014117652,17.562754,0.9887361180773325,1.0
F5,0.014117652,16.67087,0.9887361180773325,1.0
Tekt1,0.014117652,17.977005,0.9887361180773325,1.0
Zfp473,0.014117652,18.691414,0.9887361180773325,1.0
Myl9,0.014117652,18.808865,0.9887361180773325,1.0
Onecut2,0.014117652,17.557312,0.9887361180773325,1.0
Coro2b,0.014117652,15.743832,0.9887361180773325,1.0
Slc6a13,0.014117652,17.919481,0.9887361180773325,1.0
Slc6a12,0.014117652,15.024616,0.9887361180773325,1.0
Mtfmt,0.014117652,16.411985,0.9887361180773325,1.0
Grb10,0.014117652,15.763034,0.9887361180773325,1.0
L3mbtl4,0.014117652,18.702513,0.9887361180773325,1.0
Wfdc16,0.014117652,17.663649,0.9887361180773325,1.0
Frmpd4,0.014117652,18.833668,0.9887361180773325,1.0
Elovl3,0.014117652,17.699856,0.9887361180773325,1.0
Gngt1,0.014117652,15.608716,0.9887361180773325,1.0
Rslcan18,0.014117652,16.283665,0.9887361180773325,1.0
Blk,0.014117652,18.873266,0.9887361180773325,1.0
Dyrk4,0.014117652,18.560028,0.9887361180773325,1.0
Arhgap28,0.014117652,17.080597,0.9887361180773325,1.0
Xrra1,0.014117652,16.156187,0.9887361180773325,1.0
Nexn,0.014117652,15.866508,0.9887361180773325,1.0
Tmod1,0.014117652,18.570927,0.9887361180773325,1.0
Rpp25,0.014117652,18.42056,0.9887361180773325,1.0
Agbl3,0.014117652,18.548252,0.9887361180773325,1.0
Sdr16c5,0.014117652,16.03591,0.9887361180773325,1.0
Ninj2,0.014117652,18.36226,0.9887361180773325,1.0
Spag8,0.014117652,15.483334,0.9887361180773325,1.0
Ppp3r2,0.014117652,14.513384,0.9887361180773325,1.0
Psd,0.014117652,18.735323,0.9887361180773325,1.0
Stk36,0.014117652,15.215604,0.9887361180773325,1.0
Elovl2,0.014117652,14.729756,0.9887361180773325,1.0
Uchl1,0.014117652,16.281654,0.9887361180773325,1.0
Cnga1,0.014117652,16.335247,0.9887361180773325,1.0
Tspyl5,0.014117652,18.584946,0.9887361180773325,1.0
Tslp,0.014117652,18.529842,0.9887361180773325,1.0
Klk1b3,0.014117652,16.595158,0.9887361180773325,1.0
Amer2,0.014117652,18.560028,0.9887361180773325,1.0
Lix1l,0.014117652,18.671707,0.9887361180773325,1.0
Zfp738,0.014117652,18.936226,0.9887361180773325,1.0
Cdk5r2,0.014117652,13.841685,0.9887361180773325,1.0
Pcdhga1,0.014117652,16.913496,0.9887361180773325,1.0
Cpb2,0.014117652,15.365824,0.9887361180773325,1.0
Sec1,0.014117652,16.496906,0.9887361180773325,1.0
Mamstr,0.014117652,14.917429,0.9887361180773325,1.0
Reck,0.014117652,18.405724,0.9887361180773325,1.0
Syn1,0.014117652,15.104503,0.9887361180773325,1.0
Gpr162,0.014117652,18.471672,0.9887361180773325,1.0
Thsd7a,0.014117652,18.577915,0.9887361180773325,1.0
Rcan2,0.014117652,15.911631,0.9887361180773325,1.0
Adgrl3,0.014117652,18.043016,0.9887361180773325,1.0
Apobec2,0.014117652,18.845016,0.9887361180773325,1.0
BC051019,0.014117652,16.741236,0.9887361180773325,1.0
Fzd2,0.014117652,13.841685,0.9887361180773325,1.0
Igkv4-72,0.014117652,16.451344,0.9887361180773325,1.0
Mettl24,0.014117652,16.367853,0.9887361180773325,1.0
Lhfpl1,0.014117652,18.67933,0.9887361180773325,1.0
Fam229b,0.014117652,18.188255,0.9887361180773325,1.0
Adgrb3,0.014117652,16.78166,0.9887361180773325,1.0
Lix1,0.014117652,17.010502,0.9887361180773325,1.0
Tnfrsf8,0.014117652,18.705862,0.9887361180773325,1.0
Spag6l,0.014117652,18.112558,0.9887361180773325,1.0
Slc22a13,0.014117652,14.93556,0.9887361180773325,1.0
Slc34a1,0.014117652,16.281654,0.9887361180773325,1.0
Slc5a5,0.014117652,16.497543,0.9887361180773325,1.0
Ptpn14,0.014117652,15.578426,0.9887361180773325,1.0
Lypd3,0.014117652,16.962786,0.9887361180773325,1.0
Crlf1,0.014117652,17.88729,0.9887361180773325,1.0
C1qtnf9,0.014117652,17.485455,0.9887361180773325,1.0
Tmem26,0.014117652,16.612097,0.9887361180773325,1.0
Muc6,0.014117652,18.257147,0.9887361180773325,1.0
Kcnj10,0.014117652,15.508147,0.9887361180773325,1.0
Glb1l2,0.014117652,14.9191265,0.9887361180773325,1.0
Ntm,0.014117652,13.841685,0.9887361180773325,1.0
Adat3,0.014117652,18.20661,0.9887361180773325,1.0
Amh,0.014117652,18.349764,0.9887361180773325,1.0
Htr1d,0.014117652,17.353281,0.9887361180773325,1.0
Havcr1,0.014117652,18.560028,0.9887361180773325,1.0
Prl6a1,0.014117652,17.124268,0.9887361180773325,1.0
Gabrr2,0.014117652,18.937607,0.9887361180773325,1.0
Cfap206,0.014117652,15.996913,0.9887361180773325,1.0
Atp13a4,0.014117652,14.954864,0.9887361180773325,1.0
Aifm3,0.014117652,16.795483,0.9887361180773325,1.0
Rhbdl3,0.014117652,14.785335,0.9887361180773325,1.0
Spin4,0.014117652,18.262545,0.9887361180773325,1.0
Pcdh19,0.014117652,15.892018,0.9887361180773325,1.0
Pkd2l2,0.014117652,18.598116,0.9887361180773325,1.0
Hes7,0.014117652,17.977005,0.9887361180773325,1.0
Zfp114,0.014117652,18.727316,0.9887361180773325,1.0
Nr0b2,0.014117652,15.101689,0.9887361180773325,1.0
Fbxw13,0.014117652,16.947817,0.9887361180773325,1.0
Psg17,0.014117652,15.483334,0.9887361180773325,1.0
Enox1,0.014117652,17.20536,0.9887361180773325,1.0
Capn11,0.014117652,15.30266,0.9887361180773325,1.0
Hoxa1,0.014117652,16.31006,0.9887361180773325,1.0
Gnat2,0.014117652,17.203608,0.9887361180773325,1.0
Sypl2,0.014117652,16.291735,0.9887361180773325,1.0
Pcdhgb7,0.014117652,17.441498,0.9887361180773325,1.0
Ric3,0.014117652,17.001373,0.9887361180773325,1.0
Pla2g2d,0.014117652,18.043016,0.9887361180773325,1.0
Mesp2,0.014117652,18.03135,0.9887361180773325,1.0
Clic3,0.014117652,18.975595,0.9887361180773325,1.0
Fam167b,0.014117652,18.440033,0.9887361180773325,1.0
Caps2,0.014117652,16.657255,0.9887361180773325,1.0
H2-DMb2,0.014117652,17.019997,0.9887361180773325,1.0
Stra6,0.014117652,17.742758,0.9887361180773325,1.0
Egfl8,0.014117652,18.526962,0.9887361180773325,1.0
Igsf11,0.014117652,16.281654,0.9887361180773325,1.0
Ube2ql1,0.014117652,13.841685,0.9887361180773325,1.0
Tox2,0.014117652,19.46712,0.9887361180773325,1.0
Syngr4,0.014117652,17.35758,0.9887361180773325,1.0
Olfr699,0.014117652,17.699856,0.9887361180773325,1.0
Adamts4,0.014117652,18.46073,0.9887361180773325,1.0
ETV3L,0.014117652,18.346453,0.9887361180773325,1.0
Crabp2,0.014117652,18.797882,0.9887361180773325,1.0
Sult4a1,0.014117652,18.77624,0.9887361180773325,1.0
Hcar2,0.014117652,18.856483,0.9887361180773325,1.0
Hcar1,0.014117652,17.965912,0.9887361180773325,1.0
Tnfrsf25,0.014117652,18.700285,0.9887361180773325,1.0
Acot12,0.014117652,14.744031,0.9887361180773325,1.0
Prdm14,0.014117652,18.404856,0.9887361180773325,1.0
Vegfd,0.014117652,18.903612,0.9887361180773325,1.0
Nup210l,0.014117652,18.454393,0.9887361180773325,1.0
Npr1,0.014117652,18.314625,0.9887361180773325,1.0
Lrrc74b,0.014117652,13.841685,0.9887361180773325,1.0
Best1,0.014117652,18.605268,0.9887361180773325,1.0
Scd4,0.014117652,18.26564,0.9887361180773325,1.0
Crisp2,0.014117652,16.072363,0.9887361180773325,1.0
Efhb,0.014117652,17.867203,0.9887361180773325,1.0
Rxfp4,0.014117652,13.841685,0.9887361180773325,1.0
Tdrd5,0.014117652,17.701868,0.9887361180773325,1.0
Angptl1,0.014117652,17.365824,0.9887361180773325,1.0
Fgf18,0.014117652,16.919779,0.9887361180773325,1.0
Entpd3,0.014117652,18.842485,0.9887361180773325,1.0
Ulk4,0.014117652,16.335627,0.9887361180773325,1.0
Cck,0.014117652,15.737071,0.9887361180773325,1.0
Msh5,0.014117652,18.144554,0.9887361180773325,1.0
Nup62cl,0.014117652,16.259903,0.9887361180773325,1.0
Crnn,0.014117652,18.772673,0.9887361180773325,1.0
Rtkn2,0.014117652,17.844053,0.9887361180773325,1.0
Klhdc9,0.014117652,17.91416,0.9887361180773325,1.0
Yjefn3,0.014117652,17.699856,0.9887361180773325,1.0
Hes5,0.014117652,18.499466,0.9887361180773325,1.0
Slc4a5,0.014117652,13.151189,0.9887361180773325,1.0
Ccdc184,0.014117652,18.264866,0.9887361180773325,1.0
Nptxr,0.014117652,17.685356,0.9887361180773325,1.0
Syt6,0.014117652,17.210281,0.9887361180773325,1.0
Cyp26b1,0.014117652,18.84375,0.9887361180773325,1.0
Sncb,0.014117652,17.641802,0.9887361180773325,1.0
Tgfb2,0.014117652,18.028128,0.9887361180773325,1.0
Pde4c,0.014117652,18.700285,0.9887361180773325,1.0
Tmem132b,0.014117652,18.285162,0.9887361180773325,1.0
Ccdc190,0.014117652,18.47534,0.9887361180773325,1.0
Pcdhga3,0.014117652,18.860334,0.9887361180773325,1.0
Dner,0.014117652,13.841685,0.9887361180773325,1.0
Cyp27b1,0.014117652,18.152325,0.9887361180773325,1.0
Spata22,0.014117652,15.238732,0.9887361180773325,1.0
Higd1c,0.014117652,17.983831,0.9887361180773325,1.0
Vwa1,0.014117652,15.2923565,0.9887361180773325,1.0
Dpt,0.014117652,18.099571,0.9887361180773325,1.0
Gpr161,0.014117652,18.833668,0.9887361180773325,1.0
Mab21l3,0.014117652,17.98757,0.9887361180773325,1.0
Ccdc80,0.014117652,18.647007,0.9887361180773325,1.0
Evx1,0.014117652,17.010502,0.9887361180773325,1.0
Hist1h4a,0.014117652,14.551076,0.9887361180773325,1.0
Npy2r,0.014117652,14.460353,0.9887361180773325,1.0
Arhgef10,0.014117652,18.80153,0.9887361180773325,1.0
Prss16,0.014080303,-1.5086255,0.9887659147349561,1.0
Slamf9,0.014080303,-0.7304615,0.9887659147349561,1.0
Slc16a7,0.014080303,-0.5755417,0.9887659147349561,1.0
Tmem273,0.014061629,-0.27409896,0.9887808130696466,1.0
Slc5a9,0.014042955,-0.76613384,0.9887957114082491,1.0
Cdc45,0.013986932,-0.6423217,0.9888404064474776,1.0
Morn1,0.013986932,-1.3129263,0.9888404064474776,1.0
Orc1,0.013986932,-1.6567078,0.9888404064474776,1.0
Arhgap8,0.013650798,-1.1164033,0.9891085774134069,1.0
Anln,0.013594775,-0.55140376,0.9891532726948458,1.0
Smoc2,0.013482731,-1.3290961,0.9892426633597049,1.0
Proc,0.013426708,-1.2597775,0.9892873587428446,1.0
Poll,0.013408034,-0.36778334,0.9893022572113691,1.0
Itln1,0.013202619,-0.67580295,0.989466140610198,1.0
Ly6g6e,0.012679743,-0.5693638,0.9898833003421621,1.0
Fam221a,0.012324934,-0.8608068,0.9901663745995187,1.0
Gstm6,0.012287585,-1.099044,0.9901961719623948,1.0
Wipi1,0.010084037,-0.9162929,0.9919542391540186,1.0
Myb,0.0090196105,-0.67239743,0.9928034895208435,1.0
Plekhn1,0.008366016,-0.76981753,0.9933249631460056,1.0
Ptprs,0.0057142875,-0.44645512,0.9954406830628577,1.0
Dipk1a,0.0047619063,-0.63784415,0.9962005629010369,1.0
Zfp599,0.0007469657,-0.17559469,0.999404007669831,1.0
Lrrc58,0.000522876,-0.39296773,0.9995828053490956,1.0
Tmem37,0.00041083113,-0.15228024,0.9996722041971453,1.0
Cep126,0.00041083113,-0.2644125,0.9996722041971453,1.0
Chil3,0.00041083113,0.60380584,0.9996722041971453,1.0
Lrrc46,0.00037348285,0.1632694,0.9997020038141318,1.0
Zfp40,0.00037348285,-0.2310793,0.9997020038141318,1.0
Ribc1,0.00029878627,-0.096979946,0.9997616030493102,1.0
Smpdl3b,0.00029878627,0.22502638,0.9997616030493102,1.0
R3hdml,0.0002240897,0.6482943,0.9998212022858187,1.0
Stox2,0.0002240897,1.2220404,0.9998212022858187,1.0
Tcp11,0.0002240897,-0.47717938,0.9998212022858187,1.0
Hbb-bs,0.0002240897,0.6509508,0.9998212022858187,1.0
Map2,0.0002240897,2.353063,0.9998212022858187,1.0
Arhgap33,0.0002240897,-0.42493415,0.9998212022858187,1.0
Ybx2,0.0002240897,-0.6037157,0.9998212022858187,1.0
Rgma,0.0002240897,1.9710715,0.9998212022858187,1.0
Cma1,0.0002240897,0.9491503,0.9998212022858187,1.0
Fn1,0.0002240897,-0.4723763,0.9998212022858187,1.0
Homer3,0.00018674142,-0.38660464,0.999851001904468,1.0
Col9a3,0.00018674142,0.25470433,0.999851001904468,1.0
Ptges3l,0.00018674142,-0.33511558,0.999851001904468,1.0
Csf2,0.00018674142,0.20148453,0.999851001904468,1.0
Cacna1c,0.00018674142,1.1746804,0.999851001904468,1.0
Clec5a,0.00018674142,0.39051718,0.999851001904468,1.0
Megf11,0.00018674142,1.382432,0.999851001904468,1.0
Vpreb3,0.00018674142,1.2608792,0.999851001904468,1.0
Tmem53,0.00018674142,1.5535237,0.999851001904468,1.0
Myl6b,0.00018674142,-0.66091067,0.999851001904468,1.0
Gpr137c,0.00018674142,0.27205887,0.999851001904468,1.0
Cfap299,0.00018674142,0.6068122,0.999851001904468,1.0
Gprasp2,0.00018674142,0.048672546,0.999851001904468,1.0
Nt5c1a,0.00018674142,1.1630346,0.999851001904468,1.0
Frs3,0.00018674142,0.8664979,0.999851001904468,1.0
Eaf2,0.00018674142,-0.19313505,0.999851001904468,1.0
Zranb3,0.00014939313,0.025456773,0.9998808015233249,1.0
Msantd1,0.00014939313,0.8734468,0.9998808015233249,1.0
Plekhd1,0.00014939313,-0.39029664,0.9998808015233249,1.0
Zswim9,0.00014939313,-0.7558637,0.9998808015233249,1.0
Greb1l,0.00014939313,-0.3438869,0.9998808015233249,1.0
Bex1,0.00014939313,0.6373205,0.9998808015233249,1.0
Mro,0.00014939313,0.87515485,0.9998808015233249,1.0
Aqp12,0.00014939313,0.57890356,0.9998808015233249,1.0
Cox6a2,0.00014939313,0.055495627,0.9998808015233249,1.0
Pif1,0.00011204485,-0.3407517,0.9999106011423482,1.0
Eva1c,0.00011204485,-0.9736984,0.9999106011423482,1.0
Rassf9,0.00011204485,-0.726739,0.9999106011423482,1.0
Neurod1,0.00011204485,-1.1784292,0.9999106011423482,1.0
Kremen2,0.00011204485,-0.69301915,0.9999106011423482,1.0
Trim7,0.00011204485,-1.5275205,0.9999106011423482,1.0
Kcnh8,0.00011204485,-0.58556384,0.9999106011423482,1.0
Arxes2,0.00011204485,-0.2527883,0.9999106011423482,1.0
Fndc8,0.00011204485,-0.5180182,0.9999106011423482,1.0
Lgals1,0.00011204485,-0.36062288,0.9999106011423482,1.0
Pla2g5,0.00011204485,-0.6039427,0.9999106011423482,1.0
Vstm2l,0.00011204485,0.89343953,0.9999106011423482,1.0
Exoc3l,0.00011204485,-0.42317528,0.9999106011423482,1.0
Apol10b,0.00011204485,-0.7048245,0.9999106011423482,1.0
Sptbn2,0.00011204485,-0.57626957,0.9999106011423482,1.0
Hoxa4,7.469657e-05,-0.92894566,0.9999404007614962,1.0
Sardh,7.469657e-05,-1.3377898,0.9999404007614962,1.0
Lrp11,7.469657e-05,-1.8762288,0.9999404007614962,1.0
Slfn9,7.469657e-05,-1.0192782,0.9999404007614962,1.0
Pdzk1,7.469657e-05,-0.66477674,0.9999404007614962,1.0
Ms4a1,7.469657e-05,-0.81449044,0.9999404007614962,1.0
P2rx2,7.469657e-05,-1.8827138,0.9999404007614962,1.0
Hist1h2af,7.469657e-05,-1.3393878,0.9999404007614962,1.0
Rasl11a,7.469657e-05,-2.6340709,0.9999404007614962,1.0
Tenm4,7.469657e-05,-0.7110877,0.9999404007614962,1.0
Tbx1,7.469657e-05,-1.4613405,0.9999404007614962,1.0
Gria3,7.469657e-05,-0.6988231,0.9999404007614962,1.0
Syp,7.469657e-05,-2.3375893,0.9999404007614962,1.0
Trpv4,7.469657e-05,-1.1375062,0.9999404007614962,1.0
Zfp975,7.469657e-05,-1.7404419,0.9999404007614962,1.0
Siglec1,7.469657e-05,-0.33370277,0.9999404007614962,1.0
Tmem44,7.469657e-05,-1.0368875,0.9999404007614962,1.0
Il1r2,7.469657e-05,-0.45494178,0.9999404007614962,1.0
Colca2,3.7348284e-05,-0.98631334,0.9999702003807274,1.0
Mbd4,3.7348284e-05,-0.6622559,0.9999702003807274,1.0
Ffar3,0.0,0.0,1.0,1.0
Aoc3,0.0,0.0,1.0,1.0
Gpr119,0.0,0.0,1.0,1.0
Cyct,0.0,0.0,1.0,1.0
Calcb,0.0,0.0,1.0,1.0
Snca,0.0,0.0,1.0,1.0
Actl9,0.0,0.0,1.0,1.0
Spdya,0.0,0.0,1.0,1.0
Syne4,0.0,0.0,1.0,1.0
Clip3,0.0,0.0,1.0,1.0
Stox1,0.0,0.0,1.0,1.0
Slc38a5,0.0,0.0,1.0,1.0
Btbd18,0.0,0.0,1.0,1.0
Mei4,0.0,0.0,1.0,1.0
Htr1b,0.0,0.0,1.0,1.0
Shisa8,0.0,0.0,1.0,1.0
Ankrd61,0.0,0.0,1.0,1.0
Elavl4,0.0,0.0,1.0,1.0
Adamts9,0.0,0.0,1.0,1.0
Chst13,0.0,0.0,1.0,1.0
Chrna10,0.0,0.0,1.0,1.0
Ece2,0.0,0.0,1.0,1.0
Atp4a,0.0,0.0,1.0,1.0
Dlk1,0.0,0.0,1.0,1.0
AU021092,0.0,0.0,1.0,1.0
Trpc3,0.0,0.0,1.0,1.0
Cd164l2,0.0,0.0,1.0,1.0
Tnfrsf19,0.0,0.0,1.0,1.0
Ythdf2,0.0,0.0,1.0,1.0
Kif7,0.0,0.0,1.0,1.0
Mst1,0.0,0.0,1.0,1.0
Pnldc1,0.0,0.0,1.0,1.0
Tdo2,0.0,0.0,1.0,1.0
Cd200r3,0.0,0.0,1.0,1.0
Nr1h5,0.0,0.0,1.0,1.0
Dusp27,0.0,0.0,1.0,1.0
Tmem52,0.0,0.0,1.0,1.0
BC067074,0.0,0.0,1.0,1.0
Slc7a2,0.0,0.0,1.0,1.0
Pdgfrl,0.0,0.0,1.0,1.0
Syngr3,0.0,0.0,1.0,1.0
Aldh8a1,0.0,0.0,1.0,1.0
Taar8b,0.0,0.0,1.0,1.0
Poln,0.0,0.0,1.0,1.0
Cabp1,0.0,0.0,1.0,1.0
Morn4,0.0,0.0,1.0,1.0
Sfrp5,0.0,0.0,1.0,1.0
Fbxw22,0.0,0.0,1.0,1.0
Olfr1368,0.0,0.0,1.0,1.0
Stxbp5l,0.0,0.0,1.0,1.0
Tnc,0.0,0.0,1.0,1.0
Mpdz,0.0,0.0,1.0,1.0
Klrc3,0.0,0.0,1.0,1.0
Apold1,0.0,0.0,1.0,1.0
Shroom1,0.0,0.0,1.0,1.0
Cbln4,0.0,0.0,1.0,1.0
Vgll3,0.0,0.0,1.0,1.0
Notum,0.0,0.0,1.0,1.0
Pcdhb5,0.0,0.0,1.0,1.0
Npas3,0.0,0.0,1.0,1.0
Dhtkd1,0.0,0.0,1.0,1.0
Cacnb2,0.0,0.0,1.0,1.0
Celsr3,0.0,0.0,1.0,1.0
Tent5b,0.0,0.0,1.0,1.0
Grhl3,0.0,0.0,1.0,1.0
Frem2,0.0,0.0,1.0,1.0
Zfp92,0.0,0.0,1.0,1.0
Golga7b,0.0,0.0,1.0,1.0
H2al1n,0.0,0.0,1.0,1.0
Shc2,0.0,0.0,1.0,1.0
Dmrta1,0.0,0.0,1.0,1.0
Tas2r138,0.0,0.0,1.0,1.0
Adgrb1,0.0,0.0,1.0,1.0
Adh7,0.0,0.0,1.0,1.0
Fsip1,0.0,0.0,1.0,1.0
Jph4,0.0,0.0,1.0,1.0
Fitm1,0.0,0.0,1.0,1.0
Col27a1,0.0,0.0,1.0,1.0
Nova2,0.0,0.0,1.0,1.0
Fzd9,0.0,0.0,1.0,1.0
Ccl24,0.0,0.0,1.0,1.0
Ebf3,0.0,0.0,1.0,1.0
Six4,0.0,0.0,1.0,1.0
Tspan18,0.0,0.0,1.0,1.0
Fjx1,0.0,0.0,1.0,1.0
Dnah5,0.0,0.0,1.0,1.0
Raver2,0.0,0.0,1.0,1.0
Chodl,0.0,0.0,1.0,1.0
Adarb1,0.0,0.0,1.0,1.0
Apoa5,0.0,0.0,1.0,1.0
Llcfc1,0.0,0.0,1.0,1.0
Krt39,0.0,0.0,1.0,1.0
Ddit4l,0.0,0.0,1.0,1.0
Tmem61,0.0,0.0,1.0,1.0
Rsph10b,0.0,0.0,1.0,1.0
Slco1c1,0.0,0.0,1.0,1.0
Slco1b2,0.0,0.0,1.0,1.0
Tsx,0.0,0.0,1.0,1.0
Gxylt2,0.0,0.0,1.0,1.0
Il5ra,0.0,0.0,1.0,1.0
Lrrn1,0.0,0.0,1.0,1.0
Spata33,0.0,0.0,1.0,1.0
Flrt1,0.0,0.0,1.0,1.0
Kank4,0.0,0.0,1.0,1.0
Cdh11,0.0,0.0,1.0,1.0
Col1a1,0.0,0.0,1.0,1.0
Eqtn,0.0,0.0,1.0,1.0
Psg25,0.0,0.0,1.0,1.0
Tmem130,0.0,0.0,1.0,1.0
Ces2f,0.0,0.0,1.0,1.0
Arg1,0.0,0.0,1.0,1.0
Ffar1,0.0,0.0,1.0,1.0
Rhoj,0.0,0.0,1.0,1.0
Enpp6,0.0,0.0,1.0,1.0
Tenm3,0.0,0.0,1.0,1.0
Slc30a2,0.0,0.0,1.0,1.0
Col7a1,0.0,0.0,1.0,1.0
Asgr1,0.0,0.0,1.0,1.0
Spatc1l,0.0,0.0,1.0,1.0
Gper1,0.0,0.0,1.0,1.0
Adora1,0.0,0.0,1.0,1.0
Sez6,0.0,0.0,1.0,1.0
Prss41,0.0,0.0,1.0,1.0
Sbpl,0.0,0.0,1.0,1.0
Tgm4,0.0,0.0,1.0,1.0
Pacrg,0.0,0.0,1.0,1.0
Lmx1b,0.0,0.0,1.0,1.0
Hc,0.0,0.0,1.0,1.0
Oscar,0.0,0.0,1.0,1.0
Nuggc,0.0,0.0,1.0,1.0
Scara5,0.0,0.0,1.0,1.0
Abca8b,0.0,0.0,1.0,1.0
Car3,0.0,0.0,1.0,1.0
Aldh3b3,0.0,0.0,1.0,1.0
Hpcal4,0.0,0.0,1.0,1.0
Scarf2,0.0,0.0,1.0,1.0
Atg9b,0.0,0.0,1.0,1.0
Lrrc10b,0.0,0.0,1.0,1.0
Fbxo16,0.0,0.0,1.0,1.0
Tex14,0.0,0.0,1.0,1.0
Tspoap1,0.0,0.0,1.0,1.0
Kcnq4,0.0,0.0,1.0,1.0
Efnb3,0.0,0.0,1.0,1.0
Nudt10,0.0,0.0,1.0,1.0
Cldn34c1,0.0,0.0,1.0,1.0
Nme5,0.0,0.0,1.0,1.0
Nefl,0.0,0.0,1.0,1.0
Loxl2,0.0,0.0,1.0,1.0
P2rx6,0.0,0.0,1.0,1.0
Mmp7,0.0,0.0,1.0,1.0
Cfap53,0.0,0.0,1.0,1.0
Efs,0.0,0.0,1.0,1.0
Dll3,0.0,0.0,1.0,1.0
B3galt2,0.0,0.0,1.0,1.0
Th,0.0,0.0,1.0,1.0
Apela,0.0,0.0,1.0,1.0
Fetub,0.0,0.0,1.0,1.0
Hrg,0.0,0.0,1.0,1.0
Uts2b,0.0,0.0,1.0,1.0
Mmp20,0.0,0.0,1.0,1.0
Krt83,0.0,0.0,1.0,1.0
Krt4,0.0,0.0,1.0,1.0
Ssc5d,0.0,0.0,1.0,1.0
T2,0.0,0.0,1.0,1.0
Shcbp1l,0.0,0.0,1.0,1.0
Teddm2,0.0,0.0,1.0,1.0
Apol11a,0.0,0.0,1.0,1.0
Msrb3,0.0,0.0,1.0,1.0
Ackr2,0.0,0.0,1.0,1.0
Psors1c2,0.0,0.0,1.0,1.0
Tnfrsf22,0.0,0.0,1.0,1.0
Vgf,0.0,0.0,1.0,1.0
Serpine1,0.0,0.0,1.0,1.0
Gja4,0.0,0.0,1.0,1.0
Fkbp10,0.0,0.0,1.0,1.0
Pgbd5,0.0,0.0,1.0,1.0
Trim67,0.0,0.0,1.0,1.0
Klhl10,0.0,0.0,1.0,1.0
Cpne5,0.0,0.0,1.0,1.0
Shisal2b,0.0,0.0,1.0,1.0
Plac8l1,0.0,0.0,1.0,1.0
Il33,0.0,0.0,1.0,1.0
Gldc,0.0,0.0,1.0,1.0
Osmr,0.0,0.0,1.0,1.0
Slc2a2,0.0,0.0,1.0,1.0
Tmem30c,0.0,0.0,1.0,1.0
Prss12,0.0,0.0,1.0,1.0
Ank2,0.0,0.0,1.0,1.0
Krt14,0.0,0.0,1.0,1.0
Rab34,0.0,0.0,1.0,1.0
Krt87,0.0,0.0,1.0,1.0
Pappa2,0.0,0.0,1.0,1.0
Tnr,0.0,0.0,1.0,1.0
Dnah2,0.0,0.0,1.0,1.0
Bcan,0.0,0.0,1.0,1.0
Pip5kl1,0.0,0.0,1.0,1.0
Ap3b2,0.0,0.0,1.0,1.0
Fsd2,0.0,0.0,1.0,1.0
Plpp7,0.0,0.0,1.0,1.0
Hbb-bt,0.0,0.0,1.0,1.0
Actl6b,0.0,0.0,1.0,1.0
Foxn1,0.0,0.0,1.0,1.0
Tmc3,0.0,0.0,1.0,1.0
Cemip,0.0,0.0,1.0,1.0
Glis1,0.0,0.0,1.0,1.0
Capn6,0.0,0.0,1.0,1.0
Hspb8,0.0,0.0,1.0,1.0
Nat1,0.0,0.0,1.0,1.0
Shisal1,0.0,0.0,1.0,1.0
Scn8a,0.0,0.0,1.0,1.0
Hba-a1,0.0,0.0,1.0,1.0
Brsk1,0.0,0.0,1.0,1.0
Pfn4,0.0,0.0,1.0,1.0
Kcnh7,0.0,0.0,1.0,1.0
Cldn20,0.0,0.0,1.0,1.0
B4galt2,0.0,0.0,1.0,1.0
H2afy2,0.0,0.0,1.0,1.0
Avpr1b,0.0,0.0,1.0,1.0
Btbd17,0.0,0.0,1.0,1.0
Cfi,0.0,0.0,1.0,1.0
Cfap44,0.0,0.0,1.0,1.0
Tmcc2,0.0,0.0,1.0,1.0
Bhlhe41,0.0,0.0,1.0,1.0
Bcl6b,0.0,0.0,1.0,1.0
Fndc4,0.0,0.0,1.0,1.0
Pald1,0.0,0.0,1.0,1.0
Npffr1,0.0,0.0,1.0,1.0
Lct,0.0,0.0,1.0,1.0
Cd55b,0.0,0.0,1.0,1.0
Chrdl1,0.0,0.0,1.0,1.0
Evx2,0.0,0.0,1.0,1.0
Hoxd12,0.0,0.0,1.0,1.0
Rab36,0.0,0.0,1.0,1.0
Hrh3,0.0,0.0,1.0,1.0
Lama5,0.0,0.0,1.0,1.0
Srpk3,0.0,0.0,1.0,1.0
Col25a1,0.0,0.0,1.0,1.0
Npnt,0.0,0.0,1.0,1.0
Gsdma2,0.0,0.0,1.0,1.0
Crym,0.0,0.0,1.0,1.0
Pdzd9,0.0,0.0,1.0,1.0
Adamts7,0.0,0.0,1.0,1.0
Pthlh,0.0,0.0,1.0,1.0
Hoxd10,0.0,0.0,1.0,1.0
Pate2,0.0,0.0,1.0,1.0
Syce1,0.0,0.0,1.0,1.0
Sgcg,0.0,0.0,1.0,1.0
Acss3,0.0,0.0,1.0,1.0
Cdh2,0.0,0.0,1.0,1.0
Klhl14,0.0,0.0,1.0,1.0
Serpinb1c,0.0,0.0,1.0,1.0
Mapk8ip2,0.0,0.0,1.0,1.0
Nme9,0.0,0.0,1.0,1.0
Nfasc,0.0,0.0,1.0,1.0
Cacnb4,0.0,0.0,1.0,1.0
Rprm,0.0,0.0,1.0,1.0
Smim41,0.0,0.0,1.0,1.0
Ky,0.0,0.0,1.0,1.0
Zfp786,0.0,0.0,1.0,1.0
Podxl2,0.0,0.0,1.0,1.0
Klf1,0.0,0.0,1.0,1.0
Tmem269,0.0,0.0,1.0,1.0
Ntn1,0.0,0.0,1.0,1.0
Chit1,0.0,0.0,1.0,1.0
Neb,0.0,0.0,1.0,1.0
Mnx1,0.0,0.0,1.0,1.0
Kcnk3,0.0,0.0,1.0,1.0
Dpysl5,0.0,0.0,1.0,1.0
Slc30a3,0.0,0.0,1.0,1.0
Adgb,0.0,0.0,1.0,1.0
Srms,0.0,0.0,1.0,1.0
Wdr93,0.0,0.0,1.0,1.0
Ttll13,0.0,0.0,1.0,1.0
C5ar1,0.0,0.0,1.0,1.0
Kcnmb2,0.0,0.0,1.0,1.0
Psg26,0.0,0.0,1.0,1.0
Ptger1,0.0,0.0,1.0,1.0
Mapk4,0.0,0.0,1.0,1.0
Ppy,0.0,0.0,1.0,1.0
Mtmr2,0.0,0.0,1.0,1.0
Spag17,0.0,0.0,1.0,1.0
Fcrl5,0.0,0.0,1.0,1.0
Lhx3,0.0,0.0,1.0,1.0
Pcdhb18,0.0,0.0,1.0,1.0
Stx19,0.0,0.0,1.0,1.0
Pnmal2,0.0,0.0,1.0,1.0
Chrna5,0.0,0.0,1.0,1.0
Irx4,0.0,0.0,1.0,1.0
Mfsd13b,0.0,0.0,1.0,1.0
Erich3,0.0,0.0,1.0,1.0
Arhgef17,0.0,0.0,1.0,1.0
Faxc,0.0,0.0,1.0,1.0
Galr3,0.0,0.0,1.0,1.0
Ccdc155,0.0,0.0,1.0,1.0
Ntf5,0.0,0.0,1.0,1.0
Zfp651,0.0,0.0,1.0,1.0
Defb40,0.0,0.0,1.0,1.0
Epgn,0.0,0.0,1.0,1.0
Aqp7,0.0,0.0,1.0,1.0
Mchr1,0.0,0.0,1.0,1.0
Lman1l,0.0,0.0,1.0,1.0
Dcdc2a,0.0,0.0,1.0,1.0
Hyal5,0.0,0.0,1.0,1.0
Hsf3,0.0,0.0,1.0,1.0
Zfp442,0.0,0.0,1.0,1.0
Pf4,0.0,0.0,1.0,1.0
Habp2,0.0,0.0,1.0,1.0
Dnah11,0.0,0.0,1.0,1.0
Iqcn,0.0,0.0,1.0,1.0
Vash2,0.0,0.0,1.0,1.0
Pcdhb7,0.0,0.0,1.0,1.0
Pcdhb12,0.0,0.0,1.0,1.0
Pcdhb14,0.0,0.0,1.0,1.0
Nol4,0.0,0.0,1.0,1.0
Spock1,0.0,0.0,1.0,1.0
Adig,0.0,0.0,1.0,1.0
Kcnn1,0.0,0.0,1.0,1.0
Cpa2,0.0,0.0,1.0,1.0
Cald1,0.0,0.0,1.0,1.0
Gtsf1,0.0,0.0,1.0,1.0
Plppr3,0.0,0.0,1.0,1.0
Fstl1,0.0,0.0,1.0,1.0
Wnt8b,0.0,0.0,1.0,1.0
Cpt1c,0.0,0.0,1.0,1.0
Slc38a4,0.0,0.0,1.0,1.0
Lbp,0.0,0.0,1.0,1.0
Fzd10,0.0,0.0,1.0,1.0
Vsig8,0.0,0.0,1.0,1.0
Olfr424,0.0,0.0,1.0,1.0
Spta1,0.0,0.0,1.0,1.0
Fmn2,0.0,0.0,1.0,1.0
Clcnkb,0.0,0.0,1.0,1.0
Map6,0.0,0.0,1.0,1.0
Arx,0.0,0.0,1.0,1.0
Gdap1l1,0.0,0.0,1.0,1.0
Aicda,0.0,0.0,1.0,1.0
Prcd,0.0,0.0,1.0,1.0
Slc18a3,0.0,0.0,1.0,1.0
Gprin2,0.0,0.0,1.0,1.0
Cfap61,0.0,0.0,1.0,1.0
Cga,0.0,0.0,1.0,1.0
Unc79,0.0,0.0,1.0,1.0
Kcne2,0.0,0.0,1.0,1.0
Ascl1,0.0,0.0,1.0,1.0
Fam166b,0.0,0.0,1.0,1.0
Sapcd1,0.0,0.0,1.0,1.0
Wasf1,0.0,0.0,1.0,1.0
Dppa3,0.0,0.0,1.0,1.0
Rad21l,0.0,0.0,1.0,1.0
Prrt4,0.0,0.0,1.0,1.0
Fam71f2,0.0,0.0,1.0,1.0
Nrsn1,0.0,0.0,1.0,1.0
Dnajb7,0.0,0.0,1.0,1.0
Pitx1,0.0,0.0,1.0,1.0
Cplx1,0.0,0.0,1.0,1.0
Epha5,0.0,0.0,1.0,1.0
Ablim3,0.0,0.0,1.0,1.0
Syt8,0.0,0.0,1.0,1.0
Smim40,0.0,0.0,1.0,1.0
Fam92b,0.0,0.0,1.0,1.0
Tmem47,0.0,0.0,1.0,1.0
Itga11,0.0,0.0,1.0,1.0
Afap1l1,0.0,0.0,1.0,1.0
Hpx,0.0,0.0,1.0,1.0
Olfr700,0.0,0.0,1.0,1.0
Olfr702,0.0,0.0,1.0,1.0
Lrrn4cl,0.0,0.0,1.0,1.0
Brsk2,0.0,0.0,1.0,1.0
Mroh6,0.0,0.0,1.0,1.0
Sema3d,0.0,0.0,1.0,1.0
Ppp2r2b,0.0,0.0,1.0,1.0
Stk32a,0.0,0.0,1.0,1.0
Jakmip2,0.0,0.0,1.0,1.0
Spink5,0.0,0.0,1.0,1.0
Sparc,0.0,0.0,1.0,1.0
Ly6g6f,0.0,0.0,1.0,1.0
Oit3,0.0,0.0,1.0,1.0
Fam129c,0.0,0.0,1.0,1.0
Scgn,0.0,0.0,1.0,1.0
Marc1,0.0,0.0,1.0,1.0
Igsf21,0.0,0.0,1.0,1.0
Rprml,0.0,0.0,1.0,1.0
Wnt3,0.0,0.0,1.0,1.0
Lingo3,0.0,0.0,1.0,1.0
Sfta2,0.0,0.0,1.0,1.0
Abi3bp,0.0,0.0,1.0,1.0
Tmem45a,0.0,0.0,1.0,1.0
Obscn,0.0,0.0,1.0,1.0
Enah,0.0,0.0,1.0,1.0
Ros1,0.0,0.0,1.0,1.0
Prex2,0.0,0.0,1.0,1.0
Cldn5,0.0,0.0,1.0,1.0
Adprhl1,0.0,0.0,1.0,1.0
Spaca7,0.0,0.0,1.0,1.0
Tex29,0.0,0.0,1.0,1.0
Izumo1,0.0,0.0,1.0,1.0
Adgrf4,0.0,0.0,1.0,1.0
Slc5a7,0.0,0.0,1.0,1.0
Abcb4,0.0,0.0,1.0,1.0
Tulp2,0.0,0.0,1.0,1.0
Col4a1,0.0,0.0,1.0,1.0
Ankrd34b,0.0,0.0,1.0,1.0
Slc1a3,0.0,0.0,1.0,1.0
Shank3,0.0,0.0,1.0,1.0
Syt10,0.0,0.0,1.0,1.0
Ccdc106,0.0,0.0,1.0,1.0
Rnf17,0.0,0.0,1.0,1.0
Muc20,0.0,0.0,1.0,1.0
Steap4,0.0,0.0,1.0,1.0
Rbm24,0.0,0.0,1.0,1.0
Sstr5,0.0,0.0,1.0,1.0
Rgs6,0.0,0.0,1.0,1.0
St6gal2,0.0,0.0,1.0,1.0
Dnah7b,0.0,0.0,1.0,1.0
Nrxn1,0.0,0.0,1.0,1.0
Reep1,0.0,0.0,1.0,1.0
Plvap,0.0,0.0,1.0,1.0
Tmem74b,0.0,0.0,1.0,1.0
Cthrc1,0.0,0.0,1.0,1.0
Ttc25,0.0,0.0,1.0,1.0
Necab3,0.0,0.0,1.0,1.0
Actl10,0.0,0.0,1.0,1.0
Cavin2,0.0,0.0,1.0,1.0
Stbd1,0.0,0.0,1.0,1.0
Dazl,0.0,0.0,1.0,1.0
S100a7a,0.0,0.0,1.0,1.0
C2cd4d,0.0,0.0,1.0,1.0
Riiad1,0.0,0.0,1.0,1.0
Gipc3,0.0,0.0,1.0,1.0
Slc17a3,0.0,0.0,1.0,1.0
Opn1sw,0.0,0.0,1.0,1.0
S100a5,0.0,0.0,1.0,1.0
Sulf1,0.0,0.0,1.0,1.0
Jph1,0.0,0.0,1.0,1.0
Apod,0.0,0.0,1.0,1.0
Nat8f2,0.0,0.0,1.0,1.0
Ddx25,0.0,0.0,1.0,1.0
Kcnd3,0.0,0.0,1.0,1.0
Kcna2,0.0,0.0,1.0,1.0
Slc16a4,0.0,0.0,1.0,1.0
Ntn5,0.0,0.0,1.0,1.0
Ighg1,0.0,0.0,1.0,1.0
Rgs7,0.0,0.0,1.0,1.0
Ngb,0.0,0.0,1.0,1.0
Flrt2,0.0,0.0,1.0,1.0
Plk5,0.0,0.0,1.0,1.0
Egflam,0.0,0.0,1.0,1.0
Plin4,0.0,0.0,1.0,1.0
Kcnj14,0.0,0.0,1.0,1.0
Spaca4,0.0,0.0,1.0,1.0
Mid1,0.0,0.0,1.0,1.0
Tekt5,0.0,0.0,1.0,1.0
Scg2,0.0,0.0,1.0,1.0
Layn,0.0,0.0,1.0,1.0
Pgbd1,0.0,0.0,1.0,1.0
Nkapl,0.0,0.0,1.0,1.0
Tex26,0.0,0.0,1.0,1.0
Col23a1,0.0,0.0,1.0,1.0
Nrip2,0.0,0.0,1.0,1.0
Hapln4,0.0,0.0,1.0,1.0
Gpr153,0.0,0.0,1.0,1.0
Kdr,0.0,0.0,1.0,1.0
Smim1,0.0,0.0,1.0,1.0
Gfra1,0.0,0.0,1.0,1.0
Rnase12,0.0,0.0,1.0,1.0
Prkd1,0.0,0.0,1.0,1.0
Tmem262,0.0,0.0,1.0,1.0
Galnt17,0.0,0.0,1.0,1.0
Drp2,0.0,0.0,1.0,1.0
Ppp1r27,0.0,0.0,1.0,1.0
Pcdhgc5,0.0,-1.7833089,1.0,1.0
Chd5,0.0,0.0,1.0,1.0
Slc4a3,0.0,0.0,1.0,1.0
Pcdhgb1,0.0,0.0,1.0,1.0
Shoc1,0.0,0.0,1.0,1.0
Cby3,0.0,0.0,1.0,1.0
Syt3,0.0,0.0,1.0,1.0
Cav1,0.0,0.0,1.0,1.0
Gabbr2,0.0,0.0,1.0,1.0
Sgce,0.0,0.0,1.0,1.0
Gata4,0.0,0.0,1.0,1.0
Mogat1,0.0,0.0,1.0,1.0
Map1a,0.0,0.0,1.0,1.0
Wfdc6b,0.0,0.0,1.0,1.0
Col28a1,0.0,0.0,1.0,1.0
Gpr85,0.0,0.0,1.0,1.0
Aldoa-1,0.0,0.0,1.0,1.0
Gpha2,0.0,0.0,1.0,1.0
Tal2,0.0,0.0,1.0,1.0
Calcoco2,0.0,0.0,1.0,1.0
Asphd1,0.0,0.0,1.0,1.0
Pcdh7,0.0,0.0,1.0,1.0
Frmd5,0.0,0.0,1.0,1.0
Aire,0.0,0.0,1.0,1.0
Fam184b,0.0,0.0,1.0,1.0
Icam4,0.0,0.0,1.0,1.0
Tmem178,0.0,0.0,1.0,1.0
Npm2,0.0,0.0,1.0,1.0
Cyp24a1,0.0,0.0,1.0,1.0
Tmem178b,0.0,0.0,1.0,1.0
Wee2,0.0,0.0,1.0,1.0
Clec2f,0.0,0.0,1.0,1.0
Vmn2r57,0.0,0.0,1.0,1.0
Pdia2,0.0,0.0,1.0,1.0
Mag,0.0,0.0,1.0,1.0
Reg1,0.0,0.0,1.0,1.0
Eva1a,0.0,0.0,1.0,1.0
Synpo2l,0.0,0.0,1.0,1.0
Dcst2,0.0,0.0,1.0,1.0
Fmr1nb,0.0,0.0,1.0,1.0
Gabrb2,0.0,0.0,1.0,1.0
Phyhipl,0.0,0.0,1.0,1.0
Bicc1,0.0,0.0,1.0,1.0
Grid1,0.0,0.0,1.0,1.0
Hey2,0.0,0.0,1.0,1.0
Lrrc36,0.0,0.0,1.0,1.0
Agrp,0.0,0.0,1.0,1.0
Gls2,0.0,0.0,1.0,1.0
Itgb1bp2,0.0,0.0,1.0,1.0
Dcaf12l1,0.0,0.0,1.0,1.0
Apln,0.0,0.0,1.0,1.0
Lhfpl4,0.0,0.0,1.0,1.0
Cryab,0.0,0.0,1.0,1.0
Nlgn3,0.0,0.0,1.0,1.0
Hsd17b1,0.0,0.0,1.0,1.0
Ccr10,0.0,0.0,1.0,1.0
Celf5,0.0,0.0,1.0,1.0
Ramp2,0.0,0.0,1.0,1.0
Trex2,0.0,0.0,1.0,1.0
Rgs4,0.0,0.0,1.0,1.0
Olfml2b,0.0,0.0,1.0,1.0
Pcsk6,0.0,0.0,1.0,1.0
Zfp365,0.0,0.0,1.0,1.0
Slc25a21,0.0,0.0,1.0,1.0
Pdx1,0.0,0.0,1.0,1.0
Gpr182,0.0,0.0,1.0,1.0
Wfdc15b,0.0,0.0,1.0,1.0
Mustn1,0.0,0.0,1.0,1.0
Hist1h4j,0.0,0.0,1.0,1.0
Ak5,0.0,0.0,1.0,1.0
Zfp300,0.0,0.0,1.0,1.0
Igfbpl1,0.0,0.0,1.0,1.0
Acbd7,0.0,0.0,1.0,1.0
Slit1,0.0,0.0,1.0,1.0
Tmem198,0.0,0.0,1.0,1.0
Gprin1,0.0,0.0,1.0,1.0
Ccl8,0.0,0.0,1.0,1.0
Lzts1,0.0,0.0,1.0,1.0
Ltf,0.0,0.0,1.0,1.0
Stac,0.0,0.0,1.0,1.0
Unc13a,0.0,0.0,1.0,1.0
P3h3,0.0,0.0,1.0,1.0
Lama4,0.0,0.0,1.0,1.0
Ccn6,0.0,0.0,1.0,1.0
Aldh1a3,0.0,0.0,1.0,1.0
Pdcl2,0.0,0.0,1.0,1.0
Slc13a5,0.0,0.0,1.0,1.0
Clstn3,0.0,0.0,1.0,1.0
C1rl,0.0,0.0,1.0,1.0
C1s1,0.0,0.0,1.0,1.0
Tmprss11a,0.0,0.0,1.0,1.0
Fam171a2,0.0,0.0,1.0,1.0
Car14,0.0,0.0,1.0,1.0
Prdm5,0.0,0.0,1.0,1.0
Vwa5b2,0.0,0.0,1.0,1.0
Iqch,0.0,0.0,1.0,1.0
Isl1,0.0,0.0,1.0,1.0
Hcn1,0.0,0.0,1.0,1.0
Piezo2,0.0,0.0,1.0,1.0
Mybpc2,0.0,0.0,1.0,1.0
Apon,0.0,0.0,1.0,1.0
Tex15,0.0,0.0,1.0,1.0
Olfr164,0.0,0.0,1.0,1.0
Lamp3,0.0,0.0,1.0,1.0
Cyp2ab1,0.0,0.0,1.0,1.0
Galnt18,0.0,0.0,1.0,1.0
Cdh3,0.0,0.0,1.0,1.0
Osbp2,0.0,0.0,1.0,1.0
Adcy1,0.0,0.0,1.0,1.0
Igfbp3,0.0,0.0,1.0,1.0
Eda,0.0,0.0,1.0,1.0
Aatk,0.0,0.0,1.0,1.0
Cidea,0.0,0.0,1.0,1.0
Klhl33,0.0,0.0,1.0,1.0
Ebf1,0.0,0.0,1.0,1.0
Igfbp5,0.0,0.0,1.0,1.0
Serpina10,0.0,0.0,1.0,1.0
Megf6,0.0,0.0,1.0,1.0
Slc16a12,0.0,0.0,1.0,1.0
Scrn1,0.0,0.0,1.0,1.0
Zfp641,0.0,0.0,1.0,1.0
Olfr658,0.0,0.0,1.0,1.0
Rarres1,0.0,0.0,1.0,1.0
Kif17,0.0,0.0,1.0,1.0
Mageb3,0.0,0.0,1.0,1.0
Zkscan4,0.0,0.0,1.0,1.0
Ms4a15,0.0,0.0,1.0,1.0
Gpbar1,0.0,0.0,1.0,1.0
Acot9,0.0,0.0,1.0,1.0
Klk10,0.0,0.0,1.0,1.0
Klk15,0.0,0.0,1.0,1.0
Klk1b11,0.0,0.0,1.0,1.0
Amd2,0.0,0.0,1.0,1.0
Sh3tc2,0.0,0.0,1.0,1.0
Matn4,0.0,0.0,1.0,1.0
Dgki,0.0,0.0,1.0,1.0
Mamld1,0.0,0.0,1.0,1.0
Klrg2,0.0,0.0,1.0,1.0
Ppp1r3c,0.0,0.0,1.0,1.0
Duox1,0.0,0.0,1.0,1.0
Hist2h2aa1,0.0,0.0,1.0,1.0
Gpr83,0.0,0.0,1.0,1.0
Mindy4,0.0,0.0,1.0,1.0
Ghrhr,0.0,0.0,1.0,1.0
Zglp1,0.0,0.0,1.0,1.0
Timm29,0.0,0.0,1.0,1.0
Fbln5,0.0,0.0,1.0,1.0
Atp6v0a4,0.0,0.0,1.0,1.0
Tcf7l1,-3.7348284e-05,-0.79844093,0.9999702003807274,1.0
Camk2n2,-3.7348284e-05,-1.0023121,0.9999702003807274,1.0
Hmga2,-7.469657e-05,-0.683422,0.9999404007614962,1.0
Ebi3,-0.0002240897,-0.7945406,0.9998212022858187,1.0
Slc25a47,-0.0002240897,-1.9435046,0.9998212022858187,1.0
Hoxa10,-0.00033613454,-0.7577156,0.9997318034315339,1.0
Aurkb,-0.0004855277,-1.3719722,0.9996126049645856,1.0
Bub1b,-0.0005415501,-0.7064752,0.9995679055415662,1.0
Peli2,-0.00078431395,-0.7271189,0.9993742080592873,1.0
Cd302,-0.0010084037,-1.081578,0.9991954104158122,1.0
Gga2,-0.001045752,-0.6763703,0.9991656108122519,1.0
Plpp3,-0.0019047625,-0.9332705,0.9984802203357306,1.0
Arsg,-0.001960785,-0.95325184,0.9984355209903067,1.0
Axin2,-0.0021101781,-0.5056921,0.9983163227602296,1.0
Dmd,-0.0021288523,-0.4700601,0.9983014229840576,1.0
Nfib,-0.0076937466,-0.91465294,0.9938613389901731,1.0
Fosb,-0.013408034,-0.22311525,0.9893022572113691,1.0
Tmem107,-0.0135761015,-0.41341522,0.9891681711295636,1.0
Dok3,-0.01370682,0.15119052,0.9890638821661487,1.0
Cox6b2,-0.013762843,-0.3058096,0.9890191869532114,1.0
Ccsap,-0.013762843,-0.3464339,0.9890191869532114,1.0
Rtn1,-0.013781517,-0.07591112,0.9890042885565502,1.0
Sbsn,-0.013818865,-0.52267134,0.9889744917747355,1.0
Fgf12,-0.013818865,-1.1239296,0.9889744917747355,1.0
Paqr3,-0.013818865,-0.38464472,0.9889744917747355,1.0
Gja1,-0.0138748875,-0.45723578,0.9889297966308611,1.0
Zscan25,-0.013893561,-0.8325859,0.9889148982572831,1.0
Mfsd4b4,-0.013893561,-0.7704113,0.9889148982572831,1.0
Snx24,-0.013912235,-0.5975008,0.9888999998875704,1.0
Soga1,-0.013912235,1.3399099,0.9888999998875704,1.0
Lingo4,-0.013912235,0.8414546,0.9888999998875704,1.0
BC049762,-0.013912235,2.127376,0.9888999998875704,1.0
Art4,-0.013912235,1.2068506,0.9888999998875704,1.0
Adamdec1,-0.013912235,2.8274972,0.9888999998875704,1.0
Fras1,-0.013912235,0.23954663,0.9888999998875704,1.0
Tgfb1i1,-0.013912235,-0.275129,0.9888999998875704,1.0
Rwdd2a,-0.013912235,1.4112686,0.9888999998875704,1.0
Hoxa11,-0.01393091,-0.37702668,0.9888851015217284,1.0
Ccdc8,-0.01393091,-0.5430049,0.9888851015217284,1.0
Smoc1,-0.013949584,-0.78155726,0.988870203159762,1.0
Sapcd2,-0.013949584,0.025197228,0.988870203159762,1.0
U2af1l4,-0.013949584,1.074917,0.988870203159762,1.0
Rnf144b,-0.013949584,0.2915272,0.988870203159762,1.0
Mmaa,-0.013949584,-1.4605268,0.988870203159762,1.0
AI987944,-0.013949584,-0.04368084,0.988870203159762,1.0
Rab44,-0.013949584,-0.11233314,0.988870203159762,1.0
Zik1,-0.013949584,-0.53162366,0.988870203159762,1.0
Zfp991,-0.013949584,0.80720943,0.988870203159762,1.0
Ighg3,-0.013949584,0.41616812,0.988870203159762,1.0
Gprc5c,-0.013949584,-0.29531094,0.988870203159762,1.0
Spon2,-0.013968258,-1.101026,0.9888553048016767,1.0
Prdm16,-0.013968258,-1.0081466,0.9888553048016767,1.0
Smarcd3,-0.013986932,-1.1850685,0.9888404064474776,1.0
Runx1t1,-0.013986932,-1.1743191,0.9888404064474776,1.0
Kcnv2,-0.013986932,-0.978071,0.9888404064474776,1.0
Tle6,-0.013986932,-1.3699316,0.9888404064474776,1.0
Slc29a4,-0.013986932,-0.022103438,0.9888404064474776,1.0
Zfp28,-0.013986932,-1.502581,0.9888404064474776,1.0
Adam11,-0.013986932,-0.45538726,0.9888404064474776,1.0
Cacna1e,-0.013986932,-1.1623231,0.9888404064474776,1.0
Rasl2-9,-0.013986932,-0.90963143,0.9888404064474776,1.0
Adgrf5,-0.013986932,-0.9137704,0.9888404064474776,1.0
Pdgfc,-0.013986932,-1.0493804,0.9888404064474776,1.0
Tmem119,-0.013986932,-0.96250653,0.9888404064474776,1.0
Inca1,-0.014005607,-1.291465,0.9888255080971698,1.0
Jag2,-0.014005607,-1.8848311,0.9888255080971698,1.0
Prkn,-0.014005607,-1.1701716,0.9888255080971698,1.0
Mymx,-0.014005607,-1.4324576,0.9888255080971698,1.0
Dbil5,-0.014024281,-3.8827896,0.9888106097507586,1.0
Slc39a2,-0.014024281,-1.7509031,0.9888106097507586,1.0
Kif1a,-0.014024281,-2.4835265,0.9888106097507586,1.0
Klk1b5,-0.014024281,-2.1551375,0.9888106097507586,1.0
Ltn1,-0.014024281,-1.231233,0.9888106097507586,1.0
Rdh7,-0.014024281,-3.0883868,0.9888106097507586,1.0
Klb,-0.014024281,-1.6852188,0.9888106097507586,1.0
Nynrin,-0.014024281,-1.2600821,0.9888106097507586,1.0
Plp1,-0.014024281,-1.3082234,0.9888106097507586,1.0
Amigo2,-0.014024281,-2.3110979,0.9888106097507586,1.0
Ubd,-0.014024281,-3.459072,0.9888106097507586,1.0
Fbxl16,-0.014024281,-2.4710903,0.9888106097507586,1.0
Ranbp17,-0.014024281,-1.7140162,0.9888106097507586,1.0
Ret,-0.014024281,-3.3519638,0.9888106097507586,1.0
Zfp69,-0.014024281,-2.7323434,0.9888106097507586,1.0
Gnao1,-0.014024281,-1.6639315,0.9888106097507586,1.0
Inka2,-0.014024281,-0.9031551,0.9888106097507586,1.0
Efcab9,-0.014024281,-0.9013142,0.9888106097507586,1.0
Bend6,-0.014024281,-0.9802568,0.9888106097507586,1.0
Pilrb1,-0.014024281,-1.6611829,0.9888106097507586,1.0
Rgs8,-0.014024281,-1.3486289,0.9888106097507586,1.0
Tnfaip8l3,-0.014024281,-1.335641,0.9888106097507586,1.0
Htra1,-0.014024281,-1.3970064,0.9888106097507586,1.0
Bco1,-0.014024281,-2.5898511,0.9888106097507586,1.0
Slc2a10,-0.014042955,-1.3564911,0.9887957114082491,1.0
Wdr54,-0.014080303,-2.2046885,0.9887659147349561,1.0
Cd276,-0.014080303,-1.973083,0.9887659147349561,1.0
Pax4,-0.014080303,-2.686147,0.9887659147349561,1.0
Pyy,-0.014080303,-1.7004316,0.9887659147349561,1.0
Fgd1,-0.014098978,-0.30796722,0.9887510164041831,1.0
Krt23,-0.0141736735,-1.4706247,0.988691423120368,1.0
E2f1,-0.014192348,-0.655105,0.9886765248092595,1.0
Skp2,-0.014192348,-0.78897005,0.9886765248092595,1.0
Vegfc,-0.01424837,-1.7532963,0.9886318298996457,1.0
Slc43a3,-0.014285719,-1.1964973,0.9886020333130483,1.0
Sgtb,-0.014285719,-2.4496534,0.9886020333130483,1.0
Duox2,-0.014360415,-0.5244363,0.9885424401875887,1.0
Nr6a1,-0.01437909,-1.4022204,0.988527541916199,1.0
Zbtb12,-0.014491134,-0.5152556,0.9884381523720513,1.0
Pemt,-0.014565831,-0.9870963,0.9883785594231824,1.0
Gzmb,-0.014845943,-0.34008414,0.988155086445103,1.0
Glis3,-0.014864617,-0.6550345,0.9881401882794127,1.0
Prxl2a,-0.015182078,-1.3065486,0.9878869200996484,1.0
Pole,-0.015910368,-0.45639428,0.9873058977529875,1.0
Cdc42ep1,-0.015985066,-0.75891834,0.9872463060928881,1.0
Fmo4,-0.016078437,-2.044893,0.9871718166178635,1.0
Tmeff1,-0.016489267,-1.0014828,0.986844064265008,1.0
Lrp5,-0.017366951,-0.8827036,0.9861438735652345,1.0
Krt7,-0.021120455,-0.53162956,0.9831495680621823,1.0
Top2a,-0.027338944,-0.676208,0.9781893956603609,1.0
Hacd4,-0.02741364,-0.15313278,0.9781298187512952,1.0
Ltk,-0.027600382,0.4224795,0.9779808770130893,1.0
Dbn1,-0.027600382,0.06586738,0.9779808770130893,1.0
Zfp78,-0.027600382,0.5701915,0.9779808770130893,1.0
Zfp944,-0.027712427,-0.10945764,0.9778915123383122,1.0
Inka1,-0.027787123,0.3617827,0.9778319360425471,1.0
Fam83c,-0.027787123,0.7539704,0.9778319360425471,1.0
Hba-a2,-0.027787123,0.53501797,0.9778319360425471,1.0
Fam187b,-0.02782447,-0.49459043,0.977802147941015,1.0
Zfp551,-0.027936516,-0.5446354,0.977712783822319,1.0
Plekhf1,-0.027936516,-0.1465996,0.977712783822319,1.0
Krt80,-0.027936516,-0.66254455,0.977712783822319,1.0
Ago4,-0.027936516,-0.50507456,0.977712783822319,1.0
Rhov,-0.027936516,-0.59861434,0.977712783822319,1.0
Zfp759,-0.027973864,-0.7116495,0.9776829958448587,1.0
BC024139,-0.027973864,-0.36511233,0.9776829958448587,1.0
Prkcg,-0.028011214,-0.81614035,0.9776532078985202,1.0
Hmmr,-0.028011214,-0.68025744,0.9776532078985202,1.0
Azgp1,-0.028011214,-1.3832208,0.9776532078985202,1.0
Ubtd2,-0.028048562,-0.8862287,0.9776234199833449,1.0
Slc16a8,-0.028048562,0.5034708,0.9776234199833449,1.0
Bend5,-0.028048562,-0.76283085,0.9776234199833449,1.0
Itih2,-0.028048562,-0.810615,0.9776234199833449,1.0
Serpinc1,-0.028048562,-1.3087882,0.9776234199833449,1.0
Sh2d4b,-0.028048562,0.08066616,0.9776234199833449,1.0
Ppp1r3f,-0.028048562,0.1683575,0.9776234199833449,1.0
Abo,-0.028048562,-0.74430704,0.9776234199833449,1.0
Rsph3a,-0.02808591,-1.2576541,0.9775936320993744,1.0
Mme,-0.02808591,-1.8078314,0.9775936320993744,1.0
Fam124a,-0.02808591,-1.2571067,0.9775936320993744,1.0
Zfp423,-0.02808591,-1.0484505,0.9775936320993744,1.0
Cfap300,-0.02808591,-1.081714,0.9775936320993744,1.0
Nid1,-0.02808591,-0.89367074,0.9775936320993744,1.0
L3hypdh,-0.02808591,-1.6270365,0.9775936320993744,1.0
Gpc3,-0.02808591,-1.442478,0.9775936320993744,1.0
Shh,-0.02808591,-1.0507659,0.9775936320993744,1.0
Clcn1,-0.02808591,-0.9270399,0.9775936320993744,1.0
Prr22,-0.02808591,0.088922136,0.9775936320993744,1.0
Egf,-0.02808591,-1.0184538,0.9775936320993744,1.0
Tnfrsf11b,-0.02808591,-1.361109,0.9775936320993744,1.0
Aunip,-0.02808591,-1.0850922,0.9775936320993744,1.0
Mmp23,-0.02808591,-0.89607716,0.9775936320993744,1.0
Mtss2,-0.02808591,-1.1646901,0.9775936320993744,1.0
Tbxas1,-0.02808591,-0.9629874,0.9775936320993744,1.0
Exd1,-0.02808591,-0.36415958,0.9775936320993744,1.0
Rfx6,-0.028123258,-3.346346,0.9775638442466502,1.0
Tsga10ip,-0.028123258,-1.9591601,0.9775638442466502,1.0
Extl1,-0.028123258,-2.757939,0.9775638442466502,1.0
Myo3a,-0.028123258,-2.2761004,0.9775638442466502,1.0
Rnf208,-0.028123258,-2.1971695,0.9775638442466502,1.0
Ccdc89,-0.028123258,-2.7397661,0.9775638442466502,1.0
Bricd5,-0.028123258,-1.931826,0.9775638442466502,1.0
Abcg8,-0.028123258,-1.3893881,0.9775638442466502,1.0
Retnla,-0.028123258,-2.1927,0.9775638442466502,1.0
Gask1b,-0.028123258,-1.2373738,0.9775638442466502,1.0
Hist1h1t,-0.028123258,-3.8789327,0.9775638442466502,1.0
Erich2,-0.028123258,-3.1390665,0.9775638442466502,1.0
Hmx2,-0.028123258,-4.1596365,0.9775638442466502,1.0
Sertad4,-0.028123258,-1.76655,0.9775638442466502,1.0
Armcx6,-0.028123258,-1.8129587,0.9775638442466502,1.0
Mb,-0.028123258,-2.1096191,0.9775638442466502,1.0
Gng7,-0.028123258,-1.9144523,0.9775638442466502,1.0
Abcc8,-0.028123258,-4.1061683,0.9775638442466502,1.0
Car7,-0.028123258,-2.9480808,0.9775638442466502,1.0
Ptprn,-0.028123258,-4.465297,0.9775638442466502,1.0
Zfyve28,-0.028123258,-1.291192,0.9775638442466502,1.0
Dnaaf4,-0.028123258,-1.7753165,0.9775638442466502,1.0
Xlr3c,-0.028123258,-2.9535325,0.9775638442466502,1.0
Nkpd1,-0.028123258,-3.3159041,0.9775638442466502,1.0
Eid3,-0.028123258,-2.1459846,0.9775638442466502,1.0
Cmklr1,-0.028123258,-1.4796878,0.9775638442466502,1.0
Disp2,-0.028123258,-1.91131,0.9775638442466502,1.0
Iigp1,-0.028123258,-3.9334254,0.9775638442466502,1.0
Zfp618,-0.028123258,-1.6198771,0.9775638442466502,1.0
Amph,-0.028123258,-3.3556042,0.9775638442466502,1.0
Lrrc27,-0.028123258,-1.888421,0.9775638442466502,1.0
Nfe2l3,-0.028123258,-2.551142,0.9775638442466502,1.0
Plekha4,-0.028123258,-3.3333445,0.9775638442466502,1.0
Cacna1a,-0.028123258,-4.8491898,0.9775638442466502,1.0
Oaz3,-0.028123258,-1.724666,0.9775638442466502,1.0
Timp4,-0.028123258,-2.7709014,0.9775638442466502,1.0
Gpm6a,-0.028123258,-1.800449,0.9775638442466502,1.0
S100a2,-0.028123258,-3.706667,0.9775638442466502,1.0
Hus1b,-0.028123258,-1.2862595,0.9775638442466502,1.0
Hmx3,-0.028123258,-3.8127787,0.9775638442466502,1.0
Zfp57,-0.028123258,-1.1497638,0.9775638442466502,1.0
Fbp1,-0.028123258,-3.5859778,0.9775638442466502,1.0
Avpr2,-0.028123258,-3.9571126,0.9775638442466502,1.0
Myl7,-0.028141933,-1.1620029,0.9775489503320185,1.0
Cyp2c23,-0.028160606,-3.2209067,0.9775340564252138,1.0
Zfp334,-0.028160606,-3.4106297,0.9775340564252138,1.0
Cxxc4,-0.028160606,-1.74581,0.9775340564252138,1.0
Prickle1,-0.028160606,-1.8992804,0.9775340564252138,1.0
Lratd1,-0.028160606,-1.48641,0.9775340564252138,1.0
Syt2,-0.028197955,-1.5940373,0.9775042686351068,1.0
Fkbp14,-0.028235303,-1.8810868,0.9774744808763706,1.0
Adamts15,-0.028272651,-1.8466009,0.9774446931490468,1.0
C3,-0.028272651,-0.59912217,0.9774446931490468,1.0
Cdca2,-0.028422045,-0.8032865,0.9773255425547055,1.0
Ppp1r14a,-0.028534088,-1.2644875,0.9772361799408138,1.0
Fsbp,-0.028646134,-1.3915181,0.9771468176126227,1.0
Kiss1r,-0.028646134,-1.5040977,0.9771468176126227,1.0
Dapk1,-0.028832875,-1.2927579,0.9769978810369054,1.0
Dffb,-0.02894492,-0.957528,0.9769085194760626,1.0
Rnf157,-0.029019617,-0.69172716,0.9768489452631041,1.0
Lrfn4,-0.029691886,-1.5168806,0.976312783197489,1.0
Bok,-0.030364156,-1.5998098,0.9757766318340644,1.0
Pogk,-0.031073773,-0.849835,0.9752107061618425,1.0
Tctex1d2,-0.031223165,-0.58696043,0.9750915654956087,1.0
Tnip3,-0.03174604,-0.9946356,0.9746745775576244,1.0
Slc15a1,-0.031820737,-1.1316905,0.9746150084145725,1.0
Ido1,-0.038319338,-0.577429,0.9694330714046862,1.0
Hnf4a,-0.039421115,-0.20673196,0.9685546465347192,1.0
S1pr2,-0.04115781,0.4944061,0.9671700886036203,1.0
Itga5,-0.041587315,-0.2113536,0.9668276861532008,1.0
Wdr90,-0.041811403,-0.30838186,0.9666490438203428,1.0
Irs1,-0.041942123,-0.49467933,0.9665448365652299,1.0
Zfp455,-0.0419608,-0.4188305,0.9665299498610971,1.0
Klra2,-0.041998144,-0.54681253,0.9665001764878315,1.0
Hp,-0.041998144,-0.59210944,0.9665001764878315,1.0
Zfp72,-0.04201682,-0.43078026,0.9664852898187091,1.0
Bhmt2,-0.04205417,-1.1776644,0.9664555165155109,1.0
Htr4,-0.042072844,-0.6575024,0.9664406298814455,1.0
Dync1i1,-0.042091515,-1.882522,0.9664257432590762,1.0
Echdc3,-0.042091515,-1.0218515,0.9664257432590762,1.0
Eng,-0.042091515,-0.8553175,0.9664257432590762,1.0
Bbs7,-0.042128865,-1.3826743,0.9663959700494463,1.0
Slc25a48,-0.042128865,-0.95783484,0.9663959700494463,1.0
Sowaha,-0.042128865,-1.2334007,0.9663959700494463,1.0
Tm4sf5,-0.042128865,-0.6487799,0.9663959700494463,1.0
Serpina9,-0.042166214,-1.2485445,0.9663661968866628,1.0
Palmd,-0.042166214,-1.0752763,0.9663661968866628,1.0
Vps37d,-0.042166214,-1.7798612,0.9663661968866628,1.0
Stk32c,-0.042166214,-1.4435126,0.9663661968866628,1.0
Emilin1,-0.042166214,-1.3200413,0.9663661968866628,1.0
Efhc1,-0.042166214,-1.2502198,0.9663661968866628,1.0
Serping1,-0.042184886,-1.0789207,0.9663513103228514,1.0
Grm4,-0.042184886,0.57778734,0.9663513103228514,1.0
Adgrf1,-0.042184886,-1.4979862,0.9663513103228514,1.0
Iqcg,-0.042184886,-1.7144,0.9663513103228514,1.0
Pcdhga8,-0.042184886,-0.7440361,0.9663513103228514,1.0
Dnah17,-0.042184886,-0.96226996,0.9663513103228514,1.0
Mtcl1,-0.042184886,-1.2755094,0.9663513103228514,1.0
Lrrc24,-0.042184886,-1.5402795,0.9663513103228514,1.0
Tlr8,-0.042184886,-0.3591721,0.9663513103228514,1.0
Adrb1,-0.042184886,-1.8813004,0.9663513103228514,1.0
Henmt1,-0.042184886,-0.44497055,0.9663513103228514,1.0
Ell3,-0.042184886,-0.07011306,0.9663513103228514,1.0
Mycn,-0.042184886,-1.7394674,0.9663513103228514,1.0
Tagln3,-0.042184886,-1.1283007,0.9663513103228514,1.0
Cap2,-0.04220356,-1.2749593,0.9663364237707671,1.0
Slc4a8,-0.04220356,-1.2840675,0.9663364237707671,1.0
Slc7a8,-0.04220356,-1.5732143,0.9663364237707671,1.0
Bcam,-0.04220356,-1.7338015,0.9663364237707671,1.0
Adam21,-0.042222235,-2.072595,0.9663215372304151,1.0
Nxnl2,-0.042222235,-6.8770533,0.9663215372304151,1.0
Dnaaf3,-0.042222235,-2.6831632,0.9663215372304151,1.0
Azin2,-0.042222235,-3.135302,0.9663215372304151,1.0
Hist1h2bh,-0.042222235,-3.8428454,0.9663215372304151,1.0
Pirt,-0.042222235,-3.2236245,0.9663215372304151,1.0
Agtr1a,-0.042222235,-2.6693375,0.9663215372304151,1.0
Ak1,-0.042222235,-4.7551036,0.9663215372304151,1.0
Rims2,-0.042222235,-4.28621,0.9663215372304151,1.0
Kif26b,-0.042222235,-3.7859278,0.9663215372304151,1.0
Rorb,-0.042222235,-6.626248,0.9663215372304151,1.0
Plppr2,-0.042222235,-2.965243,0.9663215372304151,1.0
Adgrg6,-0.042222235,-3.0299578,0.9663215372304151,1.0
Trim29,-0.042222235,-5.1807485,0.9663215372304151,1.0
Xkr6,-0.042222235,-2.3877804,0.9663215372304151,1.0
Pex5l,-0.042222235,-4.8631673,0.9663215372304151,1.0
Napb,-0.042222235,-2.520632,0.9663215372304151,1.0
Ascl3,-0.042222235,-6.285823,0.9663215372304151,1.0
Fbln1,-0.042222235,-2.504632,0.9663215372304151,1.0
Pcdhgb5,-0.042222235,-3.6202028,0.9663215372304151,1.0
Ptprt,-0.042222235,-2.9982657,0.9663215372304151,1.0
Purg,-0.042222235,-2.365287,0.9663215372304151,1.0
Gja6,-0.042222235,-3.2563438,0.9663215372304151,1.0
Fam131c,-0.042222235,-3.4782863,0.9663215372304151,1.0
Crip2,-0.042222235,-5.613038,0.9663215372304151,1.0
Neurog3,-0.042222235,-3.3390584,0.9663215372304151,1.0
Ank1,-0.042222235,-5.2051616,0.9663215372304151,1.0
Tmigd3,-0.042222235,-2.0551164,0.9663215372304151,1.0
Krtap10-10,-0.042222235,-3.037413,0.9663215372304151,1.0
Esr2,-0.042222235,-5.04353,0.9663215372304151,1.0
Pacsin3,-0.042222235,-4.8246875,0.9663215372304151,1.0
Fxyd6,-0.042222235,-3.3488784,0.9663215372304151,1.0
Crybb1,-0.042222235,-2.1143525,0.9663215372304151,1.0
Lrp3,-0.042222235,-5.087951,0.9663215372304151,1.0
Rgs9bp,-0.042222235,-2.585912,0.9663215372304151,1.0
Robo1,-0.042222235,-3.2737296,0.9663215372304151,1.0
Robo2,-0.042222235,-3.4634736,0.9663215372304151,1.0
Kcnk10,-0.042222235,-2.3226464,0.9663215372304151,1.0
Wfikkn2,-0.042222235,-3.589565,0.9663215372304151,1.0
Wbp2nl,-0.042222235,-2.4044273,0.9663215372304151,1.0
Stx1b,-0.042222235,-6.1918983,0.9663215372304151,1.0
Cyp2c66,-0.042222235,-5.506785,0.9663215372304151,1.0
Reg3a,-0.042222235,-4.943319,0.9663215372304151,1.0
Sod3,-0.042222235,-4.614469,0.9663215372304151,1.0
Tssk6,-0.042222235,-4.317338,0.9663215372304151,1.0
Mn1,-0.042222235,-4.4464583,0.9663215372304151,1.0
Adcy8,-0.042222235,-2.0588737,0.9663215372304151,1.0
Zp1,-0.042222235,-3.2107625,0.9663215372304151,1.0
Itga9,-0.04224091,-1.4253559,0.9663066507018007,1.0
Edaradd,-0.04224091,-1.6211134,0.9663066507018007,1.0
Foxq1,-0.04224091,-3.241117,0.9663066507018007,1.0
Nxf7,-0.04224091,-3.198902,0.9663066507018007,1.0
Mia,-0.04224091,-2.7000618,0.9663066507018007,1.0
Siglecf,-0.042259585,-1.3140981,0.9662917641849289,1.0
Prelp,-0.042278256,-1.1170362,0.966276877679805,1.0
Prx,-0.04233428,-1.6685841,0.9662322182349721,1.0
Mis18bp1,-0.042352956,-0.72773486,0.9662173317768914,1.0
Sh2d6,-0.042371627,-1.9565974,0.9662024453305845,1.0
Ceacam10,-0.042408977,-2.6973674,0.9661726724733127,1.0
Armh4,-0.042408977,-2.421508,0.9661726724733127,1.0
Ppil6,-0.042464998,-1.456323,0.966128013275838,1.0
Tmem198b,-0.042670414,-0.8272062,0.9659642637951353,1.0
Nol3,-0.043081246,-1.1920173,0.9656367691464828,1.0
Hpdl,-0.043249313,-1.5473669,0.965502795730443,1.0
Plp2,-0.043249313,-0.45791999,0.965502795730443,1.0
Tph1,-0.043492075,-0.7353899,0.9653092802941449,1.0
Slc6a4,-0.043529425,-0.8123516,0.9652795088696233,1.0
Rad54l,-0.043753516,-1.2164451,0.965100881340362,1.0
Cbln3,-0.044519156,-1.1867491,0.9644905838842271,1.0
Sh3d21,-0.046237174,-0.5259949,0.9631212121816126,1.0
Gpd1,-0.053837553,-0.7993155,0.9570645910610234,1.0
Gemin2,-0.056022428,-0.27666226,0.9553239416946138,1.0
Fstl3,-0.056059774,-0.8691159,0.9552941888330301,1.0
Rnf225,-0.05613447,-0.629188,0.9552346832967876,1.0
Arl10,-0.05613447,-1.0348507,0.9552346832967876,1.0
Hoxd8,-0.05613447,-1.3363752,0.9552346832967876,1.0
Cabcoco1,-0.056153145,-0.55631065,0.9552198069516998,1.0
Tff2,-0.05617182,-0.67302644,0.9552049306222117,1.0
Nr2e3,-0.05617182,-1.1576207,0.9552049306222117,1.0
Spa17,-0.05620917,-1.2268392,0.9551751780100545,1.0
Mycbpap,-0.05620917,-0.9710843,0.9551751780100545,1.0
Wfdc17,-0.05620917,-0.8914034,0.9551751780100545,1.0
Bub1,-0.056246515,-0.9715329,0.9551454254603573,1.0
Rimbp3,-0.056246515,-1.9921666,0.9551454254603573,1.0
Prss27,-0.056246515,-0.56997865,0.9551454254603573,1.0
Slc28a3,-0.056246515,-1.7578794,0.9551454254603573,1.0
Nxpe4,-0.056283865,-0.79831505,0.9551156729731616,1.0
Gabre,-0.056283865,-2.9043388,0.9551156729731616,1.0
Ankrd35,-0.056283865,-0.96392435,0.9551156729731616,1.0
Fgf11,-0.056283865,-2.0766475,0.9551156729731616,1.0
Scn3b,-0.056283865,-2.1934884,0.9551156729731616,1.0
Pabpc1l,-0.05632121,-20.229595,0.9550859205485086,1.0
Rab39b,-0.05632121,-20.79504,0.9550859205485086,1.0
Ttpa,-0.05632121,-20.492695,0.9550859205485086,1.0
AY761184,-0.05632121,-20.75448,0.9550859205485086,1.0
Adamts3,-0.05632121,-19.842415,0.9550859205485086,1.0
Cux2,-0.05632121,-20.844748,0.9550859205485086,1.0
Clec3b,-0.05632121,-21.009369,0.9550859205485086,1.0
Pclo,-0.05632121,-20.483383,0.9550859205485086,1.0
Pcolce,-0.05632121,-20.103172,0.9550859205485086,1.0
Ccdc146,-0.05632121,-3.7842278,0.9550859205485086,1.0
Ehd2,-0.05632121,-20.975756,0.9550859205485086,1.0
Mkrn3,-0.05632121,-18.953047,0.9550859205485086,1.0
Dnm1,-0.05632121,-20.418371,0.9550859205485086,1.0
Krtap13,-0.05632121,-20.507748,0.9550859205485086,1.0
Spaca6,-0.05632121,-20.0555,0.9550859205485086,1.0
Drd4,-0.05632121,-20.383701,0.9550859205485086,1.0
Krt15,-0.05632121,-18.814888,0.9550859205485086,1.0
Hormad2,-0.05632121,-19.401917,0.9550859205485086,1.0
Pcdhb16,-0.05632121,-19.796673,0.9550859205485086,1.0
Hyal3,-0.05632121,-21.350681,0.9550859205485086,1.0
Plac1,-0.05632121,-18.870867,0.9550859205485086,1.0
Olfr558,-0.05632121,-21.511482,0.9550859205485086,1.0
Shroom4,-0.05632121,-20.359163,0.9550859205485086,1.0
Trpm5,-0.05632121,-3.949302,0.9550859205485086,1.0
Mterf1a,-0.05632121,-19.292093,0.9550859205485086,1.0
Acta2,-0.05632121,-20.951593,0.9550859205485086,1.0
Fbn1,-0.05632121,-18.814888,0.9550859205485086,1.0
BC107364,-0.05632121,-20.972883,0.9550859205485086,1.0
Kcnip3,-0.05632121,-19.84747,0.9550859205485086,1.0
Cavin4,-0.05632121,-21.269485,0.9550859205485086,1.0
Cped1,-0.05632121,-20.227331,0.9550859205485086,1.0
C1ra,-0.05632121,-19.810287,0.9550859205485086,1.0
C2cd4a,-0.05632121,-20.373487,0.9550859205485086,1.0
Tmem132c,-0.05632121,-18.953047,0.9550859205485086,1.0
Syt12,-0.05632121,-19.484602,0.9550859205485086,1.0
Asb16,-0.05632121,-20.464058,0.9550859205485086,1.0
Ephx4,-0.05632121,-19.796673,0.9550859205485086,1.0
Panx2,-0.05632121,-21.722876,0.9550859205485086,1.0
Spred3,-0.05632121,-18.583593,0.9550859205485086,1.0
Iqcd,-0.05632121,-20.843477,0.9550859205485086,1.0
Pkdrej,-0.05632121,-18.814888,0.9550859205485086,1.0
Cox8b,-0.05632121,-21.156258,0.9550859205485086,1.0
Awat2,-0.05632121,-21.733133,0.9550859205485086,1.0
Ptgfr,-0.05632121,-20.828344,0.9550859205485086,1.0
Efna2,-0.05632121,-18.067572,0.9550859205485086,1.0
Alppl2,-0.05632121,-19.195557,0.9550859205485086,1.0
Dlec1,-0.05632121,-18.67087,0.9550859205485086,1.0
Cers3,-0.05632121,-17.807291,0.9550859205485086,1.0
Duoxa1,-0.05632121,-19.837936,0.9550859205485086,1.0
Spx,-0.05632121,-18.834743,0.9550859205485086,1.0
Ankrd63,-0.05632121,-20.475985,0.9550859205485086,1.0
Pak6,-0.05632121,-20.344175,0.9550859205485086,1.0
Clec2g,-0.05632121,-19.84747,0.9550859205485086,1.0
Tek,-0.05632121,-20.61157,0.9550859205485086,1.0
Apom,-0.05632121,-20.518208,0.9550859205485086,1.0
Gdf9,-0.05632121,-20.35498,0.9550859205485086,1.0
Calr3,-0.05632121,-18.583593,0.9550859205485086,1.0
Gnrh1,-0.05632121,-20.331821,0.9550859205485086,1.0
Ppp4r4,-0.05632121,-21.550997,0.9550859205485086,1.0
Slc19a3,-0.05632121,-20.044994,0.9550859205485086,1.0
Mboat4,-0.05632121,-21.022827,0.9550859205485086,1.0
Cfap65,-0.05632121,-18.871698,0.9550859205485086,1.0
Zfp454,-0.05632121,-18.7432,0.9550859205485086,1.0
Cryba2,-0.05632121,-20.776964,0.9550859205485086,1.0
Casp12,-0.05632121,-20.381992,0.9550859205485086,1.0
Cngb1,-0.05632121,-20.518208,0.9550859205485086,1.0
Gpx8,-0.05632121,-20.006971,0.9550859205485086,1.0
Slc22a29,-0.05632121,-19.819073,0.9550859205485086,1.0
Samd4,-0.05632121,-19.307909,0.9550859205485086,1.0
Cetn4,-0.05632121,-20.103172,0.9550859205485086,1.0
Ntrk2,-0.05632121,-2.090618,0.9550859205485086,1.0
Ptpru,-0.05632121,-20.470465,0.9550859205485086,1.0
Rbp1,-0.05635856,-1.4025555,0.9550561681864399,1.0
Sh2d7,-0.05635856,-2.0267715,0.9550561681864399,1.0
Pkia,-0.056433257,-1.5360458,0.9549966636502204,1.0
Asprv1,-0.056545302,-2.2544084,0.9549074073163069,1.0
Wtip,-0.056694694,-2.5632906,0.9547883997509352,1.0
Boc,-0.056732044,-0.9050798,0.9547586480169836,1.0
Phlda2,-0.056956135,-1.5305827,0.9545801389385453,1.0
Bcorl1,-0.057105526,-0.6208694,0.9544611341514502,1.0
Arhgef40,-0.059719905,-0.88489616,0.9523787170769284,1.0
Lrfn3,-0.0620355,-1.3953987,0.9505345615685266,1.0
Galc,-0.06326799,-0.6267576,0.9495531023179853,1.0
Zdhhc1,-0.068310015,-0.9353251,0.9455388545840331,1.0
Tmem231,-0.06999069,-0.6913044,0.9442010741796985,1.0
Mcm10,-0.07014008,-0.58709854,0.9440821679259568,1.0
Phxr2,-0.07017743,-0.15866268,0.9440524415570973,1.0
C1qtnf1,-0.07017743,-0.085968845,0.9440524415570973,1.0
Zfp174,-0.0701961,-0.96187985,0.9440375784018824,1.0
Enkd1,-0.0702708,-1.0844792,0.9439781259759079,1.0
Ltc4s,-0.07028947,-1.677241,0.9439632629181615,1.0
Rbp4,-0.07030814,-1.333364,0.9439483998799241,1.0
St8sia5,-0.07030814,-1.7062536,0.9439483998799241,1.0
Efemp2,-0.07030814,-0.72574556,0.9439483998799241,1.0
Atp2b4,-0.07032682,-0.817956,0.9439335368612012,1.0
Shisa7,-0.07032682,-1.8591844,0.9439335368612012,1.0
Cplx2,-0.07032682,-1.9798805,0.9439335368612012,1.0
Tuba8,-0.07032682,-1.498582,0.9439335368612012,1.0
Catsperd,-0.07032682,-2.2214782,0.9439335368612012,1.0
Ror2,-0.07032682,-2.2007554,0.9439335368612012,1.0
Fut9,-0.07032682,-2.221443,0.9439335368612012,1.0
Ackr4,-0.07036417,-2.5823216,0.9439038108823188,1.0
Scg5,-0.07038284,-1.8494776,0.9438889479221697,1.0
Lif,-0.07038284,-1.6242762,0.9438889479221697,1.0
Shf,-0.07038284,-1.2339067,0.9438889479221697,1.0
P2ry12,-0.07040151,-2.0409071,0.9438740849815557,1.0
Ttc26,-0.07040151,-4.002706,0.9438740849815557,1.0
Klhdc7a,-0.07040151,-3.3659475,0.9438740849815557,1.0
Lrriq3,-0.07042019,-2.0692,0.9438592220604817,1.0
Ccne2,-0.07045754,-0.63687277,0.9438294962769748,1.0
Guca1a,-0.07047621,-1.6602607,0.9438146334145521,1.0
Stard8,-0.07049488,-2.4861085,0.9437997705716901,1.0
Mt3,-0.07049488,-2.0642345,0.9437997705716901,1.0
Pdzd4,-0.07051356,-1.4449403,0.9437849077483941,1.0
Ldlrad3,-0.07056958,-0.7116953,0.9437403193959529,1.0
Rec8,-0.07073765,-0.622491,0.9436065553968592,1.0
Parpbp,-0.07075632,-1.382357,0.9435916928283892,1.0
Slc1a1,-0.070905715,-1.780239,0.943472792988034,1.0
Zfp750,-0.07122318,-1.4186602,0.9432201350124297,1.0
Trim30d,-0.07144727,-0.9505013,0.943041791644087,1.0
H2-Ab1,-0.07146594,-0.05904183,0.94302692982549,1.0
Erich4,-0.07167136,-2.3964765,0.942863451131105,1.0
Rasgrf2,-0.07206351,-1.9793075,0.9425513621308975,1.0
Flywch2,-0.07284783,-1.457896,0.941927210636954,1.0
Mfsd4a,-0.073613465,-1.0023687,0.9413179542867012,1.0
Hist1h1b,-0.080915056,-0.44940266,0.9355095050250256,1.0
Neu3,-0.08410834,-0.8425787,0.9329702970729559,1.0
Asap3,-0.08433243,-1.5708357,0.9327921323471073,1.0
Wwtr1,-0.08433243,-1.4826678,0.9327921323471073,1.0
Mmp19,-0.08440712,-2.3098028,0.9327327448529259,1.0
Stpg1,-0.08440712,-1.7800809,0.9327327448529259,1.0
Serpinf2,-0.08440712,-2.3930335,0.9327327448529259,1.0
Rbms3,-0.08444447,-2.7976806,0.9327030512462268,1.0
Rab3b,-0.08448182,-1.6706746,0.9326733577331768,1.0
Npc1l1,-0.08448182,-2.824447,0.9326733577331768,1.0
Dok7,-0.08448182,-3.670292,0.9326733577331768,1.0
Ttc9,-0.08448182,-4.2587132,0.9326733577331768,1.0
C3ar1,-0.08448182,-2.297684,0.9326733577331768,1.0
Amotl1,-0.08448182,-4.044449,0.9326733577331768,1.0
Hpn,-0.08448182,-4.1226974,0.9326733577331768,1.0
Myom1,-0.08451917,-2.6628249,0.9326436643138172,1.0
Fbxo44,-0.08459386,-1.7140422,0.9325842777563335,1.0
Far2,-0.08459386,-0.9097422,0.9325842777563335,1.0
Sema3f,-0.08459386,-2.5376918,0.9325842777563335,1.0
Slc22a3,-0.08463121,-2.0643709,0.9325545846182917,1.0
Cdh24,-0.08470591,-1.4384794,0.9324951986238136,1.0
Tmem86a,-0.08472458,-1.2049724,0.9324803521838918,1.0
Nts,-0.0847806,-2.3338592,0.9324358130050837,1.0
Syce2,-0.08481795,-0.9952826,0.9324061203367273,1.0
Gata5,-0.08489265,-2.0799763,0.9323467352822367,1.0
Chac1,-0.085042045,-1.7245127,0.9322279663032966,1.0
Raet1e,-0.085079394,-0.88784564,0.9321982742942267,1.0
Adm,-0.08556492,-2.0371387,0.9318122867769759,1.0
Nacad,-0.08578901,-0.98456824,0.93163414409494,1.0
Ccl25,-0.0860131,-2.090358,0.9314560048375633,1.0
Gstp3,-0.08668537,-0.6782859,0.9309216077021807,1.0
Arhgef26,-0.0876004,-1.390786,0.9301942839101832,1.0
Knstrn,-0.08978528,-1.1217626,0.9284578497352053,1.0
Hspa1b,-0.09053224,-0.885233,0.9278642747398369,1.0
Tbc1d24,-0.09254905,-1.2704898,0.9262618236754353,1.0
Apoa1,-0.09811394,-0.5506985,0.9218418165024284,1.0
Jchain,-0.0984314,-1.5985098,0.9215897399003494,1.0
Rgl3,-0.0984314,-1.5044236,0.9215897399003494,1.0
Chrna4,-0.09848742,-1.535991,0.9215452566110426,1.0
Zc2hc1c,-0.09848742,-2.487078,0.9215452566110426,1.0
Il20rb,-0.0985061,-2.1034775,0.9215304289024748,1.0
Serpinh1,-0.09852477,-2.8451138,0.9215156012211829,1.0
Kcnj11,-0.09852477,-3.4483955,0.9215156012211829,1.0
Ptgdr2,-0.09852477,-3.2427864,0.9215156012211829,1.0
Ms4a7,-0.09852477,-3.1635034,0.9215156012211829,1.0
Lrr1,-0.09852477,-3.7175558,0.9215156012211829,1.0
Lurap1,-0.09852477,-3.9995966,0.9215156012211829,1.0
H60c,-0.09852477,-2.829973,0.9215156012211829,1.0
Tpsb2,-0.09856212,-4.247903,0.921485945940447,1.0
Cyp2f2,-0.09856212,-4.3634615,0.921485945940447,1.0
Cacna1h,-0.09856212,-7.3283987,0.921485945940447,1.0
Gp6,-0.09856212,-6.4112096,0.921485945940447,1.0
Moap1,-0.09856212,-4.9617095,0.921485945940447,1.0
AI854703,-0.09856212,-4.336282,0.921485945940447,1.0
Ddx11,-0.09858079,-1.6600806,0.9214711183410131,1.0
Xrcc2,-0.09858079,-2.3397326,0.9214711183410131,1.0
Bicd1,-0.09858079,-2.2512462,0.9214711183410131,1.0
Gp1ba,-0.09859947,-1.1603322,0.9214562907688756,1.0
Angpt2,-0.09861814,-2.6874042,0.9214414632240394,1.0
Fanca,-0.09867416,-0.8948443,0.9213969807533906,1.0
Cryzl2,-0.09869284,-1.2019722,0.9213821533178111,1.0
Cacnb1,-0.09882356,-2.7157757,0.9212783620341984,1.0
Ccnb2,-0.099197045,-0.54233706,0.920981822903548,1.0
Ffar2,-0.09945848,-1.0718108,0.9207742520463822,1.0
Rgs13,-0.09962655,-0.91303974,0.9206408164873912,1.0
Rsph9,-0.10031749,-1.6614571,0.9200922715919764,1.0
March9,-0.10087772,-1.1377088,0.919647533359775,1.0
Capg,-0.103492096,-0.717993,0.9175724228263507,1.0
Cpeb3,-0.1044258,-1.3249687,0.9168314472421271,1.0
Gprc5a,-0.10586371,-0.8556506,0.9156904863619408,1.0
Chrnb4,-0.11219425,-0.8381537,0.9106693917688014,1.0
Abhd14a,-0.11238099,-0.82169515,0.9105213300398677,1.0
Igsf23,-0.11253038,-1.1740719,0.9104028828936732,1.0
Myrfl,-0.11260508,-2.2063875,0.910343660067124,1.0
Agmat,-0.11264242,-20.331358,0.9103140488406292,1.0
Plekhh2,-0.11264242,-21.956503,0.9103140488406292,1.0
Dlc1,-0.11264242,-20.472212,0.9103140488406292,1.0
Zfp503,-0.11264242,-21.92276,0.9103140488406292,1.0
Trim6,-0.11264242,-21.718977,0.9103140488406292,1.0
Hgf,-0.11264242,-21.509283,0.9103140488406292,1.0
Mroh8,-0.11264242,-21.254597,0.9103140488406292,1.0
Neu4,-0.11264242,-2.4581308,0.9103140488406292,1.0
Timp3,-0.11264242,-20.710484,0.9103140488406292,1.0
Pdzd7,-0.11264242,-20.84247,0.9103140488406292,1.0
Wnt11,-0.11264242,-20.325428,0.9103140488406292,1.0
Col16a1,-0.11264242,-21.148125,0.9103140488406292,1.0
Ptges,-0.11264242,-21.864407,0.9103140488406292,1.0
Recql4,-0.11267977,-1.8170705,0.9102844377387085,1.0
Mpp2,-0.11271712,-2.6986687,0.9102548267614028,1.0
Grip1,-0.11282916,-1.9049505,0.9101659945775835,1.0
Ccdc17,-0.11294121,-1.6158566,0.9100771635167672,1.0
Gcg,-0.11297856,-1.3928102,0.9100475534129082,1.0
E2f8,-0.11320265,-0.9848237,0.9098698954149469,1.0
Gmpr,-0.11342674,-0.53189695,0.9096922419236763,1.0
Btbd8,-0.11478995,-0.54275036,0.908611614126911,1.0
Fyb2,-0.11816997,-1.2156988,0.9059329828966785,1.0
Zfp239,-0.12534083,-0.07597106,0.9002537202399377,1.0
Sat2,-0.1264613,-1.0295078,0.8993667890451711,1.0
Tmem151a,-0.12670405,-2.5346947,0.8991746371450617,1.0
Hyal1,-0.12672272,-2.4130874,0.8991598564743337,1.0
Pla2g4c,-0.12674141,-3.1183858,0.8991450758385832,1.0
Pou2f3,-0.12674141,-3.2156992,0.8991450758385832,1.0
Wif1,-0.12674141,-3.5145624,0.8991450758385832,1.0
Il17rb,-0.12677875,-3.9063082,0.899115514672035,1.0
Hist1h3g,-0.12677875,-3.0097508,0.899115514672035,1.0
Rab3il1,-0.12677875,-2.9416018,0.899115514672035,1.0
Arhgdig,-0.12679742,-2.3618295,0.8991007341412474,1.0
Sox6,-0.12683478,-2.3690724,0.8990711731846707,1.0
Zfp575,-0.12698416,-3.3814073,0.8989529307590868,1.0
Sync,-0.12715223,-2.27412,0.8988199107116445,1.0
Fignl2,-0.12735765,-1.4257339,0.8986573345143868,1.0
Acacb,-0.12795523,-1.5321541,0.8981844097844689,1.0
Snap47,-0.1286275,-0.8581917,0.8976524126936494,1.0
Slc25a34,-0.12961721,-2.3936687,0.8968692785361513,1.0
Rab25,-0.13071899,-0.6744418,0.8959976058764978,1.0
Prodh,-0.13917838,-1.2781476,0.8893091918351769,1.0
Phldb2,-0.14076568,-3.1447558,0.8880550541578041,1.0
Mcpt8,-0.14084038,-2.051479,0.8879960427928841,1.0
Serpina1b,-0.14095242,-2.308197,0.8879075269096306,1.0
C1qb,-0.14098977,-1.493417,0.8878780219258078,1.0
Smo,-0.14113916,-1.0137795,0.8877600035445676,1.0
Dclk1,-0.14154999,-1.8524644,0.8874354658348245,1.0
Sord,-0.14351079,-0.59977406,0.8858867967682893,1.0
Fcgrt,-0.14394028,-1.0365759,0.8855476224695572,1.0
Cubn,-0.15417372,-1.7323602,0.8774727652791052,1.0
Chtf18,-0.15449117,-0.8886759,0.8772224671997939,1.0
Insl5,-0.15473394,-1.9352132,0.8770310710676946,1.0
Kctd15,-0.15484598,-2.1112497,0.8769427368155127,1.0
Syna,-0.15490201,-5.0844183,0.8768985702640637,1.0
Car11,-0.15490201,-5.3922167,0.8768985702640637,1.0
Nod2,-0.15495802,-3.0235362,0.8768544040958899,1.0
Rims4,-0.15503272,-4.036454,0.8767955164680975,1.0
Urad,-0.15507008,-5.143732,0.8767660729099085,1.0
Tada2a,-0.15591042,-0.943,0.8761036380091002,1.0
Cps1,-0.15647064,-1.1166239,0.8756620629274307,1.0
Steap2,-0.15654533,-1.665018,0.8756031891713906,1.0
Tk1,-0.1567134,-1.1859701,0.875470725737862,1.0
Mki67,-0.16184878,-0.6620168,0.8714249312191864,1.0
Cldn15,-0.16771246,-0.6119475,0.866809485599431,1.0
C1qc,-0.16896364,-2.5355523,0.8658252432637017,1.0
Agbl2,-0.16896364,-2.773804,0.8658252432637017,1.0
Efna3,-0.16896364,-2.958451,0.8658252432637017,1.0
Lamb1,-0.16896364,-22.210863,0.8658252432637017,1.0
Rnase1,-0.16900098,-3.13692,0.8657958660859274,1.0
Ptgs1,-0.16903834,-2.1806657,0.8657664890935782,1.0
Ncaph,-0.1696359,-1.127985,0.8652964824662895,1.0
Tead4,-0.16985999,-1.7310234,0.8651202422550159,1.0
Hells,-0.17051359,-0.47268537,0.8646062466530938,1.0
Cbr2,-0.17077503,-1.1911885,0.8644006644387832,1.0
Shank2,-0.17112984,-1.8148147,0.8641216746884953,1.0
Rdh1,-0.17549959,-1.3223479,0.8606870951712673,1.0
Areg,-0.17826337,-1.0835266,0.8585161522575377,1.0
Gjb2,-0.17856215,-1.0243541,0.8582815194900356,1.0
Kctd1,-0.18194216,-0.6077497,0.8556281129299657,1.0
Erfe,-0.18287587,-1.6182954,0.8548954139990246,1.0
Slpi,-0.18338008,-1.7628208,0.8544998085533251,1.0
Ikbip,-0.18352947,-1.2057197,0.8543825991448304,1.0
Reg3g,-0.1836602,-2.0569074,0.8542800435484744,1.0
Bbs5,-0.18369754,-1.080546,0.8542507424016662,1.0
P2ry6,-0.18442583,-1.2629565,0.8536794102681022,1.0
Chga,-0.18470594,-1.6963598,0.8534596875558869,1.0
Nkain1,-0.18677877,-1.196442,0.8518340939005056,1.0
Ston1,-0.1945472,-1.4090648,0.8457474319771139,1.0
Slc23a3,-0.19660136,-1.2485058,0.8441395002633122,1.0
A4galt,-0.1970122,-1.7021575,0.8438179916196759,1.0
Syde2,-0.1970869,-1.1883609,0.843759538296816,1.0
C2,-0.1970869,-3.4552708,0.843759538296816,1.0
Ly6g,-0.19712424,-1.6961858,0.8437303119580641,1.0
B3gnt6,-0.19738568,-3.3103569,0.8435257336137795,1.0
Vsig2,-0.20078437,-1.5903618,0.8408671806967871,1.0
Lama3,-0.20126991,-1.571707,0.8404875347838563,1.0
Enpp5,-0.20298792,-0.6887304,0.8391444707874331,1.0
Samd12,-0.2055276,-1.4735734,0.8371599307486954,1.0
Tnfrsf12a,-0.2055276,-1.9265914,0.8371599307486954,1.0
Maob,-0.20649867,-1.4610049,0.8364014090452433,1.0
Cldn2,-0.20802994,-0.85768104,0.8352055879407075,1.0
Gsta3,-0.21079372,-1.2655716,0.8330482425709013,1.0
Pcdh17,-0.21126057,-3.033794,0.8326839497396066,1.0
Chgb,-0.21163405,-1.1541612,0.8323925413388087,1.0
Acot1,-0.21297859,-1.3870064,0.8313436620836008,1.0
B3gnt3,-0.2183194,-0.40542114,0.8271802639843164,1.0
Tst,-0.22338009,-0.96363974,0.8232397007743883,1.0
Ctse,-0.22573303,-0.9985813,0.8214090673838929,1.0
Coq8a,-0.22864619,-1.0113287,0.8191439167314374,1.0
Ift81,-0.23953322,-1.8369377,0.810692140022139,1.0
Mfap3l,-0.23985069,-1.2754529,0.810446015975971,1.0
Tshz2,-0.23985069,-2.136214,0.810446015975971,1.0
Greb1,-0.2525491,-0.5907272,0.8006166694732302,1.0
Bik,-0.25266114,-1.1377189,0.8005300778369197,1.0
Tnni1,-0.25366956,-1.0819783,0.7997508635416596,1.0
Pgap2,-0.25805798,-1.0329474,0.7963621688820293,1.0
Kcnq1,-0.26003742,-1.2284305,0.7948349028272059,1.0
Ube2c,-0.2602802,-0.5743967,0.7946476506051838,1.0
Cyp39a1,-0.26072836,-0.9820603,0.7943019852867585,1.0
Igdcc4,-0.2625211,-1.1056426,0.7929197285568936,1.0
Gna14,-0.26268914,-0.73675096,0.7927901752687443,1.0
Dpysl3,-0.26718962,-1.249442,0.7893231641750049,1.0
Lrrc3,-0.26750708,-4.8225994,0.789078759781032,1.0
B3galt5,-0.2682354,-0.5914928,0.7885181458074859,1.0
Nrp2,-0.2735015,-1.2863755,0.784467751221969,1.0
Cyp2d22,-0.2793278,-1.4217719,0.7799932606351861,1.0
Dmpk,-0.2818675,-1.9836823,0.7780451105010595,1.0
Enpp1,-0.28377226,-0.70070297,0.7765849121410182,1.0
Amt,-0.28384694,-1.2355123,0.7765276655067721,1.0
Avil,-0.2971056,-1.3263049,0.7663858889373696,1.0
Bri3,-0.29785258,-0.4341357,0.7658156924777173,1.0
Fads2,-0.29859954,-0.857902,0.765245622864475,1.0
Thbs4,-0.29882362,-1.284638,0.7650746267588805,1.0
Ctsz,-0.30192354,-0.5757856,0.7627103588073036,1.0
Atp8b1,-0.30231568,-0.45070678,0.7624114218397434,1.0
Retsat,-0.3082914,-0.72440225,0.7578606007488018,1.0
Pipox,-0.30965462,-3.3201337,0.756823612739444,1.0
Clic6,-0.30980402,-2.7351356,0.7567099967950597,1.0
Cdca3,-0.31142867,-0.9132433,0.7554747634181903,1.0
Galntl6,-0.31264248,-1.6585282,0.7545522955437105,1.0
Zfhx3,-0.31484604,-1.2812659,0.7528785568390195,1.0
Cbs,-0.31656405,-0.7723339,0.7515744129700233,1.0
Efna4,-0.32416442,-2.0729804,0.745813548418905,1.0
Ereg,-0.3254903,-1.3029819,0.7448100256672399,1.0
Cavin3,-0.32631195,-1.970868,0.7441883414506814,1.0
Cdo1,-0.33772185,-1.2956738,0.7355728003521683,1.0
Gdf15,-0.33785257,-3.0313072,0.7354742853854641,1.0
Gatm,-0.34140065,-1.6681763,0.7328019743749106,1.0
Id1,-0.34222233,-0.63920605,0.7321835836512748,1.0
Prnp,-0.3605043,-0.7547979,0.7184700321818492,1.0
Dio1,-0.37378162,-0.8519167,0.708566789447565,1.0
Muc1,-0.39036426,-1.3505182,0.6962672078208831,1.0
Mpzl1,-0.3915034,-1.5219142,0.6954251845707728,1.0
Fndc3b,-0.39538762,-0.82294893,0.692556851567256,1.0
Hoxa13,-0.40115792,-1.5743757,0.6883038598446628,1.0
Pla2g2f,-0.40123263,-1.2900891,0.6882488691503634,1.0
Aadac,-0.40235308,-0.70508575,0.6874242066501615,1.0
Mal,-0.40907577,-0.6586888,0.6824840673713073,1.0
Cyp2w1,-0.41004682,-2.302869,0.6817716087035325,1.0
Retnlb,-0.42556503,-0.7928001,0.6704248312573888,1.0
Slc25a39,-0.4342485,-0.40339383,0.6641079975263531,1.0
Gpr20,-0.43902907,-1.8418652,0.6606404654787098,1.0
Duoxa2,-0.43964532,-2.8572938,0.6601940065564715,1.0
Trpv6,-0.45254916,-2.3395195,0.6508734154547319,1.0
Clca3b,-0.46177417,-0.6980531,0.6442432651568702,1.0
Rundc3a,-0.46465,-1.7735238,0.6421821178603746,1.0
Lpo,-0.47923452,-3.0319364,0.6317718077390663,1.0
Epn3,-0.49697495,-1.7289444,0.6192067214044639,1.0
Tmem63a,-0.50298804,-0.7342085,0.614972697435985,1.0
Dsg2,-0.50498617,-0.36751002,0.6135685639474027,0.9985613359562149
Emp2,-0.50793666,-2.2695312,0.611497761178809,0.9975606743473173
Pyroxd2,-0.50816077,-1.9348457,0.6113406115596391,0.9975606743473173
Otc,-0.5160039,-1.2981858,0.6058516898562311,0.990946531880416
Lpl,-0.51970136,-0.9811948,0.6032717293354657,0.9881423591458489
Tmem35a,-0.52173686,-3.750932,0.6018535601746006,0.9874652023654553
Hoxb13,-0.54621863,-1.672219,0.5849156440302679,0.9716677971643833
Maged1,-0.5606911,-1.2994751,0.575008124886256,0.961974760158958
Sstr2,-0.57742316,-4.5236564,0.5636536415426379,0.9504917978657386
Cd177,-0.57863694,-2.6045313,0.562834156379717,0.9504493314129624
Paqr4,-0.5844259,-0.78566474,0.5589337719771611,0.9464086857109266
Hsd17b2,-0.5914474,-0.15982577,0.5542206704846858,0.94142215979904
C77080,-0.59223175,-0.54432154,0.5536954169906825,0.9410600731328781
Fabp6,-0.62255853,-1.899401,0.5335746580680101,0.9198405455557743
Ano1,-0.62954265,-1.9354383,0.5289938380067742,0.9135529535727728
Adam15,-0.64913183,-1.6365647,0.5162531552040031,0.8992585157399672
Urah,-0.6708686,-1.3935214,0.5023042707013147,0.8834983320847363
Pla2g3,-0.6732402,-2.1422544,0.5007945093641981,0.8817484614174931
Hmgcl,-0.67757255,-0.5090378,0.49804274244359426,0.8802925568687722
Prdx6,-0.7007845,-0.38358188,0.483437494303403,0.8621574683619657
Ccn3,-0.70640546,-2.502462,0.4799360350725185,0.8598253990604733
Gsta4,-0.7130161,-1.2035108,0.47583579929193975,0.8547201324635603
Tnfsf13,-0.7255464,-1.0215715,0.46811686455510004,0.8458455611190807
Ly6g6c,-0.7616435,-3.7319765,0.44627277021822265,0.8202761755300683
Rhoc,-0.7784876,-0.6432816,0.4362815937002046,0.8068311089782345
Sqor,-0.78028035,-0.149724,0.43522587518467026,0.8054701612239924
Gstm3,-0.8552384,-0.81720454,0.3924192048572158,0.7525396285755679
Gcnt3,-0.8620731,-0.25176072,0.3886472961868521,0.7479235788397071
Akr1b8,-0.8763588,-1.4935602,0.3808350015670682,0.7373627133771716
Ly6a,-0.9171058,-1.0738753,0.359087206816342,0.7080199951544647
Prr13,-0.9363962,-0.37070704,0.349069244188828,0.6940229280206398
Myo15b,-0.9539312,-0.1546144,0.34011846963620296,0.6826286308256637
Vill,-0.96074724,-2.5610244,0.33667926185293595,0.6773892178137345
Acsm3,-0.98199844,-1.834629,0.326100619397266,0.6608843913820331
Clps,-1.0408033,-2.6452847,0.29796684447885213,0.6185969091672195
Ttyh1,-1.0581516,-3.6039562,0.28998633932069673,0.6063511673830198
Fth1,-1.074174,0.092353895,0.28274470316517697,0.5954807737683204
Ctsh,-1.0971805,-0.813782,0.2725624769344329,0.5824529611607754
Aqp4,-1.0977595,-2.2890067,0.27230954625607506,0.5822757583437222
Hist1h1e,-1.1094681,-0.3854819,0.26722828631532114,0.5753197276921382
Cadm4,-1.1433804,-2.407489,0.2528806989209489,0.5524582323739434
Lad1,-1.1445569,-0.78082806,0.2523927790977384,0.5514802350301461
Adh1,-1.1789546,-0.78481835,0.23841625002607048,0.5292955353269414
Fer1l6,-1.2016997,-0.43544605,0.22947989121975054,0.5155582993949791
Atoh1,-1.217442,-0.66277945,0.22343608455228192,0.5053779690220014
Gstm2,-1.2201498,-1.0187719,0.22240810494015772,0.5035516505834012
St14,-1.2252104,-0.4495887,0.22049593407411028,0.5002143230361501
Ephb2,-1.2274513,-1.3547443,0.21965299343814293,0.4993770345341119
Plet1,-1.2632684,-2.403166,0.20649275206553874,0.4748154923292851
B3gnt7,-1.2743795,-1.449411,0.2025289620927745,0.467821072444952
Tgm3,-1.2968445,-2.0040927,0.19468470622425127,0.4536021216449392
Oit1,-1.3129042,-0.5874877,0.1892152206735086,0.4441824063103269
Golm1,-1.3416251,-0.35348883,0.17971759572710977,0.42767605722796664
Atp12a,-1.356695,-1.9188523,0.17487811160527755,0.4189246597293762
Nans,-1.3639593,-0.6533147,0.17258036408369626,0.4149440133286484
Fads3,-1.402484,-2.9567263,0.16077073777827444,0.39247311253784034
Glul,-1.4231751,-0.928322,0.15468541906775832,0.38218038615478606
Chchd10,-1.4457147,-0.29295602,0.14825723102318225,0.37088324577485243
Trp53i11,-1.4583758,-0.918866,0.14473698766068954,0.36430217360857003
Fut2,-1.5092068,-1.363954,0.13124593958370276,0.3378559512019406
Ifitm2,-1.6291322,-0.7901055,0.10328504576310862,0.28058796885873255
Wfdc2,-1.6742115,-2.323791,0.09408903374367467,0.2609880061324849
Gstt1,-1.7025589,-2.2839737,0.08865065074997035,0.2492568908050285
AA467197,-1.7281051,-0.30208415,0.08396938212735046,0.23981249429741533
Cox6a1,-1.771093,-0.5838222,0.07654524090933973,0.22359697237909473
Crip1,-1.7829137,-0.31096277,0.07460035037736247,0.21925134340172744
Tspan3,-1.78508,-0.35473946,0.074248355459045,0.2183775160560147
Krt20,-1.8533152,-0.21517503,0.0638371896022216,0.19327502708296923
Cldn3,-1.8675263,-0.23792253,0.06182813440561327,0.18844169996816504
Stard10,-1.8947345,-0.3557465,0.058127587791940855,0.17943847515763625
Cd9,-1.9474703,-0.7124093,0.05147838263816644,0.16401252142857678
Atp1b1,-1.9950707,-0.13415866,0.04603517581941992,0.150269694716715
Tmbim1,-2.0134833,-0.90244776,0.04406380529582666,0.14507909938784552
Sct,-2.0284786,-0.7075138,0.04251141690792806,0.1411894331245126
Tgoln1,-2.0292816,-0.30102634,0.04242960921764302,0.1409708486840991
Nupr1,-2.0536888,-1.1093415,0.04000582380705385,0.13449810703230375
Gne,-2.0715785,-0.9860434,0.038304757201845716,0.13024948465259029
Reg3b,-2.109207,-2.5815501,0.034926718147144147,0.12107693284814645
Sycn,-2.1899166,-0.87653196,0.028530282955748377,0.10359524953452233
Pdlim1,-2.2194405,-0.35564092,0.026456773740415065,0.09701761248492677
Hepacam2,-2.261532,-0.4574778,0.023726335006607837,0.08876750769575964
Cox7b,-2.271037,-0.13698362,0.023144731353976766,0.08687200535602238
Mapk13,-2.3387868,-0.98814744,0.019346465010789165,0.07506275011266257
Ppp1r1b,-2.3390856,-1.4945837,0.019330999295099908,0.07502399159854639
Prss32,-2.3477504,-0.21072875,0.018887168732763783,0.07362535693048274
S100a14,-2.4138196,-2.0503442,0.01578627612397136,0.06349735258320835
Tsc22d1,-2.4207103,-0.5539089,0.01549021389504634,0.06247157208187662
Pmp22,-2.4759297,-0.4044041,0.013288970453557827,0.05506923630179741
Sval1,-2.5961165,-1.6050069,0.009428406971660178,0.041938043997319624
Cd24a,-2.733278,-1.1130604,0.006270735120234725,0.029933474267322555
Mptx1,-2.7795901,-1.3438854,0.0054427565020676435,0.026687818209852082
Cd81,-2.7920084,-1.9560318,0.0052382007850263045,0.025888654673470554
Gpa33,-2.8036983,-0.4343669,0.005052014809153511,0.025174050182814076
Epcam,-2.8376105,-0.1830199,0.004545259896434122,0.023054446716455932
S100g,-2.8377225,-2.2591243,0.00454366480345727,0.023054446716455932
Gsdmc2,-3.0055285,-1.3130873,0.0026511977659997164,0.014885823522211522
F11r,-3.0366023,-0.5868474,0.002392609512088937,0.013674906264338106
Ethe1,-3.0816817,-0.1238505,0.0020583486499830034,0.012087173812587717
H1f0,-3.085267,-1.025201,0.0020336945954670177,0.01197255779198098
Rab11fip1,-3.2541933,-0.7214693,0.0011371485710559106,0.007457604319514589
Gsdmc4,-3.5244455,-1.0578538,0.0004243700569350522,0.003271963749066861
Cox7a1,-3.5394223,-1.3134074,0.00040100396550859493,0.003109085640898557
Papss2,-3.5844083,-0.37079453,0.0003378433640078045,0.0026831617895112583
St6galnac6,-3.603269,-0.9440733,0.0003142399215706401,0.002532404073833982
Tspan8,-3.611131,-0.26608893,0.0003048647363863438,0.0024757835734990573
Klf4,-3.7019432,-0.58262974,0.0002139544813175928,0.001856267844827517
Hmgcs2,-3.7832131,-0.5775897,0.00015481674662411865,0.0014173584231361063
Serinc2,-3.810216,-0.90521115,0.0001388454717965046,0.001295764961588633
Cdh1,-3.9126997,-0.4397788,9.127003753641676e-05,0.0009180613173633698
Tmem30b,-4.0378723,-0.6451695,5.3938179169010226e-05,0.0005916357522941874
Phgr1,-4.107863,-0.29534099,3.993367189458966e-05,0.0004562896621817167
Muc3,-4.1225224,-0.30978435,3.747463578409298e-05,0.00043367286312884885
B4galnt2,-4.361981,-0.30218604,1.2889018323936094e-05,0.00017345731929069205
Elf3,-4.4141564,-0.8041464,1.0140465378160373e-05,0.00014154413058941668
Lgals3,-4.6360984,-0.106174484,3.550467727994399e-06,5.841941518350022e-05
Klf5,-4.676603,-0.64390546,2.916664952391298e-06,4.976128250032476e-05
Prr15l,-4.7288156,-0.6776246,2.258333208654281e-06,3.97675642140921e-05
Selenom,-4.8439417,-1.3510975,1.2728827486802024e-06,2.440785639595937e-05
Sult1a1,-4.949152,-1.1781545,7.453757849528456e-07,1.5495672615863407e-05
Tm9sf2,-5.083643,-0.44230407,3.7026353883591194e-07,8.398361725251645e-06
Cd164,-5.1162295,-0.4604947,3.117039348132544e-07,7.243602970713481e-06
Spink4,-5.1400576,-0.41637588,2.746542554868562e-07,6.532575173906128e-06
Car2,-5.40312,-0.5223273,6.549152517709744e-08,1.8614811098054664e-06
Klk1,-5.5765657,-0.7388992,2.453133273131314e-08,7.84242555792425e-07
Hao2,-5.642336,-1.1770126,1.677583031464058e-08,5.653030905879116e-07
Krt18,-6.063438,-1.0692483,1.3324223698945397e-09,5.7044332711109985e-08
Hsd11b2,-6.1412716,-0.7169096,8.186340444486831e-10,3.6823349802524834e-08
Agr2,-6.354848,-0.58534354,2.0863296212402257e-10,1.054712760553177e-08
Plac8,-6.9631767,-0.45634648,3.3268400017976824e-12,2.4504144099262497e-10
Muc13,-7.236174,-0.42848542,4.615190497734833e-13,4.053083962754308e-11
Cystm1,-7.288648,-0.6419849,3.130799917170254e-13,2.8594639243488317e-11
Cldn4,-7.4710574,-1.8554193,7.955294918077522e-14,7.621506320116227e-12
Clec2h,-7.6523085,-0.82282674,1.9740278717276205e-14,2.1294631372179846e-12
Pigr,-8.744746,-0.84656763,2.23518048930196e-18,3.976879571874916e-16
Lgals4,-11.35119,-0.665778,7.316073577072763e-30,3.1321940001842764e-27
Fcgbp,-11.656157,-1.2938409,2.1346184515885685e-31,1.1247797225678228e-28
Tspan1,-11.808799,-0.7855281,3.5154624511633945e-32,2.006743149205771e-29
Dmbt1,-12.074887,-0.8490801,1.4336104707085666e-33,9.352601642241602e-31
Krt8,-14.245513,-0.904112,4.7802297446635204e-46,5.457428958490852e-43
Muc4,-14.559351,-2.5585985,5.0939187218629444e-48,6.344244226320213e-45
Krt19,-15.137465,-1.0976384,9.16801051818495e-52,1.3955749344348202e-48
Ceacam1,-15.525159,-0.8124179,2.3442292789823376e-54,4.0144926402572525e-51
Clca1,-16.119688,-1.832846,1.8554515003730053e-58,3.631383650730024e-55
Tff3,-16.546486,-1.9785101,1.6972728179481276e-61,3.875439600981558e-58
Zg16,-17.10374,-2.11349,1.391789609429397e-65,4.766879412295684e-62
Muc2,-20.240808,-2.084599,4.280827486921446e-91,2.9323668285411904e-87
Lypd8,-24.312836,-1.4455752,1.434146130648558e-130,1.9647801989885242e-126
