names,scores,logfoldchanges,pvals,pvals_adj
Aldh1a1,69.72394,3.0660553,0.0,0.0
Hpgd,57.252247,2.015018,0.0,0.0
Cyp4f14,56.667015,2.304686,0.0,0.0
Car1,53.89412,1.4309595,0.0,0.0
Tmigd1,53.416424,2.0669332,0.0,0.0
Mpp1,50.001602,2.2927938,0.0,0.0
Fam162a,49.23495,1.5667644,0.0,0.0
Maoa,49.15269,1.3059936,0.0,0.0
Fabp2,47.79943,1.572476,0.0,0.0
Slc9a3r1,45.654793,1.7315168,0.0,0.0
Ugdh,45.292133,1.3335056,0.0,0.0
Mep1a,44.489216,1.4871584,0.0,0.0
Rfk,44.459965,1.3706924,0.0,0.0
Mep1b,43.770473,1.6148461,0.0,0.0
Enpep,43.563934,3.5862541,0.0,0.0
Akr1c19,43.426266,1.4381894,0.0,0.0
Anxa2,43.19771,1.3877535,0.0,0.0
Apob,43.08955,2.698952,0.0,0.0
Cyp3a13,42.326202,1.8050474,0.0,0.0
Saa3,41.95611,2.3451445,0.0,0.0
Mpst,41.61582,1.4134729,0.0,0.0
Ndrg1,41.24869,1.9668783,0.0,0.0
Slc51a,40.866283,1.9605968,0.0,0.0
Emp1,40.73306,1.4952452,0.0,0.0
Smim22,39.78673,1.4081806,0.0,0.0
Ldha,39.630745,1.1553975,0.0,0.0
Slc9a2,39.53736,1.302813,0.0,0.0
Slc26a3,39.368446,1.3448197,0.0,0.0
Neu1,39.260944,1.4943804,0.0,0.0
Abcc3,38.944378,1.3789685,0.0,0.0
Gsto1,38.87066,1.0306652,0.0,0.0
Mall,38.467102,1.2584976,0.0,0.0
Akr1c14,37.945168,1.4958012,0.0,0.0
Aoc1,37.49894,1.3135024,9.584333216532902e-308,3.7447359067453553e-305
Sgk2,36.65801,1.6081395,3.41108906100977e-294,1.295740080814128e-291
Abcg2,36.505604,1.3018689,9.036061495889774e-292,3.339679485305207e-289
Ces2e,36.44327,1.7491482,8.792576726887858e-291,3.164170703689249e-288
Cyp2d26,36.417625,2.4646459,2.239880932046084e-290,7.853941473264154e-288
Pls1,36.41012,1.3045378,2.9445960774855405e-290,1.0066837839903691e-287
Fa2h,36.33186,1.3286527,5.0823873519093055e-289,1.695162122862433e-286
Slc10a2,36.203682,1.9484222,5.327569796592e-287,1.7346313563903715e-284
H2-Q2,36.118008,1.4118217,1.1831304068344965e-285,3.7626298403399395e-283
Guca2a,36.096695,1.2016236,2.555575197142562e-285,7.942611550210122e-283
Spink1,36.04743,1.9126427,1.5132394956456735e-284,4.5985666895454636e-282
Plscr1,35.792892,1.3009169,1.4245862466613058e-280,4.235047157194208e-278
Ugt2b34,35.56713,1.3198357,4.516036566627931e-277,1.3139744691199355e-274
Myo1a,35.476765,1.0966238,1.1219493367916923e-275,3.1963869126304983e-273
Mgat4c,35.14584,1.1556467,1.3456836671278636e-270,3.7555559485660276e-268
Gclc,35.11418,1.3888462,4.095759223239942e-270,1.1201901475561243e-267
Slc51b,35.034695,1.9495611,6.669566944803082e-269,1.7883593719643557e-266
Edf1,34.87391,1.0651882,1.8487892609697368e-266,4.861960219954067e-264
Plpp2,34.744106,1.3067319,1.7012716797118796e-264,4.3896019283131987e-262
Scin,34.40962,1.3467594,1.810647446560504e-259,4.585297005873128e-257
Slc35f5,34.271015,1.1549314,2.1216354606227995e-257,5.275157258912143e-255
Sema4a,34.16554,1.1535152,7.86062439926035e-256,1.9195364046408087e-253
Cdhr5,34.0991,1.021436,7.606618030610795e-255,1.8249210801509231e-252
Calml4,34.091614,1.0757977,9.819908322653701e-255,2.3152973502118857e-252
Lgals3,34.047234,0.8054042,4.460298513755823e-254,1.033806477552727e-251
Slc27a4,33.994946,1.1726091,2.6457451220465136e-253,6.0300940906643456e-251
Cldn7,33.925667,1.0162601,2.787454711518093e-252,6.248925111477037e-250
Cyp2c65,33.59991,1.4908372,1.682498075149378e-247,3.710993738333507e-245
Chp1,33.59603,1.0824168,1.9169717235929942e-247,4.161045765100666e-245
Ipmk,33.59515,1.230691,1.9746230475009635e-247,4.219214089777449e-245
Acox1,33.53889,1.5515262,1.307208475948907e-246,2.7501655244002004e-244
Myo15b,33.430965,1.0588148,4.86693088437922e-245,1.0084133309679671e-242
Cast,33.395454,1.2495744,1.595870936060763e-244,3.257244037407602e-242
Misp,33.385624,1.055367,2.2166749716747583e-244,4.457798564360635e-242
Tmbim6,33.260967,1.067732,1.4170620596873663e-242,2.8084527052499614e-240
Prdx5,33.248226,1.0881803,2.1653656577885356e-242,4.2301964814654606e-240
Sdcbp2,33.16342,1.0765898,3.627708111172381e-241,6.987170200039763e-239
Erbin,32.752815,1.0111141,2.768660030493964e-235,5.2585313773617995e-233
Fmo5,32.5444,1.4489248,2.5127626073070058e-232,4.707127213003192e-230
Selenbp1,32.221367,1.0811127,8.862352220234968e-228,1.637738737996124e-225
Agpat2,32.154472,1.0623846,7.648300288696885e-227,1.394540085972399e-224
Cab39,32.129307,1.216728,1.7185418541460344e-226,3.0922447178219763e-224
Spint1,32.004883,1.0026671,9.325852981424759e-225,1.6562472665062802e-222
Cdh17,31.920763,0.99344635,1.3756256635910676e-223,2.4117539678984423e-221
Calm3,31.892658,0.96830606,3.3754131168214125e-223,5.842882831966179e-221
Mgst2,31.839224,1.3629013,1.855785485457226e-222,3.1722333142034453e-220
Eps8,31.79995,1.1178316,6.483426409795891e-222,1.0945784710365287e-219
Ppp2r5c,31.773952,1.0945609,1.4827001179975966e-221,2.4726736723923333e-219
Dhrs11,31.671541,1.1726295,3.831584455767336e-220,6.31288161838775e-218
Mvp,31.636475,1.0776491,1.1639271467118065e-219,1.894845682295709e-217
Slc25a10,31.51723,1.0015343,5.044715240291658e-218,8.116056577763343e-216
Prom1,31.494202,1.0430242,1.0428809320260774e-217,1.658301947146117e-215
Car12,31.454058,1.4097872,3.6941530605602164e-217,5.806614149788616e-215
Abcb1a,31.451292,0.98641855,4.030286142080374e-217,6.262973067380581e-215
Tmem236,31.430431,1.1878393,7.770988119640204e-217,1.1940254217537056e-214
Isx,31.319326,1.165499,2.5463918714215376e-215,3.8691009824099474e-213
Acad11,31.260286,1.0506057,1.6181535978090597e-214,2.4316758736306474e-212
Cds1,31.257797,0.999728,1.749195774894683e-214,2.6000274154005205e-212
Cyp2c55,31.213154,1.1643349,7.064262890660549e-214,1.038750484191215e-211
Cideb,31.18492,1.2213464,1.7062205360386375e-213,2.482187854290252e-211
Myh14,31.168484,1.0362775,2.8496394633338236e-213,4.101981016956846e-211
Mapk3,31.135317,0.92613846,8.016393919225978e-213,1.1419186129730753e-210
Ildr1,31.005577,1.0353959,4.5337033193285765e-211,6.391586896063741e-209
Rbp2,30.981106,2.1944928,9.6870533509592e-211,1.3517393323915006e-208
Akr1c13,30.825682,1.0259969,1.1867321945221477e-208,1.639248763645492e-206
Adra2a,30.643679,1.0742086,3.2081770166036294e-206,4.3871820702054635e-204
Ppp2ca,30.542507,1.0628349,7.110431686466489e-205,9.627242902220717e-203
Coro2a,30.493593,0.95413625,3.1688531091912343e-204,4.248437869430404e-202
Plec,30.481083,1.3757915,4.642178681563768e-204,6.163280919454808e-202
Ifngr2,30.4159,0.9346163,3.385323550185512e-203,4.451374956614122e-201
Mxd1,30.399996,1.1867812,5.493665472684854e-203,7.154845270377655e-201
Gltp,30.338434,1.0903633,3.570204422270468e-202,4.605900516466854e-200
Bag1,30.312912,0.96184874,7.748073649671957e-202,9.902327771893833e-200
Sectm1b,30.028711,1.0045904,4.14133008970281e-198,5.215450540577259e-196
Perp,30.028585,0.988115,4.1571050012645056e-198,5.215450540577259e-196
Tm4sf20,29.891712,0.9431708,2.5218347175127073e-196,3.135099069271479e-194
Tpm1,29.875135,0.9944433,4.1407502262986983e-196,5.1013296706878104e-194
Trpm4,29.821196,1.2710074,2.0752466812526507e-195,2.5338391398330355e-193
Anxa7,29.75181,1.0269914,1.6431392793771675e-194,1.9884893491577665e-192
H2-T3,29.723715,1.0725465,3.7924799735337844e-194,4.549312599831096e-192
Calm1,29.72047,0.90732497,4.17697857682488e-194,4.966972351137411e-192
Abca12,29.712133,1.533984,5.3527272778857337e-194,6.31021944181788e-192
Hsd17b11,29.657597,0.91352814,2.70681482776517e-193,3.1637344247597184e-191
Cyp2j6,29.655247,1.7132646,2.902407990523932e-193,3.363595700882608e-191
Slc25a20,29.652744,0.9278688,3.1262837369500823e-193,3.5925991683018804e-191
Pink1,29.537146,1.556983,9.604625175361203e-192,1.0945270772755372e-189
Slc13a2,29.38411,1.0468222,8.765247970240835e-190,9.82498081910192e-188
Sod1,29.290758,0.8952326,1.3600592978988381e-188,1.512098447054196e-186
Itpk1,29.288858,0.9532559,1.4379473738829232e-188,1.5756570099027043e-186
Plekhb2,29.279108,0.9360528,1.913776849992461e-188,2.0770554304481666e-186
Riok3,29.25413,1.0243137,3.978888199005483e-188,4.284354025307085e-186
Cat,29.179934,1.0018066,3.485802369459935e-187,3.724089640809735e-185
Mcu,29.055086,0.95598185,1.3271826768269972e-185,1.4069165198146654e-183
Sec23a,29.021484,1.3906219,3.525279177587207e-185,3.708322519500389e-183
Gna11,28.95363,0.9032808,2.5259000626892834e-184,2.6367697219294617e-182
Itprid2,28.952288,0.98420006,2.62626763812281e-184,2.7207734811613205e-182
Vil1,28.943342,0.89730036,3.403484799734677e-184,3.4994477170204295e-182
Ociad2,28.939579,0.89082295,3.795629379805095e-184,3.8735247588682593e-182
Krt20,28.927446,1.0167732,5.394154359498672e-184,5.464078582677359e-182
Pon2,28.92488,0.89762324,5.810297998323449e-184,5.842340082873027e-182
Ncoa7,28.918787,1.7471375,6.931399568020358e-184,6.918751028662656e-182
Tmem54,28.912415,0.9290228,8.335670871884137e-184,8.26016660674026e-182
Chmp3,28.865135,1.0625961,3.27208562581334e-183,3.219120211007009e-181
Ahnak,28.814276,1.2619734,1.421000242648883e-182,1.3880127370159624e-180
Acp5,28.766209,0.91791964,5.679887729079909e-182,5.508685439373599e-180
Tspan8,28.733446,0.8178327,1.4584519404602237e-181,1.4045303018164479e-179
Lrrc19,28.71997,1.0964197,2.1488628899553406e-181,2.0549440573523973e-179
Arhgdia,28.57615,1.0291241,1.3296866445128104e-179,1.2627406155356029e-177
Sgk1,28.568886,1.0383544,1.636894864031561e-179,1.5437611907332135e-177
Neurl1b,28.556683,1.7526808,2.3204414200479903e-179,2.1734271519970045e-177
Prss30,28.535803,1.2923713,4.214468026533567e-179,3.9206020586970432e-177
Fis1,28.492397,1.00981,1.455173822201496e-178,1.3445609472030716e-176
Tfrc,28.472393,1.7341669,2.5743694045328897e-178,2.3627182286568636e-176
Lasp1,28.445906,0.89390165,5.475782173473644e-178,4.992088081483472e-176
Fam189a2,28.396364,1.5317254,2.2423146525236527e-177,2.0307054882954272e-175
Bak1,28.388468,0.88635087,2.8066104411342146e-177,2.525026169901999e-175
Mmp15,28.296753,0.9916395,3.788822341400412e-176,3.386414739781087e-174
Chmp2b,28.280096,0.90406615,6.0729803712723796e-176,5.3579359082032125e-174
Ezr,28.253445,1.0743643,1.2912126982905715e-175,1.1318803621233055e-173
Cmpk1,28.212282,0.88574755,4.133598261030692e-175,3.6004430713117655e-173
Slc35d1,28.184217,0.9008346,9.129882582473979e-175,7.901971159198205e-173
Gucy2c,28.13135,0.8527542,4.052913017135638e-174,3.4857600949264054e-172
Serpinb6a,28.1133,0.84782267,6.737549714030111e-174,5.75849952121011e-172
Pdcd6ip,28.103699,1.000856,8.827924290935776e-174,7.498252464506008e-172
Clrn3,28.077166,0.94506335,1.8618551335503404e-173,1.5716585772407966e-171
Degs2,28.040583,0.83986753,5.203796344462687e-173,4.365761657087561e-171
Inpp5j,28.038073,0.9167965,5.583568094893323e-173,4.655810591321109e-171
Cyp4b1,27.990297,1.0849388,2.1325451434174632e-172,1.7674275658323523e-170
Cmtm4,27.970436,0.9647903,3.7201527008788876e-172,3.0646438665372766e-170
Txndc17,27.94918,0.858136,6.745049476005355e-172,5.523266561938517e-170
Capn1,27.909248,0.97516954,2.060537617552477e-171,1.6772530904779835e-169
Arpc5,27.895533,0.91570693,3.0227313994636653e-171,2.4459083957198594e-169
Arpc1b,27.879396,0.9379047,4.743158250672323e-171,3.815452298702589e-169
Ablim1,27.87145,1.1782937,5.92107642415463e-171,4.735129830427752e-169
Spint2,27.698427,0.80850095,7.293416318192539e-169,5.7986900087955214e-167
Cyb5b,27.673708,1.0250602,1.4472123379199502e-168,1.1439669780956832e-166
Akr1c12,27.671455,0.8978101,1.540480967969519e-168,1.2106940940794925e-166
Ms4a8a,27.657642,0.8229458,2.2584671733299297e-168,1.7648307768735308e-166
Sgpl1,27.649025,1.1936955,2.867157527104007e-168,2.227748817224278e-166
Pitpna,27.567032,0.89863896,2.7658853976219223e-167,2.1369199329084625e-165
Tmem243,27.523895,1.6922945,9.089594421180474e-167,6.983157511777696e-165
Prpsap1,27.460487,0.87185377,5.2073524726219075e-166,3.9782427409555635e-164
BC031181,27.457754,1.13431,5.61379384119566e-166,4.2649239321305925e-164
Cd82,27.436844,0.8014566,9.973355573197055e-166,7.535118091904405e-164
Sema3c,27.373032,0.92495626,5.745495974652361e-165,4.317014145789618e-163
Lmo7,27.350298,1.093515,1.0711111692836991e-164,8.004068437133653e-163
Sdf4,27.34851,0.9744898,1.1248302078357302e-164,8.359811463126962e-163
Ppm1a,27.304419,1.0170283,3.75896939803936e-164,2.7785895415236894e-162
Lrrc42,27.297346,1.1441312,4.560705212310198e-164,3.3530991278678475e-162
Msra,27.262821,1.1590015,1.171201209486196e-163,8.564800288622316e-162
Entpd5,27.227024,0.83130246,3.110006952338792e-163,2.262199206023031e-161
Pklr,27.22596,1.2283025,3.2014340501547684e-163,2.3163815151252094e-161
Clic5,27.19769,0.8454029,6.916902253120245e-163,4.9783493848115445e-161
Ces1g,27.190157,1.0675732,8.491306123069116e-163,6.079508441516762e-161
Fbp2,27.168346,0.91426504,1.5373937027634217e-162,1.09499265027551e-160
Mylk,27.123526,1.2177489,5.198610550641477e-162,3.683471465286125e-160
Cxadr,27.110897,0.81664544,7.325105230102497e-162,5.163444021734621e-160
Eps8l3,27.095423,0.83434635,1.1148780868896797e-161,7.818439917034037e-160
Prr15,27.075544,1.8576468,1.911494608735523e-161,1.3336575905335854e-159
Slc8a1,27.063364,1.3149449,2.6592257323702985e-161,1.8459346137139002e-159
Cdhr2,27.024635,1.0763547,7.589970438247225e-161,5.242062916314687e-159
Trp53inp2,27.02425,0.9419751,7.669570277192831e-161,5.270420780935275e-159
Cdkn1a,26.988165,1.0165977,2.0350387980081074e-160,1.3914577781380434e-158
Aldoa,26.975685,0.81916744,2.8510904787252525e-160,1.939734442615315e-158
Scamp2,26.953678,0.938071,5.165211859986027e-160,3.4914183819119265e-158
Gcnt3,26.953552,0.81486934,5.1828733566955837e-160,3.4914183819119265e-158
Dstn,26.918983,0.8091415,1.3168112137526475e-159,8.82715360199385e-158
Stard5,26.884722,0.935143,3.3140333984311184e-159,2.2107027670022217e-157
Tmem98,26.880281,1.0355325,3.7348512188021776e-159,2.4793247775300863e-157
Slc44a4,26.841381,0.8593548,1.0633670541440535e-158,7.024900707932334e-157
Smdt1,26.83105,0.8035474,1.4036678752127e-158,9.228441439198881e-157
Glrx,26.78209,0.8009739,5.224495347529181e-158,3.418419802749357e-156
Ifngr1,26.758368,0.80114883,9.868198193547946e-158,6.426076680798484e-156
Gipc2,26.751328,0.80847406,1.1916439756112624e-157,7.723095434352613e-156
Gpi1,26.74976,0.81722075,1.2427839174144093e-157,8.016542486151909e-156
Micu1,26.704092,0.8951025,4.219067017281911e-157,2.7087202564004755e-155
Nudt4,26.688627,0.8103096,6.37907031221709e-157,4.076345164465827e-155
Sppl2a,26.675537,0.7697129,9.0500353161257e-157,5.7562433929311134e-155
Hsd17b2,26.664923,0.87180513,1.2016456314553905e-156,7.607640745440955e-155
Sipa1l3,26.477009,0.95484066,1.783546716220946e-154,1.1239631955908496e-152
Tmem8,26.462025,1.0485878,2.6532965498140452e-154,1.6643958861792234e-152
Erbb3,26.457205,0.8461319,3.0147678327624934e-154,1.8825091375811462e-152
Heph,26.386127,0.93346834,1.9770659491270662e-153,1.2289262206505742e-151
Fbxo25,26.223516,1.2461318,1.4334161315078901e-151,8.869667691570316e-150
Sprr2a3,26.222834,0.86977184,1.4592933580422152e-151,8.989115617669951e-150
Tep1,26.220676,0.99617344,1.544383095402817e-151,9.47060037203297e-150
F2rl1,26.178022,0.8398614,4.729298253219582e-151,2.8871943577132938e-149
Rxra,26.173435,1.1858577,5.333358540706997e-151,3.2414968019630303e-149
Igsf9,26.17189,1.6817232,5.553942063625074e-151,3.3606264477908355e-149
Mettl7b,26.16587,0.8617611,6.502987644806041e-151,3.917548724349014e-149
Cebpg,26.08988,0.91672033,4.7494361299510263e-150,2.8486201349596613e-148
Adipor1,26.088106,0.79802114,4.974836762623044e-150,2.970781341872058e-148
Arf6,26.05575,0.79293084,1.157915645197888e-149,6.884563673078747e-148
Vamp8,26.041008,0.7964988,1.7009496338959505e-149,1.0069474564297456e-147
Rnf10,25.99841,0.81314427,5.161630133908857e-149,3.042469486258777e-147
Gda,25.998114,1.4867921,5.201533188106792e-149,3.0528311737064545e-147
Ncstn,25.977068,0.9846843,8.994984376863162e-149,5.256684245880502e-147
Cyb5a,25.940496,0.77016157,2.3276358787314428e-148,1.3544859847511693e-146
Myo1d,25.938868,0.770729,2.428174727800151e-148,1.4070037882486044e-146
Ugp2,25.809502,0.740399,6.936352980398793e-147,4.002304937002257e-145
Aldh3a2,25.807573,1.0663038,7.291088246942808e-147,4.189312259535416e-145
Fgfbp1,25.77631,0.8732442,1.6349204338631264e-146,9.354617963631068e-145
Map2k3,25.770134,0.94546145,1.917503165653701e-146,1.0925773245964318e-144
Dcaf11,25.7052,0.9486999,1.0224477369072714e-145,5.801648465646031e-144
Trim2,25.701944,0.81580883,1.1118279002505197e-145,6.282746502448701e-144
Slco2a1,25.680397,1.1741433,1.9355693146230237e-145,1.089255571089294e-143
Ufc1,25.6595,0.7544945,3.3123721937572266e-145,1.856421711050413e-143
Pacsin2,25.638704,1.1738337,5.65122736549163e-145,3.154307519310124e-143
Zmiz1,25.604462,0.74427307,1.3606592513163748e-144,7.563827342175376e-143
Reep3,25.600296,0.939701,1.5140282716437832e-144,8.382322516084509e-143
Lrp1,25.598993,0.90896255,1.565398063744293e-144,8.6317816619771e-143
Cap1,25.550434,0.75351685,5.43003039901496e-144,2.982155249258216e-142
Btnl1,25.54962,1.493432,5.544305875861082e-144,3.032735314096012e-142
Brpf3,25.536997,0.8825851,7.657482771931462e-144,4.171955255225607e-142
Gucd1,25.531418,1.0217761,8.831763000434183e-144,4.7741880912983435e-142
Srxn1,25.531414,1.2324201,8.832684366350866e-144,4.7741880912983435e-142
Slc25a24,25.497078,0.7726714,2.1239623657951375e-143,1.1435112343404923e-141
Arpc2,25.488245,0.7222941,2.661238323088599e-143,1.4271542771857488e-141
Sult2b1,25.472733,1.1245536,3.9537895700652345e-143,2.1120340769782062e-141
Fuca1,25.459024,0.74394816,5.608527863565779e-143,2.984304223123036e-141
Eps8l2,25.444624,0.8430955,8.096150822707946e-143,4.291273740330665e-141
Max,25.430048,0.8454885,1.1737045215492206e-142,6.197069240226097e-141
B4galt6,25.416716,0.7935128,1.6481283133506284e-142,8.66852103271917e-141
Myo7b,25.411287,1.1536722,1.8923130871885542e-142,9.914705543028153e-141
Tmem183a,25.388643,0.7836907,3.3664161197509015e-142,1.757089329679144e-140
Sc5d,25.36673,0.8982079,5.875744781216562e-142,3.0551638738835164e-140
Tom1l1,25.35819,0.7477639,7.298956211708851e-142,3.7808040225423694e-140
Hist1h2bc,25.255457,0.7759681,9.865672675853951e-141,5.091059390275577e-139
Myo5b,25.229124,0.75960994,1.9197587914615244e-140,9.869436644073816e-139
Dsg2,25.206217,0.7292128,3.423874957693172e-140,1.7536138594177575e-138
Slc16a5,25.159548,0.94301134,1.1110445834247364e-139,5.669229357587042e-138
Map2k2,25.154375,0.8040107,1.265721930549589e-139,6.434478587459342e-138
Pgp,25.119686,0.9043101,3.0313392623433194e-139,1.5353172004646257e-137
Lamp1,25.110209,0.72066176,3.847393926264719e-139,1.9414432450800747e-137
Abhd2,25.055454,0.72816324,1.522570070886883e-138,7.654832985065487e-137
Dhrs7b,25.025145,1.1803722,3.256238699003334e-138,1.6311012530721826e-136
Chmp5,25.013512,0.7760575,4.3581096625094593e-138,2.1750784538254328e-136
Dym,24.988762,1.0443397,8.099765483214566e-138,4.027792472107607e-136
Ist1,24.978468,0.76156735,1.0479294819575579e-137,5.192186835423769e-136
Rab4a,24.955294,1.4352268,1.8707437385271174e-137,9.235530911320697e-136
Sap30l,24.941908,0.841534,2.613830076057527e-137,1.2857599384923268e-135
Il17rc,24.914242,1.9467554,5.215252849093645e-137,2.5562216025575483e-135
Myl12b,24.907928,0.7379604,6.105014700222899e-137,2.9816455723410055e-135
Mier1,24.876263,0.7497818,1.3445154189075205e-136,6.543148880270586e-135
Sort1,24.852324,0.71757185,2.4405661804976442e-136,1.1835015077413222e-134
Rnpepl1,24.837969,0.8742342,3.488388234433522e-136,1.6856434313031241e-134
Rab21,24.830587,0.8775613,4.1915312723524675e-136,2.0182813432894363e-134
Gnb1,24.804121,0.7416597,8.092714184134481e-136,3.883083033966282e-134
Rnf128,24.780619,0.7477345,1.4505833513882016e-135,6.935918646934845e-134
Tmem19,24.73377,1.3978326,4.6352720973943e-135,2.208618325152162e-133
Iqgap2,24.703176,0.7374101,9.886291453414452e-135,4.694272070327869e-133
Btg1,24.683706,0.75116295,1.600210283595028e-134,7.57192928310104e-133
Anxa4,24.662586,0.70553946,2.6968768525840203e-134,1.2717169296236716e-132
Card19,24.647144,0.9541955,3.9488588345897265e-134,1.8556922530245536e-132
Cutal,24.642097,1.2691264,4.472962749727979e-134,2.0947864932373326e-132
Wwp2,24.537207,0.7415022,5.923488169971882e-133,2.7646314240397775e-131
A1cf,24.523243,0.8752971,8.348226648979702e-133,3.8830612049250827e-131
Atp8a1,24.514769,0.82194066,1.0279524470606406e-132,4.765169394425173e-131
Efnb2,24.495033,1.0744511,1.6685983606996688e-132,7.70881168329999e-131
Ces2c,24.490677,0.8371166,1.8568442339693635e-132,8.520921107225184e-131
Rnf167,24.481726,0.7572839,2.3126936465145286e-132,1.0577286159226146e-130
Sephs2,24.449495,0.81167847,5.094873401250913e-132,2.3224131254035412e-130
Src,24.44861,1.136651,5.2065387769265745e-132,2.365429161942555e-130
Ctss,24.445763,0.7248746,5.582558476474556e-132,2.5278638134367403e-130
Sbds,24.439486,0.7959264,6.510188405148005e-132,2.93817909044221e-130
Tes,24.438114,0.7314629,6.732349088695697e-132,3.0284497956550547e-130
Hkdc1,24.354248,1.8502653,5.226607936121772e-131,2.3434053615234504e-129
Serpinb1a,24.338219,0.748548,7.726558907167663e-131,3.4529638253437184e-129
Slc22a18,24.312193,0.9284944,1.4567917324083093e-130,6.481891738781407e-129
Serf2,24.312105,0.6936674,1.4599068779120097e-130,6.481891738781407e-129
Mapk6,24.272177,0.8784792,3.857375140344258e-130,1.7071069593594737e-128
Rab11a,24.27008,0.9145783,4.058926856174015e-130,1.7905104760703115e-128
Aph1a,24.265049,0.7624658,4.587090076291687e-130,2.0169921798485151e-128
Chmp4c,24.23254,0.8111279,1.010347616273395e-129,4.4283665553008577e-128
Gnai3,24.193619,0.7545796,2.5968956596456474e-129,1.1345862027365568e-127
Gnpnat1,24.176792,0.70578784,3.903850603028147e-129,1.7001642355544557e-127
Rock2,24.166647,1.049149,4.9907244580278767e-129,2.1666081575724194e-127
Actg1,24.147308,0.70527625,7.969050585071966e-129,3.448631859204403e-127
Bmp3,24.117102,1.0216069,1.6539385679113845e-128,7.1348927180404365e-127
Sqor,24.078403,0.73025215,4.209456395406743e-128,1.8101986228675223e-126
Sdcbp,24.059587,0.6803999,6.62585624871411e-128,2.8403944890647478e-126
Fahd1,24.05451,1.2489803,7.488216984110454e-128,3.200042726803451e-126
Arpc4,24.049135,0.7216445,8.523530776741625e-128,3.6311303231134496e-126
Atp6v1e1,24.043056,0.82139134,9.867546725645272e-128,4.190642902894382e-126
Mxi1,24.011396,0.90208346,2.1142185365488526e-127,8.951064547153423e-126
Tpi1,24.0095,0.77552897,2.2128111200164415e-127,9.319511347027499e-126
Fat1,24.009462,0.7132516,2.2148747259845976e-127,9.319511347027499e-126
Fosl2,23.995903,0.8153563,3.0685489141556678e-127,1.2871903804011889e-125
Mpdu1,23.993868,0.9727017,3.2224336694253637e-127,1.3476079642015854e-125
Phgr1,23.98506,0.69323957,3.98206839447915e-127,1.6602068687348285e-125
Slc3a1,23.960617,3.0400205,7.162017182610643e-127,2.976917476358679e-125
Casp1,23.905764,0.66568124,2.667916832254748e-126,1.1055685660934449e-124
Cobl,23.89618,1.9319911,3.356141637513656e-126,1.3865630481268652e-124
Actn4,23.855629,0.65945387,8.852022493185626e-126,3.646126734768477e-124
Nus1,23.846712,1.0088345,1.0953703126275673e-125,4.498254962517112e-124
Tax1bp3,23.822657,0.78330946,1.9453812289501374e-125,7.964996498770398e-124
Clec2h,23.80872,0.6987463,2.7128170868668195e-125,1.1073962287433956e-123
Capzb,23.792393,0.680731,4.003854940618601e-125,1.6295451283618858e-123
Actr3,23.789688,1.0612265,4.270458507147982e-125,1.7328937710756276e-123
Neurl3,23.759378,1.0610572,8.789808293799993e-125,3.556231609991565e-123
Brd2,23.750013,0.8601362,1.0984057144994766e-124,4.430884408784761e-123
Abhd17c,23.71407,0.6697621,2.5815469182383425e-124,1.0383133560855686e-122
Ndufa1,23.70533,0.6813343,3.1770279663902e-124,1.274072065700469e-122
Ccdc68,23.695621,1.144861,4.0007267827557636e-124,1.5950419461861537e-122
Papss2,23.688457,0.75971025,4.74221412352861e-124,1.8851679691643528e-122
Taldo1,23.653154,0.6797965,1.0953376294274606e-123,4.341664371716094e-122
Tax1bp1,23.63148,0.7120324,1.830205616485411e-123,7.233543874404045e-122
Uhmk1,23.606865,0.8391507,3.276562857113596e-123,1.2912679271189747e-121
H2-K1,23.603184,0.7053507,3.5746292523234435e-123,1.4046854892391691e-121
Fibp,23.553753,1.0423814,1.1489815922221778e-122,4.489235221039508e-121
Fam3b,23.533155,0.63581043,1.8676856195698114e-122,7.27652445801059e-121
Rhoc,23.48638,0.6000571,5.620151372716428e-122,2.1833968756220783e-120
Eif4a2,23.479698,0.8537763,6.576607145327078e-122,2.5477366207463965e-120
Tprn,23.461882,0.7009592,9.998903652596583e-122,3.862570831899951e-120
Rab2a,23.460932,0.6500513,1.0224321526067966e-121,3.938523855464209e-120
Plgrkt,23.430456,0.6520223,2.0918218550510873e-121,8.035298839276298e-120
Clta,23.424244,0.66482776,2.420110674778647e-121,9.270311898486834e-120
Gna13,23.402395,0.8014545,4.040187798925085e-121,1.543284026544708e-119
Mal2,23.39379,0.7594619,4.9432469974709164e-121,1.8829777908193532e-119
Atp6v1g1,23.37327,0.9317601,7.994026793975185e-121,3.0366199002114073e-119
Arf5,23.370611,0.69725746,8.507735907531415e-121,3.222805776606429e-119
Camk2d,23.35391,0.83670175,1.2576618961255002e-120,4.7509741518000597e-119
Itgb4,23.351393,0.99402934,1.3339491400330951e-120,5.0252767189952e-119
Cyp51,23.348833,0.8593935,1.4162732735053903e-120,5.32075192724896e-119
Sh3glb1,23.342205,0.6440809,1.6538065246837432e-120,6.196110746589092e-119
Cers2,23.339548,1.0302416,1.759769761548576e-120,6.575096035294201e-119
Pmp22,23.329475,0.77969384,2.2269966554949385e-120,8.298141488799259e-119
Pgd,23.302006,0.65073013,4.230497216198927e-120,1.5720665606391394e-118
Epn1,23.293793,0.6666378,5.1243369746524026e-120,1.8990598408772792e-118
Dhcr24,23.282394,0.6856525,6.685489776018127e-120,2.470920883433727e-118
Fuca2,23.275532,0.77326286,7.845757582676221e-120,2.8919335564177176e-118
Cisd1,23.269833,0.6861641,8.960754608499885e-120,3.2940408406246216e-118
Vti1b,23.2375,0.8887206,1.9031733285605507e-119,6.977451814494781e-118
Arhgef5,23.20469,1.1984222,4.08279455963559e-119,1.4928399893854731e-117
Samd9l,23.192078,1.0317707,5.473699358596393e-119,1.996075699434818e-117
Ywhab,23.12689,0.76843774,2.483989268668535e-118,9.034189693894206e-117
Ap2a2,23.117868,0.8450205,3.0613877818657176e-118,1.1104636052258273e-116
Nucb1,23.107536,0.6705451,3.888827973040679e-118,1.4068709664373356e-116
Slc26a2,23.10277,0.72164047,4.342531273019958e-118,1.5668631967954598e-116
Slc27a2,23.076368,1.7037022,7.998032660152534e-118,2.878239384936471e-116
Higd1a,23.074133,0.74404883,8.422277897337079e-118,3.022956699372298e-116
Ptdss1,23.067188,0.63423586,9.888505223584449e-118,3.53992955320726e-116
Tbc1d15,23.023216,0.7668346,2.729300944908778e-117,9.7449583346286e-116
Ankrd13a,23.019453,0.6777314,2.9767995741070877e-117,1.060097244164438e-115
Tma7,23.007822,0.72535044,3.892400683534845e-117,1.3825605025282859e-115
Cttn,22.99446,0.7148813,5.29608082686887e-117,1.8762669768764714e-115
Fkbp8,22.9889,0.62269527,6.01952216401771e-117,2.12705337449463e-115
Chmp1b,22.98173,0.8199089,7.100201909167044e-117,2.502455183192251e-115
Pdcd6,22.971262,0.6344102,9.03498411283855e-117,3.1761801476366883e-115
Ccng2,22.95543,0.9246204,1.30055081600244e-116,4.5602647202136845e-115
Sin3b,22.939837,0.6794223,1.8612986316130524e-116,6.509784856089128e-115
Tle5,22.935698,0.63472325,2.0470285487134412e-116,7.141100868279671e-115
Spryd7,22.92935,1.1306188,2.3684586442657538e-116,8.24139235631913e-115
Prkcd,22.920864,0.62760127,2.878137311250931e-116,9.989474043491494e-115
Rnf19b,22.898628,0.92544675,4.794814577059921e-116,1.6599769453492256e-114
P4hb,22.847763,0.80752474,1.5382010770022925e-115,5.311843365658169e-114
Crybg1,22.843712,0.9576373,1.6876559644284748e-115,5.813273378730326e-114
Hsd3b3,22.82201,0.7189386,2.7726398731384483e-115,9.52659554401213e-114
Epb41l3,22.814106,1.0146219,3.3217989160717943e-115,1.1384862199819996e-113
Numa1,22.803059,0.63273096,4.275601972818493e-115,1.4617214244573223e-113
Prkaa2,22.797235,0.61427015,4.883981428850812e-115,1.6655472827814178e-113
Dgka,22.79601,0.720161,5.0226693502519135e-115,1.7085821732511174e-113
Slc35c1,22.792269,0.7248466,5.47065802984526e-115,1.8563585250157306e-113
Pdk2,22.776655,0.75196636,7.813177337979061e-115,2.644683170714447e-113
Crb3,22.774353,0.7951631,8.234755216543552e-115,2.7805006811415576e-113
Cnnm4,22.765978,0.6567664,9.968621539125759e-115,3.3576576243237626e-113
Prelid3b,22.758762,0.6117908,1.1751555478103028e-114,3.948464893441251e-113
Lipa,22.75813,1.0108118,1.1922782064076694e-114,3.996177566819823e-113
Dnajb11,22.753706,0.8048771,1.3187628673700943e-114,4.409311054104166e-113
Map2k1,22.74254,0.729283,1.7009534761899405e-114,5.673302143145716e-113
Cox4i1,22.727211,0.7122949,2.4117930287430626e-114,8.024639821912745e-113
Trpm6,22.678541,0.6788564,7.296986668553405e-114,2.4219973954482476e-112
Itm2b,22.677643,0.6793598,7.447325963064893e-114,2.465912410288436e-112
Atp2b1,22.67703,0.6595762,7.55159859427894e-114,2.494398811032959e-112
Aldh9a1,22.673603,0.7102729,8.163035545433667e-114,2.689867736959166e-112
Map1lc3a,22.662323,0.7906693,1.054668968629793e-113,3.4669707081760625e-112
Fam98c,22.633253,1.119491,2.0398317339578675e-113,6.689376249849842e-112
Psenen,22.629921,0.59282494,2.1999769445546397e-113,7.1972929944461e-112
Atp6v0e,22.605536,0.8608974,3.8231701124549585e-113,1.2477768803776028e-111
Smim24,22.59836,0.7032994,4.497601114317082e-113,1.4643975056734785e-111
Abcd3,22.59241,0.6140823,5.146409077535106e-113,1.6716661314796335e-111
Odc1,22.58538,0.7632688,6.033612439160915e-113,1.955204978803922e-111
Dsc2,22.569443,0.6056073,8.653079936520318e-113,2.79742005039989e-111
Frk,22.560188,0.6933429,1.0666995114460529e-112,3.440357504486975e-111
Tspan15,22.515045,0.62136716,2.9563153301069e-112,9.512379326873377e-111
Pgm2,22.509573,0.85147643,3.3447517948250322e-112,1.0736967322589745e-110
Lhfpl2,22.504524,1.304708,3.748082626320654e-112,1.2003519886401625e-110
Alkbh5,22.502447,0.62958574,3.927746360234756e-112,1.2549516700049132e-110
Arf3,22.496956,0.6832524,4.445354609735113e-112,1.4170215451778012e-110
Atox1,22.482805,0.7091264,6.1151575373115785e-112,1.9447623098310657e-110
Slc2a1,22.474316,1.4474555,7.403733251601687e-112,2.3436586161030804e-110
Atp5j2,22.462688,0.67523485,9.619011180324666e-112,3.037874778081751e-110
Cers6,22.372305,0.59484905,7.325245150955578e-111,2.308127360352939e-109
Clstn1,22.367786,0.94673085,8.105967724882466e-111,2.548255370983166e-109
Ywhah,22.366417,0.61497253,8.35885628441929e-111,2.6217284332438943e-109
Hint3,22.362558,1.0448284,9.113531182121939e-111,2.851888762368822e-109
Trim25,22.359863,0.70414644,9.680708333057936e-111,3.0224585948531343e-109
Eif4ebp3,22.354935,0.6125454,1.0811199468664138e-110,3.36772557480597e-109
Prelid1,22.35301,0.79967576,1.1287178581880316e-110,3.5080037978912115e-109
Tmc4,22.316574,0.642233,2.550997150757346e-110,7.910404996962971e-109
Snapc5,22.315216,0.8463911,2.6296786791311448e-110,8.135940257266608e-109
Ank3,22.307472,1.303872,3.1266689920426345e-110,9.651737802750119e-109
Cox8a,22.305414,0.59894705,3.273863977324898e-110,1.0083353578810356e-108
D8Ertd738e,22.287392,0.90214324,4.8971068982203856e-110,1.5048974569250287e-108
Tubb4b,22.286823,0.6025505,4.9595169191134234e-110,1.5206590553559656e-108
Rnasek,22.269024,0.88645214,7.379019992707656e-110,2.257451865778013e-108
Myo6,22.24091,0.69162625,1.3812807581193008e-109,4.216297849839606e-108
Ctdsp2,22.229187,0.58347493,1.7935470926800585e-109,5.462529285612428e-108
Ndufb9,22.22491,0.619044,1.97272953062946e-109,5.981613377241212e-108
Pstpip2,22.18855,1.920187,4.430374087334422e-109,1.3403841956703147e-107
Atp6v0a2,22.176289,1.1952727,5.818645457608177e-109,1.7565116254479432e-107
Kif1c,22.175087,0.58737856,5.976078736625265e-109,1.8000633639504515e-107
Ddrgk1,22.163574,0.8214574,7.717670861348847e-109,2.319541736899901e-107
Mbd2,22.14785,0.6115452,1.0941615755730184e-108,3.2812849881493476e-107
Clcn2,22.112328,0.69735914,2.4054271233658113e-108,7.197859061712794e-107
Mical2,22.105791,0.75203776,2.7801865576805623e-108,8.301102876917399e-107
B2m,22.090631,0.61299425,3.889225885845454e-108,1.1587181696936077e-106
St3gal5,22.085703,1.2559669,4.33745500733775e-108,1.2894499396813853e-106
Ctnna1,22.08452,0.61809516,4.4525190766181564e-108,1.3207852141595074e-106
Rnd3,22.06977,1.4533781,6.1704586002500385e-108,1.826429033732019e-106
Copb2,22.056736,0.87013227,8.231308323050718e-108,2.431169358914008e-106
Snx15,22.055826,0.835062,8.398490960037607e-108,2.475201807726601e-106
Uap1,22.052069,0.6070165,9.125625023241747e-108,2.6837187568350727e-106
Sar1b,22.044376,0.59029114,1.0816069722730869e-107,3.1740290441704857e-106
Slc30a1,22.025864,0.687857,1.6278030265796553e-107,4.766639483613873e-106
Cyp2d34,22.020401,1.2578154,1.836355940963571e-107,5.365847754845478e-106
Ugt8a,22.00406,2.0313933,2.6331494393065404e-107,7.677679868340499e-106
Pkp3,21.985573,1.3241858,3.957766732331348e-107,1.151541703502791e-105
Ptprh,21.961475,1.1414415,6.72785710347603e-107,1.953364031635557e-105
Vasp,21.955322,0.6630493,7.703473204477461e-107,2.2318855099836713e-105
Fam83e,21.953766,0.6038454,7.971810973597728e-107,2.304746618688138e-105
Ctnnd1,21.927975,0.60623324,1.405428357240891e-106,4.054690461027254e-105
Gale,21.924889,0.6250461,1.5040372094612872e-106,4.330043966185916e-105
Lrp10,21.923271,0.73591256,1.5584480231095503e-106,4.4772640159712395e-105
Il10rb,21.921305,0.6093346,1.6272437789599555e-106,4.665106640938656e-105
Hsd17b4,21.91705,0.840654,1.7866615807713064e-106,5.111421991014145e-105
Mcl1,21.913967,0.5774365,1.9117832258280093e-106,5.457961505886853e-105
Pfkl,21.912615,0.6912585,1.9694091132254633e-106,5.610764504866294e-105
Lmbrd1,21.90116,1.1281071,2.5325138887080863e-106,7.200026492324966e-105
Rnf152,21.882612,1.8886653,3.804217194563009e-106,1.079308509038364e-104
Micu2,21.840647,0.8335063,9.539616710803835e-106,2.7009163254708582e-104
Vwa5a,21.831964,1.0734134,1.1535407916731962e-105,3.259229406225405e-104
Pigt,21.817516,0.58633554,1.5822081446132006e-105,4.461174510842375e-104
Coa3,21.808834,0.8379875,1.912925171649472e-105,5.3825620827791215e-104
Secisbp2l,21.79459,1.1676861,2.6112533301204116e-105,7.332420798644071e-104
Gramd3,21.781782,0.54792106,3.4536648529499552e-105,9.678046488543164e-104
Tmem45b,21.762304,0.66483366,5.282553300392302e-105,1.4772784536373155e-103
Klc4,21.757023,1.2521796,5.927286431928052e-105,1.6541967746248185e-103
Myl6,21.748459,0.80559796,7.144022400390463e-105,1.989704813143372e-103
Slc39a9,21.74551,0.5992157,7.617980393405038e-105,2.1173959731669493e-103
Klf6,21.738976,0.65351105,8.783802505288466e-105,2.436480715209326e-103
Lrrfip2,21.734253,0.8640415,9.735416256900765e-105,2.694976058969999e-103
Ndufv3,21.697517,0.63066524,2.165407213472357e-104,5.982210837219087e-103
Klf3,21.696432,0.592756,2.2171077737906878e-104,6.112691291650737e-103
Daam1,21.687138,1.0899372,2.7135727665196987e-104,7.466420036651284e-103
Rnasel,21.676111,0.84457755,3.448082305218238e-104,9.468378619248878e-103
Zfand3,21.61849,0.59448797,1.2034879204977842e-103,3.2915394625614396e-102
Usp25,21.61849,0.78055567,1.2034879204977842e-103,3.2915394625614396e-102
Fam32a,21.604044,0.5877824,1.6455706296217606e-103,4.4916523672809535e-102
Lpin2,21.597004,1.2293825,1.9165210307168507e-103,5.220801811763533e-102
Stx12,21.591194,0.5792538,2.1732610969535385e-103,5.90841858863611e-102
Coro1c,21.591022,0.9469594,2.1813332905067107e-103,5.91859776739668e-102
Ddc,21.589039,1.1320537,2.276944833257158e-103,6.165786256394383e-102
Mtmr11,21.588402,0.8223748,2.3086147570975656e-103,6.2391910678476705e-102
Smim20,21.570658,0.65918434,3.388487168632386e-103,9.139558586005498e-102
Rab1b,21.56054,0.68617016,4.2166527345382865e-103,1.1350930343466745e-101
Pgrmc1,21.55655,0.6233829,4.596257585176602e-103,1.2348491645833012e-101
Efhd2,21.553307,0.8435359,4.929817092235595e-103,1.3218676222808189e-101
Uqcr11,21.512249,0.57317734,1.1956627593952172e-102,3.1997432944676315e-101
Ggnbp2,21.510849,0.72833204,1.2322810837593824e-102,3.291297621173741e-101
Yipf1,21.486101,0.6202579,2.1002155957224393e-102,5.598527928168491e-101
Metrnl,21.485184,1.009753,2.142138645436177e-102,5.6991723689376896e-101
Lmo4,21.484472,1.357262,2.1752263662045556e-102,5.775965156863554e-101
Numb,21.483265,0.7560554,2.2325225816799455e-102,5.91661750086691e-101
Slc22a23,21.474577,0.8423,2.691599728523848e-102,7.119463498561628e-101
Etl4,21.4447,0.5868507,5.117567439169764e-102,1.351018044993176e-100
Fkbp5,21.425573,0.6100705,7.71775635157494e-102,2.0335321408051505e-100
Susd6,21.418169,0.7153743,9.047492958472818e-102,2.379316657829149e-100
Wbp1,21.416494,0.71464497,9.37862466323626e-102,2.461663959112396e-100
Rtn4,21.38828,0.81874317,1.7177697117979904e-101,4.5000959403903294e-100
Lgals4,21.375055,0.31643257,2.2805076685286317e-101,5.962895290082035e-100
Stx7,21.34388,0.5699322,4.444954423963825e-101,1.1600143463302538e-99
Alpi,21.334005,1.171587,5.489870401677521e-101,1.4299805284369542e-99
Scp2,21.326828,1.1968671,6.400350236151676e-101,1.6639693817371516e-99
Glmp,21.3221,0.7006716,7.080909632289947e-101,1.8374087138816894e-99
Gabarapl2,21.284939,0.6656295,1.5655332187530302e-100,4.054671736069638e-99
Tmem127,21.26286,1.0290135,2.50670264483617e-100,6.479992186792934e-99
Ctsd,21.257477,0.88680637,2.8113534183962717e-100,7.253822263503588e-99
Ralgds,21.240942,0.7905211,3.997995298757371e-100,1.029615550103711e-98
Btnl6,21.205519,1.0300645,8.492773665920384e-100,2.1830578925086705e-98
Nectin2,21.20208,0.54804856,9.136708142786913e-100,2.344174181099644e-98
Abr,21.194899,0.53387964,1.0642867696807843e-99,2.725490931719986e-98
Sult1b1,21.191893,0.67397714,1.1344240777034353e-99,2.8996727593634538e-98
Mea1,21.190353,0.8760759,1.172142495496507e-99,2.990494146625883e-98
Esyt2,21.189653,0.5994982,1.1896890331375653e-99,3.029608478241379e-98
Fzd5,21.157003,0.8482762,2.3786315902103e-99,6.046057062476923e-98
Slc44a1,21.150635,0.5762302,2.7225884809679864e-99,6.907494893736032e-98
Itfg1,21.131685,0.56520665,4.067616462996939e-99,1.0300862061385768e-97
Rbm47,21.111883,0.5331761,6.185809104736966e-99,1.5636033180642887e-97
Tcf7l2,21.096813,0.534598,8.508081296461652e-99,2.1466422828249648e-97
March8,21.083664,1.1653745,1.1234023201299073e-98,2.8291946091669394e-97
Cyp4f40,21.076576,0.87557834,1.3048929059944823e-98,3.280222516447527e-97
Cebpa,21.06562,0.6229786,1.6445910405178193e-98,4.1265655924919597e-97
Trim31,21.06324,1.0286078,1.7293535710166872e-98,4.331302213123296e-97
Anks4b,21.051762,0.6629397,2.2033758004490264e-98,5.508439501122565e-97
Vamp3,21.037365,0.79382426,2.9851573328103973e-98,7.449274913536895e-97
Tmprss4,21.035387,0.65107876,3.112189029650845e-98,7.752128411744136e-97
Stk25,21.026157,0.5563779,3.780596992894683e-98,9.399938886879052e-97
Arl6ip1,21.018166,0.64895046,4.4739444837247003e-98,1.1103664394725096e-96
Cda,21.012817,1.2005069,5.0074342372122424e-98,1.2405192607586487e-96
Ndufc1,21.006517,0.7344823,5.7176721887840576e-98,1.4139089906260757e-96
Pfkp,20.999512,1.1611742,6.626375441185712e-98,1.6356621689208412e-96
Cant1,20.999165,0.66168076,6.674914254179646e-98,1.6446748184848045e-96
Otub1,20.988688,0.641342,8.321122495376342e-98,2.0466070166235876e-96
Slc4a2,20.988205,0.6656532,8.406176452885199e-98,2.0638144163950644e-96
Dnajb12,20.98367,0.6971209,9.247408373166747e-98,2.2662779480834277e-96
Cox6c,20.953415,0.8827128,1.746462066929783e-97,4.272427328312126e-96
BC005537,20.936106,0.60586905,2.511720855737709e-97,6.133532625395208e-96
Nedd4l,20.930622,0.5632597,2.817944401337962e-97,6.869053420373732e-96
Man1a,20.883541,1.0049261,7.557807911324236e-97,1.839021764899625e-95
Tom1l2,20.85981,0.888068,1.2416499124819616e-96,3.015908091152899e-95
Smarcc2,20.850092,0.73056585,1.521304029589536e-96,3.688622802240586e-95
Wdr1,20.844862,0.5351513,1.6969836956647226e-96,4.1073012457017845e-95
Dnm2,20.841595,0.59444404,1.81687869244954e-96,4.389720162411212e-95
Fgl2,20.803137,1.159374,4.0540707684685234e-96,9.777675089736694e-95
Ctdsp1,20.797436,0.9078054,4.5657527678379305e-96,1.0992371320454876e-94
Fgd4,20.793716,1.0192174,4.933713497802686e-96,1.185738700921823e-94
Tmem234,20.789473,0.5719884,5.39004120419941e-96,1.2931370783759112e-94
Cyb5r4,20.784689,0.8047743,5.9549030537898705e-96,1.4261523513235813e-94
Cgn,20.76129,0.6223531,9.692966239704189e-96,2.317330652586622e-94
Ginm1,20.750538,0.56742656,1.212273111573195e-95,2.8931648866951906e-94
St3gal1,20.74581,1.9123116,1.337534588275599e-95,3.186547995586902e-94
Ech1,20.73803,0.57857555,1.5723503383122073e-95,3.739459282855554e-94
Nr3c1,20.719576,0.8895255,2.3071054199435568e-95,5.477372676688912e-94
Shroom3,20.719395,0.50609154,2.3158201638962525e-95,5.488533923965555e-94
Ndufa13,20.710667,0.52906567,2.7758319580393135e-95,6.567387893804086e-94
Qdpr,20.707949,0.6691634,2.937008881493155e-95,6.936717867775284e-94
Ndfip2,20.705065,0.5810453,3.118195413869745e-95,7.351952118046339e-94
Uqcrq,20.693422,0.61683667,3.9700562862810756e-95,9.344323530962773e-94
Fam110c,20.690369,0.922465,4.229621014549153e-95,9.938155906178637e-94
Map4,20.68636,0.58123046,4.5963932099335855e-95,1.0781419750573204e-93
Dock1,20.656427,0.8762503,8.54595649805273e-95,2.0011293683368333e-93
Ybx1,20.651388,0.53647,9.48548914969373e-95,2.2173344294369532e-93
Nckap1,20.632841,0.5540085,1.392225244455415e-94,3.248921538895529e-93
Slc39a4,20.61976,0.6058484,1.824590944708117e-94,4.250644151428194e-93
Atp11a,20.589262,0.9830397,3.425530987453968e-94,7.96668983901922e-93
Cth,20.584831,0.67623454,3.7534736520255176e-94,8.71455894591663e-93
Pgm1,20.580967,0.97371286,4.0649002528000545e-94,9.421612026617076e-93
Aco2,20.57044,0.64332914,5.050616006949519e-94,1.1686493044845121e-92
Plcb3,20.570337,0.504548,5.061248311527139e-94,1.169131261150906e-92
Tmc5,20.562658,0.62296295,5.929468163217788e-94,1.3673773546712183e-92
Adap1,20.556358,1.0872521,6.751357238047901e-94,1.5542897345169198e-92
Tjp2,20.551582,0.8954097,7.449648786839267e-94,1.7121671791601173e-92
Pank3,20.547535,0.52327126,8.097272983946342e-94,1.8578893969037958e-92
H2-Ke6,20.537111,0.91155124,1.0035769572959137e-93,2.2988132145764856e-92
Ctnnb1,20.535793,0.5398005,1.0311718878593051e-93,2.358072837203344e-92
Slc5a1,20.534882,0.6444675,1.050708065624955e-93,2.3987366940603106e-92
Slc37a1,20.530283,0.62609637,1.1549895332830134e-93,2.6324136446075348e-92
Pfn1,20.513306,0.5214947,1.6377496864329358e-93,3.7264936708769375e-92
Tradd,20.509993,0.8649201,1.7531820190092478e-93,3.982518955141439e-92
Tns4,20.507393,0.5375723,1.8494665640538728e-93,4.194271187966287e-92
Map1lc3b,20.503492,0.51665473,2.0038310436196298e-93,4.536819457201728e-92
Lin7c,20.502949,0.68619865,2.0263862996676987e-93,4.580302917017485e-92
Smap1,20.501955,0.6355541,2.068180711213919e-93,4.6670579580611126e-92
Sigirr,20.498138,1.1772978,2.236905454083961e-93,5.039486340131494e-92
Atp2a2,20.497921,0.5137811,2.2468652784100676e-93,5.053599125371328e-92
Sft2d2,20.485588,0.56455374,2.8946254296564475e-93,6.499836248038082e-92
Ano10,20.473377,0.7324433,3.7193683231364945e-93,8.338092101457633e-92
Gclm,20.409826,0.49676442,1.3677179829285555e-92,3.061136402053682e-91
Tprgl,20.405853,0.7809584,1.4834759835025684e-92,3.3147931494113766e-91
Ank,20.39603,0.5679968,1.813542648976655e-92,4.045708927366356e-91
Cnih4,20.394062,0.5129115,1.8880122356846773e-92,4.2049783913661174e-91
Atp9a,20.379766,1.0071425,2.5285742984216806e-92,5.622480248929509e-91
Mcur1,20.377295,0.62071264,2.6595518125008307e-92,5.904118674667023e-91
Gss,20.364714,0.5838081,3.4386304790966495e-92,7.621275818743385e-91
Tmem134,20.355228,0.6952979,4.1730838120882366e-92,9.234129632735702e-91
Slc22a5,20.353981,1.445067,4.280564416796739e-92,9.456658869094573e-91
Fgfr2,20.35384,0.8876936,4.292874393727103e-92,9.468557634551312e-91
Tmem238l,20.343971,1.1913412,5.250147411200668e-92,1.1561314951395997e-90
Usf3,20.342659,0.59092295,5.392690336490065e-92,1.1856115812138527e-90
Irf7,20.336287,0.5513401,6.140878985788752e-92,1.3479377228035502e-90
Cul1,20.329786,0.6651645,7.01063418483871e-92,1.5363849756036757e-90
Ethe1,20.31957,0.5776605,8.632673543372878e-92,1.8888289712899858e-90
Afg3l2,20.316053,0.7872631,9.274038583219822e-92,2.0259181729318063e-90
Insig1,20.287672,0.7541067,1.6523431769071287e-91,3.6037947279433786e-90
Cd63,20.28748,0.57272923,1.658867753800935e-91,3.612263779176399e-90
Lypla1,20.285204,1.3086504,1.7373939901820093e-91,3.777243690896499e-90
Iah1,20.284946,0.9045803,1.7464978050724198e-91,3.7910091245024353e-90
Sptbn1,20.266754,0.51709574,2.52789910420564e-91,5.478450118860876e-90
Ankrd13c,20.26063,0.5622606,2.862728783660027e-91,6.194274701985896e-90
Slc23a2,20.2521,1.2033662,3.404140594234274e-91,7.35412679718068e-90
Ckmt1,20.248001,0.61724585,3.6994305179339346e-91,7.979449894754978e-90
Hint1,20.246103,0.49190724,3.8448054340990446e-91,8.279955009654242e-90
Zfp706,20.228191,1.0027063,5.529437313367407e-91,1.1889159632122529e-89
Commd1,20.191961,0.59939116,1.1519814256716405e-90,2.4730527466341734e-89
Rtca,20.184553,0.8647083,1.3383218122019582e-90,2.8685816272510626e-89
Efnb1,20.170006,0.83950686,1.796201287004529e-90,3.8439831924549194e-89
Hectd3,20.164764,0.9170905,1.996940203006999e-90,4.266899574393861e-89
Kif5b,20.158815,0.5527127,2.2521290603420064e-90,4.804659110792034e-89
Fam20b,20.158674,0.61165106,2.2585438036472052e-90,4.81083902100865e-89
Ykt6,20.134361,0.8981011,3.690409893766291e-90,7.84857780672691e-89
Tmem59,20.117386,0.54192895,5.197732897152729e-90,1.1037111392634093e-88
Slc25a1,20.078033,0.5003881,1.148524548411171e-89,2.4350501084531415e-88
Mtmr6,20.059462,0.47454035,1.668839458401698e-89,3.532721299325576e-88
Mgst3,20.0508,0.6418661,1.9862686784446307e-89,4.198179934734208e-88
Espn,20.049953,1.7508643,2.0203546584689475e-89,4.263634252247355e-88
Stap2,20.037384,1.547421,2.6008396327007915e-89,5.480197531153055e-88
Jund,20.035585,0.5331568,2.696546493870059e-89,5.673118969795855e-88
Tuba1c,20.023405,0.6566771,3.443651634044296e-89,7.233784346475537e-88
Spg7,20.021053,0.5635975,3.610116421754275e-89,7.571831605443208e-88
Ptk2b,20.019104,1.0948653,3.754055295086958e-89,7.861670162375827e-88
Nr1h4,20.015491,0.75774634,4.0363040497543985e-89,8.43982536397422e-88
Pkn1,20.003006,0.8625486,5.185060643524867e-89,1.0825298366443137e-87
Arf1,19.993158,0.5225887,6.316835905696325e-89,1.3168099239389826e-87
Pten,19.977362,0.4949831,8.668541823536443e-89,1.8042969472885975e-87
Ppp1r14d,19.97581,0.5782826,8.942254528882433e-89,1.8584396760253384e-87
Spr,19.966808,1.1055003,1.07082359000612e-88,2.222080818411789e-87
Hagh,19.95802,0.631228,1.2767111317287093e-88,2.6453067767257727e-87
Ssu72,19.952692,0.6449555,1.4203108361459303e-88,2.9383889083654454e-87
Patj,19.94047,0.57587403,1.8135486201816576e-88,3.7462654654054633e-87
Entpd8,19.936651,0.93995166,1.9573912432238914e-88,4.037303959439926e-87
Nostrin,19.92028,0.5894712,2.714618072097447e-88,5.590723213242859e-87
Ubxn2a,19.918114,0.7192577,2.834742522432826e-88,5.829338946506602e-87
Lgals8,19.915024,0.9455278,3.0150418817079615e-88,6.190795455308765e-87
Hk2,19.91023,0.65923417,3.3178146369775934e-88,6.802266141029774e-87
Tex261,19.90323,0.48328206,3.8152914731326067e-88,7.810495642977305e-87
Ski,19.898355,0.67900187,4.205027874417766e-88,8.595479250024356e-87
Pef1,19.895956,0.6497687,4.411130127419052e-88,9.003314103351572e-87
B4galnt1,19.894915,1.1883826,4.503798249606964e-88,9.178754256836844e-87
Rnf149,19.890968,0.6144307,4.872448595684029e-88,9.915287878865937e-87
Igsf5,19.887083,0.961143,5.264979257318193e-88,1.0698156217507621e-86
Arfgef1,19.879969,0.4711367,6.067234599328652e-88,1.2310004917777346e-86
Rab5c,19.8599,0.49242118,9.048999209665852e-88,1.8332602102545263e-86
Midn,19.845167,0.53423417,1.2132567632798257e-87,2.4543322837058605e-86
Muc13,19.826376,0.4640988,1.762939674932878e-87,3.561033981492926e-86
Plxnb2,19.813644,0.46966046,2.270367423959131e-87,4.57924402988807e-86
Slc25a51,19.80804,0.51579714,2.5377346597871344e-87,5.110975180057299e-86
Hsbp1,19.805914,0.47267702,2.647136062031731e-87,5.3234684776888116e-86
Ccdc25,19.784605,0.83190155,4.040578850804525e-87,8.113790864133904e-86
Anapc13,19.769367,0.70523095,5.465778676974736e-87,1.095960753777559e-85
Pak2,19.73365,0.5238134,1.1087051810110641e-86,2.216599905018465e-85
Cryl1,19.721338,0.62666523,1.4143445833296998e-86,2.823527325114401e-85
Gdi2,19.719799,0.6190324,1.4580719536957153e-86,2.9065792954502784e-85
Tapbp,19.71656,0.65855306,1.5544945804302095e-86,3.094281424655475e-85
Cript,19.713747,0.9338421,1.6433709849591888e-86,3.266438694668155e-85
App,19.711021,0.47691977,1.7343063530575547e-86,3.442182783463289e-85
Necap2,19.691286,0.84133697,2.5610388810561073e-86,5.0683367146805014e-85
Relb,19.69121,0.99962515,2.5648576300950166e-86,5.068558972767247e-85
Atp6v0c,19.669683,0.7613564,3.922143908436008e-86,7.739584119460666e-85
Dctn2,19.667496,0.5564466,4.0951300058913295e-86,8.069294355989039e-85
Ddx1,19.653341,0.803172,5.412956564912661e-86,1.065067352880297e-84
Myl12a,19.650002,0.46433935,5.781049917453616e-86,1.1358600232927901e-84
Ccdc12,19.646654,1.030426,6.175098146827379e-86,1.2115418530540088e-84
Myo1e,19.63633,0.68424106,7.567464896982862e-86,1.4825943046739346e-84
Edem1,19.631886,0.4808808,8.259074753630879e-86,1.6157775000844389e-84
Marveld3,19.618404,0.69050574,1.0767872164608488e-85,2.1035807407288723e-84
Tbca,19.612225,0.6487004,1.2159567597982857e-85,2.3720697133012206e-84
Cox7a2,19.577208,0.8627964,2.4192834714786753e-85,4.712777987531465e-84
Cox17,19.570002,0.5428595,2.786702442730754e-85,5.420790313562313e-84
Cops9,19.568634,0.65305126,2.862552071457911e-85,5.560426076304961e-84
Ube2q1,19.559975,1.3039491,3.3924843954797437e-85,6.580457320309999e-84
Cdc42,19.536222,0.6921242,5.403640407398002e-85,1.0466683083734798e-83
Sult1d1,19.532816,0.65484804,5.776459399799008e-85,1.1172996080940798e-83
Gng12,19.524912,0.5397294,6.743345815984263e-85,1.3024753394574122e-83
Pkm,19.516777,0.51324755,7.907167120329673e-85,1.5251129812483537e-83
Vcp,19.498182,0.51588887,1.137548697716867e-84,2.1909828790532613e-83
Wasf2,19.494986,0.47119558,1.2108926923704397e-84,2.3289673091653676e-83
Krcc1,19.494774,0.4837233,1.2159240945795805e-84,2.335359830530304e-83
Cldn3,19.483067,0.6106635,1.5284441672117295e-84,2.9314830275764937e-83
Cdx2,19.479853,0.48806384,1.6274963791324386e-84,3.1170886533103778e-83
Slc35e1,19.458347,0.4828886,2.4763915542497367e-84,4.736315315295825e-83
Esrra,19.4547,0.603009,2.6590024240053037e-84,5.0713888630784554e-83
Lman2,19.425158,0.47874308,4.7292810022019865e-84,9.007370153915344e-83
Stub1,19.409771,0.6371632,6.381011948555884e-84,1.2136347482128193e-82
Adss,19.406631,1.0245231,6.782974116228603e-84,1.2882940422142521e-82
Cndp2,19.390408,1.907577,9.299722492133374e-84,1.7623169863128205e-82
Sh3d19,19.39038,0.50657016,9.30451820195873e-84,1.7623169863128205e-82
Cited2,19.368168,0.872607,1.4326717754240768e-83,2.709790667901003e-82
Erlin2,19.360466,0.79614,1.663707661748548e-83,3.1424312533717396e-82
Reep4,19.335081,0.6902069,2.722388734072651e-83,5.134988405302552e-82
Rhpn2,19.334394,0.76112443,2.7589114343077414e-83,5.1967098986444023e-82
Chmp1a,19.333311,0.9185248,2.817453193388157e-83,5.299679837631781e-82
Tbc1d9b,19.325058,0.67744595,3.306150718315129e-83,6.210386136395521e-82
Rmnd5a,19.312473,0.75256467,4.218729427971364e-83,7.913734557957257e-82
C2cd2l,19.30574,0.65466535,4.806158828907083e-83,9.00331808017868e-82
Gpat4,19.304348,0.9965437,4.937532936891825e-83,9.236766472229235e-82
Dgkd,19.30008,1.426518,5.362629421376031e-83,1.001830018269361e-81
Gid8,19.2924,0.545432,6.2217081239167204e-83,1.160734769366455e-81
Fam83h,19.289501,1.041388,6.5804991457724684e-83,1.2259989893520232e-81
Styk1,19.275354,0.5876075,8.650468750361247e-83,1.6094579613767353e-81
Tmem30a,19.265518,0.46267945,1.0461126799212556e-82,1.9436944154786917e-81
Acer1,19.248228,0.77589357,1.460759870086695e-82,2.710433001823006e-81
Litaf,19.242704,0.42907336,1.6250707878196893e-82,3.01122534192876e-81
Galnt1,19.22695,0.76066977,2.202038605657682e-82,4.074814334555995e-81
Ptgr2,19.218912,0.5003372,2.5709940282906183e-82,4.751127477955974e-81
Parp4,19.197021,1.0343245,3.919311835735864e-82,7.233008009944392e-81
Ifih1,19.190842,0.5514458,4.414382127678587e-82,8.135670565499283e-81
Zdhhc5,19.190222,0.43398005,4.467371524478117e-82,8.222248398013222e-81
Hmgcr,19.18549,0.53999335,4.8930258073695345e-82,8.99356558007774e-81
Atrnl1,19.181383,0.631434,5.295373588196497e-82,9.72003138504525e-81
Rab22a,19.179966,0.65701103,5.441527860034243e-82,9.974918697850975e-81
Csnk1g3,19.170687,0.7048129,6.504358066038471e-82,1.190724184110791e-80
Chn2,19.162502,0.74694693,7.612500267661689e-82,1.3917238123031229e-80
Abat,19.156746,0.4394552,8.502675079779834e-82,1.552390944138708e-80
Chp2,19.156254,0.4746951,8.583344668112798e-82,1.5650298444859002e-80
Ubl3,19.155622,0.43838316,8.68789348426636e-82,1.5819832676077559e-80
Ndufa6,19.147854,0.5165607,1.0085889211683064e-81,1.834102858640504e-80
Gtpbp2,19.145357,1.0380576,1.0581120269319614e-81,1.9216045110616963e-80
Ptbp3,19.1398,0.45947123,1.1772481297420334e-81,2.1351284050692716e-80
Mpc1,19.138905,0.4675658,1.197607718832873e-81,2.1691768947072235e-80
Zfand5,19.128124,0.68213725,1.4727848143035904e-81,2.6640651237568252e-80
Sdha,19.11249,0.5484686,1.9875837045776854e-81,3.590516137397602e-80
Gstp1,19.110882,0.50887746,2.0497609016451593e-81,3.6979525501316035e-80
Dnajc5,19.105238,0.48200428,2.2838593461242006e-81,4.114858571574235e-80
Gabarap,19.104506,0.91169786,2.316124447617506e-81,4.167500239627552e-80
Dsp,19.094395,0.56520957,2.8110118240496277e-81,5.051325452546473e-80
Stard4,19.082577,0.5131305,3.524446876385983e-81,6.325040818186131e-80
Rnf44,19.069317,0.46574074,4.542054730858407e-81,8.129921262367633e-80
Snx13,19.056086,0.7724049,5.849027675191171e-81,1.0455614831142386e-79
Hk1,19.055517,0.4369514,5.9129805335224905e-81,1.0556136918527422e-79
Egln1,19.053097,0.8533281,6.192712249984632e-81,1.1041113431361127e-79
Dnaja2,19.049644,0.4432179,6.615040904500141e-81,1.177873494388534e-79
Atp10b,19.03696,0.53555167,8.427894215134263e-81,1.4987185096483882e-79
Scamp5,19.0365,0.6502235,8.502056227640497e-81,1.5099431027660234e-79
Setd3,19.030903,0.5531643,9.460985351332502e-81,1.6780671164652653e-79
Nptn,19.030611,0.8044706,9.513796084391498e-81,1.6852482053633904e-79
Ankrd40,19.020132,0.6034733,1.1619095174022177e-80,2.0555126326617497e-79
Eapp,19.017818,0.9271825,1.2143145566818109e-80,2.1454459383234838e-79
Ltbr,19.001682,0.804046,1.6516681940484592e-80,2.914395168208088e-79
Cmbl,18.993359,0.7592499,1.935427615753197e-80,3.410692351214558e-79
Mkrn1,18.98735,0.43703073,2.170076346666625e-80,3.819278512312239e-79
Rnf5,18.984308,0.7646982,2.2994382236199673e-80,4.041750348072372e-79
Cib1,18.964422,0.4374189,3.3569629748612045e-80,5.892999830709496e-79
Ddx3x,18.956657,0.5544552,3.891070928217817e-80,6.821845505561366e-79
Ces1f,18.93944,0.52719903,5.396768656397303e-80,9.449527705023445e-79
Prss32,18.927483,0.5736058,6.772191508651521e-80,1.1842675048696873e-78
Tex264,18.924858,0.59952766,7.11815649299478e-80,1.2431773951686286e-78
Sertad1,18.924265,0.94796264,7.198793140928245e-80,1.2556568393136958e-78
Tmem139,18.921614,0.5382903,7.57000284577165e-80,1.3187234256806026e-78
Epb41l1,18.913795,1.1373299,8.780343698062992e-80,1.5276234105726643e-78
Ehmt2,18.905327,0.84556615,1.030998588484233e-79,1.7914746756698713e-78
Ugcg,18.892914,0.7933469,1.3044265124689037e-79,2.263709715483789e-78
Dok4,18.889841,0.5923376,1.382590822427871e-79,2.396315525564149e-78
Atp5md,18.887222,0.7189902,1.4529104158847672e-79,2.515006321167619e-78
Ago2,18.879797,0.66193765,1.67224878210178e-79,2.8910242851127486e-78
Hprt,18.877914,0.8139084,1.732928662662399e-79,2.9921463967055946e-78
Elovl1,18.877697,0.5385812,1.740103584706978e-79,3.000746093425968e-78
Prkaa1,18.874159,0.5247132,1.8605949487530008e-79,3.2044881516621265e-78
Syap1,18.868956,0.47195387,2.0531404656972648e-79,3.531659857661647e-78
Gatad1,18.86857,0.60324275,2.0681723610479416e-79,3.553047366498819e-78
Abi1,18.847755,0.4865154,3.065725625714661e-79,5.260200493305895e-78
Mkrn2os,18.84318,1.2681195,3.3427324298937843e-79,5.728304007368107e-78
Timm13,18.841604,0.50857776,3.443690353535471e-79,5.893925605081047e-78
Flnb,18.83539,0.677249,3.87258087494431e-79,6.61969293310793e-78
Higd2a,18.83471,0.44555742,3.922736565713703e-79,6.697056496396365e-78
Lima1,18.829958,0.4141517,4.290950406114665e-79,7.316551970525941e-78
Rnf103,18.82619,0.8155236,4.607305382833467e-79,7.846189428424366e-78
Sptlc2,18.774937,0.9220585,1.210928315244983e-78,2.0596324267382017e-77
Ptprr,18.764242,2.2645473,1.4809609642330795e-78,2.515793936135076e-77
Ak2,18.74654,0.4506825,2.0660334824357537e-78,3.5053359643063196e-77
Ubald2,18.735783,0.47819573,2.528989331325239e-78,4.285493073837998e-77
Alas1,18.709526,0.7994894,4.1404671887677766e-78,7.007535743366255e-77
Ndfip1,18.707829,0.4586212,4.27442679871237e-78,7.225313531816027e-77
Arhgap5,18.692247,0.91449666,5.724921692419125e-78,9.665222733806363e-77
Mier3,18.67193,1.6083741,8.37681955302699e-78,1.412490843250852e-76
Gas6,18.669416,0.4569167,8.78074285352303e-78,1.4787765827823577e-76
Emc2,18.66193,0.7818232,1.0101603357060022e-77,1.6991319299851882e-76
Eif4ebp2,18.650703,0.44171074,1.2462834120961756e-77,2.093725511107519e-76
Rer1,18.650623,0.44683468,1.2481392155619518e-77,2.094270401571741e-76
Twf1,18.649773,0.9261791,1.2681551090581053e-77,2.1252476858296064e-76
Cldnd1,18.648857,0.8154402,1.290064980247184e-77,2.159319290683016e-76
Selenoi,18.642864,0.7419242,1.443047318992951e-77,2.4124293505169443e-76
Naip1,18.639029,0.8951355,1.5502982673052084e-77,2.5885627357019202e-76
Cltc,18.624968,0.6827401,2.0161172489838863e-77,3.36224431461642e-76
Mid1ip1,18.618532,0.90973216,2.273590554015181e-77,3.787009844842583e-76
Smad2,18.61156,0.73686296,2.589641047305968e-77,4.308192374928116e-76
Stxbp2,18.606071,0.5360913,2.8689888182503407e-77,4.76712297564683e-76
Snf8,18.601278,0.74425447,3.1373996502371787e-77,5.206788861285609e-76
Pdlim2,18.583237,0.9861063,4.391925750236306e-77,7.279949652664423e-76
Tmem246,18.58254,1.1459361,4.449398592398718e-77,7.36628641053904e-76
Jup,18.56015,0.51959217,6.751496732821866e-77,1.1164052940911611e-75
Tmem128,18.558018,0.57786304,7.025014612272755e-77,1.1602303722564e-75
Cst3,18.554344,0.45061955,7.522093781277411e-77,1.2408278945593317e-75
Hook2,18.548594,0.89262956,8.371463677823914e-77,1.3792742866776148e-75
Tmem9b,18.534256,0.50762385,1.0929259808969348e-76,1.7985274114038007e-75
Dynlrb1,18.533339,0.5005435,1.1116911355168294e-76,1.8272086872827695e-75
Crat,18.52977,0.93174905,1.1879462576359906e-76,1.950199888736155e-75
Dnpep,18.527328,0.6988502,1.2430868403730887e-76,2.0382748851441232e-75
Atp6ap1,18.518734,0.70526344,1.4582572624132183e-76,2.3882237201797316e-75
Nudt19,18.506895,0.63207835,1.8167588512710082e-76,2.97179154200132e-75
Itpripl2,18.497887,3.820134,2.1472874673016546e-76,3.508262379372775e-75
Rab18,18.492859,0.40883383,2.357198104821764e-76,3.8466210123433916e-75
Fam91a1,18.49141,0.536138,2.4214610812817172e-76,3.946779533555123e-75
Mtch1,18.488134,0.6190434,2.5730224295500254e-76,4.1888192528686426e-75
Neo1,18.475603,0.8050852,3.245746513492514e-76,5.277715050179563e-75
Dag1,18.46383,0.43848434,4.0367482673921833e-76,6.5561202561268535e-75
Epb41l4b,18.461298,0.5311916,4.230467125711272e-76,6.862590503452152e-75
Adtrp,18.443281,1.313214,5.904724745619676e-76,9.567193234164583e-75
Vps54,18.440533,0.43294337,6.212558610800515e-76,1.0054051952981898e-74
Slc17a4,18.418821,0.9069519,9.280244153854712e-76,1.5000867470917634e-74
Abcb6,18.414173,0.781762,1.0112303173376387e-75,1.6326534344264709e-74
Fez2,18.412367,1.3215163,1.0455109406349917e-75,1.686009683158433e-74
Pld1,18.399015,0.6958444,1.3377549936832135e-75,2.1547467065509948e-74
Kctd10,18.383827,0.787159,1.770240445843566e-75,2.8480044819895017e-74
Ralgapa2,18.383045,0.6142054,1.795991746578171e-75,2.886038441181726e-74
Ola1,18.37383,0.710747,2.1284476347514828e-75,3.4162583808951323e-74
Ush1c,18.373314,0.9213966,2.148785921681445e-75,3.444859024501027e-74
Mapk1,18.363962,0.37085274,2.552833418610815e-75,4.087821662705256e-74
Zdhhc21,18.363073,0.9086053,2.5949932140525833e-75,4.150471602592875e-74
Slc30a4,18.354357,0.8792125,3.046745037852263e-75,4.867317569232441e-74
Wbp2,18.35399,0.687216,3.0672924704099754e-75,4.894425266377644e-74
Tmod3,18.35333,0.9213469,3.1048364794258987e-75,4.9485593072434926e-74
Dync1h1,18.352999,0.4556785,3.12389724457948e-75,4.973142586685028e-74
Acot7,18.351616,0.5250741,3.2044406597118676e-75,5.0954332583209056e-74
Mal,18.344078,0.36665794,3.68119214386758e-75,5.8467250368628525e-74
Cdipt,18.341492,0.8003101,3.8605917446435677e-75,6.124546648259952e-74
Ptpmt1,18.337132,0.5425085,4.182879478795702e-75,6.628143322425403e-74
Cyth2,18.335123,0.96911484,4.3403297160046216e-75,6.8696769521253705e-74
Prkab1,18.325523,0.6846332,5.178065696122585e-75,8.186132762367207e-74
Rnase4,18.317814,0.4888298,5.966258722053959e-75,9.421315014328856e-74
Itga3,18.314394,0.71997035,6.352978809335146e-75,1.0020413519914432e-73
Trir,18.311035,0.39227712,6.757341270573123e-75,1.0645926483305007e-73
Frg1,18.296795,0.5120061,8.776268572526465e-75,1.3810756355500507e-73
Purb,18.296263,0.77679324,8.862432122096675e-75,1.3930317157433566e-73
Atg9a,18.290485,0.9098831,9.853356627432523e-75,1.5470109285894348e-73
Tsku,18.28729,0.58708227,1.0447965611494489e-74,1.6384854327659074e-73
Son,18.281672,0.54298055,1.1582166873292046e-74,1.814274135077534e-73
Nuak2,18.27697,0.7651085,1.2624861905597783e-74,1.9753430956413008e-73
Copg1,18.26971,0.45856872,1.4421538123638032e-74,2.2538803867514295e-73
Ak4,18.254015,3.5658982,1.9224523234164285e-74,3.001088529990829e-73
Sept5,18.239582,0.5991052,2.5036733232284534e-74,3.903960398534675e-73
Dnajc14,18.239489,0.77647215,2.507974737662347e-74,3.9062135008579265e-73
Uqcrc2,18.239391,0.46628818,2.5123772711544177e-74,3.908618792154342e-73
Copa,18.233059,0.515419,2.8209587652236907e-74,4.383705808458406e-73
Arcn1,18.227987,0.43846554,3.095039026265259e-74,4.80416103112116e-73
Atp5a1,18.226723,0.56800634,3.1674330569417954e-74,4.910957715836627e-73
Usp9x,18.220943,0.62006754,3.5203104554041095e-74,5.451896430085073e-73
Babam1,18.218628,0.727123,3.6724463769644215e-74,5.681075136310913e-73
Rtn3,18.21079,0.3971435,4.237759603854308e-74,6.548176563017814e-73
Szrd1,18.204737,0.5011697,4.73318749283478e-74,7.305455865069482e-73
Gpbp1l1,18.196081,0.8326878,5.543539192510006e-74,8.546549995216949e-73
Glg1,18.194374,0.37783757,5.7187745976533295e-74,8.806784079156451e-73
Trip12,18.193518,0.5124291,5.808884847575682e-74,8.935489346523898e-73
Tmem50a,18.175705,0.73073685,8.038959676353577e-74,1.2351997030801705e-72
Sppl3,18.173073,0.540646,8.433967335044919e-74,1.29443886988484e-72
Bsg,18.170033,0.5760951,8.914688449886527e-74,1.366685701257828e-72
Lipe,18.164711,1.1482248,9.822144158837607e-74,1.5041189403371139e-72
Tmem106a,18.163082,1.0690554,1.011816740427957e-73,1.547717441314576e-72
Dyrk2,18.161879,1.0806082,1.0342451623699384e-73,1.5802572732300456e-72
Pxk,18.160944,0.5239137,1.051996848462038e-73,1.6055867078926753e-72
Arhgef2,18.138756,0.8639497,1.5756010515209516e-73,2.4020450813321087e-72
Ankrd9,18.134659,0.63148403,1.6974867640840033e-73,2.584981235951976e-72
Eif2ak1,18.12341,1.2138767,2.0827952707046114e-73,3.168211938474478e-72
Ube3c,18.115309,0.62129146,2.413130482303955e-73,3.6666177050562877e-72
Fam8a1,18.106306,0.44998088,2.8419348186577805e-73,4.3133694389728244e-72
Lrrc1,18.101503,0.58949625,3.1008591946080603e-73,4.701136306681289e-72
Cblc,18.100403,0.60677034,3.1634969483100014e-73,4.790788567900252e-72
Lamb3,18.07879,1.1155232,4.682431115336402e-73,7.079574948980177e-72
Mia2,18.078758,0.44634786,4.685203165504249e-73,7.079574948980177e-72
Nfe2l2,18.070387,0.41834942,5.453077173394203e-73,8.230775976397983e-72
Ccdc107,18.059855,0.4781864,6.599637295449534e-73,9.95039029936851e-72
Use1,18.05885,0.56166494,6.720961046817042e-73,1.0122152237359366e-71
Bpnt1,18.05648,0.41656125,7.015530924528996e-73,1.0554167810003742e-71
Ocln,18.045048,0.7099483,8.629051248273945e-73,1.2967283057158923e-71
Fgfr1op2,18.039957,0.60297716,9.461584862458788e-73,1.420276322657782e-71
Akr1e1,18.032139,0.7055757,1.0899190243640473e-72,1.6342809932213099e-71
Stam2,18.030252,0.73009115,1.1277555339770737e-72,1.6891628616797901e-71
Mdp1,18.029512,0.63366264,1.1429590804099706e-72,1.7100618626483967e-71
Nceh1,18.010973,0.6328765,1.5979768321277026e-72,2.388233134354791e-71
Ppp1cb,18.005377,0.42056784,1.7679264348339308e-72,2.6393443227460704e-71
Clptm1l,18.005163,0.58238584,1.774778417956873e-72,2.6466842819585867e-71
Mapk1ip1l,18.004835,0.36712795,1.7853362473468001e-72,2.659528669114106e-71
Atp6v0b,18.004726,0.6158195,1.7888254866078054e-72,2.6618268258282634e-71
Stx3,17.998688,0.9530273,1.9948820823891732e-72,2.9652187474643412e-71
Anapc11,17.977556,0.8308334,2.9208907956433393e-72,4.332232280956905e-71
Tmem14c,17.977089,0.62184584,2.9455985473100563e-72,4.364145193333155e-71
Snx3,17.968647,0.67257726,3.4297395327758646e-72,5.075940271721856e-71
Plekhf2,17.964445,1.0201988,3.6995567307972517e-72,5.469344680394855e-71
Msrb1,17.95987,0.45105726,4.0174566789743324e-72,5.932907136606264e-71
Rab35,17.95677,0.90887386,4.2482243086381926e-72,6.266932839334119e-71
Tnfaip1,17.95277,0.45146137,4.565570238042856e-72,6.727820366943541e-71
Ets2,17.946795,0.40598974,5.084099876497222e-72,7.483860690107591e-71
Tcf25,17.937298,0.35783288,6.031812582299734e-72,8.869358823972996e-71
Cyc1,17.931934,0.4429357,6.642728720039154e-72,9.757176718210036e-71
Grtp1,17.91429,0.54906315,9.122517144927587e-72,1.3385238407391068e-70
R3hdm2,17.908726,0.4072899,1.0081739367090195e-71,1.4776825921217406e-70
Wsb1,17.900188,0.65679884,1.1752244718761534e-71,1.720684652345439e-70
Uba1,17.89569,0.4117568,1.2740625313987326e-71,1.86340161677836e-70
Psma4,17.886972,0.4782685,1.4898501649488746e-71,2.1766774578713527e-70
Bche,17.882406,1.7608677,1.6170634813293385e-71,2.360015272911281e-70
Tcf12,17.865896,0.77309096,2.174151752972777e-71,3.169672198497092e-70
Unc5b,17.856833,0.8420337,2.5574728017999762e-71,3.7245410611943214e-70
Sema4b,17.841715,0.5192171,3.352450783657711e-71,4.8771026028211914e-70
Cables1,17.832197,0.78180647,3.974866543908253e-71,5.7764399562109847e-70
Ppdpf,17.831182,0.47707984,4.0477526584836495e-71,5.876116518552432e-70
Usp4,17.82019,0.5721518,4.92679855503368e-71,7.144641594918936e-70
Mertk,17.816624,0.769925,5.251209178945317e-71,7.607021771406485e-70
mt-Atp6,17.816128,0.56927156,5.2979354456661535e-71,7.666589123754989e-70
Capza2,17.794857,0.58538365,7.746574887301926e-71,1.1198140759392582e-69
Tmcc3,17.787945,0.42647403,8.76347095029068e-71,1.2654748177954072e-69
Yipf3,17.77443,0.4694743,1.1152639039321914e-70,1.6087799458093583e-69
Ppp3r1,17.763786,0.6655466,1.3482635766813799e-70,1.9428350275150549e-69
Grcc10,17.763334,0.3946689,1.3591378859519023e-70,1.956443220041291e-69
Cul3,17.754707,0.3693352,1.5849717967616214e-70,2.2791261115368215e-69
Btnl4,17.753721,0.51379126,1.6130291380468778e-70,2.3170350276041023e-69
Srp9,17.738434,0.508756,2.1175181792200736e-70,3.038516379940662e-69
Cipc,17.732718,1.284163,2.344262089873067e-70,3.360354725263542e-69
Vps4b,17.732588,0.55591744,2.3496272255879826e-70,3.364518566483315e-69
Pitx2,17.72553,1.0446849,2.6638714765796592e-70,3.8065248110999837e-69
Atraid,17.72206,0.5448865,2.833487812919816e-70,4.044670755916334e-69
Sec24a,17.719666,0.5275012,2.956610748451041e-70,4.216022104803752e-69
Rap1b,17.718023,0.38339746,3.04417861388876e-70,4.3363690150967494e-69
Clk1,17.715286,0.71665794,3.1959458793422404e-70,4.547821009365779e-69
Crot,17.708735,0.7719743,3.590525159709244e-70,5.103994964555501e-69
Ubl7,17.701702,0.5885636,4.0682779065452036e-70,5.777123610800172e-69
Atp5b,17.69998,0.35427442,4.19456846524861e-70,5.950282547953811e-69
Snrk,17.69668,0.7599953,4.4477042807482264e-70,6.302834822718342e-69
Slc9a3,17.692104,0.60406744,4.823996630868983e-70,6.82900144173223e-69
Eloa,17.688524,0.66111785,5.1404126765254424e-70,7.269404689915762e-69
Ldlr,17.687855,0.6639503,5.201803915516443e-70,7.348622783542083e-69
Cope,17.684675,0.33189124,5.5037412219097985e-70,7.767147699650825e-69
Ube2d3,17.680725,0.6877612,5.903119097639333e-70,8.322180789713183e-69
Tut7,17.669987,0.6541545,7.141426444699431e-70,1.005757019889441e-68
Ahcyl2,17.668507,0.45130137,7.331105449592335e-70,1.0314080969462467e-68
Tbcb,17.657816,0.7665105,8.860116950009663e-70,1.245242541535274e-68
Tjp1,17.647,0.79184365,1.0730805389333178e-69,1.5066094835639753e-68
Aqp8,17.639069,0.42233703,1.2347943610861675e-69,1.731878244908035e-68
Sucla2,17.637148,0.51294065,1.277499477007827e-69,1.7899390725493888e-68
Top1,17.632597,0.37237838,1.3846048764051524e-69,1.938021666820927e-68
Plekha3,17.623701,0.9165744,1.620493538141818e-69,2.2658741445899144e-68
Ap1s1,17.620153,0.4376555,1.725367960752101e-69,2.4100517735735424e-68
Pcyt2,17.613434,1.1803147,1.9429160233154453e-69,2.711160879473338e-68
Psd4,17.60824,0.86653656,2.1296190583634113e-69,2.9686585752415548e-68
Tjp3,17.59621,0.3663931,2.6337085081287256e-69,3.667613426543821e-68
Inava,17.595594,0.4156416,2.6625046735425814e-69,3.7039421577512517e-68
Cdc34,17.591482,0.955392,2.8629406929095764e-69,3.974691774166341e-68
Luzp1,17.584969,0.74681234,3.211609970048987e-69,4.454235937162261e-68
Rragc,17.58376,0.49458444,3.280878001026165e-69,4.5456946974703956e-68
Ostf1,17.570147,0.72044975,4.170908920688652e-69,5.772993875548312e-68
Ceacam20,17.567198,0.42134863,4.393478092379738e-69,6.074905249069052e-68
Sacm1l,17.56354,0.55758816,4.685964897672101e-69,6.4727848460268666e-68
Mark2,17.552608,0.78854954,5.680989520205792e-69,7.839306931262786e-68
Dgcr6,17.550049,0.79488593,5.942925186934026e-69,8.192490114044637e-68
Pip5k1b,17.545,0.43681234,6.495290008699913e-69,8.944923551759447e-68
Hnrnpul2,17.544191,0.62348217,6.588298201331128e-69,9.063881076781004e-68
Spcs1,17.526354,0.41069898,9.016941283574577e-69,1.2380187957116703e-67
Ccndbp1,17.521301,0.80921346,9.854551944802405e-69,1.3516649733718444e-67
Rchy1,17.517859,0.5903111,1.0469357689005602e-68,1.434553771514545e-67
Sdhb,17.508625,0.37120855,1.2313094005239376e-68,1.6855011063228077e-67
Ide,17.503912,0.49358034,1.3375920014156464e-68,1.8291570619358964e-67
Nr3c2,17.503633,0.82336175,1.3441240904898864e-68,1.836253440304615e-67
Cmip,17.486177,0.37807918,1.826021998600853e-68,2.4921008813240185e-67
Mfsd14b,17.48387,0.57387286,1.901436516180615e-68,2.5924371245034804e-67
Kcmf1,17.483324,0.5608357,1.919756879130183e-68,2.6148082990144674e-67
Atp5k,17.475601,0.38769224,2.198175498389177e-68,2.9910497453205964e-67
Plekhh1,17.474464,0.87936395,2.2424009583512788e-68,3.048194145671345e-67
Psap,17.46896,0.49142772,2.4695862929260974e-68,3.353683471277496e-67
Etfb,17.467981,0.38435355,2.512238693211311e-68,3.408220647784194e-67
Atp5e,17.467436,0.6487943,2.5364221823715263e-68,3.4376187655035305e-67
Tob1,17.463736,0.4299285,2.706325946543034e-68,3.6642581503936625e-67
Mcoln1,17.462276,0.38721028,2.7763700663281853e-68,3.755376919588321e-67
Lgals3bp,17.452206,0.44993734,3.311902813115863e-68,4.475323218316149e-67
Ube2r2,17.44572,0.37478316,3.7100371237266604e-68,5.0083669957514396e-67
Nedd8,17.44451,0.43392164,3.789554235692442e-68,5.110666092021118e-67
Chchd2,17.43727,0.42912674,4.30147140780723e-68,5.795332167661465e-67
Id3,17.436064,0.44947803,4.3931495525592935e-68,5.913023634965387e-67
Hipk2,17.429882,0.5154968,4.894666954855361e-68,6.581570364567067e-67
Tbrg4,17.420029,0.43804625,5.814883242052696e-68,7.811250327610081e-67
Actr1b,17.416132,0.55815524,6.224574004092556e-68,8.353390530516751e-67
Ralgps2,17.39311,0.99455017,9.304512742570412e-68,1.2474432524965724e-66
Hipk1,17.349848,0.34867814,1.977682658933591e-67,2.648855079423786e-66
Furin,17.342218,0.7252276,2.258486343338648e-67,3.0219961590172226e-66
Decr2,17.341839,0.6268779,2.2734449211097804e-67,3.03903805436718e-66
Flii,17.329744,0.6652346,2.805693655275703e-67,3.746861399989769e-66
Mlf2,17.30605,0.42773587,4.235014578860639e-67,5.644622257886865e-66
Naprt,17.30337,1.1163608,4.4365969026627077e-67,5.907542613818161e-66
Stard3nl,17.286943,0.7738503,5.899892088413866e-67,7.848348668196461e-66
Tmed7,17.266176,0.34995064,8.456360588685986e-67,1.1238166282826128e-65
Abhd17b,17.25999,0.31148133,9.41253933909361e-67,1.2496745190495644e-65
D5Ertd579e,17.258804,0.8092137,9.608048270175374e-67,1.2743943753118162e-65
Pkp4,17.257614,0.81962615,9.807950772816123e-67,1.2996485156808186e-65
Ap1b1,17.254938,0.39509046,1.0273107931644368e-66,1.3599685475821563e-65
Vdac3,17.235912,0.915075,1.427811418864967e-66,1.8883289316226715e-65
Tor1aip1,17.232407,0.833787,1.5170624452306372e-66,2.002493140784649e-65
Vdac2,17.220615,0.3650535,1.8599690081607066e-66,2.452755659266891e-65
Nbeal1,17.207565,0.5864124,2.3302391257382905e-66,3.069944127598374e-65
Creg1,17.198029,0.5968617,2.747168545672185e-66,3.615739159005499e-65
Ndufb8,17.189827,0.42132798,3.164742674813501e-66,4.161332315199483e-65
Pkn2,17.188568,0.66625285,3.234189487194236e-66,4.248563039133639e-65
Atp5d,17.183502,0.5061379,3.529483999086144e-66,4.631165143166983e-65
Ttc22,17.183456,1.0353091,3.532215900784763e-66,4.631165143166983e-65
Ilrun,17.170307,0.3820488,4.4306219224674615e-66,5.803520573730128e-65
Vdr,17.169909,0.45319295,4.461244703445981e-66,5.8380403176673485e-65
Hexa,17.167044,0.38978693,4.686858908556694e-66,6.1274183149629814e-65
Becn1,17.15976,0.7183105,5.313263597112428e-66,6.939721078367952e-65
Trappc6a,17.147583,0.4328695,6.552226489735912e-66,8.54978027167353e-65
Add1,17.138742,0.3777873,7.628362546154022e-66,9.94450503514359e-65
Mgrn1,17.137554,0.53987646,7.785695060518369e-66,1.013994094786559e-64
B3gnt2,17.11503,0.77372146,1.1465507845961394e-65,1.4918251169697628e-64
Amdhd2,17.088818,0.9870793,1.7978426961866397e-65,2.337024607447937e-64
Tnip1,17.088646,0.7067587,1.8031325913824236e-65,2.3416750415151605e-64
Serinc1,17.088182,0.44365975,1.8175056320394698e-65,2.3581014723092742e-64
Rab8a,17.076864,0.33955926,2.2066605468405884e-65,2.8602922254071133e-64
Tnfrsf21,17.06589,1.0212039,2.6630304845406064e-65,3.448574041296666e-64
Plekha8,17.057049,0.7158076,3.0981750929340364e-65,4.008282345872559e-64
Etv3,17.053612,0.6862374,3.285879869542612e-65,4.2471084325137256e-64
Trpc4ap,17.047422,0.46165526,3.65288712140844e-65,4.717019016549615e-64
AU040320,17.046017,0.6249714,3.741766771370846e-65,4.827232131933615e-64
Bcar1,17.041368,0.70244867,4.051393789217351e-65,5.22175401202142e-64
Aup1,17.03977,0.33542103,4.163707407768025e-65,5.361459397479071e-64
Rhou,17.038708,0.8171704,4.239907308640691e-65,5.454443315678406e-64
Slc35a3,17.030708,0.3504548,4.861217922427341e-65,6.241986393351539e-64
Ubl5,17.024292,0.7393665,5.424544130023261e-65,6.958784331901322e-64
Psen1,17.018694,0.3328327,5.968732820744292e-65,7.64971146426225e-64
Dock5,17.009367,0.77095246,6.998903390739067e-65,8.961610849097073e-64
Mlx,17.00143,0.7183191,8.013986820004127e-65,1.0251755824467395e-63
Serpinb5,17.00028,0.79284936,8.172823391006092e-65,1.0445173819813861e-63
Apol10a,16.994822,0.6105941,8.970270687639668e-65,1.1453636942434403e-63
Net1,16.991858,0.37719807,9.435273067655297e-65,1.2036134253748712e-63
Gnas,16.990313,0.5504646,9.687311481928666e-65,1.2346130896120644e-63
Tmf1,16.987606,0.7370363,1.0144452361892893e-64,1.2916702611628053e-63
Sod2,16.983614,0.34551093,1.085869337964984e-64,1.3813268089926657e-63
Ccng1,16.970877,0.4150821,1.3490417925972764e-64,1.7145117577851073e-63
Thap4,16.969975,0.35776588,1.3699139429120976e-64,1.7394218355917302e-63
Acsl5,16.964458,0.3206282,1.504795118198709e-64,1.9089121745238723e-63
Sat1,16.953434,0.70650053,1.81535194318568e-64,2.300735664788153e-63
Ndufs7,16.947554,0.30841142,2.006329181049838e-64,2.540421439894124e-63
Ube2b,16.945686,0.33032462,2.071029949842038e-64,2.619919941173901e-63
Ypel5,16.941422,0.73270905,2.2267988198299065e-64,2.8143691184079456e-63
Hadha,16.938894,0.3384575,2.324550910889415e-64,2.935201634941159e-63
Ndufa8,16.932405,0.43579453,2.5955477720287812e-64,3.274364924584279e-63
Ctsz,16.924047,0.3655433,2.991455345932546e-64,3.7703365765555366e-63
Nkiras2,16.922525,0.978809,3.069767010586409e-64,3.8654754944538806e-63
Ttyh2,16.920904,0.79409784,3.155472226695083e-64,3.969740818772333e-63
Akap13,16.91975,0.54560447,3.2179392222600935e-64,4.044606513272682e-63
Vipr1,16.913239,0.33113346,3.5940112015673125e-64,4.513140788010376e-63
Arhgef16,16.91235,0.64368933,3.648670203556805e-64,4.577574773728378e-63
Erg28,16.910128,0.68571323,3.7888380237143905e-64,4.7490705750957187e-63
Rab10,16.90667,0.4479197,4.0177553781733244e-64,5.031392380633719e-63
Ubtf,16.905787,0.42114365,4.078411668463166e-64,5.102678825821939e-63
Slc20a1,16.894722,0.4348128,4.920337887668644e-64,6.150422359585805e-63
Hexim1,16.88872,0.8441595,5.447191555137586e-64,6.802771188722055e-63
Retreg3,16.885672,0.62046,5.735891315630388e-64,7.156780450843573e-63
Lrp6,16.881218,0.52085096,6.185579351500376e-64,7.710829319213095e-63
Naa38,16.874092,0.6190249,6.97892715540446e-64,8.691878765952276e-63
Fnta,16.87357,0.64826477,7.040909701200222e-64,8.761095556316018e-63
Nat2,16.86225,1.2893285,8.528096969550797e-64,1.0601975096237014e-62
Sumo1,16.85525,0.4150138,9.600368360873482e-64,1.1924163245680732e-62
Surf4,16.845356,0.4425962,1.1348519831475725e-63,1.4082668665647054e-62
Cltb,16.845009,0.40579203,1.1415238606945234e-63,1.4152619034449327e-62
Azi2,16.821337,0.70428807,1.7027401967253873e-63,2.109146031722796e-62
Pip4k2c,16.820694,0.74343675,1.7213089835431042e-63,2.130217226239995e-62
Kdm2a,16.81104,0.49831158,2.0258099965729792e-63,2.504787676594529e-62
Acvr2a,16.804188,1.2598888,2.274069458896476e-63,2.809205045204093e-62
Btf3,16.802275,0.759517,2.3486357243892625e-63,2.8986997771681552e-62
Arhgap27,16.800514,1.0462024,2.4193897844592272e-63,2.983332308609552e-62
Paip2,16.794323,0.39908955,2.685513869398393e-63,3.308504699461534e-62
Csnk1a1,16.793238,0.3499659,2.735079975182316e-63,3.3665363330889445e-62
Cox14,16.783377,0.3793336,3.2293648594411913e-63,3.971363709789415e-62
Snx9,16.761894,0.64339733,4.636184461989077e-63,5.696300316055762e-62
Cox7c,16.760643,0.42038354,4.7347282044530094e-63,5.81215513428141e-62
Anxa11,16.75479,0.3459384,5.224588373008707e-63,6.4077350673447596e-62
Mtmr9,16.749226,0.6424734,5.736737273555483e-63,7.029559338339716e-62
Itga6,16.746874,0.32774237,5.968049581397048e-63,7.306452822345983e-62
Yipf4,16.745138,0.5601681,6.144715136625954e-63,7.5160088992271835e-62
Acnat1,16.743807,1.0804598,6.283801542319658e-63,7.679265959894668e-62
Phyh,16.742811,0.4629732,6.389787832538503e-63,7.80181684017536e-62
Cyfip1,16.736254,0.5311687,7.133975875306275e-63,8.702686895166219e-62
Adk,16.735262,0.53198195,7.253750335086561e-63,8.840912284519495e-62
Nadsyn1,16.732279,0.5914592,7.626274888707779e-63,9.28667044551014e-62
Dhrs4,16.727808,0.8948086,8.220820102523204e-63,1.0001753994840286e-61
Bmp2,16.716799,1.5849979,9.888957058572193e-63,1.2020576691197754e-61
Ndufs3,16.716314,0.37134373,9.969825289515964e-63,1.2108113750810905e-61
Esrp1,16.712711,0.3894721,1.0590828058132618e-62,1.2850893850484787e-61
Atxn7l3b,16.707863,0.61172444,1.1487955512044669e-62,1.3927109186809472e-61
Ppp2r5a,16.707655,0.39916214,1.1528102635239496e-62,1.3963401553312676e-61
Opa1,16.703753,0.46405214,1.2307496334715563e-62,1.489424888294118e-61
Gmcl1,16.699652,1.0933063,1.3183026970191247e-62,1.5939689992693658e-61
Zzef1,16.699265,1.281445,1.3268932157370602e-62,1.602938579965044e-61
Marc2,16.692541,0.33781585,1.4851135425069352e-62,1.7924914116312744e-61
Chkb,16.6914,0.9410509,1.5137534687837108e-62,1.8254478558745365e-61
Cdk16,16.689178,0.3207922,1.5711910709130525e-62,1.8930429863203518e-61
Stk24,16.687489,0.6684285,1.6162694490317722e-62,1.9456412601680885e-61
Rab6a,16.669382,0.48062736,2.1884735618362415e-62,2.6321350886640813e-61
Arrdc4,16.667656,0.55140835,2.2525701659848953e-62,2.706845080829828e-61
Trappc2l,16.66272,0.6816374,2.4464346495786395e-62,2.9372250950823436e-61
Vmp1,16.659447,0.63107,2.5840032204194406e-62,3.099670529757531e-61
Ndufv1,16.650967,0.7099255,2.977572365719258e-62,3.568650490903668e-61
Mettl9,16.645672,0.31455308,3.252908268750151e-62,3.8952294724306757e-61
Sec24c,16.628149,0.34587327,4.358566268882407e-62,5.2146451204695466e-61
Dgkz,16.621004,0.37103787,4.9102608871850724e-62,5.869564478344044e-61
Rbm42,16.610191,0.33982334,5.880488202203272e-62,7.023203158526616e-61
Nrd1,16.603634,0.4808913,6.559673074525374e-62,7.827533097219415e-61
Gsr,16.602222,0.39543554,6.715788314245715e-62,8.006835675441163e-61
mt-Nd4l,16.595276,0.41306284,7.539570119506717e-62,8.981151688523899e-61
Etfa,16.589699,0.3663003,8.27329896720131e-62,9.846593853479365e-61
Atp5o,16.58907,0.42962766,8.36057714637944e-62,9.941816737107727e-61
Txn1,16.559332,0.47612926,1.3710600376943833e-61,1.6289527380947603e-60
Tram1,16.5496,0.3129289,1.61167855440346e-61,1.9131687700926488e-60
Sdf2,16.545527,0.7389043,1.7244837233195156e-61,2.045300513130475e-60
Gsk3b,16.539629,0.2862281,1.9019305097570174e-61,2.2538041352623236e-60
Dlst,16.5386,0.38621914,1.934665726302248e-61,2.290610719236644e-60
Tmem167,16.532928,0.56089133,2.1255800651042303e-61,2.5144729576384384e-60
Plpp5,16.531902,0.90742385,2.162076629089258e-61,2.5554362923764563e-60
Fkbp1a,16.517683,0.72635514,2.737102995516872e-61,3.2322870003189317e-60
Rnf115,16.510199,0.62505054,3.0985753468011647e-61,3.655998090380149e-60
Selenot,16.507671,0.44099006,3.231085749651139e-61,3.8090601402137343e-60
Mgam,16.50535,0.6151924,3.3577624053242086e-61,3.954987157003321e-60
Slc6a6,16.504694,0.82622784,3.394495716062426e-61,3.9948131598238964e-60
Arih1,16.504204,0.63890916,3.422134764664994e-61,4.023877292071694e-60
Lpcat3,16.501514,0.3095356,3.578085553605414e-61,4.2036357341541265e-60
Aamp,16.49726,0.587761,3.8393003274254767e-61,4.5066465216775443e-60
Ube2z,16.495926,0.41825196,3.92491183813533e-61,4.6031877689966244e-60
Ndufs4,16.483809,0.3523987,4.7966025379118e-61,5.620697489798103e-60
Eif2s2,16.471498,0.293975,5.879639124223574e-61,6.883909676691556e-60
Nfkbib,16.469206,0.7815195,6.1067593629092915e-61,7.143706953617157e-60
Trappc4,16.45418,0.4713102,7.827517450817663e-61,9.148829157259106e-60
Rtf2,16.449705,0.81216973,8.427870906866545e-61,9.84211226741247e-60
Nudt7,16.446701,1.0581782,8.856159536399686e-61,1.0333445534152365e-59
Lamtor2,16.44466,0.33581612,9.159726923571319e-61,1.067853927364346e-59
M6pr,16.432976,0.435813,1.1107219374365584e-60,1.2937923760174562e-59
Azin1,16.428652,0.42010015,1.1928262019879514e-60,1.3882466648668286e-59
Eif5,16.427774,0.82567257,1.2102029396940263e-60,1.4072725510472628e-59
Ppm1b,16.40367,0.70904016,1.80027757620171e-60,2.0916564022564473e-59
Sel1l3,16.401413,0.62676346,1.8683998016028523e-60,2.168961569347963e-59
Tmem189,16.397652,0.39629605,1.9877352480684732e-60,2.3055368547359093e-59
Hras,16.384367,0.76130074,2.4733205464739026e-60,2.866326989239883e-59
Nploc4,16.374752,0.6928285,2.89681695486785e-60,3.354273654345288e-59
Golph3l,16.373934,0.3020359,2.936121171887273e-60,3.3969083777968238e-59
Tstd1,16.37034,0.45976692,3.1146541785843753e-60,3.6004138539426314e-59
Sra1,16.366888,0.31511977,3.296480527872453e-60,3.8073793258999833e-59
Zdhhc3,16.346228,0.3793867,4.6275400841796167e-60,5.340220308114452e-59
Gal3st1,16.341248,0.7861079,5.021558566512443e-60,5.790034856412956e-59
Cpt2,16.336452,0.2708092,5.43224999816543e-60,6.258299808332963e-59
Ppp1ca,16.326607,0.2379632,6.383752969215413e-60,7.348301502863702e-59
Mpp6,16.325594,0.28724864,6.490691740356388e-60,7.465114343933861e-59
Picalm,16.31272,0.69874746,8.014355640148172e-60,9.209774233531618e-59
Clic1,16.310537,0.29344344,8.305925885015461e-60,9.536820862937566e-59
Aurkaip1,16.309841,0.29927728,8.401049307786519e-60,9.637948765434619e-59
Uqcrc1,16.294209,0.44955418,1.0849966079828043e-59,1.2436989617908507e-58
Ube2l3,16.292114,0.61144376,1.1228129241330391e-59,1.2859687384857043e-58
Mpp5,16.283033,0.7959665,1.3024794396938354e-59,1.4904942542103096e-58
Ndufs6,16.275793,0.43863797,1.4660867577054729e-59,1.6763157534801288e-58
Acbd5,16.275164,0.72172946,1.4812116600510853e-59,1.6921946074518456e-58
Aco1,16.2738,0.38436508,1.5146017870190132e-59,1.7288964472024213e-58
Oxsm,16.273266,1.0091506,1.527881747696965e-59,1.742600742264887e-58
Pomp,16.269384,0.34145012,1.6278839657815787e-59,1.8551094360052574e-58
Kdm5c,16.26727,1.0302542,1.6850958760929374e-59,1.9187082519209757e-58
Ctbp1,16.256243,0.27789026,2.0173517443764696e-59,2.2951152333068403e-58
Sptan1,16.25122,0.48995933,2.189601275597514e-59,2.489010593831754e-58
Arfgap3,16.242567,0.29490098,2.521443703501819e-59,2.8638490569258615e-58
Ankib1,16.23942,0.59267235,2.6541959696394706e-59,3.012126961395831e-58
Mfsd6,16.230724,0.57000357,3.058272160819041e-59,3.467816898772835e-58
Ccny,16.227837,0.2928363,3.2056130082981646e-59,3.631877206998956e-58
Ppara,16.227543,0.9586818,3.2209873644279694e-59,3.646275017264278e-58
Slc25a5,16.221882,0.5285488,3.5320363113892625e-59,3.995086563957664e-58
Elf1,16.2168,0.33200505,3.8366492556238085e-59,4.33604781575666e-58
Abhd6,16.215605,0.56212664,3.9120299893548578e-59,4.4175896039989826e-58
Vps26a,16.193794,0.6468775,5.578094810162818e-59,6.29376621526209e-58
Atp6v1d,16.19281,0.5640033,5.66795709716954e-59,6.389885680444639e-58
Zbtb7a,16.18578,0.6692912,6.354043455948503e-59,7.157458341029307e-58
Heca,16.185495,1.1227664,6.383381502218571e-59,7.184587822455881e-58
Yme1l1,16.183933,0.3959888,6.547495018652318e-59,7.363239669413688e-58
Aamdc,16.182953,0.6599374,6.652689497832116e-59,7.4753926773093e-58
Txndc9,16.178963,0.5822581,7.098094629585939e-59,7.969330382560569e-58
Dnajc3,16.177069,0.51480174,7.3196817729672495e-59,8.211373933168757e-58
Selenow,16.1768,0.67415,7.351755511905705e-59,8.24059480535332e-58
Skp1a,16.175093,0.5163468,7.558416090867677e-59,8.465302214792424e-58
Glo1,16.166092,0.5617403,8.74729774863296e-59,9.788813151600305e-58
Nt5c,16.16284,0.28817478,9.221484961010804e-59,1.0311022636289678e-57
Sp3,16.162514,0.48559463,9.270443085199728e-59,1.0357296502459663e-57
Mxd4,16.155064,0.8051083,1.0461091651505935e-58,1.1677994149742339e-57
Rab14,16.147547,0.34693852,1.1816894834546107e-58,1.3180753414552856e-57
Vapb,16.146923,0.44926998,1.1937056294076775e-58,1.3303931933292574e-57
Cggbp1,16.139345,0.46242392,1.3496703045632242e-58,1.5029919718975644e-57
Atp6v1f,16.135183,0.4724877,1.4437839764314304e-58,1.606488680040668e-57
Kctd5,16.13132,0.342576,1.536952879772464e-58,1.7087667179584103e-57
Dhx32,16.12913,0.5579036,1.592503523524414e-58,1.76908900765202e-57
Baiap2l1,16.11528,0.29082853,1.9925722144796412e-58,2.211722811120868e-57
Syf2,16.105707,0.6896448,2.3262101810055064e-58,2.579961413240089e-57
Srr,16.104319,0.96474326,2.3790419172388336e-58,2.6364180079611874e-57
St14,16.09466,0.39772668,2.7809469676120197e-58,3.0791494038733204e-57
Impad1,16.094614,0.48464897,2.7830556952010413e-58,3.0791494038733204e-57
Myo19,16.087322,0.5718194,3.1308602950134507e-58,3.4611571975997525e-57
Ube2a,16.080153,0.5559388,3.5151090026670734e-58,3.882804168939598e-57
Nfkb1,16.07659,0.938551,3.7232131063461284e-58,4.109357484203657e-57
Ppp2r5d,16.07391,0.51113665,3.887784789133203e-58,4.2875368541448834e-57
Insr,16.060156,0.5926675,4.8532623281427e-58,5.347974402687463e-57
Pi4k2b,16.054775,0.7717349,5.293025219997053e-58,5.827867945528156e-57
Ric8a,16.054474,1.0516965,5.318840993593685e-58,5.851580900031669e-57
Atg4b,16.049303,0.9222584,5.781012422303179e-58,6.354931260047908e-57
Sema4g,16.02436,0.4990703,8.637354743806825e-58,9.487214949522758e-57
Cmtm6,16.017338,0.31040326,9.670188958591896e-58,1.060463785154324e-56
Itch,16.016306,0.51529664,9.832012133915428e-58,1.0773458808597234e-56
Tor1aip2,16.013447,0.33794278,1.0294613227776238e-57,1.127132393033147e-56
Bax,16.009375,0.3534727,1.0990854354274936e-57,1.202399466357678e-56
Pdcl3,16.006975,0.64781284,1.1422821222276992e-57,1.2486577155446672e-56
Gak,16.002605,0.74956876,1.2253931213971126e-57,1.338438573091495e-56
Adh5,15.999606,0.33231825,1.2858599651825353e-57,1.403362731354443e-56
Irf6,15.999384,0.365649,1.2904601567509275e-57,1.407260178912993e-56
Smim7,15.986045,0.41481796,1.5986255792915526e-57,1.7419286690686838e-56
Prpf8,15.985554,0.28404337,1.6112871918082344e-57,1.754327416240255e-56
Ilvbl,15.972925,1.3717836,1.9731131690730614e-57,2.14656504272666e-56
Uqcrb,15.957171,0.50976735,2.5398335538308353e-57,2.7609080960760472e-56
Lsm14b,15.955425,0.4423617,2.6118748780853947e-57,2.836964968849704e-56
Uqcc2,15.952825,0.56396556,2.7229701188478856e-57,2.9552870139083203e-56
Actr1a,15.947864,0.3543866,2.9480952908521446e-57,3.1970819272325994e-56
Mtmr4,15.939537,1.0139434,3.3683868674851597e-57,3.649975468530868e-56
Nhlrc2,15.932835,0.8377301,3.749676433488997e-57,4.059922820899607e-56
Cnksr1,15.932731,1.1121937,3.755921034821599e-57,4.063466784112766e-56
Sh3gl2,15.931888,0.99721676,3.806873163818223e-57,4.115335218594008e-56
Rpp21,15.930774,0.58302945,3.8752918780986794e-57,4.185988659794584e-56
Gnb2,15.923351,0.3458173,4.36365038517903e-57,4.709780506497493e-56
Dnmbp,15.910875,0.25568035,5.326327518574769e-57,5.744284606980281e-56
Iqgap1,15.889553,0.31895685,7.485905709015058e-57,8.066963007941759e-56
Tmx1,15.881914,0.56859696,8.455801133714478e-57,9.10496696878311e-56
Myd88,15.880776,0.7474408,8.610654817559152e-57,9.264414211653926e-56
Ccdc6,15.870038,0.60263216,1.0217848876583563e-56,1.098499083233335e-55
Arhgef7,15.868915,0.73434746,1.0402464741131616e-56,1.1174682272975244e-55
Mgat3,15.854701,0.773104,1.304472675254891e-56,1.4002090921593905e-55
Jak1,15.837891,0.6410072,1.7044306577347914e-56,1.8280854309430016e-55
Mgat1,15.837427,0.5741698,1.7170258229902017e-56,1.8401511073190447e-55
Fam168b,15.833282,0.2947066,1.8339823676498127e-56,1.9639552762420665e-55
Cfb,15.832324,0.8102365,1.8621449972029404e-56,1.9925534301056505e-55
Mgat4b,15.830961,0.33588058,1.9029146089424436e-56,2.0345861827433867e-55
Vdac1,15.819785,0.47804835,2.2726696271531024e-56,2.426132486441739e-55
Atp6v1b2,15.803098,0.5145845,2.961988916434166e-56,3.1595318589888628e-55
Tmem41a,15.795617,0.6717437,3.335126610515057e-56,3.5547822602333135e-55
Casp7,15.790647,0.3326661,3.608642029648549e-56,3.843316180330523e-55
Setd5,15.777452,0.33781835,4.447798914818968e-56,4.7333579891166836e-55
Suclg2,15.771072,0.48357722,4.920743356987678e-56,5.232594510638142e-55
Polr2a,15.770288,0.49505246,4.982152169446954e-56,5.293778626044063e-55
Man2b1,15.76453,0.45660207,5.457658585620955e-56,5.790029570082743e-55
Nectin3,15.7552595,0.26897687,6.3199654013686995e-56,6.699653245249377e-55
Ndufa2,15.745244,0.42550617,7.404530871260241e-56,7.843296643259783e-55
Mapre3,15.739583,1.0315238,8.097530112668434e-56,8.570721694329786e-55
Vat1,15.734804,0.7396884,8.732689554193188e-56,9.235849161143993e-55
Stag2,15.731441,0.4242206,9.209233547653948e-56,9.732323706659021e-55
Asl,15.724433,0.67744094,1.0286694125265698e-55,1.0862590128417639e-54
Aagab,15.721633,0.34595388,1.0751692426445668e-55,1.1344860642873806e-54
Ndufs2,15.7181835,0.37245312,1.1353252908086703e-55,1.1970372669089103e-54
Ctsa,15.71093,0.27479893,1.2729851608901573e-55,1.3411457685033052e-54
Zfand6,15.709765,0.7736965,1.2965886587880332e-55,1.3649615018419057e-54
Grina,15.709035,0.40902174,1.3116091502197222e-55,1.3797119330195926e-54
Rell1,15.708229,0.86737996,1.3283832124164674e-55,1.3962828923747264e-54
Scarb2,15.695231,0.7789094,1.6304750933559786e-55,1.712499762030953e-54
Irak4,15.692796,0.88407856,1.694264994427662e-55,1.778133062072009e-54
Ttc7,15.668171,0.70032185,2.4966145936692773e-55,2.618190534388602e-54
Exosc9,15.645513,0.85206366,3.564879769541801e-55,3.735611559270814e-54
Pmm2,15.643159,0.29969347,3.699159925588207e-55,3.8733546694041905e-54
Selenop,15.639731,0.5218562,3.90370035925703e-55,4.084399572520267e-54
Tmsb10,15.634571,0.31309748,4.2331734842994535e-55,4.425737568638763e-54
Mapkap1,15.630012,0.5756732,4.5471883271368414e-55,4.750404917769007e-54
Rrbp1,15.618499,0.2491234,5.447292812721345e-55,5.686391543050718e-54
Mau2,15.61732,0.59024996,5.548943070161137e-55,5.788085162811101e-54
Rnf6,15.614719,0.44790366,5.779900762354069e-55,6.024401137590846e-54
Ppa2,15.608478,0.30055204,6.374009626953347e-55,6.63858199913077e-54
Ptprd,15.606998,0.9400534,6.523458044500565e-55,6.789063071426577e-54
Specc1l,15.603941,1.0233961,6.843613216870495e-55,7.116837318684717e-54
Gramd1b,15.600101,1.9928976,7.267812704827675e-55,7.552229387425414e-54
Map4k3,15.594499,0.47480145,7.934415995212874e-55,8.23865897756538e-54
Jpt1,15.577905,0.28348362,1.0287228878094767e-54,1.0673585349616537e-53
Agpat1,15.575718,0.4250966,1.0645147947588231e-54,1.1036573023750497e-53
Ppcs,15.571033,0.75215584,1.1454371296699589e-54,1.186655511230052e-53
Capza1,15.561732,0.4340506,1.3246385704224348e-54,1.3712666503048294e-53
Hnf4a,15.561345,0.45726988,1.3326847169971505e-54,1.3785524587697452e-53
Synpo,15.557571,0.9217089,1.4136181684154784e-54,1.4611661718126732e-53
Ufm1,15.548566,0.79433274,1.6270934631679576e-54,1.6805515943218897e-53
Rab7,15.528667,0.5279097,2.2194532995028868e-54,2.290643310996376e-53
Cox5a,15.527715,0.46143773,2.2526648621939203e-54,2.323166816779929e-53
Aqp11,15.527009,0.69813836,2.277590053377712e-54,2.347102033152992e-53
Endod1,15.521173,0.22010526,2.4945005494973402e-54,2.5686969137331422e-53
Nipa2,15.517739,0.7183812,2.631585966614523e-54,2.7078207745262305e-53
Saraf,15.516546,0.37658036,2.680972396689269e-54,2.7565637236635905e-53
Tdrd7,15.516179,0.5898479,2.6963531126522813e-54,2.7702951777250147e-53
Srebf2,15.514802,0.25269535,2.754817525443651e-54,2.82823796249564e-53
Ifi27,15.5144415,0.70196176,2.770356008315049e-54,2.8420568952519355e-53
Tmem250-ps,15.507324,0.30220243,3.0951031813943e-54,3.1728287860245165e-53
Preb,15.491542,0.77282065,3.9568391026174955e-54,4.053166646314176e-53
Wasl,15.49094,0.61492294,3.994050459038318e-54,4.0852934236513893e-53
Ces2a,15.490938,0.9130059,3.994177190070865e-54,4.0852934236513893e-53
Nipsnap3b,15.489618,1.1510857,4.077017365263538e-54,4.166906761582876e-53
Lnpep,15.470685,0.34239477,5.472168726754987e-54,5.588641324747904e-53
Xdh,15.456563,1.1843435,6.813826280661419e-54,6.953662267764544e-53
Bloc1s2,15.455737,0.49550927,6.901754316984213e-54,7.038142452256459e-53
Aldob,15.454734,0.40801513,7.010092040128888e-54,7.1432942361223945e-53
Hsd17b12,15.447062,0.6332016,7.896181987568559e-54,8.040229983618767e-53
Parm1,15.444896,0.22230464,8.165998619454587e-54,8.308782077458443e-53
Rhoa,15.419979,0.4522562,1.2014359112822442e-53,1.22153428154533e-52
Dhrs3,15.419208,0.5041103,1.215865755575125e-53,1.2352870882236134e-52
Echs1,15.417404,0.29787114,1.250289062692147e-53,1.2693172184346777e-52
Atp5g3,15.4155445,0.2972651,1.2868200142682615e-53,1.3054349922194714e-52
Ap1m2,15.41411,0.23689291,1.3157030664530898e-53,1.3337464368974057e-52
Cwc15,15.406993,0.6924584,1.468887698121844e-53,1.4879288349493493e-52
Tiprl,15.39553,0.73177147,1.7538284839019994e-53,1.7752482988423275e-52
Spag7,15.387676,0.8435354,1.9801697092584507e-53,2.002871359031754e-52
Hsd17b13,15.3857155,0.9001695,2.041063600055953e-53,2.0629375262945423e-52
Sdhd,15.377195,0.3464414,2.328154594548927e-53,2.351367361924415e-52
Tor1a,15.372961,0.77651507,2.4854597332856054e-53,2.5083883286111182e-52
Gsn,15.368661,0.9529895,2.6560203522223263e-53,2.6785455985722943e-52
Ip6k1,15.365191,0.68144447,2.8021084632391227e-53,2.8237902162708182e-52
Tm9sf3,15.364369,0.24671437,2.8378758731065664e-53,2.857728465738755e-52
Uxs1,15.360055,1.3026403,3.033176870466335e-53,3.052148175395668e-52
Vps28,15.358439,0.26881915,3.1097066098658514e-53,3.1268557271996702e-52
Gsk3a,15.358225,0.75704634,3.1199959092523116e-53,3.1348966979445523e-52
Poldip3,15.357356,0.44239756,3.162090023530296e-53,3.174859109528399e-52
Sf3b2,15.354032,0.26211238,3.3284421603092008e-53,3.339431147632305e-52
Prkaca,15.349327,0.40201384,3.578773397015978e-53,3.587956466583101e-52
Bri3,15.3467655,0.3209947,3.7229177814650647e-53,3.729736312200348e-52
Wwp1,15.344842,0.46228626,3.834927578339346e-53,3.839138699399016e-52
Tsta3,15.340348,0.33298,4.109850455743805e-53,4.1113536929258624e-52
Rhof,15.339373,1.6779417,4.172046223186615e-53,4.170521352491006e-52
Rsrp1,15.337762,0.49955583,4.2768995701979815e-53,4.27221341288951e-52
Os9,15.329535,0.84978044,4.854492460733933e-53,4.8456338978493816e-52
Gpr108,15.329151,0.707273,4.883235330426117e-53,4.870769011201835e-52
Larp1b,15.320869,0.50423586,5.547020946488825e-53,5.528827364667251e-52
Bcap31,15.315507,0.26895526,6.024021958780874e-53,5.999890771036304e-52
Osbp,15.314201,0.6507569,6.146194140925998e-53,6.11711825889105e-52
Dst,15.297108,1.6828991,7.993043957226625e-53,7.949445535641753e-52
Relch,15.294134,0.54950196,8.366659459423551e-53,8.314975879914031e-52
Unc50,15.2906275,0.5456907,8.829551735755821e-53,8.768636164594108e-52
Rock1,15.288994,0.6348104,9.053869764694833e-53,8.984881642394908e-52
Glyr1,15.285336,0.3895402,9.576775510046674e-53,9.496911174756219e-52
Pmpcb,15.27967,0.29689702,1.044693977556294e-52,1.035231169788574e-51
Exoc5,15.269658,0.6266612,1.2181043307076493e-52,1.2061967213922595e-51
Ccdc85c,15.265132,0.66011715,1.3056432052985279e-52,1.291944343882588e-51
Arhgap21,15.264371,0.41959992,1.320960990566103e-52,1.3061562939979362e-51
Sqle,15.248209,0.3692323,1.692108313678613e-52,1.671935057048774e-51
Ermp1,15.232188,0.35454255,2.1623117398977553e-52,2.1349901114152928e-51
Med13,15.218795,0.56399953,2.6537477586852134e-52,2.618326161617626e-51
Pithd1,15.215433,0.86909735,2.7936425829044036e-52,2.75436642546631e-51
Aff4,15.209956,0.6292127,3.0374619443361296e-52,2.9926002945818855e-51
Pafah1b3,15.209476,0.29178646,3.059784387286926e-52,3.0124227139055944e-51
Ube2m,15.208835,0.4506118,3.0899623889372425e-52,3.038232838350086e-51
Plekhg6,15.208824,1.507739,3.0904437865776745e-52,3.038232838350086e-51
Ubr4,15.206776,0.34751922,3.188637161246945e-52,3.132515314658906e-51
Ap2s1,15.2057705,0.6987026,3.237984722530805e-52,3.178710773913048e-51
Ptpn3,15.204204,0.28473297,3.31637805491138e-52,3.253333565345274e-51
Gosr2,15.200622,0.8404747,3.502794049819176e-52,3.4337425542134214e-51
Rassf3,15.196987,0.94931364,3.7026372109255e-52,3.62704612173397e-51
Nab1,15.183268,0.7611318,4.5646762873757186e-52,4.468285485315888e-51
Ddx6,15.182241,0.57047236,4.6366522855419555e-52,4.535494993189288e-51
Ppp6r3,15.180495,0.31592593,4.7617475152824564e-52,4.654531613401543e-51
Bscl2,15.17891,0.8030667,4.878204688713465e-52,4.764960651296902e-51
Atp11b,15.177363,0.9006671,4.994546102687557e-52,4.8751190545504886e-51
Cnppd1,15.175077,0.8228396,5.171685160219729e-52,5.04442186633415e-51
Mgam2-ps,15.173423,0.23723236,5.303725208394842e-52,5.169525461496755e-51
Msmo1,15.173041,0.29668906,5.334644058648715e-52,5.19595851153997e-51
Surf1,15.168492,0.43747,5.7174818697616995e-52,5.564880040497597e-51
Cmas,15.162265,0.28053233,6.2863426272442836e-52,6.114205933681762e-51
Prkx,15.159721,1.3631849,6.534594400597823e-52,6.351142745428233e-51
Raph1,15.158552,1.1063192,6.651916754832902e-52,6.460579660677552e-51
Mfn1,15.148759,0.5068919,7.721037673240578e-52,7.488311360394674e-51
Spg21,15.1470785,0.727874,7.921017551674686e-52,7.676818924107111e-51
Cstb,15.14119,0.5300409,8.663239741236695e-52,8.390212709731714e-51
Emc7,15.140808,0.67032355,8.71363669495823e-52,8.433048959911803e-51
Sh3yl1,15.136906,0.81551677,9.246263209612578e-52,8.942195855123904e-51
Clip2,15.135496,0.64818,9.446521805900428e-52,9.129412416656421e-51
Afdn,15.134468,0.70284766,9.595304130943597e-52,9.266651411769327e-51
Ncoa4,15.120716,0.35362026,1.1825020036888844e-51,1.141193712099188e-50
Lcor,15.120152,0.5517252,1.1926552700644981e-51,1.150180593662342e-50
Dram2,15.119239,0.23913504,1.2093210525838182e-51,1.1654309650517063e-50
Rnf181,15.115347,0.41953605,1.2829353639955532e-51,1.2355028945520558e-50
Junb,15.114195,0.93387306,1.3055783397714055e-51,1.2564239124823342e-50
Ndufab1,15.107339,0.28748494,1.4487385917712165e-51,1.3932138004550905e-50
Npepl1,15.106277,0.793159,1.4722425770054127e-51,1.414822012687914e-50
Blnk,15.101205,0.3651287,1.5900124612776952e-51,1.5269255904475058e-50
Immt,15.092726,0.2751576,1.808168356266072e-51,1.7352071769781428e-50
C77080,15.092352,0.25303975,1.8184286812073112e-51,1.7438297486332385e-50
Rras2,15.088691,0.37123653,1.9221937594664643e-51,1.842046227099082e-50
Plpp1,15.07812,1.1714107,2.256013482373998e-51,2.1604330792342034e-50
Ppp2cb,15.076309,0.2718725,2.3187512401149813e-51,2.21895893691899e-50
Hdlbp,15.075315,0.20042747,2.3538925454960197e-51,2.2510126265495153e-50
Abhd16a,15.070143,0.6997434,2.54563944788953e-51,2.4326778092165844e-50
Polr2f,15.06981,0.37327677,2.5584827142199723e-51,2.4432437930836677e-50
Mast2,15.068641,0.30211753,2.604145291806093e-51,2.4851142264792965e-50
Snx7,15.068031,0.83196324,2.6282939598788025e-51,2.5064100349611315e-50
Trim16,15.063434,0.4658546,2.817658705040072e-51,2.685120752015539e-50
Tbc1d13,15.061526,0.66147333,2.9001416167310214e-51,2.7617992067407183e-50
Erp29,15.058679,0.84479237,3.0277875075464835e-51,2.881349628789016e-50
Hgs,15.055161,0.65196484,3.193168902060163e-51,3.0366192444835e-50
Glod4,15.053381,0.5819109,3.280314381728442e-51,3.117324473254791e-50
Mboat1,15.038546,0.36400154,4.104704081490618e-51,3.898043632943347e-50
Ngly1,15.037562,0.713271,4.166114537081373e-51,3.9536166755439126e-50
Akr1a1,15.034127,0.45129943,4.387938343580248e-51,4.1612383390055398e-50
Eif3f,15.007987,0.2753546,6.509358734433977e-51,6.1687789808305365e-50
Tmem87b,15.007838,0.4280498,6.523986215262519e-51,6.178359521725411e-50
March7,15.005052,0.37900224,6.80381622223255e-51,6.438905663600701e-50
Zfp36,14.989377,0.2230449,8.61570387295163e-51,8.147977210415874e-50
Vsig10,14.98882,0.3006902,8.688240300321749e-51,8.210897450373179e-50
Trpm7,14.985451,0.5737392,9.140333626529882e-51,8.632186625883712e-50
Scyl1,14.978389,0.7198966,1.0165144935367251e-50,9.593399378271025e-50
Dctn3,14.967027,0.39149144,1.2059279268167409e-50,1.1373147861530298e-49
Ergic3,14.961213,0.81825364,1.3160416473098384e-50,1.2403080308037244e-49
Samm50,14.95911,0.271429,1.3582946511305183e-50,1.279247889408391e-49
Clptm1,14.948864,0.2518665,1.5842775845261396e-50,1.4910527163382628e-49
B4galnt2,14.94677,0.55739546,1.6349000437963462e-50,1.5376381085911303e-49
Golga4,14.945892,0.6198647,1.6565707489972915e-50,1.556948796738004e-49
Nampt,14.93462,0.4114,1.9618843031299488e-50,1.8426351542103057e-49
Ndufb7,14.930606,0.30849332,2.0836414479668096e-50,1.9556483734348746e-49
Smap2,14.929148,0.59504193,2.1297162780040865e-50,1.997521954849512e-49
Mdh2,14.925851,0.24698709,2.2376228763619875e-50,2.0972921750685523e-49
Ifit1bl2,14.924339,1.4662362,2.288905909714769e-50,2.1438896106403747e-49
Me2,14.923411,0.27841702,2.3209735921378453e-50,2.1724376367203996e-49
Pnpla6,14.919455,1.4263837,2.4627970050283553e-50,2.3036080057293266e-49
Nr1i2,14.917542,0.74736303,2.5343537937350913e-50,2.368919215948556e-49
Aftph,14.912574,0.4710402,2.730219856573149e-50,2.5502565941692495e-49
Fmr1,14.901257,0.8395548,3.2343748036773882e-50,3.0191177774940807e-49
Tmem63b,14.893104,0.17850806,3.65405561331051e-50,3.4085409626208204e-49
Maea,14.891584,0.31355688,3.7380732052599757e-50,3.484536542735526e-49
Tent5a,14.887592,0.34354234,3.9680484969207717e-50,3.696393950639751e-49
Rtcb,14.887166,0.27348283,3.993426529456733e-50,3.717502232152541e-49
Rab43,14.880848,0.7069508,4.388983960701424e-50,4.082949364802175e-49
Tmem259,14.879746,0.23263708,4.461842857559303e-50,4.147906259491738e-49
Cx3cl1,14.877267,0.43772614,4.630348875765724e-50,4.301631852995671e-49
Slc12a6,14.872254,0.8292663,4.99040135641314e-50,4.632976140458227e-49
Adprm,14.868509,1.544577,5.277525744991347e-50,4.896211978477386e-49
Ndufaf8,14.868008,0.6778932,5.317225720761022e-50,4.929699100434372e-49
Smim15,14.864424,0.5244109,5.60955173184893e-50,5.197196472427785e-49
Tmem94,14.859756,0.63146055,6.014332074102487e-50,5.568448958249933e-49
Sdf2l1,14.85318,0.49671993,6.634519065149397e-50,6.138501232470772e-49
Slc39a1,14.849148,0.42241514,7.045902105503181e-50,6.5147201685433406e-49
Ndufs8,14.84838,0.2526664,7.126968821656873e-50,6.585222880821468e-49
Cand1,14.843277,0.5312702,7.690567924239272e-50,7.101182738958275e-49
Sccpdh,14.841518,1.3088875,7.894844107932713e-50,7.28488482968825e-49
Mydgf,14.839966,0.21172805,8.079669641644635e-50,7.450403395110612e-49
Ubxn6,14.834332,1.2848688,8.787408901746905e-50,8.097561774352354e-49
Gatd1,14.827654,0.69308573,9.70667141714385e-50,8.93863512656176e-49
Ccdc71l,14.818554,0.96493477,1.111512965557045e-49,1.0228761644678728e-48
Efna1,14.818193,0.45357627,1.1175026662511917e-49,1.0276966349014826e-48
Sf3b6,14.814827,0.47575977,1.1749078607921874e-49,1.0797624325492716e-48
Clmn,14.80799,0.19727159,1.3007230315648373e-49,1.1945861287205607e-48
Mtch2,14.806821,0.65037334,1.3235343926113206e-49,1.2147203234201215e-48
Gmfb,14.80524,0.9244569,1.3550222893000564e-49,1.2427853659408633e-48
Fuom,14.805006,0.88200957,1.359757799552886e-49,1.2462927552872464e-48
Rab5a,14.803912,0.768568,1.3820476564771681e-49,1.2658741930559461e-48
Prss23,14.801136,1.6465656,1.4402935268215543e-49,1.318340962468859e-48
Trio,14.791296,0.89537174,1.6671285209829706e-49,1.5249486638422824e-48
Clcn3,14.786953,0.594079,1.7782323800360196e-49,1.625489826002177e-48
Nadk,14.785789,0.40005225,1.8092641094466476e-49,1.6527512823435477e-48
Golph3,14.783122,0.24618289,1.882338853058433e-49,1.7183567300116203e-48
Txn2,14.775861,0.2557198,2.096622099157363e-49,1.9126956108056665e-48
Rab1a,14.767997,0.2853727,2.356116397695388e-49,2.147992782565629e-48
Ebp,14.767407,0.3451846,2.376811636603691e-49,2.1654163311495984e-48
Sh3glb2,14.766687,0.7285199,2.4023355561708274e-49,2.1872129647560626e-48
Itpkc,14.755458,1.1658875,2.837578677382124e-49,2.581762369474421e-48
Cyb5r3,14.754494,0.23007928,2.8784503647607325e-49,2.6172080277994025e-48
Aldh2,14.747686,0.4138387,3.1839375333988296e-49,2.8930462305135543e-48
Ercc3,14.747262,0.7797078,3.2040136184025793e-49,2.909354995461837e-48
Fchsd2,14.734223,0.6065997,3.886384039608965e-49,3.526629179937133e-48
Derl2,14.732626,0.7975237,3.979350468707831e-49,3.6085953355158884e-48
Gpt,14.726603,0.30723065,4.350319689963683e-49,3.942387127916061e-48
Nabp2,14.724412,0.45879608,4.493612923216776e-49,4.069546802979431e-48
Ppp6r1,14.716797,0.4930492,5.0292068731659525e-49,4.551581998050589e-48
Lpin3,14.715004,1.3188188,5.1642958830311185e-49,4.670750410082708e-48
Prrg2,14.708608,0.5529081,5.676356673757138e-49,5.1304809989179687e-48
Dbnl,14.702849,0.39575255,6.180378953432046e-49,5.582343605560319e-48
Fam102b,14.700193,0.79808724,6.427616097549595e-49,5.801825091352521e-48
Cox16,14.694435,0.8029,6.99800760267389e-49,6.312516752411968e-48
Hspa8,14.694233,0.25044948,7.018900035580697e-49,6.327189056464472e-48
Pnrc1,14.69339,0.88451,7.106729229342663e-49,6.402142438159481e-48
Larp4b,14.690777,0.5166889,7.386167924798856e-49,6.649496140330768e-48
Ube2g1,14.683446,0.24742313,8.229925484441255e-49,7.402252633853636e-48
Cd151,14.683419,0.16791609,8.2331453426628e-49,7.402252633853636e-48
Ndufv2,14.681759,0.27030152,8.437275464030724e-49,7.580797764166896e-48
Mocs2,14.6758375,0.571001,9.207160128861559e-49,8.267098802507012e-48
Ube3b,14.662397,0.78366387,1.1223934756686621e-48,1.0071345656016375e-47
Polr3c,14.657021,0.71579576,1.2148880455691631e-48,1.0894160015185774e-47
Micos13,14.65538,0.25592276,1.2445814540569397e-48,1.11531136200712e-47
Cdv3,14.655103,0.7228172,1.249675172708049e-48,1.119142631747385e-47
Etnk1,14.651037,0.24369712,1.3267453222966979e-48,1.187384966126135e-47
Aip,14.649326,0.72336197,1.3605882155097621e-48,1.216876641405886e-47
Gk,14.638237,0.70245636,1.6016671345187024e-48,1.4315554290551146e-47
Cdc42bpb,14.637178,0.29460013,1.6267972767260157e-48,1.4530668033460658e-47
Gsdmd,14.636297,0.99469984,1.6480138758920754e-48,1.4710567723775543e-47
Rala,14.634866,0.8110604,1.683079837650013e-48,1.50137748074781e-47
Camta2,14.633222,0.4247305,1.7242574953643854e-48,1.5371069914672733e-47
Fam234a,14.625531,0.23664013,1.9305780855482843e-48,1.7199123986887809e-47
Timm8b,14.625035,0.27376613,1.9446898403907367e-48,1.731356352040581e-47
Acadm,14.62232,0.7747152,2.0238262465317115e-48,1.8006391620898605e-47
Ythdf3,14.6177025,0.3597016,2.1658666615609425e-48,1.9257624575322424e-47
Micos10,14.617215,0.17430873,2.18142846097125e-48,1.9383388046641875e-47
Tmub1,14.611736,0.599659,2.3641623271827143e-48,2.0993454431314037e-47
Zdhhc7,14.602185,0.76275766,2.7198452523543274e-48,2.4120547228239577e-47
Ube2f,14.598175,0.4596505,2.8846346707622973e-48,2.5565378562977584e-47
Sptssb,14.595947,0.24803531,2.98042019057985e-48,2.639718012058255e-47
Canx,14.594004,0.32115498,3.066596307414884e-48,2.7142850811584814e-47
Cisd2,14.593086,0.2687942,3.1081457168474465e-48,2.7492815444947495e-47
Pcdh1,14.591437,0.21795423,3.1841612556510344e-48,2.814699752490491e-47
Napa,14.588355,0.5689533,3.3313142882697776e-48,2.9428761558197165e-47
Hp1bp3,14.586825,0.29491654,3.4068494398004504e-48,3.007660819191166e-47
Magt1,14.585759,0.34225374,3.4605291307482955e-48,3.0530797330956737e-47
Bbip1,14.576745,0.3647279,3.949027676546756e-48,3.4818151822551186e-47
Dpep1,14.576577,0.36298332,3.95871286346535e-48,3.4881055675185995e-47
Retreg2,14.571007,0.6770435,4.295143211039209e-48,3.7821045338674297e-47
March6,14.558013,0.5118845,5.19457975159713e-48,4.571163327097217e-47
Ick,14.543545,0.5907315,6.4181428246129e-48,5.6442510049248495e-47
Tapbpl,14.543263,0.74765736,6.444595586431724e-48,5.66387176378238e-47
Nipal3,14.541876,0.57619226,6.576535803935079e-48,5.776116064149788e-47
Elovl6,14.541174,0.6326038,6.644302632385851e-48,5.831889505640341e-47
Stk38,14.538933,0.41312575,6.865493737237148e-48,6.022169779135215e-47
Tpk1,14.536322,0.72807705,7.132368320752928e-48,6.252252358095916e-47
Mafk,14.535134,0.94539016,7.257103487322986e-48,6.357520191488907e-47
Ap1ar,14.532066,0.22263148,7.589589919726626e-48,6.644535349056441e-47
Rp2,14.530286,0.47860095,7.789492032474709e-48,6.815182568399977e-47
Pex2,14.51861,0.389207,9.23646420014402e-48,8.076000507478867e-47
Cnksr3,14.515101,1.3713422,9.721413520188152e-48,8.49458976923789e-47
Atp6v0d1,14.512207,0.17846619,1.0140513218428955e-47,8.855141651469728e-47
Atp5mpl,14.507664,0.26996303,1.0834798153118992e-47,9.455383838155853e-47
Rmdn3,14.504465,0.46503845,1.135182321818449e-47,9.893956820183103e-47
Med28,14.502509,0.22325417,1.1680066098568533e-47,1.0173560757829597e-46
Rnft1,14.499968,0.46643415,1.212069098113077e-47,1.0550633301525353e-46
Prap1,14.497761,0.6176125,1.2516717482931734e-47,1.0888429489764088e-46
Syk,14.46926,0.45078054,1.8949953569154498e-47,1.6474292120673094e-46
Wbp1l,14.462533,0.99252826,2.0896451462227437e-47,1.8154953859336735e-46
Rnf13,14.46227,0.74723953,2.0976504679748413e-47,1.8212933428289494e-46
Ubqln1,14.460175,0.19201544,2.1624811884602714e-47,1.8763915134641e-46
Galm,14.454255,0.3496464,2.356653313167673e-47,2.043578570549647e-46
Exoc7,14.4446745,0.44306594,2.7083530808895824e-47,2.3470677047633104e-46
Hcfc1r1,14.438401,0.2953301,2.96641783640141e-47,2.5690794118295937e-46
Mob1a,14.425267,0.6051951,3.5887748697649103e-47,3.1061073635465284e-46
Tomm7,14.422852,0.32982773,3.7166142353392123e-47,3.2147185115916336e-46
Dync1li1,14.415447,0.96305954,4.1374905848394105e-47,3.5764970763387445e-46
Tmub2,14.40523,0.49104112,4.797185633583037e-47,4.144125934254455e-46
Mta2,14.4046755,0.20863944,4.835864524802519e-47,4.1743625435011424e-46
Htatip2,14.40464,1.0703613,4.838292235063482e-47,4.1743625435011424e-46
Babam2,14.397311,0.99672776,5.379589944160331e-47,4.638454759545556e-46
Rp9,14.396846,0.5423571,5.41590478704862e-47,4.666824068235027e-46
Idh3b,14.3952675,0.23516323,5.541013740362937e-47,4.771622348832693e-46
Dctn1,14.393944,0.4393759,5.648131838393382e-47,4.860805719951511e-46
Dpp3,14.383846,0.6063289,6.5358782981069175e-47,5.6212663979001314e-46
Zbtb7b,14.379322,0.9349354,6.977463823006147e-47,5.997285844098621e-46
Ndufa5,14.379128,0.2623298,6.997026753256773e-47,6.010322917762963e-46
Wipf2,14.377176,0.86665386,7.19716791174109e-47,6.178359773575606e-46
Tsg101,14.372611,0.69826156,7.687729577871498e-47,6.5953388944412004e-46
Plekha1,14.372199,1.2946651,7.733611620439015e-47,6.630541624420284e-46
Tmed10,14.368787,0.60393095,8.124241751690339e-47,6.961090598644447e-46
Spire2,14.361818,0.36853844,8.983872562155607e-47,7.69282763227789e-46
Ap2m1,14.359644,0.467607,9.27022634680876e-47,7.933062909424894e-46
Naip6,14.358748,0.31780007,9.39077668436149e-47,8.031198946756934e-46
Ihh,14.348355,0.68500775,1.0909353569277864e-46,9.324088128742174e-46
Derl1,14.345259,0.2735737,1.140735837401581e-46,9.743636837268345e-46
Strbp,14.344545,0.46362528,1.1525354070028912e-46,9.832718964151033e-46
Casp3,14.344541,0.3035177,1.1526031809531339e-46,9.832718964151033e-46
Txnrd1,14.3407,0.19475842,1.2182047022297105e-46,1.0385878617824995e-45
Fryl,14.34038,0.48625427,1.2238393669101636e-46,1.0427416412770397e-45
Ddx5,14.338556,0.41828445,1.2564225584742959e-46,1.0698367675676211e-45
Tmsb4x,14.33823,0.43208456,1.2623444229771183e-46,1.074210328824648e-45
Ing4,14.333734,0.58108145,1.3468017230836576e-46,1.1453677589035459e-45
Camsap3,14.331661,0.7243287,1.3876059475776387e-46,1.1793356950356872e-45
Aldh1a7,14.331616,1.7357714,1.388502979275316e-46,1.1793651081732885e-45
Chchd3,14.3303175,0.21807536,1.41472789350331e-46,1.2008940995442436e-45
Zfp106,14.305539,0.49122253,2.0206471555675252e-46,1.714165623597141e-45
Vps37b,14.304011,0.6754254,2.0655135714792714e-46,1.751140613141912e-45
Hnrnpul1,14.302215,0.17403656,2.1195574077244073e-46,1.795845573149397e-45
Fam3c,14.302048,0.9108403,2.1246586172338326e-46,1.7990530396701338e-45
Lsm14a,14.300295,0.33310756,2.178836837875154e-46,1.843786742446951e-45
Tbc1d20,14.295495,0.57630605,2.334387336760076e-46,1.9741958460231314e-45
Lypla2,14.290953,0.6766267,2.4917718178650707e-46,2.1059937953834884e-45
Naa60,14.289047,0.73791075,2.5608810862360555e-46,2.163066637077088e-45
Crybg2,14.279603,1.737723,2.9326695768342976e-46,2.475571386617841e-45
Stk16,14.278832,0.46201482,2.9652954329979596e-46,2.5015678621990807e-45
Dgat2,14.278365,0.8856962,2.9852362678173202e-46,2.5168376055734804e-45
Zfp598,14.277792,0.6515699,3.009887581502058e-46,2.536057466237871e-45
Slc44a3,14.267917,0.33271512,3.46783200828691e-46,2.9201110045149934e-45
Klhl9,14.2652445,0.73228455,3.603256111953385e-46,3.03227860498231e-45
Brk1,14.263574,0.1832574,3.690582471929648e-46,3.1038570297440305e-45
Ctsb,14.258116,0.32059592,3.9908623393287195e-46,3.354335740031975e-45
Sec23b,14.257989,0.58515704,3.998100301146627e-46,3.358355136251851e-45
Ppp1r9b,14.256251,0.81180537,4.098897246505961e-46,3.4409097511337636e-45
Raly,14.246786,0.35025093,4.693898580026747e-46,3.937979330175814e-45
Rab32,14.24463,1.3463981,4.841034926033771e-46,4.058930264470375e-45
Chchd7,14.242188,0.48367715,5.013208142885553e-46,4.200712092767153e-45
Emc4,14.237552,0.36994854,5.3570962533279086e-46,4.486117040064859e-45
Cmc1,14.235047,0.28625077,5.552548251573157e-46,4.6469459816562375e-45
Tpr,14.23165,0.36727986,5.828934322205658e-46,4.875270755728586e-45
Malrd1,14.229741,1.5448518,5.990275645337186e-46,5.0071527781165054e-45
Csnk1d,14.229239,0.44725043,6.033411934822176e-46,5.040128784892685e-45
Tmbim4,14.226735,0.18314762,6.253409518864906e-46,5.220718874876532e-45
Pdzd8,14.221785,0.45964807,6.711960060796863e-46,5.60012531003033e-45
Golim4,14.221172,0.7734707,6.7709164186220936e-46,5.64587085516202e-45
Gosr1,14.220572,0.4296502,6.829193577927612e-46,5.690994648273011e-45
Psmd8,14.215422,0.26857215,7.350703839870568e-46,6.121855968954324e-45
Ero1l,14.210691,0.6421234,7.864496756296188e-46,6.545769515663444e-45
Phldb1,14.210342,0.68273646,7.903768221450018e-46,6.574454405616119e-45
Ensa,14.20151,0.87299836,8.965900535731755e-46,7.453415794901626e-45
Nipsnap2,14.198116,0.22377394,9.410850376467337e-46,7.818552788468459e-45
Pawr,14.1902485,0.2861351,1.0528507681547739e-45,8.736489232109546e-45
Sel1l,14.187861,0.55455214,1.0892960331947836e-45,9.033428292261168e-45
Dync1i2,14.18437,0.425139,1.1448984769653317e-45,9.488779801515703e-45
Atp6ap2,14.183709,0.22993854,1.1557348781775506e-45,9.572788891022414e-45
Rraga,14.153803,0.4498662,1.7692507377312795e-45,1.4645583437333685e-44
Pde5a,14.15244,0.505103,1.8038740366283127e-45,1.4923156352626844e-44
Nhsl1,14.151571,0.32869977,1.8263053990032864e-45,1.5099592703367558e-44
Fam149b,14.146535,0.706225,1.9618871842288244e-45,1.6210759664247234e-44
Ubr3,14.144504,0.31465283,2.019375059685404e-45,1.6675696824394868e-44
Ik,14.143397,0.5240982,2.0513597232066912e-45,1.692959819846198e-44
Sqstm1,14.138449,0.6857926,2.200814389768462e-45,1.815207284685387e-44
Wtap,14.138321,0.31996214,2.2048365547666393e-45,1.81742856458311e-44
Trak2,14.138194,1.1062596,2.208802017101817e-45,1.8196004568594788e-44
Slc10a5,14.137711,0.4792828,2.224025839857164e-45,1.8310387332960095e-44
Tmem120a,14.128444,0.8388498,2.53688921768394e-45,2.0873622173181638e-44
Fndc3a,14.119829,0.39190108,2.8668405293345704e-45,2.3574289981148675e-44
Gcc2,14.119619,0.29413864,2.875400252162374e-45,2.363046781750028e-44
Kdelr2,14.11423,0.45616266,3.103868318097405e-45,2.549273228227148e-44
Grk2,14.113602,0.5665921,3.1316516916152373e-45,2.5705484323432393e-44
Dnajb6,14.106507,0.5769415,3.4630943278343227e-45,2.840900715844893e-44
Abhd17a,14.104337,0.45921767,3.571297377453853e-45,2.9279071724629163e-44
Vps35,14.098836,0.5289612,3.860875298446153e-45,3.1634193952217575e-44
Mpnd,14.098736,0.40917426,3.866347002722736e-45,3.166005704325354e-44
Arhgap26,14.088473,0.704307,4.471236357919426e-45,3.659135678907729e-44
Psmc6,14.085255,0.2692855,4.6797031882797974e-45,3.8274486303664014e-44
Dynll2,14.078892,0.23856996,5.120618936868463e-45,4.185562699442692e-44
Pon3,14.078143,0.3606355,5.175145128037598e-45,4.2276051150486353e-44
Pts,14.077532,0.73589236,5.2201457987612944e-45,4.2618205252573556e-44
Nmt1,14.077405,0.2442091,5.229494374020835e-45,4.266905463289673e-44
Car13,14.07338,0.3605315,5.535850718254657e-45,4.514177613126562e-44
Gnptg,14.07192,1.01699,5.651388983647557e-45,4.603567143825921e-44
Capn5,14.07191,0.30368105,5.652204193406743e-45,4.603567143825921e-44
Mul1,14.066145,0.50115,6.132196092511209e-45,4.99153461696969e-44
Brd4,14.06341,0.21402675,6.373943959882189e-45,5.185228057786373e-44
Chuk,14.057093,0.6556712,6.96910471494988e-45,5.666023006952414e-44
Magi3,14.055497,0.46936113,7.127930654160839e-45,5.791708359812803e-44
Ripk1,14.052515,0.474592,7.434589106534539e-45,6.03729251970664e-44
Ece1,14.0463505,0.17658466,8.110694407421711e-45,6.582418161512872e-44
Atxn2l,14.046114,0.5793599,8.13783184845515e-45,6.600524942326463e-44
Tm7sf2,14.043901,0.9031901,8.396075557260196e-45,6.805947436012636e-44
Tmem150b,14.031097,1.3095174,1.0058354734702588e-44,8.148578258119543e-44
Mob2,14.029679,0.7784042,1.026145098710454e-44,8.308190778487541e-44
Cdc42se2,14.029167,0.8686038,1.0335797995886309e-44,8.36343417714469e-44
Usp33,14.021093,0.3027607,1.15815946610299e-44,9.365955469520041e-44
Ap1g2,14.00737,0.5808747,1.4051336115200706e-44,1.1356502445352817e-43
Tmem106b,14.0017395,0.71326965,1.5210106044837718e-44,1.2285776737339386e-43
Atp5l,13.992059,0.2036632,1.7429237876553016e-44,1.406994261876402e-43
Abhd12,13.98515,0.6207544,1.9207175227106971e-44,1.5496054349893088e-43
Smim10l1,13.981443,0.39545935,2.023418615047062e-44,1.631500563724562e-43
Dusp3,13.980489,0.6293902,2.0507443907205993e-44,1.6525591952330108e-43
Rai14,13.972635,1.4466794,2.2899311931717326e-44,1.8442172595184598e-43
Eif4e2,13.972201,0.264694,2.3039460752133767e-44,1.8544121588312495e-43
Uprt,13.964413,1.0718302,2.5701425253744957e-44,2.067452884382131e-43
Mapre1,13.963228,0.23982887,2.6132494783443563e-44,2.100892805194537e-43
Trappc10,13.962584,0.56156474,2.636996148756986e-44,2.1187380924942297e-43
Tspan7,13.961665,0.22675626,2.671183626113948e-44,2.1449463351208594e-43
Acsl3,13.959022,0.27290943,2.7721271410739545e-44,2.224697104118916e-43
Nubp1,13.958061,0.77798194,2.809745411599943e-44,2.2535641351102182e-43
Casz1,13.954308,0.68175626,2.9616354280362637e-44,2.3739955731767826e-43
Ell2,13.951658,1.4132016,3.0737593274863343e-44,2.4624287523945884e-43
Csnk1g2,13.945979,0.16013348,3.328487704482302e-44,2.6649338032081662e-43
Bag6,13.938251,0.4887183,3.709229441466005e-44,2.9680346759536347e-43
Znrf2,13.931502,1.585815,4.076882430457989e-44,3.260313873480293e-43
Ang,13.9260435,0.64785725,4.400648177032918e-44,3.5171749749225685e-43
Trak1,13.920749,0.21207817,4.739151861204463e-44,3.785508276984289e-43
Amfr,13.90641,0.75972944,5.791379329737704e-44,4.6232990270965035e-43
Grb7,13.893884,0.49389848,6.899051249424322e-44,5.5043480651037106e-43
Pik3r1,13.892385,0.198796,7.045015402815845e-44,5.6175268590965995e-43
Zdhhc9,13.883034,0.39526212,8.027272590028878e-44,6.397025213790496e-43
Csnk2b,13.882677,0.5473961,8.067357902251911e-44,6.4252253531330736e-43
Mapkapk2,13.879625,0.48020533,8.418259660894282e-44,6.700797489099494e-43
Coa5,13.87699,0.7615126,8.733504997144999e-44,6.947683585570556e-43
Rassf7,13.876351,0.6419037,8.811627051874005e-44,7.005755810138198e-43
Rabac1,13.868333,0.47382402,9.854030065620057e-44,7.829974500136798e-43
Satb2,13.867643,0.29238313,9.949190334778625e-44,7.900997550992899e-43
Ids,13.866528,0.9028928,1.0105133048884222e-43,8.02017959625605e-43
Kdm7a,13.859048,0.48468074,1.1215221701241433e-43,8.896064777521844e-43
Chmp4b,13.85762,0.88293964,1.1440525867512466e-43,9.069518332651187e-43
Cops6,13.854997,0.38604173,1.1866240873001922e-43,9.401555268731245e-43
Dapk3,13.842778,0.6162787,1.4066334793798165e-43,1.1138223989877816e-42
Ccdc186,13.839949,1.45503,1.4631068034133439e-43,1.1578695333725392e-42
Slc39a5,13.832561,0.9515779,1.621442927368622e-43,1.2824310024156106e-42
Naip2,13.831989,0.5562224,1.634370389014387e-43,1.2919083855359389e-42
Bzw1,13.82609,0.2313377,1.7740408182783692e-43,1.4015024950870421e-42
Clcn4,13.8254595,1.0118169,1.7896489730661944e-43,1.413016726713638e-42
Ei24,13.819373,0.31914052,1.9475852623810973e-43,1.5368279551680037e-42
Iars2,13.816427,0.35430977,2.0289167834645824e-43,1.6000828727726738e-42
D1Ertd622e,13.813925,1.058188,2.10067544366413e-43,1.6557196940695665e-42
Tnfrsf11a,13.802747,0.42292204,2.4532490431934987e-43,1.9324988862713766e-42
Glrx5,13.793892,0.44171667,2.7738356468150884e-43,2.1837767685777968e-42
Sri,13.78491,0.48874262,3.1415719814919392e-43,2.4718640303165862e-42
Atl2,13.771317,0.39294446,3.7923706777791245e-43,2.9822121344812844e-42
Vapa,13.771203,0.5410068,3.798372317754747e-43,2.9852150255917333e-42
Arl8b,13.754415,0.5133535,4.791420391042007e-43,3.7613475228185677e-42
Commd6,13.750857,0.8170484,5.032955332513041e-43,3.948689854969354e-42
Vps35l,13.749315,0.59318477,5.141384958925744e-43,4.0314472083319696e-42
Far1,13.747386,0.20379394,5.280344144789939e-43,4.1380347381090215e-42
Cdc14a,13.746111,0.55362594,5.374194391242395e-43,4.209170005741108e-42
Agap1,13.7453575,0.69914305,5.430380691036921e-43,4.250741611329702e-42
Ndufa3,13.734643,0.30104667,6.296589231146798e-43,4.925964401369134e-42
Emc3,13.728211,0.1713274,6.881153924992969e-43,5.3771302813873625e-42
Psmd13,13.725657,0.3888771,7.127975182074361e-43,5.566822422322495e-42
Tnfrsf1a,13.724524,0.43833244,7.240391049070904e-43,5.6513897029705835e-42
Ncor1,13.715825,0.3433217,8.163216513833946e-43,6.368053954744963e-42
Mfn2,13.71473,0.6384455,8.287437826543072e-43,6.461272079702196e-42
Asah1,13.710835,0.16043547,8.744455845066622e-43,6.813699924859605e-42
Glod5,13.709579,0.29974255,8.897211567234667e-43,6.928779509221757e-42
Nudt9,13.706689,0.49743637,9.258750182955819e-43,7.206227020598795e-42
Cuta,13.704629,0.26328814,9.525330162413338e-43,7.409493172411968e-42
Eif5a,13.704554,0.16193219,9.535239610221983e-43,7.412984745297648e-42
Tbc1d22a,13.695719,1.0273857,1.0768942330128702e-42,8.367345816165341e-42
Ep300,13.69507,0.40139455,1.0865546138619194e-42,8.437611779989635e-42
Abhd4,13.694945,0.3368003,1.0884175359074014e-42,8.447281386795525e-42
Cop1,13.69293,0.7349004,1.119037067738535e-42,8.679995406309963e-42
Commd8,13.686638,0.54945374,1.2202691589504548e-42,9.459853032113077e-42
Fech,13.6796875,0.5700221,1.3426803084114972e-42,1.0402919669987097e-41
Arap2,13.676646,0.7295028,1.4000226680320892e-42,1.0841058881845311e-41
Ppp1r12a,13.676598,0.3678073,1.4009653307917541e-42,1.0842218957881855e-41
Tmem102,13.674168,0.5025976,1.4485466874530306e-42,1.1204115356855313e-41
Asna1,13.672536,0.3498569,1.4814063846115476e-42,1.1439187070960706e-41
Agfg1,13.672536,0.77408606,1.4814063846115476e-42,1.1439187070960706e-41
Urgcp,13.672534,1.2008665,1.481447919756593e-42,1.1439187070960706e-41
Pptc7,13.670861,0.74519014,1.5158996426937966e-42,1.1698604748215389e-41
Ube4a,13.6683035,0.2838356,1.570132931701723e-42,1.2110303350829702e-41
Lsm12,13.667897,0.49432513,1.578915008783707e-42,1.2171174038961214e-41
Hook1,13.664326,0.177334,1.658325421248631e-42,1.2776112752436638e-41
Arhgap17,13.663946,0.6574351,1.66699077427232e-42,1.2835641237710572e-41
Atp5f1,13.660715,0.27309552,1.7426348953825545e-42,1.3410541471219154e-41
Trim40,13.658632,0.7734708,1.7931927003353698e-42,1.3791850493299316e-41
Copb1,13.656787,0.17843926,1.8392247446478752e-42,1.4137941755514162e-41
Commd4,13.648727,0.7687261,2.0543525878625565e-42,1.5782736875854192e-41
Tmem256,13.644972,0.23841281,2.162968056904797e-42,1.6607854114639584e-41
B4galt1,13.644139,0.109124266,2.1878020562614496e-42,1.6789109494598947e-41
Nfatc3,13.64212,0.48306715,2.249246380562005e-42,1.72509502266884e-41
Acadvl,13.640754,0.16950686,2.2918008269317373e-42,1.7567475509132012e-41
Entpd2,13.635164,1.368675,2.4743252142935466e-42,1.8955964877010781e-41
Ankrd50,13.632017,1.3621224,2.583402318523226e-42,1.9780530070439594e-41
Lrrc59,13.631317,0.32065287,2.608291972403294e-42,1.9959928775945745e-41
Dgat1,13.630339,1.2367163,2.643523924432725e-42,2.0218226882895697e-41
Emc10,13.629485,0.6365227,2.6745904459730187e-42,2.0444395946719413e-41
Guk1,13.628881,0.29485938,2.6968090794103766e-42,2.0602717408344638e-41
Prmt2,13.616023,1.3696824,3.2161191979994016e-42,2.455635401040861e-41
Sh3bgrl,13.613149,0.16283725,3.3451589633136464e-42,2.5527370995152966e-41
Ubl4a,13.610417,0.5931768,3.4725563542507825e-42,2.6484778663903766e-41
C1galt1c1,13.607133,0.21025804,3.6321424973931834e-42,2.7686481968702223e-41
Anapc16,13.59829,0.5678198,4.099028406236206e-42,3.122797406979393e-41
Strn4,13.5959835,0.2562488,4.2303598585958195e-42,3.2210562954508815e-41
Stradb,13.567619,1.0463134,6.231299639865411e-42,4.741960076525292e-41
Gstk1,13.567558,0.16919607,6.236503257419097e-42,4.743280425206126e-41
Fdps,13.554614,0.48261726,7.440283149658161e-42,5.655690498697907e-41
Naxd,13.542762,0.45923674,8.743803264681058e-42,6.638806990325556e-41
Slc25a13,13.542726,0.42310354,8.748175646483841e-42,6.638806990325556e-41
Slc25a3,13.541218,0.29551294,8.929576098469628e-42,6.772709547785478e-41
Mboat7,13.538858,0.36735874,9.221124166298898e-42,6.989959699231565e-41
Trafd1,13.537079,0.80251145,9.447095462485664e-42,7.157287005511992e-41
Opa3,13.536863,0.62655234,9.474937228744195e-42,7.174405681233492e-41
Dda1,13.536692,0.54004294,9.497058465224492e-42,7.187176231983671e-41
Cbl,13.532882,0.4108472,1.0002485099482699e-41,7.565485826074441e-41
Slc38a2,13.527758,0.9465328,1.0724579359884829e-41,8.107165436507741e-41
Lcorl,13.526872,1.0114028,1.0854486779112751e-41,8.200834624550657e-41
Sec31a,13.524877,0.2048793,1.1152993156720416e-41,8.421710735403184e-41
Rbm45,13.520449,0.8382706,1.1845126921045338e-41,8.939410079762417e-41
Pcgf3,13.517936,0.23864093,1.225672915268878e-41,9.244940494375017e-41
Hmg20b,13.511895,0.4816696,1.330508624370117e-41,1.003015735295554e-40
Mbnl2,13.51039,0.20747463,1.357997380890386e-41,1.0231743351887618e-40
Diaph1,13.503796,0.21203908,1.4852308357739052e-41,1.1184213479740173e-40
Igbp1,13.499769,0.23285574,1.568675747182754e-41,1.180607641316685e-40
Arl1,13.488688,0.33411214,1.8231482547152735e-41,1.3713725183295579e-40
Parp12,13.48191,0.4006921,1.998646341934335e-41,1.5025557298489297e-40
L1cam,13.480387,0.2899825,2.0403550889477825e-41,1.5330690022725785e-40
Psmd4,13.459572,0.354035,2.7047840232249203e-41,2.0311873430862595e-40
Cpeb4,13.45702,0.30650863,2.7998136033303653e-41,2.101396872971611e-40
Dennd4c,13.456651,0.40993372,2.8138351315992015e-41,2.1107622284486604e-40
Cd38,13.4488735,0.19808695,3.125999416718488e-41,2.3436426548040196e-40
Zfand2b,13.448116,0.7086537,3.158152518135088e-41,2.36645127043821e-40
Insig2,13.44063,0.3605759,3.494480997389937e-41,2.6170332770705034e-40
Leprotl1,13.436231,0.31818125,3.7085338414741294e-41,2.7758182967793493e-40
Taf10,13.419947,0.46418324,4.620479224915023e-41,3.4565127680915174e-40
Tmem238,13.4034195,0.8728577,5.774016793683879e-41,4.317095661762003e-40
Psmc1,13.401469,0.3648926,5.927767634136496e-41,4.429629639170306e-40
Rab17,13.398093,1.1253387,6.203622624142606e-41,4.633235356916993e-40
Ptprg,13.39392,1.0409105,6.562355758359741e-41,4.898483351286543e-40
Bdh1,13.387651,0.1677229,7.140275427806157e-41,5.3269648922667324e-40
Fau,13.379154,0.33771393,8.005353629376743e-41,5.969095467924043e-40
Ptpn9,13.375549,0.7952532,8.403044046902216e-41,6.262214024053831e-40
Gdi1,13.373583,0.26565707,8.628227676581463e-41,6.4265257885213245e-40
Copz1,13.367853,0.1242492,9.319188403181988e-41,6.937392564698622e-40
Dnajb9,13.364559,1.5443697,9.741079141319223e-41,7.247511276253557e-40
Idh1,13.355141,0.27335313,1.1054865822708354e-40,8.220516048153167e-40
Csnk2a1,13.353287,0.4755752,1.1333573614272572e-40,8.423185824737902e-40
Ccz1,13.349803,0.3113439,1.1876298091636407e-40,8.821747767687554e-40
Specc1,13.349707,0.99544865,1.189159236401768e-40,8.828313006402919e-40
Nlrp6,13.347416,0.29456836,1.2262910040900222e-40,9.099039327689124e-40
Api5,13.346914,0.3049212,1.234577653290004e-40,9.15555824769024e-40
Puf60,13.34361,0.18536276,1.290556521628764e-40,9.565507009904253e-40
Ap2b1,13.341164,0.21170098,1.333606634911007e-40,9.879236583102936e-40
Cox15,13.338973,1.2331812,1.3733795732401634e-40,1.0168362568521513e-39
Slc6a8,13.330188,0.072895415,1.545083021774901e-40,1.1433447144357019e-39
Slc12a7,13.329955,0.20079806,1.549906610602896e-40,1.1462938290965173e-39
Ghitm,13.328433,0.2724461,1.5818432456904337e-40,1.1691290684000166e-39
Med15,13.3284025,0.5027765,1.5824920699147575e-40,1.1691290684000166e-39
Zdhhc13,13.317212,0.26551384,1.8384455571683616e-40,1.3574915223691871e-39
Bcl2l2,13.31677,0.6942767,1.8493753813260504e-40,1.3648250588037634e-39
Hnf4g,13.314966,0.5185807,1.8945723818031884e-40,1.3974259612275405e-39
Ube2d2a,13.310671,0.1167989,2.006721974264839e-40,1.4790363920999622e-39
Atp6v1a,13.310646,0.40367338,2.0073795566636416e-40,1.4790363920999622e-39
Lonp2,13.302128,0.43667176,2.2497326017912598e-40,1.6567093876949637e-39
Dab2ip,13.29806,0.45881364,2.3755068840799384e-40,1.748388409030848e-39
Ganab,13.294313,0.40880054,2.4975557264662696e-40,1.8372283248749993e-39
Wdr45,13.282476,0.8525389,2.925571464124724e-40,2.150924181285247e-39
Pi4ka,13.281036,0.5915704,2.9823881326686163e-40,2.191518415596095e-39
Trappc3,13.279634,0.52737206,3.038728816602861e-40,2.2317194719142925e-39
Usp15,13.27795,0.43563396,3.1078717499733635e-40,2.2812746205521063e-39
Adam10,13.274831,0.63088644,3.2400157181087055e-40,2.3769965099322183e-39
Hspb11,13.267557,0.3232755,3.570320018097057e-40,2.6179156164867162e-39
Naxe,13.26692,0.20304371,3.6007648843271216e-40,2.638824211852807e-39
Acp6,13.265093,0.31150746,3.689639026006741e-40,2.7025074279936896e-39
Suds3,13.262741,0.16069125,3.807221555098506e-40,2.7871389061012885e-39
Lrba,13.262202,0.27933,3.834664168685287e-40,2.8057267258839647e-39
Kmt5b,13.262145,1.0223283,3.837586261507829e-40,2.8063632153005113e-39
Pdlim5,13.260164,0.52886426,3.9403017403972e-40,2.8799372688365425e-39
Nras,13.252774,0.66468835,4.348269040673842e-40,3.1764198253854053e-39
Tacc2,13.247879,0.4765246,4.641378144001767e-40,3.388726434555481e-39
Ddx23,13.24713,0.62794346,4.687899071886184e-40,3.420865518038611e-39
Hsd17b7,13.242583,1.0303451,4.980575245797468e-40,3.6324995459349533e-39
Mff,13.238695,0.22673081,5.245204366477376e-40,3.823463204241904e-39
Daglb,13.234909,0.436197,5.516317511128859e-40,4.018947360931654e-39
Jak2,13.234377,1.1065307,5.555544059129846e-40,4.045370873727404e-39
Dnajc4,13.229113,0.4215311,5.958699504188526e-40,4.336626701425124e-39
Sf3b1,13.227943,0.2817552,6.0520763489365136e-40,4.402241705941852e-39
Mindy3,13.221451,0.68079907,6.597902809307962e-40,4.7967209419078354e-39
Akap9,13.2205715,0.47558123,6.675479650695079e-40,4.850541138323869e-39
Hadhb,13.220312,0.29100493,6.698511244220369e-40,4.864691516978945e-39
E2f4,13.219974,0.13972881,6.728734709956193e-40,4.884047089100369e-39
S100a1,13.214864,0.1777327,7.201629748906525e-40,5.224524499538288e-39
Ecpas,13.210841,0.55328476,7.597031915488568e-40,5.505533197896458e-39
Akt1,13.207698,0.13768142,7.920977565748021e-40,5.737254672224798e-39
Hs6st1,13.207339,0.3707319,7.958838993577758e-40,5.7616264286488e-39
Gemin7,13.205174,0.41631326,8.190925729581382e-40,5.926503140318804e-39
Lpp,13.190769,0.15343462,9.916762108694901e-40,7.171428970724631e-39
Stat1,13.190702,0.50654733,9.92562144876862e-40,7.174041929805014e-39
Ppp2r3a,13.19062,1.9099387,9.936370594477748e-40,7.178017320627745e-39
Ap3b1,13.188867,0.116126604,1.0170297554794248e-39,7.343126666410314e-39
Psmd11,13.1689825,0.48202488,1.3237004166409333e-39,9.55229720188114e-39
Rhot2,13.16745,0.5345173,1.3508293254997327e-39,9.742927756439263e-39
B4galt4,13.167016,0.3634324,1.3586238179271993e-39,9.793980342727703e-39
Ppp2r5e,13.1666975,0.69637173,1.3643608154380222e-39,9.830154979512622e-39
Pum2,13.166642,0.15046225,1.3653561997685395e-39,9.832146409602304e-39
Lgals9,13.158057,0.15019374,1.5296935716549367e-39,1.1009768206516452e-38
S100a10,13.149398,0.48436403,1.715350370011466e-39,1.23395141030546e-38
Eea1,13.145959,0.4248585,1.7951576085960626e-39,1.2906824551814487e-38
Dera,13.143978,0.49701026,1.8427843925038846e-39,1.3242289315549458e-38
Cc2d1a,13.140982,0.8788581,1.9172361599847792e-39,1.3770065382243622e-38
Plcd1,13.135468,1.0338911,2.0621295524898503e-39,1.4802950987033438e-38
Ptpn23,13.129922,0.5761153,2.2188621689944996e-39,1.5919695782266413e-38
Crbn,13.125568,0.6591442,2.3501222429061662e-39,1.685260706436383e-38
Panx1,13.125006,0.8932992,2.3676530537382074e-39,1.6969421126766239e-38
Psmc5,13.124151,0.32317442,2.394515692701456e-39,1.7152960763589528e-38
Snx12,13.120414,0.4530372,2.5155716107003062e-39,1.8010702500694603e-38
Cryzl1,13.118234,0.563345,2.589000956720878e-39,1.8526733690820516e-38
Scyl2,13.117528,0.46860573,2.6132211242917036e-39,1.8690271377975441e-38
Pigq,13.112977,0.48152283,2.7748932866818858e-39,1.9836207890943432e-38
Atp8b1,13.107314,0.24828821,2.990008803506621e-39,2.136278494668393e-38
Rnf130,13.101398,0.1815346,3.232453534727784e-39,2.3082925372011722e-38
Foxj3,13.100315,0.84444124,3.278917611753645e-39,2.3402504353199947e-38
Saa1,13.093178,0.10284111,3.6021407506364785e-39,2.5696022308270133e-38
Rnf141,13.092934,0.50903344,3.6137705979766325e-39,2.5765543757732243e-38
Clca4a,13.091177,1.2869866,3.6983168412685636e-39,2.6354602816231164e-38
Abracl,13.089396,0.53303856,3.786049343545682e-39,2.6965742069264165e-38
Zfp36l2,13.08825,0.12635511,3.843619430659073e-39,2.7361528221896313e-38
Med8,13.088113,0.4182569,3.8505405762198387e-39,2.739653609771399e-38
Ralb,13.070895,0.7189728,4.829390816798722e-39,3.434317182512872e-38
Atn1,13.047857,0.12992567,6.535989677951975e-39,4.643099160830818e-38
Ndufs5,13.041644,0.51667047,7.091137669921448e-39,5.034262366227772e-38
Adipor2,13.041614,0.46885997,7.093984336176173e-39,5.034262366227772e-38
Sdc1,13.031253,0.14625594,8.126204257128288e-39,5.763788548559613e-38
Psmb10,13.030307,0.44954214,8.22763910443215e-39,5.832709422141506e-38
Dpm1,13.029802,0.70072424,8.282148063978371e-39,5.868309573829235e-38
Aplp2,13.028869,0.21629253,8.384173192924629e-39,5.937522962881631e-38
Laptm4b,13.022885,0.22991833,9.067814093142647e-39,6.418341497087251e-38
Trappc6b,13.01914,0.6416336,9.523675515134361e-39,6.73752005532656e-38
Narf,13.016314,1.0079395,9.882833672330583e-39,6.987991234184112e-38
Vrk3,13.014104,0.49799228,1.0172819394540585e-38,7.189318099242506e-38
Acot13,13.013874,0.18001802,1.0203559581442005e-38,7.207318041127036e-38
Tmem164,13.011544,0.1085157,1.0519455901027926e-38,7.426616388567729e-38
Dyrk1a,12.996614,0.4883527,1.2787980902018608e-38,9.023510775805183e-38
Slc4a7,12.996401,0.32216063,1.2823836232326206e-38,9.044144428935578e-38
Ncoa2,12.9925165,0.6369009,1.3491628476798635e-38,9.510207186609347e-38
Capn2,12.989961,0.33972943,1.3949842456526345e-38,9.828134754920029e-38
Tollip,12.989459,0.90886176,1.404160355569113e-38,9.887689424514737e-38
Adar,12.982297,0.5691571,1.5418567622737673e-38,1.0851719621252582e-37
Gpd2,12.981914,0.9486115,1.549597245305706e-38,1.090058761808412e-37
Impa1,12.971786,0.43095666,1.7686078496999493e-38,1.2434813544805555e-37
Arf4,12.968039,0.1658327,1.857216137714227e-38,1.3051094904029833e-37
Zmat2,12.95222,0.37513217,2.282564608649147e-38,1.6031880340666195e-37
Paqr8,12.951359,0.57146454,2.3083069325656676e-38,1.6204362065110628e-37
Birc6,12.9489355,0.4715727,2.382336131345498e-38,1.6715467725063974e-37
Mdh1,12.945652,0.3198805,2.486442031476151e-38,1.743697168227506e-37
Tfg,12.944859,0.16903779,2.51226651430117e-38,1.760904386625756e-37
Psme1,12.93439,0.10156752,2.87899728881538e-38,2.016920487938029e-37
Ndel1,12.933778,0.6769986,2.902010648218674e-38,2.032001823573496e-37
Inpp5a,12.929556,0.9466199,3.0658650897621087e-38,2.145634856831977e-37
Dhcr7,12.925951,0.10299714,3.2129895293236845e-38,2.2474491976215543e-37
Rnf187,12.918181,0.74259675,3.5544371395175603e-38,2.485016762929583e-37
Ppp1r10,12.915563,0.4339181,3.6774817378662e-38,2.5697272746714504e-37
Acads,12.9053955,0.13348368,4.1965421405669595e-38,2.9309353305542986e-37
Sptlc1,12.9046,0.72608435,4.240105543901065e-38,2.959849071610366e-37
Nelfb,12.902619,0.60412973,4.350530078280947e-38,3.035382592882242e-37
Raf1,12.900721,0.24498396,4.4590889347206524e-38,3.1095380511119285e-37
Ap1g1,12.890213,0.3364928,5.110229821119489e-38,3.5617937208873097e-37
Adcy6,12.889853,0.37883434,5.134210076172423e-38,3.5766848085409013e-37
G3bp2,12.878921,0.18156531,5.915697122597173e-38,4.1189999058816876e-37
Ogdh,12.878652,0.29465407,5.936369290318674e-38,4.131290078631444e-37
Dcaf15,12.877499,0.7385957,6.025666986827988e-38,4.191301935141035e-37
Caprin1,12.8734865,0.08016723,6.347093670301722e-38,4.412633754009967e-37
Man2b2,12.870139,0.5870761,6.628248411909931e-38,4.605756963052251e-37
Ptpra,12.860348,0.717373,7.5237036629429e-38,5.225324915731039e-37
Fh1,12.857822,0.19775233,7.773540589429771e-38,5.396099876165081e-37
Prkcsh,12.856789,0.33461058,7.878221312029988e-38,5.465990687062917e-37
Upf3a,12.856219,1.0793506,7.936423178274882e-38,5.503579460593764e-37
Ypel3,12.853207,0.2069609,8.251733661392288e-38,5.719333898608187e-37
Slain2,12.847793,0.33015582,8.849920103194427e-38,6.130833708773242e-37
Cdk5,12.844668,0.92470074,9.214639840193278e-38,6.38026328175408e-37
Sash1,12.840421,0.38544375,9.734356912974245e-38,6.736707023528483e-37
Pdpk1,12.835787,0.31094193,1.033479503940916e-37,7.148625299136078e-37
Mapk14,12.835387,0.45109412,1.038828666968262e-37,7.181992932654694e-37
Map3k11,12.828865,0.7828711,1.1300688062226493e-37,7.808838264322755e-37
Erbb2,12.825791,1.1376386,1.1757976945187496e-37,8.120723976032273e-37
Ngef,12.81672,0.55968523,1.3217399606355844e-37,9.124075699995768e-37
Zfp91,12.815576,0.35043463,1.3413858921565357e-37,9.255021228678419e-37
Srcap,12.813365,0.40985566,1.380172998390337e-37,9.517834469484547e-37
Nmi,12.809216,0.7844388,1.455985571830183e-37,1.003558603567427e-36
Arl8a,12.807455,0.7143508,1.489389461486894e-37,1.0260655358102407e-36
Papss1,12.805581,0.0812607,1.5257987499470578e-37,1.0506192298854991e-36
Ndufa11,12.797984,0.08297725,1.6826178178780963e-37,1.158017043758579e-36
Acy3,12.796836,0.5935636,1.7076810175013055e-37,1.1746749453888507e-36
Cd2ap,12.795412,0.072474346,1.7392698280952226e-37,1.1958026595878418e-36
Pik3c2b,12.791934,0.9867243,1.8188950503481051e-37,1.249919086106047e-36
Scfd1,12.791302,0.31730273,1.8337568485000407e-37,1.2594989906196914e-36
AA986860,12.787145,0.6005835,1.934511690571433e-37,1.3280345064540335e-36
Cnot6l,12.784904,0.32755777,1.991108498114875e-37,1.3662021430868498e-36
Rbm5,12.780256,0.56410676,2.113716729443135e-37,1.4496026216216083e-36
Llgl2,12.779386,0.45062476,2.1375205404490165e-37,1.4651926511599149e-36
Nsmce4a,12.775828,0.3051196,2.2375409005643166e-37,1.5329845598806125e-36
Frmd8,12.765531,0.79053825,2.5540350423821186e-37,1.7489448775450913e-36
Tcea1,12.761804,0.4127058,2.679231958728001e-37,1.8337586103906616e-36
Tlr3,12.761629,0.380157,2.685273216953245e-37,1.8369740491163392e-36
Cnih1,12.751779,0.07076076,3.0471390835065875e-37,2.0834813483476293e-36
Psmc3,12.747152,0.108780146,3.2334345387461743e-37,2.20975598787376e-36
Shoc2,12.745539,0.4139823,3.3010356238804586e-37,2.2548282795487146e-36
Errfi1,12.740284,0.93515307,3.531075572048985e-37,2.410756787207682e-36
Prkar1a,12.737259,0.34324956,3.670664656181256e-37,2.504807343975982e-36
Pyroxd1,12.723921,0.9598375,4.354518593281678e-37,2.9699771452931147e-36
Csde1,12.713223,0.7455746,4.993283688355534e-37,3.4039458842603155e-36
Ptcd2,12.712328,0.441548,5.050803968743296e-37,3.4414421660470636e-36
Pnpla2,12.709297,0.19581172,5.250439827650193e-37,3.5756854901950394e-36
Ndufa12,12.700369,0.17811017,5.885190037237805e-37,4.0059718147947726e-36
Chmp2a,12.698313,0.25055844,6.041852646120023e-37,4.110563927148822e-36
Ubxn1,12.696003,0.4704441,6.222732871168716e-37,4.2315202393452115e-36
Bmpr1a,12.69359,0.09438959,6.417515150810921e-37,4.361805153446289e-36
Atg5,12.693508,0.65953344,6.4242060503864886e-37,4.364183692947602e-36
Trim26,12.689917,0.69396377,6.725747248781889e-37,4.566762344940036e-36
Appl1,12.686693,0.39805648,7.008246093371793e-37,4.7562166415314766e-36
C1galt1,12.679024,0.1553247,7.728843856854551e-37,5.2426557411947414e-36
Asap1,12.6740465,1.2946737,8.235388698374697e-37,5.583487379785522e-36
Rap1gds1,12.67052,0.37720266,8.614173315338789e-37,5.837404365077203e-36
Arfip1,12.669429,0.39641708,8.73485060194723e-37,5.9162497266779776e-36
Nipal2,12.669257,0.9446485,8.753950078969494e-37,5.9262508579162293e-36
Socs4,12.667207,0.69205755,8.985706231813464e-37,6.08013521623202e-36
Ston2,12.661671,0.39328474,9.642481263464645e-37,6.521312130458904e-36
Cops7a,12.6605425,0.3499268,9.782044626934535e-37,6.612430067885802e-36
Arhgap12,12.660051,0.5027352,9.843493382789507e-37,6.650680435259215e-36
Bpgm,12.652006,0.3520486,1.0905392631312709e-36,7.364505888059323e-36
Ube2v1,12.649923,0.39512873,1.1198364513049025e-36,7.558619679957819e-36
Krtcap3,12.646576,0.46910793,1.168571775576681e-36,7.883679837696652e-36
Slc39a14,12.644539,0.7411065,1.1992668984538361e-36,8.086772601753553e-36
Arpc5l,12.644398,0.756668,1.2014163268553325e-36,8.097273666706097e-36
Bspry,12.642605,0.06916685,1.2291355647973001e-36,8.280014211134522e-36
Zfr,12.638516,0.32289237,1.2947308809488459e-36,8.717599604616184e-36
Uqcrfs1,12.636365,0.4485634,1.3306493842280985e-36,8.955034610885455e-36
Prlr,12.6301985,1.2577152,1.4391477668162104e-36,9.680445504777017e-36
Mex3c,12.625139,0.36276615,1.534688380202426e-36,1.0318025368371767e-35
Yipf6,12.620758,0.21095596,1.6225164572500067e-36,1.0903151131643164e-35
Farp2,12.62067,0.25762525,1.624324721537785e-36,1.0909941339405309e-35
Prkca,12.610531,0.38842762,1.8474533377778548e-36,1.2402515657394287e-35
Plxna2,12.604529,0.84604245,1.993592469481019e-36,1.337702503442244e-35
Ift46,12.596568,0.4742748,2.2053384474295663e-36,1.4790585222461657e-35
Ube3a,12.594536,0.2815107,2.2628618104870223e-36,1.516893885216178e-35
Oas1a,12.59095,0.09727485,2.368056024170961e-36,1.5866323434854428e-35
Selenos,12.581959,0.87838674,2.6536787205439217e-36,1.7771330315101924e-35
Mlycd,12.578887,0.9757418,2.7589078089598298e-36,1.8466991819640564e-35
Fam114a2,12.573914,0.54787415,2.9381177451985665e-36,1.9656927673967905e-35
Tgfa,12.570527,1.159876,3.066712531806467e-36,2.0507234167458895e-35
Cdk11b,12.570423,0.86328685,3.0707506628595284e-36,2.0524201033530817e-35
Pcsk7,12.566988,0.78060347,3.2070976708218366e-36,2.142504184098125e-35
Mtfr1,12.558301,0.45013845,3.579377763066269e-36,2.3900386186489857e-35
Lamtor5,12.557515,0.36934626,3.615076045523095e-36,2.411520240123333e-35
Spsb3,12.554692,0.6631422,3.746351270080073e-36,2.497871946286933e-35
Rasa1,12.551479,0.43875885,3.9015144950073074e-36,2.6000590019115463e-35
Eif3k,12.550576,0.061908092,3.946296630589213e-36,2.628621842343278e-35
Stat3,12.545705,0.27712992,4.196640568105267e-36,2.794014594393356e-35
Fam83b,12.541613,0.5899965,4.4190902830579775e-36,2.9406841664631555e-35
Phlpp2,12.535973,0.86896205,4.74503334886038e-36,3.156047229847553e-35
Ndufa10,12.535351,0.28678778,4.782419105825451e-36,3.1793671012232887e-35
Kdelr1,12.534002,0.19300218,4.864449618341944e-36,3.2323298605843576e-35
Tmem115,12.528547,0.50634366,5.2108099356680635e-36,3.4607977596046996e-35
Stk10,12.524184,1.9405738,5.5054265370777134e-36,3.6546945579872686e-35
Ndufs1,12.522382,0.36244276,5.63196574245026e-36,3.736881685007632e-35
Sfn,12.52098,0.40736184,5.732297836934796e-36,3.801608774009861e-35
Znhit1,12.516417,0.59982646,6.071468259638782e-36,4.0245917814134926e-35
Ifnar1,12.513574,0.62862223,6.292833807034141e-36,4.169307282518986e-35
Lrrc47,12.513086,0.2967005,6.331584089521149e-36,4.19294975419863e-35
Tsc2,12.50733,0.73487115,6.807456593929671e-36,4.5059036264273114e-35
Cldn23,12.503737,0.1581961,7.12225104762453e-36,4.7119875702111965e-35
Irf9,12.503197,0.5142984,7.170858146159852e-36,4.7418513128015464e-35
Cdc37,12.501612,0.2776694,7.31528626944541e-36,4.835018836861575e-35
Ppp5c,12.500503,0.23965049,7.4181213178412e-36,4.900618793308136e-35
Nub1,12.497949,0.49127716,7.660283113322852e-36,5.058154107903911e-35
Cul4a,12.497387,0.27163705,7.714516931216856e-36,5.091506710153982e-35
Cyb561,12.49383,0.1686931,8.067451644097958e-36,5.321871743031336e-35
Slirp,12.490172,0.14244175,8.447032320950194e-36,5.56958375067473e-35
Wdtc1,12.485128,0.19786724,8.9998506622763e-36,5.931226882247152e-35
Gnai2,12.484147,0.89897364,9.111478444025028e-36,6.001901142680263e-35
Pfdn1,12.471871,0.490748,1.063002558903151e-35,6.998825225325271e-35
Trappc8,12.466712,0.5413955,1.1340912821551993e-35,7.463281175876973e-35
Morf4l1,12.466594,0.49747542,1.1357758654642688e-35,7.470771986639671e-35
Nagk,12.4659395,0.63159454,1.1451442239878232e-35,7.52877272261225e-35
Hps5,12.4633875,0.28618595,1.1823930469276994e-35,7.769930281949201e-35
Ccdc47,12.453417,0.30531618,1.3398389515593862e-35,8.79611025567672e-35
Nfkb2,12.443338,0.6774414,1.5201568196076924e-35,9.975117326360456e-35
Cog6,12.438328,0.40034878,1.618560932411008e-35,1.0615741367252054e-34
Eci3,12.435636,1.0765862,1.6740380475575587e-35,1.097433859077163e-34
Tmcc1,12.434932,0.93387073,1.6888465757577234e-35,1.1066112565159017e-34
Dop1b,12.414994,0.92128146,2.1670139855435592e-35,1.4192488626584373e-34
Sbno2,12.411557,0.22603428,2.2620904713763506e-35,1.4808083865998848e-34
Sept2,12.404479,0.2156061,2.4711388188660497e-35,1.6168814999039823e-34
Sema6d,12.401679,0.66618866,2.5590578460101304e-35,1.673606697474344e-34
Ndufa7,12.40039,0.1646608,2.600565347320257e-35,1.6999393463004073e-34
Nsdhl,12.3950615,0.32250017,2.779326556725065e-35,1.8159240641765533e-34
Ubxn8,12.391496,0.7587552,2.905723562238389e-35,1.897601227966092e-34
Psme4,12.3874445,0.29980204,3.056273119814809e-35,1.9949658669912894e-34
Pck1,12.376903,0.50362927,3.4853470049395233e-35,2.273956120827671e-34
Coq7,12.375161,1.0918527,3.56179913509503e-35,2.3227278575309745e-34
Atl3,12.3666115,0.6056584,3.961828977827696e-35,2.582364693603134e-34
Npepps,12.365894,0.33117622,3.9973926751842796e-35,2.604304184523346e-34
Gcnt2,12.355079,1.7324542,4.5730798781982767e-35,2.9779460635410207e-34
Gbf1,12.348056,0.095423706,4.990294427502558e-35,3.2480854971964528e-34
Man1a2,12.346956,0.59957606,5.058947713718563e-35,3.2912040906327952e-34
Arpc1a,12.345269,0.3633284,5.166112751275586e-35,3.359324387717244e-34
Ascc2,12.338091,0.48249838,5.647908017190815e-35,3.6708717744811973e-34
Pparg,12.315751,0.30209735,7.451834180241765e-35,4.841037169349461e-34
Dld,12.308481,0.1446347,8.154350099381117e-35,5.294906819042582e-34
Pgap1,12.298641,1.0308353,9.211103913775203e-35,5.978255625100897e-34
Drap1,12.297558,0.3631299,9.33543446316304e-35,6.056075250652494e-34
Tm2d3,12.297109,0.32685655,9.387433369247145e-35,6.086920404194153e-34
Pcyt1a,12.296258,0.61078614,9.486785837019851e-35,6.148426365935851e-34
Efcab14,12.293592,0.48039746,9.805004047181042e-35,6.351654682387529e-34
Mtm1,12.2901325,1.1446674,1.0233790081790777e-34,6.6262821670686026e-34
B3gnt3,12.28993,0.18105127,1.0259387130914422e-34,6.639712210849726e-34
Rprd2,12.277672,0.5811188,1.193851696217781e-34,7.722763455902628e-34
Tnrc18,12.273437,0.46506155,1.2579814393383865e-34,8.129913129939714e-34
Nxf1,12.272315,0.38312495,1.2755374829643286e-34,8.239478072525835e-34
Rab4b,12.270983,0.6149003,1.2966975938951043e-34,8.372209441225473e-34
Calm2,12.2701,0.081468455,1.31092064605072e-34,8.46004711408381e-34
Foxn3,12.266004,0.6712721,1.3789314243333273e-34,8.894758126301061e-34
Txndc15,12.245627,0.44204858,1.7729990549212023e-34,1.1431288107518833e-33
Pmm1,12.24265,0.5636989,1.8392859834752508e-34,1.1853080030171561e-33
Ptk2,12.241487,0.7618838,1.8658282691655711e-34,1.2018465181742432e-33
Rap1gap2,12.239347,0.79628545,1.9156737899034884e-34,1.2333728378969023e-33
Lrrc66,12.229668,0.33525965,2.1581856159169534e-34,1.3888559198900867e-33
Chmp6,12.223488,0.90457743,2.328758694465925e-34,1.497919809351906e-33
Eif3c,12.221884,0.0939315,2.375152243750844e-34,1.527043109228622e-33
Fbxw5,12.220046,0.80546296,2.4294641071996205e-34,1.561227521896373e-33
Ubxn4,12.215808,0.12747592,2.55947462413929e-34,1.6440026061580455e-33
Coprs,12.21576,1.1506383,2.5609516287944533e-34,1.6441790386743733e-33
Kctd2,12.214502,0.48826516,2.6008914682533494e-34,1.66903757993264e-33
P2rx4,12.208519,0.24185556,2.799377389128379e-34,1.7955668760004962e-33
Pih1d1,12.207012,0.560942,2.8517170668407125e-34,1.828280866809505e-33
Dcxr,12.206251,0.50391805,2.8785028030602665e-34,1.8445888393556303e-33
Grn,12.206157,0.059889153,2.8818234024787432e-34,1.8458517577937617e-33
Snx2,12.205682,0.35142222,2.8987015040637096e-34,1.855793214797342e-33
Paip1,12.204285,0.28524348,2.9488925065142087e-34,1.8870428182771085e-33
Nf2,12.197196,0.29975167,3.217120944167331e-34,2.0577235225204984e-33
Tm9sf1,12.18347,0.39361537,3.807309080001113e-34,2.4340790869104823e-33
Sec11a,12.181463,0.06474353,3.902189486652732e-34,2.4935720200923417e-33
Ppp4r3b,12.176316,0.5260166,4.156333583915547e-34,2.6547343185448438e-33
Dgkh,12.176221,0.3107165,4.161220698934662e-34,2.6566149886989496e-33
Tspan31,12.175876,0.088065095,4.1788407296591165e-34,2.6666190843718347e-33
Sirt2,12.1734,0.49335763,4.307610273704208e-34,2.747507952094452e-33
Mat2b,12.168563,0.3493672,4.57057759488438e-34,2.913876392076638e-33
Bud31,12.166464,0.121611275,4.689609123247969e-34,2.9883692805412847e-33
Vps13d,12.148132,0.2568299,5.869116620047727e-34,3.738247311558112e-33
Smg1,12.147247,0.5753912,5.933001395134911e-34,3.7771784952732726e-33
Capns1,12.146714,0.077487566,5.971752699157e-34,3.800079951650627e-33
Spin1,12.1462145,0.34187976,6.008357179311575e-34,3.821594624515618e-33
Wdr26,12.146076,0.31851026,6.018556246156099e-34,3.826302030041128e-33
Crebrf,12.143137,0.93004876,6.238776033268368e-34,3.9644638594305265e-33
Crim1,12.140505,0.92289126,6.442699346748547e-34,4.092146473143817e-33
Fmn1,12.13588,0.7433955,6.817235832348995e-34,4.328026926990367e-33
Smpd1,12.134143,0.6140596,6.963521158872756e-34,4.41884695348422e-33
Ehhadh,12.130629,0.57090765,7.268950364724489e-34,4.6105239442303985e-33
mt-Co1,12.1290455,0.16569434,7.410819870642643e-34,4.698329241123697e-33
Maf1,12.126017,0.60926056,7.690021675421343e-34,4.8730790737435985e-33
Pcbp1,12.120583,0.091494404,8.21732858217711e-34,5.204815579493838e-33
Csk,12.117178,0.5306957,8.565827821986401e-34,5.423041456743706e-33
Pet100,12.1168375,0.49460033,8.601496459341747e-34,5.4431033818370374e-33
Rdh14,12.104059,0.80483645,1.005146472076845e-33,6.357714156175234e-33
Rab24,12.102671,0.6369934,1.0223046995862208e-33,6.463253244032163e-33
Zfp384,12.095913,0.7894724,1.1100190083705135e-33,7.014560970178731e-33
Tln1,12.092557,0.6272537,1.1563093297827506e-33,7.30370904608735e-33
Fam214b,12.088606,0.75913346,1.2132800101295426e-33,7.660020377895427e-33
R3hdm4,12.085846,0.094566464,1.2547196061624308e-33,7.917992899986729e-33
Kidins220,12.079504,0.39384434,1.3553452771479381e-33,8.54905288975925e-33
Nsd1,12.076167,0.18282217,1.4114739655572862e-33,8.898988694788331e-33
Gga1,12.067492,0.39550182,1.5684241982265285e-33,9.879410829455447e-33
Ggact,12.067245,0.20202628,1.573134395018516e-33,9.904517887605067e-33
Mtpn,12.065378,0.59737986,1.6092106186451843e-33,1.0126992733535617e-32
Irf1,12.064738,0.22093761,1.6217793042346093e-33,1.0201394657501508e-32
Dazap1,12.064124,0.18737385,1.6339191502655603e-33,1.0273031898796109e-32
Trappc1,12.062696,0.36146247,1.6625015073790642e-33,1.0447935713882677e-32
Usp5,12.06066,0.59791875,1.7041125397907233e-33,1.0704519513843887e-32
Tubb2a,12.05979,0.75842685,1.7222305195077636e-33,1.0813361962474135e-32
Fkbp2,12.0570135,0.12436598,1.7812654334518413e-33,1.1178891602778306e-32
Trim14,12.055712,0.24480246,1.8096271097461515e-33,1.135167464485258e-32
Atad1,12.054643,0.19174795,1.8332561544951884e-33,1.1494625361174553e-32
Psmd2,12.050045,0.27163285,1.9384409787821758e-33,1.2148570295529905e-32
Slc25a17,12.04987,0.14819078,1.942570820223822e-33,1.216887584359174e-32
Lyrm2,12.048964,0.67972636,1.964031760123785e-33,1.2297680549309871e-32
Ogt,12.042048,0.42155394,2.1358413975483097e-33,1.3367336893122717e-32
Acaa2,12.036301,0.08406825,2.289963208475201e-33,1.4325364536092577e-32
Prr14,12.035624,0.42917055,2.3088332124409604e-33,1.4436805752231427e-32
Mapre2,12.034228,0.57645726,2.3481982068043023e-33,1.467623879252689e-32
Prdx1,12.033637,0.086093985,2.365088605615857e-33,1.4775051019550865e-32
Plpp6,12.028431,1.032408,2.5190242409649224e-33,1.5729523513787817e-32
Bloc1s6,12.01762,0.6429147,2.8712307014565858e-33,1.7920620649209864e-32
Sec16a,12.015969,0.6518468,2.9291333729321763e-33,1.8273676493999777e-32
Id1,12.013057,0.118587635,3.0341841092960395e-33,1.8920413905437e-32
Klhdc3,12.009736,0.30678746,3.158518999538178e-33,1.968675812155177e-32
Ptgfrn,12.005371,0.7957483,3.329684836756796e-33,2.0744164074099858e-32
Cacul1,12.0037775,0.5471233,3.3944207729459835e-33,2.1137843383440952e-32
Ppp1r15b,12.003514,0.5221272,3.4052330286951676e-33,2.119552192417224e-32
Kras,12.002882,0.37866166,3.4313560399874655e-33,2.1342905265401368e-32
Rabif,12.002866,0.8067739,3.432032810136571e-33,2.1342905265401368e-32
Fdft1,12.002072,0.26426208,3.465101202972066e-33,2.1538754068474092e-32
Atp6v0e2,12.00064,0.36943328,3.525580148366554e-33,2.19047289999603e-32
Pno1,11.998684,0.33550233,3.609897976672865e-33,2.2418417271117816e-32
Cytip,11.992987,1.7802105,3.8670471253184534e-33,2.4004479999423445e-32
Ahcyl1,11.98617,0.040624365,4.1987477968695126e-33,2.6051667932028397e-32
Pura,11.96378,0.13980709,5.4999570307722907e-33,3.410971083710253e-32
Rab20,11.962524,0.38701713,5.583836024249815e-33,3.4614214701548604e-32
B4galt5,11.959695,0.23070297,5.777379464118297e-33,3.5797763557688134e-32
Atf2,11.956637,0.11211118,5.994047814279795e-33,3.712346189324103e-32
Mob4,11.950275,0.33330214,6.471076892541402e-33,4.0059744909689306e-32
Dpp8,11.949773,0.41828293,6.510266906148303e-33,4.028411762062354e-32
Osbpl3,11.943611,1.1678023,7.011198211422065e-33,4.336414995079002e-32
Rheb,11.942159,0.08778948,7.134726448637226e-33,4.4108220698514497e-32
Sar1a,11.940056,0.0851991,7.317439955813772e-33,4.521734812279861e-32
Cox6b1,11.937265,0.34374115,7.567068507488223e-33,4.6738781318835343e-32
Fbxo38,11.935472,0.5065974,7.731910040338236e-33,4.773538140028234e-32
Dazap2,11.928457,0.19441028,8.411822832250196e-33,5.190960163854757e-32
Acap2,11.92655,0.3880065,8.606730586566956e-33,5.308842614853546e-32
Tmed3,11.925608,0.17529704,8.704686948633771e-33,5.366843734110317e-32
Tmem171,11.92489,0.04400345,8.78006280295407e-33,5.410876918900267e-32
Rnf4,11.923959,0.07717057,8.878673310397548e-33,5.469182771157048e-32
Sumo3,11.923507,0.06400934,8.927078354720046e-33,5.494319359801109e-32
Dnajc7,11.923502,0.027680531,8.927515625212477e-33,5.494319359801109e-32
Sidt2,11.922798,0.88986814,9.003263973218691e-33,5.538445111730346e-32
Pdia4,11.9180355,0.23282547,9.532988164986095e-33,5.861673253425578e-32
Sec13,11.912032,0.36046493,1.0244937482300672e-32,6.296607643616256e-32
Gas2l1,11.907153,0.84124357,1.0862297828868665e-32,6.67304235443751e-32
Rasa2,11.903709,0.91958725,1.1320058904048633e-32,6.951136305023128e-32
Bcl10,11.898741,0.5678419,1.20146354510259e-32,7.374333024810556e-32
Cdc42se1,11.897778,0.14563999,1.2154032040612296e-32,7.456545004727373e-32
Sem1,11.895812,0.4377098,1.2443741230878762e-32,7.63085925256803e-32
Tgfbi,11.892548,1.905999,1.29397989777556e-32,7.931499373411377e-32
Psma6,11.890706,0.21595082,1.3228379520657508e-32,8.104753133736175e-32
Crebbp,11.879781,0.46842387,1.5076258001366663e-32,9.232773317003542e-32
Carhsp1,11.877388,0.07634669,1.5513986326212954e-32,9.496587422155871e-32
Adprh,11.875463,0.6712537,1.5875405486267195e-32,9.713475168890555e-32
Noct,11.871511,0.52496797,1.6643390592123803e-32,1.0178817815174106e-31
Taz,11.868337,0.10204763,1.7286947011676278e-32,1.0567679945671574e-31
Hnrnpl,11.867407,0.06998234,1.7480186616324918e-32,1.0681034494112747e-31
Paqr5,11.860288,0.10323048,1.9031939165978215e-32,1.1624018226652615e-31
Snx1,11.849364,0.04231373,2.1682833788196672e-32,1.3237176430963816e-31
D17H6S53E,11.838792,0.9580173,2.459693560267091e-32,1.500950889631971e-31
Usp47,11.835258,0.2713452,2.565556540956858e-32,1.5648521720599925e-31
Tomm6,11.832727,0.59558284,2.644068840687986e-32,1.6120214621671068e-31
Ikzf2,11.827646,0.33662057,2.809072095503073e-32,1.7118565466133925e-31
Ptprj,11.82379,0.57364255,2.941122747339818e-32,1.7915302258294883e-31
Cdk2ap2,11.822527,0.14603241,2.9856732434136915e-32,1.8178575958896807e-31
Hipk3,11.821689,0.1636108,3.0156231403563823e-32,1.8352757652146653e-31
Eci2,11.8206215,0.3889808,3.0541662724595155e-32,1.8579058619165426e-31
Apobec1,11.81858,0.46208918,3.1293054239437427e-32,1.9027679712063442e-31
Lmna,11.814255,0.15129626,3.2945556363054487e-32,2.002357703398978e-31
Vps36,11.81421,0.42740893,3.2963151478845927e-32,2.0025370789569885e-31
Ubp1,11.813523,0.5045815,3.323384580824482e-32,2.0180854415086493e-31
Eif4g1,11.809331,0.19661643,3.493294866092625e-32,2.120319897639443e-31
Tbrg1,11.80807,0.07206464,3.546059048640524e-32,2.1513911929973012e-31
Eif1ad,11.805984,0.47599927,3.635146405099924e-32,2.204462398658158e-31
Tesk1,11.80207,0.9611481,3.808298238822797e-32,2.3084431921942266e-31
Egln2,11.798475,0.75593144,3.974484481852944e-32,2.4081114439228626e-31
Pak4,11.797023,0.4029756,4.043663111576725e-32,2.448941233428331e-31
Keap1,11.795442,0.4080446,4.1203224024767335e-32,2.4942633401447244e-31
Cds2,11.793638,0.2774509,4.209526537834472e-32,2.5471360798622304e-31
Entr1,11.789837,0.53776205,4.4039556582172733e-32,2.663604317829333e-31
Pafah1b2,11.785867,0.41237208,4.6164552334032446e-32,2.7908941342524037e-31
Mycbp,11.781712,0.32766777,4.8498026677916517e-32,2.9306695308020696e-31
Itgb5,11.775584,0.7167997,5.21545507324401e-32,3.150236224673668e-31
Cpt1a,11.774986,0.0871993,5.252552374386729e-32,3.17124298983393e-31
Metap1,11.770405,0.42138663,5.545761326560739e-32,3.346791091823394e-31
Trip10,11.769758,0.68962055,5.588432946988797e-32,3.3710551632144597e-31
Mpc2,11.766579,0.1137644,5.803082402570259e-32,3.498992586205833e-31
Slc35b1,11.765226,1.2133992,5.896829522626478e-32,3.5539508030814056e-31
Rasef,11.764283,0.15857756,5.96304306637619e-32,3.5922737415283876e-31
Pdzd11,11.751851,0.43739173,6.908887612898902e-32,4.160239458669859e-31
Psmd1,11.738239,0.2497245,8.115876466452321e-32,4.8848860333950475e-31
Lxn,11.736095,1.1075515,8.324184933167012e-32,5.008061106953757e-31
Pak1,11.723287,0.5761997,9.684014437712151e-32,5.823610265422765e-31
Ssr1,11.722006,0.0902431,9.831594406395642e-32,5.909760593734523e-31
G6pdx,11.719328,0.4245735,1.0147402944790357e-31,6.096912797452027e-31
Nol4l,11.717198,0.8704508,1.0405681554626725e-31,6.2493498137690155e-31
Fam135a,11.715605,0.14315966,1.0603153769367931e-31,6.365150473929168e-31
Mad2l1bp,11.713908,0.71199006,1.081761536140146e-31,6.491043881841376e-31
Ndufc2,11.713214,0.07595077,1.0906490514586688e-31,6.541502534516358e-31
Spcs3,11.712841,0.22366408,1.0954625981049492e-31,6.567492779081622e-31
Zc3h15,11.710795,0.3641388,1.1222220916501463e-31,6.724972437912248e-31
Glud1,11.70685,0.12181638,1.1756656873378478e-31,7.042149923059601e-31
Ndufb2,11.705093,0.7445584,1.2002640201491474e-31,7.18634434130455e-31
Hmgcl,11.701348,0.16961475,1.2544372370655473e-31,7.5074088476461085e-31
Tcf20,11.701204,0.7618883,1.2565802295038245e-31,7.516944286292564e-31
Dpp9,11.695305,0.42525542,1.3470287174832257e-31,8.054489598418502e-31
Echdc1,11.694917,0.47193748,1.3531923845941568e-31,8.087808504949778e-31
Dync1li2,11.687572,0.25130466,1.4754500053115493e-31,8.81466964728503e-31
Sept7,11.6859455,0.27275312,1.5039573041303863e-31,8.981055080341936e-31
Aven,11.685671,0.55056554,1.5088398865302543e-31,9.006279113182551e-31
Epha1,11.685067,0.6753431,1.5196005514789678e-31,9.066552155966354e-31
Mif4gd,11.684543,0.7035222,1.5290051992203293e-31,9.118685608084607e-31
Srf,11.683522,0.3992627,1.5474680673582898e-31,9.22477150005432e-31
Vps51,11.682399,0.5137041,1.5680705882114752e-31,9.343514289233954e-31
Tmed4,11.682132,0.35454494,1.5730087612441162e-31,9.368856624570249e-31
Rab11b,11.679261,1.0519778,1.6270303164434393e-31,9.68639076071573e-31
Cdc42ep5,11.677884,0.6923226,1.6535966889702257e-31,9.840267502901582e-31
Supt4a,11.673834,0.16173925,1.734284302392551e-31,1.031593642245243e-30
Entpd6,11.672765,0.41820922,1.7562174602579494e-31,1.0441858160446722e-30
Mia3,11.669068,0.5311607,1.834206936098214e-31,1.0900816971378998e-30
Tmem230,11.66732,0.8611179,1.8722809442018733e-31,1.1122259735864734e-30
Gbe1,11.661999,1.0002581,1.9930885756985004e-31,1.183477476017238e-30
Ptdss2,11.660095,0.40175876,2.0381432087007796e-31,1.2097052247822552e-30
Ppip5k2,11.654482,0.3952417,2.1770120872240553e-31,1.2915679085808657e-30
Tlnrd1,11.649627,0.5658303,2.304658089437045e-31,1.3667042225954723e-30
Zmynd11,11.646899,0.5709897,2.379596307009623e-31,1.4105322712768355e-30
Blmh,11.644282,0.19208384,2.4537808707304782e-31,1.4538757975406971e-30
Polr1d,11.643583,0.047499523,2.4739995307310278e-31,1.4652205969141103e-30
Zdhhc4,11.64041,0.45080766,2.5677557855735465e-31,1.5200891934077163e-30
Mtus1,11.639138,0.16601668,2.606363079393203e-31,1.5422767248248398e-30
Mindy1,11.638536,0.32744747,2.6248150041208525e-31,1.552523580508333e-30
Pdgfa,11.634379,1.2942507,2.7558813433811417e-31,1.6293418664391317e-30
Dnajc13,11.627105,0.46370444,3.0010316160161595e-31,1.7735137143051418e-30
Letm1,11.625124,0.87882286,3.071455521253485e-31,1.8143479159024365e-30
Dhx9,11.624715,0.024820814,3.086237172791961e-31,1.8222924584598474e-30
Psmd7,11.624574,0.084905945,3.0913277367045996e-31,1.8245104358841344e-30
Atxn7,11.621622,0.7390239,3.2000233140487827e-31,1.8878480940300736e-30
Fam102a,11.611753,-0.029658541,3.5917405476846856e-31,2.118027252677364e-30
Comt,11.611221,0.27229354,3.614176430177357e-31,2.1303389087360067e-30
Wdr13,11.607445,0.36028486,3.7773329293163648e-31,2.225550530305958e-30
Rnf114,11.6069355,0.019983942,3.7999224493700694e-31,2.2378957577577823e-30
Sys1,11.605179,0.4972865,3.8787519383143565e-31,2.283337613278038e-30
Rfc2,11.605032,0.18075773,3.8854170408480582e-31,2.2862770238208776e-30
Klf4,11.599404,0.28367406,4.149568627226212e-31,2.4406602570889656e-30
Dennd1b,11.594876,0.40793395,4.374997499629245e-31,2.572144918634133e-30
Aldh1b1,11.594474,0.01574523,4.3955795266084145e-31,2.583134938821232e-30
Clasp1,11.591382,0.7382842,4.557216510794398e-31,2.6769731866457643e-30
Slc26a1,11.589032,1.638782,4.683976689582585e-31,2.7502525216849232e-30
Cgrrf1,11.583097,0.93627155,5.019861441881112e-31,2.946206232520352e-30
Wapl,11.582105,0.37045217,5.0783833620664265e-31,2.9792746665061513e-30
Acadl,11.579928,0.07910965,5.208980964457875e-31,3.054580389749633e-30
Hsp90b1,11.578561,0.06465268,5.292685373067387e-31,3.1023348682681745e-30
Myo18a,11.576034,0.7407883,5.451009115391103e-31,3.1937681942147956e-30
Arpin,11.574604,0.32344225,5.542658579857096e-31,3.246075206832796e-30
Itgav,11.571012,1.1861811,5.779697248212888e-31,3.383448624542433e-30
Ap2a1,11.56764,0.39994228,6.011344333519288e-31,3.517549583263854e-30
Pex13,11.56703,0.37409633,6.054219024299288e-31,3.541122547360683e-30
Pip4p1,11.56315,0.68917054,6.334150473115974e-31,3.703270958523341e-30
Tubgcp4,11.562153,0.49571958,6.408172895546689e-31,3.744947194299187e-30
Zfyve21,11.56065,1.1962943,6.52136175784366e-31,3.809466981568221e-30
Ywhag,11.551493,0.120190054,7.254925504342909e-31,4.236170208022599e-30
Hyal2,11.550473,0.6528878,7.341540111971452e-31,4.284915110166863e-30
Pnpla8,11.550271,0.21556969,7.3588111561822985e-31,4.2931630785321215e-30
Nsd3,11.548649,0.09209535,7.498973191380918e-31,4.373068588150706e-30
Dusp11,11.548607,0.12766257,7.502711288395166e-31,4.373383498243985e-30
Rpn2,11.54713,0.25005335,7.6327240233166195e-31,4.447273158025342e-30
Fus,11.5437765,0.22193173,7.936310207381932e-31,4.62219088952078e-30
Atg12,11.54348,0.58959156,7.963654686888358e-31,4.636142096347309e-30
Mpv17l2,11.542544,0.51325244,8.050832205693343e-31,4.68489916650453e-30
Pdzd3,11.54234,1.4716125,8.069950443467495e-31,4.694026895551595e-30
Ramac,11.532039,0.87131536,9.096351042642712e-31,5.2888010420127165e-30
Upf1,11.530323,0.5716159,9.279444126795099e-31,5.392962109388991e-30
Rbbp4,11.526927,0.14384246,9.652788021219157e-31,5.60755633773033e-30
Erp44,11.520904,0.36931688,1.035197667145299e-30,6.0111796595379895e-30
Adck5,11.51787,0.6637653,1.0722859332245663e-30,6.2239007372011646e-30
Abcb7,11.516844,0.10247719,1.0851277678313843e-30,6.295766748024684e-30
Nipbl,11.51674,0.15393534,1.086438315917577e-30,6.300697188368476e-30
Liph,11.510659,0.150564,1.1658341599137952e-30,6.758279837567252e-30
Kmt2d,11.506894,0.24003725,1.2178607311472382e-30,7.056883685779017e-30
Garem1,11.504201,0.7410758,1.2564696909500855e-30,7.277519281551216e-30
Arrdc1,11.503907,0.60725266,1.2607543881148008e-30,7.29924481687972e-30
Wdr11,11.502708,0.8010044,1.2784012735818831e-30,7.398280751685252e-30
Pisd,11.498851,0.19496855,1.3368323754641025e-30,7.73315682507259e-30
Ssr4,11.498518,0.029510578,1.3419913998825119e-30,7.759717713908393e-30
Nol7,11.486197,0.5336973,1.547751631952055e-30,8.945690434042414e-30
Ppp4c,11.482325,0.33112282,1.618696983353681e-30,9.351787599223316e-30
Gtf2ird1,11.479936,0.5635396,1.6640439676999003e-30,9.609713369212896e-30
Wdr82,11.474067,0.23560475,1.7808813128294e-30,1.0275760317697065e-29
Mkln1,11.472472,0.3705173,1.8140227392755004e-30,1.0462573158832758e-29
Mrfap1,11.471038,0.5280028,1.844338250135883e-30,1.0632936581200759e-29
Srrm1,11.468389,0.45815292,1.9016841493739065e-30,1.0958925723846679e-29
Rc3h1,11.468301,0.2951565,1.903612396226296e-30,1.096541681482502e-29
Ppp6c,11.462034,0.24598287,2.0465115021710636e-30,1.1783597807237597e-29
Ubr5,11.459939,0.21101354,2.0966197289582964e-30,1.2067034845751138e-29
Esyt1,11.453672,0.55488557,2.253890146438859e-30,1.2961290055740705e-29
Pycrl,11.45254,0.147426,2.2835270129627017e-30,1.3126200883675892e-29
Etfdh,11.452465,0.017654696,2.2855165003922974e-30,1.313211686674986e-29
Slu7,11.4503565,0.75875574,2.341815825928376e-30,1.3449950197215685e-29
Prkcz,11.448584,0.66503084,2.390194187982452e-30,1.3722042619924447e-29
Mib1,11.445308,0.7136543,2.482227545156627e-30,1.4244423701224034e-29
Ankrd11,11.439998,0.25062907,2.6389214125981563e-30,1.5137269428389173e-29
Erlec1,11.431685,0.43333462,2.9041610298334456e-30,1.6651740915292395e-29
Atp6v1c1,11.427002,0.22858709,3.0650901071023286e-30,1.7567102772265022e-29
Arpc3,11.423526,0.20948966,3.190218443398951e-30,1.8276597073096212e-29
Idh3g,11.421831,0.111774124,3.253066671896628e-30,1.8628847042791618e-29
Dctn4,11.421062,0.23792514,3.2819827694496716e-30,1.8786569431655194e-29
Pex19,11.420646,0.7768992,3.297735895570969e-30,1.886884450708494e-29
Sumf1,11.419542,0.5377771,3.3398769079596654e-30,1.9097572324868144e-29
Ubac2,11.419526,0.49921632,3.3405040585802266e-30,1.9097572324868144e-29
Rere,11.417939,0.27847114,3.4020561720662294e-30,1.9441336461765853e-29
Cdcp1,11.417215,0.20992383,3.4305150194839944e-30,1.9595778150143536e-29
Ranbp2,11.416306,0.18127774,3.466604057277453e-30,1.9793657821824286e-29
Smg7,11.414555,0.2952942,3.537093953569573e-30,2.0187712777572585e-29
Fastk,11.413827,0.47546464,3.5668410818459535e-30,2.034899949697264e-29
Pik3c2a,11.412252,0.3899469,3.632019893817038e-30,2.071220685902752e-29
Pdap1,11.411022,0.22214076,3.6837513656346885e-30,2.0998457659464095e-29
Tsc22d4,11.408585,0.30106345,3.7884409336141534e-30,2.1586220736322313e-29
Mob1b,11.406278,0.61928636,3.890241638302986e-30,2.215704056801055e-29
Golga7,11.403024,0.43467343,4.038436627088227e-30,2.299151576828955e-29
Optn,11.401278,0.26723126,4.120265982202587e-30,2.34476226827384e-29
Spop,11.399397,0.28038564,4.210246088318261e-30,2.3949715165454332e-29
Lta4h,11.389912,0.08479153,4.694641388356867e-30,2.669406277995017e-29
Apeh,11.389476,0.5102204,4.718218771446905e-30,2.681697493746319e-29
Dpagt1,11.388749,0.48415384,4.7577015926117634e-30,2.7030149264215153e-29
Cry1,11.376735,0.637666,5.4606259178467455e-30,3.1010822020994284e-29
Fbxo8,11.374554,0.53101677,5.5988303384852994e-30,3.1782484383057895e-29
Arhgef3,11.369347,0.45966125,5.943096548197937e-30,3.372275738448415e-29
Ranbp9,11.36513,0.5204705,6.237151860072713e-30,3.5376628654705246e-29
Etfrf1,11.365022,0.57233554,6.2448786031102065e-30,3.540576902882756e-29
Dbndd2,11.362272,0.27141637,6.444625618316191e-30,3.6507976524637077e-29
Gtf2h1,11.3529825,0.59335643,7.167504083400374e-30,4.0586177366666715e-29
Ap3d1,11.350374,0.37892395,7.384621951217354e-30,4.179830512537141e-29
Rb1,11.343955,0.19547892,7.947029869138081e-30,4.496302584214449e-29
Ywhae,11.338102,0.04220441,8.496694989961237e-30,4.805306202966084e-29
Elf4,11.333078,0.51827884,8.998563198374004e-30,5.087033970143221e-29
mt-Nd4,11.332597,0.18004967,9.048168679277829e-30,5.112963086327451e-29
Bloc1s1,11.327073,0.69330865,9.637164812612966e-30,5.443545180193404e-29
Aktip,11.325823,0.73297536,9.775687652350087e-30,5.51950985325712e-29
Gfm2,11.324231,0.81430477,9.954808420597791e-30,5.618324603866067e-29
Uba3,11.320311,0.4282225,1.0410201865965e-29,5.872917100539248e-29
Tmed2,11.318724,0.50292367,1.0600363360988764e-29,5.977730678825622e-29
Ogfr,11.308021,0.5046347,1.1976026237287306e-29,6.750707287506345e-29
Mvb12a,11.302262,0.31313062,1.278801534932703e-29,7.205443341658308e-29
Tet3,11.301814,0.12004756,1.2853542640407436e-29,7.239382026670991e-29
Gpr160,11.301673,0.7480743,1.287416293989914e-29,7.248010630017322e-29
Phactr4,11.299185,0.5664022,1.3244223035009902e-29,7.453281893158864e-29
Mospd3,11.291425,0.4735875,1.4467200059068344e-29,8.138171978928819e-29
Med11,11.289646,0.8512833,1.4762969647406978e-29,8.301135276656679e-29
Acbd3,11.287492,0.3687,1.5129192578700578e-29,8.503563851776836e-29
Inppl1,11.285948,0.108299434,1.53972556191631e-29,8.65067668825207e-29
Tfdp2,11.28087,0.6088135,1.6312306000385003e-29,9.161017846212112e-29
Apc,11.273446,0.59618217,1.774849674680031e-29,9.963493145012079e-29
Ccdc124,11.272701,0.6190539,1.7899254934221052e-29,1.0044001281307873e-28
Eaf1,11.271628,1.1797365,1.811874962739594e-29,1.016299840667102e-28
Snx19,11.266248,0.4970299,1.9260501715043448e-29,1.0798989788979876e-28
Cln5,11.263887,1.1386089,1.9783519593837102e-29,1.108768977236567e-28
Prcc,11.2511835,0.41352615,2.285058788878752e-29,1.2801384243308863e-28
Ppard,11.245757,0.088144705,2.430022034002135e-29,1.3607924371408352e-28
Cdyl,11.245443,1.2801117,2.4386886411055827e-29,1.3650866625918477e-28
Srrm2,11.244946,0.017933644,2.4524829840184582e-29,1.3722465141756307e-28
Ralbp1,11.244566,0.43905082,2.4630503239852583e-29,1.3775956311042293e-28
Senp3,11.240955,0.4537614,2.565898550283538e-29,1.4345324069962137e-28
Tbx3,11.239107,0.9788476,2.620180383081544e-29,1.4642814359885622e-28
Idi1,11.227497,0.55967486,2.9882486459848414e-29,1.6692933102059928e-28
Yy1,11.225429,0.2493195,3.0590045589749566e-29,1.7081211655362406e-28
Dpy30,11.224445,0.15046903,3.0932184885053254e-29,1.726520931849401e-28
Pcsk5,11.2207775,1.4798722,3.2242298115959925e-29,1.7989123897827497e-28
Psmd5,11.211943,0.2761626,3.5628491827259283e-29,1.9870294687511041e-28
Usp6nl,11.208575,0.754382,3.701024909067471e-29,2.063249719995828e-28
Ankfy1,11.207979,0.4279638,3.726010514171842e-29,2.076332264926648e-28
Dctn6,11.204178,0.10802297,3.889499087678059e-29,2.166553972464255e-28
Tab2,11.195086,0.021035807,4.3098421315382544e-29,2.3997186949831282e-28
Pde3a,11.193235,0.7243917,4.400748297474828e-29,2.4486231738587386e-28
Atg3,11.193226,0.36915946,4.40125467008759e-29,2.4486231738587386e-28
Ccdc93,11.185179,0.61512524,4.8193479284136506e-29,2.6801375730401252e-28
Antxr2,11.182557,0.9562108,4.9638632248840735e-29,2.759383317084947e-28
Vps29,11.173482,0.24233794,5.498230837675606e-29,3.0551932834300654e-28
Fos,11.163921,0.3481171,6.122983560156756e-29,3.4009667012649735e-28
Aff1,11.1573305,-0.023707056,6.594177376363534e-29,3.6612007966614427e-28
Gpr137,11.154522,0.82710093,6.805765857003597e-29,3.7771448090310143e-28
Fbxo22,11.154081,0.62592727,6.839561894099529e-29,3.794361415894972e-28
Pgap3,11.153442,0.6762851,6.888830516425936e-29,3.820144254344066e-28
Rela,11.151644,0.75165737,7.029566299401775e-29,3.896607991257368e-28
Atp6v1h,11.146978,0.44898927,7.407918137202596e-29,4.104671009977532e-28
Pdk1,11.135798,0.40864795,8.398905478118968e-29,4.651884666394366e-28
Fmc1,11.135019,0.2797627,8.472682425206587e-29,4.690847456060732e-28
Glrx2,11.127506,0.40293133,9.217808009964133e-29,5.101316249949799e-28
Psme3,11.125999,0.025864977,9.374970913513177e-29,5.186194467730287e-28
Tshz1,11.125169,0.42522538,9.462659744325796e-29,5.232586817778215e-28
Hbp1,11.117272,0.40036616,1.0338425101641078e-28,5.714549849027557e-28
Mef2d,11.111824,0.17850763,1.0989127710695e-28,6.071770563384006e-28
Iyd,11.109066,1.7263504,1.1333825424888221e-28,6.2596955850301465e-28
Ncoa1,11.10586,0.19074556,1.174811890809457e-28,6.485891242155561e-28
Tgif1,11.1057005,0.10407729,1.1769062192420598e-28,6.494831536777712e-28
Ovol1,11.104909,1.0495831,1.187379326538776e-28,6.549984788389577e-28
Kat6b,11.10329,0.6048791,1.2091004713163515e-28,6.667116510181898e-28
Rbm25,11.10159,0.7139895,1.2323123111195408e-28,6.792370356533544e-28
Thnsl2,11.100338,0.48899704,1.2497041508131543e-28,6.885456995314215e-28
Slc25a46,11.093115,0.7709966,1.3548619615972296e-28,7.461835410729809e-28
Tlk1,11.088152,0.37192962,1.4321571098244203e-28,7.884359290196839e-28
Rce1,11.077714,0.53391945,1.6092854121300198e-28,8.855926764940855e-28
Minpp1,11.075854,0.4238522,1.6430626115983099e-28,9.038166216253776e-28
Pds5a,11.065514,0.21585883,1.844025386545816e-28,1.013954449578369e-27
C1d,11.059503,0.69279796,1.9718784316624864e-28,1.0838198373386055e-27
Eif2b5,11.055553,0.673871,2.0606170687926555e-28,1.132138948000786e-27
Khk,11.054962,0.5840948,2.0742463655594173e-28,1.1391694397198808e-27
Pbld2,11.054499,0.92152697,2.0849771783993405e-28,1.14460308770016e-27
Aspscr1,11.052007,0.39938003,2.143697150890892e-28,1.1763667150253992e-27
Paqr4,11.045805,0.021907538,2.2969897978935854e-28,1.2599813672761644e-27
Mob3b,11.044911,0.35595784,2.3199543548665444e-28,1.2720679953007217e-27
Ddx17,11.039557,0.21345863,2.4624356182380374e-28,1.3496515863489042e-27
Gab1,11.036457,0.72601664,2.5488726735570175e-28,1.3964677007568996e-27
Prr13,11.025856,0.21278805,2.8677796968358703e-28,1.5705601663688638e-27
Samd4b,11.022577,0.41954413,2.9741793822279302e-28,1.6281786650106864e-27
Epas1,11.022251,0.11174013,2.98498498444436e-28,1.6334401625560873e-27
Tomm22,11.018737,0.91487575,3.1038443844194847e-28,1.697802878277458e-27
Lmbrd2,11.018518,0.05569163,3.111378590771819e-28,1.701243591715499e-27
Parp9,11.017854,0.096685454,3.134445290400768e-28,1.7131710370196044e-27
Ift52,11.016393,0.3352347,3.1857042427952538e-28,1.7404916308519813e-27
Pfdn5,11.012565,-0.005515582,3.3240610259163872e-28,1.8153568102798163e-27
Tinagl1,11.012334,0.5769094,3.332578105679689e-28,1.819281660485818e-27
Taok1,11.01053,0.5596931,3.399958651411475e-28,1.8553246032742186e-27
Qrich1,11.003028,0.036207527,3.695117251560129e-28,2.015585497211199e-27
Drg1,11.002965,0.22975037,3.697710013885776e-28,2.0161955518296642e-27
Rnf121,10.998265,0.40714484,3.895548283073122e-28,2.123221314110201e-27
Rcor1,10.996084,0.35207084,3.9908719515165217e-28,2.173443804738687e-27
Itgb1,10.994832,0.33346397,4.046665239221817e-28,2.202951717609807e-27
Pmpca,10.990926,0.1633696,4.225696036254183e-28,2.2994983404606428e-27
Cpd,10.989178,0.005842326,4.308339604224457e-28,2.3435379509852607e-27
Ccni,10.987297,0.029473491,4.399042174574101e-28,2.391924522357886e-27
Fam117b,10.986554,0.14134106,4.435370249442757e-28,2.4107189253231204e-27
P2ry1,10.976582,0.8173186,4.953135587625678e-28,2.6910659181875708e-27
Fnbp1l,10.975523,0.49248618,5.011502475189929e-28,2.7216956452828543e-27
Slc25a22,10.975401,0.49862853,5.018293931684461e-28,2.7243020847870186e-27
Oxa1l,10.975258,0.100215964,5.026228836398313e-28,2.7275269578471007e-27
Arglu1,10.975048,0.52925485,5.037927115402922e-28,2.732790690326654e-27
mt-Nd2,10.963349,0.07629564,5.73373042443852e-28,3.1089914176921794e-27
Taok3,10.957297,0.20307752,6.130298429299449e-28,3.322704360708282e-27
Nck2,10.955029,1.1351188,6.285836246604971e-28,3.405658109046077e-27
Agpat4,10.949587,0.025534466,6.675159774126705e-28,3.615160788561691e-27
Atp1a1,10.947192,0.42126444,6.853963540595961e-28,3.710528559685264e-27
Tgoln1,10.946813,0.40285072,6.882724568427657e-28,3.724624395458971e-27
Socs6,10.94476,0.374851,7.0403686777798795e-28,3.808427281196197e-27
Sema6a,10.942204,1.127465,7.241735127297707e-28,3.9158057677262216e-27
Zdhhc18,10.9373455,0.6198225,7.640421645147682e-28,4.129753596734963e-27
Pcm1,10.935956,0.27049127,7.758353354704548e-28,4.190184918072065e-27
Stx8,10.934752,0.46781567,7.8619847191610735e-28,4.244478524853047e-27
Tmem167b,10.9344425,0.16970342,7.888904642586181e-28,4.2573311360444364e-27
Psma7,10.931991,0.18528512,8.105029610525386e-28,4.372239839208467e-27
Cmtm8,10.925759,1.0551997,8.681124058582579e-28,4.681166068656024e-27
Slc25a11,10.92396,0.41076812,8.854876038469984e-28,4.772977131496926e-27
Hnrnpk,10.919134,0.11768053,9.338194982114177e-28,5.031513647770345e-27
Snw1,10.918402,0.45422524,9.41378173050609e-28,5.0702428186164154e-27
AI837181,10.916007,0.5262083,9.66522735675008e-28,5.2036214213998955e-27
Myo10,10.915212,0.08523839,9.750222119152782e-28,5.2473155245735654e-27
Ppp1r37,10.913521,0.3724012,9.93336092012365e-28,5.3437730362978335e-27
Tm2d2,10.909145,0.10615106,1.0423211411854197e-27,5.605089109599141e-27
Serhl,10.908745,0.012117004,1.0469148642586948e-27,5.627578918528951e-27
Psmb5,10.900724,0.22593972,1.1434314549191588e-27,6.143978446373083e-27
Upk1a,10.899525,1.4572568,1.1586040330009378e-27,6.223059760914307e-27
Epc1,10.893683,0.8248855,1.2354088992567623e-27,6.632986532130438e-27
Bcas2,10.89303,0.33258298,1.2442980325644561e-27,6.678090892982315e-27
Ppp1r7,10.89198,0.2282618,1.2587373592634632e-27,6.7529358132318e-27
Med30,10.884023,0.329436,1.3736452151649561e-27,7.366509144070892e-27
Rsrc2,10.881413,0.30289492,1.4135385141970964e-27,7.577475179006387e-27
Dad1,10.861341,0.04087637,1.761422456988699e-27,9.438656778730588e-27
Ptges3,10.860242,0.12696816,1.782759357284099e-27,9.549249592972996e-27
Gpcpd1,10.857856,0.5548408,1.8299611792176128e-27,9.798245546515604e-27
U2af2,10.852615,0.10549714,1.937996114166696e-27,1.0372640650187698e-26
Gtf3c2,10.849821,0.41216493,1.998171004983965e-27,1.0690527579481894e-26
Cyth1,10.848636,0.75815046,2.0242465807976984e-27,1.0825800544547721e-26
Rflnb,10.8479805,0.69210976,2.038797659981031e-27,1.0899358092353635e-26
Nsmce3,10.844413,0.32305092,2.1199220974269066e-27,1.1328618476871024e-26
Mcrs1,10.842014,1.0601131,2.1762605575714277e-27,1.162514184562081e-26
Ube2g2,10.838246,0.43810186,2.2677560103949963e-27,1.2109161828251298e-26
Pttg1ip,10.836994,0.0782536,2.2990088609759106e-27,1.2271251433975635e-26
Mfhas1,10.834947,0.8423043,2.3510356520397723e-27,1.2544054834820087e-26
Prelid2,10.831268,0.5714123,2.4474140542593975e-27,1.3053193132604237e-26
Dcaf7,10.830704,0.17993835,2.46256416307527e-27,1.3128875216395446e-26
Fam83f,10.8259325,0.6686399,2.5942570009186673e-27,1.3825590213391574e-26
Ebag9,10.824647,0.6028389,2.6309063590663545e-27,1.401544388789731e-26
Ctdnep1,10.821955,0.31287792,2.709368631627097e-27,1.442780998345037e-26
Iqsec2,10.821484,1.084752,2.723336150725331e-27,1.4496544126574116e-26
Vps26b,10.817592,0.23043318,2.841468561870304e-27,1.5119487386605606e-26
Pard6b,10.817078,0.98942995,2.8574461268346574e-27,1.519859034790507e-26
Arl2bp,10.807319,0.9296122,3.178238806697964e-27,1.6898295366094348e-26
Rnh1,10.806262,0.23349805,3.2150476005856298e-27,1.7087359478433145e-26
Acvr1b,10.803708,0.18527924,3.305768926981485e-27,1.7562700107409405e-26
Lrrc75a,10.795804,0.64754075,3.602953100792098e-27,1.9134129574109492e-26
Fbxo4,10.795215,0.8679759,3.626150383899138e-27,1.924984724371922e-26
Cep350,10.790845,0.4828475,3.802762756117153e-27,2.0179581175747792e-26
Sos2,10.788785,0.8390159,3.8889729279216854e-27,2.0629055387637335e-26
Dnm1l,10.7803955,0.44114274,4.2605185302290804e-27,2.259115583593745e-26
Grb2,10.775218,0.7068044,4.507131311266664e-27,2.3889542899833966e-26
Peli1,10.764719,0.26737306,5.051541337259587e-27,2.676475311391897e-26
Ppp4r2,10.764301,0.33168858,5.074525144632299e-27,2.687611593836046e-26
Zc3hav1,10.764193,0.389351,5.0804841501549454e-27,2.689161349835156e-26
Pgk1,10.764176,0.95986795,5.081384225209538e-27,2.689161349835156e-26
Fkbp15,10.760752,0.1444988,5.273829230884195e-27,2.789927068949376e-26
Gatad2a,10.755593,0.15311362,5.577422302491012e-27,2.9493909507565576e-26
Dph3,10.751528,0.7074634,5.82882690715965e-27,3.0811444899655284e-26
Ciao2a,10.750495,0.007414255,5.8944242473591325e-27,3.1146155943831585e-26
Vcl,10.726056,0.4274682,7.680460350718017e-27,4.056790084823054e-26
Dgkq,10.725079,1.7207755,7.762067861917047e-27,4.0983118923442325e-26
Igf2bp2,10.719329,0.07197235,8.26005903282705e-27,4.359564155689306e-26
Herpud1,10.717026,0.03169975,8.468273097527819e-27,4.4677328166934e-26
Tulp4,10.715,0.8043587,8.655701824660516e-27,4.564856245747495e-26
Naa30,10.714706,0.7960083,8.683221144629677e-27,4.5776040536935556e-26
Rab9,10.707971,0.54052824,9.33860800682063e-27,4.9212125045576927e-26
Snx17,10.698306,0.45227003,1.0365549142232765e-26,5.460280605548268e-26
Nedd9,10.696852,0.20915224,1.052949040184747e-26,5.544504476136471e-26
Clybl,10.696036,0.13481969,1.0622586039666223e-26,5.591372751825851e-26
Pigx,10.693896,0.30517352,1.087062369646777e-26,5.719729859530463e-26
Ppp2r5b,10.690735,0.7192467,1.124767074685978e-26,5.915842210127211e-26
Dlg3,10.689066,0.4899079,1.1451852131369929e-26,6.020918027546473e-26
Psmb7,10.688478,0.136265,1.1524611174682927e-26,6.056843113519947e-26
Anapc2,10.687424,0.58640605,1.1656375470694746e-26,6.123739322387654e-26
Pgpep1,10.686684,0.5633301,1.1749782283099888e-26,6.170440580698577e-26
Tubal3,10.685971,0.8269961,1.1840286244195309e-26,6.215582126271433e-26
Pafah1b1,10.682985,0.7564227,1.222752733257271e-26,6.41640200586845e-26
Icmt,10.67689,0.8780381,1.3057270738645085e-26,6.849182100152341e-26
Usp8,10.67031,0.3570836,1.4015848407001795e-26,7.349184316171379e-26
Oser1,10.669791,0.65680975,1.4094220008009038e-26,7.387445711365411e-26
Ppp4r3a,10.6673355,0.30661228,1.447166494871552e-26,7.582376175236962e-26
Kat7,10.666142,0.35631472,1.465865861322681e-26,7.677409289003318e-26
Cfl1,10.664488,0.37849283,1.4921861033416958e-26,7.812268362633112e-26
Mgat5,10.662895,0.19861247,1.5179754231110824e-26,7.944245660560295e-26
Coq9,10.658687,0.040197153,1.5882422828896682e-26,8.308803832638184e-26
Dbi,10.655595,0.27466133,1.6419246282274025e-26,8.586355369410986e-26
Homer1,10.653885,0.81779164,1.6723666565489642e-26,8.742207197365093e-26
Ppp1r16a,10.649895,0.85865974,1.7456169250958604e-26,9.121632193613256e-26
Nudt16,10.64347,1.426863,1.87032299662508e-26,9.769544300553081e-26
Acox3,10.642664,0.56725776,1.8865712414514582e-26,9.850653580316415e-26
Arfgap1,10.641409,0.5411559,1.912148119679259e-26,9.980391426188499e-26
Psma5,10.640873,0.055430178,1.9231905358687662e-26,1.003419709195169e-25
Usp53,10.639587,0.6009955,1.9498997176580224e-26,1.0169671487022675e-25
Ptpn11,10.636293,0.411327,2.020059917127156e-26,1.0531574291541692e-25
P2ry2,10.634975,1.6838067,2.0488196588019507e-26,1.0677442391050562e-25
Golga5,10.633405,0.75469613,2.083630535628846e-26,1.0854722885609323e-25
Tmx3,10.630358,0.5529274,2.1528537418544548e-26,1.121107194206385e-25
Psmd6,10.625236,0.3421692,2.2743713837759658e-26,1.1839371402031341e-25
H2afy,10.62494,-0.070530765,2.2815925809053535e-26,1.187244236829555e-25
Creb3,10.624285,0.5151604,2.2976597739678357e-26,1.1951501486881002e-25
Ces1d,10.621299,0.2062994,2.3723722106612648e-26,1.2333709602029866e-25
Supt6,10.621276,0.5822858,2.37294259326805e-26,1.2333709602029866e-25
Eif4g2,10.608358,0.25582927,2.724954457154885e-26,1.4147210403034568e-25
Ttyh3,10.608036,0.6706093,2.734368529378002e-26,1.4190698155310884e-25
Tomm5,10.606992,0.22225907,2.765096968702024e-26,1.434472725606987e-25
Dgcr2,10.60408,0.16331096,2.8525588860002866e-26,1.4792848982197165e-25
Acot11,10.603009,0.61714613,2.8854219831924137e-26,1.495759879460055e-25
Tmem50b,10.593479,0.1670912,3.194904157547314e-26,1.6555632570844834e-25
Tmem33,10.590251,0.39928186,3.307056023094135e-26,1.7130299665080416e-25
Mlst8,10.581571,0.8680151,3.628227800683833e-26,1.8786828918724504e-25
Gpa33,10.580755,0.36722824,3.659965097937625e-26,1.8943990429332712e-25
Tpp1,10.576657,0.0675498,3.823575746552107e-26,1.978335162092322e-25
Prkce,10.561099,1.2941085,4.5134460683251407e-26,2.334393910149255e-25
Pik3r2,10.558325,0.6927801,4.648820563975223e-26,2.4035017471592125e-25
Arl2,10.55817,0.4222027,4.656503237934481e-26,2.406563937216706e-25
Dipk2a,10.555806,1.1334319,4.775235502434888e-26,2.4669945408310196e-25
Ctso,10.554366,0.9358461,4.849026470893039e-26,2.5041705811730477e-25
Pls3,10.551184,0.9686013,5.016109468195679e-26,2.589478934600827e-25
Prkra,10.549479,0.59597445,5.1079845609612013e-26,2.6359127875903557e-25
Tmem160,10.546035,1.0807297,5.298607652493487e-26,2.7332500810203106e-25
Pcna,10.538462,0.22548296,5.743081139023978e-26,2.9614115601867607e-25
Idnk,10.534529,0.5034091,5.988257456421746e-26,3.0866724732969236e-25
Ing1,10.532587,0.7790484,6.113117771002164e-26,3.14984497055217e-25
Prkag1,10.530793,0.094855174,6.230693451476755e-26,3.209217813519571e-25
Sorbs1,10.519493,1.4127821,7.025059327762264e-26,3.617006261564344e-25
Car9,10.518141,0.19887212,7.126610337709299e-26,3.6679110413313757e-25
S100a6,10.517647,0.10983395,7.164038573965794e-26,3.6857873400670516e-25
Adgrg7,10.516792,0.40968364,7.229303277640387e-26,3.7179662400049754e-25
Ankrd17,10.516635,0.20448214,7.241360971333468e-26,3.7227673414656083e-25
Id2,10.51464,1.2815439,7.396254929792083e-26,3.800969040394841e-25
Nelfe,10.507674,0.3193451,7.963318895115494e-26,4.0908484556988874e-25
Srpr,10.499998,0.52765185,8.638163823240096e-26,4.4358576899289645e-25
Stat6,10.499136,0.16687681,8.717480932187312e-26,4.474908098635942e-25
Prpf38a,10.4940195,0.5226226,9.202806937322454e-26,4.7222658487011095e-25
Elob,10.491311,0.21404833,9.470537901957303e-26,4.857824674015984e-25
Itpr3,10.487953,0.4830099,9.813114926503185e-26,5.031659040867306e-25
Ndufb6,10.485938,0.020710511,1.0024613734216566e-25,5.138178141507179e-25
Cct4,10.4842,0.044043813,1.021062308262164e-25,5.231557536712286e-25
Stim1,10.47029,0.19325966,1.1827971914005791e-25,6.057959397903715e-25
Slc40a1,10.469762,0.26425654,1.189416901803154e-25,6.089582977221315e-25
Pex11a,10.467324,0.62165874,1.2204382655915298e-25,6.246067845046471e-25
Ccdc90b,10.458741,0.4534554,1.3361956196136306e-25,6.835942797686644e-25
Il15,10.455842,1.553946,1.3776928765124734e-25,7.045605866233385e-25
Fam120a,10.455251,0.07344464,1.386317341905257e-25,7.087061551609118e-25
Pgrmc2,10.454692,0.50348574,1.3945151284507254e-25,7.126305822706902e-25
Rex1bd,10.449149,0.5842811,1.4784503805723474e-25,7.552412758433638e-25
Ipo8,10.448654,0.379505,1.4861968355853442e-25,7.589149263117843e-25
Prdx2,10.444366,0.06858725,1.554906365377477e-25,7.937045370114595e-25
Kif1b,10.442159,0.65214527,1.591492440260306e-25,8.120768328567046e-25
Por,10.441494,0.59098464,1.6026819261456555e-25,8.174813629258425e-25
Mtx2,10.44105,-0.02733005,1.610207932039198e-25,8.210139250796433e-25
Lrch4,10.437937,0.543515,1.663879744021985e-25,8.480639396012167e-25
Hsdl2,10.430067,0.21980293,1.807609106341883e-25,9.209781866328334e-25
Gpr107,10.429992,0.6076401,1.8090454623609094e-25,9.213667298988989e-25
Ptger4,10.429618,0.5133988,1.8161662509771916e-25,9.246490499669806e-25
Psmd10,10.428727,0.32910362,1.8332831036696696e-25,9.330162427496365e-25
Lclat1,10.423003,0.26488602,1.9470644828586987e-25,9.90554568567437e-25
Pcbd2,10.419576,0.5799194,2.018508179113494e-25,1.0265191279054308e-24
Serinc3,10.417557,0.10723279,2.0618191685906414e-25,1.0481552836608559e-24
Mpi,10.41515,0.21737614,2.1146468281567394e-25,1.0746114966571315e-24
Xbp1,10.412402,-0.03252147,2.176592094419878e-25,1.1056796764930103e-24
Map7,10.408206,0.06925139,2.274675015463141e-25,1.1550754116768826e-24
Stx4a,10.407498,0.63299423,2.2916472603190563e-25,1.163261925941466e-24
Slmap,10.4006405,0.14285855,2.4627250037068855e-25,1.2496387542000617e-24
Fam114a1,10.397438,0.23129755,2.546893051221799e-25,1.2918680443419177e-24
Kpna1,10.394625,0.4348657,2.623169238612431e-25,1.3300644915841674e-24
Slc52a2,10.391979,1.3990799,2.6969739129402972e-25,1.3669799206619187e-24
Sav1,10.388551,0.56712747,2.7956992085293235e-25,1.4164945045067988e-24
Ahsa1,10.385487,-0.057962503,2.886936603513348e-25,1.4621799278905567e-24
Otud7b,10.382482,0.72095245,2.97927674487287e-25,1.5083898365840983e-24
Snap29,10.382073,0.75428206,2.992038047436877e-25,1.5142901664951625e-24
Cbr4,10.381011,0.59662163,3.025536147852742e-25,1.5306772779092211e-24
Fblim1,10.378492,0.037525766,3.1064333754318275e-25,1.5710235358369173e-24
Parp14,10.374866,0.22346574,3.2266770396428018e-25,1.631231368470067e-24
Scaf1,10.373376,0.08182959,3.2773712348876195e-25,1.6562472888798296e-24
Dlat,10.372299,0.23516643,3.31452882912891e-25,1.6744064181136997e-24
Bcl2l1,10.371644,1.1403568,3.337322691340114e-25,1.6852986633706076e-24
Gtf2h5,10.370296,0.123946,3.384749980562705e-25,1.7086177919599477e-24
Zmpste24,10.369217,0.29229617,3.423186804513036e-25,1.7273830092884046e-24
Mid2,10.368048,0.5358963,3.46530873589756e-25,1.747993248373262e-24
Akirin2,10.366312,0.26074892,3.528816372648192e-25,1.7793718250724195e-24
Bicral,10.359099,0.3166146,3.805283851114596e-25,1.9180706474011096e-24
Fbxl5,10.355689,0.57895,3.9433824706065517e-25,1.986947504994274e-24
Prkci,10.351866,0.123069815,4.10407423847822e-25,2.0671534147767832e-24
Gstt3,10.349976,0.0053845546,4.185944569721654e-25,2.1076138435546252e-24
Fam160a2,10.34723,1.3642557,4.307708796151139e-25,2.1681235843712486e-24
Nup98,10.345634,0.21010406,4.380056575799173e-25,2.2037260365729833e-24
Setd1b,10.345296,0.4244484,4.39556852041652e-25,2.2107171576570766e-24
Npc1,10.342248,0.8870774,4.5376484043570415e-25,2.2813361003522993e-24
Vps37a,10.339827,0.4390404,4.653768679656814e-25,2.3388565488536175e-24
Ubap2l,10.339604,0.04224516,4.6645782548568645e-25,2.3434279072434835e-24
Rnpep,10.339339,-0.023483044,4.677502943977277e-25,2.3490581255559773e-24
Clec2e,10.338501,0.59491384,4.718598739418028e-25,2.368826643228397e-24
Bcar3,10.336584,0.89696425,4.813938856539747e-25,2.415802343602974e-24
Sco1,10.334776,0.6741823,4.905548492005156e-25,2.4608721800502756e-24
Cenpb,10.334036,0.54496604,4.9435785132515505e-25,2.479040563575906e-24
Rad23a,10.33285,0.32666704,5.005056370511016e-25,2.5089496285461198e-24
Cyp4f13,10.332542,1.111501,5.021157908655927e-25,2.516098732168186e-24
Ddt,10.323277,-0.021029213,5.530225450950745e-25,2.7701770344963895e-24
Acin1,10.322274,0.23224202,5.588349301440722e-25,2.798267180417498e-24
Arl6ip5,10.317734,-0.016462542,5.858980579015407e-25,2.932630560431397e-24
Cdk8,10.317701,0.30698872,5.860972081651925e-25,2.932630560431397e-24
Romo1,10.309819,0.50913095,6.362096183396319e-25,3.182211605996513e-24
Nfe2l1,10.299763,-0.007532453,7.063529230799457e-25,3.5317646153997284e-24
Vwa8,10.294687,0.54181015,7.446083188055766e-25,3.721680833211353e-24
Sap30,10.29459,0.8261259,7.453661981661432e-25,3.724107694527588e-24
Gpatch2,10.285877,1.002788,8.1595285353848725e-25,4.075294109619727e-24
Stk17b,10.285261,0.60933316,8.211875992696528e-25,4.0999417378650976e-24
Prr14l,10.281484,0.35756278,8.540249692801527e-25,4.262332647775945e-24
Eif3h,10.279703,0.48330587,8.699518650816323e-25,4.340237780004131e-24
Vamp7,10.27903,0.5758972,8.76048686571747e-25,4.3690611921475715e-24
Rtraf,10.26909,0.102722816,9.711652299521255e-25,4.841664061099277e-24
Pttg1,10.267902,0.30184406,9.831883279451974e-25,4.899817924435341e-24
Srsf9,10.266365,0.20319203,9.989841690668041e-25,4.9767244123819836e-24
Uqcc3,10.260978,0.6449057,1.0563201386530004e-24,5.260443516416526e-24
Alg9,10.251127,0.109368995,1.1697145751565359e-24,5.8230239589609134e-24
Sap130,10.248459,0.56873155,1.2024519396749096e-24,5.983817421781073e-24
Ssr3,10.245493,0.12034271,1.2399096724134544e-24,6.167975543926515e-24
Hif1an,10.244957,0.9092135,1.2468074520073614e-24,6.200033420436606e-24
Faf1,10.243025,0.32016504,1.2719610856043812e-24,6.322816374278412e-24
Cnot9,10.241776,0.18294676,1.2884834236747705e-24,6.402620210302502e-24
Nae1,10.241246,0.4503867,1.2955669081365881e-24,6.4354803736897355e-24
Pak1ip1,10.240018,0.19278297,1.3121163216554141e-24,6.515319788902611e-24
Cdc42ep4,10.237399,0.40396446,1.3481173840500274e-24,6.691653439885345e-24
Tle3,10.231608,0.061198603,1.4312287450477731e-24,7.101615779582111e-24
Asap2,10.230697,0.44361266,1.4447692579623318e-24,7.16620224977689e-24
Cpeb2,10.229329,0.51503223,1.4653029051793497e-24,7.265415963860625e-24
Nfyc,10.227468,0.39156505,1.4937499771766683e-24,7.403780695139883e-24
Zswim7,10.22545,1.3116053,1.5251825976558612e-24,7.556837689472428e-24
Jmjd1c,10.224122,0.05084698,1.5462295454441257e-24,7.658344452715834e-24
Shtn1,10.217617,0.56351084,1.6535608948746382e-24,8.186982345188515e-24
Polr1c,10.21008,0.24360915,1.78717997139429e-24,8.845344230480246e-24
Efr3a,10.206801,0.18936056,1.8485794189080668e-24,9.14592024369313e-24
Smarca4,10.201453,0.021059986,1.9532761336055558e-24,9.660416320815905e-24
Car4,10.193943,-0.033049088,2.1102835010819393e-24,1.0433162283910166e-23
Cops5,10.184541,0.057468604,2.324541566342324e-24,1.1488292706805668e-23
Hccs,10.178379,0.73029494,2.4765299033770545e-24,1.2235023998801019e-23
St5,10.174423,0.20755403,2.579227177305632e-24,1.2737786800164146e-23
Rnf14,10.171574,0.737502,2.6558217968546552e-24,1.3111322408659716e-23
Polr2e,10.170574,0.0967497,2.68321777784256e-24,1.3241791090579937e-23
Usp7,10.166224,0.5206815,2.8057726146336237e-24,1.3841609128829293e-23
Ube2k,10.164284,0.34021592,2.8621857528540442e-24,1.4114817948171314e-23
Yif1a,10.163174,0.07385263,2.8949594077711873e-24,1.427129412446683e-23
Ier3ip1,10.161048,0.5045858,2.9587768368432203e-24,1.457538661521291e-23
Ptpn6,10.148872,1.033336,3.352132842673641e-24,1.6507171992640275e-23
Apba3,10.144414,0.623037,3.508794907257588e-24,1.727241553518629e-23
Xrn2,10.143691,0.14727128,3.534838176863985e-24,1.7394354828576825e-23
Zfyve1,10.137666,0.8168224,3.7597590876013224e-24,1.8494498389549672e-23
Jtb,10.128952,0.55601454,4.1103243911633315e-24,2.021168142724148e-23
Polr2j,10.12476,0.22865355,4.290307455755029e-24,2.1089128129924522e-23
Rab5b,10.122867,0.47355533,4.3741222484635446e-24,2.1493396244246846e-23
Pex6,10.120431,0.38218454,4.484351267300817e-24,2.202712053891475e-23
Cgref1,10.111395,0.61353767,4.917903253078685e-24,2.4148052777684387e-23
Bola3,10.109304,0.44404408,5.0239886233583e-24,2.466010209060472e-23
Snx6,10.104127,0.24876586,5.2965207091639215e-24,2.5988489665524443e-23
Nek7,10.103133,0.20702046,5.350465272157879e-24,2.6243763485207672e-23
Taok2,10.101856,0.829516,5.4206067629775634e-24,2.657827087978422e-23
Herpud2,10.098478,0.48215178,5.6105786121050285e-24,2.749987903961873e-23
Trim15,10.08852,1.4636284,6.2098546143580895e-24,3.04262851491748e-23
Tbl1xr1,10.083902,-0.03908516,6.508874803663166e-24,3.187996523642328e-23
Foxo1,10.081311,0.39491045,6.682809768409676e-24,3.2720165980308743e-23
Gabarapl1,10.081053,0.746701,6.700454431892687e-24,3.279481544600304e-23
Lsm4,10.07777,0.25750247,6.928035652691872e-24,3.389656084098796e-23
Fam118a,10.074203,1.261359,7.184108379656987e-24,3.513686770093323e-23
Hmox2,10.067806,0.01337091,7.666942071931182e-24,3.7484959897625634e-23
Pde12,10.067563,0.4451267,7.68588346837725e-24,3.7564137394588596e-23
Calr,10.065953,0.39660558,7.812647367666891e-24,3.817004385596454e-23
Ndufb5,10.061758,0.10723638,8.152952583826815e-24,3.981843806565417e-23
Bhlhe40,10.061048,-0.063511,8.211959377913095e-24,4.0092304353074466e-23
Endog,10.059879,0.28021145,8.31004002514911e-24,4.0556672856500387e-23
Dcaf13,10.053986,0.096372664,8.822501699898242e-24,4.3042351318625923e-23
Ddx60,10.053017,0.6137312,8.909704234157563e-24,4.345228438020852e-23
Snrnp25,10.051887,0.95546526,9.012488799253198e-24,4.3937891026662205e-23
Map3k2,10.049298,0.3079727,9.252375420704254e-24,4.5091316421286774e-23
Gdpd2,10.0479355,0.90524346,9.38118093774571e-24,4.570276071381282e-23
Oma1,10.041035,0.36076644,1.0061276380256177e-23,4.899855929487294e-23
Mfsd5,10.0364065,0.519542,1.0544551295620573e-23,5.133383373713469e-23
Tgm2,10.034739,0.78899944,1.0724357159077822e-23,5.219059934177552e-23
Tmco1,10.030634,0.48697624,1.1179640689813312e-23,5.43869037471352e-23
Spag9,10.027487,0.80989635,1.154171907805993e-23,5.612838136289813e-23
Bad,10.025304,0.6198171,1.179959890781996e-23,5.736207432080979e-23
Herc4,10.025116,0.59488386,1.1822036341681001e-23,5.745072742448035e-23
Cdc123,10.025051,0.13336751,1.1829850566670896e-23,5.746827939581687e-23
Flot1,10.024086,0.5349852,1.194595295595939e-23,5.801168560821898e-23
Ncoa3,10.013906,0.47592023,1.3241960140557444e-23,6.425968946846098e-23
Tspo,10.012111,0.057853453,1.3484491953641056e-23,6.541341875347336e-23
Srebf1,10.0089855,0.37035838,1.3917257738943766e-23,6.748882963831773e-23
Strn3,10.008865,0.45941848,1.3934196542904778e-23,6.754701798093685e-23
Ralgapb,10.005552,0.36730802,1.4408544637135907e-23,6.982170372531309e-23
Slc6a14,10.002305,0.25941467,1.4889059024001796e-23,7.212464830082343e-23
Get4,9.999963,0.7427533,1.5245375453274818e-23,7.382454296159105e-23
Gtf2b,9.998148,0.27884287,1.5527413245234985e-23,7.516367296587201e-23
Rabgef1,9.997401,0.84391695,1.5644891087461412e-23,7.570555046745746e-23
Zfpl1,9.991027,0.460611,1.6684460635329668e-23,8.070746345530004e-23
Slc30a10,9.985199,0.04194778,1.7694585797985354e-23,8.556345855284644e-23
Ufd1,9.979832,0.60884434,1.8678256022572176e-23,9.028814107765094e-23
Rbm4,9.97779,0.18473072,1.906656314472814e-23,9.213259752797078e-23
Fbrs,9.977539,0.48223346,1.9114825321879216e-23,9.23331813057924e-23
Trim36,9.971206,1.1022116,2.0374036848059496e-23,9.838098654562627e-23
Cbr1,9.970549,0.020162297,2.05092317561203e-23,9.899885078183731e-23
Sorl1,9.968758,0.20680122,2.088239892875744e-23,1.0076457492969584e-22
Leng9,9.957898,1.0702441,2.3293582192575827e-23,1.1235969540863297e-22
Trip11,9.953922,0.48330563,2.4243547018166504e-23,1.1690074240952995e-22
Rbck1,9.949063,0.8160293,2.545678584268633e-23,1.2270763003127794e-22
Tm7sf3,9.947652,0.22815606,2.5820382743912085e-23,1.24416396766384e-22
Copg2,9.945771,0.0979141,2.631282955219072e-23,1.2674460870947803e-22
Kctd17,9.944339,0.68159765,2.669399835425046e-23,1.2853536179379402e-22
Ppp1r11,9.942746,0.26957622,2.712448966094509e-23,1.3056226543943122e-22
Dlg1,9.938256,0.71747833,2.837502668546771e-23,1.365335995509398e-22
Dvl3,9.937232,0.5812424,2.866814723583317e-23,1.378955024446073e-22
Cpne3,9.936943,0.3456362,2.8751604450870756e-23,1.3824830902449284e-22
Traf4,9.931656,0.28912634,3.031796592632387e-23,1.4572871143848116e-22
Flrt3,9.93087,0.82079154,3.055772064980901e-23,1.4682952561002749e-22
Edn3,9.926364,2.598009,3.197008374322797e-23,1.5356195826787584e-22
Pnkd,9.923869,0.31622463,3.277963221770739e-23,1.5739517927568419e-22
Uxt,9.92259,0.7567965,3.3202503463402536e-23,1.5936968580625823e-22
Epha2,9.914531,0.8601599,3.599425476402375e-23,1.7270927505193854e-22
Sh3rf2,9.913191,0.7174039,3.648050919360464e-23,1.7498104637760206e-22
Nudcd3,9.909901,0.49297038,3.770207111090986e-23,1.8077693634000433e-22
Eif4g3,9.909827,0.0052707614,3.77297917657887e-23,1.8084644318161952e-22
Slk,9.906947,0.49239114,3.8833122684527924e-23,1.8606971012996476e-22
Snx14,9.906784,0.084409826,3.8896581827061734e-23,1.8630849614188063e-22
Pcgf5,9.899953,0.45758492,4.1647297420293216e-23,1.9941414293505242e-22
Cog1,9.894584,0.2853759,4.394351668629561e-23,2.103351734984573e-22
Sptssa,9.894075,-0.075307235,4.41671337362228e-23,2.1133154438168185e-22
Rnf11,9.8911915,0.3125581,4.5458521847570317e-23,2.1743451775639175e-22
Hdac1,9.886689,-0.072052546,4.754923484958349e-23,2.273551701286903e-22
Vbp1,9.883334,0.40326992,4.9169221798631124e-23,2.350189123020904e-22
Slc35e3,9.882231,1.0921406,4.971384434601024e-23,2.3753907108025508e-22
Pde9a,9.882009,0.12265258,4.9824294949031183e-23,2.3798366518616886e-22
Pdpr,9.874026,0.7757597,5.395442941900775e-23,2.5762109717350943e-22
Cnep1r1,9.872662,0.662069,5.469372091669839e-23,2.61059906993316e-22
Dmac2,9.871777,0.25543123,5.51786753634616e-23,2.6328275840730543e-22
Usf2,9.869373,0.14949585,5.65165444797614e-23,2.695722866273935e-22
Hsd17b10,9.867091,0.20703986,5.781713014030532e-23,2.7567965643956596e-22
Fdx1,9.865761,-0.06325685,5.85885501735237e-23,2.792605171219716e-22
Capn7,9.861507,0.55942637,6.11244817405394e-23,2.9124644174281406e-22
Agpat5,9.860162,0.05348385,6.194964203541002e-23,2.9507535870227514e-22
Rpe,9.859719,0.30755904,6.222334637361986e-23,2.9627585712369485e-22
Lzic,9.851902,0.942246,6.725873802676495e-23,3.201403559053292e-22
Mbd3,9.8501215,0.2931249,6.846115802569696e-23,3.257502908842749e-22
Cdk13,9.847272,0.42749178,7.042972767162706e-23,3.3500053075113044e-22
Ubfd1,9.845671,0.78412163,7.156038782068794e-23,3.4026018895963405e-22
Lactb2,9.844059,0.38966307,7.271638895239256e-23,3.456366419617547e-22
Ccdc91,9.8438635,0.75731957,7.285811881784888e-23,3.461899843064918e-22
Irf2,9.839021,0.71447116,7.645130780340435e-23,3.631370733628185e-22
Ptk6,9.838262,1.0413023,7.703003149401757e-23,3.6575891690301747e-22
Tmed9,9.83558,-0.104579456,7.911076650324568e-23,3.755084109447708e-22
Tmem62,9.834393,1.1093241,8.004934103266624e-23,3.7983162339407037e-22
Dpf2,9.832524,0.26217347,8.15489227761869e-23,3.868128751177093e-22
Eif2ak2,9.831742,0.10444302,8.218414557656139e-23,3.8969077349496424e-22
Dusp1,9.830172,1.225077,8.347608556997381e-23,3.9567953905351535e-22
Ccdc116,9.829511,2.0847464,8.402569822539474e-23,3.9814671629669893e-22
Ndufb1-ps,9.82811,0.0038990527,8.520295938357695e-23,4.035851990198874e-22
Atp6v0a1,9.8279,1.0051061,8.538086480658443e-23,4.0428785534281234e-22
Nelfcd,9.827542,0.5462871,8.568397485884488e-23,4.055826778105586e-22
Trappc5,9.824944,0.44119057,8.792295567233304e-23,4.160368231208147e-22
Gskip,9.824506,0.5362166,8.830647599189294e-23,4.1770704226535314e-22
Atg4d,9.822155,1.2929566,9.038981567222518e-23,4.274138068180081e-22
Prpf40a,9.82156,-0.045782436,9.09255681078204e-23,4.297985288193723e-22
Cpn1,9.820152,0.89565986,9.220408125210012e-23,4.356913652807426e-22
Tmx2,9.818753,0.6390864,9.349282170967208e-23,4.416284410638223e-22
Pigk,9.81223,0.4123275,9.973993995189869e-23,4.709750272245217e-22
Nfkbia,9.810853,0.3116408,1.0111041191419088e-22,4.772816302818641e-22
Ap1s3,9.80937,0.6795153,1.0260731573459605e-22,4.841804840133198e-22
Usp34,9.805414,0.25799903,1.0670787852422395e-22,5.0335641214859e-22
Samhd1,9.80334,0.08826906,1.0892304466113405e-22,5.136284950831063e-22
Arfip2,9.800492,0.38918543,1.1203802367008064e-22,5.281351167488289e-22
Cdx1,9.796717,0.17479303,1.1630462209642943e-22,5.4805847938272655e-22
Eps15,9.791684,0.18310994,1.2224207746460395e-22,5.758032696934685e-22
Aig1,9.791656,0.10727544,1.222766139078488e-22,5.758032696934685e-22
Umad1,9.78937,0.33153278,1.2507357571068532e-22,5.887714794642416e-22
Zcrb1,9.788321,0.87720156,1.2637712288696876e-22,5.947030817203365e-22
Rbm33,9.784337,0.45289528,1.3145388131329e-22,6.181677534247732e-22
Smad3,9.78058,0.6852642,1.3642687734603933e-22,6.413329486789577e-22
Lurap1l,9.778454,1.0521647,1.3932204986983791e-22,6.547178804020733e-22
Phb2,9.777059,0.09913957,1.4125550628129302e-22,6.635757637913713e-22
Casp6,9.776168,0.7747706,1.4250465026959725e-22,6.692139740510791e-22
Crls1,9.775303,0.21609092,1.437270837029044e-22,6.747229212623473e-22
Slc35a5,9.7710085,0.5179171,1.499513917076024e-22,7.037011947843043e-22
Elk4,9.76566,0.24423866,1.5807870320357827e-22,7.415870553375413e-22
Fam83g,9.759806,0.7938484,1.674751094151286e-22,7.8539853266525505e-22
Stx5a,9.75956,0.3768469,1.6788318342292734e-22,7.87042349437275e-22
Lrrfip1,9.756619,0.32428172,1.7281928534357333e-22,8.0990532113549185e-22
Fbxw11,9.754833,0.44700313,1.7588992219013572e-22,8.240132531518007e-22
Kbtbd11,9.750508,0.99205047,1.8354643469990298e-22,8.595881830551963e-22
Gtf3a,9.745332,0.18263999,1.9314745945677322e-22,9.042422143346025e-22
Rara,9.744254,0.48862815,1.9520644090446948e-22,9.135688156634567e-22
Zbtb8os,9.738922,0.5211881,2.0572437120796463e-22,9.624634882890579e-22
Pcf11,9.737104,0.39023915,2.0943613983833107e-22,9.794935746543015e-22
Wdr81,9.736285,0.94286126,2.1113243571828211e-22,9.870892507512848e-22
Psma3,9.730271,0.39600408,2.2399443773124557e-22,1.0468639562456538e-21
Vps4a,9.727767,1.1329639,2.295782235779052e-22,1.0725938528964311e-21
Oxsr1,9.723202,0.7692386,2.401111438124604e-22,1.1214207280175532e-21
Rae1,9.722547,0.21514241,2.416606076616734e-22,1.1282720415750713e-21
Zc3h7a,9.7188835,0.5813023,2.505142292172136e-22,1.1692089025752205e-21
Pfkfb2,9.718846,0.56607604,2.506045680051912e-22,1.1692314798604536e-21
Pex14,9.718155,0.38135794,2.5231198295781474e-22,1.176796168809044e-21
Mmut,9.715734,0.6212818,2.583816897486522e-22,1.2046947178018476e-21
Ilk,9.712603,0.5684624,2.6644560549757163e-22,1.2418690031285931e-21
Mettl26,9.712162,0.12884256,2.6760014465249975e-22,1.2468252054933336e-21
Rlim,9.71093,0.28620356,2.7085492438156766e-22,1.2615603170701423e-21
Prpf4b,9.710436,0.5045728,2.7216995819908517e-22,1.2672537209303677e-21
Psd3,9.709653,0.6132787,2.742696034104534e-22,1.2765952439203371e-21
Psmb2,9.70409,-0.084329106,2.896486425337703e-22,1.3477186752804726e-21
Arhgap32,9.7038355,0.5077581,2.9037368356315913e-22,1.3506326948048303e-21
Timm17a,9.700882,0.9328612,2.989046139043739e-22,1.3898403927719527e-21
Fbxo33,9.700728,0.87660223,2.993531724561888e-22,1.3914529685038688e-21
Cops2,9.686749,0.10072615,3.4327954736299857e-22,1.5950893000982009e-21
Znrd1,9.682393,0.40127087,3.582325201104613e-22,1.6640046577821191e-21
Exoc3,9.680357,0.11391133,3.6543817823441062e-22,1.696898841207323e-21
Tomm40l,9.677801,0.4316856,3.7468835423586355e-22,1.7392611147913898e-21
Bsdc1,9.677405,0.44109154,3.7614111192207535e-22,1.7454121837578487e-21
Sap30bp,9.67632,0.6557059,3.8015362783027217e-22,1.7634331277404926e-21
Tmem131,9.676037,-0.05825914,3.812089719630053e-22,1.7677289561187172e-21
Ttc4,9.675604,0.73181456,3.828241473788359e-22,1.7746170221713833e-21
Mcmbp,9.675086,-0.035866838,3.8476823053946197e-22,1.783024585776734e-21
Rhob,9.667934,-0.013170968,4.126223212098766e-22,1.911453334195482e-21
Pxn,9.664773,0.73976636,4.255640892663456e-22,1.9707378668192604e-21
Cfl2,9.656456,0.97093374,4.615545247019076e-22,2.136681829823489e-21
Tbc1d14,9.655008,0.3137014,4.681231059313217e-22,2.166356505452056e-21
Tvp23b,9.649541,0.4468674,4.937614862811923e-22,2.284231503685827e-21
Sdhaf2,9.647057,0.4595686,5.058681820456254e-22,2.3394478828116088e-21
Tango2,9.640136,0.23662177,5.411647627286273e-22,2.5018350677193975e-21
Oga,9.639389,0.41947275,5.451148315119763e-22,2.5192447857135098e-21
Synj1,9.638049,1.065282,5.522772358943484e-22,2.551483513802437e-21
Scand1,9.637918,0.7183471,5.529799013523227e-22,2.5538669878395856e-21
Slc30a9,9.637127,0.34527606,5.57258789619252e-22,2.572759604336013e-21
Otud4,9.632655,0.27185813,5.820549329594609e-22,2.686331828626604e-21
Erlin1,9.632484,0.80487555,5.830265650105407e-22,2.6899083254113172e-21
Nup50,9.628739,0.14143245,6.046691758940679e-22,2.7888198921927077e-21
Med25,9.624554,0.035132233,6.297997359937763e-22,2.9037462541183042e-21
Wdr33,9.623379,0.2329677,6.370378412901298e-22,2.9361282371562268e-21
Ddx49,9.620451,0.5707059,6.55430221593847e-22,3.0198814960565558e-21
Plek2,9.612128,0.23953797,7.106436200278882e-22,3.2731732919775582e-21
Tmem252,9.609717,0.5043161,7.274821364824681e-22,3.349602093063216e-21
Kif3b,9.603223,0.46481508,7.748301349362184e-22,3.566409321862264e-21
Sertad2,9.602324,0.5346755,7.81624058386584e-22,3.596470053309736e-21
Rbm7,9.59946,0.5641448,8.036486704182506e-22,3.696567631338573e-21
Prpf6,9.594445,0.26697597,8.4369579150057495e-22,3.879468711758696e-21
Zfp592,9.591735,0.5704642,8.661645974855855e-22,3.981445670795087e-21
Mmadhc,9.587673,0.22040176,9.009379163560609e-22,4.139894491320273e-21
Ddx24,9.586574,0.09006678,9.10586947350963e-22,4.1828271766961435e-21
Arhgap18,9.584893,0.6191754,9.25535957330126e-22,4.2500685750468344e-21
Hivep1,9.582107,0.2668923,9.508546656598333e-22,4.364866583718771e-21
Atxn7l3,9.578247,0.6670096,9.87058228418364e-22,4.529537340141318e-21
Cyp2s1,9.577782,0.372962,9.915120832611304e-22,4.5484494258959945e-21
Fth1,9.577079,0.27723548,9.98289304309771e-22,4.578003432741824e-21
Cnpy2,9.576366,-0.04601749,1.005191734420302e-21,4.608111621923443e-21
Nrbp1,9.570141,1.1855675,1.0676008590999403e-21,4.892574312396677e-21
Psma2,9.568658,-0.020528981,1.0830235185823207e-21,4.961590156319342e-21
Prdm2,9.567399,0.2774006,1.0962854084198708e-21,5.020664085780888e-21
Dnajb1,9.564915,0.32079977,1.1229387208960411e-21,5.1410066984443795e-21
Clock,9.564177,0.056297593,1.1309831932853529e-21,5.176102800594779e-21
Atp1b3,9.552363,0.8811511,1.2677021490299294e-21,5.799875171624049e-21
Gtf2f1,9.550636,0.5448327,1.2890242067530149e-21,5.8954535208519995e-21
Chchd4,9.545967,0.6900719,1.3484380527909406e-21,6.165125500473457e-21
Zfp207,9.545602,0.015484962,1.3531968392483139e-21,6.184815099171354e-21
Ssh3,9.528149,0.40036467,1.6011249964157034e-21,7.31553101436176e-21
Vps52,9.527203,0.312801,1.6157859952359623e-21,7.380051264145553e-21
Vti1a,9.526637,0.5836379,1.6246015869313132e-21,7.417838631481037e-21
Bckdk,9.5211525,0.07242934,1.7126912605791495e-21,7.817440917363108e-21
Prkg2,9.519876,0.94044596,1.7338672799106218e-21,7.911456474066651e-21
Slc9a1,9.519731,-0.12532203,1.7362853278099666e-21,7.919847184056469e-21
Selenok,9.517372,0.3916856,1.7761278619653456e-21,8.098882464947017e-21
Slc2a13,9.511339,0.35524848,1.8822433490171104e-21,8.579892599269661e-21
Plin3,9.509842,-0.04343266,1.909531712567068e-21,8.701381595919578e-21
Fcf1,9.508385,0.2329963,1.9364519502392185e-21,8.821112731352868e-21
Eci1,9.506346,-0.010787735,1.9747875861082345e-21,8.992747332677359e-21
Auh,9.505739,0.6417584,1.9863171944935316e-21,9.042239558821253e-21
Ndufb10,9.497751,0.18969883,2.1447111754467563e-21,9.76004170523607e-21
Tpd52l2,9.489709,0.13395672,2.316813399311998e-21,1.053972828861995e-20
Rab40c,9.486255,0.4199387,2.394836780277984e-21,1.089105186907264e-20
Yeats4,9.4854355,0.49903378,2.4137418924863866e-21,1.0973377785821587e-20
Sco2,9.484994,0.6523249,2.4239607594266785e-21,1.1016172610554945e-20
Cdip1,9.480546,0.67019486,2.5295709127381075e-21,1.149231967830353e-20
Rab3ip,9.479507,0.3595346,2.5548659263910603e-21,1.160338477030812e-20
Cnot1,9.477111,-0.08325956,2.6142176267717045e-21,1.1868999351295837e-20
Srp68,9.476909,0.30726168,2.6192801806182335e-21,1.1888037328229122e-20
Bmp2k,9.475428,0.6828627,2.656703090193322e-21,1.2053886781152513e-20
Edem3,9.474175,0.40565753,2.6887652230383686e-21,1.2195311583764408e-20
Ints3,9.472888,0.067781396,2.7221138685583726e-21,1.2342475846331481e-20
Pbx1,9.471256,0.5817739,2.764983010416581e-21,1.2532695614002898e-20
Mroh1,9.470554,0.77249175,2.783621435700435e-21,1.2612996399338453e-20
Fpgt,9.467748,0.9848145,2.859426096937993e-21,1.2952186775630028e-20
Fam129a,9.466379,0.76620007,2.8971290297812453e-21,1.3118622345118718e-20
Rorc,9.462203,0.00013139863,3.015213097304889e-21,1.3648804735400317e-20
Cachd1,9.460806,0.2981634,3.055781738309708e-21,1.3827867396222785e-20
Gorasp2,9.459256,-0.07086901,3.1014242557440023e-21,1.402976404144864e-20
Traf7,9.458977,0.38922468,3.1097233618571295e-21,1.4062654422419392e-20
Exoc6b,9.44154,0.70294166,3.6734033964018636e-21,1.6606212048196855e-20
Acp1,9.43888,0.39528218,3.7678506004812525e-21,1.7027546913939567e-20
Wipi2,9.437225,0.8199997,3.827797711274917e-21,1.7292743211656585e-20
H2-D1,9.434427,0.9127189,3.9313678661413454e-21,1.7754773966143625e-20
Tomm70a,9.432359,0.035304144,4.009689886678329e-21,1.810251211631765e-20
Xpr1,9.43211,0.35989267,4.019216652246174e-21,1.8139533900814e-20
Dlgap4,9.429674,0.30680868,4.1136438486754514e-21,1.855957757526783e-20
Cnst,9.419286,0.6982607,4.541682078437886e-21,2.0484004756806756e-20
Ankrd52,9.416938,0.14391539,4.644360283259513e-21,2.094020009019909e-20
Lamtor4,9.408699,0.19908467,5.023169563502262e-21,2.264068680978689e-20
Plekhm1,9.407936,0.99472934,5.0597548608811275e-21,2.2798071737248573e-20
Sec62,9.404213,0.12779951,5.242094787582073e-21,2.3611872931549687e-20
Lysmd3,9.399927,1.1110697,5.460069290657883e-21,2.4585593529715688e-20
Pias1,9.399695,0.49206457,5.472149625462558e-21,2.4631878251547228e-20
Sub1,9.398757,0.6903191,5.5211639562955765e-21,2.4844329418342222e-20
Ubqln2,9.398379,0.0056350324,5.540998447109362e-21,2.4925379527704117e-20
Txlng,9.397604,0.85068727,5.581960874810763e-21,2.5101386045063196e-20
Usp38,9.394051,0.5044968,5.773607697807131e-21,2.5954663138564274e-20
Galnt7,9.392908,-0.08971776,5.836587736072522e-21,2.6229161120864848e-20
Pitpnb,9.3909445,0.098296,5.946483650433179e-21,2.6714245702915152e-20
Plbd2,9.389679,0.23467141,6.018317350231679e-21,2.7028075456294977e-20
Tbcc,9.387691,1.0441658,6.133021333624391e-21,2.7534165048362946e-20
Cdk9,9.386981,0.63564974,6.1744832323012465e-21,2.771121043705925e-20
Zzz3,9.373452,0.33430302,7.019789160443293e-21,3.149462492423295e-20
Ext1,9.368879,0.70698017,7.330676206788142e-21,3.2878647795286276e-20
Kpna4,9.368686,0.44712612,7.344145885147704e-21,3.292826064898192e-20
Anks1,9.366717,0.7833997,7.48236417957702e-21,3.3536981368638396e-20
Brms1,9.362452,0.6179752,7.790749028183516e-21,3.4907763093187936e-20
Smim8,9.358578,0.74495,8.081690595002094e-21,3.6199514866247506e-20
Lpgat1,9.355475,0.37405434,8.322447556274468e-21,3.7265707377882563e-20
Cpsf3,9.355171,0.024742886,8.346410594252473e-21,3.736077410029544e-20
Gatad2b,9.354284,0.12622027,8.416760885250978e-21,3.766335245608872e-20
Gpaa1,9.353285,0.60901845,8.49670853459502e-21,3.8008665099963005e-20
Casp8,9.349954,0.54445297,8.768606888653269e-21,3.9212131851646e-20
Smarcd2,9.346125,0.051764112,9.091773646264025e-21,4.064400281551505e-20
Cep170b,9.340773,0.61160284,9.563380972998709e-21,4.2738312028025275e-20
Elovl7,9.3285475,-0.112729326,1.0733135752366672e-20,4.7950222611438825e-20
Usp22,9.328391,-0.052017577,1.074905042998736e-20,4.800563835077634e-20
Hdac3,9.31658,-0.06076108,1.2015060088870947e-20,5.364216347218746e-20
Lipg,9.310189,0.27949297,1.2760466989845652e-20,5.695149676440577e-20
Atpif1,9.309994,0.058204293,1.2784015268931468e-20,5.703798003348706e-20
Pdhb,9.307492,0.2686297,1.3088551778766874e-20,5.837767305108839e-20
Golga2,9.307044,0.5226761,1.3143953585892765e-20,5.860566197818179e-20
Gcsh,9.305449,0.62861574,1.3342765423741766e-20,5.94727239796834e-20
Amn,9.3047,1.6481895,1.3437092096084358e-20,5.987365083543617e-20
Dcaf12,9.303348,0.3562474,1.360917152960636e-20,6.06206581978394e-20
Psmc4,9.302513,0.27887025,1.37164109869984e-20,6.107845009677731e-20
Edem2,9.302044,0.21536382,1.3777083420362985e-20,6.132865096792442e-20
D2hgdh,9.301094,0.9824179,1.390082573228014e-20,6.18593530390273e-20
Top3b,9.297571,0.5356707,1.436907451639873e-20,6.392228172145498e-20
Hexb,9.2973385,0.10938947,1.4400526823640122e-20,6.404136725635079e-20
Acad9,9.293267,0.52880263,1.496237918993439e-20,6.65183795261225e-20
Lats1,9.285672,0.1286077,1.6068894667573376e-20,7.141440837798697e-20
Ube4b,9.280902,0.36822695,1.6805060735150043e-20,7.466186015372867e-20
Dap3,9.274109,-0.0606296,1.7910994773732053e-20,7.954948149749458e-20
Arid1b,9.272891,0.062028956,1.8116737612943923e-20,8.043713858993771e-20
Atmin,9.268681,0.22185618,1.8846218410798367e-20,8.364882725338126e-20
Tnks2,9.265125,0.43755975,1.9484810638123988e-20,8.645515427525812e-20
Cnot8,9.263057,0.37323844,1.9866110207384227e-20,8.811840969379802e-20
Cdc73,9.254873,0.5830755,2.1448464396678997e-20,9.510627452159056e-20
Dynlt1f,9.253894,0.20155646,2.164593425019751e-20,9.595077824034066e-20
Klhdc2,9.253023,0.071158975,2.182311024949303e-20,9.670480643610408e-20
Swi5,9.248832,0.30244535,2.2696054059879997e-20,1.0054050510814997e-19
Sec23ip,9.241598,0.26853883,2.4284271754869425e-20,1.0754126173828996e-19
Tmem184a,9.230008,0.2626697,2.7061220275757872e-20,1.1979999587924534e-19
Rab11fip1,9.225861,0.1293627,2.8129225489960515e-20,1.2448775358421037e-19
Gnaq,9.2257185,0.4046348,2.816673166550204e-20,1.246134116873958e-19
H13,9.225144,-0.06665918,2.831779040760244e-20,1.2524119787320935e-19
mt-Cytb,9.221555,0.1906048,2.92823089867259e-20,1.2946510681974674e-19
Ptp4a2,9.216184,0.38877636,3.078619839864029e-20,1.360676489088321e-19
Tbl1x,9.216151,0.19857045,3.0795566608616845e-20,1.360676489088321e-19
Hibadh,9.215833,-0.046284042,3.0887054479797005e-20,1.3642780039122224e-19
Leng8,9.215482,0.1492922,3.0988237194587706e-20,1.3683052748982464e-19
Araf,9.215188,0.5098782,3.107320026714717e-20,1.3716139885514444e-19
Tmem192,9.2114315,0.34134105,3.218054881518591e-20,1.4196853630138753e-19
Apool,9.211423,0.11300997,3.218299543212441e-20,1.4196853630138753e-19
Ociad1,9.209395,0.22541912,3.2796715548570246e-20,1.4462917933785816e-19
Tpd52,9.209061,-0.085684404,3.289907919045561e-20,1.4503381944857527e-19
Ccnl1,9.207225,0.17287633,3.3466479154375605e-20,1.4748762566422378e-19
Ppip5k1,9.205699,0.16298257,3.394540454800358e-20,1.495500667506279e-19
Pcx,9.203116,0.59490526,3.477147787022761e-20,1.5314008369576894e-19
Smarce1,9.202097,0.1977064,3.5103178040002077e-20,1.5455117826691192e-19
Nrip1,9.201615,0.20734376,3.5260825308664525e-20,1.5519529645831587e-19
Ncoa6,9.199676,0.086448155,3.590321428822159e-20,1.5797183249402517e-19
Aim2,9.196862,0.4765737,3.6855314080858544e-20,1.6210885173873933e-19
Deaf1,9.196604,1.1272266,3.694424349920745e-20,1.6244775879474659e-19
Shc1,9.192714,0.18904158,3.830537480286343e-20,1.683786565185334e-19
Fam241a,9.190727,0.41462547,3.9019579947994695e-20,1.714629677984664e-19
Pafah2,9.189216,0.8110275,3.9571735587198803e-20,1.7383343532121543e-19
Dnttip2,9.188809,0.18821968,3.972133137810676e-20,1.7443455574682397e-19
Scap,9.184163,0.4426491,4.1474133421016724e-20,1.8207344286754532e-19
Srek1ip1,9.171544,0.16070609,4.6629040706212726e-20,2.0463803968467878e-19
Tmem65,9.169765,0.3255973,4.7404883606372996e-20,2.079761897071385e-19
Rnf38,9.167834,0.124752566,4.8261914161799604e-20,2.1166827330423655e-19
Tbk1,9.162824,0.4935761,5.055660727566812e-20,2.216613031403532e-19
Psma1,9.160436,-0.090678595,5.1688344591252625e-20,2.265506770145448e-19
Washc3,9.157357,0.40784523,5.318374556151517e-20,2.330303494244537e-19
Adamtsl5,9.155208,1.065221,5.425353428944113e-20,2.3764160198850334e-19
Uaca,9.150804,0.34058118,5.65117261515361e-20,2.4745368399688e-19
Appbp2,9.144476,0.24771963,5.991976112220659e-20,2.6229280836945423e-19
Helz2,9.138146,0.18609461,6.353200623655558e-20,2.7801605929116723e-19
Smurf1,9.137097,0.9900394,6.415079569436931e-20,2.8063407905326306e-19
Slc52a3,9.131998,0.34607354,6.724646026526323e-20,2.940822974504236e-19
Prrc2a,9.126115,-0.007905315,7.100136981382091e-20,3.104040064590796e-19
Borcs8,9.125993,0.57341045,7.108164965111413e-20,3.106556596289504e-19
Plcl2,9.12584,0.7331201,7.11821256236208e-20,3.109953891063944e-19
Malt1,9.1247425,0.95659846,7.190700010234083e-20,3.140620333438233e-19
Il22ra1,9.118042,1.0113958,7.649401448393276e-20,3.339896705197256e-19
Ifit1,9.114029,0.19919014,7.937784288162761e-20,3.4647047603136215e-19
Scaf11,9.1133375,0.44341263,7.988559495221201e-20,3.4857546616831504e-19
Ciz1,9.111374,0.46452683,8.134554802048918e-20,3.548326536459935e-19
Med1,9.105638,0.050453115,8.576129960287165e-20,3.739750548690274e-19
Tmem170,9.103867,0.9354183,8.717159135989146e-20,3.8000366969923993e-19
Lmtk2,9.10168,0.8372353,8.894500242148261e-20,3.8761086937978797e-19
Ampd3,9.09143,0.525565,9.7744822283075e-20,4.258236523482162e-19
Sike1,9.090235,0.56990457,9.882546734351294e-20,4.303943522046304e-19
Irak1,9.087777,0.24368438,1.0108485340858448e-19,4.400940370462886e-19
Akr7a5,9.08683,-0.02127962,1.0196840598126216e-19,4.437994754276767e-19
Hnrnpll,9.079628,0.17691685,1.0894694029115138e-19,4.740214471783312e-19
Cyhr1,9.0739565,0.5966761,1.1477151906017108e-19,4.992050010012212e-19
Txnl4a,9.0733595,-0.032776587,1.1540304818016376e-19,5.01792268319154e-19
Ptges2,9.068011,0.15473671,1.2120953958754934e-19,5.268723629560513e-19
Bmi1,9.067066,0.8633546,1.2226444636250295e-19,5.312889431227289e-19
Usp12,9.066785,1.1016556,1.2258061934683252e-19,5.324936370927365e-19
Nudt3,9.065991,0.6161102,1.2347621612026083e-19,5.362137997601038e-19
Kbtbd2,9.065553,0.1451786,1.2397398329424637e-19,5.382045147774028e-19
Atf6,9.065063,0.12317876,1.2453197297137443e-19,5.404553254152794e-19
Adam9,9.060684,0.03107457,1.2963535736970057e-19,5.62424972090944e-19
Rap2c,9.05301,0.95207334,1.3908066333419966e-19,6.032122014256836e-19
Mon1a,9.052888,0.75672406,1.3923668735375143e-19,6.036974316938969e-19
Man1b1,9.050656,0.6531632,1.4211204568506576e-19,6.159690094273453e-19
Osbpl10,9.050572,0.65728694,1.422209391019155e-19,6.162456724393835e-19
Casc3,9.043072,0.43934825,1.5232964760987615e-19,6.598377988802839e-19
Wnk1,9.039402,-0.10266736,1.5753089345382629e-19,6.821516681384023e-19
Aldh16a1,9.036569,1.0965983,1.616664633306728e-19,6.998382038768441e-19
Agap3,9.034409,0.38697162,1.6489141284319115e-19,7.135728071615946e-19
Mtdh,9.028736,-0.1012244,1.7366613140035693e-19,7.513079237266311e-19
Tet2,9.028047,0.5654924,1.74763564249856e-19,7.558164899167555e-19
Pex16,9.022278,1.0175388,1.8421825177725287e-19,7.964541868649803e-19
Pank2,9.018017,0.28701797,1.9152518383808648e-19,8.277834668096816e-19
Atrn,9.017313,0.15773791,1.9275917920796656e-19,8.328536416015617e-19
Ppp2r2a,9.012051,0.5498268,2.0223976286636151e-19,8.735403528734977e-19
Fzr1,9.010898,0.640636,2.0437664828569013e-19,8.8249152677828e-19
Ptpn12,9.009203,0.87872624,2.0756017019187108e-19,8.959549644488122e-19
Wdr44,9.006345,0.8230624,2.1303864005795336e-19,9.193131596063466e-19
Mlxip,9.00613,-0.12196686,2.134549406090154e-19,9.208190261287966e-19
Sec61a1,9.005308,-0.08148289,2.1506021813752227e-19,9.274514295271577e-19
Naa20,8.998649,0.23285209,2.2851325123427743e-19,9.851572227707264e-19
Commd7,8.996917,0.48617908,2.321455787771434e-19,1.0005013519626333e-18
Fbxo6,8.99289,0.77098054,2.40813058718341e-19,1.0375294826632997e-18
Rbm22,8.9927225,0.32585534,2.411799410226336e-19,1.038782895585674e-18
Tars,8.9867115,0.09547616,2.5473834414907714e-19,1.0968346524680825e-18
Smurf2,8.979427,0.47602198,2.721799800964268e-19,1.1715647553725642e-18
Cox11,8.978964,0.5428135,2.733277529562106e-19,1.1761349973807993e-18
Arhgap1,8.978793,-0.0785499,2.737536905988776e-19,1.1775972692480815e-18
Ddr1,8.970093,0.21613033,2.9626428349434565e-19,1.2740295838947097e-18
Coq10b,8.968479,0.58452934,3.0063579731858263e-19,1.292422046001766e-18
Wbp11,8.967949,0.3253398,3.020865742173384e-19,1.2982507550038035e-18
Tusc2,8.9670315,0.28100398,3.046138980870141e-19,1.3087009287904235e-18
Nek6,8.9657955,0.35658404,3.080503974316403e-19,1.3230493671098244e-18
Reps2,8.964016,0.6849552,3.130626393019944e-19,1.3441543461396465e-18
N4bp1,8.960269,0.073989965,3.2388684220054308e-19,1.390192268390592e-18
Anapc1,8.95633,0.32071972,3.3566360228359113e-19,1.4402885978123969e-18
Pdcd5,8.950896,0.19300821,3.526079981565195e-19,1.5125201928451708e-18
Dmxl1,8.948987,0.3086655,3.587598389654796e-19,1.5384260890100135e-18
Larp4,8.9463005,-0.039560612,3.675957345169914e-19,1.5758218399748769e-18
Osbpl11,8.942015,0.92374283,3.82138623434989e-19,1.6376514181991458e-18
Chdh,8.9338045,0.17277491,4.116046582397051e-19,1.763375219745604e-18
Srpk1,8.932409,0.14408252,4.168305007251794e-19,1.7852042271897366e-18
Mink1,8.932318,0.3734295,4.1717659498148313e-19,1.7861270934163375e-18
Ppt1,8.926476,0.4191198,4.397975601431732e-19,1.8823886181401858e-18
Ppig,8.9201765,0.17776804,4.655463403691226e-19,1.991973155365379e-18
Mprip,8.916697,0.209699,4.804044091793576e-19,2.0542621311844015e-18
Fbxw2,8.912105,0.47999796,5.007279600972265e-19,2.1404985477741705e-18
Lztr1,8.911868,0.42459357,5.017979932395859e-19,2.144402361734793e-18
Pja1,8.89823,0.5168374,5.674441789407277e-19,2.424179677292862e-18
Zfp513,8.890992,0.52623534,6.056545174885933e-19,2.586610095770304e-18
Mfsd9,8.889509,0.7180436,6.137921728725837e-19,2.620545727140987e-18
Tnpo3,8.889192,0.028241187,6.155523788271056e-19,2.6272405681837294e-18
Hectd4,8.889108,0.54606676,6.160158239166141e-19,2.6283982502526357e-18
Grsf1,8.887394,0.050952476,6.255870265338176e-19,2.6684038015751575e-18
Ntan1,8.887217,0.46451563,6.265866852819371e-19,2.6718344001342342e-18
Zdhhc12,8.8832655,0.922839,6.492566479681907e-19,2.7676386100264987e-18
Zadh2,8.880783,0.22464654,6.639124380983254e-19,2.8292310972248673e-18
Kmt5a,8.87952,-0.11010139,6.714916727512623e-19,2.8606382008951753e-18
Ppp1r13b,8.867286,0.2548973,7.495046569978948e-19,3.19198884598138e-18
Cdk18,8.864497,0.40446278,7.685007610068275e-19,3.271870456652667e-18
Cept1,8.862908,-0.11681299,7.795378003092942e-19,3.3178273947182067e-18
Xpnpep1,8.861918,0.60404205,7.8648831470433375e-19,3.3463682960739776e-18
Tmem208,8.861037,0.5589996,7.927308097275676e-19,3.3718798827447858e-18
Xpo6,8.859891,0.38458124,8.009251290272477e-19,3.4056751055496305e-18
Kif13b,8.852182,0.20785739,8.582400435590429e-19,3.6482538376344146e-18
Map11,8.850661,0.897833,8.700241118598366e-19,3.6971969327791375e-18
Rnf146,8.849852,0.2002833,8.763602646768713e-19,3.722965709678849e-18
Aggf1,8.848674,0.3153352,8.85650570057959e-19,3.76126445513745e-18
Med13l,8.848158,0.9199965,8.897547495239017e-19,3.777521328698961e-18
Asph,8.847791,0.26512814,8.926861501515499e-19,3.788790534861094e-18
Eef2,8.847404,-0.028622461,8.957907551162714e-19,3.8007876438768266e-18
Rnf216,8.845739,0.4831381,9.092459141379347e-19,3.8566804825794844e-18
Pccb,8.843395,-0.076694906,9.28530998353387e-19,3.9372593496069976e-18
Atp5j,8.84304,0.020886926,9.314864638881646e-19,3.948567078013221e-18
Dnajc30,8.839921,0.45403755,9.578599542606422e-19,4.059105941900924e-18
Arnt,8.836849,0.29754755,9.845573245205965e-19,4.1709483930666534e-18
Brox,8.835556,0.35665458,9.960150598692718e-19,4.2181808435157296e-18
Psmd3,8.82973,0.24856983,1.0492834503167623e-18,4.442399747084125e-18
Flad1,8.825585,0.63738716,1.0888866154189656e-18,4.6086426697166055e-18
Plekhj1,8.82443,0.38863537,1.1001782705207332e-18,4.654993146463808e-18
Ptpa,8.823974,0.27409625,1.1046789240040025e-18,4.6725902523212916e-18
Gtf3c6,8.823225,0.57832825,1.1120920951410861e-18,4.702492084432391e-18
Naga,8.820839,0.10223908,1.1360548952504126e-18,4.8023340626118675e-18
Clcn5,8.819374,0.55425626,1.151012018094587e-18,4.864057276713064e-18
Phc2,8.816706,1.003718,1.1787613495653297e-18,4.979784199970925e-18
Pard3,8.811511,0.3715843,1.2347055587680017e-18,5.212904759540729e-18
Ces2b,8.811194,1.1121167,1.2381934901278657e-18,5.22601727700573e-18
Epsti1,8.8100395,0.024402367,1.2510129068349677e-18,5.2784947550040674e-18
Pigm,8.807827,0.72279453,1.2759547814118066e-18,5.3820732991383264e-18
Slc25a44,8.807372,0.7017843,1.2811415987367564e-18,5.4006200255009686e-18
Vkorc1l1,8.804383,0.10603802,1.315737965041357e-18,5.544750900443931e-18
Ostc,8.803221,0.157773,1.329446587151636e-18,5.60079546497185e-18
Aacs,8.802486,0.39723474,1.3381772404162865e-18,5.635840395039334e-18
Uap1l1,8.80215,1.3093759,1.3421976897386345e-18,5.651032452948222e-18
Fbxl3,8.801071,1.1722989,1.3551680942096194e-18,5.703885407299645e-18
Btbd9,8.80074,0.8669454,1.3591648281100195e-18,5.7189473921244664e-18
Isca2,8.799313,0.3000435,1.3765689090622992e-18,5.790396749131634e-18
Sfr1,8.78946,0.21451393,1.5028039669971832e-18,6.319447800949102e-18
Macf1,8.782806,0.059440374,1.5944578028106158e-18,6.702800631243521e-18
Txnl1,8.782327,-0.059238285,1.6012698952079025e-18,6.7293687206416925e-18
Lats2,8.781813,1.871528,1.608606712735295e-18,6.758124975930924e-18
Thap7,8.779076,0.3905087,1.648240873200177e-18,6.9225104241438636e-18
Lin54,8.778461,0.7824017,1.6572620511101007e-18,6.958261758959358e-18
Trappc11,8.777308,0.8182466,1.6743273451214036e-18,7.02775520090092e-18
Limd1,8.772505,0.7766591,1.7473466137192587e-18,7.331992925011005e-18
Wac,8.770155,-0.0016036206,1.784202178316573e-18,7.484345027140839e-18
Qars,8.769913,0.015294732,1.7880527726450293e-18,7.498197382987052e-18
Dctn5,8.767128,0.3937988,1.8328125901674244e-18,7.683541437933638e-18
Tnpo1,8.767083,0.19389863,1.833542979300898e-18,7.6842476990315e-18
Dnajc22,8.754222,0.92758197,2.055160547537022e-18,8.610392306240434e-18
Arpp19,8.742888,0.21658155,2.2722429643759574e-18,9.516974743596085e-18
Usp32,8.738937,0.7870484,2.3531267191406194e-18,9.852727459965699e-18
Rabgap1l,8.738344,0.13547282,2.3655212169482972e-18,9.898562619880038e-18
Rnps1,8.73598,0.25381732,2.415529113694388e-18,1.0104729467657008e-17
Psmf1,8.7296915,0.35849634,2.553690813206644e-18,1.0676160767533126e-17
Fasn,8.727154,-0.05428731,2.611623366328443e-18,1.0915021251387976e-17
Tsc22d2,8.726258,0.5172418,2.6323756216237856e-18,1.0998391880753213e-17
Hnf1a,8.724684,0.6746539,2.669264977350477e-18,1.1149113795133711e-17
Wrnip1,8.719596,0.2635903,2.7919615168879467e-18,1.1658037784257305e-17
Tpgs1,8.718532,1.0033789,2.8183383552558186e-18,1.176458394631359e-17
Smu1,8.716746,0.74349177,2.8631053470406738e-18,1.1947807635270434e-17
Ino80b,8.7143,0.19521068,2.9255910181905588e-18,1.2204837453860858e-17
Cdc42bpg,8.712944,0.7225472,2.960825868529902e-18,1.2348061528559442e-17
Hgfac,8.711583,0.10663394,2.996587495635976e-18,1.2493394513055479e-17
Hint2,8.70616,0.114464186,3.1434394604104267e-18,1.3101656391683201e-17
Necap1,8.705893,0.24998848,3.1508551874042248e-18,1.3128563280850937e-17
Oasl2,8.704073,0.014441629,3.201811313727362e-18,1.3336816848986194e-17
Abca3,8.70076,0.5813738,3.296681057145372e-18,1.3727805559215275e-17
Rreb1,8.692285,-0.11796173,3.552223775731827e-18,1.4787415565641624e-17
Appl2,8.6894865,-0.119209565,3.640825792251689e-18,1.5151641116567818e-17
Cnot2,8.684721,0.17709643,3.796728425799077e-18,1.5795637731305865e-17
Senp5,8.684529,0.88515353,3.803137967280247e-18,1.581749139372183e-17
Add3,8.6838665,0.04258504,3.825381039862119e-18,1.5905164402588775e-17
Slc11a2,8.680258,0.5005136,3.948722754832754e-18,1.641300415572581e-17
Vipas39,8.67935,0.17459123,3.980362933265008e-18,1.6539490462594647e-17
Mlkl,8.67607,0.493222,4.096794420562883e-18,1.7018123846050252e-17
Cops4,8.673545,0.1591453,4.1887200422832205e-18,1.7394699841549662e-17
Gprin3,8.668172,0.5493323,4.391132130079098e-18,1.8229730382158977e-17
Zfp292,8.666205,0.22744238,4.467600184460957e-18,1.8541557669955566e-17
Slc33a1,8.664843,0.19005936,4.5213579900949856e-18,1.8754625033152368e-17
Nit1,8.664835,0.04473797,4.5216818087241944e-18,1.8754625033152368e-17
Drg2,8.658049,0.17904438,4.799102146986841e-18,1.989924859310038e-17
Rb1cc1,8.65269,0.5272936,5.029966534740684e-18,2.0850194714331268e-17
Ttll12,8.652443,0.47496077,5.040860289380009e-18,2.0889019532506554e-17
Tox3,8.649178,0.31040964,5.187211653567823e-18,2.1488978904132076e-17
Akt1s1,8.64218,0.0025385402,5.515022095783749e-18,2.284007485155747e-17
Med6,8.640108,0.5081972,5.615990258152474e-18,2.3251185825078743e-17
Xk,8.639945,0.990083,5.624017562823205e-18,2.3277372933295196e-17
Suclg1,8.637991,0.24087968,5.7210289119013194e-18,2.367173082307127e-17
Ppm1g,8.637932,0.103680745,5.723991194952745e-18,2.3676823832721957e-17
Tsc22d3,8.636107,0.48994923,5.816057734283963e-18,2.405037481594593e-17
Abraxas2,8.635396,0.3729218,5.852394057290265e-18,2.4193315820267343e-17
Tlr1,8.633768,0.08434251,5.936322359623832e-18,2.453285230216256e-17
Fbxw8,8.632543,0.535121,6.00031480455696e-18,2.478982022728593e-17
Washc2,8.629407,0.48957366,6.1670832347153e-18,2.5471115443893606e-17
Spast,8.629115,0.4379,6.182829773346459e-18,2.5528441168633098e-17
Adnp,8.628257,-0.020605436,6.229419237676269e-18,2.5713041978636577e-17
Rhbdf1,8.626939,1.1596457,6.301582689670478e-18,2.6003060736645682e-17
Itsn2,8.625042,0.4830248,6.406922462908758e-18,2.642976310113945e-17
Phf5a,8.62064,0.24783483,6.6580985865502694e-18,2.7457629122760837e-17
Cebpzos,8.617448,0.09810112,6.846309864614814e-18,2.822529014127452e-17
Ssb,8.61616,-0.12356099,6.923672636109164e-18,2.853563089173985e-17
Cux1,8.6096945,-0.12346002,7.325573842169472e-18,3.0182953387064637e-17
Yes1,8.609529,0.2836401,7.33613934145101e-18,3.0210969872774824e-17
Smpd2,8.609519,0.794962,7.336792025410251e-18,3.0210969872774824e-17
Srsf2,8.608601,-0.09257592,7.395768888855794e-18,3.044465368907375e-17
Zfp710,8.607644,0.6517641,7.45773387386956e-18,3.069049374816919e-17
Stt3b,8.60173,-0.032340933,7.852287498715419e-18,3.229704284717622e-17
Snu13,8.601723,-0.052996818,7.852845884231147e-18,3.229704284717622e-17
Pcyox1,8.59983,0.1698248,7.98345625240703e-18,3.282434282972524e-17
Zfp467,8.598565,-0.0650391,8.071909859538087e-18,3.317804849088769e-17
Kdm5b,8.592888,0.317693,8.481016671300378e-18,3.484912950121174e-17
Brd7,8.592549,0.42045492,8.506055577107646e-18,3.4931644363446153e-17
Nqo1,8.592547,0.33310446,8.506206634755077e-18,3.4931644363446153e-17
Strap,8.591342,0.26748666,8.595946454103607e-18,3.5289573029080405e-17
Farp1,8.590058,0.29583487,8.692482893641822e-18,3.5675181143623025e-17
Ppil1,8.589875,0.42726004,8.706382958660025e-18,3.572150823872663e-17
Abhd13,8.589643,-0.038896915,8.724021204177702e-18,3.578314036206661e-17
Metap2,8.584323,-0.119170465,9.137306749402605e-18,3.746706740572132e-17
Pin4,8.579036,0.84075856,9.567188928876071e-18,3.921801816618114e-17
Dhx8,8.576588,0.5903692,9.772909486505393e-18,4.0049306930764535e-17
Lrp12,8.574772,0.58232987,9.92829940522282e-18,4.0673904843146216e-17
Ext2,8.574363,0.3893856,9.963729206741503e-18,4.080682746396827e-17
Gse1,8.574315,0.36415654,9.967791310671815e-18,4.0811241369292534e-17
Oard1,8.570885,0.57615024,1.0269327512786812e-17,4.203323966996697e-17
Tusc3,8.559265,0.36113378,1.1358879616337866e-17,4.647895833435677e-17
Ash2l,8.555122,0.17358482,1.1774345280468596e-17,4.816457424780378e-17
Rac1,8.553947,0.88716507,1.1894878559864254e-17,4.864308143126306e-17
Ap5b1,8.548979,1.1500863,1.2418241696976286e-17,5.076814804369229e-17
Fgfrl1,8.545832,1.0033623,1.2761436406131045e-17,5.2155601570185905e-17
Map2k7,8.543006,0.8572347,1.3077449750849282e-17,5.343116980665191e-17
Thumpd3,8.541535,0.4504636,1.3245003012340068e-17,5.409958667674744e-17
Tfcp2l1,8.5411825,-0.10388591,1.3285520597279226e-17,5.424887852128797e-17
Golgb1,8.539734,0.5750464,1.3453091601968906e-17,5.49167246737089e-17
Cops8,8.538627,0.53931427,1.3582653972153466e-17,5.5429063882184015e-17
Gramd4,8.531454,0.56340337,1.4451898798537634e-17,5.895874584427272e-17
Rgp1,8.531353,0.8192742,1.446464776303263e-17,5.899315781672271e-17
Psmd14,8.529331,0.18784384,1.4719634429407647e-17,6.001520596963314e-17
Ptprk,8.52916,-0.030563055,1.4741450644751972e-17,6.008624070550915e-17
Serbp1,8.52859,0.063132286,1.4814140881672792e-17,6.036453413494501e-17
Gtf2f2,8.527963,0.47679868,1.4894797532261908e-17,6.067511356975919e-17
Prxl2c,8.5254965,0.16586721,1.5215611416030546e-17,6.19635158172179e-17
Jun,8.52478,-0.06731747,1.531002143549816e-17,6.232942635618855e-17
Ptpn18,8.51679,0.22176217,1.640362290498729e-17,6.676176881717299e-17
Khnyn,8.511654,0.9761915,1.7146967889819085e-17,6.976637485667241e-17
Tmem11,8.51066,0.09572249,1.7294525481542515e-17,7.034581676385898e-17
Psmd12,8.510381,0.22895993,1.7336260859889014e-17,7.049460816502595e-17
Kdm3a,8.50651,0.408785,1.7924792224746068e-17,7.28660920551137e-17
Mtss1,8.495684,0.10354896,1.9677043592811843e-17,7.996540003913877e-17
Mov10,8.49309,0.7486075,2.012152687591593e-17,8.174743910521401e-17
Ttc9c,8.491611,0.14244376,2.0379285581656965e-17,8.27700416778019e-17
B4galnt3,8.489032,0.19892621,2.083648864109748e-17,8.460183556027555e-17
Mfsd13a,8.486399,0.65901,2.1313903404817944e-17,8.651458268355161e-17
Sipa1l1,8.486126,0.34044433,2.1364070911365298e-17,8.669248359433842e-17
Sec24b,8.484387,0.29070973,2.1685782853339303e-17,8.797184233741174e-17
Immp1l,8.483069,-0.0019859734,2.193289162269305e-17,8.894789233105797e-17
Rufy1,8.48298,0.6967371,2.19498232568614e-17,8.899016692486796e-17
Tpp2,8.481192,-0.0060447706,2.229000449198153e-17,9.034256414577576e-17
Kdm3b,8.480475,0.41247392,2.2427607453084e-17,9.08733427913848e-17
Slc35a4,8.477022,-0.1526053,2.3103176364217106e-17,9.358291966252042e-17
Tcim,8.464852,-0.10791881,2.5647785945530154e-17,1.038594826192256e-16
Fbxo9,8.464109,0.7388829,2.5811691019099906e-17,1.0449226604090918e-16
Prpf18,8.463253,0.573761,2.6002096670931374e-17,1.052319242305376e-16
Dcaf10,8.462567,1.0310868,2.6155418342325902e-17,1.0582110823411441e-16
Mdm2,8.459854,0.85107297,2.677111844784024e-17,1.0828010788944552e-16
Scnm1,8.459345,0.39065975,2.6888437768406495e-17,1.0872246791335269e-16
Cldn12,8.454343,0.49029157,2.806632755345918e-17,1.134516787743288e-16
Dnaja3,8.45346,0.0527102,2.8279556517836477e-17,1.142798272403705e-16
Skap2,8.453164,0.34117416,2.8351317722592343e-17,1.1453597336970467e-16
Tfip11,8.450512,0.7329764,2.9002772111386185e-17,1.1713316852427824e-16
Vps26c,8.449088,0.4433705,2.935862351196699e-17,1.1853533407916994e-16
Ebna1bp2,8.444915,-0.027297324,3.0426711333929725e-17,1.2281147505651976e-16
Xpa,8.440647,0.5887277,3.1558440797516767e-17,1.2734189374625017e-16
Iscu,8.439216,0.37448826,3.194743611833682e-17,1.2887350705553274e-16
Ssr2,8.436613,-0.17938101,3.2666649280438296e-17,1.3173589764376105e-16
Pcmtd2,8.435758,0.41489065,3.2906282893144886e-17,1.326631540577112e-16
Osr2,8.434208,0.20986092,3.33453741004333e-17,1.3439374913746695e-16
Ppargc1b,8.432823,0.3060307,3.3742553077819336e-17,1.3595445295791969e-16
Mta3,8.427175,0.32833967,3.541116366495493e-17,1.42635541419222e-16
Arhgef11,8.42488,0.37346834,3.61121145481006e-17,1.454161267506701e-16
Tgfbr1,8.423073,0.84845185,3.667377117985665e-17,1.476343305518221e-16
Ktn1,8.420514,0.15322173,3.748346884054971e-17,1.5084945155812752e-16
Prag1,8.414028,0.5720506,3.9616677847062447e-17,1.5938748736645455e-16
Akirin1,8.413133,0.655376,3.9920422508915726e-17,1.6056228759100662e-16
Dhx36,8.412992,0.15716898,3.996837214998166e-17,1.6070787684533936e-16
Npas2,8.41141,0.13292679,4.0510855124630604e-17,1.6284125333019504e-16
Rhog,8.410695,0.25406983,4.075893089527734e-17,1.6379029679486264e-16
Mcfd2,8.409866,0.06695579,4.1047748490048226e-17,1.6490245611087235e-16
Etf1,8.404142,-0.030037586,4.3099803374427254e-17,1.7304457168094324e-16
Ap4s1,8.402229,1.0634242,4.380808549231599e-17,1.7583668010197274e-16
Macrod2,8.398731,0.7283447,4.513288934961661e-17,1.81101015802819e-16
Gba,8.395382,0.54312015,4.6438302384575234e-17,1.8628447788473639e-16
Axin1,8.393168,0.37141538,4.732125570995817e-17,1.8977072487791142e-16
Mfsd1,8.3918915,0.5202127,4.783819481456321e-17,1.9178754444126412e-16
Ndrg3,8.390509,-0.13225982,4.8404358776412874e-17,1.940004707700604e-16
Tbc1d8b,8.386762,0.5692316,4.997177121096295e-17,2.0022384157923186e-16
Rtp4,8.386144,0.014950017,5.0235070780266775e-17,2.0121985732869015e-16
Ino80c,8.38229,1.2945825,5.190769814222275e-17,2.0785879124301497e-16
Mterf3,8.381817,0.41988188,5.2116874545609394e-17,2.0863532184168865e-16
Lipo3,8.379969,0.89588773,5.2941737395052686e-17,2.1187540499775987e-16
Atp9b,8.379836,0.56255436,5.300140890598502e-17,2.1205215529237716e-16
Trim56,8.377723,0.23452789,5.39614845282664e-17,2.1583015528635364e-16
Commd3,8.377148,0.16904347,5.4225774537474974e-17,2.168238207017457e-16
Gpx1,8.369949,0.12291011,5.76430971906412e-17,2.3042074074306296e-16
Galk2,8.367022,0.21235232,5.909266338997343e-17,2.361461636054607e-16
Ammecr1l,8.365291,0.3546016,5.99671475539035e-17,2.3957076914976056e-16
Elavl1,8.364152,-0.19202866,6.054883520633058e-17,2.418239840673396e-16
Pde4dip,8.362275,0.8052979,6.152006475285152e-17,2.45631207443867e-16
Fam192a,8.35616,0.4975077,6.479285655971811e-17,2.5862297532228405e-16
Arih2,8.356082,0.30714118,6.483542256819219e-17,2.5871736318063266e-16
Bcr,8.353863,0.73676085,6.606592283247197e-17,2.6355061106594347e-16
Txnip,8.3533535,0.20856738,6.635190453671335e-17,2.646142591249796e-16
Pik3ca,8.347968,0.6137138,6.944739537261115e-17,2.768784640584424e-16
Ryk,8.332929,0.54542845,7.886690846637713e-17,3.1434129212407673e-16
Gal3st2c,8.331441,0.3944152,7.986403581818361e-17,3.1822281171726717e-16
Pof1b,8.326836,-0.13427062,8.303209000869831e-17,3.3074973226593343e-16
Swap70,8.323498,0.474999,8.54045686905969e-17,3.401011871997415e-16
Snrnp200,8.32287,0.26315743,8.585864019447008e-17,3.418098703520752e-16
Serinc5,8.321916,0.021749351,8.655315380668597e-17,3.44474498925038e-16
Dcaf8,8.321683,-0.031870853,8.67231675688522e-17,3.45050717632835e-16
E2f5,8.320895,0.51455903,8.730127721312474e-17,3.4724984464499154e-16
Ube2q2,8.31849,0.47782305,8.9090691501435e-17,3.54264381006724e-16
Fbxo34,8.309332,0.9695137,9.62426263014362e-17,3.8259241705585463e-16
Ahctf1,8.308128,0.3785606,9.722353666090905e-17,3.8637950126066005e-16
Eif4h,8.305823,0.575853,9.912983093838798e-17,3.938409175137872e-16
Pgls,8.3038645,-0.038816605,1.0077825943687242e-16,4.002738012777317e-16
Vps41,8.302937,0.95746416,1.0156895872436679e-16,4.032971865725075e-16
Desi1,8.302825,0.19037242,1.0166495122019414e-16,4.0356116340672134e-16
Cdkn2b,8.299657,0.63400877,1.0441266522806062e-16,4.1434799680607346e-16
Zswim6,8.297664,1.0009792,1.0617865622220661e-16,4.2123386244231946e-16
Pdia3,8.294647,-0.18061501,1.0890823021347318e-16,4.3193736895859795e-16
Stk11,8.293523,0.1163566,1.0994272291873863e-16,4.3591381151456967e-16
Eif5b,8.290236,0.40512103,1.1302324820522466e-16,4.479979475960717e-16
Klf13,8.286145,0.2146755,1.1697827204771355e-16,4.634140474548027e-16
Vps53,8.286143,0.4541883,1.1698027728072973e-16,4.634140474548027e-16
Dpyd,8.274989,1.2711371,1.2846740645065044e-16,5.0877259867148695e-16
Pnrc2,8.274628,0.009676344,1.2885726042152643e-16,5.101688003081569e-16
Fcho2,8.273069,0.15595245,1.3055344721305504e-16,5.167347006189661e-16
Kdsr,8.272808,0.14674687,1.3083977023345255e-16,5.177181301916851e-16
Irgm1,8.268185,-0.107965894,1.3601463318903797e-16,5.380387934220695e-16
Dhx38,8.258981,0.8299116,1.4692192672203903e-16,5.810171624996773e-16
Bag4,8.256908,0.48397982,1.4949451872898146e-16,5.91019816021631e-16
Mepce,8.252359,0.6140384,1.5529778930193058e-16,6.137853377756938e-16
Rpn1,8.2508135,-0.16376536,1.5732051982688755e-16,6.216001469611925e-16
Vezf1,8.249146,0.12616757,1.5952978264480732e-16,6.30147249470751e-16
Pigs,8.244475,0.14699809,1.6588653853953568e-16,6.550674024048947e-16
Plekha5,8.244121,0.28208956,1.6637962410204532e-16,6.568248728624336e-16
Tbpl1,8.243714,0.4117781,1.6694532677967206e-16,6.58867920263208e-16
Psmb1,8.241524,0.030725712,1.7003130712059726e-16,6.708534693808907e-16
Dtx3l,8.239224,-0.0876298,1.7333004762201094e-16,6.836713011915199e-16
Dxo,8.238597,0.13346842,1.7424249187441096e-16,6.870721096835553e-16
Rhod,8.237668,0.6058852,1.7559909221056767e-16,6.922218466357777e-16
Elof1,8.236047,0.092073865,1.779944517877832e-16,7.014622847832666e-16
Tatdn2,8.234996,0.25364983,1.7956332577549772e-16,7.074412215442038e-16
Entpd7,8.234084,0.34412023,1.8093609351701227e-16,7.126443199438777e-16
Magoh,8.231829,0.20723319,1.8437732375961152e-16,7.259890303520551e-16
Dcbld1,8.23031,0.2341265,1.8672843862845233e-16,7.350349448025577e-16
Srsf6,8.228354,0.07335214,1.8980262123106992e-16,7.468079382424652e-16
Yipf5,8.228338,0.75067556,1.8982847483223468e-16,7.468079382424652e-16
Cog3,8.226331,0.0709402,1.930350861858051e-16,7.5920471774256115e-16
Rab28,8.22629,0.44527575,1.9310081184527012e-16,7.59244853934465e-16
Btg2,8.225138,-0.12318681,1.9496670401585916e-16,7.663609305596073e-16
Tex2,8.223516,0.65043706,1.976222973152267e-16,7.765761252257829e-16
Ufl1,8.223367,0.63633907,1.9786792427039106e-16,7.773179731104848e-16
Prkar2a,8.222777,-0.15473905,1.988432955435006e-16,7.807808412124683e-16
Helb,8.222765,0.79351723,1.9886359560826521e-16,7.807808412124683e-16
Sec22a,8.221237,0.26450735,2.0141383265363392e-16,7.905666364920907e-16
Snrpc,8.218255,0.3649924,2.0648496670914098e-16,8.102387144182218e-16
Triobp,8.217703,0.4609592,2.0743869711631476e-16,8.137476141897889e-16
Dr1,8.217666,0.59577405,2.0750219809897518e-16,8.137632804713179e-16
Mgll,8.213407,0.55025667,2.1499984573023185e-16,8.429251405851263e-16
Eif1,8.210738,0.50073785,2.1983204118008537e-16,8.616231479328367e-16
Pum1,8.206165,0.101077855,2.2836498970545247e-16,8.94811241897439e-16
Tmem41b,8.204032,0.27451032,2.324569165562921e-16,9.105838825285863e-16
Zmiz2,8.203495,0.6187359,2.334970853899809e-16,9.143965185303518e-16
Stk40,8.198989,0.103979774,2.4241676334511985e-16,9.490550354264282e-16
Rars,8.197802,0.11835942,2.448221829386656e-16,9.581978682559392e-16
Tmem43,8.19629,0.70928866,2.4791882558528293e-16,9.700400400225305e-16
Igsf3,8.194934,1.3789189,2.5073071661430716e-16,9.807615988846255e-16
Ints1,8.194416,0.15584569,2.5181300906264687e-16,9.847134397860155e-16
Gpbp1,8.190171,0.36928755,2.6085530084163207e-16,1.0197816578071237e-15
Arl6ip4,8.189816,0.70725906,2.616257001603843e-16,1.0225011288063033e-15
Ncbp3,8.187327,0.43380412,2.670907018272472e-16,1.0435615278536014e-15
Senp6,8.187014,0.44081312,2.6778849557248477e-16,1.0459890536857268e-15
Rnf19a,8.185026,0.66701835,2.7224362425677997e-16,1.0630872534869977e-15
Sac3d1,8.183007,0.55648834,2.768467953654623e-16,1.0807536187903788e-15
Zc3h3,8.182962,0.58786017,2.769499545879654e-16,1.0808477822461264e-15
Plaa,8.180194,0.17707692,2.8338678777411826e-16,1.1056531591472374e-15
Lrrc41,8.174705,0.21524474,2.9659059014160945e-16,1.1568386537896489e-15
Arhgap35,8.174527,0.11833354,2.9702743704803815e-16,1.158212204628435e-15
Ndufaf3,8.173363,0.3689041,2.999103408121348e-16,1.1691202709823098e-15
Faah,8.172831,0.3164436,3.0123726295602643e-16,1.173958270425666e-15
Cptp,8.172247,0.70205307,3.0269792998242087e-16,1.1793145847605714e-15
Smim31,8.170898,-0.101867616,3.0610057244873487e-16,1.1922316514487182e-15
Igf2r,8.170621,0.26017776,3.0680532446137164e-16,1.1946363359935243e-15
Vps37c,8.161569,0.3870827,3.3070166689448854e-16,1.2873171917967921e-15
Spata2,8.157104,1.1896384,3.4315474881626323e-16,1.335412973836767e-15
Cenpx,8.155766,0.3579356,3.469758956949034e-16,1.3498991105626754e-15
Ebpl,8.14361,0.020569589,3.836639822759077e-16,1.4922084634877812e-15
Psmb6,8.137415,0.14297616,4.0380691974769705e-16,1.570105097398282e-15
Trp53inp1,8.136111,0.24659337,4.0817597316382916e-16,1.5866419650413199e-15
Sf3b5,8.135724,0.10526849,4.0948402794161105e-16,1.5912742489632085e-15
Phf23,8.135434,0.40680295,4.104643234569782e-16,1.5946305747938002e-15
Dock8,8.134947,0.81178343,4.1211948234907757e-16,1.6006060554171076e-15
Syvn1,8.133892,0.099880256,4.1572242562926403e-16,1.614140877478758e-15
Elmod2,8.123767,1.0869795,4.519350327868291e-16,1.7542468275219669e-15
Mfsd7a,8.122418,1.05123,4.569857976891944e-16,1.7733486899545215e-15
Rilp,8.121267,1.9716648,4.613393273616831e-16,1.789407726241023e-15
Kat5,8.121256,0.9411712,4.613858605283983e-16,1.789407726241023e-15
Avl9,8.119929,0.4161923,4.664544425978288e-16,1.8085524532252082e-15
Dhx40,8.119442,0.10698944,4.683318855895296e-16,1.8153170451918417e-15
Sbno1,8.111807,0.19847617,4.987249671737461e-16,1.9325769130351314e-15
Tmem245,8.106,0.44677925,5.231363916749629e-16,2.0265977779476256e-15
Sgta,8.102986,0.16315576,5.362609258215494e-16,2.0768530616283454e-15
Ambra1,8.097289,0.34424332,5.619723486119475e-16,2.175813099453109e-15
Phf10,8.096993,0.40112653,5.633398400826835e-16,2.18049032355808e-15
Ttc38,8.096257,0.6916395,5.667586826654248e-16,2.1931027123513537e-15
Ctcf,8.095168,0.3162466,5.718534400576886e-16,2.212191171934623e-15
Dedd,8.093141,0.26054946,5.814574109760816e-16,2.2487076060797276e-15
Tpcn1,8.088257,0.08996508,6.05245296679538e-16,2.34004224825917e-15
Kif2a,8.081016,0.51279986,6.422951884010687e-16,2.4825852745575504e-15
Cblb,8.0742655,0.7403096,6.788377451238328e-16,2.6230873593016146e-15
Prr5,8.073454,0.23106237,6.833687374916767e-16,2.6396775501032958e-15
Fam136a,8.073427,0.15229443,6.835172361912812e-16,2.6396775501032958e-15
Nr2f6,8.070119,0.2124043,7.022969570168743e-16,2.71143729170123e-15
Ppfia1,8.068702,0.33997113,7.104984996881719e-16,2.742327683668008e-15
Wdr41,8.068204,0.5849046,7.134002135444312e-16,2.7527505418228263e-15
Nacc1,8.067245,-0.01121859,7.190225265181137e-16,2.773662355468323e-15
Med10,8.061307,0.38972652,7.548304152108731e-16,2.9109717789082596e-15
Nudt8,8.060864,0.81035566,7.575690029901032e-16,2.920178552597121e-15
Kpna6,8.060852,0.26096046,7.576448632259294e-16,2.920178552597121e-15
Eid1,8.050428,0.7336057,8.25046464854473e-16,3.179067457561262e-15
Atp2c1,8.047654,0.47833773,8.439589336024226e-16,3.2510249062008818e-15
Sp1,8.047067,0.5118203,8.480183935682756e-16,3.2657424759352767e-15
Cnot11,8.046076,0.26045588,8.549123984109389e-16,3.2913645969227446e-15
Phax,8.038934,0.23100215,9.062330100297574e-16,3.487964090108903e-15
Sema3b,8.033516,0.46646792,9.471805427375781e-16,3.644539651642201e-15
Ksr1,8.026065,0.9627768,1.0064905263774212e-15,3.871661870101613e-15
Npc2,8.021639,-0.09309034,1.0434392799888976e-15,4.012663710306011e-15
Tox4,8.016816,-0.053354837,1.0852128297645379e-15,4.172135351990456e-15
Vps16,8.016275,0.6003373,1.08999704031425e-15,4.189350625715954e-15
Zdhhc20,8.014672,0.026888398,1.1043097308574759e-15,4.243168184736157e-15
Dek,8.012106,-0.038020458,1.127603514423355e-15,4.331454511162748e-15
Taf12,8.009028,0.91083246,1.156184131295503e-15,4.439993820686886e-15
Usb1,8.008769,0.2735509,1.1586218276952582e-15,4.448105978027136e-15
Zmat5,8.004504,0.7230871,1.199493069813749e-15,4.603723752372445e-15
Pdcd10,8.004075,1.121878,1.2036754334967257e-15,4.618479672577924e-15
Ak3,8.002882,0.035811123,1.215402199691084e-15,4.662166923078702e-15
Papola,8.000944,-0.08935857,1.2346858761485871e-15,4.734809129650008e-15
Hgsnat,8.000781,0.5777115,1.236323455857115e-15,4.739759814647056e-15
Ubqln4,7.999708,-0.087282814,1.2471439482383104e-15,4.779902884573681e-15
Ptbp1,7.997344,-0.077385746,1.2713163711811115e-15,4.87118278954937e-15
Sugt1,7.988167,-0.090178035,1.3695998790761423e-15,5.246296455564775e-15
Uba7,7.9876018,1.4130248,1.3758899050775852e-15,5.2689147163080306e-15
Gtf2a1,7.9860415,0.6116034,1.3934094590700823e-15,5.334511296971829e-15
Fam174a,7.984952,0.60334706,1.4057688351615285e-15,5.380321528361014e-15
Gmeb2,7.9841466,0.8723176,1.414980488057579e-15,5.41406216401438e-15
Tmem38b,7.9819922,0.33769897,1.4399000379100083e-15,5.507869375781641e-15
Mbd1,7.977415,0.3551083,1.4942981852818257e-15,5.714353379118838e-15
Slc41a2,7.973117,1.9459974,1.5472154662851496e-15,5.9150605259853e-15
Acad8,7.9708285,0.29405418,1.5761432536117111e-15,6.023968416193446e-15
Ulk2,7.9694595,0.9358734,1.5936970743009375e-15,6.0893566613761724e-15
Slc2a9,7.967993,1.4970404,1.6127203388779696e-15,6.160321406188893e-15
Nsf,7.9654655,0.4720953,1.6460278760217875e-15,6.2857948072041175e-15
Plekha6,7.963754,0.19873229,1.6689661718016395e-15,6.3716115017831995e-15
Wrn,7.962053,0.26573583,1.6920797236274914e-15,6.458049182418628e-15
Msl1,7.9611797,0.72266954,1.7040634767624581e-15,6.501972110693809e-15
Uckl1,7.9581957,0.33514127,1.7456612882596514e-15,6.658833505425588e-15
Stambp,7.957714,0.34883735,1.7524645606974065e-15,6.682920487322096e-15
Borcs6,7.955242,1.1215559,1.787816945825594e-15,6.815834049112071e-15
Fam241b,7.9551096,1.0855241,1.7897326246751423e-15,6.821235686296704e-15
Mfsd11,7.952692,0.69442075,1.8250134324182963e-15,6.95376391427144e-15
Nars,7.9422383,0.15688212,1.985652917260866e-15,7.563733605443549e-15
Ngdn,7.941353,0.35099226,1.9998790984696432e-15,7.615802470501913e-15
Ccdc9,7.937055,0.4496624,2.070384139864144e-15,7.882099975679891e-15
Ikbke,7.9350047,1.0041076,2.1048704868217395e-15,8.011161677508291e-15
Bet1,7.9302845,-0.009382601,2.1864402549126854e-15,8.31930174900695e-15
Ptrh1,7.928247,1.5474087,2.222610336011077e-15,8.454574783018492e-15
Fyttd1,7.926615,0.13349222,2.2519996907480452e-15,8.563986588147807e-15
Rnf138,7.926327,0.42367938,2.2572190875605674e-15,8.581448713480889e-15
Leprot,7.925785,0.15008307,2.267098065280675e-15,8.616610906813016e-15
Eppk1,7.924565,-0.116503775,2.289462918005935e-15,8.699195722070342e-15
Syngr2,7.924308,0.105686724,2.29420288398797e-15,8.714784566259859e-15
Git1,7.9236164,0.33506158,2.3070036799111888e-15,8.760976207382813e-15
Gan,7.9225416,1.2322127,2.3270432324559353e-15,8.834624154312856e-15
Hmgcs1,7.92236,0.0566218,2.3304443990557623e-15,8.845081087173897e-15
Acot8,7.921803,0.08480365,2.3409077587271903e-15,8.882328967978447e-15
Zfp800,7.920775,0.69530416,2.3603464157887272e-15,8.953602561972495e-15
Trabd,7.9172153,0.48495865,2.4288848213333773e-15,9.211037141357165e-15
Ptov1,7.9169545,-0.09172324,2.4339887373952043e-15,9.227833652309238e-15
Acsf2,7.915331,-0.13410695,2.4659666118597514e-15,9.346478219839829e-15
Atg101,7.911826,0.48076886,2.53640089496801e-15,9.610773687638552e-15
Rc3h2,7.906623,0.59774065,2.6446558335589817e-15,1.0018190726847389e-14
Stard7,7.90576,-0.1820132,2.6630409004970863e-15,1.0085041349847038e-14
Mtmr12,7.901454,0.43853095,2.756690402665275e-15,1.0436805441984395e-14
Nfyb,7.901001,0.2621095,2.7667253723374713e-15,1.047189855154025e-14
Pnisr,7.8989835,0.31872597,2.8118695341581487e-15,1.0639821770783809e-14
Map3k1,7.8974047,0.6605992,2.8477049936450987e-15,1.0772438668906423e-14
Luc7l2,7.8964972,0.28810567,2.8685112740898418e-15,1.0848144821122396e-14
Cwh43,7.8951344,0.76833934,2.900025375408055e-15,1.0964292786481933e-14
Pqbp1,7.8950243,0.32048485,2.9025877651010642e-15,1.0970947398495593e-14
Ier5,7.8940086,1.2014704,2.9263240205356723e-15,1.1057607344798375e-14
Gps2,7.8930454,0.6369745,2.9489974100620803e-15,1.1137127749958285e-14
Psmc2,7.8905287,0.1461338,3.0090953766999885e-15,1.1360955073542888e-14
Rbm27,7.888099,0.05276999,3.068242199966364e-15,1.1581068750908095e-14
Slc49a4,7.8822265,0.076567926,3.215986897197074e-15,1.213538102074227e-14
Rbl2,7.881451,0.8205541,3.2360037850612584e-15,1.2207545313300059e-14
Asb8,7.8767476,0.47649315,3.3601323686942932e-15,1.2669026737436265e-14
Aebp2,7.876745,0.10365728,3.3601872012198412e-15,1.2669026737436265e-14
Sbf2,7.876015,0.008672825,3.3798739667502137e-15,1.2739739938067577e-14
Galnt12,7.874748,-0.18090269,3.4142930604995923e-15,1.2865929347570109e-14
Kansl3,7.871493,0.60027754,3.5043429517481327e-15,1.3201622552384494e-14
Mitd1,7.8705096,0.19999143,3.5319953267211397e-15,1.3302130568138691e-14
Ell,7.862799,0.14653274,3.756433427075215e-15,1.4143509668296686e-14
Slc25a16,7.8611264,0.15094209,3.806943737795899e-15,1.4329742806044296e-14
Gdpd1,7.8600287,-0.13048781,3.840446097202663e-15,1.445187132065119e-14
Gls,7.8521023,-0.107109286,4.0912086198133294e-15,1.5391273143314244e-14
Fem1b,7.8517227,0.38065177,4.103607140073159e-15,1.5433670968234448e-14
Slc39a11,7.8474393,0.099526815,4.246182864550694e-15,1.5965507471193496e-14
Rabep1,7.846886,0.8932977,4.2649335992968e-15,1.6031601696092287e-14
Arl14,7.845797,1.0070508,4.302120426937342e-15,1.6166940598617244e-14
Agpat3,7.845591,0.72692984,4.309189701239914e-15,1.6189057462762592e-14
Zfp768,7.8344903,0.35002923,4.707482851019777e-15,1.7680535014472794e-14
Adrm1,7.8335176,0.6200917,4.744073982023696e-15,1.7813072955566732e-14
Got1,7.8301845,-0.021503415,4.8715547880211235e-15,1.8286717465327715e-14
U2surp,7.819414,0.0692699,5.306981691221279e-15,1.9915744958136933e-14
Gns,7.817525,0.2535629,5.3871994847239134e-15,2.02112353782166e-14
Snrnp27,7.815979,0.16972418,5.45375115032948e-15,2.0455306357859475e-14
Chmp7,7.813023,0.78167325,5.5832319479931476e-15,2.0935206166385055e-14
Odf3b,7.8110385,0.7359208,5.671871333542406e-15,2.1261743554329056e-14
Zyx,7.801967,0.20253924,6.094943153615683e-15,2.284142165680857e-14
Ciao2b,7.801292,-0.016853532,6.127647282731083e-15,2.295769221680755e-14
Acaca,7.7943606,0.06193484,6.473532933838824e-15,2.424693587243109e-14
Gfpt1,7.793765,0.10834524,6.504137242213089e-15,2.4354895067706462e-14
Slc30a7,7.791397,0.49087805,6.62723591401526e-15,2.4809047666071362e-14
Rit1,7.78918,0.5789346,6.744565665285424e-15,2.5241361651006613e-14
Ffar4,7.788708,0.92418206,6.769761751392091e-15,2.5328725567793936e-14
N4bp2l2,7.787052,0.33695778,6.859067212943536e-15,2.5655838111871678e-14
Lgr4,7.785649,-0.16891932,6.935641588461383e-15,2.5935165086740337e-14
Ppil2,7.782589,0.5964178,7.105520467412105e-15,2.656314718202858e-14
Met,7.779684,0.6056103,7.270578589846371e-15,2.7172769121658687e-14
Iws1,7.7782993,0.08714671,7.350605649404896e-15,2.7464353075303813e-14
Chd1,7.775303,0.7509356,7.526720789434104e-15,2.8114697294594744e-14
Pabpn1,7.774552,-0.1790479,7.571486014314576e-15,2.8274186577212402e-14
Uso1,7.773985,0.47590765,7.605476871732028e-15,2.839336506168045e-14
Sik3,7.770385,0.30456945,7.824812845328443e-15,2.9204234623326e-14
Ccar1,7.770038,0.013897648,7.84626450632605e-15,2.9276307537246587e-14
Eif2b1,7.768045,-0.08063355,7.970675313031751e-15,2.9732401774606984e-14
Cenpv,7.767266,0.15230651,8.019845235328525e-15,2.9907658465535195e-14
Zbtb44,7.7659707,0.18466987,8.102241954312327e-15,3.020669539946049e-14
Acss1,7.7655134,0.10320123,8.131506216077294e-15,3.030753543332161e-14
Tial1,7.762523,-0.052170392,8.325615128984206e-15,3.102255773538393e-14
Armc8,7.761454,-0.09979485,8.396096959679678e-15,3.127666192416769e-14
Nap1l4,7.7603955,0.22717135,8.466485009804102e-15,3.153027846107601e-14
Smad1,7.7581806,0.11339787,8.615655288029418e-15,3.2077072165478435e-14
Tufm,7.757024,-0.18473127,8.694561704957094e-15,3.236203900797176e-14
Gpd1l,7.754262,0.29093727,8.88587921475929e-15,3.306514238417232e-14
Kif1bp,7.753097,0.16577287,8.96779688250536e-15,3.336088747776409e-14
Usf1,7.7499905,0.5981206,9.189944144024815e-15,3.4177994606891306e-14
Edn1,7.7485523,1.1957109,9.294601742803106e-15,3.4557310477543435e-14
Rbl1,7.74852,0.3201797,9.296990511655012e-15,3.4557310477543435e-14
Hikeshi,7.748434,0.3976285,9.303263904819762e-15,3.457123203761148e-14
Chtop,7.744879,0.51137996,9.567316069168258e-15,3.554280012112902e-14
Naip5,7.7443604,0.8962344,9.60640594652791e-15,3.567832735436425e-14
Hectd1,7.7371373,0.2627895,1.0168005899594265e-14,3.7753863881876614e-14
Atp13a3,7.7370763,-0.125873,1.0172899266887869e-14,3.776177998770131e-14
Hjurp,7.7357054,0.36675757,1.0283120062345678e-14,3.816056088265323e-14
Zfyve27,7.7333636,1.2266071,1.0474138805339312e-14,3.885888447178923e-14
AW549877,7.7331457,0.66615456,1.0492119700426761e-14,3.891503577524707e-14
Hivep2,7.7277994,0.47976455,1.0942176862041999e-14,4.057328323981137e-14
Rbm39,7.7261243,0.5593507,1.1087020583937669e-14,4.109921563712324e-14
Fbxo28,7.7256165,0.6595835,1.1131321742828228e-14,4.1252256052351225e-14
Thoc7,7.7240763,-0.17263143,1.1266716085020915e-14,4.1742709960081554e-14
Cxxc1,7.723648,0.45283905,1.1304662629489058e-14,4.187195597461075e-14
Smim14,7.721076,-0.22094886,1.1535181770159754e-14,4.271421898373534e-14
Alg10b,7.720101,0.13771968,1.1623767031514397e-14,4.3030593978332264e-14
Dpm2,7.717806,0.7979537,1.1834907751423257e-14,4.380036901237159e-14
Gna12,7.7159214,1.2300303,1.2011143628953955e-14,4.4440581473470056e-14
Naaladl1,7.7151337,0.22241077,1.2085528380129639e-14,4.470370586915683e-14
Mien1,7.7146196,0.75365263,1.2134334813458084e-14,4.4872100750145836e-14
Rdh10,7.7133737,1.387478,1.2253477674376594e-14,4.5300434495025665e-14
Kansl1,7.711058,0.25186548,1.247786165737976e-14,4.6117502206667085e-14
Myh9,7.709088,-0.099618904,1.2672016273839641e-14,4.6822432462782246e-14
Pigp,7.707099,0.0063924934,1.287099341506742e-14,4.7544796042962444e-14
Tmem70,7.7065053,0.040844165,1.293097387950787e-14,4.775346146429115e-14
Rbm14,7.705194,0.2584145,1.306448499589136e-14,4.82334860471961e-14
Tmem126b,7.7011857,0.27333438,1.34809556225364e-14,4.9757643222182266e-14
Smad4,7.697518,-0.11416066,1.3873460599763493e-14,5.119254552125358e-14
Baz2a,7.695725,0.25478214,1.406941792785207e-14,5.1901615905955503e-14
Ubxn7,7.688967,0.16286837,1.4832771957006514e-14,5.470284695578858e-14
Foxa1,7.687188,-0.18624267,1.5040374072373325e-14,5.5453522631357565e-14
Sf3a2,7.6845098,0.15818861,1.5358371716910587e-14,5.661070976516234e-14
Nono,7.6838064,0.020022355,1.5443019407954325e-14,5.6907380868708e-14
Coq5,7.683684,-0.01647062,1.5457787527718918e-14,5.694645593791924e-14
Gapvd1,7.6821623,0.099487305,1.564256892252147e-14,5.761166981294939e-14
Ctr9,7.6795835,0.24400412,1.5960629866843383e-14,5.876726263572517e-14
Pik3c3,7.676946,0.525432,1.6292570205451332e-14,5.997332370378114e-14
Stam,7.6642323,0.32472932,1.799043809139308e-14,6.620539313772885e-14
Commd10,7.662933,0.27803186,1.8173462861748593e-14,6.686093748571752e-14
Dnlz,7.6620517,0.43612945,1.8298627522443988e-14,6.730331666740763e-14
Aida,7.661882,0.45821542,1.832277229757822e-14,6.737400138999251e-14
Rapgef6,7.654508,0.24784914,1.9405345572069362e-14,7.133551094033562e-14
Rbfa,7.650708,0.48340285,1.9987576886059256e-14,7.345609081345346e-14
Eef2k,7.6477423,0.40244058,2.0453894981662827e-14,7.514965445304653e-14
Gmppa,7.6474094,-0.013796926,2.0506833832256738e-14,7.53239195960545e-14
Ube2h,7.6471586,0.38327146,2.0546870760943042e-14,7.545071365625567e-14
Cep19,7.646347,0.17164876,2.067694882435289e-14,7.590799333504049e-14
B4galt3,7.645329,0.20993234,2.0841181645273347e-14,7.649038083712105e-14
Pkig,7.6422734,0.36279708,2.1341956051788726e-14,7.830728441325753e-14
Rbm6,7.640968,0.53719544,2.1559496536350137e-14,7.908425835155261e-14
Oas3,7.6391644,0.13027588,2.1863565365313663e-14,8.017813257459489e-14
Rab5if,7.638139,-0.11578785,2.203846087892582e-14,8.079665997397219e-14
Scd1,7.638106,0.67566025,2.2044046681015738e-14,8.079665997397219e-14
Tnik,7.631144,0.730361,2.326795985251111e-14,8.52597403491665e-14
Stxbp5,7.6300793,0.6827242,2.3460951830943045e-14,8.594388328104638e-14
Arsb,7.629524,0.45007813,2.3562137806316346e-14,8.629143934155758e-14
Eftud2,7.6291122,0.08274773,2.3637560928925486e-14,8.654448345463347e-14
Isoc2b,7.6264076,0.4091855,2.413859490983082e-14,8.83552691091907e-14
Pcnp,7.624431,0.5543021,2.4511326965711188e-14,8.969558369175823e-14
Smarcb1,7.6241965,0.01107957,2.4555936522201702e-14,8.983478650109907e-14
Creb1,7.623262,0.31168568,2.473439262856689e-14,9.046344455620546e-14
Phactr2,7.6225786,0.51274055,2.48657299164869e-14,9.091948037645945e-14
Nipal1,7.621567,1.0666997,2.50614481194867e-14,9.161061294680049e-14
Ost4,7.6212163,0.1874759,2.512967134092224e-14,9.183545045085827e-14
Plxna1,7.6205616,1.0151185,2.5257483849458937e-14,9.227787647377799e-14
Tmem222,7.619621,0.61331975,2.5442159364034606e-14,9.292775889507833e-14
Znhit2,7.617687,0.84795076,2.5826109634056222e-14,9.430495306961784e-14
Slc35f6,7.616643,0.5300389,2.6035839530977596e-14,9.504540992688697e-14
Tada3,7.6142297,0.64710593,2.6526858462096952e-14,9.681206017325216e-14
Kif13a,7.6127143,0.5637786,2.6839894703416777e-14,9.792837781996382e-14
Ppfia3,7.611645,1.3084667,2.7062845119446225e-14,9.871549933540334e-14
Tmem248,7.610593,0.5519763,2.728417143438452e-14,9.949627849738889e-14
Cnot3,7.6092916,0.20240107,2.756028948754229e-14,1.0047639529249289e-13
Rnf214,7.6090283,0.5547973,2.761645211394483e-14,1.0065431307521204e-13
Zbtb38,7.6070824,-0.04031449,2.8035303352396428e-14,1.0215368327844955e-13
Phrf1,7.602476,0.52138746,2.905172799277206e-14,1.0582908372433617e-13
Bach1,7.6012483,0.26481253,2.9328778841655016e-14,1.0680986701987546e-13
Tbc1d22b,7.5999,0.46854916,2.9635975985510593e-14,1.0789988594298652e-13
Ash1l,7.594425,0.17501193,3.0916199912486376e-14,1.1253101778100911e-13
Yap1,7.588118,0.36245245,3.2458547466059765e-14,1.1811352756742077e-13
Ctbp2,7.5860925,-0.24623752,3.2969743520484505e-14,1.1994180437420206e-13
Memo1,7.5786877,-0.07884289,3.49067371662524e-14,1.269546890288568e-13
Kxd1,7.577072,0.636057,3.534399795411026e-14,1.285108141511454e-13
Mfsd6l,7.574106,2.2104685,3.616081310040642e-14,1.3144580519618761e-13
Nvl,7.570398,0.43392554,3.720826780687576e-14,1.3521739629525008e-13
Rprd1b,7.5679054,0.37698188,3.79290419373422e-14,1.3780011915333546e-13
Rbm17,7.5672135,0.029141895,3.813141600391281e-14,1.3849856941660228e-13
Fam45a,7.566973,0.38926107,3.820210772500373e-14,1.387184872914036e-13
Eif2b2,7.566677,-0.016201045,3.828915117289761e-14,1.3899764860349743e-13
Ubap1,7.5658326,0.6024655,3.853875002014776e-14,1.3986661531993646e-13
Hdgf,7.560772,0.29698333,4.0068409582387875e-14,1.4537954392124017e-13
Ccdc71,7.5597744,0.39421627,4.037687017055129e-14,1.464598672632066e-13
Cul2,7.5570617,0.085520625,4.122769389918292e-14,1.4950642112737374e-13
Cox5b,7.556115,0.19830905,4.1528651182719854e-14,1.5055787511232607e-13
Ccdc97,7.5536895,0.3780154,4.2309750022748104e-14,1.5334901446092773e-13
Timm22,7.5507116,0.66915476,4.328866060257734e-14,1.5685544084267226e-13
Ccdc50,7.5465035,0.48141026,4.470994390766227e-14,1.6196251203636598e-13
Nr1d1,7.5455856,0.8264055,4.502600999534077e-14,1.630642708385289e-13
Tbc1d10b,7.5448065,0.61545384,4.529603829868235e-14,1.6399876191010882e-13
Katna1,7.5442047,0.6161195,4.5505657076661654e-14,1.647140975445601e-13
Daxx,7.543817,0.5077009,4.564117048489421e-14,1.6516089081262988e-13
Zc3h4,7.54303,0.081194766,4.591769975942053e-14,1.661176042883798e-13
Usp43,7.542789,0.5999938,4.6002562921361396e-14,1.6638059982798653e-13
Exoc6,7.5427113,0.67091674,4.602992455028605e-14,1.6643554157196238e-13
Bfar,7.538403,0.18271855,4.7576079956293934e-14,1.719806749675706e-13
Ptar1,7.5383015,0.17428137,4.7613296032902364e-14,1.720697207320137e-13
Scrn2,7.536082,0.7850994,4.8430243253137906e-14,1.749758458353133e-13
Npdc1,7.5358353,0.7064115,4.8521945828670374e-14,1.752608582163411e-13
Hnrnpm,7.5338564,-0.17952456,4.9263278731007664e-14,1.778915597165381e-13
Tmem143,7.5298867,0.72636116,5.078426945362623e-14,1.8333550284539037e-13
Fam50a,7.5294914,0.24881513,5.0938406892204516e-14,1.8384341891023932e-13
Trmt1l,7.527037,0.35534364,5.190453965329012e-14,1.872808917569241e-13
Trib1,7.524253,0.03860119,5.3022605323533165e-14,1.9126460770227275e-13
Eed,7.514882,0.26136157,5.696229489400613e-14,2.0542177813173358e-13
Ncln,7.513552,0.22275318,5.754426270732743e-14,2.0746580345971593e-13
Mfsd14a,7.5112715,0.5919887,5.855581216549421e-14,2.1105712476624496e-13
Cdc42bpa,7.510582,0.5302357,5.886505649199633e-14,2.1211584915100127e-13
Alg5,7.5068593,0.88207614,6.056273861079573e-14,2.1817582995327496e-13
Dot1l,7.5042057,0.35660008,6.180227314420158e-14,2.2258258763417343e-13
Spg11,7.500964,0.95955145,6.335007254517256e-14,2.2809695683392173e-13
Gadd45gip1,7.499808,0.19055548,6.391154501706903e-14,2.3005800950471675e-13
Msl2,7.4997263,0.18527246,6.395133929127621e-14,2.301406749495269e-13
Ppa1,7.4983025,-0.16247678,6.464968348876054e-14,2.3259258661110245e-13
Btbd2,7.495077,0.11315026,6.625930279552783e-14,2.3832087473141585e-13
Fam207a,7.4940023,0.48304105,6.680454757498748e-14,2.4021882410937517e-13
Atp7a,7.49121,0.0093567185,6.824163843460606e-14,2.453218731843422e-13
Cul4b,7.4906816,0.0071667777,6.851691893139586e-14,2.462467454367512e-13
Brd1,7.4904366,0.3599889,6.864483179438298e-14,2.4664163814718526e-13
Triap1,7.489988,0.09382313,6.887994869709475e-14,2.47421407521085e-13
Ikbkg,7.488548,0.8346267,6.963981952043655e-14,2.500852237242568e-13
Dnajc8,7.4874973,0.24065009,7.019930837370683e-14,2.5202823365986897e-13
Nenf,7.487379,-0.026350427,7.026259494252612e-14,2.5218923512835815e-13
Fadd,7.4867444,0.70179814,7.060289975709717e-14,2.5334417585366144e-13
Eef1b2,7.484766,-0.11042014,7.167474182690219e-14,2.571227949850177e-13
Hnrnpd,7.4845862,0.06834996,7.177276882286274e-14,2.574069272626929e-13
Marveld2,7.484154,0.3769638,7.200946628516334e-14,2.5818810997630013e-13
Naa35,7.4800825,0.19957064,7.427595380603627e-14,2.662447361199334e-13
Pcmt1,7.47627,0.08062346,7.646173089876771e-14,2.7400790619513846e-13
Dars,7.4734387,0.08680083,7.812577816271149e-14,2.7989782980746124e-13
Wdfy3,7.4719048,0.37566513,7.904215218990136e-14,2.831067132522004e-13
Plpbp,7.4713154,0.18481189,7.939712592019385e-14,2.8430366508474757e-13
Zswim8,7.468619,1.4164138,8.104099681614109e-14,2.901140396494056e-13
Mfsd8,7.4674153,1.2373079,8.178539966791839e-14,2.9270226130823973e-13
Stx6,7.4671664,0.3863421,8.194016354009557e-14,2.9317941821318865e-13
Ddx47,7.4665422,0.54254335,8.232960941863213e-14,2.9449579094946225e-13
Slc16a9,7.4592276,0.076984584,8.703133721511674e-14,3.1123261935583717e-13
Fbxo11,7.455017,0.57896936,8.98561590461265e-14,3.2125045096883133e-13
Pgam1,7.4512925,-0.10681993,9.243024995846194e-14,3.3028055087064727e-13
Dhrs1,7.450399,0.35534945,9.305839125602047e-14,3.3243821850211075e-13
Zc3h18,7.4483814,0.43716326,9.449220197100109e-14,3.3747214989643244e-13
Deptor,7.4461703,0.055167362,9.608868692956216e-14,3.430842803555515e-13
Gpr89,7.444143,0.22065267,9.757590593026534e-14,3.4813784526379276e-13
Trim41,7.4441366,0.33489603,9.758042858472523e-14,3.4813784526379276e-13
Herc3,7.444012,0.6452905,9.767243392413155e-14,3.48375204463354e-13
Rasgef1b,7.438964,0.44234595,1.0147821642081817e-13,3.6185517850187445e-13
BC005624,7.433552,0.5188095,1.0571958922633158e-13,3.7688096524246204e-13
Prkag2,7.432065,0.19358718,1.0691524811795082e-13,3.8104404952123466e-13
Rnf31,7.429244,0.27049115,1.0922018977992196e-13,3.8915739844722063e-13
Ephx2,7.428277,1.0874307,1.1002135202972378e-13,3.919098694989509e-13
Tnpo2,7.4256783,0.24665041,1.1220342062738087e-13,3.9957858778110246e-13
Ino80d,7.4196324,0.52727485,1.174459894671774e-13,4.181395225107136e-13
Zbtb33,7.417994,0.14563392,1.189072589481485e-13,4.2323184958769667e-13
Ssna1,7.41776,0.25031087,1.1911798901201712e-13,4.2387158463162475e-13
Nbea,7.408401,1.7968297,1.2783133893907865e-13,4.547589906326484e-13
Sec11c,7.402908,-0.25806588,1.3323437295956364e-13,4.738569701487731e-13
Lsm3,7.401329,-0.04790954,1.3482836210011553e-13,4.794014175036609e-13
Tns3,7.391562,0.3592869,1.45113687688311e-13,5.158382321647136e-13
Ly75,7.3911033,0.17949566,1.4561553529250376e-13,5.174876416644982e-13
Lrch3,7.386701,0.4918493,1.5051625516484822e-13,5.347648192723563e-13
Setd2,7.3860507,0.772243,1.5125430592604189e-13,5.372474372827592e-13
Pepd,7.3847513,0.5153269,1.527387498184049e-13,5.423792271531257e-13
Pom121,7.3836393,-0.06866602,1.5402015593447235e-13,5.467875473530398e-13
E2f3,7.382538,0.40039003,1.5530022250268916e-13,5.511888249998116e-13
Zfp622,7.3808203,0.6550653,1.5731706355400183e-13,5.582020872083485e-13
Sec63,7.379827,-0.0550907,1.5849529775360358e-13,5.622368863243914e-13
Slc7a7,7.377879,0.5710874,1.608310257611867e-13,5.70374553237611e-13
Atg13,7.3764286,0.40112102,1.6259191243260122e-13,5.764698995374181e-13
Eif1ax,7.3735423,0.08603826,1.6615289855473875e-13,5.889426873343837e-13
Slc39a7,7.37116,0.2900137,1.6914992440278398e-13,5.994105250603967e-13
Ccar2,7.367649,0.14214878,1.7366294335572106e-13,6.152437177174833e-13
Rnf168,7.3603163,0.5206616,1.8347525490915846e-13,6.498378945565248e-13
Nbr1,7.3591514,0.9508887,1.850830951419566e-13,6.553628498359028e-13
Sp2,7.3587556,0.33207786,1.8563251086324761e-13,6.571381273763683e-13
Cyld,7.3550515,0.23999573,1.908538164688588e-13,6.754466718974234e-13
Ss18,7.353556,0.43773702,1.930019492842432e-13,6.828723561350649e-13
Ap5m1,7.3534417,-0.005194869,1.9316703637067062e-13,6.832796746944958e-13
Tcp1,7.352495,0.056604337,1.9454024832940186e-13,6.879591145344119e-13
Sgpp2,7.352224,-0.22629252,1.9493562839004156e-13,6.891790895123625e-13
Rmc1,7.350745,0.33242908,1.97104816521142e-13,6.966679674144783e-13
Dolpp1,7.348683,1.0008146,2.001693515159903e-13,7.073167653698107e-13
Btbd6,7.3361154,0.52175206,2.1988216537201969e-13,7.767730848520716e-13
Lmbr1l,7.334653,0.50916475,2.2229665747765425e-13,7.850998943716224e-13
Arl4a,7.3331723,0.56392735,2.2476799104628857e-13,7.934182440779547e-13
Kif21b,7.3317585,0.75406164,2.2715215967304107e-13,8.016272989751835e-13
Sh3gl1,7.3296614,0.6591832,2.3073467487329913e-13,8.140600306739849e-13
Stau1,7.329037,0.22314829,2.318117444030411e-13,8.176491113519699e-13
Parg,7.3283134,0.24761055,2.3306747542084903e-13,8.218663554358201e-13
Ddx10,7.3210597,0.13749437,2.4602052486115947e-13,8.673190712751626e-13
Fam160b2,7.3171535,0.74141675,2.5328638254542684e-13,8.927039384816269e-13
Rapgef1,7.3166924,0.37734175,2.5415765143465845e-13,8.955439019244921e-13
Magi1,7.316017,0.3636449,2.5543902909464785e-13,8.998270795644794e-13
Tsc1,7.3156357,0.38227427,2.5616575242387495e-13,9.021546908051737e-13
Usp19,7.3139734,0.4383878,2.593568077928161e-13,9.131576587453038e-13
Heatr5b,7.310171,0.8441511,2.6680262186501106e-13,9.391314939521303e-13
Rap1a,7.3072376,0.53647363,2.726898620874804e-13,9.59607273300642e-13
Akap10,7.304129,0.5101557,2.790684691879335e-13,9.818012133123207e-13
Mospd1,7.303607,0.98459774,2.8015422288215115e-13,9.853675406155908e-13
Cpsf7,7.3030295,0.5637666,2.813593186149511e-13,9.893516796244423e-13
Pbrm1,7.3021708,0.15531841,2.831614850084329e-13,9.954327268612647e-13
Tank,7.3010287,0.49864128,2.8557624690634116e-13,1.003663627973327e-12
Bud23,7.2977486,0.36092064,2.926230468402271e-13,1.0281655101593284e-12
Akap8,7.2953005,0.14270306,2.979928666009811e-13,1.0467640510579032e-12
Mon2,7.294036,0.71418995,3.0080507427715137e-13,1.056371184062672e-12
Ift20,7.2917085,0.20910437,3.0604873100977377e-13,1.0745099862795009e-12
Slc3a2,7.2915697,0.20069604,3.0636405539584917e-13,1.075340979860944e-12
Denr,7.2889137,0.08651449,3.124635049385498e-13,1.0964686759134381e-12
Rbbp6,7.2877674,0.43221915,3.1513299881729995e-13,1.105552529201277e-12
Ddah1,7.2862477,-0.12219449,3.187062936512853e-13,1.117801632644608e-12
Ep400,7.2858624,0.35707772,3.196191172249528e-13,1.1207157507823667e-12
Stk3,7.2831373,0.13200527,3.2614530364744907e-13,1.1431859906603043e-12
Atg2a,7.283117,0.68695986,3.2619464245385796e-13,1.1431859906603043e-12
Irak2,7.28285,0.30728725,3.268416582212542e-13,1.1451600502627853e-12
Bmpr2,7.27948,-0.23650944,3.351099420467903e-13,1.173829010627525e-12
Tmem184b,7.2776685,0.3434609,3.396389292778449e-13,1.189388567957626e-12
mt-Nd3,7.2774806,0.66559404,3.401115711578082e-13,1.190738795592173e-12
Rab3gap1,7.276265,0.47075945,3.4318915352834293e-13,1.2012059571282541e-12
Cdc5l,7.2752104,0.18863389,3.458809412653281e-13,1.2103177768176462e-12
Zfp821,7.2748594,0.54420704,3.467810565632619e-13,1.213157060246254e-12
Fkbp4,7.266272,-0.10132228,3.695444609588941e-13,1.2924604868575133e-12
Atxn2,7.2661924,0.12091327,3.6976204654368837e-13,1.2928908173062999e-12
Naa80,7.2658253,0.15278703,3.707679191585997e-13,1.296076506772457e-12
Atxn3,7.2635264,0.12250237,3.771271606728656e-13,1.3179693131105131e-12
Snd1,7.258594,-0.121649325,3.9113463742504e-13,1.3665728581470163e-12
Cfdp1,7.2582026,0.16032258,3.922685381997357e-13,1.3701844852826017e-12
Plscr4,7.257472,3.197185,3.943914180640584e-13,1.3772478656859037e-12
Epc2,7.257109,0.5207715,3.954511233241043e-13,1.3805958926364887e-12
Cnot7,7.2562685,0.14088231,3.9791466183561456e-13,1.3888420113838768e-12
Glb1,7.2532434,0.36788067,4.0690759707355763e-13,1.4198676677675176e-12
Tmem135,7.252301,0.2745888,4.097497265704877e-13,1.429420283380464e-12
Tmem181a,7.2513833,0.6453302,4.1253677187361214e-13,1.438775913127173e-12
Man2a1,7.249604,0.21563128,4.1799053455384507e-13,1.45742492606421e-12
Utp14b,7.24835,0.21066563,4.2187944967988625e-13,1.4706096034597105e-12
Pkp2,7.246845,0.20143998,4.265930664210617e-13,1.4866616165412892e-12
Acot4,7.2466426,1.2214303,4.272293018727724e-13,1.4884995421936721e-12
Zcchc8,7.243785,0.15863384,4.3633352116666676e-13,1.5198321197030486e-12
Eloc,7.241531,0.43005428,4.436483614989137e-13,1.5449175817411878e-12
Ier2,7.24088,-0.01375175,4.4578237308537587e-13,1.551953653753186e-12
Srd5a3,7.23914,1.5032755,4.515383143596807e-13,1.5714760467520479e-12
Tstd2,7.2391157,0.47806904,4.5161980722014976e-13,1.5714760467520479e-12
Kctd6,7.2367086,1.1793824,4.597042029102546e-13,1.5991999427112012e-12
Nosip,7.230069,0.22942306,4.827486444767615e-13,1.6789388894251563e-12
Eif3l,7.2298527,-0.22473799,4.835178567117991e-13,1.6811865473007508e-12
Fam76b,7.2293,0.5159242,4.854899031816517e-13,1.6876142414868039e-12
Coa6,7.224849,0.16723403,5.016585821946879e-13,1.742932192965538e-12
Sh3bgrl2,7.224072,-0.2044256,5.045355175792747e-13,1.7524823985005287e-12
Hadh,7.22233,0.09423173,5.110430589581292e-13,1.7746353050412437e-12
Strn,7.2205043,0.48340386,5.179514601820076e-13,1.7981686260444161e-12
Ddx50,7.2181444,0.4149072,5.270182317679293e-13,1.82918129934681e-12
Hdhd3,7.2157636,0.32252666,5.363211800355579e-13,1.8609977510749185e-12
Tc2n,7.2144685,0.60040605,5.41450732838344e-13,1.8783203377890296e-12
Tbcd,7.2126794,0.01572818,5.486144501447826e-13,1.9026889692442055e-12
Hip1r,7.2100706,0.34622326,5.592289741091463e-13,1.9390101980077524e-12
Pfdn6,7.2085733,-0.05139369,5.654112856722364e-13,1.959949133477271e-12
Letmd1,7.207009,0.5154398,5.719432385474468e-13,1.9820891503133132e-12
Stx16,7.204104,0.37750897,5.84267394232292e-13,2.0242859427733957e-12
Srp14,7.2003508,0.41332033,6.005785728431171e-13,2.0802715257420534e-12
Ehbp1l1,7.18956,0.7630621,6.500041395014035e-13,2.2509006350168886e-12
Tmem203,7.1886196,0.49806207,6.544958469726066e-13,2.2658811917342773e-12
Rnf139,7.1867146,0.63246566,6.636897870711408e-13,2.2971292933935337e-12
Slc37a2,7.186241,-0.1144305,6.659930927266887e-13,2.3045181029953107e-12
Hdac4,7.18588,0.3185118,6.677556314224221e-13,2.310032446167878e-12
Gpn2,7.1852827,0.8777375,6.706833490623417e-13,2.3195737982871834e-12
Cr1l,7.1834874,0.5656187,6.79552457846197e-13,2.3496535679005675e-12
Clcn7,7.1826572,0.65478486,6.836932612280172e-13,2.3633734447151506e-12
Aak1,7.182549,0.37762526,6.842343007360517e-13,2.3646459597082405e-12
Rspry1,7.180436,0.10448084,6.948948924097598e-13,2.4008811656653525e-12
Sirt7,7.17676,0.9749029,7.138275003916876e-13,2.4656708936237247e-12
Ddx19b,7.171114,0.32108808,7.438996901622506e-13,2.5684771234753397e-12
Bcl2l13,7.1711016,-0.0047105574,7.439662073920162e-13,2.5684771234753397e-12
Dnajb14,7.1663957,0.45246387,7.699795688927489e-13,2.6576149935912018e-12
Nop10,7.16363,-0.17444383,7.856840507091396e-13,2.711135350352633e-12
Sec22b,7.1619654,0.35334012,7.952856112882945e-13,2.743574857307626e-12
Tom1,7.1615086,0.7691382,7.979414196171675e-13,2.7520426010756033e-12
Ostm1,7.1602497,0.58637744,8.053018434030701e-13,2.776727863978059e-12
Crtc2,7.157492,0.35086986,8.216641430057111e-13,2.832431851677111e-12
Nr2c2,7.1549444,0.6378389,8.370696231113581e-13,2.884810256060439e-12
Psmd9,7.152723,0.55749226,8.507327156725794e-13,2.931158953596e-12
Vldlr,7.1492715,1.0740682,8.723967001232555e-13,3.005044048913229e-12
Med24,7.148327,0.41829464,8.784186043955571e-13,3.0250250352831136e-12
Abca7,7.1478477,1.3315234,8.81490668206033e-13,3.0348401026479106e-12
Nek3,7.1414385,1.4638603,9.235919390490369e-13,3.1789881113756803e-12
Orc4,7.1403046,0.47017655,9.31244867242989e-13,3.2045227880090272e-12
Zbtb43,7.1384687,0.589873,9.437648026241182e-13,3.246788346134545e-12
Decr1,7.138348,-0.17215174,9.445912991495154e-13,3.2482384429644757e-12
Ireb2,7.137251,0.15933031,9.521606729021904e-13,3.2732019109948355e-12
Abcf1,7.135684,0.4180603,9.63069265860818e-13,3.309869869476423e-12
Ldah,7.1299644,0.305753,1.0039483555398564e-12,3.448936089719132e-12
Madd,7.1299524,0.15329498,1.0040376287511418e-12,3.448936089719132e-12
Arrb1,7.129822,-0.0033127856,1.0049903612208885e-12,3.451341835684493e-12
Tnk2,7.1280737,-0.033224903,1.0178338497794218e-12,3.4945714023935712e-12
Erap1,7.12615,-0.15660939,1.0321523526749548e-12,3.542842224605926e-12
Tmem147,7.1250935,-0.17088528,1.0401015834378286e-12,3.569231908033201e-12
Manf,7.117583,-0.23819877,1.0983630090697227e-12,3.768217297799412e-12
Atf1,7.1171584,0.22080125,1.1017481524224428e-12,3.778882865406798e-12
Sdhc,7.1119323,0.30499458,1.1442931156916992e-12,3.923823559950849e-12
Abhd5,7.106113,0.4138124,1.1935690091794631e-12,4.091766407753612e-12
Ube2e2,7.103828,0.9467672,1.2134772118059405e-12,4.158972649485273e-12
Srp19,7.1027694,0.07305663,1.2228126606093986e-12,4.18991809918154e-12
Mtf1,7.0984735,0.5257402,1.2614226194624353e-12,4.321130841971143e-12
Tkt,7.09767,0.045724116,1.2687776212317656e-12,4.3452376584884536e-12
Eif4b,7.0969253,-0.29356775,1.275628803774879e-12,4.367607383981339e-12
Exoc1,7.095993,0.6511057,1.284258055193355e-12,4.396052291556729e-12
Pqlc3,7.09277,0.43639046,1.314535869729588e-12,4.49856807271074e-12
Aldh4a1,7.09152,0.6011311,1.3264705350622438e-12,4.538274847879956e-12
Foxo4,7.0907183,0.19575638,1.3341778221244034e-12,4.563502180478043e-12
Elf2,7.088148,0.23774834,1.3591856652461666e-12,4.64787796255097e-12
Tada2b,7.0867934,0.7466643,1.3725488647662449e-12,4.6924014314196e-12
Ddx46,7.0856514,0.18192412,1.3839191706465508e-12,4.73009114186243e-12
Mark3,7.0835667,0.61794585,1.4049087012938393e-12,4.800631306894866e-12
Syne2,7.079036,0.41609898,1.4516057231563074e-12,4.958957847654885e-12
Klhl22,7.0752378,0.29480144,1.4919254782705216e-12,5.095424804033312e-12
Mtmr3,7.0743566,0.61521184,1.5014359005387987e-12,5.126625702838469e-12
Osbpl2,7.0722394,-0.08290861,1.5245311571799693e-12,5.204184616683994e-12
Kmt2e,7.0717945,0.12195258,1.5294257087283268e-12,5.2195898594609105e-12
Rnf126,7.071583,0.45263064,1.5317661527519251e-12,5.226272988743158e-12
Rxrb,7.071444,0.06845643,1.5332983425539297e-12,5.23019576812796e-12
Anxa1,7.0673885,-0.07603293,1.5787629659574978e-12,5.383936049742839e-12
Gps1,7.064996,-0.23516877,1.606206602525063e-12,5.476159384076349e-12
Secisbp2,7.0617547,1.1863792,1.6441306678376684e-12,5.604059542043897e-12
Emc1,7.0609083,0.41412738,1.6541791247872597e-12,5.636904941805576e-12
Fermt1,7.058573,1.0411663,1.6822166527848802e-12,5.729592210917369e-12
Fbxo3,7.057212,0.056168888,1.698763771263416e-12,5.784510600604387e-12
Slc25a37,7.0563064,1.1719897,1.7098670586195429e-12,5.820869312079225e-12
Fgd6,7.0546193,0.7999237,1.7307383037758614e-12,5.8904545306458195e-12
Ppp2r1a,7.0524163,-0.05487104,1.7583712535577063e-12,5.983012414133275e-12
Nop53,7.05074,0.56103384,1.7796926242011323e-12,6.054053889539922e-12
Supt20,7.047578,0.2569961,1.8205893814821496e-12,6.1916338701239486e-12
Nop58,7.0457463,-0.03432761,1.8447034160694446e-12,6.272083345288329e-12
Kdm6a,7.041746,0.4640627,1.898456590932263e-12,6.4532423268701716e-12
Elmsan1,7.038817,0.32605425,1.9387905068280306e-12,6.588707798427763e-12
Cct6a,7.0379868,0.36285985,1.9503742773583803e-12,6.626426892639963e-12
Mindy2,7.036004,0.8394117,1.9783140844117287e-12,6.719683334408939e-12
Huwe1,7.0353675,-0.22703329,1.987365374314371e-12,6.748751302147759e-12
Odr4,7.0340724,0.54893273,2.005912719643968e-12,6.810043803657215e-12
Rassf1,7.0331545,1.2012707,2.0191591965092986e-12,6.853313976734838e-12
Abl1,7.029911,0.3763613,2.06665422319051e-12,7.011756086230424e-12
Uchl5,7.0298967,0.24587025,2.066865724577319e-12,7.011756086230424e-12
Mzt1,7.0267777,0.24819493,2.1135761172964267e-12,7.1684408244118634e-12
Epg5,7.0264983,0.66482687,2.117811610941241e-12,7.181024988748195e-12
Sin3a,7.0256844,0.1604713,2.1301945876398158e-12,7.221222356463679e-12
Lamtor3,7.021393,0.13551493,2.196676230015581e-12,7.444745339643884e-12
Trappc13,7.0177045,0.19336876,2.255427476195783e-12,7.641964999251074e-12
Rad21,7.014253,0.14394698,2.311803854157894e-12,7.831042285263612e-12
Timm10b,7.0131946,0.31158254,2.3293719513027405e-12,7.88859867114041e-12
Sept8,7.012707,-0.0005107643,2.337506046117351e-12,7.914185486668675e-12
Ddx54,7.012548,0.19429854,2.3401667125660814e-12,7.921232622361674e-12
Uba2,7.009586,-0.041238785,2.3902418346461433e-12,8.088729791830242e-12
Pold4,7.0043926,0.16389427,2.4805946769365137e-12,8.392412718235237e-12
Mon1b,7.0039315,0.6370902,2.488774996694601e-12,8.418005955923488e-12
Nr1d2,7.003736,0.93029433,2.4922578235618323e-12,8.42770171543226e-12
Pcmtd1,6.9998827,0.30765158,2.561770282813456e-12,8.660620177373056e-12
Spred2,6.9978385,0.050620493,2.599410611453157e-12,8.785699483841305e-12
Adam17,6.9975367,-0.13522236,2.6050160379717957e-12,8.802469562457205e-12
Tprkb,6.9959846,0.56112856,2.6340262528329265e-12,8.898297679715976e-12
Hnrnpab,6.9958415,-0.24587041,2.6367105927281606e-12,8.90516605471909e-12
Rpf1,6.99269,0.45287558,2.696645591639772e-12,9.105340361894786e-12
Ddx42,6.989304,0.31247696,2.7625308708473227e-12,9.325502260883026e-12
Exoc8,6.981069,0.8793058,2.9294176126025333e-12,9.884127210171551e-12
Scaf4,6.981067,0.11268633,2.9294601523089798e-12,9.884127210171551e-12
Mt1,6.971998,-0.10130869,3.124705866119274e-12,1.0540294207987439e-11
Pi4kb,6.968504,0.5284779,3.203289659146606e-12,1.080270926974842e-11
Kcnk1,6.964096,0.12103289,3.305194280218274e-12,1.1143622234217182e-11
Comtd1,6.9618073,0.37184247,3.3593504059983047e-12,1.1323420458966432e-11
Slc10a3,6.9581313,0.48967808,3.4481544732932685e-12,1.1619889704851022e-11
Ahdc1,6.956626,0.61220896,3.4851844814752503e-12,1.174178314465978e-11
Hsd3b7,6.9538336,0.35061106,3.5549109742009932e-12,1.1973745707438075e-11
Tmem242,6.9515753,0.19331427,3.6122917317517712e-12,1.2164021037110435e-11
Cobll1,6.950266,0.3957819,3.6459844774719666e-12,1.2274455374059367e-11
Selenbp2,6.949603,1.2072196,3.663158051743893e-12,1.2329236120501534e-11
Hnrnpf,6.9480567,0.111675985,3.7035209065273526e-12,1.2462019782667703e-11
Matn2,6.9476995,1.1760523,3.712901283646102e-12,1.2490510468354352e-11
Kctd3,6.943916,0.7760582,3.81377655524364e-12,1.2826707917598814e-11
Dennd6a,6.9427285,0.3888638,3.845976051364346e-12,1.2931822597100426e-11
Lemd2,6.9411807,0.6155095,3.888368894402043e-12,1.3071151580862326e-11
Ypel2,6.9392323,0.6177879,3.942360349021931e-12,1.3249392423906341e-11
Tsn,6.9391265,0.015591818,3.9453212042720085e-12,1.3256085373076097e-11
Eif6,6.935318,0.5923536,4.0530837969308446e-12,1.3614817225013338e-11
Tepsin,6.9351954,0.80762243,4.056594410630122e-12,1.3623263400139222e-11
Cacnb3,6.932293,0.41089714,4.140733735465038e-12,1.390241439540496e-11
Pi4k2a,6.9294596,0.6556047,4.224511853681367e-12,1.4180215905521035e-11
Tomm34,6.929268,0.39814377,4.23024115541623e-12,1.4195962650384527e-11
Mocos,6.9286804,0.70788765,4.247842224033902e-12,1.4251531504824241e-11
Tiparp,6.9285703,0.4298413,4.251150407938622e-12,1.4259132163002367e-11
Napg,6.927895,0.7861071,4.271483610244131e-12,1.4323820100561178e-11
Rabggtb,6.9250536,0.13341404,4.358105038447748e-12,1.4610710076188515e-11
Pank1,6.918769,0.29655614,4.555854106692388e-12,1.5269927673779024e-11
Foxd2,6.9187055,0.5480694,4.5578878219930996e-12,1.5273000726722774e-11
Cct8,6.9142423,-0.2502603,4.703699365546299e-12,1.5757738565371298e-11
Thbs1,6.91,1.4265174,4.846548503538679e-12,1.6232317116309438e-11
Snrpa,6.9092083,0.20472446,4.873662038650459e-12,1.6319130357136393e-11
Atpaf2,6.908678,0.16948384,4.89191404553828e-12,1.6376236125516765e-11
Enox2,6.907925,0.77164775,4.917932931775486e-12,1.6459308086644586e-11
Scamp3,6.906324,0.29862228,4.9737368380941346e-12,1.6641999329810934e-11
Lactb,6.900794,0.95323735,5.171270553648599e-12,1.7298709594213454e-11
Afg3l1,6.897041,0.26569188,5.309699636625688e-12,1.775743275393893e-11
Tnrc6a,6.8955517,0.62986284,5.365620562341657e-12,1.7940063860641114e-11
Btbd3,6.8903213,1.1676503,5.566645661690966e-12,1.860764591142116e-11
Slc35a1,6.8886833,-0.25953394,5.631107773756757e-12,1.8818523657410474e-11
Dele1,6.8873596,-0.1152783,5.683741416503612e-12,1.898977861487586e-11
Pdhx,6.887186,0.42593998,5.690670495653631e-12,1.9008285058149343e-11
Tbcel,6.884159,0.36009318,5.8129867326073805e-12,1.9412110761515488e-11
Gatd3a,6.8837676,0.20475566,5.828999078787036e-12,1.9460830664651543e-11
Nqo2,6.877234,0.2364603,6.102586287392233e-12,2.0369262260212054e-11
Pwwp2a,6.875863,0.3188797,6.161562954628987e-12,2.0561096487201413e-11
Samd8,6.8734827,0.32560068,6.265312370506202e-12,2.0902207042369436e-11
Tarbp2,6.870464,0.54804087,6.39935352634327e-12,2.1344185237254686e-11
Usp24,6.867145,0.33725944,6.5499520708117244e-12,2.184115936804446e-11
Piga,6.8669205,0.8166172,6.560258325372326e-12,2.187019322268809e-11
Dynll1,6.86382,-0.14114812,6.704309607472901e-12,2.2344975355152794e-11
Bola2,6.8606153,-0.21011348,6.856451122388108e-12,2.284648369850326e-11
Snrpd3,6.8541307,-0.17032848,7.1747399535553925e-12,2.3901234802647988e-11
Ocel1,6.8536677,1.2885853,7.198013616282312e-12,2.397292649845607e-11
Traf6,6.8502307,0.82916784,7.373099937468576e-12,2.4550071011658824e-11
Znfx1,6.849586,1.1081858,7.406396706469204e-12,2.4654935482221607e-11
Srsf5,6.847348,0.5377043,7.523134696237065e-12,2.5037446330260856e-11
Ydjc,6.847075,0.79639006,7.537517387433532e-12,2.5079209312202812e-11
Tnrc6b,6.846612,0.6830896,7.561943603082397e-12,2.515436117055504e-11
Nat8f4,6.8460245,1.0287218,7.593045346772952e-12,2.5251676828093414e-11
March2,6.845806,0.7631715,7.604632415807793e-12,2.528406231125008e-11
Itm2c,6.8425956,0.2347169,7.777096949543098e-12,2.585119124574669e-11
Rnf166,6.8388524,0.22459047,7.983001651983683e-12,2.6529173169107378e-11
Mef2a,6.834457,0.3150425,8.231640027209392e-12,2.7348804026260554e-11
Trmt2b,6.832827,-0.011146401,8.32574169923552e-12,2.7654728622066e-11
Leo1,6.8310623,0.6080515,8.428804799703834e-12,2.7990263631847968e-11
Grpel1,6.828125,-0.20279567,8.60315732555751e-12,2.8562315228696034e-11
Ift22,6.827909,0.44994876,8.616130337713834e-12,2.8598442322387546e-11
Cdc27,6.827766,0.1837658,8.624707927431752e-12,2.861996624790808e-11
Rufy3,6.8274927,0.57996947,8.64115122927048e-12,2.8667574735631686e-11
Ccnt2,6.8251185,0.18468064,8.785285381214911e-12,2.913867998741545e-11
Smpdl3a,6.8242393,-0.18256134,8.839250028380208e-12,2.9310558714379084e-11
Ufsp2,6.8209205,0.11152444,9.04590617442359e-12,2.998854956005881e-11
Trim24,6.8191214,0.362524,9.159905886841945e-12,3.035911609368968e-11
Smcr8,6.8179708,0.4495204,9.23354023025872e-12,3.0595750581242554e-11
Dhx16,6.8123207,0.3380066,9.603686327399072e-12,3.181453743391044e-11
Fam49b,6.810299,0.26029104,9.73960977287121e-12,3.2257002577867234e-11
Ints14,6.8090997,0.349089,9.821147609536034e-12,3.2519175196224034e-11
Tnrc6c,6.8087754,0.65733325,9.843310731906069e-12,3.258467060247289e-11
Mllt10,6.808153,0.64726627,9.885962128112818e-12,3.2717940973364666e-11
Rlf,6.8060784,0.81952196,1.0029492569522176e-11,3.3184928838184315e-11
Sgpp1,6.805222,0.42972842,1.0089361534942992e-11,3.337494411958041e-11
Taf1,6.8044367,0.375849,1.014454889683694e-11,3.354938480392869e-11
Fam204a,6.803182,0.6105555,1.023331940985102e-11,3.383477827120713e-11
Patl1,6.8022723,0.46178046,1.0298171673799946e-11,3.404097114798508e-11
Xpo1,6.7982864,-0.16616757,1.0587078363150405e-11,3.498750522379937e-11
Kdm6b,6.79672,0.47306925,1.0702790954356456e-11,3.5361359338203563e-11
Pdcl,6.796139,0.2994549,1.0746045600289345e-11,3.549569410240503e-11
Aplp1,6.795747,1.8232566,1.0775282068140582e-11,3.558367116199528e-11
Hax1,6.795445,0.36697215,1.0797871680877932e-11,3.564966084886666e-11
Eif4ebp1,6.7934337,0.3797903,1.094955587750924e-11,3.6141727401626566e-11
Ezh1,6.7918425,0.6109209,1.1071026412480816e-11,3.6533852845240146e-11
Klhdc10,6.7887583,0.05021068,1.1310263606696426e-11,3.7314319619197496e-11
Msl3,6.7882853,0.23256129,1.134741730766123e-11,3.742786581820245e-11
Pebp1,6.787194,-0.23716056,1.1433551353643008e-11,3.770287310370584e-11
Zfc3h1,6.7853174,0.39661276,1.1583169713823842e-11,3.818704094419986e-11
Tfpi2,6.783404,0.74142635,1.1737689550453707e-11,3.868713053807048e-11
Tmtc2,6.774223,0.5843947,1.2507695306634055e-11,4.1215116462221856e-11
Ssbp3,6.770057,-0.13078122,1.2873140905169992e-11,4.240910669192957e-11
Map2k4,6.766867,0.91530997,1.3160094581854644e-11,4.33440013022308e-11
Haus2,6.765784,0.38995928,1.3258936729028133e-11,4.365903196953039e-11
Prrc2c,6.7635684,-0.30446416,1.3463358060691378e-11,4.4321478449676114e-11
Elmo3,6.7611656,0.9728686,1.3688587414498703e-11,4.5052089745672626e-11
Nt5c3,6.75513,-0.23263349,1.4270740641296414e-11,4.695678014189809e-11
Agrn,6.7516418,0.5197721,1.4618149133806715e-11,4.808833038364369e-11
Tor4a,6.7444105,0.46857935,1.536495249055842e-11,5.05328824695494e-11
Cdk5rap3,6.741147,0.115711726,1.5714132049671314e-11,5.166885207483896e-11
Dnajc16,6.740653,0.511652,1.576761760305773e-11,5.183225257735924e-11
Rtn4r,6.737067,1.0691416,1.6161549277120218e-11,5.3114440366406866e-11
Ankrd27,6.735876,0.5437971,1.6294531978632098e-11,5.35386172051403e-11
Snx27,6.73136,0.41118124,1.6808483615031256e-11,5.521403157231622e-11
Ccnl2,6.7265296,0.7643298,1.737575415967246e-11,5.7063745949452665e-11
Tmco3,6.7248507,0.006233974,1.7577265981937517e-11,5.771167162136748e-11
Hspa4,6.720502,0.17563035,1.8109989688459444e-11,5.944649759713945e-11
Shb,6.7176623,0.9875239,1.8466306408520076e-11,6.060156950720231e-11
Sypl,6.7102885,-0.2534966,1.9424025659062486e-11,6.372925885021101e-11
Plekha7,6.7101455,0.30084112,1.9443042588090746e-11,6.3776351017544e-11
Mark4,6.7067246,0.31842214,1.990412284786303e-11,6.527311269652924e-11
Seh1l,6.7062535,0.15989007,1.9968467879287738e-11,6.54684244184272e-11
Gpatch8,6.704775,0.61962146,2.0171742091549255e-11,6.611902519221861e-11
Tiam2,6.7038484,0.9695601,2.0300063932023598e-11,6.652369381030977e-11
Wdfy1,6.7011313,1.1130683,2.0681179923207246e-11,6.77563812769188e-11
Foxj2,6.698398,0.15921095,2.107165101516426e-11,6.901912039098712e-11
Kdf1,6.692964,0.54173535,2.1869488616666743e-11,7.161524349447263e-11
Dip2a,6.6918135,-0.021469947,2.2042155191823306e-11,7.216338813698437e-11
Rfx1,6.6913667,0.37679872,2.2109560382219258e-11,7.23667396426157e-11
Cirbp,6.6905956,0.9526548,2.2226378649612022e-11,7.273168892879742e-11
Tmem220,6.690137,0.5973364,2.2296199995749074e-11,7.2942711708581e-11
Osbpl7,6.6870646,0.51211584,2.276909750825165e-11,7.447199436147842e-11
Vcpip1,6.6855106,0.45087987,2.3012099392509137e-11,7.524879464193267e-11
Zbtb6,6.6792746,0.71010447,2.4012758466503278e-11,7.850214487913754e-11
Pex7,6.677341,0.7992768,2.4331634677724677e-11,7.952559852243904e-11
Gripap1,6.6727614,0.6898506,2.510340246536741e-11,8.20284417476462e-11
Thra,6.668976,0.29086155,2.5759494129537284e-11,8.415219355504594e-11
Sik2,6.664886,0.5561621,2.6487119717966817e-11,8.650856511659809e-11
S100a13,6.6626887,-0.09674224,2.68862357246467e-11,8.779113503690154e-11
Mcts1,6.656351,0.10038478,2.807090814233005e-11,9.1637543291087e-11
Abhd11,6.653977,-0.25581464,2.8527762039778296e-11,9.310671739712846e-11
Bcl3,6.651354,-0.071464926,2.904096267901139e-11,9.475904667990475e-11
Ccdc58,6.6494217,0.3591921,2.942464580548027e-11,9.598808000714282e-11
Mllt1,6.648351,-0.12724936,2.963948605380854e-11,9.666586496203953e-11
Pcnx3,6.6473393,0.29945964,2.984386897900963e-11,9.730922944395723e-11
Fam89b,6.646905,0.739823,2.993206104250368e-11,9.757352437574203e-11
Bmp8a,6.6448426,1.9418838,3.035415361556853e-11,9.8925893873427e-11
Clpp,6.635241,-0.13078056,3.239727536683711e-11,1.0555938542804325e-10
Clip1,6.6327095,0.25918278,3.295798880346618e-11,1.0736076629047167e-10
Zfp654,6.63213,0.3321043,3.3087636092796266e-11,1.0775742404596069e-10
Yipf2,6.629972,0.7335759,3.357502565914243e-11,1.0931868473542208e-10
Khdc4,6.628991,0.12531151,3.379892486026174e-11,1.1002149427852399e-10
Cdc40,6.6241016,0.4600261,3.4936663849983885e-11,1.1369797195348158e-10
Fbxl14,6.6235466,0.7197041,3.506811293818023e-11,1.1409860681170941e-10
Rap2a,6.6229286,0.4083607,3.521511327216947e-11,1.1454963701163596e-10
Zcchc14,6.6224146,0.44965947,3.533783014659608e-11,1.1492148091669474e-10
Synrg,6.6222105,0.6647063,3.538664321673298e-11,1.150528640011468e-10
Tmem126a,6.6154137,-0.18857837,3.7051363673294034e-11,1.204367478565001e-10
Fam210a,6.6143346,-0.077353485,3.7322615864562375e-11,1.2128963211689414e-10
Lrpap1,6.6104245,0.32661822,3.832196231494389e-11,1.2450768226582507e-10
H3f3a,6.6089945,-0.099220455,3.869389818751815e-11,1.2568623698677214e-10
Tdrd3,6.6070952,0.23806474,3.919333250382236e-11,1.2727827641647371e-10
Pllp,6.6056533,-0.22364482,3.957681074894385e-11,1.284930880797263e-10
Mbtps1,6.604615,0.14745253,3.985516400677519e-11,1.2936609726860923e-10
Snrpb2,6.59687,-0.07223282,4.1992921152769656e-11,1.3627270924635146e-10
Pfdn2,6.5936937,0.19932452,4.290161005552163e-11,1.3918849762971726e-10
Xrn1,6.5862646,0.70339704,4.510292952966587e-11,1.462956739369499e-10
Siah2,6.5847163,0.5100832,4.5575412818415975e-11,1.477931634554988e-10
Crlf3,6.581357,0.7935486,4.6617399267610545e-11,1.5113630511725323e-10
Rexo2,6.57955,0.05377269,4.7187538067245074e-11,1.5294846718880692e-10
Nek9,6.5761633,0.1822484,4.8274165740179745e-11,1.5643346362487156e-10
Manbal,6.56943,-0.10785057,5.0508215985043566e-11,1.6363417521806936e-10
Plce1,6.5665703,0.24187793,5.148737727069605e-11,1.6676690766858562e-10
Nmt2,6.5661316,0.03745654,5.163916695433299e-11,1.6721894579694618e-10
Kpna3,6.5653605,0.3231429,5.1907096479465376e-11,1.68046767129898e-10
Ibtk,6.564422,-0.17275716,5.2234983163362824e-11,1.6906825911455304e-10
Zfp628,6.559751,0.6267256,5.389767707924099e-11,1.744085977422197e-10
Tmem185b,6.558919,0.8732294,5.4199297923242156e-11,1.7534312730076568e-10
Supt16,6.5573726,0.1050832,5.47640516250397e-11,1.7712828901902032e-10
Snx20,6.556844,0.3484874,5.495833787832674e-11,1.7771465369735592e-10
Rad23b,6.551565,-0.31369713,5.693710458563465e-11,1.8406971754339338e-10
Chrac1,6.550484,0.28641418,5.7350852397927714e-11,1.8531968491060052e-10
Atxn1,6.5499415,0.80995363,5.7559613916937886e-11,1.8595032372174003e-10
Ttc17,6.5497785,0.5714923,5.762254459956725e-11,1.8610965928178604e-10
Fastkd3,6.548909,0.75741833,5.795878551827659e-11,1.8715145028628862e-10
Kmt2c,6.547751,0.28772908,5.841009359065746e-11,1.8856421856757337e-10
Snx5,6.547351,0.37053776,5.856662295411542e-11,1.890249159541016e-10
Tmem165,6.5472164,-0.047627266,5.861942410765327e-11,1.8915069010669145e-10
Kalrn,6.543218,0.4325556,6.020885721718044e-11,1.9423357453289515e-10
Sdhaf4,6.542394,0.07574535,6.054167636763135e-11,1.9526118498286763e-10
Smc1a,6.541676,0.051895443,6.083312385062595e-11,1.9615490890292617e-10
Sh3bgrl3,6.5390897,-0.24909621,6.189441691468852e-11,1.9952997437726677e-10
Myo1c,6.5374966,-0.097166635,6.255708950044991e-11,2.0161871291978615e-10
Kcnk5,6.537348,0.06671383,6.261938289921772e-11,2.0177192769717302e-10
Nudc,6.52005,0.048015364,7.028400566846157e-11,2.2641549529239384e-10
Trim12c,6.5195217,0.38984516,7.053198992605211e-11,2.2716084838407032e-10
Top2b,6.5165944,0.0034423382,7.192153908001677e-11,2.3158159805020707e-10
Sfpq,6.5142465,-0.104680754,7.305539961898553e-11,2.351771633214753e-10
Setd7,6.5137715,0.90305096,7.328704839426623e-11,2.3586735391658994e-10
Mecom,6.511472,-0.15668127,7.44176912203033e-11,2.3944986527944653e-10
Ranbp3,6.508266,0.39072138,7.602330841004233e-11,2.4455863150019495e-10
Cdc37l1,6.5053368,0.24683891,7.75195928249559e-11,2.4931336591751456e-10
Dnaja1,6.503929,0.48997656,7.824876531933025e-11,2.5159931007332265e-10
Nck1,6.5024624,0.36398295,7.901571935998898e-11,2.540056328744357e-10
Rnaseh2c,6.4977975,0.6644375,8.150445133963066e-11,2.619443882654405e-10
Ppme1,6.497561,-0.069343485,8.163270540217707e-11,2.6229493570835797e-10
Arhgef18,6.496867,0.59090465,8.200976043544314e-11,2.634445557798179e-10
Tfeb,6.4939666,0.5696207,8.36052776129698e-11,2.6850685095287977e-10
Tmem179b,6.4904194,0.2764762,8.559777069007112e-11,2.748413980245885e-10
Zfp362,6.4877796,0.20684917,8.711045102528021e-11,2.7963272717622227e-10
Mcee,6.4874105,0.10610823,8.732411213542919e-11,2.802528123567224e-10
Uhrf2,6.4870415,-0.1331879,8.753828562198194e-11,2.808742505585648e-10
Areg,6.4855137,-0.17574829,8.84300347957751e-11,2.836689481192176e-10
Pigv,6.4803143,0.70003814,9.153189295467865e-11,2.9355033680938803e-10
Arid1a,6.4767323,0.19610706,9.373038012221858e-11,3.005305857377114e-10
Zfp655,6.4763956,0.9351463,9.393959166310055e-11,3.0113078199552275e-10
Foxk2,6.4735436,0.19083352,9.57306020534237e-11,3.068000897774945e-10
Ascc1,6.4709735,0.08355106,9.737339187987522e-11,3.1199183082410816e-10
Gtpbp1,6.469709,-0.10362004,9.81918346323774e-11,3.1448804943602357e-10
Rwdd1,6.469699,0.06538151,9.819846223706185e-11,3.1448804943602357e-10
Zc3h14,6.4690013,-0.14903834,9.865282991707916e-11,3.158692224575175e-10
Tmem214,6.4654193,-0.09581024,1.0101834592541004e-10,3.2336748139746776e-10
Kctd9,6.4608216,0.59124327,1.0413612145358739e-10,3.3326970767091213e-10
Park7,6.4601583,-0.21450491,1.0459335771257779e-10,3.3465469506773545e-10
Mvk,6.4596934,0.23790568,1.0491529730928934e-10,3.3560624343965655e-10
Ninj1,6.45727,0.09406148,1.0660850961203421e-10,3.4094278974381853e-10
Prpf39,6.450002,0.58781767,1.1184851335005068e-10,3.576171194907512e-10
Smim4,6.449335,0.23971088,1.1234184787178623e-10,3.5911051183886785e-10
Klhl2,6.4477806,0.85251033,1.1349972106299445e-10,3.6272696553784744e-10
Pggt1b,6.4436216,0.023380436,1.1665569215564746e-10,3.7272583883842965e-10
Rhbdd1,6.4414086,0.84579027,1.183698605583398e-10,3.7811442259642533e-10
Mtor,6.438777,0.5840738,1.20439959591304e-10,3.846371899605517e-10
St13,6.436805,0.09621796,1.220148952481334e-10,3.8957592634093485e-10
Oxct1,6.4351645,-0.072143264,1.2333966663401454e-10,3.9371380514009076e-10
Tk2,6.434826,1.1415716,1.2361493489105815e-10,3.9450040481568733e-10
Ankmy2,6.430477,0.21100281,1.272041365461286e-10,4.058601416864929e-10
Ccnk,6.4296,0.08119817,1.2794028308504783e-10,4.08113685838122e-10
Wars,6.428474,-0.1468569,1.288913956434487e-10,4.110517340075002e-10
Fip1l1,6.425965,-0.031102028,1.310356460150213e-10,4.177925994999805e-10
Larp1,6.419011,-0.23538607,1.3716239203826572e-10,4.3712321396487615e-10
Inpp5b,6.4189215,0.68033314,1.372432719610325e-10,4.372790643213232e-10
Prdm4,6.4181952,0.5762104,1.378993804929052e-10,4.392671857070763e-10
Ccpg1,6.414964,0.23829913,1.4085604975847856e-10,4.4858092232119105e-10
Clk4,6.4146214,0.56032306,1.4117324608644667e-10,4.4948641216115447e-10
Kif16b,6.4140096,1.2026583,1.4174140526946672e-10,4.511903438221502e-10
Jkamp,6.4098644,0.79223,1.4564899600587732e-10,4.635210659484227e-10
Bin3,6.4006324,0.29255414,1.5473483399148439e-10,4.92321743795614e-10
Tmem82,6.3982434,0.32928047,1.5717436133768774e-10,4.999672926943196e-10
Dnajc2,6.39745,0.03129709,1.5799304501424688e-10,5.02454625713913e-10
Dnajc21,6.397232,0.43715462,1.582189654081001e-10,5.030561153117343e-10
Chd2,6.393295,0.22046168,1.6234859734331123e-10,5.160662642189171e-10
Ppp3ca,6.3927298,0.32123017,1.6294987296456099e-10,5.178571956287175e-10
Rgs3,6.3908715,0.33219135,1.649427396710557e-10,5.240687651026224e-10
Gpalpp1,6.38566,0.3521608,1.7065986999444398e-10,5.421077171135939e-10
Epop,6.384962,0.32475516,1.7143968150274132e-10,5.444583475499274e-10
Mif,6.383159,-0.046092924,1.7347150032507946e-10,5.507830896088836e-10
Arfgap2,6.3792815,0.6228222,1.7792085370296746e-10,5.647789402015042e-10
Fam122a,6.370357,0.6336834,1.8858852135027473e-10,5.983638119408368e-10
Uck1,6.3689966,0.63601035,1.9026884412244272e-10,6.035551944733019e-10
Ubc,6.3633156,0.16504051,1.9744431869553662e-10,6.261713956775193e-10
Suz12,6.3630056,-0.081332125,1.9784345932336995e-10,6.272917473329664e-10
Timm44,6.3628445,-0.03337374,1.9805121861444663e-10,6.278049176060635e-10
Dnajc15,6.361439,-0.15492655,1.9987225400273494e-10,6.33430607992445e-10
Kifc3,6.3599663,1.0891628,2.0179805913586363e-10,6.393856484436828e-10
Nup62,6.35596,0.14644,2.071288606170405e-10,6.56123967787359e-10
Grhpr,6.352615,0.17538655,2.1168543121241207e-10,6.703718262925413e-10
Prrc1,6.3525863,0.21879436,2.117247471851909e-10,6.703718262925413e-10
Heatr5a,6.3481436,0.22463888,2.1792886108226394e-10,6.898558276157314e-10
Pcbp2,6.3467402,0.45602337,2.1992530653761156e-10,6.960144797273405e-10
Fam193a,6.3460813,0.5750982,2.20868743076836e-10,6.988385149411689e-10
Imp4,6.3436375,0.1761327,2.244025765402157e-10,7.098554786461831e-10
Cdadc1,6.342587,0.34135798,2.259386309583391e-10,7.145492086853115e-10
Ccdc59,6.3362694,0.30305284,2.353947636116748e-10,7.442828652924053e-10
Khdrbs1,6.336139,0.033402264,2.35594197006952e-10,7.447412492071356e-10
Osbpl5,6.3333526,0.45491347,2.3989042219387003e-10,7.581468739314012e-10
Zfp524,6.3312087,0.22744702,2.4324793303277396e-10,7.685802874822514e-10
Dtnbp1,6.325124,0.77948594,2.530293531725021e-10,7.993015487719949e-10
Btbd7,6.3237123,0.15221399,2.5535277484615527e-10,8.064547796815642e-10
Mctp2,6.321656,0.35185382,2.5877450457200965e-10,8.170725813951124e-10
Zw10,6.3209076,-0.21973501,2.600313996630936e-10,8.208516598321341e-10
Ralgapa1,6.318472,-0.1783081,2.641619819241897e-10,8.336983851403864e-10
Pex5,6.3148904,0.5987546,2.7035342906307535e-10,8.530417956708712e-10
Crk,6.3146048,0.54665077,2.708531076989431e-10,8.544212797654086e-10
Tbck,6.312273,0.4002812,2.749665083610089e-10,8.67197186770479e-10
Git2,6.3046055,0.37558353,2.889291484314967e-10,9.108128411251077e-10
Grpel2,6.303653,0.8858443,2.90711428893664e-10,9.162200484261017e-10
Dhps,6.303428,0.28982854,2.911327976903186e-10,9.173366378836652e-10
Rnf220,6.3017354,0.20801888,2.943315022915887e-10,9.272018645099e-10
Dcun1d5,6.301362,0.19376656,2.9504136271812956e-10,9.292240062575821e-10
Maff,6.3003726,1.6279498,2.9693078329558386e-10,9.349593510400897e-10
Zhx1,6.2997036,0.4634612,2.982152689150505e-10,9.38787707737872e-10
Nudt18,6.2990956,1.2358285,2.993869742639034e-10,9.422593493806396e-10
Med9,6.2981105,-0.12556274,3.0129563511851464e-10,9.48048276632694e-10
Phospho2,6.290135,0.55711085,3.1719039351488956e-10,9.978326734106544e-10
Pigc,6.289319,0.62487364,3.188618881724356e-10,1.0028602393647785e-09
Nacc2,6.2875524,0.87038755,3.2251019458785736e-10,1.0141013821542767e-09
Ate1,6.284256,0.6601973,3.294274240686778e-10,1.0356137986526825e-09
Naglu,6.278308,0.23565668,3.4227760337768413e-10,1.0757633247965595e-09
Atf3,6.2777796,0.50282794,3.4344234171893915e-10,1.0791760163158302e-09
Gnl3l,6.276978,0.8559113,3.4521708036440986e-10,1.0845034628953148e-09
Selenof,6.275754,0.1519905,3.4794388820798884e-10,1.092818711815399e-09
Usp48,6.275487,0.30722263,3.485420321391368e-10,1.0944459907009634e-09
Nudt16l1,6.274475,0.29501808,3.508158703065467e-10,1.101333109835176e-09
Ddx21,6.271972,-0.1601906,3.565032786588331e-10,1.1189309928068722e-09
Ahsa2,6.2699203,0.3088021,3.6123337589425834e-10,1.1335168461115152e-09
Alkbh6,6.26959,-0.1491508,3.620007873352709e-10,1.1356643190662605e-09
Rxylt1,6.269137,0.45655927,3.630550108179339e-10,1.1387103837007446e-09
Fam120b,6.267415,0.3018066,3.670903873417406e-10,1.1511031980963775e-09
Rabgap1,6.265192,0.58903414,3.72366795315225e-10,1.16738100090227e-09
Atp13a1,6.261726,0.2832725,3.8073918757987253e-10,1.1933551203655184e-09
Sepsecs,6.257302,0.4970439,3.916951057982304e-10,1.2274130549474795e-09
Chfr,6.256178,0.74955344,3.9452694113707095e-10,1.236003647204913e-09
Tmc6,6.2555656,0.5489222,3.9607716821703566e-10,1.2405761052148335e-09
Carmil1,6.254772,0.6633924,3.9809615255249715e-10,1.2466143545123422e-09
Spry2,6.253769,0.5655097,4.006641199609396e-10,1.2543685532202034e-09
Fam173a,6.251713,0.42363942,4.0597592438056153e-10,1.2707074309691413e-09
Ube2j2,6.249273,0.5696742,4.123676338516513e-10,1.2904181677165519e-09
Stx17,6.2454033,0.27549702,4.2270763379756936e-10,1.3221699204441357e-09
Uqcr10,6.2419133,0.024692535,4.3225057949014555e-10,1.3517097357712647e-09
Cybc1,6.2414627,0.6963194,4.3349841904921606e-10,1.3553019845674506e-09
Akr1b7,6.2404485,1.4294146,4.363175053896194e-10,1.3638038597035532e-09
Pabpc1,6.2398267,0.15682228,4.3805638005900423e-10,1.3689261876843882e-09
Gpank1,6.236277,0.8381707,4.4810664598516085e-10,1.4000133387816027e-09
Washc1,6.232875,0.54377866,4.5795214349046755e-10,1.4304466793586441e-09
Lnx2,6.232822,0.42743322,4.581072694474739e-10,1.430604455285272e-09
Rap2b,6.232532,1.8726782,4.5895540122027635e-10,1.432925824586137e-09
Ppp6r2,6.2320566,0.3436215,4.6035037564469597e-10,1.4369530670945485e-09
Ldb1,6.2288423,0.031960122,4.698951694869904e-10,1.4664117851973058e-09
Bag5,6.2278404,0.5504817,4.72908098151214e-10,1.4754775820711502e-09
Akt2,6.225548,0.336931,4.798764720895289e-10,1.4968774534270776e-09
Pim1,6.220369,0.72999954,4.959882080414988e-10,1.546781925876282e-09
Ccnt1,6.210806,0.5129472,5.271354800506065e-10,1.643542564909267e-09
Cops3,6.2077136,-0.14877717,5.376103271331424e-10,1.6758197455084846e-09
Upf2,6.200872,0.4872734,5.615118538584825e-10,1.7499258435539536e-09
Galnt2,6.1991506,0.39123636,5.676878643596532e-10,1.7687700034445789e-09
Cpne8,6.1978245,0.6458301,5.724894039395291e-10,1.7833240544129979e-09
Fxr1,6.1934795,0.13355605,5.885030157607339e-10,1.832372208681247e-09
Sart1,6.1929207,0.520151,5.905944477039496e-10,1.8384655297863669e-09
Mrtfb,6.189818,0.589295,6.023367175784812e-10,1.8741648721014172e-09
Ten1,6.1876516,0.20842277,6.10670193739024e-10,1.899662170013911e-09
Stoml2,6.1852264,0.0508735,6.201337367182375e-10,1.928662462956993e-09
Tmem258,6.182701,-0.3034624,6.301393130597729e-10,1.9593349490887667e-09
Efl1,6.181675,0.5346963,6.342494285491887e-10,1.971666500434225e-09
Ube2s,6.1774344,0.02221394,6.515165861623667e-10,2.0248839354023555e-09
Galnt4,6.175015,-0.23486176,6.615714779915103e-10,2.0556668851474444e-09
Bclaf1,6.173322,-0.12900323,6.686980894402142e-10,2.0773390216026645e-09
Cstf2,6.172837,0.59584033,6.707554039643898e-10,2.08325690420464e-09
Cpne2,6.1715107,0.08191173,6.764056324881287e-10,2.1003285704530335e-09
Ap1m1,6.169159,0.9445416,6.865427158854502e-10,2.13132159812339e-09
Esco1,6.1683245,0.6647642,6.901741012315505e-10,2.1421086777897077e-09
Gabpa,6.167068,0.29025275,6.956787651114157e-10,2.1587036788968937e-09
Il6st,6.1615157,0.21919096,7.205200746719593e-10,2.2352794966286397e-09
Tmem29,6.1595063,0.4897054,7.297208251660453e-10,2.263309658458986e-09
Tent4b,6.159296,0.85015714,7.3068952716474e-10,2.265800291151433e-09
Cmtr1,6.158154,0.59487057,7.359782472259429e-10,2.2816827319915596e-09
Traf2,6.1565385,0.6459212,7.435218081107847e-10,2.304546855375109e-09
Dynlt3,6.1559143,-0.17139044,7.464565203470125e-10,2.3131187209937447e-09
Pip5k1c,6.1552167,0.4658886,7.497498649469738e-10,2.3227977805051806e-09
Ube2w,6.153089,0.12217801,7.598813692090222e-10,2.3536529386032566e-09
Jmjd8,6.1524158,-0.17787053,7.631146478447107e-10,2.3631324296368704e-09
Smad7,6.1522403,0.3880699,7.63959461753957e-10,2.3652129589054476e-09
Ifi27l2b,6.1507106,0.3199811,7.713657985721129e-10,2.387602375616488e-09
Rab3gap2,6.150621,0.3847645,7.718024718617983e-10,2.3884133973093666e-09
Kmt5c,6.1499577,-0.1413654,7.750353763229377e-10,2.3978752876054688e-09
Naa50,6.1460924,-0.24268639,7.941504093049024e-10,2.456459363773929e-09
Ndufb4,6.1445055,0.48626718,8.021306267475681e-10,2.4805826143765253e-09
Dact2,6.143622,0.82662266,8.066058829040973e-10,2.4938583424629277e-09
Gspt1,6.1429753,0.3470209,8.098976568153271e-10,2.503469813957866e-09
Spred1,6.1426654,0.38218182,8.114806909196815e-10,2.5077962595088465e-09
Vps33a,6.142402,0.35322356,8.128265541747471e-10,2.5113879639267206e-09
Slc30a5,6.1423206,0.14207579,8.132443181460575e-10,2.5121111476501774e-09
Mccc1,6.137876,0.51471233,8.363212195038719e-10,2.582812257614148e-09
Coq2,6.137419,-0.038224448,8.387294023936353e-10,2.5896646145253922e-09
Faf2,6.137115,0.35041353,8.403350182776808e-10,2.5940364277533376e-09
Dusp6,6.1368294,0.12765796,8.41846382133177e-10,2.5977292086067246e-09
Wdr5,6.1368175,0.101872064,8.419112140800735e-10,2.5977292086067246e-09
Gnpat,6.13522,0.27843413,8.504136983208001e-10,2.6233718304843088e-09
Orai1,6.133264,0.35376123,8.609414936288872e-10,2.655249193814847e-09
Trrap,6.130841,-0.03498668,8.741595996991363e-10,2.6954075593879796e-09
Gmds,6.1289783,-0.34139276,8.844522592523732e-10,2.72652945114432e-09
Setd1a,6.1266346,0.30067503,8.97573532476651e-10,2.7663552077120134e-09
Fig4,6.123032,0.70597017,9.181117034041597e-10,2.82901702209371e-09
Slc16a1,6.121749,0.1318476,9.255369425618172e-10,2.8512542666215026e-09
Vps11,6.12047,0.3732867,9.329968439447083e-10,2.873588252464839e-09
Adgra3,6.120119,-0.11785332,9.350534882171712e-10,2.879274139015946e-09
Plrg1,6.1189547,0.33655617,9.419128192108298e-10,2.8997428641846237e-09
Atp8a2,6.1168985,0.6771648,9.541417238728336e-10,2.936729253648661e-09
Klf9,6.1167045,0.34070522,9.553022010577048e-10,2.9396394238218076e-09
Lgalsl,6.1165824,0.047559794,9.560358430599336e-10,2.941235130223755e-09
Foxp4,6.1138897,-0.1701921,9.72315680733581e-10,2.9906470836778498e-09
Sf3b4,6.1137834,0.21874179,9.729625114378479e-10,2.9919636482825654e-09
Akap7,6.112466,0.6237962,9.810332088916633e-10,3.0161036716711997e-09
Ppp2r2d,6.111966,0.41248405,9.841111201540804e-10,3.0248863942699594e-09
Csrp2,6.1117907,-0.16960903,9.851937610543093e-10,3.0275336364983553e-09
Arhgef1,6.1116376,0.37482083,9.861388726524295e-10,3.0297571519932542e-09
Ces1e,6.1102505,0.5961991,9.947483295157498e-10,3.055521879184159e-09
Lims1,6.110081,-0.14571567,9.958041956099717e-10,3.0580782337674293e-09
Cdk12,6.109449,0.37188652,9.997574639233376e-10,3.0695292589024792e-09
Ubr2,6.1063056,0.23686732,1.0196372638981873e-09,3.1298629817750194e-09
Tomm40,6.1047983,-0.27871257,1.0293070316134582e-09,3.15883609903816e-09
Lsm10,6.1046147,0.6712219,1.0304907664932494e-09,3.1617593071113274e-09
Aars,6.1039863,0.44141367,1.0345518232520562e-09,3.1735074434660984e-09
Tfe3,6.1024685,0.3938703,1.0444261327959567e-09,3.2030785750133904e-09
Shkbp1,6.0963554,0.20700231,1.085141064102259e-09,3.327198217847173e-09
Fopnl,6.095884,0.22326338,1.0883427101060219e-09,3.3362668820219345e-09
Hnrnpu,6.095837,-0.10344974,1.0886619924245942e-09,3.3364977020184505e-09
Flcn,6.095415,0.6128986,1.0915396459868078e-09,3.3445674790207477e-09
Sfxn1,6.0901685,-0.25332513,1.1279193028229746e-09,3.455263545274234e-09
Cutc,6.0885143,0.5377818,1.1396336906996716e-09,3.4903674625572244e-09
Snrpe,6.0853686,-0.03790044,1.1622349750965489e-09,3.5587915997414477e-09
Shroom2,6.0834126,0.52315336,1.1765109276615349e-09,3.6016984409607096e-09
Slc35g1,6.08245,-0.29715726,1.183599891060035e-09,3.6225891920872822e-09
Ybx3,6.0818644,-0.24870844,1.187930681449738e-09,3.6350306710282317e-09
Dhx15,6.079029,-0.29707927,1.2091251417349086e-09,3.6990573407661913e-09
Cpped1,6.074574,0.16498937,1.2431730786735028e-09,3.802369011599228e-09
Cstf2t,6.072783,0.29967067,1.2571226756029008e-09,3.8441754447382976e-09
Vhl,6.072028,0.8091739,1.2630468016119805e-09,3.861427456303115e-09
Rnf145,6.0717735,0.24569166,1.2650543388489471e-09,3.866700510451353e-09
Lratd2,6.0683527,0.7056523,1.2922901279679184e-09,3.94906536311984e-09
Kat6a,6.066672,0.49509922,1.3058811262354294e-09,3.989706077137957e-09
Coro7,6.0600667,0.72439766,1.3606508487140914e-09,4.156109081117981e-09
Sf3a1,6.0533743,0.19728702,1.4184297485166722e-09,4.331627246754241e-09
Dcp2,6.0517116,0.017864246,1.433148751362231e-09,4.375599279946083e-09
Coa4,6.0433993,-0.06890282,1.5090057122295078e-09,4.606172570254134e-09
Safb2,6.043022,0.48985136,1.5125408181149031e-09,4.615932980968824e-09
Cdkn1b,6.0418797,0.0054117856,1.5232909442708552e-09,4.647702736033902e-09
Elmo1,6.041292,0.26771608,1.5288485390928398e-09,4.663618954292792e-09
Fam78a,6.039042,1.6338195,1.5503167039574257e-09,4.728051054107447e-09
Stim2,6.036564,0.04503415,1.5743048594748015e-09,4.8001380051990875e-09
Cox20,6.033133,-0.063495345,1.6081110333436563e-09,4.902121796918079e-09
Ttc19,6.031764,0.58347666,1.6217938258976467e-09,4.942730236048656e-09
Flywch1,6.02663,0.86373067,1.6741378657965233e-09,5.101121950705762e-09
Slc9a8,6.0253386,0.21153791,1.6875587785583678e-09,5.1408701930910404e-09
Mrs2,6.023811,0.4047617,1.7035745898933728e-09,5.18850390128995e-09
Wdr45b,6.0229154,0.4419609,1.7130304399723762e-09,5.214980246354017e-09
Pign,6.021057,0.54809266,1.7328164180211631e-09,5.2740406223991555e-09
Med29,6.019056,0.2531511,1.7543717347394253e-09,5.3384587166358795e-09
Egln3,6.0167937,0.47972846,1.7790542685051707e-09,5.412361984829413e-09
Rfng,6.0131793,0.40789822,1.8191967927689776e-09,5.5332553694652515e-09
Akap11,6.0125365,0.48588303,1.8264245384297555e-09,5.5540039054985335e-09
Arl5b,6.008769,0.8226886,1.8693707715133696e-09,5.683335993874017e-09
Irf2bp2,6.008596,-0.23045741,1.8713706839041714e-09,5.688151612000343e-09
Scamp1,6.0082064,-0.2252283,1.8758722128567842e-09,5.700567224625894e-09
Ints8,6.0041223,0.36428696,1.923695184510266e-09,5.844597122456762e-09
Pcif1,6.003127,0.44586855,1.935531194350246e-09,5.879251240057667e-09
Gfer,6.0029697,-0.08060369,1.93740523073948e-09,5.883636804433131e-09
Bcl2l11,6.0024824,1.3124263,1.9432333114075448e-09,5.900025651309541e-09
Maf,6.0021477,1.4876188,1.9472423746538877e-09,5.91088556568078e-09
Fam107b,6.0005913,-0.09719982,1.9660005014286664e-09,5.9665017436833144e-09
Zfp518a,5.999539,0.5096452,1.978785872810228e-09,6.003970892096709e-09
Ube2d1,5.9956613,0.23493506,2.0265912650017733e-09,6.147656510403561e-09
Kdm4a,5.9944453,0.076910324,2.041809509444007e-09,6.192447336803459e-09
Hdhd2,5.990531,0.44003522,2.091569362056739e-09,6.341953664329469e-09
Lsm8,5.9869103,-0.030021183,2.1386457434989578e-09,6.483258821181167e-09
Eml4,5.985244,0.13062477,2.1606595139394944e-09,6.548541412482843e-09
Abhd14b,5.9847603,-0.26289734,2.167086591480198e-09,6.5665652866146044e-09
Nt5dc1,5.9811335,0.25573942,2.2159007674114025e-09,6.7129913589612165e-09
Tada1,5.980805,0.6066007,2.220373465354223e-09,6.725051414998672e-09
Zfp414,5.979936,0.35744873,2.232250519026105e-09,6.759527424198846e-09
Col4a3bp,5.97706,0.35137597,2.2720049638414485e-09,6.878385627746692e-09
Tle4,5.975987,-0.14284208,2.2870112694491664e-09,6.922283999494765e-09
Slc35a2,5.972348,-0.19877905,2.3386296583268688e-09,7.076955206377501e-09
Gata6,5.9700003,0.014085724,2.3725331758228206e-09,7.177962650304662e-09
Zfp326,5.9659224,0.17044683,2.432556265631268e-09,7.357931194980666e-09
Exoc4,5.9657636,0.49009588,2.4349280721711575e-09,7.363476644613132e-09
Ppif,5.9635015,0.03972352,2.468894959782629e-09,7.464545340488049e-09
Tmem253,5.9608045,0.018818693,2.5099889539120494e-09,7.585436230883375e-09
Tfam,5.960054,0.06488558,2.5215461634953246e-09,7.618679581484438e-09
Ppp1r8,5.9526944,0.1477145,2.637637210189329e-09,7.967680328990298e-09
Wdr37,5.950789,0.22580549,2.668527799554564e-09,8.059213263893257e-09
H2-T23,5.946271,0.7040792,2.743200679560754e-09,8.28290335460219e-09
Trappc12,5.9429173,0.11922668,2.7999355187784255e-09,8.452343977769308e-09
Ccnyl1,5.9366612,0.66368395,2.9088482575277532e-09,8.77918779997617e-09
Ggps1,5.9351068,0.39242536,2.9365411189295165e-09,8.860811959700163e-09
Tmco4,5.934956,0.040130675,2.9392440875238035e-09,8.867011448684758e-09
Vps39,5.9343886,0.32651132,2.9494201461119744e-09,8.895747794018802e-09
Mvd,5.932598,-0.15385851,2.98178469849688e-09,8.991379438135575e-09
Anp32a,5.9303827,-0.33357093,3.022295130621131e-09,9.111526876376535e-09
Tra2b,5.929875,0.10225476,3.0316586816214715e-09,9.13774134255535e-09
Myzap,5.929436,1.8613119,3.0397663951762402e-09,9.160159862061499e-09
Klf10,5.9286385,0.038374394,3.0545652647910807e-09,9.202727472134397e-09
Rictor,5.9273963,0.27841952,3.0777549919380376e-09,9.270550553910279e-09
Eif4e,5.9269843,0.036458455,3.0854846133057178e-09,9.291786409811869e-09
Csnk2a2,5.92644,-0.013436798,3.0957304978371417e-09,9.320588850269246e-09
Rapgef2,5.9234495,1.0054564,3.1525799503601684e-09,9.489661197705327e-09
Rwdd2b,5.9190207,0.44393834,3.238639824800669e-09,9.746566814293387e-09
Trim44,5.9140496,0.34482,3.3379698296796103e-09,1.0043286561247232e-08
Trappc9,5.913377,0.6350646,3.351646288211251e-09,1.0082217991924519e-08
Rnf20,5.901654,-0.008965919,3.598758897980258e-09,1.0823186261244784e-08
Tbc1d2,5.9006605,1.3172601,3.6204960508640047e-09,1.08861661159994e-08
Zbtb21,5.9004726,0.5552949,3.6246167822161566e-09,1.0896160584041754e-08
Klhl24,5.900246,0.40561262,3.629594611721693e-09,1.0908726662702012e-08
Hnrnpa2b1,5.896791,-0.06594413,3.706393403407544e-09,1.113465065720522e-08
Smagp,5.8929377,-0.101209104,3.793898456956076e-09,1.1395027761667987e-08
Trnt1,5.892662,1.0525604,3.8002285463314045e-09,1.141153389790996e-08
Pvr,5.8897433,0.92341954,3.867962719933836e-09,1.161237984524593e-08
Phf3,5.889327,0.19171992,3.877713944381406e-09,1.1639099690389756e-08
Phf20l1,5.8866835,0.96870214,3.940224120578747e-09,1.1824130974086978e-08
Def8,5.886145,0.58096015,3.953077388960784e-09,1.186009945020595e-08
Cog4,5.884093,0.47617993,4.002431232583328e-09,1.200553786040294e-08
Zfp68,5.8820224,0.6655147,4.052834239914143e-09,1.215405882254954e-08
Rbm15,5.878769,0.09828105,4.1332895425063344e-09,1.2392618832224101e-08
Eef1g,5.8775654,0.0021180843,4.163442546899375e-09,1.2480288651654745e-08
Casp4,5.8743076,0.4701377,4.246138117761041e-09,1.2725386535257995e-08
Mbp,5.874167,0.032896537,4.249746856793511e-09,1.2733411101369688e-08
Dyrk1b,5.8714542,1.2172065,4.319892736216247e-09,1.2940752063035525e-08
Gcn1,5.870232,0.1638837,4.3518515679523675e-09,1.303363341913023e-08
Ehd4,5.8670764,0.21130082,4.435457873023299e-09,1.3281122490386167e-08
Elp5,5.8661075,0.50351644,4.461441040421707e-09,1.335324062200736e-08
Ndufa9,5.8661056,0.2508894,4.4614958977661155e-09,1.335324062200736e-08
Sfswap,5.8616505,0.4068492,4.582883888092574e-09,1.371355299117417e-08
Ptpn2,5.8604655,0.32721117,4.61571367474908e-09,1.3808769306977393e-08
H3f3b,5.857936,0.5264736,4.68654794096943e-09,1.4017616599465652e-08
Tmem51,5.855737,0.1927108,4.748986691326453e-09,1.4201266784143723e-08
Ccnd3,5.8530407,-0.17406031,4.826663834930737e-09,1.4430395265124142e-08
Ppp4r1,5.85128,0.46893716,4.878036849414608e-09,1.4580798670108143e-08
Clk3,5.844673,0.35102132,5.075637720744708e-09,1.5168126274297175e-08
Ppm1h,5.844288,0.60783535,5.087405392320241e-09,1.5199630514983047e-08
Drosha,5.844255,-0.001933228,5.08840281518043e-09,1.5199630514983047e-08
Tlk2,5.8396225,0.11121348,5.231921504591614e-09,1.5622659931350684e-08
Exoc2,5.83961,0.42927873,5.232305849037377e-09,1.5622659931350684e-08
Crebl2,5.838001,0.8932398,5.283087186014643e-09,1.577083983164162e-08
Rabggta,5.8356757,0.27730092,5.357307316636671e-09,1.5988908239853005e-08
Rundc3b,5.834046,0.17577754,5.4099301477685225e-09,1.6142438309128202e-08
Nsun2,5.833558,-0.11214684,5.425768367476214e-09,1.6186165450531683e-08
Tlr2,5.831555,0.40978447,5.491319014550315e-09,1.6378143407628255e-08
Gpsm2,5.8312736,0.1362892,5.500592339041491e-09,1.6402224212034974e-08
Rhbdl2,5.8299885,0.82855535,5.5431209753267244e-09,1.652543696045192e-08
Ddb1,5.829085,0.18952587,5.573217409559103e-09,1.6611540557044623e-08
Ube2v2,5.828636,0.5222145,5.588222737771102e-09,1.665263585509257e-08
Cetn3,5.827849,-0.07115602,5.6146452977512735e-09,1.6727728637635873e-08
Pik3r3,5.8245606,0.7763263,5.726309969561231e-09,1.7056695454966202e-08
Eif1a,5.8243237,0.17687856,5.73442819425e-09,1.7077157133355565e-08
Usp16,5.822743,0.29436988,5.788954332844731e-09,1.72320310190796e-08
Gtf3c1,5.8226147,0.47982037,5.793408880074585e-09,1.724153785310554e-08
Actl6a,5.8209887,0.02087594,5.850051166346079e-09,1.740632064834261e-08
Chd8,5.81807,0.4006472,5.953106354691797e-09,1.7709099282229785e-08
Rnf111,5.8149204,0.21725754,6.066279937576614e-09,1.8041839527264072e-08
Xaf1,5.813831,0.39476734,6.105906515590519e-09,1.815574507516859e-08
Hmg20a,5.8129354,0.35284936,6.138671901753586e-09,1.8249203968800063e-08
Hmbs,5.811795,0.30889308,6.180641276185963e-09,1.836997814645578e-08
Hsp90aa1,5.811112,-0.31807467,6.2059264803379284e-09,1.8441122255241453e-08
Wbp4,5.8109202,0.53614193,6.213039492010485e-09,1.8458247893383313e-08
Rundc1,5.810865,0.57308835,6.2150840567015725e-09,1.846031157154518e-08
Phf12,5.808438,0.084532276,6.305849312979883e-09,1.8721773633304364e-08
Aimp1,5.807624,0.012897945,6.336570001579533e-09,1.8808898365878036e-08
Abhd3,5.8074727,0.77997386,6.342283553692886e-09,1.8821772481933638e-08
Eif3b,5.805843,0.24803135,6.404294499538837e-09,1.9001676563504795e-08
Mat2a,5.80496,-0.27427754,6.438145908156824e-09,1.9097970779619213e-08
Lyn,5.8026485,0.16171478,6.527548026826203e-09,1.9358971864421672e-08
Twsg1,5.8020062,0.22717486,6.55261763338189e-09,1.9429108008780866e-08
Zfp687,5.801965,-0.059336573,6.5542125121447785e-09,1.9429624128241892e-08
Rbm3,5.7979345,0.093178295,6.7136619277326035e-09,1.9897990217109524e-08
Hnrnpc,5.793663,-0.2538187,6.8867495899856605e-09,2.0406565686468884e-08
Mapkapk3,5.792692,-0.12791666,6.926696428718762e-09,2.0520488228494166e-08
Strip1,5.7914724,0.6544866,6.977201227200425e-09,2.0665632831268314e-08
Marf1,5.789857,0.18905675,7.044642070929836e-09,2.0860866245120295e-08
Pde8b,5.7890472,0.40216383,7.078685755410153e-09,2.0957139576798843e-08
Sprr1a,5.788082,1.3268863,7.119455520281362e-09,2.1073280138495157e-08
Egr1,5.7879353,0.69399005,7.125681480516742e-09,2.108714439430133e-08
Slc35b3,5.787544,0.48597032,7.1423099381637054e-09,2.1131780269231645e-08
Tubgcp3,5.7871356,0.40163773,7.159671374605278e-09,2.1178565011405402e-08
Sertad3,5.7860627,0.29772586,7.205528089143292e-09,2.130960134494691e-08
Tnks,5.7858467,0.6669379,7.2148036935411015e-09,2.1332419569551257e-08
Ccdc120,5.7835255,1.2661939,7.315119550055619e-09,2.162435362019252e-08
Tuft1,5.7815223,0.88062954,7.402773003565445e-09,2.1878738021127612e-08
Thrb,5.7754965,0.2623938,7.672649366766046e-09,2.2671452050675384e-08
Fam210b,5.769775,0.6607285,7.937754445028863e-09,2.344972824276727e-08
Gaa,5.767584,-0.063085996,8.041600050003204e-09,2.375137811745007e-08
Miga2,5.765063,0.84462047,8.162744776406628e-09,2.4103980742250193e-08
Alad,5.7642083,-0.2646783,8.204213749915639e-09,2.4221205317378317e-08
Bet1l,5.7589474,0.44047576,8.464007906511901e-09,2.4982799076527142e-08
Fam3a,5.7563896,0.19915868,8.593201787830315e-09,2.535866086503659e-08
Mast4,5.754882,0.7642439,8.670233269199664e-09,2.5580461694995774e-08
Bmt2,5.754829,0.21738616,8.672955632068216e-09,2.5582974173540305e-08
Asb13,5.753407,0.60500187,8.746246434567727e-09,2.578803794582011e-08
Rfxank,5.751031,0.3632599,8.87009463792059e-09,2.6147562874232392e-08
Bivm,5.7490234,0.35890272,8.976027900093226e-09,2.645413395124458e-08
Svip,5.7472734,0.2204934,9.069399469862192e-09,2.6723559092946666e-08
Stip1,5.7461963,-0.21934582,9.127327485850799e-09,2.688845397867507e-08
Cog5,5.7438426,0.09440665,9.255190202819869e-09,2.7259256089502843e-08
Spty2d1,5.740187,0.77218765,9.457201388803012e-09,2.7848240523660894e-08
Morc2a,5.7401056,0.23273237,9.461759116778353e-09,2.785566327706006e-08
Maip1,5.7394037,0.34025165,9.501043816850446e-09,2.7965297932722736e-08
Ccnc,5.7387347,0.35654926,9.538648955728087e-09,2.806994285981958e-08
Ttc1,5.73777,0.6508489,9.593133187830747e-09,2.8224203172027852e-08
Tcta,5.734404,0.45352626,9.785572895979797e-09,2.8784192160147067e-08
Josd1,5.733178,0.2500205,9.856595672962604e-09,2.89868700704868e-08
Aldh7a1,5.73183,0.41356662,9.935287497145113e-09,2.921200957287883e-08
Phkb,5.731226,0.32728195,9.970723832857546e-09,2.9309898627327377e-08
Herc1,5.730716,0.24014454,1.000074884069042e-08,2.9391841907681385e-08
Rybp,5.729782,1.228773,1.0055982789311166e-08,2.9547822226865103e-08
Fam53b,5.727024,0.29496163,1.0220766597316088e-08,3.00255603046826e-08
Tbc1d1,5.7269325,0.51256216,1.0226296152902318e-08,3.003535221025326e-08
Ascc3,5.725794,-0.18203071,1.029510467287928e-08,3.0230954778102676e-08
Laptm4a,5.724927,0.0693623,1.0347814276312045e-08,3.037921001042663e-08
Mtpap,5.7225037,0.03184988,1.0496548254962771e-08,3.0809250351280506e-08
Zbtb22,5.7217064,0.85273606,1.0545953168716905e-08,3.0947620082017954e-08
Usp14,5.720566,-0.017467778,1.061697849066837e-08,3.114936298216905e-08
Gnptab,5.7194524,0.014081987,1.0686800759465514e-08,3.134749043022113e-08
Aqr,5.7187996,-0.05660045,1.0727929440813284e-08,3.146138432406641e-08
Cidec,5.7186,1.1093689,1.074055584009788e-08,3.14916597584345e-08
Carm1,5.7182345,-0.10650115,1.07636556373112e-08,3.155262397432597e-08
Hdac5,5.716048,0.3515189,1.09030101162879e-08,3.1954278469832194e-08
Zfp664,5.715754,0.072152324,1.0921862443587049e-08,3.2002671719745637e-08
Gars,5.713739,-0.056183957,1.1052067373867581e-08,3.237725392837172e-08
Ace,5.7127247,0.23893999,1.111813422792157e-08,3.2563822138964976e-08
Ppp3cb,5.7100873,-0.10688643,1.129181761078188e-08,3.306544022000904e-08
Itsn1,5.7090755,-0.025097487,1.1359140564754954e-08,3.325545862192764e-08
Pofut1,5.707046,0.5683187,1.1495371770847375e-08,3.364709096026067e-08
Samd10,5.706318,0.39438334,1.1544636669704184e-08,3.3776830650022405e-08
Nubp2,5.705665,0.58636904,1.1588970011668981e-08,3.389928661167344e-08
Cct7,5.704629,0.44493935,1.1659689177690855e-08,3.4098855753832856e-08
Egfr,5.7036824,0.53705585,1.172464938176466e-08,3.4281501025364916e-08
Cln3,5.7004757,0.09623376,1.1947354678751689e-08,3.4925197783653135e-08
Rtf1,5.6996536,0.23891865,1.2005106401048182e-08,3.508652063140284e-08
Ogfod3,5.6964226,0.5164169,1.2234740577081575e-08,3.575001653666464e-08
Mospd2,5.69486,0.35240746,1.2347313901504614e-08,3.607124922090912e-08
Slc48a1,5.6912723,0.22239982,1.26096434617356e-08,3.682974676190396e-08
Arntl,5.691207,0.22692008,1.2614465600470731e-08,3.683596350340321e-08
Atf7,5.689838,0.10695488,1.2715993495343728e-08,3.7124511325539176e-08
Tardbp,5.6897526,0.10077017,1.2722374780444352e-08,3.713521347333543e-08
Ifi35,5.6885266,0.26548868,1.2814029452768067e-08,3.7394761580581156e-08
Smim26,5.68501,-0.09491305,1.3080519659886565e-08,3.8164306880509656e-08
Timm23,5.68154,0.24394195,1.3348728286216883e-08,3.8930232312650005e-08
Zfp646,5.6807547,0.59493846,1.3410171359684817e-08,3.9101086000786756e-08
Mtf2,5.673499,0.52559507,1.399099154638915e-08,4.0785932508393017e-08
Capn10,5.6723423,0.43600342,1.40858068516216e-08,4.1053582416011375e-08
Btbd1,5.672104,0.51264626,1.4105449460251939e-08,4.11020714615268e-08
Ttc33,5.668314,0.61820984,1.4420970501068116e-08,4.201252057991191e-08
Spopl,5.6657906,0.43397132,1.4634825288394992e-08,4.262646130325911e-08
Zbtb1,5.665546,0.057047635,1.4655734269555234e-08,4.267827217550422e-08
Kdm4c,5.6630244,0.8529745,1.4872792469049966e-08,4.330113626022106e-08
Snrnp70,5.660385,-0.15947248,1.5103381451073693e-08,4.396312076275707e-08
Akip1,5.658741,0.29141968,1.5248760669401333e-08,4.437684659588492e-08
Snx21,5.6563115,0.8943865,1.5466073890138134e-08,4.499969371226361e-08
Tst,5.653113,-0.38173476,1.575676723920032e-08,4.583573537461484e-08
Tgfbrap1,5.651536,0.90029454,1.590202070001347e-08,4.624843323536457e-08
Utp11,5.6497226,-0.33069846,1.6070679753319312e-08,4.6729012465796644e-08
Coq3,5.6493597,0.28498137,1.610465764886012e-08,4.681785572877597e-08
Dhrs9,5.6490026,0.88675135,1.6138130896339146e-08,4.6905194475544696e-08
Fbxl17,5.647773,0.26024628,1.625398849213522e-08,4.723189388651702e-08
Alkbh7,5.647104,0.13813479,1.6317347670016777e-08,4.7405933585612794e-08
Med20,5.646963,0.33669522,1.6330706782245195e-08,4.743466763959283e-08
Zwint,5.6460757,1.1831831,1.6415172173499592e-08,4.7669883090381594e-08
Cflar,5.6429605,0.5798374,1.671504686698904e-08,4.852184114327542e-08
Gpr35,5.642955,-0.08058894,1.6715641215793092e-08,4.852184114327542e-08
Vac14,5.642808,0.41785473,1.672991174598437e-08,4.855295906755863e-08
Reps1,5.6409454,0.21355096,1.6911899462564537e-08,4.907070340559517e-08
Plekhg3,5.639893,0.25834185,1.7015602227186436e-08,4.9361128650143086e-08
Naa15,5.638675,-0.19258651,1.7136354577933554e-08,4.9700879926456276e-08
Tap2,5.6335406,0.10609154,1.7654670486127573e-08,5.119330341344245e-08
Rab33b,5.632892,0.6530723,1.772122839831759e-08,5.137540774793154e-08
Gfm1,5.632629,-0.2383921,1.7748297721149455e-08,5.1442978240084526e-08
Cdk19,5.6325026,0.6420427,1.7761322065688553e-08,5.1469819717798466e-08
Slc25a32,5.629396,0.4329814,1.808418880040557e-08,5.239433937405639e-08
B4gat1,5.6260076,0.44762447,1.8442807760916507e-08,5.342202841146648e-08
Kpnb1,5.6239004,0.09347942,1.8669310708565645e-08,5.406667173647505e-08
Ammecr1,5.623501,0.024072843,1.8712590881616447e-08,5.418053785858669e-08
Bccip,5.615125,-0.23100914,1.9641990727036197e-08,5.6859488398014386e-08
Taco1,5.614499,0.20723258,1.971325356971828e-08,5.7053702130348676e-08
Nbn,5.612657,0.2410562,1.9924321943134417e-08,5.765237041311112e-08
Ythdc2,5.612349,1.0906117,1.995983033907267e-08,5.77428982201859e-08
Cep120,5.611639,0.5998158,2.0041898375631096e-08,5.7968054206166506e-08
Gusb,5.610513,0.21479017,2.017274765320737e-08,5.8334177237811546e-08
Smg9,5.608916,0.3093053,2.0359778099072286e-08,5.886257198833267e-08
Amn1,5.607017,0.7381019,2.0584351886831475e-08,5.949926274623133e-08
Pole3,5.606303,0.13673165,2.066939856711724e-08,5.973246521667968e-08
Pus10,5.603023,0.53939337,2.106453101681502e-08,6.086149622965253e-08
Sirt6,5.6021805,0.22570547,2.1167194850179326e-08,6.114520269881755e-08
Rbm26,5.592122,-0.038371626,2.2431095548464198e-08,6.476884113708782e-08
Sphk2,5.5864778,0.51227593,2.317209973364747e-08,6.689433478100679e-08
Topors,5.5862374,0.7411219,2.320422278121711e-08,6.697293088500294e-08
Ankra2,5.5766683,0.4185752,2.4516859169496823e-08,7.074658137642309e-08
Dvl1,5.576289,0.31377786,2.4570364116160667e-08,7.088601883723568e-08
Dop1a,5.5744796,0.26960626,2.482708218148855e-08,7.159644640064444e-08
Katnb1,5.571636,0.7726458,2.523580617314533e-08,7.275978271510909e-08
Blvra,5.569101,0.5123449,2.560575833372931e-08,7.381086534859788e-08
Lrrc8a,5.566351,-0.25135002,2.6012910119476072e-08,7.496871356877456e-08
Sowahb,5.561166,0.57449543,2.67978610497662e-08,7.721465441541357e-08
Sdr39u1,5.560684,0.1367247,2.6871891254915352e-08,7.741165218263481e-08
Hars,5.557547,0.14384922,2.735922607507413e-08,7.879895041630977e-08
Tmem129,5.5546403,0.6100843,2.7818402132756354e-08,8.010457973582715e-08
Vps13b,5.554477,0.8584313,2.784440092342828e-08,8.016256476376457e-08
Cacfd1,5.5527024,0.25440198,2.812866450940138e-08,8.096389963503765e-08
Abtb1,5.552472,1.1250273,2.816579208880536e-08,8.105370513771324e-08
Nfat5,5.549606,0.4221502,2.8631412369187703e-08,8.237630215624697e-08
Med14,5.5455346,0.055145435,2.930575457966332e-08,8.429873661693225e-08
Ift43,5.544784,0.4806813,2.9431753461730493e-08,8.464337089151724e-08
Eipr1,5.5435295,1.0546516,2.9643496308712548e-08,8.523440118201096e-08
Abl2,5.541985,0.7073269,2.9906159250693527e-08,8.595349469382807e-08
Osgin1,5.5396986,0.84213984,3.029927459306677e-08,8.706505149405086e-08
Pxdc1,5.5367713,1.1771036,3.0809826294911025e-08,8.851352407203956e-08
Herc6,5.536535,0.47057468,3.085146004152915e-08,8.861451713251652e-08
Dicer1,5.5364428,0.022391547,3.086762575317277e-08,8.86423314100457e-08
Oasl1,5.535229,0.15799631,3.108214658685169e-08,8.923962934604175e-08
Nudt2,5.5349355,0.022954434,3.113428120621681e-08,8.937054901238766e-08
Ggt6,5.530246,0.13032062,3.1978203852228024e-08,9.177375397255366e-08
Pdcd7,5.527935,0.38644648,3.2402229892787706e-08,9.297114850689717e-08
Dock7,5.5275736,0.61368006,3.2468962945593104e-08,9.314308124207797e-08
Zmym5,5.5265822,0.6025673,3.2652882410286305e-08,9.365104172832745e-08
Polr2g,5.521293,0.1439045,3.365137342950569e-08,9.649455475959118e-08
Vamp4,5.520198,0.081261024,3.3861827760739147e-08,9.707767182979199e-08
Anapc7,5.516606,0.021875137,3.456097308067622e-08,9.906126742365275e-08
Sgms1,5.5108595,0.38627747,3.570857450019913e-08,1.0232916099962764e-07
Desi2,5.506851,0.18025225,3.653087681759551e-08,1.0466367912856037e-07
Rcor3,5.5051847,0.50636685,3.687814947559853e-08,1.0563650902363006e-07
Ssx2ip,5.500501,0.17775209,3.787131245756201e-08,1.0845868017951006e-07
Dip2b,5.4984694,0.59426665,3.8310166560406815e-08,1.096925309283005e-07
Nsrp1,5.49645,0.7937008,3.875126235101552e-08,1.1093228232156944e-07
Erc1,5.494563,0.42021027,3.9167845299672055e-08,1.1210135715215892e-07
Cebpd,5.494304,-0.09935514,3.922537898003423e-08,1.1224253139819379e-07
Cisd3,5.492403,-0.052105535,3.965010931214342e-08,1.134341516409124e-07
Mrtfa,5.4917526,0.40165332,3.979650557677861e-08,1.1382915995867967e-07
Coasy,5.4906693,0.19299513,4.004135655387935e-08,1.1450555225309498e-07
Zfp740,5.489207,0.40962338,4.037429360987547e-08,1.1543350723709952e-07
Fbxw9,5.4882336,0.8748957,4.0597272573242355e-08,1.1604676054328787e-07
Nufip2,5.488154,0.34400356,4.061555627204281e-08,1.1607476113274513e-07
Baz2b,5.487014,1.2051207,4.0878501668712754e-08,1.1680181995813767e-07
Ubn1,5.4852247,0.6748545,4.129435899579104e-08,1.179653977997582e-07
Nrbf2,5.480609,0.49664664,4.238647037256925e-08,1.2105993783310038e-07
Limk2,5.479542,0.00060133886,4.264282303840509e-08,1.217666746816015e-07
Retreg1,5.4782243,-0.21954805,4.29615407929769e-08,1.2265116291105618e-07
Asxl1,5.4749546,0.13472655,4.376242321739023e-08,1.2491152942972476e-07
Enoph1,5.472056,0.26481798,4.448446397922615e-08,1.2694596095908132e-07
Ppil4,5.470626,0.3326976,4.484489817734339e-08,1.2794783696540182e-07
Cry2,5.4695773,0.5739577,4.511097975389206e-08,1.2868015188453774e-07
Wdr24,5.468741,0.9365026,4.532432056397176e-08,1.2926174842801122e-07
Fam160a1,5.468327,0.9599726,4.5430311997989326e-08,1.2953701346382486e-07
Nhlrc3,5.460535,0.8059997,4.7470220846978385e-08,1.3532525955439428e-07
Sdc4,5.458589,-0.24792923,4.799335855969196e-08,1.3678807384405745e-07
Ccdc174,5.455927,0.42632884,4.8718030777584904e-08,1.388245615510468e-07
Pmvk,5.4516473,0.2636111,4.990534513247969e-08,1.4217824889305412e-07
Ints10,5.4509845,0.16472366,5.0091762449398055e-08,1.4267961914091198e-07
Bphl,5.4437594,-0.036259837,5.2167690374097847e-08,1.4856167552390421e-07
Gtpbp8,5.4386272,0.6087569,5.369269024329143e-08,1.5287269187528842e-07
Cdkn2aip,5.4378905,0.15656658,5.391501361232379e-08,1.534737325454887e-07
Polb,5.435476,-0.022227643,5.4650464142726334e-08,1.555348797402253e-07
Rbfox2,5.434835,0.11143715,5.484713295557725e-08,1.5606211884467726e-07
Hbegf,5.432581,0.4716871,5.554470051104821e-08,1.5801410016404918e-07
Nlrc4,5.4250846,1.3322756,5.7927059035609406e-08,1.6475718226122265e-07
Usp21,5.4247684,0.35733044,5.80296854415282e-08,1.650147532569969e-07
Wipf1,5.4228125,0.02139745,5.866857314889302e-08,1.6679682698775719e-07
Rnf25,5.4223247,0.26690158,5.8828853308704645e-08,1.672177445430339e-07
Isy1,5.421962,0.3748091,5.8948500735245516e-08,1.6752301487000883e-07
Sct,5.4212437,0.12410591,5.918580145629558e-08,1.681624423259593e-07
Gtf2e2,5.420642,0.17860104,5.938538833295542e-08,1.6869023316986048e-07
Ap3m1,5.4206095,-0.0133710075,5.9396232008254355e-08,1.6869023316986048e-07
Pop5,5.415455,0.14671914,6.113315174321641e-08,1.7358717817451916e-07
Otud5,5.4146104,0.50264937,6.142236465077543e-08,1.7437218945388291e-07
Tomm20,5.4144244,-0.15325035,6.148611309426154e-08,1.745169357750159e-07
Htra2,5.4133945,0.3924958,6.18410485762786e-08,1.7548793095675654e-07
Parl,5.412954,0.6937375,6.19934679681337e-08,1.7588395735772374e-07
Rfxap,5.412501,0.27232942,6.2150500493352e-08,1.7629290484268584e-07
Zfp639,5.408933,0.38276622,6.340121305028429e-08,1.7980331573260837e-07
Ctns,5.4070077,0.2780763,6.408636608892982e-08,1.8170869920508298e-07
Tmem56,5.404603,0.05768265,6.495216078540354e-08,1.841253728732159e-07
Zfp871,5.4044194,0.19877484,6.501871551128086e-08,1.8427584137135042e-07
Arel1,5.403507,0.16436982,6.535025080912315e-08,1.8517709900844572e-07
Fdx2,5.4017124,0.0008797173,6.600773015472579e-08,1.8700139006958263e-07
Vegfa,5.400172,0.14933221,6.657692110781596e-08,1.885748542148681e-07
Resf1,5.399085,0.12010174,6.698160746052283e-08,1.896818144590287e-07
Uhrf1bp1l,5.398914,0.087250516,6.704560240379248e-08,1.8982372937305635e-07
Rabep2,5.398502,1.3297557,6.719973757499716e-08,1.9022074339434616e-07
Ddx39b,5.3981895,-0.08764792,6.731671193119007e-08,1.90512424598308e-07
Xpo7,5.3966413,-0.12003465,6.78999189318616e-08,1.9212319292224446e-07
Cars,5.3949423,0.16507237,6.854562028940026e-08,1.9391008635861574e-07
Smim12,5.3947463,0.4619782,6.862041598796499e-08,1.9408152815624016e-07
Slbp,5.392666,-0.25243178,6.942001871004199e-08,1.963024722621638e-07
Med22,5.388723,-0.19587854,7.096017464613982e-08,2.006161646239326e-07
Pex11g,5.387831,1.0043635,7.131292262332298e-08,2.0157176868002103e-07
Nbas,5.3863053,0.21913892,7.192065642433781e-08,2.0324756697723076e-07
Tnk1,5.3854,1.3434019,7.228376623719363e-08,2.0423150894496342e-07
Abcd4,5.3851123,0.858574,7.239944916403137e-08,2.045161056224187e-07
Htt,5.3842983,0.52405834,7.272777977422698e-08,2.0540115415376991e-07
Ttc39b,5.3808675,0.010736338,7.41277943047774e-08,2.0931191144287238e-07
Pfkfb4,5.37986,0.66649806,7.454391082250003e-08,2.1044343115146323e-07
Phc3,5.3793335,0.1195925,7.476213324527565e-08,2.1101592820002981e-07
Mysm1,5.3787355,0.8753389,7.501070982736701e-08,2.1167384582939413e-07
Exosc4,5.3767633,0.106510736,7.583679071680827e-08,2.139608238193425e-07
Ccdc43,5.373973,0.107558325,7.702049981654621e-08,2.172556384057899e-07
Acp2,5.37363,0.09968743,7.716709542272452e-08,2.176242585905873e-07
Foxred1,5.3727674,0.31929326,7.753739995409982e-08,2.186234936850134e-07
Polr2m,5.371592,0.21918312,7.804441270078779e-08,2.200076981412643e-07
Ccdc32,5.3692384,0.58389413,7.906987636763494e-08,2.228525472645111e-07
Hoxb6,5.3690305,0.08788956,7.9161140319701e-08,2.2304810736419809e-07
Smim19,5.3690057,0.38679138,7.917188395947477e-08,2.2304810736419809e-07
Zfp866,5.367176,0.31143668,7.997898124904016e-08,2.2527550331217797e-07
Rnf2,5.359186,0.6117231,8.359773221552872e-08,2.3541989045456245e-07
Mgat2,5.3582945,-0.11636698,8.401115451214823e-08,2.3653542062047086e-07
Sephs1,5.356375,-0.013642573,8.490811630510289e-08,2.3901162833929233e-07
Tmem168,5.353807,-0.04020919,8.612270993748065e-08,2.423807487950294e-07
Prr15l,5.351604,0.17969966,8.71780077120963e-08,2.4530025832570306e-07
Nom1,5.3486156,0.18798137,8.862952934965198e-08,2.4933322646708306e-07
Otulin,5.3483505,-0.037193257,8.875945774019517e-08,2.4961011150955395e-07
Aste1,5.3483405,0.94883454,8.876445866698068e-08,2.4961011150955395e-07
Syncrip,5.3461924,0.06254608,8.982375465770735e-08,2.5253697470068836e-07
Prep,5.344628,-0.08914008,9.060303410514809e-08,2.546755377981295e-07
Aptx,5.3435426,1.4363083,9.114739150745759e-08,2.5615301661826603e-07
Snrnp40,5.3423944,-0.036548246,9.172691720245911e-08,2.577287020225248e-07
Sltm,5.3371744,0.42341864,9.440629474688795e-08,2.652025638175211e-07
Dcun1d1,5.3360257,0.92694193,9.500586644816032e-08,2.66832044296281e-07
Wdr7,5.3352876,0.6904822,9.539332678167883e-08,2.678652451210386e-07
Oaf,5.334378,0.8178948,9.587279866982297e-08,2.691563378792505e-07
BC016579,5.3342614,0.112516806,9.59342443401914e-08,2.6927356144337387e-07
Pm20d1,5.3318667,0.32546064,9.720832121318307e-08,2.727937189801515e-07
H2afz,5.33123,-0.28840506,9.754966285824908e-08,2.736954533415175e-07
Map4k5,5.330759,0.015653303,9.78031341855804e-08,2.7435033025391014e-07
Hspa4l,5.326561,0.11415151,1.000896528358682e-07,2.807067273442366e-07
Usp3,5.325523,0.22712502,1.0066310386939349e-07,2.822571140893902e-07
Zfp236,5.3209333,0.6132946,1.0323633080811834e-07,2.8941304300963883e-07
Nudcd1,5.3178,0.31104395,1.0502943256137981e-07,2.943794815078641e-07
Rhoq,5.3169575,0.25684428,1.0551668116294987e-07,2.9568455223429085e-07
Tppp,5.3157825,0.070367806,1.0619988851325717e-07,2.975381019091972e-07
Ncaph2,5.315462,0.060588963,1.0638685124768716e-07,2.980008584211639e-07
Gpat3,5.315273,0.6914672,1.0649775006886992e-07,2.982504059372919e-07
Kremen1,5.314424,0.038888432,1.069951846600964e-07,2.9958213559107664e-07
Ntn4,5.31073,1.5316961,1.0918702591112323e-07,3.056566180828271e-07
Atxn7l1,5.30807,0.2601995,1.1079209201668988e-07,3.1008634022272494e-07
Slc22a21,5.3071094,1.4385995,1.1137743022883628e-07,3.1166080588895767e-07
Tecr,5.3062015,-0.14421934,1.1193320550217099e-07,3.131519200577308e-07
Zfyve16,5.302683,0.25105762,1.1411309061017173e-07,3.1918521458255235e-07
Large1,5.301416,1.1674473,1.149078609464614e-07,3.2134253546888745e-07
Arhgef39,5.3006186,0.6726145,1.1541101709873517e-07,3.226836350082199e-07
Ddx52,5.3003592,0.4024289,1.1557490454959877e-07,3.23075801250156e-07
Ino80,5.300182,0.41634738,1.1568730385729325e-07,3.233239076739189e-07
Eif3d,5.299684,-0.4083248,1.1600310331923721e-07,3.2414026111372474e-07
Ncdn,5.299621,1.0092733,1.1604328505541326e-07,3.2418629686062847e-07
Sox13,5.299011,0.65820587,1.1643153643224477e-07,3.2520450586416404e-07
Timmdc1,5.2987623,0.29470605,1.1659031419048588e-07,3.2558148796301704e-07
Wdr83os,5.2924123,-0.3131693,1.20713369650244e-07,3.370264046482415e-07
Cep104,5.290846,0.9830584,1.2175205207040312e-07,3.3985697327266023e-07
Zfp217,5.2893667,-0.058816865,1.2274051038835634e-07,3.425462203185251e-07
Yaf2,5.2853017,0.67301923,1.2549792350072084e-07,3.501182633286515e-07
Hmgxb3,5.285291,0.34435672,1.2550491603927236e-07,3.501182633286515e-07
Fahd2a,5.2848973,0.7149373,1.2577511630728227e-07,3.5080047226230573e-07
Nmd3,5.2846813,0.395949,1.259237558006405e-07,3.511383418953026e-07
Gdap2,5.2846465,0.61344784,1.259476100180226e-07,3.511383418953026e-07
Nr1h2,5.2770543,0.4525138,1.3127690518892317e-07,3.6584581717964333e-07
Khsrp,5.2770176,0.104845,1.3130320078374329e-07,3.6584581717964333e-07
Paxip1,5.2768116,0.19925934,1.314508428241039e-07,3.66182578044331e-07
Nfs1,5.2738743,-0.09890226,1.3357338671180472e-07,3.720195648236109e-07
R3hcc1l,5.2696643,0.57472384,1.3667361177989681e-07,3.8057659154756445e-07
Ints12,5.2690744,0.4616432,1.3711322037113894e-07,3.8172298220181695e-07
Tspyl1,5.2652297,0.57364106,1.4001430089110916e-07,3.897202452037284e-07
Fbxo7,5.2646155,0.5032842,1.404830138000238e-07,3.9094530193637067e-07
Foxo3,5.263849,0.8328504,1.4107064800514882e-07,3.925007347854344e-07
Stau2,5.2599177,-0.07290334,1.441197850660949e-07,4.0090277884028635e-07
Nsmf,5.2584696,0.17495331,1.452592255695199e-07,4.0399021957762555e-07
Lman1,5.2559686,-0.106026836,1.4724731028671404e-07,4.0943614643570855e-07
Nfya,5.2511015,0.008585977,1.5119216826959994e-07,4.2031976033477926e-07
Phf14,5.250808,0.23298606,1.514334908557791e-07,4.2090507875056486e-07
Jpt2,5.2500286,0.23068456,1.5207547224611184e-07,4.226035527261897e-07
Brd9,5.246971,0.9037061,1.546201842001032e-07,4.295877730468125e-07
Fundc1,5.245737,0.39542222,1.5565885748410836e-07,4.3238571523363433e-07
Gins4,5.2450047,0.46571282,1.5627838061892406e-07,4.3401845145487137e-07
Eef1akmt1,5.241068,0.118087746,1.5965004734645182e-07,4.432922634442088e-07
Tesk2,5.238273,0.71088916,1.62085981558999e-07,4.499646361793161e-07
Hspa9,5.2310033,-0.21090785,1.6859251839892743e-07,4.6793235013300846e-07
Dus3l,5.228692,0.34199244,1.7071334470657522e-07,4.737226032594189e-07
Trap1,5.22613,-0.08879186,1.7309455799998201e-07,4.802329236457201e-07
Cryz,5.225908,0.38524348,1.7330271557262206e-07,4.807129078003259e-07
Mst1r,5.2245655,0.18339024,1.7456444951056726e-07,4.841145502042197e-07
Vps50,5.2237396,0.44357073,1.7534545919738802e-07,4.86181904810276e-07
Washc5,5.2225647,0.5044322,1.7646204995961594e-07,4.891787012361134e-07
Exosc10,5.2220526,0.0821444,1.7695076746453432e-07,4.90434078856406e-07
Arl5a,5.220808,0.474006,1.7814394784651772e-07,4.936410307601074e-07
Snrpn,5.2180443,-0.09799458,1.8082226638715146e-07,5.009612019538688e-07
AI661453,5.2178626,0.27777636,1.8099954128800644e-07,5.01350765062485e-07
Smarca2,5.2174406,0.59332633,1.8141250488576836e-07,5.023928724813451e-07
Gtf3c5,5.2165737,0.22581689,1.8226323374614036e-07,5.046466332209899e-07
Dusp5,5.2162185,1.2644374,1.8261264371990158e-07,5.055117212286749e-07
Dnajc11,5.2147765,-0.02874141,1.840390453372441e-07,5.093269908474358e-07
Ythdf1,5.21475,0.2055901,1.8406537395013e-07,5.093269908474358e-07
Sdc2,5.212639,0.055699307,1.8617326206385417e-07,5.150555044958944e-07
Smc6,5.2114534,-0.25903487,1.8736673683052802e-07,5.182524527017539e-07
Ddx41,5.2112985,0.44712695,1.875233999340877e-07,5.185808885942668e-07
Eif3i,5.2100806,-0.30147183,1.8875844147973502e-07,5.218907576294736e-07
Med21,5.2093487,0.38198158,1.8950490315390225e-07,5.238487064139101e-07
Pbx2,5.206185,0.059282176,1.927627903679439e-07,5.327467983592629e-07
Ring1,5.2052484,-0.07870408,1.937372598833291e-07,5.35331790039306e-07
Thop1,5.204624,0.04729004,1.9438954970262012e-07,5.370256751885516e-07
Prkd2,5.2036204,0.7675865,1.954427820890144e-07,5.398263068202932e-07
Ptpre,5.201487,0.8466748,1.9770033123364667e-07,5.459515407148865e-07
Mcm9,5.1948333,0.41273487,2.0490363113752025e-07,5.657292864537835e-07
Ehd1,5.1942577,0.6909939,2.0553813334617345e-07,5.673665671192817e-07
Hspa13,5.1925097,0.1575683,2.0747806553793045e-07,5.726059629124519e-07
Lancl2,5.188693,0.5675814,2.1177499923714265e-07,5.843468754172571e-07
Eprs,5.1879835,-0.27663988,2.1258364476235752e-07,5.864598229020051e-07
Zfp277,5.187622,0.32984337,2.1299608259400106e-07,5.874791104221388e-07
Pheta1,5.1870937,0.88738394,2.1360098721766453e-07,5.890287356728297e-07
Setx,5.187002,0.53140444,2.1370625561424243e-07,5.892002107912833e-07
Blzf1,5.184024,0.81598383,2.1714896074523827e-07,5.985712634934758e-07
Cyb5d2,5.1815233,0.75176257,2.200812311698059e-07,6.065318089978025e-07
Pigyl,5.179259,0.25719184,2.2276903431697346e-07,6.138155438816466e-07
Pja2,5.177945,0.4523295,2.2434295492019275e-07,6.180277817352207e-07
Arap1,5.177313,0.05451865,2.2510441323121844e-07,6.200005742068303e-07
Gys1,5.1751,0.01099712,2.27789232898223e-07,6.272689810477648e-07
Rnf213,5.1743693,-0.3055217,2.2868186881948636e-07,6.296002730232486e-07
Il17ra,5.173711,0.6487569,2.2949013541914744e-07,6.316983900678022e-07
Med19,5.1728764,0.15593852,2.3051756725890938e-07,6.343988191317339e-07
Dhx58,5.1705856,0.014246283,2.3336151490027816e-07,6.420963211793368e-07
Churc1,5.1705346,0.06238488,2.3342521042579323e-07,6.421423762970674e-07
Ikbkb,5.165223,0.08868758,2.4015253776655463e-07,6.605160808442547e-07
Trp53bp2,5.158932,0.55556566,2.4836236738612843e-07,6.829590536909926e-07
Anapc4,5.1553154,0.39841443,2.5320427426027423e-07,6.96133584742511e-07
Pick1,5.1539445,0.31821314,2.5506317231240415e-07,7.01103292738116e-07
Rnf185,5.1511483,0.81828016,2.588966253704193e-07,7.114974581873964e-07
Rnf215,5.1495895,0.9186115,2.6105693104383985e-07,7.17290241515875e-07
Atg4c,5.148733,0.372848,2.6225193989138614e-07,7.204289429519296e-07
Pip4p2,5.146593,0.14567372,2.652597407394814e-07,7.285452811031148e-07
Txndc11,5.1441026,0.09569567,2.6880268818983626e-07,7.381278636538175e-07
Phf8,5.140423,0.45365623,2.741210900774764e-07,7.525809891205562e-07
Mtln,5.1372404,-0.042463403,2.788019685085185e-07,7.652783860606163e-07
Cmpk2,5.1360903,0.87206423,2.8051321066033943e-07,7.698210226329806e-07
Il17re,5.13528,0.024973469,2.817238335236817e-07,7.729882470779188e-07
Pnn,5.1329775,0.34583205,2.8519427944887064e-07,7.8235341453627e-07
Utp6,5.1327815,0.42830935,2.854912720446698e-07,7.830110600102006e-07
Tspan12,5.13187,0.07011238,2.868780813892223e-07,7.866568604366583e-07
Dis3l,5.131817,0.1581113,2.8695894580207806e-07,7.86720846801006e-07
Slc35b2,5.1277657,-0.35640475,2.9320122861018984e-07,8.036734418208752e-07
Jagn1,5.12657,0.2697595,2.950680276328516e-07,8.086283122002496e-07
Asb7,5.125271,0.43752423,2.9711031404097164e-07,8.140620205390277e-07
Carnmt1,5.125083,0.057661463,2.974064010502832e-07,8.147100429412304e-07
Sae1,5.123531,-0.27975747,2.998665055252418e-07,8.212846911791872e-07
Nln,5.122672,0.21891586,3.012359132859382e-07,8.248700669173418e-07
Polr3k,5.118664,-0.39489064,3.077078366163683e-07,8.424233565022696e-07
Rrn3,5.1178193,-0.08323021,3.0908840786913735e-07,8.460336224200267e-07
Poldip2,5.116999,-0.09500046,3.104346845192749e-07,8.495485913150058e-07
Nemf,5.116116,0.37703156,3.118911116472253e-07,8.53363535769469e-07
Tbc1d23,5.1137886,0.9008589,3.157606154987032e-07,8.637780389967526e-07
Dhdds,5.112163,-0.01677912,3.184909549396964e-07,8.710727617600697e-07
Eif3e,5.1116185,-0.08429603,3.194107222291552e-07,8.734136425682258e-07
Ric8b,5.110596,0.28259438,3.211435029022471e-07,8.779762899216772e-07
Nf1,5.1092887,0.10730131,3.2337373115521307e-07,8.83896816619536e-07
Pdlim1,5.10853,0.19115007,3.2467487800270094e-07,8.872759705609383e-07
Matr3,5.1073775,-0.30692926,3.2666075504021646e-07,8.925246403945974e-07
Rnf34,5.1061473,0.7290517,3.287931302809672e-07,8.981714056316872e-07
Mynn,5.1051745,0.4747744,3.3048944777999505e-07,9.026249647276678e-07
Pramef8,5.098535,0.832825,3.422925488621577e-07,9.346746417112632e-07
Cherp,5.0950017,0.0421988,3.4873784465718687e-07,9.520842534811399e-07
Prnp,5.09253,-0.40307546,3.5331756599822425e-07,9.64394753498147e-07
Rmdn1,5.091571,0.36810446,3.5510910520357557e-07,9.690914016481532e-07
Trim33,5.08978,-0.098104134,3.584793697587709e-07,9.780936515265747e-07
Exosc3,5.0892925,0.369776,3.594021206145931e-07,9.804157190114823e-07
Pygo2,5.089172,0.2723704,3.596302652442038e-07,9.80842416676204e-07
Ube2l6,5.0887537,0.07675321,3.6042405826347055e-07,9.828113652548275e-07
Zfp110,5.086571,0.6887741,3.645947961236309e-07,9.93986012159221e-07
Zc3h12a,5.086118,0.3157752,3.654659427123699e-07,9.961624011544067e-07
Ttc14,5.085741,0.7177429,3.6619343247058867e-07,9.979464306566958e-07
Ubald1,5.0830464,0.34854415,3.714288743568145e-07,1.0120123245326635e-06
Tm9sf4,5.081033,-0.3824897,3.753876680449752e-07,1.0225948925328757e-06
Aasdhppt,5.0808783,0.19854276,3.7569418190213686e-07,1.0232260381421474e-06
U2af1,5.0792155,-0.09302733,3.789963596092662e-07,1.0318973466130601e-06
Slc4a1ap,5.0791993,0.9086885,3.7902891203198544e-07,1.0318973466130601e-06
Nr2c1,5.07256,0.6583334,3.9250000294817594e-07,1.0683593830247424e-06
Rfx7,5.0698915,0.86751044,3.9804239637061243e-07,1.083229805048383e-06
Rubcn,5.069037,0.20368616,3.998337420292372e-07,1.0878882654695223e-06
Smarcc1,5.0676765,0.33672738,4.0270141772459e-07,1.0954728242259338e-06
Lpar1,5.062744,0.19103873,4.132645855123683e-07,1.1239843291331815e-06
Rab11fip4,5.062222,0.2565316,4.143984597375335e-07,1.1268440916505807e-06
Pgam5,5.061153,0.040884677,4.1672872585195625e-07,1.132955333205865e-06
Chchd10,5.058564,0.19893944,4.2242456319025083e-07,1.148212264286758e-06
Pde8a,5.0579424,1.1790551,4.238046935801745e-07,1.1517152566398127e-06
Armc1,5.0579076,0.418534,4.238817467399032e-07,1.1517152566398127e-06
Mbtps2,5.0576077,0.14105393,4.2454859392207864e-07,1.1532979781256308e-06
Ano9,5.0569263,0.5049546,4.2606750779927105e-07,1.157194273913611e-06
Prps1l3,5.0564327,-0.041114368,4.271713123051956e-07,1.1599618140932385e-06
Stard3,5.0528693,0.3292209,4.352219326058211e-07,1.181353697575348e-06
Crtc3,5.0520225,0.7540309,4.371557644432278e-07,1.1863673504189602e-06
P4ha1,5.0501604,0.9244022,4.4143941662311197e-07,1.197754766333543e-06
Cst6,5.0456767,1.596488,4.519188227728227e-07,1.2259452294025692e-06
Spsb2,5.0449667,0.7738013,4.535998346611582e-07,1.2302613524377901e-06
Hcfc1,5.039547,-0.015314536,4.666347843190586e-07,1.2653640046724422e-06
Ticam1,5.0367546,0.3452784,4.73491242738112e-07,1.2837019715391915e-06
Cmc2,5.033793,0.27170396,4.808695548706786e-07,1.3034472077019882e-06
Ccdc117,5.0292134,0.36892354,4.924962046242096e-07,1.3346978989766285e-06
Selenoo,5.0256557,0.4485531,5.01714860895783e-07,1.3592724153652254e-06
Irs2,5.0256376,0.2843022,5.017628630905783e-07,1.3592724153652254e-06
Gtf2h2,5.022225,0.39343497,5.107632929821446e-07,1.383150621589711e-06
Ciao3,5.0222187,0.2367195,5.107795714097287e-07,1.383150621589711e-06
Oaz1,5.0219026,0.21837278,5.116213045254553e-07,1.3851556799417147e-06
H2afv,5.020787,-0.38256618,5.146025107654796e-07,1.3929511747264317e-06
Tmem241,5.0204687,0.82446486,5.154557921514469e-07,1.3949847531508088e-06
Adck2,5.0184493,0.2367517,5.209027353495647e-07,1.4094469540770278e-06
Gde1,5.017525,-0.3860333,5.234135938709859e-07,1.4159606124996503e-06
Wdr48,5.0147305,-0.059200116,5.310783589218863e-07,1.4364115028197777e-06
Hnrnph2,5.0144653,0.42717025,5.318112687199036e-07,1.438109373095646e-06
Dnttip1,5.0119605,0.98035204,5.387827360799268e-07,1.4566733720626727e-06
Atic,5.0088353,-0.11839544,5.476036414164935e-07,1.480229254076013e-06
Nlk,5.00877,-0.05675241,5.477893665081021e-07,1.4804386535569756e-06
Zranb2,5.0082927,-0.00937964,5.49149328256241e-07,1.483820799032621e-06
Hspd1,5.007783,-0.35801667,5.506058754350883e-07,1.4874625338946725e-06
Ogfod1,5.0073605,0.40075424,5.518147147109169e-07,1.4904337791174775e-06
Zbtb9,5.00732,0.59495246,5.519316462390095e-07,1.490455225576314e-06
Tmem18,5.0049987,0.5259232,5.586245462799446e-07,1.5082311293935327e-06
Rel,5.0044785,1.2660558,5.601349689254694e-07,1.5120106000899712e-06
Dnajb2,5.0042233,0.6784878,5.608768095082806e-07,1.513575868777263e-06
Adnp2,5.004203,0.4098274,5.609361976572702e-07,1.513575868777263e-06
Otud6b,5.003677,0.21486516,5.62470509520911e-07,1.5174164958963223e-06
C2cd5,5.0019226,0.18201101,5.676141585307048e-07,1.530990851658262e-06
Map3k9,4.999752,0.5795617,5.740407082470726e-07,1.5480194607136103e-06
Aldh6a1,4.999118,-0.3253548,5.759323551624231e-07,1.552814463100579e-06
Gorab,4.9973574,0.6694332,5.812130506340525e-07,1.5667432421487618e-06
Sh2d4a,4.9935794,-0.053257417,5.927034551228457e-07,1.5974023943249732e-06
Rgmb,4.993453,-0.29340616,5.930918863523625e-07,1.598134294752425e-06
Chd7,4.992415,0.22697267,5.962900713434047e-07,1.6064355251420527e-06
Papolg,4.992319,0.57350564,5.965862220443886e-07,1.6069167985930696e-06
Zfp809,4.9918356,0.68086463,5.980817390326638e-07,1.610627763149208e-06
Paf1,4.990742,-0.10060738,6.01477345384608e-07,1.6194531793925013e-06
Vamp2,4.989508,0.2636724,6.053323984140194e-07,1.6295119189589991e-06
Arsa,4.9888086,0.42164835,6.075285577949882e-07,1.6351019539158559e-06
Lin37,4.9835315,0.0738341,6.243417849362734e-07,1.6800224142077014e-06
Bid,4.9834476,0.007043769,6.246118255574046e-07,1.6804183975009852e-06
Parp6,4.97926,0.7677893,6.382785064321917e-07,1.7168486576436313e-06
Virma,4.977218,0.24261278,6.450461710275326e-07,1.734711187571585e-06
Pdcd2,4.9745846,-0.12050758,6.538766655664643e-07,1.758113134412387e-06
Rcbtb1,4.974505,-0.1305461,6.541452317862707e-07,1.7584894917785042e-06
Asxl2,4.973926,0.08289578,6.561041529045915e-07,1.7634088622190032e-06
Traf3ip2,4.9737525,0.046107415,6.566915480963513e-07,1.7646407781917085e-06
Ptcd3,4.973583,-0.031295262,6.572656112496222e-07,1.7658363917168142e-06
Fnip1,4.9731345,0.4127206,6.587895651807633e-07,1.7695830492726258e-06
Spindoc,4.9730244,0.75920194,6.591641467612829e-07,1.7702414978319999e-06
Tor2a,4.9710517,1.0118468,6.659067811381842e-07,1.7879982784340603e-06
Gpatch11,4.9704213,0.486224,6.680753335360062e-07,1.7934688233421445e-06
Eif2b4,4.968604,0.6461757,6.743665143707574e-07,1.8100023717409434e-06
Pex3,4.9649343,0.66142136,6.872433633171982e-07,1.8442019217744674e-06
Cox7a2l,4.9621744,-0.28437638,6.970836072808319e-07,1.870240990693619e-06
Slc31a1,4.962093,-0.4158907,6.97376579861757e-07,1.8706600097311743e-06
Nsfl1c,4.9590716,0.40352637,7.083077961449823e-07,1.8996095533011636e-06
Mtif3,4.9578886,0.13316944,7.126335888501535e-07,1.910836142652127e-06
Stard13,4.957497,0.70189285,7.14071174849271e-07,1.914315490308524e-06
Wdr61,4.956889,0.060383696,7.163079634230107e-07,1.919935593847446e-06
Luc7l3,4.9534764,0.1690229,7.289913833541375e-07,1.953548337716604e-06
Pan3,4.952442,0.07999865,7.328776053906328e-07,1.9635778318410862e-06
Lrrc28,4.951188,0.7761803,7.37618455539302e-07,1.9758927285994036e-06
Plscr3,4.9497232,-0.010543704,7.431906871816822e-07,1.990429425618783e-06
Noxo1,4.949658,-0.23386933,7.434399733805543e-07,1.990707193260051e-06
Gxylt1,4.9482894,0.5804288,7.486857855826308e-07,2.0043614169621134e-06
Ripk4,4.947624,0.43039247,7.512472747432986e-07,2.010825304778745e-06
Dpm3,4.9474387,-0.30258298,7.519637975615472e-07,2.012349301693573e-06
Wdr20,4.945146,0.3873717,7.608685011876038e-07,2.0357810122755786e-06
Ifi30,4.944385,-0.30599314,7.63845915779318e-07,2.043347593560676e-06
Rbms1,4.9435387,0.09887214,7.671717792075923e-07,2.051843160700924e-06
Ccdc28a,4.9434896,0.8659127,7.673645443808889e-07,2.051957400158126e-06
Plin2,4.94299,-0.39486843,7.69335026653714e-07,2.056824338121122e-06
Nktr,4.942237,0.39202076,7.723120158664394e-07,2.064379753122275e-06
Nomo1,4.940171,-0.07337801,7.805417742390554e-07,2.0859700532966743e-06
Zbtb18,4.937658,0.48416778,7.906645971638373e-07,2.1126100754621875e-06
Slc9a6,4.937348,0.33816952,7.919222453598867e-07,2.1155570824958883e-06
Mettl3,4.9357915,0.110104814,7.982644762863772e-07,2.1320833424250405e-06
Ndufb11,4.9326825,-0.059170242,8.110790792142443e-07,2.1658868205926168e-06
Gramd1c,4.931528,0.6786433,8.15888579828957e-07,2.178304632792071e-06
Srp72,4.9310446,0.10199735,8.179106003396865e-07,2.1832768806646912e-06
Taf4,4.929833,0.1332097,8.229996789055755e-07,2.1964325934882406e-06
Tmem125,4.9278646,1.1486133,8.313323683046191e-07,2.218238075427447e-06
Acvr1c,4.927793,0.45914984,8.316361119959743e-07,2.218615651881574e-06
Itgb6,4.925186,0.4871346,8.428005918129237e-07,2.2479613990719196e-06
Sugp1,4.919799,0.34352994,8.663312334727507e-07,2.3102729363767287e-06
Ddost,4.919452,-0.30115134,8.67867368575637e-07,2.3136671047022188e-06
Nudt22,4.91942,0.01584464,8.680120809709174e-07,2.3136671047022188e-06
Pde6d,4.9193974,0.83388764,8.681115842213589e-07,2.3136671047022188e-06
Ckap5,4.9191117,-0.09008768,8.693789491326498e-07,2.316593361143606e-06
Ccser2,4.9187365,-0.04192167,8.710473386286523e-07,2.3205868606559165e-06
Mpzl3,4.916678,0.17773409,8.802512302952023e-07,2.34465048194135e-06
Sowahc,4.9149995,0.47806898,8.878277436372827e-07,2.364370865480008e-06
Tbc1d5,4.9133043,0.18383344,8.955415985194763e-07,2.3844492522885197e-06
Dennd5b,4.9122925,0.4310222,9.001764882936637e-07,2.396323433407797e-06
Mtx1,4.9115562,0.140227,9.035643796651115e-07,2.4048740544804207e-06
Cox6a1,4.9108176,0.0650992,9.069739822464871e-07,2.4134791218565305e-06
Galnt11,4.9068055,0.45835882,9.257183706719751e-07,2.462879128198299e-06
Erf,4.905918,0.2866156,9.299137496149073e-07,2.4735597210628005e-06
Trip4,4.9054775,0.5422192,9.320037680795077e-07,2.47863701448605e-06
Ints13,4.9042883,0.0766346,9.376674841543448e-07,2.4932146307234424e-06
Clpx,4.899817,-0.07734233,9.592602556766089e-07,2.550132969746817e-06
Edc3,4.89926,0.6323343,9.619827892173681e-07,2.556873594275512e-06
Shpk,4.895725,1.2147326,9.794396748753364e-07,2.6027667224874125e-06
Nudt21,4.8953557,-0.054758634,9.812804166551835e-07,2.6071516801553592e-06
Ptpn1,4.894342,0.74669284,9.863519718440064e-07,2.6201171746244733e-06
Nsa2,4.8928385,0.4209163,9.939190445310375e-07,2.639705366859961e-06
Thap12,4.889848,-0.05124194,1.009137523365945e-06,2.679603035345495e-06
Hif1a,4.8883696,-0.46547505,1.0167463621655591e-06,2.699282955273543e-06
Mief1,4.8881245,0.5324451,1.0180110708729578e-06,2.701983403812077e-06
Mapk1ip1,4.888096,0.46547362,1.0181587188185472e-06,2.701983403812077e-06
Terf2ip,4.8821235,0.64704496,1.0494954095593726e-06,2.7846041377036125e-06
AI597479,4.8818684,0.3151277,1.0508536648081349e-06,2.7876670933562065e-06
Btaf1,4.8816767,0.4477166,1.0518761871020433e-06,2.789838413231273e-06
Isg20,4.878619,0.32187214,1.0683121236076507e-06,2.832881188740474e-06
Nfkbiz,4.872391,-0.21296808,1.1025547282957455e-06,2.9231166943474836e-06
Slc37a3,4.871637,0.53431284,1.1067757300200107e-06,2.9337387299910147e-06
Neurl4,4.86605,0.5829029,1.1385097830240564e-06,3.017271566444568e-06
Bub3,4.8656945,0.16273962,1.1405550513908005e-06,3.022106244481534e-06
Tmem186,4.8655906,0.22751814,1.1411551962824858e-06,3.023110675932389e-06
Eya3,4.8642507,0.09355921,1.148913697084456e-06,3.043074725475486e-06
Cir1,4.862333,0.68894047,1.1601024538941905e-06,3.072114844500979e-06
Synj2bp,4.8616333,-0.22877094,1.1642112085652543e-06,3.082398504768606e-06
Lrpprc,4.860426,-0.0064110216,1.1713356627003344e-06,3.1006610893199904e-06
Tldc2,4.8601565,1.2919909,1.172929933238496e-06,3.104280401981117e-06
Txndc12,4.859418,0.31569326,1.1773128204728585e-06,3.115277248445499e-06
Cog2,4.8593364,0.4012823,1.1777980830601786e-06,3.11595836445114e-06
Parn,4.858027,-0.10257319,1.1856129285363343e-06,3.1360264599099367e-06
Rars2,4.8570704,-0.20494974,1.1913534138145291e-06,3.1506010315052577e-06
Ddx19a,4.8545694,-0.26471773,1.2064860558060346e-06,3.1900032508019184e-06
Spen,4.8544307,0.51627016,1.2073307771654908e-06,3.1916196361372678e-06
Cpsf2,4.854033,0.18875742,1.2097562964710387e-06,3.197413481685631e-06
Glce,4.8523703,0.6346164,1.2199445610625074e-06,3.2237182362376404e-06
Slc7a6os,4.8467813,0.5283275,1.2548059004297352e-06,3.3151991283571542e-06
Hsd3b2,4.8430405,1.3063496,1.2786733721351715e-06,3.3776044743960734e-06
Alg12,4.8404293,0.24564843,1.2955892540462397e-06,3.42162669932065e-06
Atp5c1,4.840266,1.1893373,1.2966536131010654e-06,3.42377643544257e-06
Kdm5a,4.8387566,0.19347213,1.306538887563329e-06,3.4492122176502944e-06
Zpr1,4.836284,0.20722304,1.3228861368428852e-06,3.491694252330912e-06
Alg1,4.8328495,0.22193272,1.3459265333532012e-06,3.551822721652842e-06
Nfix,4.8291306,-0.17104296,1.3713036680627485e-06,3.6180933167582648e-06
Map3k13,4.828068,0.8124469,1.3786404072432926e-06,3.6367491452646657e-06
Dnase1l1,4.827978,0.5725875,1.3792617423990675e-06,3.6376864662116195e-06
Plagl2,4.8270197,-0.16815734,1.3859155559250103e-06,3.6545305104655834e-06
Ube2n,4.8268075,0.3689539,1.3873920546205342e-06,3.6577185939725862e-06
Ergic1,4.8259344,-0.34692925,1.393484352977959e-06,3.6730721910126425e-06
Eef1d,4.8235884,-0.13424319,1.409981545508349e-06,3.715840746738615e-06
Pias2,4.822142,0.2356286,1.4202458408294517e-06,3.7421699177924383e-06
Rabl3,4.821714,0.34173584,1.4232998086503101e-06,3.7494942946046986e-06
Nsmce2,4.81782,0.16533145,1.4513529787317857e-06,3.822660243481735e-06
Brd8,4.816296,0.21843337,1.4624743951857712e-06,3.851210736407745e-06
Tsen34,4.815939,-0.19276787,1.4650916362847349e-06,3.857360055100838e-06
Cct3,4.812355,-0.34328955,1.4916195546870045e-06,3.926448009691008e-06
Ngrn,4.812198,0.16107921,1.4927926330924011e-06,3.928779687747995e-06
Galns,4.809063,0.40025625,1.5163949081278877e-06,3.990128991466012e-06
Stx18,4.807894,0.081956044,1.5252854101592886e-06,4.012750670243992e-06
Mettl23,4.8077393,0.18505368,1.5264683615974788e-06,4.015090372157246e-06
Sgsm2,4.8060274,0.20196868,1.5395862771700788e-06,4.048815834673236e-06
Phf2,4.804547,0.47806072,1.5510248226171034e-06,4.078112757025359e-06
Paxbp1,4.8000855,0.33921146,1.585978135414256e-06,4.169213956514793e-06
Cebpb,4.7999225,0.002787017,1.58727096923755e-06,4.171810590875168e-06
Lias,4.799488,0.1728,1.5907180806704181e-06,4.180067208525743e-06
Uqcc1,4.796526,-0.058796413,1.6144091635724637e-06,4.241507264525156e-06
Pcnt,4.795898,0.6067786,1.6194779664566374e-06,4.254007143929027e-06
Oplah,4.7954717,0.6073675,1.6229262198069804e-06,4.262246217756953e-06
Herc2,4.794625,0.7061367,1.629794161702685e-06,4.279461436498506e-06
Ino80e,4.7937684,0.1458694,1.6367732893106186e-06,4.296961937285988e-06
Them4,4.79263,0.58046573,1.6460900060606568e-06,4.3205913306870406e-06
Sirt3,4.787504,0.7546241,1.6886840675052557e-06,4.431539939192932e-06
Crem,4.7869697,1.0825559,1.6931853221832535e-06,4.4424998620214875e-06
Cars2,4.7831306,0.40595785,1.7258593665853716e-06,4.527359838491263e-06
Prxl2b,4.7783737,0.27926746,1.7671871878564011e-06,4.634883926723492e-06
Timm17b,4.774739,0.3087232,1.7994072160567766e-06,4.718483927052046e-06
Zfp445,4.76988,0.39040068,1.84335835082679e-06,4.832807792859731e-06
Ghdc,4.769201,0.52921283,1.8495842332513783e-06,4.848200956433313e-06
Arid4a,4.7678766,0.7862732,1.8617762703320179e-06,4.879223935758977e-06
Chd9,4.7651615,0.44406366,1.887022300272505e-06,4.9444395394187595e-06
Ankrd28,4.7634583,-0.23489468,1.9030278930213225e-06,4.985422689093215e-06
Ifit1bl1,4.762459,-0.046359483,1.912481039642586e-06,5.0092277757349865e-06
Cramp1l,4.762414,0.50673836,1.9129065231399904e-06,5.009382746828681e-06
Taf5l,4.761427,0.45315105,1.922290201768262e-06,5.032992247593525e-06
Pias4,4.760525,-0.13526723,1.9308982154765827e-06,5.054562231363374e-06
Polr2k,4.7579203,0.27661484,1.955976530131247e-06,5.119230440104268e-06
Sec61g,4.7576857,-0.24772587,1.9582502483464927e-06,5.124200563746324e-06
Banf1,4.7530103,-0.1382167,2.004099603220767e-06,5.243172388376504e-06
Bptf,4.7487984,0.519334,2.046289660844883e-06,5.352526991594066e-06
Slc17a5,4.7470417,1.0390776,2.0641316376843782e-06,5.398164112704891e-06
Rfwd3,4.7449837,0.11148078,2.085230710043613e-06,5.452300183527037e-06
Galt,4.7443943,0.35863873,2.091312015459175e-06,5.467155765896429e-06
Pgm3,4.743419,0.04635753,2.1014077731450464e-06,5.492498336727544e-06
Pde7a,4.741714,0.23357041,2.1191774181609862e-06,5.537884806679054e-06
Mapk8,4.741432,0.8561536,2.122124527950383e-06,5.544526732847055e-06
Cpsf4,4.739374,0.40040773,2.1437925213859552e-06,5.600069289389291e-06
Nup153,4.735876,0.073308945,2.181110038459385e-06,5.695375172032096e-06
Gprc5a,4.735399,-0.42601022,2.186249870485637e-06,5.707706563362177e-06
Abcb8,4.7340546,0.69574344,2.2007874494675807e-06,5.7445635372149585e-06
Smarca5,4.7339892,0.84970635,2.2014957295335635e-06,5.745315668200664e-06
Gid4,4.7338953,-0.23199314,2.202514265644867e-06,5.746877043063072e-06
Rabl6,4.731731,-0.34458762,2.2261330068693025e-06,5.8073958162796095e-06
Arid2,4.7309027,-0.05400943,2.2352350886277874e-06,5.830028578482737e-06
Mterf2,4.7241263,0.42103317,2.3110651563387132e-06,6.0266620924736654e-06
Rbm34,4.724008,0.14421144,2.3124107913542575e-06,6.029021462682454e-06
Ylpm1,4.7224355,-0.31105578,2.3303700801127202e-06,6.074687542039925e-06
Sigmar1,4.717136,0.031202802,2.3918777878219806e-06,6.232708950273471e-06
Rnf40,4.717134,0.32510668,2.3919017602219505e-06,6.232708950273471e-06
Pigg,4.715812,0.35524085,2.4074844753814256e-06,6.272118537024385e-06
Tbc1d32,4.712179,0.5704646,2.4508165620093932e-06,6.38379361628161e-06
B3galt4,4.7115083,0.77098596,2.458902705162569e-06,6.403636353665613e-06
Ric1,4.708073,0.5354002,2.500694626456589e-06,6.511233628483217e-06
Srek1,4.707824,0.109958984,2.5037486505947848e-06,6.517944564417225e-06
Imp3,4.706266,-0.08156048,2.52295542097462e-06,6.565773675701135e-06
Eif2a,4.7062554,-0.32998303,2.5230815843370722e-06,6.565773675701135e-06
Farsa,4.705152,-0.06250389,2.536768295705553e-06,6.600134407110623e-06
Ncbp1,4.705095,-0.17374523,2.537478601466478e-06,6.60072662641318e-06
Ago1,4.7047644,0.04005729,2.541591976727922e-06,6.6101693194664e-06
Prdm10,4.703775,0.56132275,2.5539450111541296e-06,6.641034042124496e-06
Kif21a,4.702959,-0.15563399,2.5641764262038137e-06,6.6663712221173296e-06
Fam104a,4.702339,0.45864657,2.5719786020650388e-06,6.685384410423761e-06
Ly96,4.7021985,0.119230576,2.5737526609559606e-06,6.688724370690376e-06
Vps33b,4.701925,0.5751821,2.5772012906834784e-06,6.6964141459427256e-06
Zfp410,4.695271,0.49760118,2.662533498126332e-06,6.916820970151518e-06
Rhobtb3,4.6939454,0.68849254,2.679858145493327e-06,6.960505249690645e-06
Thoc5,4.6936293,0.13307321,2.684005354466361e-06,6.969953137547946e-06
Snx25,4.692544,0.23678568,2.6982865473519626e-06,7.005708854193676e-06
Zdhhc23,4.6923766,0.8791809,2.7004942600058803e-06,7.010109909943131e-06
Zc3h12d,4.688044,0.57702523,2.7582871461244724e-06,7.157414937998512e-06
Smg6,4.683732,0.17930004,2.816985394587459e-06,7.308342870609657e-06
Zcchc2,4.683528,0.28479066,2.819791521778777e-06,7.314235405979662e-06
Slc5a3,4.683287,-0.0865121,2.823106201821386e-06,7.321444587503785e-06
Enc1,4.68251,0.32700747,2.8338342298383816e-06,7.34787316894954e-06
Sos1,4.6772695,0.40757674,2.9071987830578915e-06,7.536671726695102e-06
Acsf3,4.675597,0.5974482,2.93099726422607e-06,7.596927139554872e-06
Csnk1g1,4.6730266,0.4661908,2.9679302900646934e-06,7.69119702797701e-06
Mmgt1,4.670304,0.30655894,3.007548716134811e-06,7.792388914957094e-06
Tceanc2,4.6692023,0.3807597,3.023717839802589e-06,7.832798154821065e-06
Gcnt4,4.665969,1.6763687,3.071660250374401e-06,7.95548369770264e-06
Slc35b4,4.6647124,0.14126296,3.0904888226600705e-06,8.002733317530101e-06
Tfb2m,4.6643248,-0.060359493,3.0963186430903914e-06,8.016311519170978e-06
Pik3cb,4.6613345,0.89454514,3.1416563671845995e-06,8.132150448845239e-06
Cox10,4.6603227,-0.15028727,3.157139392729729e-06,8.17068152830792e-06
Ranbp1,4.6549172,-0.37018636,3.2411092098841783e-06,8.386408409681388e-06
Pdk3,4.650146,-0.35298592,3.3170005290419284e-06,8.581154414424587e-06
Itpa,4.64903,-0.3029449,3.334992832658217e-06,8.6260690347269e-06
Ip6k2,4.6487203,0.701218,3.340009116304807e-06,8.637410110716383e-06
Slc12a9,4.643794,1.110066,3.420685993779712e-06,8.842699615300106e-06
Rpp25l,4.643219,0.087989,3.4302275890679573e-06,8.865689336704652e-06
Hsp90ab1,4.6418724,-0.34771064,3.452658849778217e-06,8.921978414723567e-06
Emsy,4.6406546,0.31615824,3.4730700466698055e-06,8.97302718462301e-06
Coq8b,4.6379294,0.9510261,3.5191673852505014e-06,9.090406874442881e-06
Tmem104,4.63519,0.48706028,3.566097217290439e-06,9.209892246732154e-06
Faap20,4.6315165,0.0037610114,3.6299740853135825e-06,9.373092072632787e-06
Wdyhv1,4.629517,0.34867406,3.665191557988934e-06,9.46224175108527e-06
Arid4b,4.626382,0.43590558,3.7210860746973613e-06,9.604728590314537e-06
Mettl27,4.626021,0.5181157,3.727575076813769e-06,9.619662044806245e-06
Cbfa2t2,4.625238,0.28687707,3.7416902285277166e-06,9.654266768889911e-06
Hscb,4.6216965,-0.18251851,3.806144406722315e-06,9.818718121472865e-06
Sulf2,4.621219,0.2698924,3.814913329022741e-06,9.839483171328929e-06
Khdrbs3,4.6196117,-0.19369082,3.84458549779432e-06,9.914144198064742e-06
Chd4,4.6174293,0.076981,3.885230712184659e-06,1.0017068248326775e-05
Cd2bp2,4.6167417,0.27622685,3.898117120064811e-06,1.0048398042768387e-05
Ssrp1,4.614396,-0.15873085,3.94240065011993e-06,1.0160634920917837e-05
Hcn2,4.6131907,-0.034771122,3.965345702843263e-06,1.0215919835414772e-05
Eif4a3,4.612299,0.34107488,3.982394094133669e-06,1.0257909067108291e-05
Meaf6,4.6121197,0.41919366,3.985835666997671e-06,1.0264840441844286e-05
Fam53a,4.61103,0.3551495,4.006780967795011e-06,1.0316617441272018e-05
Rhot1,4.610996,0.31991747,4.007449495286066e-06,1.0316617441272018e-05
Rassf6,4.608458,0.010063828,4.056661178067387e-06,1.044134041220996e-05
Timm10,4.6073403,-0.06506431,4.078522919559493e-06,1.049563434794431e-05
Pgs1,4.603026,0.41647846,4.163961612241206e-06,1.07134854275444e-05
Cabin1,4.602149,-0.0032910649,4.181540689147487e-06,1.0756690918753176e-05
Celf1,4.599218,-0.070006825,4.240804922142626e-06,1.090709183943961e-05
Sh3kbp1,4.5986304,0.9197684,4.2527789421718e-06,1.0935831522038241e-05
Med27,4.598061,0.30790287,4.2644096629305545e-06,1.0963677785406154e-05
Plk3,4.596774,0.24178495,4.2908267894233565e-06,1.1029521869429399e-05
Caskin2,4.596142,0.08188371,4.303862463654694e-06,1.105973814043216e-05
Uggt1,4.596125,-0.38657248,4.304199369899814e-06,1.105973814043216e-05
Men1,4.5955787,0.073208444,4.3155003431684805e-06,1.1086693066471721e-05
Tmc8,4.5912275,0.8821259,4.4064634110995946e-06,1.1318254535459608e-05
Mfap3,4.5909543,0.13713051,4.4122388300916146e-06,1.1328833271029446e-05
Zfp688,4.590583,0.9106421,4.420094671392832e-06,1.1346873405537258e-05
Hs1bp3,4.5897245,-0.03673915,4.43831808425557e-06,1.1391516479390937e-05
Prpf19,4.5879536,-0.34939218,4.476117805975962e-06,1.148637849441195e-05
Trim8,4.5860853,0.23022705,4.516342236829269e-06,1.158742590781243e-05
Evpl,4.579823,-0.048624415,4.653696092919544e-06,1.1937590334022654e-05
Tmem87a,4.5777893,-0.083244994,4.699156901920939e-06,1.2051944980076678e-05
Atg16l1,4.5769854,1.0997217,4.717239368946504e-06,1.2096052572725193e-05
Ppp2r1b,4.5728307,0.5918625,4.811794707068021e-06,1.2336200341048965e-05
Osbpl9,4.571272,-0.185239,4.847724711353637e-06,1.2425986022073287e-05
Ubn2,4.5704155,0.005024451,4.867586120614232e-06,1.2474557758508175e-05
Pacs2,4.568004,0.77443224,4.923900971653104e-06,1.2616515980392767e-05
Smndc1,4.5670333,0.5640586,4.9467551529175634e-06,1.2672700771102976e-05
Isoc1,4.5637918,0.36225262,5.023785683186953e-06,1.2867628622884731e-05
Prorsd1,4.562511,0.5154144,5.05454506448947e-06,1.2943989467583053e-05
Mri1,4.562083,-0.11536173,5.064871022247827e-06,1.29680043492303e-05
Slc25a15,4.56071,0.33017543,5.09809953827775e-06,1.305063855970577e-05
Rsf1,4.5560346,0.60394776,5.212837269156746e-06,1.3341858442021055e-05
Tent2,4.5540133,0.81768215,5.263208806023257e-06,1.3468259809574857e-05
mt-Co2,4.551863,0.20770265,5.317293879906584e-06,1.3604114837740419e-05
Yrdc,4.551604,0.40441966,5.3238465802648856e-06,1.3618331834104436e-05
Tanc1,4.549546,0.28492856,5.376182433065289e-06,1.3749634331806213e-05
Glcci1,4.5466433,0.43230107,5.450829928760969e-06,1.3937939281190397e-05
Crnkl1,4.5456233,0.59716016,5.477293646327384e-06,1.400298945850196e-05
Hspa5,4.544828,-0.13727084,5.498020687240414e-06,1.4053351943553769e-05
Slc4a4,4.5398993,-0.23663352,5.6281051727502765e-06,1.4383169171624001e-05
Lrrc45,4.5361257,0.6155992,5.72970099216535e-06,1.4640071201020396e-05
mt-Nd5,4.5356402,-0.027302638,5.742897899405388e-06,1.4671049649611185e-05
Zfp942,4.5298347,0.93097967,5.902977492102839e-06,1.5077179156613061e-05
Fars2,4.5271525,0.043380287,5.978376869531127e-06,1.5266910119670992e-05
Sh2b1,4.526045,0.75580806,6.009779486770587e-06,1.534423720716725e-05
Batf2,4.5255513,1.2598542,6.023825557167644e-06,1.537722876503034e-05
Cct2,4.524705,-0.095318794,6.047985989923962e-06,1.5436022473350162e-05
Timm50,4.5240335,-0.2516394,6.067205554536619e-06,1.5482186220990534e-05
Sun1,4.522928,-0.0072037647,6.098995702612352e-06,1.5560404147989536e-05
Blcap,4.522606,0.07236737,6.108292907404808e-06,1.55812172185713e-05
Per1,4.521998,0.24070981,6.125865066978985e-06,1.5623126592864158e-05
Apmap,4.520548,-0.14868826,6.167986196129065e-06,1.5727617235141708e-05
Cep63,4.519144,0.16622648,6.209008503302329e-06,1.5829267576931275e-05
Tgds,4.518726,0.4874204,6.22128211869852e-06,1.585760167254469e-05
Aifm1,4.5173674,-0.08125609,6.261316831183427e-06,1.5956673064933538e-05
Zscan29,4.517017,0.45357645,6.271696110620958e-06,1.5980146136154575e-05
Ccl28,4.5163293,-0.28345892,6.292080004959882e-06,1.602909725555633e-05
Itga2,4.513263,0.1578726,6.3837653158009665e-06,1.6259636933056103e-05
Dedd2,4.511809,0.7143647,6.4277051280113e-06,1.6366086341424437e-05
Tfpt,4.511801,0.49837658,6.427952448979206e-06,1.6366086341424437e-05
Ciao1,4.5108237,0.32231107,6.457635053326441e-06,1.643860002871167e-05
Pdss1,4.509969,-0.14838742,6.4837070735316665e-06,1.6501897307006428e-05
Ndufa4,4.509304,-0.33653852,6.5040618544207365e-06,1.6550622601266016e-05
Cyb561a3,4.5078006,0.37567466,6.55030422128918e-06,1.6665192600210148e-05
Ppp2r3c,4.507623,0.34424287,6.555783664633183e-06,1.6676030806149326e-05
Amz2,4.5041494,-0.24602377,6.663929384669237e-06,1.6944818582252105e-05
Hs2st1,4.5021443,-0.06701291,6.727127571546004e-06,1.71023367802364e-05
Tcea3,4.5019813,-0.33186537,6.7322960146363615e-06,1.7112295167314542e-05
Ddx39,4.500598,-0.111681685,6.776251344545748e-06,1.7220820876540252e-05
Zfp574,4.4988947,0.57486117,6.830762425428362e-06,1.7356127121466526e-05
Prrc2b,4.495786,-0.009202372,6.931336530242564e-06,1.7608401830032893e-05
Stk38l,4.495725,0.25132266,6.933330480070933e-06,1.761019582373143e-05
Arl6ip6,4.492451,0.2434367,7.040810318650455e-06,1.787986650093686e-05
Hnrnpdl,4.491768,0.15518965,7.06344394677051e-06,1.7934013362808525e-05
Hnrnpr,4.491494,-0.042790283,7.072516868688795e-06,1.7953716016209257e-05
Mtfr1l,4.4876103,0.45039183,7.202644120695061e-06,1.828065299749535e-05
Jmjd6,4.486438,0.300442,7.242390062888586e-06,1.837470948237503e-05
Orc3,4.48575,-0.12895264,7.26578204095836e-06,1.8430637991115858e-05
Abcf3,4.485418,0.17283961,7.277122170396851e-06,1.8455980281931924e-05
Hyou1,4.485232,0.2553848,7.283460523368052e-06,1.846863019785984e-05
Smim11,4.4838347,-0.3127691,7.331342033548151e-06,1.8586596646045786e-05
Dido1,4.481073,1.0709034,7.4268736679112045e-06,1.8825300724501524e-05
Cenpc1,4.4809484,0.30501595,7.4312054314145845e-06,1.883278989521765e-05
Mtif2,4.4807425,0.35298648,7.438383007796403e-06,1.8847487054218237e-05
Ncoa5,4.474115,0.030708209,7.672842430707809e-06,1.943796225267308e-05
Taf2,4.473299,0.11574277,7.7021916745789e-06,1.9508699972192344e-05
Heatr6,4.472991,0.1487474,7.713298896978402e-06,1.9533215262255487e-05
Acat1,4.4714756,-0.2794024,7.768175754772499e-06,1.966490252619658e-05
Ifrd1,4.469044,-0.008643467,7.856995638429328e-06,1.9886066140203786e-05
Mpg,4.4680076,0.39279807,7.895142732535465e-06,1.9978918739345392e-05
Tinf2,4.466527,0.8121994,7.949967508743697e-06,2.0113932596127668e-05
Ulk1,4.4646096,0.19200182,8.021493612733463e-06,2.0291144127660025e-05
Rexo4,4.4642544,0.33133957,8.034800851523423e-06,2.032104709535469e-05
Klhdc4,4.460487,0.4466512,8.177363578435164e-06,2.0677782347466875e-05
Wdr83,4.459765,0.31608126,8.204962176999003e-06,2.0743734104355956e-05
Fbh1,4.4588857,0.41793376,8.238684059870993e-06,2.0825139467418823e-05
F11r,4.4579005,0.041508865,8.276631886876343e-06,2.0917194798195156e-05
Golga3,4.456638,0.20302962,8.325509120044963e-06,2.1036832449485378e-05
Nit2,4.4565215,0.08794429,8.330023777609139e-06,2.1044351590394416e-05
Gabpb2,4.4560685,0.6771557,8.347629495162661e-06,2.1084934123817767e-05
Lonp1,4.4552407,-0.2931048,8.379919377592791e-06,2.116258494710645e-05
Dclre1b,4.454015,1.0291553,8.427937189659582e-06,2.1279918956535224e-05
Acyp2,4.4530516,1.1963311,8.465832600779482e-06,2.137165604867259e-05
Bahd1,4.4522624,0.84371156,8.49702507572673e-06,2.144644110567793e-05
Rbbp8,4.4509444,0.52496845,8.54933798629772e-06,2.1574496579188282e-05
Ankrd37,4.450555,0.9208763,8.564863981126568e-06,2.160968910367266e-05
Slc30a6,4.4499125,0.08924362,8.59052856325081e-06,2.167044421738698e-05
Srsf11,4.448795,0.15496974,8.635352032148906e-06,2.177949816297239e-05
Baiap2l2,4.4463,0.29805073,8.736194310178845e-06,2.2028219758281756e-05
Vps45,4.4462757,0.39392728,8.737189321310439e-06,2.2028219758281756e-05
Cpsf1,4.4461327,-0.24913093,8.74299571172127e-06,2.203879564198864e-05
Cadps2,4.4456472,0.43401384,8.762765034034534e-06,2.208455802440513e-05
Plekha2,4.445274,-0.29306236,8.777994858822148e-06,2.2118864878273976e-05
Tstd3,4.437806,0.08632117,9.088042351674146e-06,2.2895906256290335e-05
Ndufaf1,4.436796,0.09881062,9.13075805289779e-06,2.299928465157069e-05
LTO1,4.434379,0.4280387,9.233797536950827e-06,2.3254545362394582e-05
Taf8,4.434214,0.36184454,9.240881158369243e-06,2.3268099768127304e-05
Mavs,4.4322004,-0.39432508,9.32761454002339e-06,2.3482166574893195e-05
Lmnb2,4.429639,0.34087735,9.439111482827858e-06,2.375848509620301e-05
Senp7,4.429204,0.12499883,9.458145629486917e-06,2.3802013522862273e-05
Zfp335,4.425559,0.5807991,9.619286545338962e-06,2.420308068215461e-05
Oxr1,4.423529,0.2606358,9.710142885163462e-06,2.4422697067244866e-05
Rbx1,4.4194374,0.5371845,9.895815010146122e-06,2.4885117738828283e-05
Lrig3,4.4186807,-0.2669208,9.930523702763775e-06,2.496780872132646e-05
Gtpbp4,4.4144053,-0.004837816,1.0128808337782452e-05,2.5461664341760117e-05
Pin1,4.4121614,0.44143486,1.023437723466774e-05,2.572231367103131e-05
Ttpal,4.408353,-0.024466002,1.0415965916200991e-05,2.6173894506440383e-05
Pctp,4.40788,0.25913695,1.0438744517853112e-05,2.622631476789295e-05
Rom1,4.4049463,1.931532,1.0580997333814122e-05,2.6578827799395317e-05
Cog8,4.4031086,0.37347832,1.0671069173728985e-05,2.6800159954222933e-05
Zfp180,4.399953,0.50336593,1.0827431017874925e-05,2.7187866171399117e-05
Ganc,4.3993106,1.2819495,1.0859536357813222e-05,2.726347708703797e-05
Ikzf5,4.3992105,0.54543376,1.086453868383685e-05,2.7271029093514856e-05
Dtd2,4.3979764,0.35861233,1.0926483660251452e-05,2.7421483584866694e-05
Casp9,4.3970013,1.0141026,1.097566362303421e-05,2.7539853219264736e-05
Inpp5k,4.3968425,0.57208526,1.09837088355787e-05,2.7554984099530125e-05
Acaa1b,4.3948574,2.224232,1.1084542075111907e-05,2.7802845355310955e-05
Tmem35b,4.3944964,0.7492584,1.1102979563591362e-05,2.7843984143061045e-05
Smarcad1,4.3943577,0.21283032,1.111007067441401e-05,2.7856658685847374e-05
Ccdc85b,4.3885055,1.4289079,1.1413223833701991e-05,2.861151895983038e-05
Irf2bp1,4.387051,0.21263357,1.1489779103072958e-05,2.8798154185213108e-05
Jarid2,4.385835,-0.19448446,1.1554147887664178e-05,2.8954182218033283e-05
Ppp1r21,4.382782,0.40627494,1.1717347464649827e-05,2.9357773283086547e-05
Cnp,4.382321,0.052456923,1.17421758259009e-05,2.9414591393880715e-05
Asnsd1,4.3821945,-0.031241622,1.1748995918856413e-05,2.9426285566000265e-05
Lrrc57,4.380811,0.71858335,1.182382410291836e-05,2.9608275884894447e-05
Eif2s1,4.3782964,0.115018554,1.1961072726924432e-05,2.994647922751586e-05
Tmem223,4.3766093,0.2416102,1.2053978886035804e-05,3.01735605466849e-05
Bicdl2,4.3754916,0.22567333,1.2115920807815927e-05,3.0323063149136674e-05
Ythdc1,4.372309,0.4997995,1.2293919431949028e-05,3.0762918249204566e-05
Lamc2,4.371122,0.31981334,1.2360963602263188e-05,3.092502328228121e-05
Pspc1,4.3614635,-0.063333556,1.2919533611962337e-05,3.231655791907535e-05
Osgep,4.3610964,0.26139483,1.2941235620512273e-05,3.2364922661028774e-05
Calcoco1,4.358194,0.91980535,1.3114030599446468e-05,3.279107120998911e-05
Set,4.3566556,-0.19124252,1.3206478800896406e-05,3.3016197002241015e-05
Suco,4.3560476,0.4268254,1.3243187833544495e-05,3.310191804491335e-05
mt-Co3,4.3552217,0.101954244,1.3293233699567168e-05,3.32209376537977e-05
Edrf1,4.3539896,0.73175263,1.3368205307808758e-05,3.3402193967528735e-05
Rbbp7,4.3524885,-0.29417202,1.3460106719801763e-05,3.36256776385256e-05
Rcbtb2,4.3516765,0.35982794,1.3510054162032585e-05,3.374429053256541e-05
Dus1l,4.343856,0.29076517,1.4000347478906452e-05,3.4962518585472194e-05
Rest,4.3432846,0.16036916,1.4036811214255125e-05,3.504717789938631e-05
Sesn3,4.340845,0.44230622,1.419358570007001e-05,3.543214392998492e-05
Crcp,4.3407736,0.2995092,1.4198198637378844e-05,3.543719043003389e-05
Zxdb,4.3402066,0.57399803,1.4234889354387531e-05,3.55222831973083e-05
Siah1a,4.3354516,0.85737956,1.4546114988051556e-05,3.6292304773144504e-05
Armh3,4.334332,0.48084918,1.4620353684044838e-05,3.647087497798489e-05
Iba57,4.3332486,0.48027766,1.4692501957095775e-05,3.6644166380318204e-05
Mier2,4.3311048,0.6443658,1.4836306137666586e-05,3.6996077030012864e-05
Adsl,4.3310027,-0.08045517,1.4843180774624877e-05,3.7006471666908877e-05
Mafg,4.330546,0.9021618,1.4874016450609613e-05,3.707659040504675e-05
Agfg2,4.330193,0.4050971,1.4897873298149695e-05,3.712929056901715e-05
Ncor2,4.3281207,0.35161248,1.5038718581633208e-05,3.747348334617969e-05
Bop1,4.3239164,0.28173587,1.5328338949696807e-05,3.818820097232717e-05
Fnip2,4.3217807,0.5828822,1.547749706553573e-05,3.85457607669279e-05
Slc38a10,4.3210363,0.9231954,1.5529820350399634e-05,3.866902645515568e-05
Cluh,4.316406,-0.329538,1.5859033253598207e-05,3.947438655678112e-05
Actr10,4.3143086,0.13642022,1.601030056995636e-05,3.984365064497784e-05
Dcaf1,4.3140416,-0.0071863295,1.602967535884135e-05,3.988460890323061e-05
Srsf4,4.313791,0.2463343,1.6047887296482088e-05,3.9922659410477083e-05
Vrk2,4.3104086,0.16142231,1.6295311193292844e-05,4.053080766974893e-05
Acaa1a,4.3094907,0.75078803,1.636308963229685e-05,4.069198958386242e-05
Tmed5,4.305297,0.21681614,1.6676194751446148e-05,4.146308422291383e-05
Ehmt1,4.3048887,0.2731516,1.6706955341305646e-05,4.15320149595264e-05
Hpf1,4.303247,-0.18651949,1.6831314439213537e-05,4.183355597169122e-05
Proser1,4.3028693,0.57482696,1.6860018264085334e-05,4.1897283256653995e-05
Ube2e1,4.3027024,0.32289198,1.687275595621341e-05,4.1921318623041126e-05
Tm6sf2,4.3025613,0.60696226,1.6883481362868823e-05,4.1940346528107385e-05
Ywhaq,4.2964277,-0.40490285,1.7357254212605454e-05,4.310941724616411e-05
Mcrip2,4.29574,-0.40560436,1.7411133367794157e-05,4.3233893322403515e-05
Nup214,4.2957077,0.4231476,1.7413695387188195e-05,4.3233893322403515e-05
Cdc25a,4.2931967,0.8510738,1.761189137758012e-05,4.3718027698022895e-05
Zfp62,4.29276,0.7925709,1.7646564811771606e-05,4.3796147695277075e-05
Zfp24,4.2912855,0.76706475,1.7764190873451787e-05,4.4080078061051206e-05
Afg1l,4.2877626,0.6397755,1.8048190134038048e-05,4.476854708561043e-05
Cnot10,4.2868056,-0.18156628,1.812605928456927e-05,4.4953547463997965e-05
Emd,4.285319,-0.2912886,1.8247732569789122e-05,4.524709753252334e-05
Hspa14,4.285111,0.24976535,1.826481873801703e-05,4.528125385104838e-05
Lrrc20,4.284764,1.0520432,1.8293329558779774e-05,4.534371609866112e-05
Arfrp1,4.282069,0.19530515,1.8516324621604324e-05,4.5884029378735504e-05
Rsbn1l,4.282049,0.056257732,1.8518022533180347e-05,4.5884029378735504e-05
Ankrd16,4.2807393,0.7745642,1.862733940423943e-05,4.614653375959678e-05
Slc17a9,4.279793,0.08156754,1.8706729631434667e-05,4.633481755295582e-05
Med4,4.275513,0.2681956,1.9069737340715496e-05,4.7225399879443024e-05
Rbbp5,4.274836,0.77191484,1.9127793163254926e-05,4.7360595963699276e-05
Zfp644,4.274561,0.5306139,1.915144830947474e-05,4.7410582120214894e-05
Gabpb1,4.2736998,0.018210782,1.9225572353849577e-05,4.757685521876456e-05
Nisch,4.2731433,-0.43867156,1.927367011161592e-05,4.768725145220693e-05
Parp16,4.2722087,0.38564473,1.9354619097690473e-05,4.787887412462323e-05
Prepl,4.2713685,0.38551193,1.9427714396912638e-05,4.805100278129505e-05
Abcc1,4.2710605,0.10162575,1.9454569956265622e-05,4.810872407810712e-05
Dolk,4.2708054,0.14254308,1.9476828123809023e-05,4.815505778215303e-05
Mocs1,4.2707257,0.21985315,1.9483777634520114e-05,4.816353202314942e-05
Zfp652,4.2693467,0.14133716,1.960461169299752e-05,4.845347278180754e-05
Eif1b,4.266387,0.17388909,1.986639030673333e-05,4.90915951291251e-05
Pdik1l,4.264125,-0.037563212,2.0068708603060338e-05,4.958258177901538e-05
Pdrg1,4.261661,0.049808394,2.029131982657013e-05,5.0123518538357395e-05
Xrcc4,4.2613873,0.44609475,2.0316157827516427e-05,5.0174535523650494e-05
Vps13a,4.261353,-0.158606,2.031931098573868e-05,5.0174535523650494e-05
Zfp946,4.259968,0.27143478,2.0445633520868823e-05,5.047734941286896e-05
Pum3,4.258738,0.07747282,2.055844344350645e-05,5.0746699294214926e-05
Zfp84,4.2584543,0.35161108,2.0584531643507018e-05,5.080192568578929e-05
Fxr2,4.257673,0.06181524,2.065657813693736e-05,5.0970535189934757e-05
Taf11,4.2540236,0.4773609,2.0996300274218745e-05,5.179945990437332e-05
Clpb,4.2531734,-0.028114133,2.1076247443128663e-05,5.1980783278809835e-05
Gmpr2,4.253161,-0.11856259,2.10773998742962e-05,5.1980783278809835e-05
Epb41,4.2488265,-0.030559829,2.1489347562862995e-05,5.2987166953146674e-05
Xiap,4.2481346,1.2686418,2.1555770089113273e-05,5.314136577764991e-05
Cbfb,4.2478085,-0.07115528,2.1587187799937675e-05,5.3209227318700015e-05
Hnf1b,4.246664,-0.16643773,2.1697690861403064e-05,5.347196297165019e-05
Acad10,4.2440367,0.57439077,2.1953435627867402e-05,5.409247427226788e-05
Ap4m1,4.2429476,0.03529922,2.2060305629084167e-05,5.434600603093604e-05
Cnot4,4.2368526,0.4432121,2.2667493984942237e-05,5.583176877595193e-05
Tsfm,4.2305207,-0.29260013,2.3315080829420966e-05,5.741648304381987e-05
Clasrp,4.227967,0.5706724,2.3581235928053264e-05,5.806146944834864e-05
Clec2d,4.223714,-0.35115293,2.403090061001694e-05,5.915797764932163e-05
Pigu,4.223265,0.18351829,2.4078820217971446e-05,5.9265274744557145e-05
Dnajc19,4.2209153,0.35236633,2.4331232764726003e-05,5.987576175231745e-05
Maco1,4.2187166,0.48588443,2.4569709660530693e-05,6.0451741563108535e-05
Cfap97,4.2152343,0.34908533,2.4951888887851127e-05,6.138101826612056e-05
Yeats2,4.213943,1.0849171,2.5095042955149043e-05,6.172207057763727e-05
Cnpy3,4.213633,0.31077817,2.512953416349126e-05,6.179578847073242e-05
Fam168a,4.213564,-0.04988068,2.513725547130219e-05,6.180366209458062e-05
Il13ra1,4.2124357,-0.40353042,2.526315756545345e-05,6.209088420337454e-05
Chm,4.2114997,0.062148716,2.5368113903239225e-05,6.23376383875645e-05
Sympk,4.211265,-0.253665,2.5394475055504338e-05,6.239120488394212e-05
Cox19,4.2077484,0.6357588,2.579279976327391e-05,6.335845819342028e-05
Tnfrsf10b,4.206922,0.4357389,2.588723196612711e-05,6.357900451450938e-05
Vps18,4.2063837,0.6317301,2.59489647069572e-05,6.371917621972342e-05
Dusp8,4.2035136,1.1200088,2.6280340732148065e-05,6.452130332354125e-05
C2cd3,4.202192,0.2472821,2.6434307369260186e-05,6.488765989492606e-05
Ergic2,4.1986423,0.6231957,2.68519919119215e-05,6.590111080321725e-05
Tm2d1,4.1973696,1.2034882,2.7003305351833586e-05,6.624869047117407e-05
Mis18a,4.193706,0.38422,2.744335472207015e-05,6.731621091019e-05
Ecsit,4.193055,-0.04101614,2.7522224627628098e-05,6.749756488214028e-05
Ciapin1,4.189757,0.07110944,2.7925339598231895e-05,6.847391411257328e-05
Kat14,4.1863503,0.0026629546,2.8347556526019653e-05,6.949674354487607e-05
Ctnnbip1,4.1850204,0.24786255,2.8514039595111314e-05,6.988425796517666e-05
Nsun3,4.1849856,0.20864658,2.8518392820053467e-05,6.988425796517666e-05
Itih5,4.1849656,-0.38122144,2.8520953835733157e-05,6.988425796517666e-05
Lrig2,4.1845922,0.4597144,2.8567859050129913e-05,6.998664860453719e-05
Tbc1d12,4.1802635,0.5977698,2.9117137240263237e-05,7.131951491323657e-05
Snrpd2,4.179982,-0.324454,2.9153203920040407e-05,7.139506869744853e-05
Faim,4.178134,0.37748665,2.9391046193391885e-05,7.196464757289778e-05
Med7,4.1773386,0.3376705,2.9493995459094292e-05,7.220379303671938e-05
Ss18l2,4.176949,-0.17585668,2.954453914780358e-05,7.231458257494433e-05
Auts2,4.175425,-0.20839792,2.9743006984934844e-05,7.27873336648146e-05
Nsmce1,4.175066,-0.07226296,2.9789951919167476e-05,7.288917382261858e-05
Bnip1,4.1744094,-0.0126831075,2.9876022150801633e-05,7.308669103975176e-05
Cpsf6,4.1741786,-0.31348428,2.99062829070663e-05,7.314763347417844e-05
Cacybp,4.16767,0.1921896,3.0772939884354626e-05,7.525392577227281e-05
Stat2,4.164616,0.3845604,3.118769184883846e-05,7.625454783351795e-05
Slc20a2,4.162254,0.4637013,3.151215990581534e-05,7.703410559743024e-05
Atf6b,4.1595817,0.47964954,3.188308410203868e-05,7.791300484191905e-05
Foxp1,4.159339,-0.38316804,3.191698350079284e-05,7.79819098397967e-05
Brwd3,4.158833,0.28619176,3.1987741069993074e-05,7.814082871242502e-05
Nr2c2ap,4.158668,0.29522577,3.201088367522536e-05,7.818339600977083e-05
Zfp746,4.1584516,1.3891938,3.2041193090779375e-05,7.824344919935857e-05
Ints11,4.1583047,-0.03560432,3.206179616635111e-05,7.827978264146607e-05
Phtf1,4.156983,0.63221127,3.224779111171239e-05,7.871983995941931e-05
Dalrd3,4.156173,0.32847726,3.236224763385286e-05,7.898513945974263e-05
Atat1,4.1550045,0.85934395,3.252812630599653e-05,7.937582570208825e-05
Bap1,4.154052,0.66449755,3.266391597995868e-05,7.969296182443086e-05
H2-Q1,4.153929,0.7402182,3.268140117920004e-05,7.971429010681259e-05
Pou2f1,4.153909,-0.18661036,3.268431624342948e-05,7.971429010681259e-05
Eif3a,4.1511755,-0.12694937,3.3077176994278034e-05,8.065805909357206e-05
Pkdcc,4.149405,0.03609777,3.333404644285928e-05,8.12699385106259e-05
Tasor,4.14854,0.6792193,3.346020962791873e-05,8.156298870976624e-05
Dusp16,4.1468,0.04968318,3.371539920727219e-05,8.217039461048783e-05
Sectm1a,4.1465473,0.89556664,3.3752649477835016e-05,8.224652202590767e-05
Phlda1,4.145907,0.419324,3.384715168342148e-05,8.246210569584692e-05
Clint1,4.1414785,-0.28701046,3.450744993941056e-05,8.405582079113633e-05
Nmnat1,4.1370683,1.0319239,3.51771565520274e-05,8.567188171842826e-05
Brpf1,4.1367664,0.27704784,3.522344994930422e-05,8.576935150582892e-05
Uri1,4.136505,0.30133745,3.5263534131805427e-05,8.584859198799138e-05
Afmid,4.1364727,1.1244777,3.5268547699344464e-05,8.584859198799138e-05
Uba6,4.134598,0.36641863,3.555765320239064e-05,8.653691182464709e-05
Pphln1,4.134329,0.19947273,3.559936306450442e-05,8.662300532154767e-05
Pofut2,4.132556,0.24178955,3.587511491096897e-05,8.727845515166352e-05
Cnot6,4.1307817,-0.123770714,3.615321499644849e-05,8.793938368488672e-05
Gnb5,4.1272464,0.22747557,3.671328891450507e-05,8.928583067861584e-05
Poc1b,4.1270056,-0.1612305,3.675172239658547e-05,8.93634074988098e-05
Exosc5,4.1265774,0.19062369,3.6820215468323146e-05,8.95140349385456e-05
Myadm,4.1255064,-0.38724595,3.69919787545201e-05,8.991562557199828e-05
Nabp1,4.1251802,0.7150429,3.704447672554565e-05,9.00272292912452e-05
Txnrd2,4.124764,0.6153354,3.7111514228199475e-05,9.017412172541361e-05
Zfp280d,4.1241665,0.3546749,3.7208000018812006e-05,9.039250315460191e-05
Ern1,4.1217737,0.35933548,3.759666289434289e-05,9.132049113323961e-05
March5,4.1158905,0.51531047,3.8568702551137384e-05,9.366489209497492e-05
Bcl7b,4.1133714,0.67867136,3.899220743117281e-05,9.46765690023594e-05
Sgf29,4.113033,-0.24091826,3.904946734601698e-05,9.479876903191589e-05
Arg2,4.110718,0.15748459,3.944311703156257e-05,9.573742019996773e-05
Lpar6,4.10386,-0.02841938,4.063137204407263e-05,9.860408388690208e-05
Zfp638,4.1010613,0.4161831,4.112598133860807e-05,9.978669176818051e-05
Kptn,4.09966,0.447113,4.1375787866791775e-05,0.00010037500427148795
Wdr18,4.095835,-0.09521663,4.2064921782753835e-05,0.00010202869907399054
Ccdc130,4.0956106,0.75639355,4.2105687293913565e-05,0.00010210946510804539
Tmem117,4.0948806,-0.0828947,4.223862015572263e-05,0.0001024136756435296
Cers5,4.0940056,-0.24446025,4.2398441262163456e-05,0.0001027829612232025
Rab12,4.0921755,0.42487296,4.273446848469939e-05,0.00010357920179515495
Rras,4.0909557,0.35805908,4.295988857068808e-05,0.00010410711965340413
Emg1,4.090503,-0.42312115,4.304385970019588e-05,0.00010429212994333429
Sbk1,4.090336,0.40054646,4.307491542269383e-05,0.00010434888722858071
Zmym2,4.0884104,0.407638,4.343396921515782e-05,0.00010520005827440368
Plekhg2,4.0882635,0.5079053,4.346147088594751e-05,0.00010524802804415304
Rad17,4.0878716,0.20821139,4.353488945413128e-05,0.00010540715532670773
Cyb561d1,4.086521,0.8144481,4.378893371480743e-05,0.00010600348177553401
Hcfc2,4.084655,0.70182526,4.414238323326178e-05,0.00010684019304687697
Fkrp,4.081558,1.3793558,4.4734737364647635e-05,0.000108254739596807
Pnkp,4.0798573,0.64277166,4.506338184282558e-05,0.00010903074074675155
Pfdn4,4.071908,-0.04142387,4.662960648340445e-05,0.00011280025980197344
Ccm2,4.070835,0.11156975,4.684492067444538e-05,0.00011330107715299621
Sh3bp5l,4.0683384,0.28464815,4.7349611013560884e-05,0.00011450149082412823
Baz1a,4.0680566,0.36502552,4.740683467490734e-05,0.00011461960116325281
Pycr2,4.063396,0.38398257,4.83639267334506e-05,0.0001169129747357145
Ulk3,4.0597773,0.9230756,4.911958382100195e-05,0.00011871868305977405
Pole4,4.058264,0.493527,4.94389559415593e-05,0.00011946946854582495
Slc22a4,4.0554957,3.5042892,5.002813496082079e-05,0.00012087186317830817
Zbtb24,4.054741,0.57764214,5.018993173264276e-05,0.00012124135602259136
Eif2d,4.053737,-0.10708027,5.0405846077880895e-05,0.00012174142442865087
Smc3,4.05163,-0.092950635,5.086204655866301e-05,0.00012282155865967097
Hmces,4.047791,0.14344816,5.17032648806002e-05,0.00012483088757807339
Zdhhc6,4.043548,0.23344736,5.2648319242502315e-05,0.00012709016163128315
Cpq,4.0389056,-0.08595336,5.370117374084561e-05,0.000129608815902941
Usp1,4.036466,0.21819918,5.426239642767345e-05,0.00013091712617297713
Bloc1s5,4.035189,0.31432974,5.455835778293557e-05,0.0001316079630766703
Ppl,4.032629,1.5922643,5.515631142310564e-05,0.00013302690629823097
Polr2b,4.0318213,-0.23062128,5.534627341738741e-05,0.00013346152159809078
Tsnax,4.0306506,-0.21959966,5.562272296060975e-05,0.00013410450220139957
Rnf113a2,4.030265,0.9929455,5.571403493598992e-05,0.00013430097439620344
Dbr1,4.0288615,0.4188507,5.604763058369242e-05,0.0001350813091702492
Cfap20,4.028166,-0.28185713,5.621367424283647e-05,0.00013545762031203325
Nol12,4.0222545,0.045510173,5.764373037527276e-05,0.00013887914250913582
Cask,4.021889,0.4778528,5.773318074107592e-05,0.00013907015089558098
Ankrd44,4.0189786,1.0759962,5.845100137069461e-05,0.0001407744705431928
Fbxl4,4.018403,0.5908355,5.859385181742606e-05,0.000141093665012027
Exosc7,4.0130224,-0.3102596,5.9946269818899955e-05,0.00014432486615729875
Unc119b,4.0126634,0.76396024,6.003754327408016e-05,0.00014451916991252355
Gnl2,4.007313,0.01077859,6.141352045748443e-05,0.000147805331266473
Urm1,4.005536,0.35839328,6.187699663389408e-05,0.00014887095960832577
Plekhh3,4.005532,0.8967391,6.187806467376407e-05,0.00014887095960832577
Lpar5,4.005483,0.29158404,6.189088251362761e-05,0.00014887560569460995
Snapc1,4.003998,0.3563031,6.228088704919643e-05,0.00014978739542697173
Gch1,4.0029006,-0.017482735,6.257059848653756e-05,0.00015045769901589608
Tfdp1,3.9913511,-0.29228348,6.56979365284842e-05,0.00015794994409757762
Gnl1,3.991292,0.5692872,6.571432865899566e-05,0.0001579615827758421
Agps,3.9911,-0.1597013,6.57674883832525e-05,0.00015806158236221051
Nt5m,3.9879508,0.3395191,6.66465108958387e-05,0.00016014602644536885
Chpf2,3.9877427,0.23383522,6.670497082643246e-05,0.00016025834083827545
Fam193b,3.9850664,0.45340332,6.74612655992835e-05,0.00016204686581243667
Lhpp,3.9849665,0.37451473,6.748966794329872e-05,0.00016208661909459257
Ube2o,3.982847,0.9234818,6.809458392188668e-05,0.00016351069975975422
Elp4,3.9825165,-0.12817313,6.81893629726439e-05,0.00016370953979124043
Galnt6,3.9816558,-0.07942125,6.84368429792093e-05,0.00016427485127974145
Fhl1,3.9783309,-0.15887389,6.940075297553725e-05,0.00016655937117242398
Pdxdc1,3.977631,-0.454672,6.960521728229576e-05,0.00016702076615816714
Ormdl2,3.977413,0.15184228,6.966911714221479e-05,0.00016714476788066445
Unc45a,3.9764664,0.5327081,6.994685831132391e-05,0.00016778166767362823
Polg,3.9762135,0.96689385,7.00212594287902e-05,0.0001679306774269916
Npm1,3.974857,-0.43094152,7.042154451820289e-05,0.00016886105931727589
Tm9sf2,3.9740798,0.24131908,7.065185521181593e-05,0.00016938361150448504
Gmppb,3.973825,0.3039929,7.072757157271142e-05,0.00016953541476894454
Tbce,3.9713914,0.23336725,7.145408112036062e-05,0.00017124685582210506
Dcaf5,3.964462,0.802935,7.356163962311806e-05,0.0001762669391705168
Tpst2,3.96436,0.5068985,7.359309514763448e-05,0.00017628656437237834
Itpr2,3.964352,-0.13356848,7.359561213907919e-05,0.00017628656437237834
Phf1,3.9632933,1.4640825,7.39228832885527e-05,0.00017703947967967742
Ing2,3.9624386,0.8262592,7.418810005459044e-05,0.00017764354197978013
Hnrnph1,3.9618042,-0.3417736,7.438553704376379e-05,0.00017808512238681195
Tdg,3.9601214,0.71532524,7.491169495671166e-05,0.00017931339550726974
Utrn,3.958167,-0.14642753,7.552709206131191e-05,0.00018075480992972356
Ctdspl2,3.9576387,-0.094699316,7.569428681718574e-05,0.00018112324973316098
Nfu1,3.9572492,0.19632104,7.581780903521212e-05,0.00018138707812395482
Xylt1,3.9567087,1.0840188,7.598950374373618e-05,0.00018176604227664725
Tmem260,3.9550421,0.24908668,7.652115877271471e-05,0.00018300574435412272
Kctd12,3.9537244,0.21769921,7.694402513153283e-05,0.00018398488261474233
Ntpcr,3.953649,0.37696418,7.696831180859855e-05,0.0001840107804165359
Alg11,3.953286,0.28693476,7.708525176288262e-05,0.0001842581398107708
Slc25a25,3.950436,0.8303912,7.800888372661037e-05,0.0001864333248796569
Spns1,3.9498813,1.0297204,7.81899302774456e-05,0.00018683335602727043
Bola1,3.9487188,0.3505825,7.85706186092235e-05,0.0001877102043118678
Thoc2,3.9456244,0.019145988,7.959233955276242e-05,0.00019011794644262464
Kat8,3.9436314,0.15093751,8.025699846565239e-05,0.00019167210164474266
Supt7l,3.9435701,0.09700046,8.027749043630062e-05,0.00019168756446942745
Tjap1,3.9412937,0.47319412,8.104331545923469e-05,0.00019348242648481746
Mfap3l,3.9387522,-0.19260369,8.190650698778259e-05,0.00019550907367043584
Fbxl20,3.935425,0.9091043,8.304955212627344e-05,0.00019820290145319182
Fubp1,3.9350295,-0.28356555,8.318651099554303e-05,0.00019849512089758348
Kmt2b,3.9345398,0.7218411,8.335624003366502e-05,0.0001988654191312577
Vnn1,3.9325082,1.6204748,8.406411919189698e-05,0.00020051924471466793
Mkks,3.932039,0.43125865,8.422839074113531e-05,0.00020087604523631416
B4galt7,3.9317534,0.7007084,8.432853059225507e-05,0.00020107980049678955
Golga1,3.9308865,0.7184106,8.463321620414802e-05,0.00020177113521473573
Gtpbp6,3.930197,1.14917,8.487627322077212e-05,0.00020231532792296648
Kdm1a,3.9291935,-0.16288972,8.523125133951411e-05,0.0002031260651913307
Tmem42,3.9291506,1.5600182,8.524643401805173e-05,0.00020312684878844004
Fut11,3.9286304,0.74867445,8.54309991619562e-05,0.0002035311696062284
Zfp386,3.9285161,0.30886978,8.547158164990957e-05,0.000203592384438689
Bod1l,3.9275005,0.6875152,8.583327807389291e-05,0.00020441833466744783
Tmem69,3.9261703,0.2446,8.630901101848853e-05,0.0002055155364230943
Ubiad1,3.9246712,0.20473355,8.684829206718903e-05,0.00020676364798377612
Trnau1ap,3.92001,0.022930592,8.85452380566792e-05,0.0002107669504656376
Pcca,3.919741,-0.4503774,8.86442181870747e-05,0.00021096583426875157
Tcn2,3.9192064,-0.35811812,8.884098846400076e-05,0.00021139734074216297
Zbtb41,3.9189332,0.5047021,8.894178611479587e-05,0.00021160036971465442
Ctbs,3.9168606,0.8028288,8.970956546995208e-05,0.00021338986046296653
Atf7ip,3.910686,-0.41864958,9.203431653163626e-05,0.0002188816136643697
Zkscan6,3.9075365,0.74775845,9.324191758245835e-05,0.0002217150448513507
Rad50,3.9058802,0.004287835,9.388299215521223e-05,0.00022320061156511252
Ncl,3.9027104,-0.35705605,9.512149895772175e-05,0.0002261057705974005
Tecpr1,3.9012315,0.28767258,9.570457264800667e-05,0.0002274522125411003
Ahr,3.9003015,0.309609,9.607303303844e-05,0.00022828822359698817
Rab11fip3,3.899663,0.6787399,9.632672034805596e-05,0.00022885126837381256
Rdh13,3.8993182,0.091127425,9.646395810884628e-05,0.0002291375068852654
Bicdl1,3.8972375,2.0360508,9.729618463662028e-05,0.00023107421412049017
Sec14l1,3.8947551,0.15478437,9.82980144713359e-05,0.00023341297931854808
Psmg4,3.8943553,-0.16463834,9.846026864713273e-05,0.0002337576690537396
Tgfbr2,3.8901062,-0.1683235,0.00010020032740759361,0.00023784750517251218
Ndufaf2,3.8867774,-0.08429466,0.0001015838768532071,0.00024108981533627335
Phc1,3.8853128,0.8238535,0.000102198265219712,0.0002425058609889921
Extl3,3.884968,0.010251219,0.0001023433865794811,0.0002428080866541298
Rmnd1,3.8847945,-0.0017716144,0.0001024164501060182,0.00024293928104072835
Tonsl,3.8838747,0.2656442,0.0001028049408967274,0.00024381851660817679
Kdm1b,3.8795543,0.09939482,0.00010464805936437524,0.0002481467334502916
Vma21,3.8790648,0.3343147,0.00010485886726505693,0.0002486035037880814
Bag3,3.8785832,-0.4729817,0.00010506655244555392,0.00024905271358865484
Map3k4,3.8780305,0.54399747,0.00010530551719009476,0.00024957590079281554
Mbnl3,3.8772085,-0.24313827,0.00010566182670713514,0.00025037696763473803
Brwd1,3.8758478,0.5410432,0.00010625405076210046,0.0002517366847144359
Agmo,3.875293,0.6100836,0.0001064964553646839,0.00025226728340759614
Ap5s1,3.874167,0.22566444,0.0001069899991076012,0.00025339249009290725
Usp30,3.8733919,0.19995975,0.0001073310108869401,0.000254156116688988
Mesd,3.8723252,0.048755612,0.00010780202817695271,0.0002552272741204689
Msh3,3.8704321,0.2754369,0.00010864259531167915,0.0002571728389972672
Srsf10,3.8701997,0.1755373,0.00010874628008046111,0.0002573737244894956
Cwf19l2,3.8701546,0.20261218,0.00010876630016580115,0.00025737656251381393
Exo5,3.8698997,0.21997422,0.00010888011667592363,0.0002576013141078297
Dusp18,3.8694694,0.5690793,0.00010907249391331245,0.0002579758334137383
Dnajc25,3.8694613,0.23148243,0.00010907614397062047,0.0002579758334137383
Dennd2d,3.8688002,-0.024800828,0.00010937218163186391,0.00025863126125120854
Sumo2,3.8686433,0.071839534,0.00010944264765700798,0.00025875314777136656
Rcn2,3.8684924,0.5257481,0.00010951040861236542,0.0002588685977137592
Ctdspl,3.8656814,1.3820587,0.00011077948163721316,0.0002618232650170913
Sp4,3.8637211,0.96823627,0.00011167271511438222,0.0002638887816120921
Gnpda2,3.862234,0.48150247,0.00011235483559317849,0.0002654547990215473
Socs2,3.8616874,0.34848714,0.00011260658797782471,0.0002660036432193389
Tsc22d1,3.8611264,-0.16632761,0.00011286546905158299,0.00026656913459074217
Rnaseh2b,3.8608143,-0.21359707,0.00011300974401938583,0.00026686379717926113
Aldh1l1,3.8595395,-0.10210034,0.00011360091124360932,0.00026821347742685733
Cables2,3.8588295,0.2808152,0.00011393133613106751,0.00026894718135548907
Zmynd8,3.8577096,0.12387282,0.00011445445355830218,0.0002701354249930587
Lig4,3.8552496,0.28197348,0.00011561156168390672,0.0002728193453024028
Nat9,3.85507,0.3467668,0.00011569642457629659,0.0002729686517206212
Nup88,3.8550315,0.28720692,0.00011571475495608346,0.0002729686517206212
Lars,3.8515677,0.05443773,0.00011736401744534986,0.00027681147612369084
Reep6,3.851215,-0.45399937,0.00011753329050355473,0.0002771629156123661
Srrt,3.8496158,-0.27515948,0.00011830329062346939,0.0002789306033234386
Fem1a,3.8486753,0.3100184,0.00011875827685220909,0.0002799550829088018
Gtf2a2,3.8477125,0.14450121,0.00011922582878764772,0.00028100882603775986
Pmf1,3.8465784,-0.060034323,0.00011977881558186446,0.0002822635366331202
Sprtn,3.842974,0.5321871,0.00012155233832895943,0.00028639356075956586
Zbtb7c,3.84083,0.43958458,0.00012261892988370133,0.0002888568244891672
Uck2,3.8392494,-0.2060807,0.00012341107223766366,0.0002906728234326646
Zup1,3.8373134,0.4995706,0.0001243876341143794,0.0002929224894978712
Ttc13,3.8369749,0.119023524,0.00012455920204536522,0.000293276013769003
Oat,3.8351636,-0.32408988,0.0001254807818367165,0.00029539502351817834
Asb6,3.8332176,0.81046915,0.00012647801695076172,0.0002976913738040734
Nif3l1,3.8329706,0.4426397,0.00012660503313894082,0.00029793905148425674
Ccs,3.8318284,-0.1664387,0.0001271944440424594,0.00029927460810059053
Ocrl,3.830217,-0.0641881,0.00012803033342535694,0.00030118954233472497
Dgcr8,3.8292134,0.24060076,0.00012855352592908826,0.00030236832939117337
Med16,3.82833,0.90199983,0.00012901564423890315,0.0003034030842591574
Parp2,3.8268838,-0.1442928,0.00012977570496708172,0.00030513802706754514
Usp39,3.8263433,-0.17518127,0.00013006087153195997,0.000305755959807384
Med23,3.8246503,0.648991,0.0001309578606628175,0.0003078117470890391
Oxnad1,3.8211765,0.4426979,0.00013281659217715053,0.00031212698024102656
Thumpd1,3.82084,-0.021047242,0.0001329979955552858,0.00031249958577638025
Tex10,3.8207316,0.21566263,0.00013305631403882928,0.00031258290576893837
Slc13a1,3.8195221,0.9491076,0.000133710465917546,0.0003140657199282792
Ndufaf5,3.816593,0.049764644,0.0001353071258433356,0.0003177614538738819
Mecp2,3.814643,-0.03809443,0.00013638002453697948,0.00032022610500398257
Zswim4,3.8144777,1.0132129,0.00013647129648264403,0.0003203854041888682
Mbnl1,3.813988,-0.049027864,0.00013674206984147904,0.00032096598096159043
Riok2,3.8117993,0.12382613,0.00013795885368640998,0.00032376648775727756
Slc25a12,3.8014002,-0.14656578,0.00014388063456965405,0.00033754806617601976
Nudt12,3.7993543,0.66878104,0.0001450735415607733,0.00034028828144829756
Htatsf1,3.799026,-0.07937489,0.0001452658904348496,0.00034068102412906334
Rusc1,3.7988954,0.45171326,0.00014534241878461416,0.0003408020536487652
Pex12,3.7987382,0.4713788,0.00014543454227005485,0.0003409596032132693
St7,3.7983384,0.16334175,0.0001456692865880984,0.00034145140454100887
Zfp317,3.798104,0.27358368,0.00014580718525866794,0.0003417160682797402
Osbpl8,3.795756,0.38467702,0.0001471941596354433,0.0003449074936625578
Cspp1,3.794059,0.381955,0.000148204458740277,0.00034721534577236387
Slc35e2,3.793394,-0.14147198,0.00014860209855409393,0.00034808730690771405
Rin2,3.7933247,0.17237504,0.00014864362798588007,0.0003481249550791077
Spryd3,3.792586,0.5877019,0.00014908647234160676,0.0003491023132314165
Zdhhc16,3.7915888,0.4843728,0.00014968665173607746,0.00035044769089040564
Tmem60,3.7897773,0.10247841,0.0001507823683061397,0.00035295256531777823
Skil,3.7855039,-0.47317585,0.00015339741544885912,0.00035901243475323436
Fbrsl1,3.7829869,0.71228117,0.00015495765168680695,0.00036260196557444987
Cln6,3.7796006,-0.061760925,0.0001570800826146112,0.00036750558250723837
Phf13,3.7742991,0.05224749,0.00016045812453754107,0.00037534465498646497
Wwc1,3.774232,0.1880501,0.00016050145243858097,0.00037538179615146137
Rapgefl1,3.769316,-0.08050768,0.00016369563222607826,0.0003827868964930951
Tmem106c,3.768661,-0.22462511,0.00016412556703595955,0.0003837112070336612
Fbxl8,3.7686284,0.38318717,0.00016414702458112746,0.0003837112070336612
Tmem175,3.768408,0.29939428,0.0001642919320626788,0.00038398430541055083
Tubg1,3.7682042,-0.17865261,0.00016442621296265566,0.00038423247817230284
Oas1g,3.7671087,1.1735932,0.00016514906924366076,0.0003858557187608168
Elf3,3.766868,0.01142648,0.00016530830933288846,0.00038616179195887423
Mapk9,3.765377,-0.25182652,0.00016629801200748854,0.0003884073978142452
Cfap298,3.7638714,-0.025041765,0.0001673028448090082,0.0003906875687778667
Arhgef12,3.7638104,-0.1527249,0.00016734381223469096,0.0003907165156751578
Apopt1,3.7634146,0.018266352,0.00016760896283834733,0.0003912687891455104
Anks3,3.7632189,0.9900372,0.0001677403175106024,0.00039150859224398155
Zranb1,3.7631738,0.19848572,0.00016777043325894744,0.00039151206054882355
Thtpa,3.7625232,0.83884573,0.00016820768358523654,0.0003924654620419911
Dlg5,3.7605283,0.52228755,0.00016955490980131085,0.0003955413496303183
Ankhd1,3.7596674,0.34072986,0.00017013935730193593,0.00039683706483096946
Atad2b,3.7595103,0.14009236,0.00017024620240990788,0.0003970185569501177
Champ1,3.7588027,0.062189456,0.00017072848273459173,0.00039807536255678463
Ugt2b5,3.7579641,0.3953984,0.00017130137630661361,0.0003993430482429153
Habp4,3.7572727,0.50306153,0.0001717752692123672,0.0004003795477210025
Etv6,3.7572136,-0.29240793,0.00017181586592493537,0.00040040592476542114
Vps8,3.7568505,0.20399687,0.00017206524349597563,0.00040091876040338506
Emc6,3.7497375,0.052771114,0.00017701971533564748,0.0004123926077027222
Esrp2,3.7484608,0.30451447,0.00017792324449924545,0.00041442690657931896
Acvr1,3.747557,0.007876255,0.00017856526121909634,0.0004158514896408621
Tspan14,3.7471328,-0.049556173,0.000178867455653391,0.0004164843276111224
Usp45,3.7451909,-0.09800837,0.00018025672372671146,0.0004196477182435783
Tasor2,3.7439995,-0.01833583,0.00018111397789613088,0.00042157168471993015
Dcp1a,3.7438507,0.23419774,0.00018122140377618205,0.000421749948372922
Thap3,3.7420638,0.29235306,0.0001825151958281189,0.00042468866818947185
Grhl2,3.7411826,0.2658536,0.0001831564227069533,0.00042610821376617666
Ap3s2,3.7404768,0.34525225,0.00018367152474443502,0.0004272339004728948
Srprb,3.7402015,0.6788899,0.000183872872962481,0.0004276295132248176
Kdm4b,3.7318993,0.7508984,0.00019004148196180736,0.0004419005723223458
Pias3,3.7305102,0.7166428,0.00019109243028828647,0.00044426878343970037
Snrnp48,3.7296636,-0.14578019,0.00019173555198834217,0.0004456881987830323
Tapt1,3.7283235,0.55051297,0.00019275785962291956,0.0004479883974071083
Tysnd1,3.7257144,-0.012131743,0.00019476272332301638,0.00045257098410233625
Pigh,3.725433,0.41591424,0.00019498020898746203,0.00045299938122724144
Rpia,3.724307,-0.3482612,0.00019585243582608252,0.0004549485408394222
Cyb561d2,3.7233403,0.955348,0.00019660433775116882,0.0004566175813089731
Cul5,3.7228017,0.18138602,0.00019702429375694836,0.00045751523469625893
Rad54l2,3.7194726,0.07877914,0.00019963915368412534,0.00046350856139735385
Ptprf,3.7151217,-0.26586178,0.00020310591075509932,0.00047147739425835734
Gadd45a,3.7134633,0.26201528,0.00020444210046652032,0.0004744985953631475
Zfp777,3.7123923,0.5310564,0.00020530933668931874,0.00047643054118894177
Stxbp6,3.7119558,-0.13704894,0.0002056638290700693,0.00047717218570295176
Shprh,3.7102811,0.5039249,0.00020702916174013123,0.0004801770330387203
Diaph2,3.710065,0.43701833,0.00020720606024986207,0.0004804321016829163
Ankle2,3.7100608,0.16094428,0.0002072093993218165,0.0004804321016829163
Exph5,3.7095182,-0.2170288,0.0002076539465302169,0.0004813812033905265
Zyg11b,3.7083392,0.16542743,0.00020862300741296216,0.00048354569938512836
Micall1,3.7038517,0.7597365,0.00021235046149836926,0.0004920183939325991
Fam13b,3.7003574,0.97998756,0.00021529600356396758,0.0004987587411040584
B3glct,3.700082,0.55968875,0.00021552976262979338,0.0004992157018906545
Osbpl6,3.6984115,0.5685966,0.00021695301726455375,0.0005024271822341698
Map3k21,3.6958046,0.5925064,0.00021919156073879834,0.0005075253290049216
Msto1,3.6950295,0.4989427,0.00021986133952566278,0.0005089242567852263
Odf2,3.6950192,0.11940531,0.00021987016519832666,0.0005089242567852263
Dok1,3.6945581,0.5457087,0.00022026943306695056,0.0005097621420190471
Rnf169,3.694187,-0.0708924,0.00022059146206473908,0.0005104210226286476
Zbtb11,3.6913087,0.4667787,0.00022310310949022604,0.0005161453260495417
Casp2,3.6893036,0.14894688,0.00022486873550034666,0.000520054110936452
Nfxl1,3.6885998,0.23169748,0.00022549151431996864,0.0005214062323851151
Mgat4a,3.6876984,-0.45033216,0.00022629175918291764,0.0005231681837407268
Smchd1,3.6875064,-0.027411211,0.00022646229039076572,0.0005234739386568157
Retsat,3.6853383,-0.5008794,0.000228399157749593,0.0005278618357657062
Zer1,3.6844468,0.48023933,0.00022919990594078612,0.0005296229661609075
Scnn1a,3.683331,-0.4691281,0.00023020592873566764,0.0005318577589897373
Stat5b,3.6831393,0.19253668,0.000230379226888748,0.0005321682310310184
Senp1,3.6830862,0.029920593,0.0002304271820320617,0.000532189108983017
Zbtb2,3.6816564,0.72890407,0.00023172366328739333,0.0005350930590096427
Lrrc49,3.6795492,1.3552502,0.0002336466518586503,0.0005394425061906201
Cbwd1,3.6778846,-0.0621685,0.00023517625866527485,0.0005428211527616004
Prpf38b,3.6778703,-0.07089174,0.00023518942084917608,0.0005428211527616004
Fbxl19,3.6770768,0.6295316,0.00023592194971418245,0.0005444199565206624
Nos1ap,3.6758387,1.2226526,0.00023706927405694252,0.0005469752526959151
Trmt10c,3.6757183,-0.007981392,0.00023718107195531553,0.0005471408837700641
Senp2,3.6750963,0.7336548,0.00023775979952499253,0.0005483834134768549
Stambpl1,3.6742966,-0.14782195,0.00023850555261231056,0.0005500106967914582
Gpc4,3.6716714,-0.46361572,0.00024096944191663846,0.0005555052458209762
Ppm1l,3.6693113,0.70436966,0.00024320481775577467,0.000560563944515459
Dmap1,3.6687014,0.0286121,0.0002437856542843513,0.000561771621042317
Mak16,3.668675,0.43650582,0.00024381093754194893,0.000561771621042317
Micall2,3.6626267,0.19321759,0.0002496421640547019,0.0005751106121037818
Siae,3.6608357,-0.22273304,0.00025139385974562103,0.0005790485147416822
Rad51d,3.655871,0.650515,0.00025631039213051024,0.0005902735958883003
Erich1,3.6520748,0.80835396,0.0002601301693198565,0.0005989695345090146
Spata13,3.6512995,-0.17485271,0.0002609166681753215,0.0006006793665484043
Tpra1,3.650865,0.12494593,0.0002613584960393788,0.0006015952589359544
Klhl12,3.6500716,0.4933987,0.00026216721324484447,0.0006033552071900451
Tspan17,3.6473281,0.6368618,0.0002649815367197199,0.0006095485794250234
Abcc5,3.6473238,0.64915425,0.000264985742597158,0.0006095485794250234
Maml1,3.647318,0.23308754,0.00026499205153065916,0.0006095485794250234
Trmt2a,3.646606,0.12152454,0.00026572695260490103,0.0006111362389626677
Sugp2,3.6463552,0.5313643,0.0002659864128861327,0.0006116300985737119
Praf2,3.6462286,0.23383068,0.0002661172877530848,0.0006118281624114719
Zbtb10,3.6460063,-0.055166356,0.00026634752057915514,0.0006122545543654306
Zxdc,3.6430995,0.22172748,0.0002693746737050864,0.0006191090189776565
Brcc3,3.6428485,0.3135992,0.0002696374711951134,0.0006196088755827887
Inpp4a,3.641939,0.87522256,0.00027059239608245357,0.0006216987594804355
Syt7,3.6401377,0.23285791,0.00027249233380678234,0.0006259587879737525
Mios,3.6359744,0.5607781,0.00027693188021098603,0.0006360502959162301
Tead3,3.635807,0.12600264,0.00027711165372551244,0.0006363563164897368
Eif4enif1,3.6354747,-0.14757796,0.0002774693332142924,0.0006370707071365763
Tbp,3.6322088,0.27948108,0.0002810055599607192,0.0006450815901398078
Dcaf17,3.6275315,0.73391885,0.00028614386152616696,0.0006567669194982097
Mtmr14,3.6243699,1.0754495,0.00028966692239588786,0.0006647415948588298
Helz,3.6219587,0.022925932,0.00029238080560047073,0.0006708569658702077
Zfp954,3.6209347,0.6484083,0.0002935405927256403,0.000673405067190594
Lbr,3.6194437,-0.4624361,0.00029523715460758987,0.0006771835104426017
Rbm18,3.6190133,-0.02682606,0.0002957285653754586,0.0006781969028189496
Uchl3,3.6171508,-0.28775358,0.0002978637494482756,0.0006829790029686735
Fbxo42,3.6167836,0.3773068,0.00029828640608770755,0.0006838334624055995
Il7,3.6148663,0.6306834,0.00030050275381063134,0.0006887990543681501
Dnmt3a,3.6131344,-0.032707974,0.0003025177866701123,0.0006933016143311188
Gtf3c4,3.613012,0.3697094,0.0003026606694786848,0.0006935128443567384
Trim62,3.6106722,0.59243715,0.00030540429397449314,0.0006996823119620025
Zfhx2,3.6100278,0.1831583,0.0003061642479935701,0.0007013058779417205
Ttc7b,3.6095953,1.7452987,0.0003066750826440315,0.0007023583579228153
Urb2,3.6086957,0.6677562,0.0003077402729957187,0.0007046798783014824
Zmat3,3.6068864,1.0719341,0.0003098932301793858,0.0007094910300859034
Utp3,3.6054015,0.18907227,0.00031167078569863387,0.0007134412444641477
Oxld1,3.604516,-0.058282766,0.00031273501936052774,0.0007157575547707476
Fcgrt,3.602776,-0.38210082,0.00031483662621245334,0.0007204469316357596
Naa25,3.6013749,0.14636634,0.00031653884969575245,0.0007242209753370278
Golt1b,3.5999184,0.027468326,0.00031831710027008123,0.000728167672498053
Ctsf,3.596781,1.0241808,0.0003221793760124402,0.0007368795730005219
Coq10a,3.5934296,-0.085243165,0.0003263537619107249,0.0007463022899881544
Psmg3,3.5923038,0.87750965,0.0003277675562758202,0.0007494100204099383
Wiz,3.5911388,0.01883161,0.000329236043567145,0.0007526417411870123
Bckdha,3.5905373,0.36340344,0.00032999712908789115,0.0007542555140024923
Zcchc17,3.5902128,-0.34489483,0.0003304080238165725,0.0007550684702024781
Rfesd,3.5895357,0.36811364,0.0003312675367248934,0.0007569061929344891
Manea,3.5886586,0.30901602,0.00033238387129575316,0.00075933001001828
Ndufaf4,3.5858681,-0.05454575,0.0003359588313264846,0.0007673688021362414
Zbtb42,3.5827513,0.6019872,0.0003399944355796424,0.0007764568982217118
Armc5,3.5826166,0.9685207,0.0003401697659721968,0.0007767275921973269
Taf1d,3.58239,0.18284541,0.0003404648305894376,0.0007772715456278062
Dhfr,3.581719,-0.10486513,0.00034134079872117035,0.0007791412823421807
Wdr36,3.5774333,-0.122739464,0.0003469846622831318,0.0007918831396069211
Unc13d,3.5773926,0.7818978,0.0003470388048017754,0.0007918831396069211
Dcaf6,3.5769153,-0.00080016867,0.000347672859662168,0.0007931975902369282
Ppp1r3b,3.5760767,-0.32109034,0.00034878914390461946,0.0007956116001494029
Zdhhc17,3.5732844,-0.018788379,0.0003525316030137692,0.0008040142880609228
Nop2,3.5715342,0.09449942,0.0003548962426195463,0.0008092723224649484
Sfxn3,3.5693862,-0.2203078,0.00035781857400487654,0.0008158000999527653
Rffl,3.5691333,-0.13249703,0.0003581641813258963,0.0008164519385950379
Adi1,3.5635033,-0.35936534,0.0003659380052757432,0.0008340337036909648
Slc35d2,3.5630832,1.3134574,0.00036652450726030734,0.0008352312342584075
Fbxo32,3.5616817,-0.1393169,0.00036848682194704006,0.0008394231701025775
Edn2,3.561382,0.2873856,0.00036890797959717743,0.0008402426084262827
Snapin,3.55954,0.070181295,0.0003715049798472248,0.0008460167526079599
Rhno1,3.5594115,0.15660669,0.00037168680222237477,0.0008462898801849776
Thap11,3.552637,0.13788907,0.00038139007182985983,0.0008682385936862549
Naif1,3.5520823,1.6847862,0.00038219519995239866,0.0008699266576812669
Psmb3,3.5512624,0.056377415,0.00038338804121454715,0.0008724964991860429
Gtpbp10,3.5509257,0.4301368,0.0003838786466463982,0.0008734676360881024
Slc31a2,3.5507605,0.08652288,0.00038411970397339063,0.0008738707289695752
Lsm1,3.550067,0.15839069,0.000385133093583929,0.0008760304482302443
Pold3,3.549402,0.14532818,0.00038610710129292886,0.0008780998852786965
Czib,3.548064,0.2239647,0.00038807404860336783,0.0008824264407467667
Surf2,3.547146,0.32275826,0.0003894287370646101,0.0008853595975658426
Ube2j1,3.5452428,0.43579102,0.00039225154896221936,0.0008916289780682098
Nrarp,3.544027,0.14932989,0.0003940647554841494,0.0008954528965180696
Bod1,3.5431602,0.3817003,0.00039536251014627273,0.0008982525878468649
Fitm2,3.5392783,0.41417286,0.00040122251900871243,0.0009114149414359041
Phip,3.538705,0.33979586,0.0004020946613666504,0.0009132443936537026
Klf16,3.5378547,1.4087417,0.0004033921729745311,0.0009160391838968304
Scyl3,3.5350845,0.5654258,0.0004076448028085091,0.0009255425333565269
Isoc2a,3.5344257,1.0372046,0.00040866243631431607,0.000927699006739421
Zfp827,3.532808,0.188565,0.00041117091000480625,0.000933238538475639
Pld3,3.5316331,-0.22900237,0.00041300196299118644,0.0009372389385835505
Ing5,3.527727,0.56598467,0.00041914447524743606,0.0009510205241428053
Psme2b,3.5269394,0.3304733,0.00042039288691140186,0.0009536948786518614
Smg5,3.5231392,0.17033713,0.0004264672246710731,0.0009673145293376886
Fiz1,3.5225723,0.43457392,0.0004273806432938793,0.0009692255882328026
Gyg,3.5214584,-0.3625796,0.0004291799431043402,0.000973144706010919
Slc25a4,3.5202794,1.0058047,0.0004310924014002177,0.000977319063187662
Klc2,3.5194309,0.48851067,0.00043247376272015115,0.0009802881991046025
Rida,3.5189168,-0.12433207,0.0004333125576212898,0.0009820267195013487
Wwox,3.5185027,0.40694484,0.0004339893577988451,0.0009833975920296946
Zfyve19,3.5179744,0.05502514,0.0004348542943127943,0.0009851942469727404
Smg8,3.5170135,0.73747194,0.00043643133538201885,0.0009886033644772416
Chordc1,3.5135643,0.19564953,0.00044213738318263373,0.0010013628213021723
Cfap36,3.5132012,0.23775959,0.0004427420536549628,0.0010025662499969557
Spg20,3.5124547,0.3625214,0.00044398779091096136,0.0010052207021038735
Clp1,3.5111878,0.1084919,0.0004461089474344365,0.0010098559602989437
Cstf3,3.5107188,0.3205299,0.00044689695841056875,0.0010114723446316663
Mzt2,3.5105963,0.14638495,0.00044710274004588764,0.001011770638776686
Cemip2,3.5103638,0.65395904,0.0004474939688210349,0.0010124884221753229
Ddhd1,3.5083423,0.6767045,0.0004509083999269817,0.0010200450569067784
Gatc,3.5067554,0.22320962,0.00045360597213266516,0.0010259777818250407
Irgm2,3.5063698,-0.33707008,0.0004542635648020574,0.0010272952288189407
Zswim5,3.5047746,0.48000166,0.00045699386469876067,0.001033298792949
Sec16b,3.5047054,0.57272154,0.0004571129200461267,0.00103339712045475
Kitl,3.50393,0.46889138,0.0004584455094712077,0.0010362384036394655
Nxt2,3.5028348,0.2852299,0.0004603348505312785,0.001040336982484752
Hes2,3.5009785,1.7222438,0.0004635531237159418,0.001047437040121531
Gba2,3.4995098,0.57670665,0.0004661143120416291,0.00105305025890786
Cbr3,3.4992223,-0.04104297,0.00046661742145322183,0.0010540127582379928
Themis3,3.4982839,-0.09887819,0.00046826229608647586,0.0010575535753893572
Pigf,3.4978414,-0.21244228,0.00046904012421037733,0.0010591353531335718
Gjb3,3.4965317,-0.39430758,0.00047134841250300025,0.0010641719565756198
Zc3h13,3.4951813,0.27048975,0.00047373970452220646,0.0010693942653253836
Bloc1s3,3.495055,1.5616721,0.00047396424100616793,0.0010697245413037377
Brix1,3.4946918,-0.14231732,0.0004746094297680676,0.0010710039524881724
Gas7,3.4929864,0.7676821,0.0004776506166034527,0.0010776888602626984
Lysmd4,3.492607,0.2879415,0.00047832971169292014,0.0010790430233257478
Tyw1,3.4911404,0.7733703,0.0004809632939767509,0.0010848050544502836
Phf6,3.4873526,-0.12686425,0.00048782789299181686,0.0011001066023520936
Gpatch2l,3.4870648,0.49699312,0.0004883528292596235,0.0011011088112325394
Slc7a4,3.4860797,0.23333222,0.0004901550108147611,0.001104990071363643
Zbtb39,3.4807007,0.34462723,0.0005001041006935042,0.0011272331592193292
Map3k10,3.475858,0.37509876,0.0005092216649970169,0.0011475949684960787
Rptor,3.4720497,0.43582398,0.0005165006460965934,0.0011638072722641151
Ttc30b,3.4719763,1.0044318,0.0005166419497267907,0.0011639338817980005
Ncbp2,3.4712236,-0.37863037,0.0005180923908714522,0.0011668525593611478
Arhgap39,3.4712155,0.32693624,0.0005181081345843429,0.0011668525593611478
Ipo13,3.4694285,0.29138598,0.0005215667700062711,0.0011744484735445014
Las1l,3.4687269,-0.04612302,0.0005229308303214992,0.0011773261614498685
Gtf2h3,3.4672725,-0.22758228,0.0005257686769655098,0.0011835204374491105
Arhgef19,3.4666278,0.773478,0.0005270309885581412,0.0011861666834319588
Map3k3,3.4616446,0.5907323,0.0005368856789591028,0.0012081473851844216
Tat,3.4615345,0.28636542,0.0005371054337550804,0.0012084430415598428
Pa2g4,3.459829,-0.38344455,0.0005405182735406037,0.0012159215974120341
Wdr77,3.4573345,-0.2512187,0.0005455473934326503,0.0012270329942749166
Phkg2,3.4562614,1.478768,0.0005477237445717276,0.0012317254081595749
Nlrp1b,3.4546194,1.2219628,0.0005510701379207044,0.0012390470463771184
Nhp2,3.4543216,-0.2248878,0.0005516790979796473,0.001240212340107131
Vps72,3.452798,0.49892378,0.0005548046247652833,0.0012470337349877137
R3hdm1,3.4525306,-0.2389906,0.0005553544395357011,0.0012480644142400514
Ms4a12,3.4524388,-0.047721125,0.0005555434242872468,0.0012482839840828293
Evi5l,3.4499462,0.2792364,0.0005606983674725548,0.0012596599597810394
Tmtc4,3.447488,0.37999633,0.0005658251921662034,0.001270969037922607
Nagpa,3.4440062,0.32601804,0.0005731625981242128,0.001287239042428742
Irf3,3.443127,0.48894754,0.0005750291763478337,0.0012912190454115971
Aarsd1,3.439088,-0.03685682,0.0005836771300701603,0.0013103260845681172
Mmd,3.4390638,0.013581522,0.0005837299091180234,0.0013103260845681172
Frat2,3.4384232,0.45128238,0.0005851125411369206,0.0013132141802145723
Glrx3,3.437644,0.19407481,0.0005867987073324994,0.0013167824618923415
Zfp131,3.4362712,0.53192407,0.0005897803712353597,0.001323256206176135
Nlrx1,3.4354837,0.12872258,0.0005914968665546617,0.0013268897063869749
Tdp2,3.434311,0.09445532,0.0005940624470553994,0.0013324264332430027
Pcgf2,3.4316938,-0.23495913,0.0005998244254461651,0.001345129389632061
Lss,3.4312184,0.15584807,0.000600876397842701,0.0013472675423018424
Jade1,3.4295805,0.18312638,0.0006045150359354988,0.0013552037895767125
Nkiras1,3.4269328,0.4782355,0.0006104400619606237,0.001368262227063027
Scrib,3.4267492,0.6277635,0.0006108528850648686,0.0013689631601543884
Whamm,3.4263983,0.14908281,0.0006116425586720172,0.0013705082729542578
Pskh1,3.4260986,0.19883688,0.0006123182069157665,0.0013717974245696439
Tmem251,3.4213967,0.3492041,0.0006230037941937697,0.0013955080893693365
Atg16l2,3.4192874,0.9383662,0.0006278533921395293,0.0014061407038172392
Aimp2,3.4187143,-0.24389805,0.0006291773756446274,0.0014088751616080366
Zfyve9,3.418445,1.6817287,0.0006298002142937998,0.0014100389539076152
Uba5,3.4171538,0.7334726,0.0006327949872270464,0.0014165119414519332
Tbc1d10a,3.4139147,0.13517244,0.0006403663425154035,0.0014332258156952772
Sppl2b,3.4091415,0.24520585,0.0006516768080419596,0.0014583014809317295
Zc3h7b,3.406714,-0.28234366,0.0006574997135367475,0.0014710910639095258
Ripk3,3.404862,0.12059114,0.0006619752399911888,0.0014808623273154763
Tead1,3.4043784,0.51358694,0.0006631480644894673,0.0014832433401853885
Dguok,3.4037237,-0.09605987,0.0006647396543939616,0.001486560061134493
Lmf1,3.4024813,-0.08801071,0.0006677689782732696,0.001493090382257515
Tra2a,3.4003885,-0.18915851,0.0006729016120965942,0.0015043206711494075
Fam13a,3.3999336,-0.12089777,0.0006740220258431099,0.0015065791440674284
Snx18,3.3995848,0.42500556,0.0006748823517858718,0.0015082556235776756
Ivd,3.3988588,-0.38969922,0.0006766767157150123,0.0015120186417324824
Gpkow,3.398777,0.357397,0.0006768786065623113,0.0015122226670053272
Slc19a1,3.396407,0.641781,0.0006827680343555892,0.0015251311450200395
Slf2,3.3959763,0.12387997,0.0006838425537238721,0.0015270780029239244
Pnpo,3.3959682,-0.61506265,0.0006838629389328053,0.0015270780029239244
Tmem161b,3.3935633,0.16947234,0.0006898961603030581,0.0015402987742276439
Zkscan1,3.3929045,0.11855226,0.0006915576398066183,0.0015437562396923776
Clns1a,3.3925025,-0.15705407,0.000692572813005469,0.0015457700698302248
Psip1,3.3913379,-0.015352072,0.0006955230999001545,0.001552101565132933
Clk2,3.39033,-0.22468358,0.0006980849567244149,0.0015573102419586256
Isg15,3.3894653,-0.408045,0.0007002907880872642,0.0015619762725645632
Sfi1,3.388276,0.33264974,0.0007033343836668828,0.0015685090829492207
Pcsk1,3.3845105,0.88959414,0.0007130528399582374,0.0015899229718618778
Fam76a,3.384437,0.7823891,0.0007132436000688047,0.001590089049713222
Cic,3.3829787,-0.02108034,0.0007170421446343767,0.0015982968749592668
Slc1a4,3.3828094,0.4551594,0.0007174843100491374,0.001599021828540084
Nt5c2,3.3825176,-0.33897075,0.0007182467073658998,0.0016004601145883461
Cstf1,3.38079,0.08651887,0.0007227778987080977,0.0016100322145028891
Lrrc8b,3.3804574,0.378242,0.0007236529402698029,0.0016117188856986245
Snx29,3.378344,0.91648316,0.0007292376002865465,0.001623892555596568
Ddx58,3.3772793,0.14194874,0.0007320666361415442,0.0016299269373551966
Hdgfl2,3.3770487,0.09821927,0.000732680392734707,0.0016310278968984405
Rab19,3.3766143,0.22761032,0.0007338385965531901,0.0016333403007592567
Abt1,3.3754067,0.4614523,0.0007370665797239872,0.001640258011021241
Hes6,3.3748703,0.0454952,0.0007385048598126126,0.0016431913371196675
Mb21d2,3.3736465,1.7708355,0.0007417958698651063,0.0016502454075818008
Atrx,3.373271,-0.11414122,0.0007428078387445226,0.0016522279106752353
Ranbp10,3.3712842,0.38640112,0.000748186064691952,0.0016639200576780686
Ndufaf7,3.3691301,-0.29617748,0.0007540579216574755,0.0016767060290513785
Arhgap42,3.3671026,0.9195758,0.0007596241003456471,0.0016888082543044585
Paxx,3.3663704,0.7973246,0.0007616437807127558,0.0016930231959114005
Zfp865,3.365787,-0.061203368,0.0007632563410300664,0.0016963319459753223
Rmdn2,3.365487,1.0800855,0.0007640864073169855,0.00169790081573932
Rmnd5b,3.364104,0.22207512,0.0007679257353415239,0.0017061550659293809
Coq4,3.362299,-0.164846,0.0007729641975963697,0.0017170704032050611
Cdc14b,3.362201,0.303073,0.0007732383455883574,0.001717400418372712
Usp2,3.3588924,0.6348695,0.0007825554978891171,0.0017378120223503857
Slc6a20a,3.3568077,1.5403233,0.0007884795122812106,0.0017506831190851689
Osbpl1a,3.3556306,0.15479778,0.0007918424447332991,0.0017578645181376405
Rbsn,3.3534255,0.82808584,0.0007981787027558912,0.001771643200809416
Ercc4,3.3529015,0.48756143,0.0007996920100128248,0.0017747140923280397
Anp32e,3.3484933,-0.3257798,0.0008125224733953816,0.0018028954768265202
Igip,3.34484,-0.18374929,0.0008233006161373926,0.0018265145888512076
Mycbp2,3.3416314,0.12900697,0.00083287609888755,0.0018474583377594885
Haghl,3.339767,1.055307,0.0008384873331790273,0.0018596033540744727
Ubr1,3.338743,0.36457297,0.0008415841130482958,0.0018661687604889646
Idua,3.337366,0.84914124,0.0008457648335413711,0.0018751352300062014
Usp42,3.33357,0.35943723,0.0008573912057072381,0.0019006037831166287
Sf3a3,3.3317525,-0.28582263,0.0008630099293273991,0.0019127489114347134
Pam,3.3271792,-0.3241698,0.0008772995742702772,0.0019437899672952107
Hr,3.325951,0.75454175,0.0008811736774090472,0.0019520573527569611
Trmt12,3.324509,0.4911468,0.0008857437447688358,0.0019618635746216115
Nsd2,3.3228078,-0.10470948,0.0008911629870608812,0.0019735471818716683
Vta1,3.3183854,0.34790993,0.0009053945402318143,0.002004739368146059
Man2c1,3.3183303,0.3960387,0.0009055730987743434,0.0020048101223472795
Apbb2,3.3182182,1.2648386,0.0009059369300968456,0.002005290954851791
Upp1,3.3159661,-0.05777506,0.0009132687297083774,0.002021192730014899
Zcchc7,3.3143568,0.09494598,0.0009185422255649571,0.0020325347790616163
Pard3b,3.3122537,0.34921065,0.0009254757235090385,0.002047214577642527
Taf15,3.3105056,0.25626892,0.0009312759417344595,0.0020595889491140194
Dennd3,3.310477,0.26659295,0.0009313709734055646,0.0020595889491140194
Iqsec1,3.3100753,0.089093976,0.0009327091578505529,0.0020622146699444317
Zscan21,3.3100038,0.045057017,0.000932947092629923,0.0020624072893168765
Cntrl,3.3090205,0.30412596,0.0009362295193479811,0.002069329024904419
Arl13b,3.3083637,-0.025674237,0.000938428301655453,0.002073853753254415
Evi5,3.3075783,0.015030994,0.0009410635597996416,0.0020793414413087896
Smim27,3.306585,0.20252517,0.0009444068107906681,0.0020863914600262336
Szt2,3.3055916,0.86566895,0.0009477610615753586,0.002093463498149415
Cog7,3.3034906,0.14037912,0.0009548916504371957,0.00210853274983508
Engase,3.3031173,0.25633353,0.00095616372819157,0.0021107675249291006
Srsf1,3.303103,-0.4563071,0.000956212418057461,0.0021107675249291006
Colgalt1,3.3025606,-0.49796146,0.0009580643355516431,0.0021145141686037313
Arfgef2,3.3012998,0.47824934,0.0009623797428342686,0.0021236958178568054
Zfp330,3.2998557,0.0051171435,0.0009673457303976662,0.0021343099166163415
Mroh3,3.2969794,1.477296,0.0009773063882441086,0.002155938838399449
Ppp1r12c,3.2933383,1.1933209,0.0009900523801865807,0.002183704241782499
Dnajc10,3.2929325,-0.5637942,0.0009914828577568015,0.002186506705341761
Ces2g,3.2864804,-0.110583,0.001014477996618183,0.0022368569177287413
Ptrhd1,3.2847793,0.8780809,0.0010206229223489107,0.0022500432795617207
Mthfr,3.283639,1.5082381,0.001024760907922046,0.002258801646652801
Stk35,3.2816868,0.6886967,0.0010318811437518135,0.0022741296761975907
Rnf123,3.2807262,0.17019881,0.00103540224679088,0.002281017927104793
Tnks1bp1,3.2806976,0.13791981,0.0010355070779865853,0.002281017927104793
Snrpd1,3.28021,-0.27795938,0.0010372982120099793,0.0022845954339243786
Gopc,3.27683,0.32321548,0.0010497953004285903,0.0023117473000581275
Fam160b1,3.274572,0.4213738,0.001058221756966684,0.00232992795468031
Tmem170b,3.271443,0.5753755,0.0010700019912243696,0.0023554857099152052
Ddit3,3.2702742,0.88449085,0.00107443333394915,0.002364860106511287
Ppp1r35,3.2690358,0.33847156,0.0010791461307196118,0.0023748508750548263
Gzf1,3.26464,-0.001193179,0.0010960325982361616,0.0024116244217022545
Zfp266,3.264483,-0.28806457,0.0010966404637588237,0.0024125737358272063
Ints6,3.2631817,0.22726819,0.0011016890704832454,0.0024232906609069297
Nlrp9b,3.2622678,0.93011445,0.0011052470093455952,0.002430725772402865
Eny2,3.2605176,0.03335351,0.0011120907759531457,0.002445131269641213
Washc4,3.2605011,-0.1186916,0.0011121547712737365,0.002445131269641213
Oaz2,3.2602503,-0.3440133,0.0011131391280681403,0.00244690203766787
Frs2,3.2580311,0.12274865,0.0011218814283753009,0.0024657230043446223
Rhbdd2,3.2551343,0.6317549,0.0011333869134156343,0.0024906100017610153
Akap1,3.2533638,-0.3637096,0.0011404734594246992,0.0025057799739127188
Mtmr1,3.2523582,-0.07713987,0.0011445166371042577,0.0025142594397430883
Dnajc24,3.251987,0.16159488,0.001146012595801044,0.002517141382521567
Tmco6,3.2518566,0.5143498,0.0011465390765842962,0.0025178933470837083
Mtrex,3.2473953,-0.081152454,0.0011646648273569663,0.002557288297062703
Rwdd4a,3.2470791,-0.11507585,0.001165959456344438,0.0025597199495119905
Fgd3,3.246661,0.63896304,0.0011676737502299825,0.0025630719958900498
Katnbl1,3.2460349,-0.060068473,0.0011702453662114961,0.0025683045069719483
Slc25a28,3.2439175,-0.060485795,0.0011789790895287886,0.0025866419138947834
Chd1l,3.2419226,0.71065176,0.0011872630420452278,0.0026043987969150612
Ilf2,3.2408986,0.057248384,0.001191535987782147,0.002613352787958438
Pdcd2l,3.2400215,0.07132771,0.001195207373380419,0.002620984738771204
Ldb3,3.2393646,0.63015425,0.0011979634837496736,0.002626607445931824
Alg14,3.2375329,-0.09526158,0.001205680829088375,0.0026431044145212453
Slc45a4,3.2367842,-0.037342653,0.0012088479992523654,0.002649622758418993
Klhl11,3.236156,0.63134223,0.0012115119352411306,0.0026550361721830867
Mllt3,3.2336795,-0.15880637,0.0012220648908316616,0.002677733917981569
Fas,3.2335165,0.423105,0.001222763281035001,0.002678834967663191
Smc5,3.2327595,0.1819345,0.0012260068868907826,0.00268551084065857
Cetn2,3.2297733,-0.13698414,0.0012388841569406664,0.0027132832873420264
Pcnx,3.2287493,0.01234623,0.0012433284030030991,0.002722580610258988
Det1,3.2270992,0.30668354,0.0012505215349034118,0.0027378933701255456
Slc25a19,3.2246308,-0.061272323,0.0012613518542624136,0.0027611632154695867
Cyp20a1,3.2217567,-0.197364,0.0012740724638672578,0.0027885628910667014
Kbtbd4,3.2215548,0.5482313,0.001274970684803356,0.002790082271513185
Cd47,3.22111,-0.46146917,0.0012769506467273481,0.0027939680150394375
Lrrc61,3.214699,1.0156685,0.001305813867882982,0.0028562067567657994
Fbxw7,3.2131162,0.47572866,0.0013130322201449485,0.002871536160320194
Fam126b,3.211527,0.23969533,0.0013203154988379454,0.002887002629774369
Tmem64,3.2105398,0.509478,0.0013248594253795238,0.002896475242536369
Pik3r4,3.2096076,0.24038553,0.0013291631087390934,0.0029054196790292684
Snx4,3.1885931,0.4807761,0.00142966891477597,0.0031241608015113807
Chid1,3.188589,-0.17382582,0.0014296890892766523,0.0031241608015113807
Mogat2,3.1884587,0.8030061,0.0014303348118827105,0.003125072464051137
Ankrd46,3.1846094,-0.00078341813,0.0014494947884035325,0.0031664283117281643
Cse1l,3.1842341,-0.34878284,0.0014513756663499012,0.0031700307039346587
Tfcp2,3.1832101,0.7039294,0.0014565186384334827,0.003180755729891069
Polg2,3.1829326,1.3731322,0.0014579148422403446,0.0031832964182718685
Safb,3.1826084,0.2705232,0.0014595487327299214,0.0031863551915839203
Dmtf1,3.1817436,-0.14747147,0.001463914027866806,0.0031953749929893973
Ranbp6,3.1811316,0.38889375,0.0014670099449727375,0.0032016216082831448
Tnfrsf1b,3.1790998,0.39382687,0.0014773317099014578,0.0032236334981494232
Ipo7,3.1786816,-0.034042533,0.0014794644564578322,0.0032277722466593577
Hmbox1,3.1771762,0.47248545,0.0014871658568196824,0.003243539568103534
Mmgt2,3.1750426,0.42765108,0.0014981446830758989,0.0032669635689782997
Susd4,3.1727173,3.132643,0.001510195139061784,0.0032927166018287463
Tmem68,3.1723745,0.42545804,0.001511978525685763,0.003296079441854425
Trim27,3.170869,-0.2603843,0.0015198356914303067,0.003312679802408263
Mettl5,3.1706755,-0.074093506,0.0015208498430156934,0.0033143620084843993
Vps9d1,3.1701634,0.3425457,0.0015235323381746603,0.0033196788917365327
Sars,3.1653128,0.44228855,0.0015491636752524532,0.003374990163944129
Pdss2,3.1651843,-0.07587643,0.0015498480907025353,0.0033759433960428753
Farsb,3.1645844,-0.3231697,0.0015530457127940227,0.003382369823611763
Mphosph6,3.1621592,0.45980933,0.0015660396578556608,0.0034101261657923823
Dexi,3.1614575,-0.04483351,0.001569817677692937,0.0034178087474050173
Ago3,3.1609392,0.5767312,0.0015726126460158503,0.003423348922996936
Gmnn,3.1593034,0.2474599,0.0015814678042244327,0.0034420773870394903
Mipep,3.1581917,0.07019421,0.0015875115095670583,0.003454681714406353
Dtx2,3.156111,0.5703935,0.0015988798366961285,0.0034788674251105102
Txlna,3.1554725,0.31577575,0.001602383350297537,0.0034856494081546056
Fastkd1,3.15545,-0.03423957,0.0016025066054163077,0.0034856494081546056
Wsb2,3.1542976,0.52796835,0.0016088491851628478,0.003498888773394075
Trp53,3.1533327,-0.40558898,0.0016141767513374397,0.003509916850777467
Ercc6,3.1519723,0.75716925,0.0016217170046449187,0.0035257519934052883
B3gat3,3.1515784,0.06846467,0.0016239048565040617,0.003529947371275321
Eif3m,3.151242,-0.059788473,0.0016257774534040256,0.0035334562421010887
Pop4,3.1486983,0.25535086,0.0016399941399793457,0.0035637883146698796
Nudt13,3.1466727,0.8254404,0.0016513967702616054,0.003587996637007857
Surf6,3.1460261,0.39354804,0.001655052217637451,0.003595367605431635
Coa7,3.1444492,0.39888918,0.0016639972087678818,0.0036142251953463762
Ak6,3.1436374,0.10643174,0.0016686201064346003,0.0036236906392715833
Hnrnph3,3.142483,-0.107995756,0.0016752147303679252,0.0036374343343571576
Elp2,3.14182,0.07340834,0.0016790122242965975,0.0036451011537158235
Mpv17,3.1415894,-0.13047287,0.0016803344380522008,0.0036473926095815625
Myo7a,3.140949,0.1563322,0.001684013584737127,0.0036547985670973195
Atp11c,3.139574,0.05759753,0.0016919358991564284,0.0036714096193215104
Zscan26,3.1381748,0.058027428,0.0017000344551202056,0.0036883977746737765
Gtf3c3,3.1356149,0.103326775,0.001714942673157457,0.0037201524516859495
Xab2,3.1336892,0.3205881,0.0017262356357698792,0.0037440558793264233
Pabpc4,3.1322572,-0.2570501,0.0017346778730802336,0.0037617697295230243
Rnmt,3.1294239,0.09944584,0.0017514939387060688,0.0037976343129547314
Prex1,3.1287732,0.6690913,0.001755377047757606,0.003805450400774455
Acat2,3.1283858,-0.031509764,0.0017576936308554155,0.0038098685056186096
Rngtt,3.1274576,0.39184493,0.0017632526673814104,0.003821312238738635
Zfp143,3.1248446,0.2994094,0.0017789904208920578,0.003854808113721897
Aatf,3.124365,-0.07999767,0.001781891496983955,0.003860482607930226
Mccc2,3.12298,0.04560289,0.0017902982077683586,0.003878081417904689
Nasp,3.1221173,-0.33619565,0.0017955537917002525,0.0038888498735351524
Smad5,3.1219072,-0.11283695,0.0017968356652207159,0.0038910099322079636
Gigyf2,3.1186945,0.46870467,0.001816542186197996,0.003933061177368207
Hook3,3.1176195,0.4071627,0.0018231802706887013,0.00394618395088129
Sept11,3.116828,-0.29991838,0.0018280817523275174,0.0039561667927011865
Bicra,3.1145618,0.58873683,0.0018421837183499482,0.003986054169056256
Ormdl1,3.112057,0.2577181,0.001857887017687171,0.004019396451015989
Yod1,3.1098988,1.0301396,0.0018715149262265283,0.00404823894592657
Rbm38,3.1091318,-0.25105903,0.0018763801891537478,0.004058121000581607
Cpm,3.1062312,-0.19046237,0.0018948854416721396,0.004097495005513364
Thap2,3.1050704,-0.044707328,0.0019023369869605059,0.004112957833467971
Zgpat,3.1030571,1.0131263,0.001915326461455942,0.004140387189441986
Nudt1,3.1008909,0.1668895,0.0019293939092982027,0.004170137776142393
Ncf2,3.099616,-0.25701866,0.0019377170574700114,0.004186803722689589
Tab3,3.09573,0.08768199,0.0019632898128204815,0.004241388339703015
Sms,3.0931294,-0.0732004,0.0019805781171595756,0.004278061246589354
Sesn2,3.0928273,0.39380312,0.001982593942406024,0.004281739128616926
Polr2h,3.0918462,-0.42570657,0.001989158387570401,0.004295237794098411
Nedd1,3.0872688,0.10572834,0.0020200478055503383,0.004361249406520505
Ruvbl2,3.0870261,-0.34610698,0.0020216981063198333,0.004364123378677778
Hmgn5,3.0854187,-0.41695076,0.002032657406461622,0.004387088073447393
Stk4,3.084613,0.4288531,0.0020381714510012733,0.004398294870197635
Apoa2,3.082612,1.1098762,0.0020519252462604977,0.0044272763872849966
Sept9,3.0814981,-0.27835917,0.0020596170981460136,0.004443171449305369
Pym1,3.081025,0.39581966,0.0020628934313844218,0.00444953748804132
Fem1c,3.080813,0.45845017,0.0020643636839628612,0.004452006525499468
Cops7b,3.0800886,-0.03788712,0.002069389578528596,0.0044621416724027994
Ctu2,3.0792565,0.6107913,0.0020751796798549756,0.0044739211921830035
Mars,3.0785506,-0.3798734,0.0020801015538053076,0.004483825464736378
Pxylp1,3.0781977,-0.3567758,0.002082566504146571,0.004488431354484532
Elmod3,3.0781183,0.2828322,0.0020831225565489217,0.0044889223070921054
Inpp1,3.0769207,-0.108416826,0.002091508324963981,0.004506282707402306
Zfp282,3.0763211,0.08047101,0.0020957199791307338,0.004514645670228857
Pdia6,3.0755439,-0.5173298,0.002101189510914682,0.004525715319224803
Foxn2,3.0722864,-0.20954426,0.0021242583472608806,0.004574682346266542
Sde2,3.0716805,0.54155254,0.0021285740711958715,0.004583254672272641
Cdkal1,3.0716274,0.21019775,0.002128952261147985,0.004583347319143371
Lgmn,3.0715132,0.07591907,0.002129767033402985,0.004584379691765437
Nr1h3,3.0706077,1.017379,0.002136237141056529,0.004597583082144796
Zfp64,3.068986,0.13005146,0.00214786717578521,0.004621885700843863
Cdc26,3.067607,-0.11111122,0.002157801999454775,0.00464253340820391
Cbx5,3.0653794,-0.0048076008,0.002173939590985508,0.004676517839661291
Cc2d1b,3.064696,0.56888765,0.00217891235684816,0.004686477898694336
Tmem159,3.064127,0.23105516,0.00218306181023028,0.004694664295470841
Zfp532,3.0621138,-0.013609614,0.0021977992641415496,0.004725613983826367
Zrsr1,3.0609264,0.61086214,0.0022065321168284577,0.004743645134040113
Btnl2,3.0585806,1.6026663,0.00222388132506551,0.004780191310951093
Peak1,3.056074,0.48328015,0.002242560461332352,0.0048195842069338225
Dnajb4,3.0555434,0.5670215,0.0022465304867163626,0.004827357700478671
Cdc42ep3,3.0535078,-0.09496676,0.0022618291492974706,0.004859467968050732
Ormdl3,3.0523653,0.5709155,0.002270455317436105,0.0048772347574518905
Asah2,3.0518534,0.79893976,0.002274331462341559,0.004884793897835844
Srsf3,3.0508926,-0.36587474,0.002281621390540513,0.004899681613637173
Bud13,3.0501583,0.7115433,0.0022872077361049546,0.004910906859983554
Chchd1,3.0477228,0.075086884,0.0023058255920422725,0.004950104391079761
Tinag,3.0474555,-0.09678624,0.002307876682335384,0.004953729968754728
L3mbtl2,3.046452,0.22483256,0.0023155949463781493,0.004968736998544044
Urod,3.0455136,-0.46982417,0.002322832586443214,0.004983485349797764
Mettl14,3.043745,0.25611517,0.0023365303154338603,0.005012086598205183
Gng5,3.042519,0.48544195,0.0023460688784742783,0.005031758455636097
Gstz1,3.0386271,-0.091671295,0.0023765878175458694,0.0050964149921498775
Rapgef4,3.035957,0.8991679,0.002397735356263583,0.00514095813686179
Elp3,3.0358713,-0.13542157,0.0023984167302737933,0.005141612915267929
Galnt3,3.03571,-0.3486275,0.0023996988426063575,0.005143555121103752
Immp2l,3.0330606,0.7902306,0.0024208708345150095,0.005188122341638106
Creld2,3.032928,-0.21945721,0.0024219347270503545,0.00518958906180094
Rab29,3.0283566,0.24294041,0.002458877214389545,0.005267921965655183
Actr8,3.0282607,0.6840998,0.002459657492230022,0.005268768202732699
Abcb10,3.0276163,0.07514763,0.0024649095010272674,0.0052791914528657604
Fubp3,3.0269287,0.30130184,0.0024705218411349697,0.005290383053166412
Leng1,3.0265229,0.52346444,0.0024738414412713303,0.005296662237260911
AU022252,3.024685,0.14961843,0.0024889225205367935,0.005328117637498537
Pogz,3.0222514,-0.2764113,0.002509020563698276,0.005370301488272644
Ddx28,3.0219822,0.4125919,0.0025112534184626957,0.005374239514472201
Lrat,3.019404,1.6020609,0.0025327269198953703,0.005419346053758283
Sgms2,3.017013,-0.31006163,0.0025527873979867854,0.005461415467376297
Fam53c,3.0165849,-0.18991998,0.002556397166119561,0.005468282691488346
Arrdc3,3.0148203,-0.234549,0.002571315240819714,0.00549933311201276
Cyp4v3,3.0132802,0.97919154,0.002584401240041622,0.005526456130972507
Atg7,3.0103796,0.03652297,0.0026092134675741127,0.005578641990161975
Rin1,3.0097044,0.8449917,0.0026150201880250335,0.005590183065693658
Creb3l3,3.0063121,1.7684767,0.0026443733194683027,0.005652048318807289
Nol9,3.006151,0.01636278,0.0026457751900525774,0.00565416091951383
Cdkn2aipnl,3.0046213,-0.25101915,0.002659117965084032,0.0056817872144568965
Lsg1,3.0029118,0.52058685,0.002674099020203959,0.005712904874439796
Epb41l5,3.001537,-0.14457424,0.0026862041465033942,0.0057378696818859605
Dmac2l,3.0014002,0.5662849,0.0026874102073756005,0.005739549365275861
Hira,3.0004232,0.3453066,0.002696047067829022,0.005757096135628025
Scaper,2.9995725,0.22084153,0.002703586649011766,0.00577229467997438
Prorp,2.99872,-0.05020541,0.0027111636416081403,0.005787568342021748
Hdac11,2.9984243,0.031247288,0.002713796553566082,0.0057922846683340365
Slc25a38,2.9970717,0.65847445,0.0027258651051197858,0.005817135660504537
Snx30,2.994424,1.1126082,0.0027496346064101794,0.005866945427158559
Efcab2,2.9918234,1.0791773,0.002773167116837601,0.005916234059712042
Tram2,2.9888208,1.4096991,0.0028005643324764875,0.0059737509353635886
Cnnm3,2.986785,0.55449224,0.0028192797145972057,0.0060127339515154065
Enpp4,2.985502,0.23251477,0.0028311338821282645,0.0060370740430538
Sirt1,2.9827888,0.67821777,0.0028563491251561404,0.006089893091130375
Slco2b1,2.9825094,-0.11571612,0.0028589580985262774,0.006094505377606679
Filip1l,2.9823565,-0.0005469479,0.002860387289968124,0.0060956515802266
Rev3l,2.9811509,-0.072839186,0.0028716721595962733,0.0061187467719661945
Tmem144,2.979925,1.7741197,0.002883189641891021,0.00614233032448352
Tppp3,2.9777994,-0.38048694,0.0029032583641197623,0.006183158095209119
F8a,2.9758494,0.7589425,0.002921782808210291,0.006221641218043559
Rexo1,2.9733791,-0.19479613,0.0029454032505563505,0.006270962081793257
Cwc25,2.9706743,0.65567935,0.002971466516504132,0.006325467716873288
Commd2,2.9699197,0.066593885,0.002978776528822388,0.006340041872629752
Mnt,2.9675167,0.6797972,0.003002159437311604,0.006388815796021815
Cdk5rap1,2.965593,0.3243973,0.003020998213183366,0.006427905798239074
Tpbg,2.9635983,0.66163033,0.0030406500553928797,0.006468713364576483
Psmb9,2.9619644,-0.40047154,0.003056832052442672,0.006502127596384125
Hoxb3,2.9613829,0.78707016,0.003062608609554579,0.0065134016696203525
Kctd20,2.960614,0.4469931,0.0030702651740400146,0.006528669919918706
Ogfod2,2.9594574,0.06429213,0.003081813357193056,0.0065522073475769655
Cactin,2.9593942,0.3776466,0.0030824458798460914,0.006552533406947816
Spry1,2.9589128,0.7978696,0.003087265096018534,0.00656175787815565
Nup35,2.9577827,0.81113374,0.003098605007291908,0.0065848365928075905
Smug1,2.9574094,0.78277224,0.0031023591990224134,0.006591790249631992
Polm,2.9562018,0.7761848,0.0031145323329662736,0.006616627257000744
Cyp2d9,2.9556165,0.83025956,0.003120449495282626,0.006628168196332699
Fbxo31,2.955039,-0.025470484,0.003126294222506997,0.006639551714984188
Dusp23,2.9529707,1.035181,0.0031473181458885856,0.006683163920035156
Lap3,2.9522977,-0.5270767,0.00315418799773899,0.006696711825660719
Ncapd3,2.951084,0.6298473,0.0031666090991115136,0.006722039650783909
Snx33,2.950582,0.43577826,0.0031717575605760746,0.0067319237375256585
Eef1akmt2,2.9482036,-0.11333585,0.0031962643696833615,0.006782885669680318
Orai3,2.9462433,-0.06758425,0.0032165921083824054,0.00682496463648245
St7l,2.9442525,0.06763149,0.003237357653111783,0.006866894044719038
Tmem109,2.9392407,-0.5033886,0.003290175117168289,0.006977845025942363
Ecd,2.9378169,-0.13772254,0.0033053223538281012,0.007008882491642004
Chic2,2.937258,0.74764025,0.0033112857444284726,0.007020439155823157
Snrpb,2.9368417,0.16176362,0.003315732003306571,0.0070287761812459085
Ankzf1,2.9365501,0.3549769,0.003318851984700804,0.007034299580096636
Tmem79,2.9342227,0.48603958,0.003343842325934152,0.007086168263931432
Rhebl1,2.9334352,1.4584793,0.00335233526635052,0.0071030655047014815
Prune1,2.9318156,-0.122973315,0.0033698669920913917,0.007139106292308254
Hemk1,2.9281704,0.26926216,0.0034096301949309835,0.0072222262880547086
Cela1,2.9269977,-0.06968857,0.0034225152774904153,0.007248396533944777
Aga,2.9267917,-0.39188942,0.0034247831417333076,0.007252076411149424
Qrsl1,2.9263082,-0.25092414,0.003430110135951238,0.007262231941342805
Stk11ip,2.923593,0.37151158,0.0034601670884658823,0.0073247345100264614
Zfyve26,2.9211187,0.51900625,0.003487767911184886,0.0073820192207790306
Sept10,2.920503,-0.16400756,0.0034946707532914805,0.007395484764973846
Psmg1,2.9193258,-0.15836237,0.0035078938745543866,0.0074223191605339986
Rpap1,2.916262,0.25873148,0.003542529026511045,0.007494443755807324
Ppfibp2,2.913551,0.29862183,0.0035734340363549567,0.007558655908299155
Srsf7,2.913339,-0.31594124,0.0035758628041164166,0.007562623545668419
Tef,2.9111583,0.7497106,0.0036009149208646248,0.007613251629997486
Zfand2a,2.9061708,0.6338764,0.0036588149029699274,0.0077344711389880595
Nadk2,2.9049165,0.014893554,0.0036735113326332672,0.007764338094862431
Pibf1,2.9047656,0.5144467,0.0036752832965115073,0.00776688287433084
Dis3l2,2.9045901,0.33907282,0.0036773435822669885,0.007770036076560734
Slc22a1,2.9042575,-0.13791645,0.003681251424074342,0.0077770914914593895
Megf8,2.9018016,0.51004326,0.0037102338589311396,0.007837109672672742
Rpa1,2.9017527,-0.035188854,0.003710813684721266,0.0078371238824036
Gca,2.8992803,0.17332594,0.0037402022265832953,0.00789797181107575
Znrf1,2.8942707,0.64463615,0.0038004049019084505,0.008023859353651082
Zfp784,2.8936157,0.86264527,0.003808338142138181,0.008039367720552582
Ss18l1,2.893526,0.6161512,0.0038094267363962767,0.008040424543944913
Hykk,2.8922613,0.20333438,0.0038247961113173864,0.00807161833676933
Lemd3,2.8914475,0.19756046,0.0038347168220053563,0.008091305746169302
Vezt,2.8909824,0.37885556,0.003840396290944044,0.008102039382699752
Caap1,2.8897076,0.85568774,0.0038560042210248387,0.00813371243598869
Zfp422,2.8888283,0.370767,0.003866800998501901,0.008155228817784315
Pml,2.8881247,-0.34209457,0.0038754632125752287,0.008170977402399977
Ap4e1,2.885324,0.76619196,0.003910111256727146,0.008242758044665286
Fam222b,2.884708,0.15358624,0.003917769960133502,0.008257630117883113
Ilkap,2.8811321,0.61340684,0.003962495644128839,0.008350613027194
Zfp553,2.8790963,0.36905,0.003988165043328277,0.00840341401656613
Trub2,2.8770952,0.16094314,0.004013544243336705,0.008455587355974339
Hars2,2.876,0.06293674,0.004027498847173598,0.008483679410828551
Dcun1d4,2.8752491,0.20462033,0.004037087197168075,0.00850256698310079
Ppcdc,2.8745985,0.3840538,0.004045415599082703,0.008518795552426232
Uvrag,2.8726954,0.5068708,0.004069863807142479,0.008568958824122154
Lage3,2.872263,0.76949245,0.0040754376911818066,0.008579373526310222
Dbt,2.872118,-0.59019935,0.0040773059646686,0.00858198538815501
Rabepk,2.8699987,-0.1361012,0.0041047349736976916,0.008638388852772535
Zkscan14,2.86955,0.47012985,0.004110564287295428,0.008649325531430217
Zfp182,2.865093,0.80477077,0.004168869119501506,0.008770659262951246
Zbtb14,2.863045,0.122229725,0.004195910738876017,0.008826192794051613
Snrpg,2.8629818,-0.45828214,0.0041967482159156865,0.008826596716802063
Snx16,2.8623595,0.35617793,0.004204995998002784,0.00884258346496818
Sf3b3,2.8600137,-0.446215,0.004236226596398869,0.008906887869888459
Zfp148,2.8595834,0.0875975,0.004241979520755642,0.008917612597437879
Ipp,2.857976,0.38049605,0.004263527074497073,0.00896153285332731
Wdsub1,2.8568316,0.07762308,0.004278927837806949,0.008992521620102969
Miga1,2.8562768,0.20359315,0.004286413018745563,0.009006868167078299
Rpa3,2.8546102,0.033292815,0.004308967529377047,0.009052870020622387
Abcc10,2.8538983,0.77976304,0.004318634957082206,0.00907178694901677
Zfp830,2.8487294,0.5015257,0.004389419513738275,0.009219061872273218
Tmem267,2.844515,0.66548157,0.004447907401561486,0.009340468936786445
Tfap4,2.8437033,-0.25110483,0.004459255470335202,0.00936286174678856
Tle1,2.8401296,0.6299776,0.004509522360588733,0.009466950918184053
Trim65,2.8385017,0.37829557,0.004532587601746135,0.009513911811800214
Acsl1,2.8381712,0.06241588,0.004537283048701663,0.009522305968538251
Ap4b1,2.8373613,0.38604087,0.004548808427729708,0.00954502919275798
Atg2b,2.837131,-0.02319997,0.0045520937961000835,0.00955045760381538
Tsga10,2.8341691,0.5964527,0.004594500996005127,0.00963795077778342
Slc25a40,2.831595,-0.15896353,0.004631649323496027,0.009714387193068736
Cbll1,2.8307972,0.5161174,0.004643213893301068,0.009737149208847124
Zbtb45,2.8300018,0.59875315,0.004654774925555556,0.009759896827195988
Ezh2,2.8294,-0.25162074,0.00466353711562529,0.00977676989976634
Scrn3,2.828125,0.23856023,0.004682150432214597,0.009814286811853866
Luc7l,2.8271704,0.46237803,0.004696132092541801,0.009842085266744694
Wdr55,2.827097,0.026141966,0.0046972091688572025,0.009842834107281987
Adck1,2.8265462,0.53547466,0.004705294372205008,0.009858265748414812
Rpusd3,2.8260424,-0.13811083,0.00471270186804065,0.009872272984904396
Tmem209,2.8258915,-0.24881577,0.004714923171974596,0.009875413444134264
Cdca4,2.8252695,-0.035551906,0.004724088553104363,0.009893095093981955
Mief2,2.824592,0.86759746,0.0047340836254417575,0.009912508586421074
Tsr3,2.8243597,0.29565245,0.004737520080633348,0.0099181854106952
Zfp707,2.8231132,0.21014903,0.004755976784707498,0.00995530116805067
Trim28,2.8210306,-0.16480173,0.004786963793867525,0.010018630223620813
Ddx18,2.8207939,0.09165885,0.004790495888617716,0.010024488336166376
Pikfyve,2.8192987,0.24702215,0.004812869663819437,0.010069766317737271
Jmy,2.8180463,0.49952725,0.004831683862975389,0.010107584033377458
Tcf23,2.8160472,1.9280378,0.004861850944615965,0.010169136076418374
Celf6,2.815366,0.71254766,0.0048721712477478455,0.010189163757906681
Dpp4,2.8128734,0.056696177,0.0049100990785433465,0.01026691206407955
Zfp523,2.812298,0.10316656,0.004918889493715385,0.01028372019974895
Hexdc,2.811168,0.9805711,0.004936200069171769,0.010318333223161716
Stom,2.8108783,-0.52478653,0.004940645938059708,0.01032604817407405
Rsbn1,2.8103297,0.23472114,0.004949077971514131,0.010342090657160108
Slc38a9,2.8102787,0.84758383,0.004949862278357428,0.010342149221778124
Map7d1,2.810138,1.3431345,0.004952027548554105,0.01034509268659905
Rrm2,2.8094893,-0.2573864,0.004962017695273515,0.010364379407799804
Tyk2,2.8081043,0.62150174,0.004983409889658096,0.010407472547506789
Lztfl1,2.8058686,-0.10139001,0.005018115855104791,0.010478353079639336
Fbxo46,2.8042877,0.34691834,0.005042788769704332,0.010528265103161334
Mbtd1,2.8038409,0.040895846,0.005049780704884422,0.010541253417691111
Dffa,2.8012197,0.30823565,0.005090983317169994,0.01062401905421939
Zfp637,2.7999306,0.40008128,0.005111359222533817,0.01066491262864662
Nol6,2.7981865,-0.30519977,0.005139042036763271,0.010721037353583178
Insl6,2.7975624,0.008934544,0.0051489824480161735,0.010740136512602376
Il4ra,2.7966099,0.13199835,0.0051641864428467275,0.010770207351826903
Rcc1,2.7942946,0.06097835,0.005201307596141739,0.010845971542732279
Zfp758,2.7913063,0.56240904,0.005249578065500066,0.010944958079846532
Apoo,2.7906697,0.1744213,0.005259910316995373,0.010964828290382886
Mplkip,2.7905738,0.06747489,0.005261468369066774,0.010966404503427545
Kiz,2.7888687,-0.24550311,0.0052892515541064136,0.011022632581896556
Castor2,2.7874794,1.1943681,0.0053119814142408885,0.011068314161167781
Zfp407,2.7857537,0.3205615,0.005340341364441059,0.011125711175918873
Cradd,2.7851398,0.64470536,0.005350464539261055,0.01114510321011347
Ccdc22,2.7826452,0.0938947,0.005391774729010002,0.011229442494549463
Map3k7,2.7823126,0.3888976,0.005397302197058224,0.011239242811751366
Setdb1,2.778641,-0.27451232,0.005458682815046091,0.01136533000848893
Tpmt,2.7774253,0.27771187,0.005479145053808791,0.011406197078830144
Ctsc,2.7731252,-0.5025413,0.005552074884488991,0.011556259367638806
Nprl3,2.7729273,0.5267383,0.005555451748552488,0.011561528330764766
Ift140,2.7719116,0.011650102,0.005572817839094511,0.011595302748315352
Nudt14,2.771879,0.4701533,0.005573376597051321,0.011595302748315352
Kctd13,2.770498,0.329242,0.005597065414871543,0.011642815568659622
Smarcd1,2.7696493,0.43403405,0.005611666639098696,0.01167131911957965
Aaas,2.7696025,-0.18350433,0.00561247491995289,0.01167131911957965
Pop7,2.76764,0.57590806,0.0056463763608518985,0.01174003295342097
mt-Atp8,2.766141,0.14578065,0.005672402555958787,0.011792354051799394
Rogdi,2.763738,-0.1126978,0.005714341042493106,0.011877734269052016
Tent4a,2.763177,0.020347996,0.005724171608597355,0.01189635968808037
Birc3,2.7620816,-0.26778206,0.005743412004710303,0.011934532618813767
Dus2,2.761847,0.16132246,0.005747539961799783,0.011941295803344278
Fnbp4,2.761598,0.37583277,0.005751922110360218,0.011948584970253074
Clcc1,2.7594564,-0.18277279,0.005789762054579241,0.012025363927152357
Ccdc84,2.7574062,0.36780864,0.005826190363683102,0.012099188036957694
Pigb,2.7566884,-0.2003062,0.005838998111799503,0.012123944606568205
Cdk7,2.7559416,-0.0062527726,0.005852342169784634,0.012149807070260341
Lrrc51,2.7555032,0.11875472,0.0058601937037254265,0.01216426060996436
Srrd,2.7530901,0.5397884,0.005903565505514972,0.012252429547414971
Pex26,2.7517622,0.41427442,0.005927556040758991,0.012300353392622036
Polr2d,2.7513685,-0.042190075,0.005934685307812155,0.012313278953775032
Kin,2.7509055,0.363836,0.005943080396506221,0.012328798834757565
Bcas3,2.7508564,0.37613177,0.005943968608230832,0.012328798834757565
Zfp609,2.7499447,0.14532015,0.005960533428843127,0.012361282171584739
Zfp703,2.7488759,-0.24331985,0.005980004653401619,0.012399782203982888
Mllt11,2.7468748,0.3848053,0.006016611612179807,0.012473796815730572
Elac2,2.7463648,0.014606757,0.006025972826306765,0.012491310959488407
Gon4l,2.7459874,0.2552982,0.006032908570414062,0.012503792770599015
Ttc32,2.7453306,-0.23571947,0.006044997668337025,0.012526950009775545
Bmp1,2.7451856,2.640693,0.006047666211574407,0.012530581127769698
Akr1c18,2.7451103,2.5244322,0.006049057281437818,0.012531564660454806
Bst2,2.7414691,-0.4304354,0.006116510348742305,0.01266938488625432
Map3k5,2.7413917,-0.04963851,0.006117953659767368,0.012670455292642551
Mob3c,2.740378,1.4719511,0.006136858909820162,0.012707684069017372
Wrap53,2.7383258,0.24853916,0.006175286982876275,0.01278532164887707
Rab25,2.7359555,-0.38600624,0.006219943665521326,0.012875829492280371
Pla2g6,2.7355864,1.5846016,0.006226925766134349,0.012888332049627247
Gcc1,2.7348173,0.6111527,0.006241491254148774,0.012916524349346927
Als2cl,2.7329426,2.179963,0.006277125643256998,0.012987866006444677
Gpn3,2.732904,0.072419725,0.006277864300007262,0.012987866006444677
Ssbp1,2.731211,-0.32174087,0.006310208400220351,0.013052805910303025
Rab13,2.7308233,0.47376153,0.006317633535630785,0.013066188535957498
Gcdh,2.7270048,-0.2536108,0.006391212168587818,0.013216365704738909
Mfsd12,2.7268884,-0.19377868,0.00639346459115961,0.013219024536454137
Hps3,2.726197,0.39349037,0.0064068753407461555,0.013242747926950375
Ctnnbl1,2.7252343,-0.08021502,0.006425589688881959,0.013279422547296478
Pan2,2.7228456,0.3102572,0.006472231263068002,0.013373793067762907
Abcf2,2.7225232,-0.012915905,0.00647854775441518,0.013384822562566488
Dhx35,2.7204854,0.11156253,0.006518614107012889,0.013463532383839488
Aspg,2.719078,0.2538979,0.006546417548472324,0.013518915731706287
Macrod1,2.7171361,0.068808064,0.006584953327355965,0.013596442209209246
Usp40,2.7161548,-0.003278202,0.006604501076830208,0.013634745203148111
Rsad2,2.7150962,0.070278,0.00662565165078234,0.013676345105577132
Gmps,2.712373,-0.24290633,0.006680336387936527,0.013787141579389074
Ttc39c,2.7111778,1.3730763,0.006704468206691828,0.013834857812963746
Rtn4ip1,2.709295,0.14227298,0.0067426368234547625,0.013911520603612535
Thada,2.7087421,0.09311542,0.006753880457201883,0.013932616571464137
Tex9,2.7044137,0.5991914,0.0068425052133137985,0.014113312035002443
Zfp26,2.704071,0.4701868,0.006849566129036139,0.014125745259322756
Slc25a35,2.7015374,-0.26608327,0.006901969900634704,0.01423118337821429
Hspa1b,2.7014987,0.5131457,0.006902774358149571,0.01423118337821429
Tirap,2.7013905,0.41354913,0.006905018816434888,0.014233664804755367
Klhl26,2.701162,0.015132592,0.0069097639793365764,0.014241299535407337
E2f6,2.7007766,-0.017980054,0.006917778084707105,0.014255531083257146
Spats2,2.7007296,1.2339982,0.006918753915874053,0.014255531083257146
Kifap3,2.6956444,0.060760833,0.007025261485668324,0.014472800665338103
Kmt2a,2.6952078,-0.098351076,0.0070344723980184124,0.014489593318707906
Klhl21,2.6950712,0.45570305,0.007037358416667839,0.014493354871676611
Supv3l1,2.692909,-0.032016587,0.007083159509532102,0.01458548506141417
Ctsl,2.6914587,-0.5855538,0.007114030593717668,0.01464684859516548
Tmem265,2.6904368,0.18273577,0.007135856126092452,0.014689572862308336
Bclaf3,2.689678,0.6636119,0.007152100777459676,0.01472079743102966
Nfx1,2.6888824,0.045949474,0.007169167097772739,0.01475370354583028
N4bp2,2.6887274,0.3891072,0.00717249709489484,0.014758335505971552
Hps1,2.688452,-0.016910896,0.007178415644997936,0.014768291551880062
Taf6,2.6858003,-0.34540403,0.007235633840843016,0.014883768467738905
Nelfa,2.6846151,-0.40282163,0.007261338056432938,0.014934395837226716
Krit1,2.6840072,1.087981,0.00727455374126576,0.014959326678467558
Cwc27,2.6835809,0.079254374,0.007283835332484698,0.014976161204590024
Sarnp,2.6828241,0.08191756,0.007300337443857168,0.015007834417430362
Sestd1,2.6812696,0.6623435,0.0073343365163082465,0.015075462477155459
Braf,2.6797848,0.45136985,0.0073669511918325915,0.015139333719604199
Fam98b,2.6797543,-0.31133452,0.007367624563361312,0.015139333719604199
Eral1,2.6784325,0.47774118,0.007396766980043278,0.01519693336119168
Sharpin,2.674118,0.4910313,0.007492605455597023,0.015391524651538124
Thap1,2.6737366,0.12095846,0.007501132465198141,0.015406726713965842
Sfxn5,2.671136,-0.13686006,0.007559503470326719,0.015524284420591361
Nyap1,2.6706994,0.70391196,0.007569340457678819,0.015542151765579257
Pknox1,2.6695163,-0.00873342,0.007596059179464646,0.015594671862960372
Alkbh3,2.668778,0.39217648,0.0076127781706191,0.015626649877396606
Ablim2,2.6674724,0.60921204,0.007642417339229014,0.01568513539155887
Tmem123,2.665506,-0.16626857,0.0076872565939716305,0.015772428195433164
Eml3,2.6629214,0.5097407,0.0077465480604058,0.015891695878495246
Sh2b3,2.661763,0.1623108,0.007773261390855188,0.015944105222730567
Bcl11b,2.6611571,0.9440606,0.007787262290361901,0.015970427687567335
Cln8,2.6608062,1.0346636,0.007795380883021967,0.015984680398159454
Lyrm7,2.6594477,0.1413966,0.007826888407651719,0.01604688140549284
Xpc,2.6588664,0.46610358,0.007840406178923957,0.01607218625345302
Tmem205,2.6585276,0.39369303,0.007848289322995394,0.016085934726013492
Rab11fip2,2.6558433,0.4072099,0.007911036302609151,0.0162121117096029
Fntb,2.6555862,-0.028656634,0.007917067498521627,0.01622204046183447
Cnbp,2.6549459,0.0883051,0.00793211554479879,0.01625043896256531
Snx11,2.6534853,0.79262775,0.007966524767050662,0.01631848804514946
Tigar,2.6528285,0.5677729,0.007982042833870433,0.016347353799479457
Borcs5,2.6527877,0.13102564,0.00798300758120101,0.016347353799479457
Nifk,2.6488752,-0.26625407,0.008076013426888715,0.016535332177377328
Kansl2,2.6482735,0.33707508,0.008090404041900453,0.01656231665763304
Csf2ra,2.646764,1.0651978,0.008126603598675513,0.01663393267652861
Zswim1,2.6447854,0.18146636,0.008174273922378255,0.016729002677121015
Slc25a42,2.644249,0.18130286,0.008187242022779064,0.016753035262831617
Chml,2.6431332,0.24804129,0.00821427268636198,0.016805831685517664
Cttnbp2nl,2.6428516,-0.44297907,0.008221104725932852,0.016817293511912003
Aar2,2.642711,0.44328073,0.008224522652242782,0.016821768960427766
Mthfsd,2.6425211,0.17061964,0.008229131434456645,0.016828678385852343
Sil1,2.6412992,-0.07959146,0.008258871376303552,0.016886971601517805
Lig3,2.6407242,-0.24568562,0.008272905750751678,0.01691313890589463
Cdkl2,2.638517,1.5754387,0.008326952168427586,0.01702108683157657
Tcf4,2.6382966,-0.011078972,0.008332364120186871,0.017029603847489982
Atpaf1,2.6369648,-0.010523591,0.00836515346590658,0.017094063605240958
Nars2,2.6365118,0.03850972,0.008376327100939525,0.017114339325466608
Snap47,2.6363873,0.0011737259,0.008379399671227033,0.0171180595315252
Epb41l2,2.6326973,0.05240093,0.00847097848431477,0.017302558741300145
Caml,2.6322343,0.0009743121,0.008482533108854072,0.017323572321323092
Cftr,2.6320915,-0.46326596,0.008486099050988951,0.01732826706320351
Lnx1,2.6312063,0.8364567,0.008508237827599928,0.017370879709230968
Smim6,2.6294377,-0.47893116,0.008552619063470391,0.017458884265257144
Rpp14,2.6293235,0.13956632,0.008555492774973706,0.01746214383548738
Lrrc56,2.6266494,1.2412843,0.008623015548032116,0.01759733437089079
Grin3a,2.6246972,1.3105065,0.008672605998920137,0.01769589481277721
Atp1b1,2.6241608,0.257072,0.008686278880244926,0.017721149289474766
Cyp4f16,2.6232896,1.3320192,0.008708518851381828,0.01776387161286493
Prpf3,2.6226451,0.31827873,0.00872501022196216,0.01779485679125019
Abce1,2.6182635,-0.21954559,0.00883785132020534,0.01802220939613162
Spout1,2.6182146,-0.14846303,0.00883911944569322,0.01802220939613162
Slc5a6,2.6172988,-0.09385623,0.008862873947213393,0.018067948901035056
Rif1,2.6154568,0.08455004,0.008910820220287956,0.018162230759512867
Pbdc1,2.61542,-0.12743701,0.00891177831051783,0.018162230759512867
Zhx3,2.6124928,0.46026778,0.0089884560887758,0.018315770677098654
Thnsl1,2.6120012,0.168112,0.00900139130455628,0.01833666409799004
Nfatc1,2.6107693,0.9203418,0.009033882917910912,0.018400111543406573
Zhx2,2.6106346,-0.044161536,0.009037439665121291,0.018404614656818117
Atf5,2.609841,0.80724764,0.009058428331350144,0.01844461099333133
Srd5a2,2.60866,0.61498076,0.009089749132396133,0.01850563039832025
Mkrn2,2.6080196,0.18313174,0.009106775254572805,0.01853753373121213
Supt5,2.6049373,0.8197933,0.009189105473112228,0.01870233923869768
Tab1,2.6038256,0.0060839616,0.009218963642694079,0.018760316638964512
Mettl21a,2.6032443,0.2564247,0.009234612000581883,0.018789364545150608
Blvrb,2.6025937,-0.3508474,0.00925215529140896,0.01882225879351644
Wfs1,2.601798,0.57247514,0.00927364360498651,0.01886316767785074
Casp8ap2,2.5971413,0.65185314,0.009400328600826227,0.019118009163637515
Ercc2,2.5951116,-0.25215605,0.009456023117069728,0.019228418754784912
Trit1,2.5950441,-0.047645785,0.009457875303777345,0.019229325717983227
Chchd5,2.5947974,-0.36374056,0.009464669423767887,0.019240278633867382
Aplf,2.5916357,0.8867829,0.00955208736807054,0.01941510029107679
Cdk10,2.591144,0.46347204,0.009565743931477393,0.019439968533653342
Pomt1,2.590834,-0.12636033,0.00957436614991442,0.019453554311023576
Commd9,2.5908015,0.11810791,0.009575274154844585,0.019453554311023576
Arid3b,2.590679,0.9264874,0.00957867985720914,0.01945758274618761
Mto1,2.5903382,0.29716992,0.009588164749518398,0.019473957069607025
Serf1,2.5895998,0.23795882,0.009608753570835477,0.019512875717430225
Nob1,2.5876436,-0.26227403,0.009663487538076714,0.019621112410274543
Mtmr7,2.5856712,0.3521048,0.009718959348112179,0.019730814887980112
Wdr46,2.5836804,-0.1845762,0.009775235061703086,0.019842116590290886
Twistnb,2.582287,0.5902435,0.009814789060497103,0.019919447967096746
Usp46,2.5810552,-0.24548137,0.00984988676299373,0.019987713530781905
Ndst1,2.57987,-0.22150634,0.009883753444206432,0.020053461179454446
Cpox,2.5794353,-0.2778008,0.009896195249024421,0.02007572615790075
Brd3,2.5790193,0.17144817,0.009908124423416612,0.020096944747882255
Rbks,2.5750275,0.7900441,0.010023215177488791,0.02032737172655483
Lonrf3,2.574958,0.6284416,0.010025225189629706,0.020328433343443985
Ccdc9b,2.5733588,1.3949078,0.010071673393561593,0.02041958986759893
Hpcal1,2.57219,0.08635402,0.010105741987166858,0.020485624321747227
Bmper,2.5716188,2.9753313,0.010122427110343588,0.020516405918771092
Fhdc1,2.5700135,-0.20008451,0.010169455664085164,0.020608670155062927
Ms4a10,2.569012,1.823007,0.010198894670250275,0.020665266649232853
Rdm1,2.565175,0.21527967,0.010312377524512514,0.020892112984845723
Timm8a1,2.562409,-0.2830176,0.010394882240706393,0.021056141999949627
Ttbk2,2.5618522,0.3240005,0.010411563556612035,0.021086808595478315
Tkfc,2.5610995,1.3397735,0.010434148684299014,0.02112942148049593
Terf2,2.5606773,-0.16206338,0.01044683746635527,0.021151984357774403
Mlph,2.5593941,-0.36560982,0.010485478481320077,0.02122707893886781
Lamp2,2.558821,-0.23236738,0.010502782053722801,0.021258961602229027
Acox2,2.5578296,1.0663444,0.010532769196033772,0.02131650418170221
Phf21a,2.549405,0.37723213,0.010790687317351532,0.021835254374782807
Ugt1a1,2.5489032,1.2089392,0.01080622567969048,0.021863461483912904
Adap2,2.545921,1.0674429,0.010898982587696,0.022047867882654257
Itfg2,2.5450828,-0.27704722,0.010925185678469574,0.02209760599808777
Tmem185a,2.5448909,0.2454491,0.010931186460100342,0.022104625211572464
Acy1,2.5445523,-0.34179923,0.010941790739055846,0.022121376161529968
Ptcd1,2.5444381,0.54346704,0.010945370147781543,0.022125341725190335
Gk5,2.544328,0.19722283,0.010948822705913906,0.022129049734462412
Dclre1a,2.544228,0.3148996,0.010951956420218376,0.022132112316607992
Klhl15,2.540903,0.44107538,0.01105665566822828,0.022340390996309356
Cbx1,2.538486,-0.19491671,0.011133328638287397,0.022491988348143026
Zrsr2,2.5359035,0.24736184,0.011215764008439077,0.022653154142271904
Uspl1,2.5358832,0.07223034,0.011216417308762197,0.022653154142271904
Anapc5,2.534037,-0.21168539,0.011275681092644289,0.02276948300973282
Prkrip1,2.532242,0.067924835,0.01133357421933051,0.022883010106207694
Cubn,2.5297656,0.084469065,0.01141387353749925,0.023041736141910574
Ubr7,2.5297086,-0.4071132,0.011415731524402424,0.023042085401653603
Ston1,2.5265875,0.23696084,0.011517666267790763,0.023244404694810903
Kazn,2.519293,-0.15989687,0.011759070271107813,0.02372809295520132
Fbxw4,2.5184467,0.8481783,0.011787374177350303,0.02378169694235252
Atad3a,2.5182507,-0.28280494,0.011793930186022684,0.02379141396870633
Tigd2,2.517553,0.5060903,0.011817312257012285,0.023835065651127283
Ublcp1,2.5162497,0.5704718,0.011861109999208117,0.0239198760122653
Setbp1,2.5145364,-0.049767148,0.011918903450403782,0.024032881846692968
Actr2,2.5144567,0.77344525,0.011921592772709178,0.02403476060250597
Tspan3,2.514012,0.16499902,0.011936635306131394,0.024061540066531075
Dhx30,2.512986,0.24405366,0.011971407764189522,0.0241280768128654
Lcmt1,2.5128045,-0.1610036,0.01197756968810496,0.0241369386214022
Dars2,2.5121498,-0.18482362,0.011999817521097578,0.02417820901738756
Btrc,2.5059302,0.04144345,0.012212970608081975,0.024604062030866385
Polr3g,2.5040781,1.0314922,0.012277093159222725,0.02472959919758002
Dglucy,2.50243,-0.28816417,0.012334404372155855,0.024841381412257925
Sesn1,2.501814,0.7982558,0.01235588591389382,0.02487789072048895
Zfp319,2.5018058,0.8632161,0.012356170659858204,0.02487789072048895
Baz1b,2.501055,0.11125236,0.012382392167745447,0.024927014999840864
Slc25a33,2.4992173,0.27806965,0.012446800281234943,0.02504930005090329
Zbtb20,2.4955251,0.073697224,0.012577085720844873,0.02530405285163361
Gpr180,2.4946826,-0.37725657,0.0126069824781134,0.025360471519299904
Eef1e1,2.4940584,-0.09787382,0.01262917414597686,0.025401376150350576
Wdr4,2.4934976,0.6221715,0.012649147134557148,0.025437806921333676
Ube2e3,2.492602,-0.3553713,0.012681089236859068,0.025498293679465926
Fnbp1,2.492341,0.115742296,0.012690416085520139,0.02551329608489972
Zfp704,2.4896443,-0.5170246,0.012787100718241323,0.02570389568160372
Dstyk,2.4857318,0.76507056,0.012928532786192017,0.025980556333751043
Zfp35,2.4853728,0.5752924,0.012941579974411819,0.026002954180147166
Xkr9,2.4849179,0.8065675,0.012958128083545144,0.02603237866056704
Tssc4,2.4810648,-0.27094117,0.013099057182230148,0.026311634395857413
Larp7,2.4807894,-0.29622445,0.013109180578138917,0.026328101689829592
Slc35c2,2.4786108,0.7582821,0.013189512064329702,0.026485547353848556
Mpp7,2.4765792,-0.22612174,0.01326481985271549,0.02663286029744301
Zfp560,2.4747453,0.69522524,0.013333119584779982,0.02676606140955171
Camk1d,2.4740968,-0.46067944,0.013357353319804255,0.026810774497038482
Zfp260,2.4725668,-0.21559131,0.013414662602883322,0.026921853697450752
Nprl2,2.47221,0.026017318,0.01342806599557367,0.02694479860447101
Ccdc181,2.4715858,0.08053854,0.013451531227307856,0.02698792393389597
Smyd2,2.4711144,-0.34636152,0.013469269171605874,0.0270195475900998
Morc3,2.4702148,0.36641583,0.013503189923068155,0.02708362015223776
Lcmt2,2.4661536,0.8800751,0.013657274700864032,0.027388653986554573
Mpv17l,2.4629347,0.20974982,0.013780498300565623,0.02762766665594999
Pip5k1a,2.4576495,0.518283,0.013984955817263797,0.028033460979343658
Cinp,2.4537005,-0.25026715,0.01413947010432836,0.028339037619330255
Armt1,2.453158,-0.07872008,0.014160817141482353,0.028377663307410782
Cdpf1,2.4530396,0.02899691,0.014165475533296591,0.028382839255359834
Etfbkmt,2.449582,-0.3623267,0.01430221153943374,0.028652613946931787
Tmem219,2.449017,-0.00876206,0.014324667529296748,0.028693398046452764
Bicd2,2.4471996,0.12907673,0.01439711066877185,0.028834283596288087
Foxk1,2.4466507,-0.060408793,0.014419045239309964,0.02887398501209017
Fhit,2.446202,0.17413816,0.01443700619639804,0.02890571884857148
Iars,2.4454248,-0.2408545,0.014468157984841664,0.028963850159963368
Fosl1,2.4452944,1.5229149,0.01447339664202005,0.028970096469500026
Adprhl2,2.4449985,0.76924455,0.01448527166292684,0.02898962241921916
Pnp,2.4449394,0.36915746,0.014487647697833618,0.028990134952864316
F3,2.4434013,0.8988416,0.014549545355316704,0.02910973412347563
Fam171a1,2.4428833,-0.0400502,0.014570449261853718,0.029147292810978585
Rint1,2.4422734,0.4997094,0.014595090544389342,0.029192315810227333
Ctnnal1,2.4399683,-0.21424241,0.014688548572452218,0.029370653857038177
Harbi1,2.4388301,0.02267712,0.01473489289737955,0.029459014674220085
Hace1,2.4380977,0.26454282,0.014764777493026234,0.029514447042411015
March3,2.4377449,0.8331139,0.014779197768310036,0.029538954908161316
Nfrkb,2.436358,0.23799205,0.014835998963993588,0.029648149325239268
G6pc3,2.4340346,-0.37921342,0.014931572007429955,0.02983478188217484
Ing3,2.4334145,0.16353314,0.01495717205981521,0.0298815672634
Thoc3,2.4327168,0.0839163,0.014986018330862416,0.029934823352986202
Psph,2.432627,0.30096003,0.014989733102917652,0.029937870626902133
Myo9b,2.431556,0.49229822,0.015034119709334272,0.03002213595577485
Xpnpep3,2.4299834,0.41662678,0.015099514462853713,0.030148322423642068
Irf8,2.4284167,-0.3928529,0.015164903695606375,0.030274461027360172
Fam118b,2.426489,-0.45480224,0.01524570520274493,0.030431326616192807
Mdm4,2.4257793,0.1514168,0.015275556038740864,0.030486460716547186
Rph3al,2.42356,0.307019,0.015369214982556516,0.030668906301832825
Cep57,2.4221463,-0.05321851,0.015429134098445957,0.030783981440946663
Dock6,2.419109,-0.14585613,0.015558573981144344,0.031037709583099767
Rbm4b,2.416702,0.76974326,0.015661829960382505,0.03123913720948523
Guf1,2.4152315,0.46179163,0.015725217411998997,0.031360995786653974
Fra10ac1,2.4127162,0.11180412,0.015834140927395463,0.03157361872005438
Vcpkmt,2.4126184,0.6847723,0.015838394644468373,0.03157749624771906
Clec14a,2.4110804,0.6950408,0.015905345455970474,0.03170635555545134
Pdzk1ip1,2.4103868,-0.578677,0.015935616800769627,0.031762069632783066
Trmt11,2.4097462,0.07200584,0.01596361826202986,0.03180878626957448
Polr2i,2.4097443,-0.31632435,0.015963707507721366,0.03180878626957448
Cpne1,2.4084265,0.45497704,0.016021451981484303,0.03191919519912556
Mnat1,2.408243,-0.1279304,0.016029511433710023,0.03192880387150383
Pitpnm1,2.4082103,0.8699561,0.016030944598299474,0.03192880387150383
Inpp5e,2.407986,0.2480637,0.016040800654639555,0.03194378170266433
Hmgb3,2.406819,-0.0073881797,0.01609213806825084,0.032041349458842495
Ddx56,2.4064295,-0.13201484,0.01610931259212033,0.0320708763571474
Homer2,2.4055994,0.24285136,0.016145963368604063,0.032139162891653646
Krr1,2.4054687,-0.1328559,0.016151733299261853,0.03214596898084789
Smox,2.4041326,0.06147683,0.016210889198558003,0.0322590089916008
Msantd4,2.4040592,0.011222782,0.016214146028227388,0.03226079542208782
Zfp790,2.401022,0.40506247,0.01634935684975682,0.03252508800122556
Prpsap2,2.3980763,0.62865555,0.01648142655808409,0.032783055735534535
Tmem161a,2.3963814,-0.13573514,0.016557854716331824,0.03293028843016837
Lnpk,2.3959937,-0.25126067,0.016575372922618115,0.0329603351340414
Vav3,2.3937929,-0.24019723,0.016675166916120813,0.03315395573974297
Mterf4,2.3932788,0.1804639,0.01669854961473593,0.0331956194187402
Csad,2.3922997,0.037490234,0.01674316774151061,0.033279479486214764
Sdhaf1,2.391698,0.05343573,0.016770641199344412,0.033329242610236134
Bahcc1,2.3898048,0.23744766,0.016857324414728033,0.033496645069951446
Slc25a36,2.3872387,-0.24619901,0.01697546027642971,0.03372648834522393
Hmgxb4,2.3861864,0.09059718,0.017024126370489213,0.03381826381703079
Camk2g,2.3854704,0.62752515,0.017057300555200633,0.0338792425696977
Apol7a,2.3838017,-0.07863321,0.017134832684639487,0.034028294650369585
Arl16,2.3832102,0.023084035,0.01716239376618733,0.034078079679484785
Pstk,2.3828185,0.15040381,0.01718066249347162,0.03410940179997451
Stk19,2.381256,0.43571457,0.017253717002528084,0.03424946726804638
Brf1,2.3810806,0.5517237,0.017261935932707438,0.03426080898109931
Paip2b,2.3780677,0.17857775,0.017403628176119814,0.03453702152204882
Ndrg2,2.3771968,-0.45439684,0.017444780918460648,0.034613664982581165
Zfp318,2.3759463,0.7019922,0.017504008839061256,0.034726145491681806
Ccdc82,2.3733435,0.40537658,0.017627861356806027,0.034966783297696896
Ro60,2.3726356,0.40938944,0.01766167481908239,0.03502877493124753
Mettl4,2.3698208,-0.056918066,0.01779671233760284,0.035291479294767815
Mapk7,2.3694026,0.74596477,0.017816849244535565,0.035326288736990556
Rbbp9,2.3680398,0.2823323,0.017882604676583144,0.03545152492784495
Thoc1,2.3667529,0.19821413,0.01794491314211648,0.03556989233489533
Slc6a9,2.3664408,0.44087574,0.017960049834258564,0.03559473644688201
Nrde2,2.366041,0.22735669,0.01797945696991616,0.03562803565622424
Fcsk,2.3659837,0.082565084,0.017982230916882797,0.03562836971723736
Nfia,2.363224,-0.18171975,0.018116719500733774,0.0358896333728139
Kctd11,2.3609352,0.9698058,0.01822891389941517,0.03610666245285378
Asf1a,2.360205,0.121994406,0.018264839905129532,0.036172583012693174
Zfp511,2.3565395,0.10758798,0.018446110460172766,0.03652629026105742
Acd,2.353086,0.33445075,0.018618328643946903,0.03686197252149615
Tsr1,2.3522007,-0.46219063,0.01866270262566209,0.03694447863432673
Acer3,2.3517172,0.07506838,0.018686973538462128,0.036987170811762865
Lrrc14,2.349965,0.37327054,0.018775174370812196,0.037156368961050186
Cdc42ep2,2.349661,1.1064907,0.01879051047087572,0.037181338545684485
Mib2,2.3492308,0.9967385,0.018812246779842064,0.037218963355662646
Gpr39,2.3482904,1.0938956,0.018859813538074525,0.03730767396689847
Rangap1,2.3479395,-0.15245184,0.018877587714041754,0.03733743303290729
Nkapd1,2.347862,0.65604484,0.018881516542099182,0.03733980314001537
Ice1,2.345261,-0.17190608,0.01901375423818501,0.037595877560321
Terf1,2.3440862,0.110428885,0.01907375962999646,0.0377090737227413
Vkorc1,2.3430235,-0.0623611,0.019128177873550253,0.03781119289112456
Lsm2,2.3412366,-0.55516803,0.019219981703695294,0.03798717297268871
Hoxb7,2.341057,0.06459601,0.019229225257697373,0.0379999502021693
Arhgef10l,2.3396516,0.38082892,0.019301732485064112,0.0381377245677289
Donson,2.3383338,-0.009457118,0.019369931498348432,0.03826601545281183
Zfand1,2.338289,-0.28654534,0.019372257768176693,0.03826601545281183
Rai2,2.3372855,1.048908,0.01942434543459563,0.03836336276980001
Zfp169,2.337165,0.72703564,0.019430599929242023,0.03837017386749238
Ldlrap1,2.3365164,0.12546076,0.019464340904096697,0.0384312535176902
Galc,2.3346603,0.15702419,0.019561178252413776,0.03861687781171624
Tec,2.33189,1.0136395,0.019706471945603984,0.03889809524482311
Pqlc1,2.330503,0.252231,0.019779579253852906,0.039036765232564365
Ddx27,2.32963,0.2983936,0.019825715195170037,0.039122172481089505
Trim21,2.3281755,0.16094688,0.0199027811514417,0.039268580615490586
Rbpj,2.3276758,0.3070292,0.01992932274623818,0.039315275325275116
Ttc37,2.3244936,-0.10622737,0.0200990481245849,0.039644379504355766
Swt1,2.3231006,0.26911157,0.02017375354511651,0.03978599361544105
Wdr74,2.318611,-0.32221305,0.020416146252196992,0.040254168272479164
Cpeb3,2.3185945,0.45609105,0.0204170318930834,0.040254168272479164
Nkap,2.3179193,0.2819102,0.020453704672882187,0.04032065898827504
Rpgr,2.317797,0.022671461,0.02046035845412546,0.04032796221680105
Lyplal1,2.3174665,-0.10179982,0.020478333094152104,0.040357573866915984
Cenpo,2.3169484,0.49337655,0.02050654327913167,0.04040734572653107
Sbf1,2.316614,0.9552409,0.020524775729700743,0.04043271573410438
Alcam,2.3166037,-0.34956136,0.020525331819097083,0.04043271573410438
Mfap1b,2.316,0.8386545,0.020558275732883016,0.040485947673844364
Zfp37,2.316,0.53349084,0.020558275732883016,0.040485947673844364
Csgalnact2,2.315596,0.5885957,0.020580338269305925,0.04052356023509842
Twf2,2.3152533,0.20967047,0.020599074185183027,0.04055461265222832
Trim39,2.312787,0.8636087,0.020734345042086908,0.04081505231762465
Ppt2,2.3119283,-0.12643842,0.020781630732051335,0.04090224528796805
Acsl4,2.3115695,-0.09139296,0.02080142646775206,0.040935315433373066
Atg14,2.3083627,0.49023548,0.02097896864098647,0.041278762038199995
Pnpt1,2.3053296,-0.17950727,0.021148124745304323,0.04160561155114898
Tmem25,2.3037772,0.5275695,0.0212351522836166,0.04177081522992765
Qpctl,2.3036325,0.2337098,0.02124328769168827,0.041780808166811026
AI413582,2.3033917,0.08260929,0.021256814516108065,0.04180140041814464
Zfp46,2.3010705,0.7578206,0.02138765365991783,0.04205264756281472
Fbxo30,2.3006012,0.13279602,0.021414182451638987,0.04209875575419252
Rmi1,2.3004808,0.39592794,0.021420992279626665,0.04210609018598457
Cwc22,2.3001096,0.11714653,0.02144201074946489,0.04214051411641752
Pcid2,2.3000627,0.088855475,0.021444668207396673,0.04214051411641752
Vav2,2.2968173,1.0499631,0.021629192404336903,0.04249701237490045
Ttll5,2.2951427,0.115854025,0.021724951490164394,0.04267902767246058
Arrdc2,2.2950447,1.0914438,0.021730561471904768,0.04268391670903443
Pelo,2.2935393,0.22591461,0.021816973789031035,0.042847496275312286
Trip13,2.2923787,0.5671402,0.02188380192148506,0.042972571981089634
Ovol2,2.2913098,-0.4920451,0.021945502347835877,0.043087544092843585
Zfp120,2.2904897,0.28300378,0.021992939950798308,0.043174483753541035
Angel2,2.2862673,0.5052527,0.02223862311404562,0.04364870258648187
Slx4ip,2.2862287,0.46844125,0.02224088918629657,0.04364870258648187
Fam199x,2.284311,0.022637343,0.022353251128122753,0.04386292282638522
Rnf41,2.2826078,0.22903837,0.02245347561002856,0.0440532681444965
Hdac10,2.2823367,0.4137254,0.022469475523509606,0.04407833564538716
Tcerg1,2.2809618,-0.35648942,0.0225507102573644,0.04423134864736921
Rnaseh1,2.2803967,0.40803215,0.022584169987169524,0.04429062449082794
Dpy19l4,2.2781324,0.2809698,0.022718683753217752,0.04454803560729176
Ankrd12,2.2779756,0.5094394,0.022728040656690346,0.04455999368892337
Zc3hc1,2.2757113,0.13520798,0.02286329842290335,0.04481875085051652
Xpot,2.27391,0.008591981,0.022971394232616515,0.04502419609159106
Ssbp2,2.2647839,1.4828312,0.023525945160347932,0.0460986442101186
Rft1,2.2647777,0.223917,0.02352632087330294,0.0460986442101186
Tbc1d30,2.264688,0.15931432,0.023531831928249567,0.04610283690813938
Myo1b,2.2635171,-0.42958987,0.0236038288482012,0.04623726679546647
Guca2b,2.2601616,-0.45676744,0.023811221285796547,0.04663684489877797
Apaf1,2.2591825,0.22880358,0.023872034145807765,0.046749257760836486
Gpam,2.257,-0.38806742,0.024008081190554965,0.04700895049840193
Fbxo45,2.256551,1.2154915,0.024036136661698133,0.04705714657819928
Slc15a4,2.255972,-0.29141942,0.024072395759015104,0.047121387346769475
Ldhd,2.255715,0.4104455,0.02408849772434161,0.047146158062168535
Ctdp1,2.2546968,0.39854243,0.024152358380607173,0.04726438191969134
Pex10,2.2529733,-0.1280776,0.024260833923884242,0.04746986749307727
Nr5a2,2.2526448,-0.3463725,0.024281549874700388,0.04750360436860197
Zfp507,2.2521105,0.24532087,0.02431529432489432,0.04756281646301385
Togaram1,2.2509906,0.010853883,0.02438613496007733,0.04769456458510548
Trim12a,2.2504275,1.1786705,0.024421816348145397,0.0477575201717272
Svbp,2.2490222,1.2275729,0.024511088054313016,0.04792524008331863
Bfsp1,2.2474127,0.5406161,0.024613663637423233,0.0481189206921748
Tnip2,2.246605,1.0047277,0.024665286463801523,0.04821294916988077
Crybg3,2.2463684,0.99990445,0.024680426052300745,0.04823564760114516
Xpo5,2.2453709,0.47417864,0.02474433577622406,0.04835364271789997
Fastkd5,2.2438002,0.4096828,0.024845261297261875,0.04854392745250124
Gtdc1,2.2435942,0.3363109,0.02485852599226803,0.04856290613489504
Tbccd1,2.2431576,-0.13676952,0.024886651651662532,0.048610907204183
Eps15l1,2.2415032,0.2995967,0.024993490272194455,0.04881262203259914
Gpd1,2.239384,-0.3818766,0.025130945032437353,0.049074064446463055
Hddc2,2.2390718,-0.31777263,0.025151241382959127,0.04910668559565478
Pcbd1,2.2389066,-0.2950331,0.02516199225315184,0.04912066296386173
Inafm2,2.2385516,0.853614,0.025185100166742986,0.049158756034857316
Thyn1,2.2376277,-0.103604205,0.025245346608809564,0.049269318520832134
Zfp715,2.2316694,0.2546867,0.025636826530570197,0.05002619903047196
Mrrf,2.2309268,0.09574558,0.025685976802001496,0.0501149568793509
Tti1,2.2272775,0.27566537,0.025928728702272027,0.050574149907797745
Aldh3b1,2.2269206,0.47217265,0.02595258086221061,0.05061345454802198
Rdh16,2.2267003,0.15515533,0.02596731051701474,0.05063495954943342
Ice2,2.225356,0.2296489,0.026057345389035015,0.05080327889863898
BC029722,2.2241383,0.5987885,0.026139142451767194,0.05095549152215487
Zswim3,2.2237303,-0.053046312,0.026166594738620656,0.05099473577834206
Bbx,2.2237282,-0.39533377,0.026166732062641772,0.05099473577834206
Pxmp4,2.2224739,0.04498557,0.026251304413930948,0.051152263872970324
Zfp787,2.2185552,-0.08526184,0.026516995753230348,0.051662618168603076
Ighmbp2,2.217982,0.317259,0.026556054651657234,0.05173134577797902
Eif3g,2.216397,-0.5093071,0.026664316178261104,0.051934841723076566
Orc5,2.2162626,-0.092553236,0.026673529677979292,0.051945388542632705
Pea15a,2.2145736,0.40224817,0.02678935104717465,0.052158272702157824
Ndst2,2.2145572,0.36324075,0.026790472209137592,0.052158272702157824
Gal3st2,2.2125154,0.43336245,0.026931077694660504,0.05242455337715052
Nsun4,2.2122686,0.06313978,0.026948117046499222,0.05245025627823468
Taf13,2.2117095,0.9993684,0.026986736429505297,0.05251794801102675
Rfx5,2.2083704,0.08735706,0.027218462956941053,0.05296136609791817
Plekhm2,2.2078931,0.36231944,0.02725172683924636,0.053018546667619
Jag1,2.2071548,0.035100814,0.027303255460708605,0.053111240174280254
Bbs2,2.2066224,0.03854037,0.02734045945153356,0.05317604650828067
Usp37,2.2039542,-0.059393212,0.02752756661922846,0.05353234833872998
Fyb2,2.2020388,-0.07742493,0.027662569115262974,0.053787236264925514
Npm3,2.200776,-0.35640055,0.02775187631268929,0.05395321418482031
Vmac,2.200613,0.3021603,0.02776343656126837,0.05396801634333262
Tha1,2.2002316,0.2577597,0.02779047484065577,0.05401289702188283
Eif2s3x,2.1948688,-0.078499734,0.028173011330999444,0.05474860451206728
Phka2,2.193496,0.7643306,0.028271663616969134,0.05493250923018654
Zfp280b,2.1925535,-0.19395961,0.02833955846310013,0.0550566077543535
Otud1,2.1922946,1.4829277,0.02835824679612205,0.05508508876945583
Zfp593,2.191134,0.13363124,0.028442106821076063,0.05524013787504832
Pigl,2.1903098,0.4910526,0.028501778522176915,0.05534817115745091
Pmaip1,2.1897142,-0.27592838,0.028544974682780284,0.055424184124239724
Atp13a2,2.1891308,0.27329502,0.028587337900672274,0.055498558459922395
Dhx57,2.1889431,0.39681962,0.028600976735277416,0.05551715498295509
Nup54,2.1886759,0.21879955,0.028620406920798525,0.055546986182503526
Nnt,2.1877232,-0.31903788,0.028689765834136075,0.055673697712758735
Pde4d,2.1859567,0.29102555,0.028818767419847364,0.055916095979911
Dpf3,2.1856794,0.6572931,0.028839071635275552,0.05594755349870807
Chka,2.184286,0.27326053,0.02894122694233805,0.056137769990989045
Tmem39b,2.1839597,-0.13258262,0.02896520289106734,0.05617630825916124
Arl15,2.1815019,-0.0062282667,0.029146321638901723,0.05651956160124518
Mogs,2.1806982,-0.033787128,0.02920575326187604,0.05662677950604776
Klhl7,2.1796558,-0.30544284,0.029282988668348265,0.05676848171812624
Ppib,2.178542,-0.26717037,0.029365708315944494,0.05692077409220991
Zdhhc1,2.1766083,-0.17699176,0.029509809008636104,0.05719198387090402
Phb,2.1747377,-0.5314694,0.029649775841069766,0.057455106224547116
Zfp617,2.1745236,0.30763677,0.02966583894720079,0.05747808835406217
Rnaseh2a,2.1715026,-0.52010345,0.029893203640780082,0.057910406543089335
Ap5z1,2.1708112,0.5159569,0.029945457470145754,0.05800341797510527
Tmem199,2.1704438,0.34103587,0.02997323476617936,0.05804077958474975
Parp10,2.1683736,0.95103115,0.03013028276613631,0.05833662987780179
Tubgcp6,2.1681163,-0.08899781,0.030149827634520454,0.05836620794196874
Cntn3,2.1679595,2.5921788,0.03016177708355213,0.058381075954363114
Twnk,2.1666927,0.096833855,0.030258297470244104,0.05855961193116163
Ercc1,2.1635942,-0.24788916,0.030495510821710807,0.05901034533562973
Pex11b,2.162466,-0.08905422,0.03058226533580228,0.059169846981762336
Gtf2i,2.1608403,-0.44457367,0.030707671355712125,0.05940407494544678
Cbx7,2.1575644,-0.2616608,0.03096171344833915,0.05988704828939715
Zfp51,2.1567464,0.29428625,0.031025425624345012,0.06000179541973102
Nr2f2,2.156571,-0.10440262,0.031039104227434913,0.06001976107327099
Dnal4,2.1546657,0.7864625,0.031187993894106,0.060299139898473006
Maob,2.154113,-0.113675706,0.031231308760399257,0.060374349349513697
Alg2,2.151402,0.43865582,0.03144447547299258,0.06077783775168531
Zfp668,2.151345,0.7224533,0.03144897996172258,0.060777953784137397
Ogg1,2.1468675,0.14751787,0.03180382649793595,0.06145504131118753
Mta1,2.145805,-0.4530584,0.03188855437200551,0.06161005665967439
Tti2,2.1444075,0.656294,0.03200024723733114,0.06181711837413525
Itgb1bp1,2.1434834,0.2367448,0.0320742953477057,0.06195141085873947
Trim68,2.143361,0.32618108,0.03208411404978454,0.06196162401225866
Arl14ep,2.142384,0.22190663,0.03216259243805922,0.062104412819889834
Acbd6,2.1417885,-0.44221386,0.03221051378873971,0.06218816547522455
Rnf8,2.1398363,0.06327766,0.03236800020012567,0.062479355020656456
Ppil3,2.1398058,0.25160477,0.03237047388090318,0.062479355020656456
Ippk,2.1392632,0.15345202,0.03241436739685423,0.06255524614055626
Tarsl2,2.1374865,0.45168135,0.03255845091583433,0.06282444141019253
Slc36a1,2.1358159,-0.70195407,0.03269443250590809,0.06307792953136189
Pnp2,2.1352406,0.0714394,0.03274136643270004,0.06315956918707478
Tmem39a,2.1349509,-0.009191208,0.03276502166078955,0.06319628648960467
Ifnlr1,2.130969,0.42037895,0.03309168393459468,0.06381734280152056
Tefm,2.1299083,0.4717412,0.03317917338322599,0.06397704399543365
Hdac2,2.126559,-0.51602906,0.033456738750174846,0.06449864417147676
Ccpg1os,2.1265304,-0.41753593,0.03345911383930209,0.06449864417147676
Uvssa,2.1263714,0.57706034,0.033472349119393965,0.0645150633132787
Kti12,2.123432,0.01068968,0.033717669303574546,0.06495127873311479
Xpo4,2.122969,0.025120595,0.03375645431579524,0.06501683278429578
Nhej1,2.1228874,1.1850203,0.03376329263138003,0.0650208458997496
Med31,2.1211412,0.21255347,0.033909916767150244,0.06529401743041109
Epm2aip1,2.120817,0.61968976,0.03393721172549583,0.06533737439760039
Rab23,2.1197174,0.4973773,0.03402987972516471,0.0654973406392157
Fance,2.1189036,0.34085456,0.034098617364845256,0.06562040423082731
Zfx,2.1185405,-0.038814,0.03412932053803759,0.06567024881914507
Prpf4,2.118202,0.12565127,0.03415797512514877,0.06571613813117748
Msi2,2.1177754,-0.43410218,0.0341940815256074,0.06577634897491647
Zfp771,2.1176145,0.15301694,0.034207737891930004,0.06579336366696804
Zbtb8a,2.1140733,-0.30618885,0.03450901097608119,0.06636348264630998
Trmt112,2.1109462,0.15616462,0.034776936369961285,0.06686932014330998
Pola2,2.1088085,0.05893663,0.034961117982181246,0.06721401495941635
Mapk8ip3,2.1081781,0.15362082,0.03501558216374811,0.06730926146882982
Nrbp2,2.1076171,0.015441261,0.03506411442606925,0.06739308008102558
D10Wsu102e,2.1063423,-0.34061223,0.03517462862219136,0.06759598740984638
Zmynd19,2.1053529,0.037491385,0.03526059238225254,0.06775166514364249
Hoxb5,2.1036558,0.6524728,0.03540847773978589,0.06802081109858647
Naa40,2.1036315,0.35427794,0.03541061456752008,0.06802081109858647
Smim3,2.103511,0.44239557,0.03542112223774959,0.06802188549378256
Napepld,2.1020057,-0.28862885,0.03555278209957056,0.0682651355253619
Vps13c,2.0994518,-0.4323115,0.03577709498395488,0.06868619597158261
Lman2l,2.0989664,-0.09406463,0.03581987218921962,0.06875866819028331
Fyco1,2.094591,0.22656111,0.03620737817105792,0.06949275740199538
Setd4,2.093626,1.4877133,0.036293307429413085,0.06964371630837568
Mcts2,2.0935526,0.6786036,0.03629985461183495,0.06964371630837568
Zc2hc1a,2.0935364,-0.08221651,0.03630130967795992,0.06964371630837568
Sik1,2.0928,0.63554686,0.03636702129111355,0.06975999665534827
Spryd4,2.0907233,0.2307667,0.03655287064301794,0.07010666283916835
Map4k4,2.0904317,0.4689051,0.036579041892068107,0.07014701975515795
Tex30,2.0887854,0.40917617,0.036727035040586366,0.07042094842681135
Ptch1,2.0884204,-0.016459413,0.03675993030251089,0.07047414087856951
Pank4,2.088355,-0.004486333,0.036765813663290646,0.07047553992788051
Fbxl12,2.088245,0.5870401,0.03677574365336727,0.07048469438819865
Gipc1,2.0872006,-0.3018065,0.03687000823786301,0.07065546001300121
Rnpc3,2.0839307,0.57882696,0.03716646920409429,0.07121360044360227
Stimate,2.0838125,0.39272466,0.037177233735521814,0.07122424647425901
Yae1d1,2.0835474,0.49893132,0.03720137077579184,0.07126050502296588
Rhbdf2,2.0822785,-0.07602657,0.03731704193076016,0.07147206560268139
Traf3,2.080608,0.84250075,0.03746981530623077,0.07174457075226909
Hsf1,2.078417,-0.2774322,0.037670961878514486,0.07211961412413351
Cbx3,2.0756593,-0.42956683,0.03792547986920998,0.07259671573508489
Usp10,2.07529,-0.5267187,0.03795966441114729,0.07265198192056532
Fbxl15,2.0751023,0.4358115,0.03797705002253986,0.07267508523065107
Zfp955b,2.0750003,0.23375303,0.03798650156444866,0.07268300110449635
Dhx33,2.0721977,-0.14988005,0.03824701387053502,0.07317122477330253
Pitpnm3,2.0719059,0.44864458,0.038274213933387626,0.07321151392597239
Lzts2,2.071857,-0.07712054,0.03827878059017934,0.07321151392597239
Gstm4,2.0717957,-0.50389206,0.038284489562572646,0.07321219336710683
Rbm12b2,2.0682874,0.49462983,0.038613016625745886,0.07383011777923307
Tcp11l2,2.0654519,-0.19921878,0.03888025982068721,0.07433070782159899
Timm9,2.0646992,-0.25404382,0.038951467601872534,0.07445643268879044
Crebzf,2.0642567,0.21835265,0.03899339488702247,0.07452616003913799
Bcl7c,2.0633245,0.16229194,0.0390818187495828,0.07468472210739865
Ifi47,2.0607378,-0.37805498,0.03932805336166762,0.0751447715133163
Zfp729b,2.059718,0.7691048,0.039425510495772344,0.07532046046796406
Prkacb,2.059463,-0.33878365,0.03944990678937678,0.07535654076613038
Ppp3cc,2.058957,0.2796438,0.03949834697289038,0.07543853280087653
Tbl3,2.058808,-0.061295144,0.03951261519003766,0.07545524545786413
Cdc23,2.0587409,-0.18614818,0.03951906664180854,0.07545702825003237
Nsmaf,2.0574048,0.6478464,0.039647303306266556,0.07569131267809509
Snapc2,2.0556486,0.13387379,0.03981640798363652,0.07600354259858032
Mettl6,2.0536208,0.49395338,0.04001239526977338,0.07636699306547816
Tmtc3,2.0534556,0.0682853,0.040028402064553534,0.0763868822540845
Dusp10,2.0530539,0.64851034,0.04006735484324828,0.07645054799517514
Rfc1,2.0522583,-0.119293824,0.040144564324680054,0.07658718152064728
Gmip,2.0517259,1.6417964,0.04019630574132397,0.07667519612395109
Cdkn1c,2.0512567,1.8956395,0.040241948497653064,0.07675155449168837
Hspbap1,2.0501778,0.40868184,0.040347093666396334,0.07694136185859293
Upf3b,2.0468242,-0.05858158,0.04067534675860199,0.07755652076462384
Sirt5,2.0466468,0.28603265,0.04069278070055542,0.07757894550119829
Taf7,2.0457675,0.7921752,0.04077924228849121,0.07773294372666815
Saysd1,2.0444171,0.27091315,0.040912347285850255,0.07797579778871111
Gle1,2.042516,-0.12449608,0.04110036369432368,0.07832322652172191
Qser1,2.0366127,-0.46201998,0.041688854805621366,0.07942255356183786
Tmem263,2.0358703,-0.04523569,0.04176337632785815,0.07955344355529463
Dohh,2.035607,0.66727644,0.04178981347679623,0.07959271577927415
Trmt10b,2.0353177,0.067570455,0.04181893121259371,0.07963708178975337
Aldoc,2.0335267,0.008601334,0.04199935065679325,0.07996952384177773
Psen2,2.0329125,-0.109846644,0.042061354310374194,0.08007643327222151
Ercc5,2.0327454,0.5110775,0.04207825909005214,0.08009746562589964
Mphosph10,2.032266,-0.10040234,0.042126737564976535,0.08017858541420377
Klf11,2.0316622,0.1608317,0.04218786705779259,0.08028375758632252
Dnajc1,2.0308728,0.16191883,0.042267902930690174,0.08042487443678699
Rbms2,2.0307095,-0.5661747,0.04228446382560226,0.08044519237828478
Rcan1,2.0303812,-0.077742,0.04231780926674519,0.0804972707823344
Bms1,2.030324,0.1524287,0.042323610744057355,0.0804972707823344
Noa1,2.0298753,-0.07354972,0.04236921719518733,0.08057280561037224
Mus81,2.0296345,0.91355693,0.042393695960424575,0.08060814686579616
Abcd1,2.0281658,-0.6071427,0.0425433172429507,0.08088139347940371
Naaa,2.0280232,-0.3400486,0.042557887547113545,0.0808978471235443
Lyrm9,2.027454,0.23142414,0.04261600255325699,0.0809970583621667
Pxmp2,2.0273745,-0.06388965,0.042624131499843815,0.08100125045308007
Nek1,2.026738,0.13900627,0.04268921028835558,0.0811136516177939
Polr2c,2.026377,0.24629852,0.04272616732334053,0.08117259490784687
Mbd5,2.0257509,0.04548314,0.0427903320951697,0.08128320480642388
Eif4e3,2.0250123,0.3163406,0.0428660968352914,0.08140729402135079
Eri1,2.024998,-0.34733906,0.042867563016288635,0.08140729402135079
Yars2,2.0226665,0.036946975,0.04310753872814808,0.08185165122291377
Fastkd2,2.0212753,-0.22831488,0.04325126643324617,0.08211315680614208
Ttf1,2.0203106,0.09172591,0.04335118618313913,0.08229143129572841
Snta1,2.0198026,1.6928103,0.04340386495587944,0.08237999351445542
Nup155,2.0187542,-0.16152641,0.04351277853879883,0.08257524930864195
Amigo1,2.015256,-0.2579329,0.04387784860127887,0.08325649779693195
Snip1,2.0143583,0.6612234,0.04397192667237964,0.08342343191520415
Tbl2,2.0136302,-0.28128263,0.044048383286890244,0.08355689297381386
Atxn10,2.012039,-0.35478443,0.04421582188096371,0.08386287991985834
Fdxacb1,2.011476,0.40029782,0.04427519791319061,0.08396385126374727
L2hgdh,2.0102482,0.032312334,0.04440493999245451,0.08419821885701823
Adamts18,2.0092485,2.0065622,0.04451078071263706,0.0843872072986707
Amot,2.0086284,-0.6302495,0.044576552089801325,0.08450018711228627
Nckap5,2.0055137,1.569216,0.044908165014253806,0.08511700021759123
Nfib,2.0045815,-0.53289104,0.04500781357947266,0.08529404804591029
Slc38a6,2.004255,1.2035714,0.045042745517089554,0.08533659530980875
Mtfp1,2.0014544,-0.23415984,0.04534344604076756,0.0858916484232238
Unk,2.0014095,-0.2841767,0.045348277997490014,0.0858916484232238
Tbc1d17,2.0011463,0.52182263,0.04537661956904175,0.08593342647924747
Nup93,2.0008934,-0.23583904,0.04540387670125989,0.08597313955825658
Zfp397,2.000306,-0.23660113,0.045467236838819834,0.0860811939320035
Igkc,1.9999571,-0.17582648,0.04550489216534551,0.08614055929694074
Dmac1,1.9995064,-0.058275864,0.045553596749654694,0.08622082152962324
Med17,1.998619,0.25314364,0.04564959157481118,0.08639055698665139
Tnfrsf14,1.9978806,0.41596657,0.04572960681237921,0.08653000873935045
Adal,1.9963772,0.28673413,0.04589287597780663,0.0868269340061574
Ccnq,1.9931421,0.36005878,0.046245891701420856,0.08745852150697417
Sntb2,1.9919263,0.5000275,0.04637914056210416,0.08769838871498539
Znhit3,1.9896438,0.5971025,0.046630190714667015,0.08816090944602122
Degs1,1.9885321,-0.2097621,0.04675287625750382,0.08838064457027436
Mcat,1.9873878,0.048223816,0.04687944717240391,0.08860766276193828
Mob3a,1.986739,0.24604897,0.046951321196675486,0.08873124894479509
Snrnp35,1.9855641,0.46502942,0.047081744157487,0.08895314332048007
Zfp451,1.9855009,0.2764569,0.047088772082489856,0.08895413154137985
Nme7,1.9853724,0.28977573,0.047103057358750186,0.08896882726255646
Mphosph8,1.9847747,0.26859376,0.047169543140994176,0.08908210225840289
Rhbg,1.9847053,1.1332002,0.04717726332335973,0.08908437944586363
Utp23,1.9840689,0.9719761,0.04724815698503307,0.08920592941741368
Fam120c,1.9835753,0.1435598,0.047303206697117954,0.08929753611031033
Pold2,1.9825962,-0.49071681,0.047412555813837555,0.08949160810962438
Jrkl,1.9816129,0.26939806,0.04752257435611825,0.0896868899144241
Bcl2l12,1.9807277,0.023300726,0.04762182025944603,0.08986178998867456
Lyrm4,1.9787837,-0.20587984,0.047840361115136794,0.09026171885340724
Haus8,1.9780046,0.42793733,0.04792819725021191,0.09041496722260284
Atf4,1.9774884,0.5596991,0.04798644601598451,0.09051236541635699
Ptger3,1.9753221,1.0968847,0.04823160202529382,0.09096223385683257
Camkmt,1.9738494,0.42836186,0.048398871289978884,0.09126510823089648
Fkbpl,1.9726255,0.036600295,0.048538246658833564,0.09151530719144478
Stn1,1.972195,0.773591,0.048587340369296454,0.09159524118419204
Ppargc1a,1.971934,-0.54431814,0.048617142650739714,0.09163879059253834
Trpt1,1.9704245,0.31285238,0.048789738129732016,0.09193534738398887
Hdac8,1.9704041,0.01020573,0.04879207401920636,0.09193534738398887
Dusp28,1.9703817,0.016330158,0.04879464360606883,0.09193534738398887
Zbtb26,1.9680685,0.18013923,0.04906015488739179,0.0924228706550603
Ltv1,1.9674851,-0.23714465,0.04912730918977472,0.09253663266806739
Ankrd54,1.9662571,0.2808943,0.049268914054903364,0.09279057976873757
C87436,1.964762,0.3393937,0.04944179549066398,0.09310335352999585
Fam133b,1.9644743,0.71359396,0.04947510928700903,0.09315325891502801
Hacd3,1.9636849,-0.6786222,0.04956664180647812,0.0933127514735116
Gmeb1,1.963532,0.162733,0.0495843970880663,0.09333332831098508
Recql,1.961537,-0.06196579,0.04981641471126468,0.09375715265297889
Fn3krp,1.9569515,0.286602,0.0503531761170863,0.09475432549898928
Prpf31,1.9564129,-0.1541441,0.05041652900379399,0.09484969749540915
Rbm28,1.9564028,-0.28992882,0.050417729513281835,0.09484969749540915
Smc4,1.956209,-0.43966532,0.050440543745356566,0.09487058152789137
Camk2n1,1.9561906,-0.5463077,0.05044270554217902,0.09487058152789137
Bloc1s4,1.9553298,0.8140763,0.050544156994040766,0.0950483150293602
Fbxl18,1.9548708,0.62097746,0.05059831824688346,0.09513708263799414
Cyth3,1.9544792,-0.17764607,0.0506445742912913,0.09521096417836246
Amacr,1.9541609,0.9563556,0.05068218340790847,0.09526857156057023
Ddhd2,1.9538121,0.7564125,0.050723435662542914,0.09532535176779873
Lrrcc1,1.9537877,-0.31833273,0.050726331613475055,0.09532535176779873
Slc36a4,1.9509422,0.7607357,0.05106393109734973,0.09594658666615247
Pus1,1.9503384,0.017686859,0.051135806549808226,0.09606843722607879
Tmem268,1.9498692,-0.10033329,0.051191714184976235,0.09616025981861952
Irgq,1.9492694,0.44234407,0.051263253237681265,0.09628141574306981
Capn15,1.9489982,0.47748932,0.05129564362751078,0.0963290204073345
Tbc1d9,1.9432275,1.337936,0.051988677454825355,0.09761707595698706
Erh,1.9427236,-0.45326906,0.05204955627103924,0.09771796842482998
Klhl28,1.9420893,0.3245969,0.052126294151912264,0.09784860295503092
Rrm2b,1.9411061,1.2870404,0.05224541248706423,0.09805689438253193
Ubtd1,1.941055,0.50292766,0.052251597028556494,0.09805689438253193
Hibch,1.9405288,-0.4692561,0.05231545726474914,0.09816326538082389
Trim3,1.9386582,1.1589763,0.05254296182163334,0.09857662270693317
Eif2ak3,1.9370244,0.27526855,0.052742363383608486,0.09893714941986914
Zfp623,1.9367062,-0.09922375,0.05278127163804509,0.09899655598001186
Tnfaip3,1.936592,-0.0028979569,0.05279524455379764,0.0990091839376279
Polr3b,1.9352293,0.33567843,0.05296215999494701,0.09930858877429045
BC003965,1.9351599,-0.40270767,0.05297066747088287,0.09931092372694315
Cab39l,1.9350376,-0.27516404,0.0529856834493273,0.09932545869356421
Ctu1,1.9275086,0.7167412,0.05391627944219693,0.10105607474945764
Mast3,1.9272863,-0.12625793,0.05394396722999223,0.10109411427574945
Ampd2,1.9271598,-0.1920134,0.05395972154149844,0.10110978241709936
Riok1,1.9252933,0.5211404,0.05419267158898765,0.10153237210294645
Ripk2,1.9242734,0.28625295,0.054320320887153856,0.10175758741531904
Map1s,1.923027,0.31458247,0.05447664882095023,0.10203645700951848
Zfp212,1.9228598,0.57288724,0.05449765753788547,0.10206182783218075
BC024978,1.9227619,0.1362271,0.05450995845912737,0.10207088620136474
Nufip1,1.9201897,-0.29567134,0.05483394449440693,0.10266349821481582
Mtrf1l,1.9188924,-0.0055834283,0.05499795883093782,0.10295648008392534
Dgke,1.9188006,0.15454756,0.055009579096193535,0.10296413826176384
Rpap2,1.9181254,-0.1542251,0.055095115519989114,0.10311012792334079
Tars2,1.9166914,-0.25462216,0.055277151366553895,0.1034366509219519
Pigw,1.9161916,1.0373861,0.05534070970355929,0.10354141540514068
Grk6,1.915798,-0.44712278,0.05539082098505137,0.1036107089558714
Mmab,1.9157816,-0.04160387,0.05539289895256862,0.1036107089558714
Zfp526,1.9130054,0.25265935,0.055747360031058325,0.10425945684145549
Slc8b1,1.9120773,-0.4368673,0.05586628160788706,0.10446757842032758
E4f1,1.9106433,0.0916775,0.056050437380807464,0.10479761159181598
Mctp1,1.9105189,2.2292755,0.05606644056626528,0.10481320228895115
Mknk2,1.909144,-0.5660263,0.056243516068458704,0.10512986361894106
Tut1,1.9079813,0.18513866,0.056393631529036196,0.10539605181899275
Pglyrp1,1.9067105,-0.42719126,0.05655808644060949,0.10568896311496785
Cnpy4,1.9056253,0.23844866,0.0566988356319447,0.10593750201760402
Nucks1,1.9051255,-0.6635082,0.05676375229974895,0.10604430501353374
Morf4l2,1.90361,-0.27998608,0.05696100032790005,0.10639826246196328
Klc1,1.9027472,-0.19631094,0.05707355081907477,0.10659393710063471
Vrk1,1.9012682,-0.13357314,0.05726688674728736,0.10694041735206264
Fut2,1.9001076,-0.62232435,0.05741900333675701,0.10720984033726816
Cct5,1.899822,0.25918874,0.05745648243042741,0.10726517368410853
Ddx55,1.8996241,0.4904898,0.057482462015916974,0.10729902649026271
Tmem140,1.8994589,0.07985116,0.0575041637918864,0.10732488601802193
Nmnat3,1.896803,0.039635524,0.057853935582577454,0.1079629597559698
Xrcc5,1.8967092,-0.27979589,0.05786632538084273,0.10797134664797711
Eri3,1.8946551,-0.0038565185,0.058138107264351695,0.10846365850477618
Zfp142,1.8938004,0.4440448,0.05825150432976132,0.10866039035731632
Setd6,1.8923787,-0.1149987,0.058440545637339546,0.10899815351754205
Mical3,1.8901023,0.6994313,0.05874428969466653,0.10954972883875151
Chac2,1.8899044,0.14059041,0.058770752196522974,0.10958413366341037
Zcchc10,1.8878808,-0.21892619,0.05904194766667429,0.11007479677461089
Mapkbp1,1.8868426,1.0273831,0.059181502131699544,0.11031993479430087
Slc35f2,1.8857737,-0.42522487,0.05932545508662732,0.11057320407654746
Arl3,1.8856268,-0.29733202,0.05934525756900225,0.1105950391463758
Stoml1,1.8843479,0.23749523,0.05951793615714279,0.11090172734009099
Wdr3,1.8840419,-0.14590354,0.05955930856043901,0.11096369816948276
Pitrm1,1.8827058,-0.5781039,0.05974024771954025,0.11128564058911768
Tnfsf13b,1.8824936,0.97638106,0.059769018892977026,0.11132407155563345
Tlr4,1.8821815,0.35527465,0.05981136660609181,0.11138777588700878
Usp28,1.8816859,0.44353303,0.059878675886660376,0.11149794291259268
Elp6,1.8807762,0.7185712,0.06000237819284284,0.11171307308197764
Lsm7,1.8784915,-0.5760749,0.06031395528567904,0.11227788436314469
L3mbtl3,1.875905,0.07853733,0.06066832264174151,0.11292218757667281
Lzts3,1.8712522,-0.19952765,0.06131013568226959,0.11410126639290101
Ppwd1,1.8690532,0.5018947,0.06161540720585143,0.11465378875221369
Lmbr1,1.8669338,0.15182254,0.0619108243624201,0.1151878262797408
Unc13b,1.8655957,-0.2199166,0.062097946729366534,0.11552025867556624
Ccdc66,1.8624585,0.31105325,0.06253849260409475,0.11630815807983076
Mppe1,1.8623769,-0.37823543,0.0625499846322037,0.11631371224440924
Gng10,1.8598659,-0.1863416,0.06290450660871476,0.11695705341593124
Ints9,1.8579892,-0.3036188,0.06317054541327496,0.11743572709713637
Nepro,1.8569938,0.19017722,0.06331203867805905,0.1176827686451621
Zfp579,1.856802,0.54905653,0.06333932358822374,0.11771748438012498
Cul7,1.8563961,0.8198213,0.06339711838350684,0.11780888624737818
Kyat3,1.8535485,-0.22755735,0.06380377938318184,0.11854846237296353
Hunk,1.8520024,-0.31593114,0.06402548915638971,0.11894424184399258
Hoxa3,1.8515515,0.13701366,0.06409024978156093,0.11904837894089183
Phlpp1,1.8508335,-0.18011281,0.06419350959940358,0.11922399073364716
Pwwp3a,1.8500237,0.55392635,0.06431013502370606,0.11942437485730313
Polr3f,1.8490772,0.38332886,0.06444666444793425,0.11966166141554663
Dhrs7,1.8488977,-0.24982628,0.06447258492957289,0.11969353772901294
Tpgs2,1.8485816,-0.40938374,0.06451826124871528,0.1197620771787948
Med26,1.848192,0.84590256,0.06457458299056115,0.11985035591692776
Usp36,1.8479451,0.43872932,0.06461028424682701,0.1199003442903188
Impa2,1.8477411,-0.16867405,0.06463980170961522,0.11993884509891292
Gtf2h4,1.8454565,-0.11541566,0.06497115820888917,0.12052096968347253
Zfp462,1.845375,-0.098594725,0.06498301823755386,0.12052662069694141
Armc10,1.8436451,0.117797025,0.06523487140362014,0.12097733474972949
Smpd4,1.8417808,-0.0920592,0.06550722721971042,0.12146594335315797
Tmem184c,1.8415401,0.79209775,0.0655424573632304,0.12151479181699779
Parva,1.8402958,-0.5200321,0.0657248284773121,0.12183638734271969
Rnf135,1.8386027,0.15059437,0.06597364436266842,0.12228104996740183
Setdb2,1.8381315,0.40733787,0.06604303104062474,0.12237648366945032
Dph5,1.8353206,0.26741278,0.06645819846831472,0.12312909687768644
Acap3,1.8331747,0.326945,0.06677659276658336,0.12370223599065666
Fam126a,1.8321446,-0.06158776,0.06692987973389593,0.12396940340796787
Rnf125,1.8314775,0.11373605,0.06702929127611555,0.12413672239990252
Birc2,1.8252642,0.25138575,0.06796116017306945,0.1258454793996919
Abitram,1.8250889,-0.096167766,0.0679876242049795,0.1258774385327775
Ppm1d,1.8224411,0.056515247,0.06838807670322779,0.12660172585848653
Ppp1r3d,1.8195528,1.5204155,0.06882714329464894,0.1273944343519845
Uimc1,1.8195018,0.7503859,0.06883491593614723,0.1273944343519845
Nipsnap1,1.8177985,-0.51642627,0.06909493678512721,0.12785835731212647
Gjb2,1.8171396,-0.52405536,0.06919573588392433,0.12802755895178802
Nr1i3,1.815159,2.3237038,0.06949948487152877,0.12857216661501025
Flvcr1,1.8134087,1.085638,0.0697687954701474,0.12905292547737937
Mrgbp,1.8118095,0.06825157,0.0700156272874931,0.1294744696628084
Btc,1.8096943,-0.090387136,0.0703432131969951,0.13006266096118282
Clca4b,1.8078992,0.89587885,0.07062218852400037,0.1305608257490476
Topbp1,1.8066305,-0.21906649,0.07081992023519822,0.13089981002176912
Utp15,1.8065999,-0.060830094,0.07082469428527018,0.13089981002176912
Tyw5,1.8055656,0.2751826,0.07098621244987795,0.13116582332824409
Bcl6,1.8055555,0.24469605,0.07098780683380873,0.13116582332824409
Akap8l,1.8047457,0.11986031,0.07111449466604979,0.1313821554388315
Ints7,1.8002335,0.07680115,0.07182377004723044,0.13267459886476785
Rev1,1.8000295,1.0688589,0.07185597136390108,0.1327161545652819
Tbc1d24,1.7952747,0.051323105,0.07260994099088934,0.13407250108701213
Endov,1.7941773,0.67628294,0.07278487554066643,0.134377369112814
Cebpz,1.7935939,-0.00014718206,0.07287801081733052,0.13453115522772607
Vangl1,1.7924883,0.48953575,0.07305477947439434,0.13483926431533846
Wdr92,1.7913378,-0.41568196,0.07323909554758885,0.13516121884119806
Nsun6,1.7911012,0.6997534,0.07327705165489445,0.13521301867233593
Ficd,1.7899182,0.5508908,0.07346707362931479,0.13552707835975716
BC017158,1.7897141,-0.20299189,0.07349987673610114,0.13556930325953373
Socs7,1.788476,0.32929686,0.07369924871305314,0.13591870885381008
Fzd8,1.7872827,0.057097718,0.07389181292895901,0.13625546680198414
Gpt2,1.7870991,-0.301168,0.07392147466887408,0.1362917845620673
C1qtnf4,1.7868176,0.5148961,0.07396697490806708,0.13635729062655938
Prmt9,1.7831786,0.36979657,0.07455724452904178,0.13742691992649228
Ssc4d,1.7830113,2.315365,0.07458446799912608,0.13745857141348372
Ada,1.7816997,-0.25327227,0.0747982214637232,0.13783394131739854
Mbip,1.7787766,1.276539,0.0752763962125601,0.13869640503998376
Srfbp1,1.7771999,0.19093607,0.07553537138588412,0.1391548166107996
Bbc3,1.7763778,0.071655124,0.07567067501861804,0.1393853018426188
Zfp263,1.7758392,-0.041505855,0.07575941782566631,0.13952997155097466
Asb3,1.7756209,-0.13974641,0.07579540973145153,0.1395774613624562
Dbf4,1.7707009,0.112049244,0.07661045022321743,0.14104037517534979
Nfil3,1.770497,-0.32474354,0.07664439496166033,0.14108387415543208
Dtnb,1.7692486,0.10052721,0.07685240401431419,0.141447728788122
Zbtb40,1.7689426,0.31508625,0.0769034567780107,0.141522644521504
Frat1,1.7686265,0.5881325,0.07695624033778509,0.14160072478729965
Hddc3,1.7677106,-0.008240121,0.07710930906859753,0.1418632855526801
Adpgk,1.7675718,-0.14114074,0.07713251258867128,0.1418868858824428
Mocs3,1.7668334,0.9179867,0.07725613300022313,0.14209517401184282
Polr3e,1.7666906,-0.41889486,0.07728005611637437,0.1421200601656024
Rbmx,1.7663031,-0.10152246,0.07734502071640252,0.14222040584870305
Pla2g12b,1.7646141,0.73697263,0.07762864924746798,0.14272274515449376
Ttc3,1.763737,-0.39860335,0.07777627813595273,0.14297494334038896
Tbc1d25,1.7633882,-0.15153791,0.07783504987440956,0.1430637509452353
Slc1a5,1.7629986,-0.5402725,0.07790073825338414,0.14316524601734018
Zc3h10,1.7613932,0.57538867,0.07817187825750001,0.14364424014664237
Ift27,1.7611117,-0.39416915,0.07821950157818924,0.14370645022625983
Slc10a7,1.7610688,-0.5398448,0.07822675067526715,0.14370645022625983
Hdhd5,1.7603528,-0.33204168,0.07834799513674155,0.14390985003290002
Mtg1,1.758774,-0.08019318,0.07861589526622866,0.144382536632511
Fgfr1op,1.758519,0.31992057,0.07865923062230439,0.1444427257633963
Ercc6l2,1.7570994,-0.25528246,0.07890087742885421,0.14486701112239278
Gpr21,1.756216,0.75692195,0.07905151677847162,0.1451241095376023
Poc1a,1.7560304,0.23286082,0.07908320512376282,0.14516279598220896
Igf2bp1,1.7547576,0.31889793,0.07930077505522383,0.145542625000696
Thrap3,1.7537704,0.05613887,0.07946986619784299,0.14583338972832835
Tut4,1.7521508,-0.44583982,0.07974789433388003,0.14632395746891314
Tmem80,1.7502843,0.9168623,0.08006927199411958,0.1468939219908217
Jade3,1.7498784,0.12580253,0.08013930638899003,0.14700268475780534
Nme6,1.7464861,-0.020046636,0.08072651658629834,0.14804011188381785
Eif4a1,1.7463413,-0.20137013,0.08075166446146974,0.1480663732248054
Cdt1,1.746229,-0.39193293,0.08077114958222442,0.1480822456813137
Slf1,1.7456661,0.4748104,0.08086898711915044,0.14822707398469737
Mettl2,1.7456498,0.13965268,0.08087182442411898,0.14822707398469737
Scaf8,1.7452337,0.35354665,0.08094420301427682,0.14833985207990294
Zcchc9,1.7449787,0.39475825,0.08098857862024765,0.1484012880385752
Zfp846,1.7448584,0.7284393,0.08100953076638237,0.14841979276932996
Manba,1.7445647,-0.16309592,0.08106068668489076,0.14849362229281732
Trmt6,1.7425451,0.06870985,0.08141309391509645,0.1491192150132526
Tgs1,1.7419413,0.0980678,0.08151870122682889,0.1492926529097208
Knop1,1.7405624,-0.119331695,0.08176030233500409,0.1497150688847323
Inip,1.7404238,-0.107835226,0.08178463752679027,0.14973957935183518
Rac3,1.7399485,0.74449503,0.08186806590886396,0.14987226255739153
Zfp276,1.7374355,1.3875881,0.08231034618587191,0.15066175667136905
Rdh11,1.7372314,-0.14424688,0.08234633040335308,0.15070745024971272
Llgl1,1.7342798,0.3197418,0.08286845102562504,0.15164272283894317
Taf5,1.733313,0.18896969,0.08304006651516714,0.15193643425139292
Rad52,1.7331722,-0.40817115,0.08306507251028268,0.1519618550606175
Lsm5,1.7329029,-0.32519487,0.08311292706599041,0.1520290633530523
Ssh2,1.7310406,-0.20878144,0.0834445329220302,0.15259480980325796
Crtc1,1.7305224,0.6325374,0.08353697719009062,0.15274343669935678
Plpp3,1.7278298,0.04734704,0.0840187325795874,0.15358323326104234
Mt2,1.7274913,-0.37675747,0.08407947584705738,0.1536737279081141
Tox,1.7269282,-0.5212573,0.08418054935743867,0.15383790090377839
Fbl,1.7256982,-0.15633668,0.08440171513749407,0.15422146639567497
Tnfaip8l1,1.7253658,0.43205458,0.08446158024533516,0.1543102351175629
Hspbp1,1.7249149,-0.08855942,0.08454280191338469,0.15443799307581293
Zan,1.7241989,-0.448271,0.08467193090858267,0.1546532196039626
Klhl18,1.723999,0.80470616,0.08470801249720684,0.15469846032309076
Slc25a14,1.722769,0.23321836,0.08493029852572154,0.15508370040582747
Arhgef26,1.7226038,-0.07933662,0.08496019375258396,0.1551175767111596
Prodh,1.7223815,-0.6529814,0.08500043656321139,0.15517033373406966
Depdc5,1.7218307,-0.006127167,0.08510018697836949,0.1553316947316074
Gmfg,1.7214942,-0.21436808,0.08516119215068076,0.15542113392321466
Cep164,1.721435,0.10756863,0.08517191792472181,0.15542113392321466
Cdca8,1.7212167,-0.4129861,0.08521150178291273,0.15547261999750922
Gin1,1.7192727,0.74420255,0.08556471367699602,0.15609624593555504
Pex1,1.7190137,0.17497835,0.08561187312062009,0.15616144656855804
Tob2,1.7176307,0.2556106,0.085863993271175,0.156600441182091
Ndor1,1.7175307,0.065360375,0.08588223756637271,0.1566128282064471
Sart3,1.7166924,0.043492492,0.086035389601649,0.1568711937070067
Dhx34,1.712986,0.090783246,0.08671510920001152,0.15808947051195274
Nkain1,1.7126923,0.0045679207,0.08676916291373958,0.15816692919826564
Fam172a,1.7121782,0.19422977,0.08686382236836668,0.15829864725497172
Med18,1.7121742,0.2128051,0.08686457396718887,0.15829864725497172
Rnf24,1.7120824,0.9397545,0.0868814863287026,0.15830837115856203
Gnpda1,1.7110991,0.19371243,0.0870628032817413,0.15861761722326304
Mtmr10,1.7077436,0.46765453,0.08768391420888283,0.15972792417829662
Cd320,1.7072337,-0.4201752,0.08777862008613117,0.159879146201098
Primpol,1.7052917,-0.118449524,0.08814001560459492,0.1605160092412885
Arhgap11a,1.7039272,0.5572733,0.0883946965110626,0.16095838545789362
Cyp2r1,1.7036641,0.8099591,0.08844387354141425,0.16102649057100785
Dcun1d2,1.7028257,0.083278514,0.08860070092481022,0.16129054647853833
Arhgef37,1.7017466,0.71018845,0.08880288397154117,0.1616370874897944
Cadm1,1.7004554,1.8526932,0.08904530408658319,0.16205676515624504
Fam214a,1.6975567,0.49172854,0.08959144657834357,0.16302901290204236
Ndufb3,1.6968306,0.04971145,0.08972869210855461,0.1632353152300764
AW209491,1.6963655,-0.16871925,0.08981667981527156,0.16337364943786092
Ints2,1.6954802,-0.0039469306,0.08998435712282153,0.1636568803902892
Fchsd1,1.6942706,0.4826935,0.0902138718297836,0.16405248633940037
Sirt4,1.6940747,0.43663052,0.0902510719342068,0.16409831255155938
Dcakd,1.6920186,-0.41802022,0.09064241873685681,0.164766060910078
Ftsj1,1.6910212,-0.43587324,0.09083275964467927,0.16509011006658547
Rad9a,1.6878084,0.09033543,0.09144800682390772,0.16618624495906154
Spata5,1.6868232,-0.110014096,0.09163735231351011,0.16650821058826082
Tmbim1,1.6858319,-0.37998015,0.09182819174174499,0.16683280484500634
C2cd2,1.6857421,0.20205563,0.0918454851382766,0.16684205755392303
Scly,1.6845529,-0.31713307,0.0920748697720676,0.16722362050118803
Ppox,1.6845263,0.27897522,0.09207998993593755,0.16722362050118803
Rcc1l,1.6842449,-0.013303095,0.09213435654694123,0.16729366456605127
Fbxw17,1.6841999,0.5227067,0.09214302607031066,0.16729366456605127
Slc18b1,1.6826171,-0.59003043,0.09244924322782684,0.1678273464941633
Ctif,1.6805344,0.47989458,0.0928533841355837,0.16853862862411825
Mcm3ap,1.6790413,0.59247774,0.09314400252772687,0.1690436940367173
Mis12,1.6785619,0.27674383,0.09323745678628523,0.16916839877304635
Tsr2,1.677848,-0.3178118,0.09337678344560266,0.1693987149931834
Tamm41,1.6770382,-0.3323819,0.09353502183244462,0.16966327411575544
Arhgap20,1.6766955,-0.47258466,0.09360204891762845,0.16976233673057947
Grk5,1.6759121,0.33828813,0.09375539836848723,0.17001791177417622
Ccdc122,1.673087,0.13481206,0.09431016943458675,0.1710012684988032
Cdc16,1.6727647,0.07005466,0.0943736242779189,0.1710936380751082
Alg3,1.672677,0.38352305,0.09439089955714326,0.17110227352120017
C1qbp,1.6714164,-0.5527876,0.09463946159219475,0.171507373081535
Cyp4f15,1.6697539,0.2734191,0.09496805951516023,0.1720755499451727
Fkbp3,1.6697029,-0.6466136,0.0949781536370138,0.1720755499451727
Wdr70,1.6681628,0.57168514,0.09528340127274122,0.17260571100870792
Prdm15,1.6677305,-0.0197721,0.09536925433360066,0.17273835139231644
Srgap3,1.6675183,1.1536926,0.09541139357344508,0.17279179010950357
Ptpn21,1.6668309,0.2750518,0.09554804336658126,0.17301635236202315
Pag1,1.6634938,-0.009641692,0.09621365181800497,0.17419855535697312
Qsox2,1.6627268,-0.052000824,0.09636715101752175,0.17445337439298514
Slc25a26,1.6616701,0.46323863,0.09657894150148857,0.17481363666880956
Slc16a3,1.6615335,0.59941196,0.09660636242548028,0.17484012786771344
Atxn7l2,1.6609602,1.3878492,0.09672143443858439,0.1750020661481399
Rfc3,1.6608847,-0.3200304,0.09673659443428803,0.17500634063882642
Gatb,1.6583043,-0.19406852,0.09725604662403281,0.17592280920418632
Fdxr,1.6576618,-0.30651936,0.09738574254411529,0.1761341131187378
Zkscan5,1.6570866,1.001902,0.09750196852439934,0.17632100232361292
Ttll10,1.6563156,0.0076096784,0.09765793467013684,0.17657969808463853
Slc39a3,1.655575,0.57953393,0.09780789928732003,0.17682747524512182
Ptbp2,1.6544654,0.4166502,0.09803298409782575,0.17721097918542858
Mtx3,1.6524991,-0.029137421,0.09843286381415951,0.1779103109514448
Ccdc61,1.652187,0.12193059,0.09849644980761812,0.17800171152625582
Cacna2d2,1.652087,0.13339491,0.0985168208822941,0.1780150007353821
Ptprs,1.6518953,-0.31909853,0.09855590950410681,0.17806210364231215
Sdccag8,1.6502389,0.7400062,0.0988940844175573,0.17864948539102984
Zfp341,1.6499697,0.7607495,0.09894914608751261,0.17872534311804716
Pogk,1.6493332,0.45113528,0.09907938912856673,0.1789369580471672
Card6,1.6486437,0.41046584,0.09922064011745711,0.17916839477171875
Ankrd49,1.647326,-0.24692042,0.09949105205277521,0.17963297291017968
Cep83,1.6463346,-0.3468053,0.09969487619023161,0.17997721873286035
Rfx3,1.6451944,0.02439181,0.09992972761111153,0.18037737923468192
Epn2,1.6432831,0.4006819,0.10032437669199815,0.18106583756936448
Gcnt1,1.6415716,0.24831058,0.10067880320201252,0.18165755822503246
Pcsk9,1.6408046,0.9844196,0.10083796381073674,0.18192073286435684
Ddx43,1.6375593,1.1398963,0.10151365346870074,0.18311557989506433
Krt10,1.6350055,0.8221258,0.10204790241207783,0.18405500731801164
Lrch1,1.6334287,-0.44072896,0.10237887000151405,0.18462759425962083
Ipo4,1.6319274,-0.40235856,0.10269478887915463,0.18517289529568032
H2afj,1.6303179,-0.49788642,0.10303431805998432,0.1857606195741972
Tmem97,1.6290593,-0.6593147,0.10330045221626717,0.18621588242254858
Mlec,1.6284066,-0.4483748,0.10343869471647417,0.18644051011569582
Pim3,1.6262158,-0.10348054,0.1039037464372487,0.18725405014883711
Thsd4,1.6249532,0.72527224,0.10417253278411294,0.18771371535416317
Zfp281,1.6240782,0.05280768,0.10435913989038766,0.18802519604756934
Kyat1,1.6232214,-0.6033379,0.10454208926351581,0.1883300053587905
Phf7,1.6216977,0.6386132,0.10486810702739431,0.1888924346153342
Bcor,1.6215528,-0.3994917,0.10489913594695341,0.18892344054716026
N6amt1,1.6197495,-0.1389846,0.10528607843815098,0.18959535457489
Ccdc88c,1.6187235,-0.3892033,0.10550675555962363,0.18996772643553037
Xrcc1,1.6186113,-0.13617143,0.10553090750556474,0.18998619801719296
Pdp1,1.6181707,0.29973403,0.1056258012271182,0.19013200365681737
Extl2,1.6173018,0.04384289,0.10581315112956137,0.19044417500615315
Acot2,1.6169877,-0.010658744,0.1058809433884926,0.19054111078268673
Gchfr,1.6159738,-0.33118698,0.10609996250254107,0.19091012989766437
mt-Nd1,1.6158841,-0.017716818,0.10611936982270369,0.19091992926265924
Emc9,1.6156312,0.3401537,0.10617407832464094,0.19099322824118192
Bcl9l,1.6149315,-0.20864122,0.10632552559401666,0.1912405053923685
Slfn4,1.6120819,-0.43818977,0.10694412315263091,0.1923278385208085
Ssh1,1.6102093,0.20242715,0.10735216775975938,0.19303627799009987
Timm21,1.6052852,-0.16150993,0.10843106027533013,0.19492199857241996
Ubxn2b,1.6052281,-0.095051065,0.10844362450742019,0.19492199857241996
Lyar,1.6050322,-0.40917435,0.10848671062061019,0.19497381623562154
Spidr,1.6046487,0.1887861,0.10857112682824728,0.19509988953696208
Cox18,1.6045305,-0.12169817,0.10859718061381227,0.19512106751989
Sema6b,1.6032984,1.0072843,0.10886879341480171,0.19558338806455772
Gpatch3,1.6014013,1.1644866,0.10928805550038703,0.19631080506604395
Zfp992,1.6007261,0.025747944,0.10943758441517511,0.19655358115018645
Tmem202,1.6000755,4.8561034,0.10958184534970626,0.19678683324454802
Ctps2,1.5995961,-0.6616123,0.10968821520505119,0.19695198830476301
Gstcd,1.5993003,-0.2560321,0.10975388837107836,0.1970440361657472
Impact,1.5989923,0.41622034,0.10982231207574884,0.1971409973268398
Rbm10,1.5977154,-0.17211449,0.11010633555954649,0.19762490337010083
Prcp,1.595392,-0.6366045,0.11062460144983105,0.1985160963330925
Me1,1.5948311,0.2956612,0.11075001976372041,0.1987019837665805
Hmox1,1.5935235,1.0358623,0.11104279432352009,0.19920112978802798
Tcf3,1.593391,-0.2187719,0.11107251693957568,0.19922831442139263
Slc45a3,1.5896173,-0.2872853,0.11192110437431659,0.20070930835530013
Jmjd4,1.5895886,0.20887747,0.11192754555886791,0.20070930835530013
Acyp1,1.5888993,0.022739168,0.11208314292340114,0.20096197449554354
Tatdn1,1.587555,-0.26178035,0.1123870022672958,0.2014539593662695
Dnajc9,1.5866432,-0.5369088,0.11259347963998086,0.2017976191450509
Smim13,1.58597,0.14015862,0.11274610438870933,0.20204468320214913
Kars,1.5858355,-0.5538635,0.11277664889832363,0.2020729394240796
Tcaf2,1.5847604,0.16243476,0.11302077619936933,0.2024838352582701
Armc6,1.5842954,-0.0026094166,0.11312652381540732,0.20264435420489524
Zfp113,1.5841852,-0.014690874,0.11315158071876687,0.20264435420489524
Pqlc2,1.5841709,1.0219544,0.11315482915602049,0.20264435420489524
Crppa,1.5829654,0.89766395,0.11342935516666867,0.20310939268092107
Kat2b,1.5821984,0.96933454,0.11360428420610419,0.20339599195057276
Zfp691,1.5810398,0.39560497,0.11386894155582183,0.20384314383765723
Zfp213,1.5784777,0.25247556,0.1144558934206034,0.20486706054015072
Slc5a8,1.57839,-0.4556853,0.11447603018600555,0.2048762875008017
Mbd6,1.5772518,0.08727546,0.11473759275835115,0.20531753218665952
Sdr42e1,1.5770295,0.045727268,0.11478874137834141,0.20538218478984938
Rbm15b,1.5745225,0.07787151,0.11536669604283893,0.20636227186210887
Kctd18,1.5742267,0.64614487,0.11543503499613063,0.20643303823434322
Poglut1,1.5742207,0.019876622,0.1154364492415373,0.20643303823434322
Il1r1,1.570859,-0.4757728,0.11621540293857464,0.20779885397293518
Bcl9,1.5660185,0.2300967,0.11734428779845178,0.2097899249109463
Serinc2,1.5658431,-0.20256178,0.11738536082593386,0.2098359227836138
Zfp825,1.5630709,-0.01253749,0.11803590939819282,0.21097125356427748
Zfp53,1.5629812,0.23858836,0.11805701921829488,0.21098140849584193
Dio1,1.5622897,-0.71492183,0.11821976011177297,0.21124463864216586
Nrf1,1.5619572,0.41786775,0.11829807277601902,0.2113569565210426
Myg1,1.5618511,-0.045315288,0.11832306451582386,0.21137399180325164
Klhl42,1.5609617,-0.032236066,0.11853277358762049,0.21172096118217218
Lmnb1,1.5605334,-0.6392701,0.1186338841895906,0.21187388876748744
Tpcn2,1.5603825,0.3358038,0.11866952974894361,0.211909874551685
Mtg2,1.5588404,-0.40430173,0.11903417377771132,0.2125332714989166
Wdfy2,1.5578816,0.6352782,0.1192613127911428,0.2129110251199579
Plod3,1.5573472,-0.32785827,0.11938807806676863,0.21310951149498253
Kcnf1,1.5550401,0.28151456,0.11993650956321102,0.21406052835772782
Pelp1,1.5533572,-0.51802206,0.12033780210105705,0.21474872030953351
Ubap2,1.5532023,-0.6679796,0.12037482246978203,0.2147867559073942
Zfp512b,1.5530003,-0.4904207,0.12042305974173025,0.21484479347268898
Hinfp,1.5526168,-0.022827273,0.12051470348384667,0.21498024656164927
Zfp369,1.5517397,-0.014619335,0.12072451939257543,0.21532643833226411
Swsap1,1.5516031,0.31675443,0.12075723736538321,0.21535670591700776
Lyst,1.5508218,0.40409198,0.12094440019978753,0.21566236441936293
Thoc6,1.5484637,-0.063269444,0.12151068604843966,0.21658741289265018
Sfmbt1,1.5475397,-0.44443226,0.12173316032104894,0.21692741300369353
Osgin2,1.5459017,0.2233274,0.1221283067287019,0.21760320449706821
Gadd45b,1.5440822,-0.4129704,0.12256842355587781,0.21833049265684892
Zbed4,1.5436946,1.331246,0.1226623303113425,0.2184693106287586
Ripor1,1.5435865,-0.39418936,0.12268853537772213,0.21848752718978384
Gphn,1.54223,-0.24123852,0.12301770662854497,0.21904520027934277
Pgm2l1,1.5405207,-0.33132464,0.12343349368769788,0.21975693609937097
Trmt5,1.5397333,0.51057726,0.12362538244662408,0.22006991733371314
Mblac2,1.5387725,0.815662,0.12385984182729412,0.2204585887008001
Rab33a,1.5385257,4.0409503,0.12392013048330354,0.2205129289744849
Ttll9,1.5385154,1.1054595,0.12392262224269956,0.2205129289744849
Zfp597,1.5353905,1.2040458,0.12468794037428103,0.221817039757811
Zfp799,1.5349193,0.16765517,0.12480365666377366,0.2219940172837025
Suox,1.5311762,0.103972994,0.12572585176702303,0.22357620584057736
Igsf8,1.530034,-0.20377138,0.12600833943610867,0.22404941383289376
Iqcc,1.5268477,0.076312944,0.12679889126567706,0.22539644326766328
Ptpn4,1.5251505,0.35449725,0.12722155203666477,0.2261183680922005
Nol11,1.5250016,-0.1462681,0.12725868870492535,0.22615497960232023
Faap100,1.5244019,0.8703576,0.12740833821609868,0.22639150534110572
Rnf217,1.5218521,0.19822088,0.12804613208905785,0.2274952392253951
Nudcd2,1.5203671,-0.45305836,0.12841872552258976,0.22812757489236357
Sass6,1.5186578,-0.1691784,0.12884866013957963,0.22886159597463976
Them6,1.5182132,0.75712466,0.1289606878142765,0.22903083192990012
Mllt6,1.5171299,-0.5650918,0.12923387920437238,0.22948620933901992
Utp18,1.5168668,0.19509657,0.12930031555254248,0.22954456902259102
Kbtbd8,1.5163691,0.23477419,0.12942605063653365,0.22973795982017103
Ccnh,1.5135256,-0.070781104,0.13014621125582487,0.23098629966559442
Atad5,1.512781,0.5455673,0.13033528835697392,0.23129185936693725
Llph,1.5125281,-0.0076791286,0.13039957125360632,0.23137590980836464
Tor1b,1.5081935,0.1076633,0.13150502061510252,0.23327683965644402
Ado,1.5078528,-0.32682037,0.1315922028758696,0.23340121586608514
Mark1,1.5066044,0.83345115,0.13191208010183145,0.23393823050091364
Mre11a,1.5043218,-0.057046555,0.1324985112584128,0.23494776211861967
Ppfibp1,1.5035549,-0.39624423,0.1326960130778231,0.23526746776082344
Bnip2,1.5030817,0.99986285,0.13281798957949695,0.2354532029426524
Dennd1a,1.5012193,0.0015159351,0.13329885237975286,0.23627502349878426
Frmd4b,1.5009092,-0.36006346,0.1333790390674913,0.23638651623223736
Hps4,1.5000913,0.22697704,0.13359076335737147,0.2367310728148315
Prr12,1.4989449,-0.45109946,0.13388793165571097,0.23722693254623575
Zfp626,1.498488,0.8111362,0.13400651838131525,0.23740628823221738
Coro1b,1.4983655,1.4306912,0.13403829647340515,0.2374318269784735
Hlcs,1.4982513,0.7854508,0.13406796128428988,0.23745361618477712
Sh3tc1,1.497464,0.7330481,0.13427257473104587,0.23778521878361208
Calu,1.4972723,-0.11133044,0.13432243942046565,0.2378427242101344
Mypop,1.4971498,-0.12652521,0.13435427543172496,0.2378682957701759
Borcs7,1.49603,0.31774285,0.13464584591974788,0.23835364957314592
Nedd4,1.4956465,-0.6694557,0.13474580390207794,0.23849972409538128
Zfp87,1.4955119,0.63042593,0.13478090913372018,0.23853098646352058
Hspe1,1.4934006,-0.6643424,0.13533234809432912,0.23947591358565615
Tmem201,1.4920503,-0.10732534,0.1356859688283086,0.24007059434947864
Fer,1.4911466,0.074120305,0.13592300453760817,0.24045887283981782
Bnip3l,1.4901328,1.2325398,0.13618931442817006,0.24086797343111518
Etaa1,1.4901205,-0.08145579,0.13619253189584887,0.24086797343111518
Ophn1,1.4900492,-0.2485824,0.13621130162683698,0.24086797343111518
Polr3d,1.4899982,-0.2698613,0.13622470980009102,0.24086797343111518
Dtd1,1.485535,0.29525062,0.137402144479654,0.2428870638261722
Pdp2,1.4847803,-0.48702303,0.13760202710159106,0.24320895962443553
Yju2,1.4844825,0.34359482,0.1376809613620148,0.24331702592731355
Hat1,1.4836707,-0.5240233,0.13789631561067506,0.24366612171804905
Ms4a5,1.4830627,1.0968828,0.13805773066772217,0.2439198277624161
Fan1,1.4823163,-0.14052057,0.1382561779011807,0.24423888810213748
Ccdc115,1.4811127,-0.43881816,0.1385765418497694,0.24477321232182853
Eml2,1.4800336,0.07762735,0.13886426938513147,0.24524975898768858
Zfp689,1.4793564,0.88585424,0.1390450818249772,0.24553738300058928
Chd3,1.4779224,-0.005174893,0.1394285450321925,0.24618274413366462
Zfp119a,1.4746608,0.3331935,0.14030377771468386,0.2476961219014074
Rpusd1,1.4705015,0.008956193,0.14142597282728694,0.249645046910178
Lrfn3,1.4667054,-0.082726024,0.14245621155447116,0.25143116843151697
Maml3,1.4666034,-0.32726574,0.14248397053395823,0.2514477090014039
Gtf2e1,1.4664158,0.33291173,0.14253505790617196,0.25150540862798726
Eogt,1.4655814,0.20971262,0.14276234482524897,0.2518739601967849
Dvl2,1.4650369,0.106951416,0.1429108704017162,0.25207095998238993
Fam219a,1.4650369,0.99407387,0.1429108704017162,0.25207095998238993
Mmachc,1.464176,-0.5384052,0.14314586048356545,0.25245288136610233
Ly6m,1.464025,-0.22032915,0.14318709781036065,0.2524930448171092
Zfp346,1.4639455,-0.44328293,0.1432088346634656,0.25249881562956317
Wrap73,1.4635029,0.43499917,0.14332982698022492,0.2526795647743426
Srl,1.4608735,-0.3024633,0.1440501495317927,0.25391670467224353
Hoxb9,1.4604778,-0.03051435,0.14415880101941936,0.25407547415138027
Asns,1.4595884,-0.48470572,0.14440321608221945,0.2544734510211793
Txnl4b,1.4594028,0.7079744,0.14445426935746122,0.25453061892324214
Vars2,1.4577913,0.06252868,0.14489806059975227,0.25527969321072047
Osgepl1,1.4573019,0.3158223,0.14503308990958982,0.2554846714560918
Bcdin3d,1.4571121,0.06611686,0.14508543967184254,0.2555439705708973
Scmh1,1.4561473,-0.43766257,0.14535191572159686,0.2559803538303718
Nip7,1.4529223,-0.13375743,0.14624533104644308,0.257520590015466
Brip1,1.4506418,0.24081679,0.1468796394728858,0.2586042319803931
Megf9,1.449883,0.10276415,0.14709116324235144,0.2589433132516936
Ggcx,1.4497993,-0.32038796,0.1471144905892929,0.25895104373903727
S100pbp,1.4490874,0.30546576,0.1473131720531633,0.2592673909687269
Esf1,1.4459217,-0.09340001,0.14819919199091813,0.2607596436536034
Nbeal2,1.4457932,-0.31997386,0.14823524379616185,0.2607895225668999
Cby1,1.4450016,-0.30723125,0.1484574248352206,0.26114680790090583
Utp4,1.4432331,-0.56726867,0.14895481540323405,0.2619880515291608
E2f2,1.4422214,-0.35432643,0.14923993792417742,0.2624557807501448
Plcg1,1.4421214,0.19246848,0.14926812786205598,0.26247160196909036
Tsen54,1.4417787,0.044694155,0.14936480993011064,0.26260783952099037
Gpatch1,1.4410893,0.21658342,0.1495594698239584,0.2629162809927537
Mtus2,1.4406813,0.37777847,0.14967474431267913,0.26308510648790323
Dclre1c,1.4401611,0.10048433,0.14982181757955243,0.2633097745020408
Gpn1,1.4371667,-0.09410223,0.1506706430996649,0.2647675461819478
Tcaf1,1.4352574,-0.34943274,0.1512137667967052,0.2656878145888402
Dip2c,1.4339621,0.54699796,0.15158308051529415,0.2663024956380585
Smyd4,1.4337418,0.05655363,0.15164596122781185,0.26637874371102466
Polr3gl,1.4334949,-0.55668557,0.1517164345100062,0.2664683074652369
Rpa2,1.4319651,-0.27845296,0.15215380890874078,0.2672021750131026
Arhgap31,1.4278446,0.7670786,0.15333657781427498,0.2692446971764523
Fam220a-1,1.4277589,-0.00044776135,0.1533612440308039,0.2692534358866662
Inpp4b,1.4276447,0.4946693,0.1533941370132087,0.2692766140764607
Wipf3,1.4267575,0.75638354,0.15364982772164765,0.26969084765672335
Fmo4,1.4264371,0.022719335,0.15374219103281941,0.2698183344935582
Slc25a34,1.4233856,0.7848833,0.15462440823558304,0.27133180836925425
Dipk1a,1.4230796,-0.45541728,0.15471307753638808,0.2714525706068908
Cmc4,1.4224758,0.55954474,0.15488816492251536,0.27171289041268615
Snapc3,1.422431,-0.03426632,0.15490118417969295,0.27171289041268615
Sgsh,1.4194427,-0.118252076,0.15577002001002568,0.27320187554663344
Ano8,1.4192936,0.48829156,0.15581341007169403,0.2732429318710459
Tap1,1.4190509,-0.48283628,0.1558841614771177,0.273331953865827
Tcaim,1.4163299,0.060736418,0.15667895985211883,0.27469035589458013
Ttc23,1.412754,-0.056938183,0.1577280661659538,0.27642859523028473
Zfp952,1.4127438,0.5793661,0.15773106607545972,0.27642859523028473
Cep95,1.4120034,0.17244934,0.15794897500960503,0.27677501707539065
Natd1,1.4104428,0.3122143,0.15840895111397657,0.27754547168272004
Btd,1.4090986,0.92085814,0.1588060045062505,0.2782054972614624
Zfp983,1.408042,0.015233425,0.15911863253048275,0.2787174714812798
Ddx20,1.4069425,-0.15039174,0.15944442882469745,0.27925237758423893
Bmyc,1.4043989,-0.40964267,0.16020010662196016,0.2805399485280196
Ceacam2,1.4024692,-0.13752197,0.16077518314958672,0.2814749237704005
Cks2,1.4022305,-0.52615315,0.16084641608675676,0.28156358678781346
Isyna1,1.4018307,-0.5544092,0.16096579990499738,0.2817365050173863
Slc43a2,1.4010025,0.15516354,0.16121330788632737,0.28213360447216873
Scfd2,1.3971514,-0.23990303,0.16236805853739888,0.2841181318616673
Kri1,1.3969188,-0.42198372,0.16243798323191738,0.2842041224023119
B3galnt2,1.3959662,-0.32115728,0.16272466631881988,0.284669286415487
Zfp146,1.3949177,0.38905224,0.16304064289467202,0.2851855706810744
Zfp426,1.394571,0.7624396,0.16314525052148865,0.28533205024700825
Nudt6,1.3923578,-0.14946617,0.16381408587513357,0.28646516935325467
Cwf19l1,1.3917131,-0.15951174,0.16400926833108453,0.2866965031864478
Zfp280c,1.39114,-0.3986924,0.16418297961861583,0.28696347728586036
Mfsd3,1.3905852,1.2549425,0.16435125918347104,0.2872208906497082
Cfap410,1.3890839,-0.26888502,0.16480725524878403,0.28798098843944825
Coq6,1.3879313,-0.25433904,0.1651579524087906,0.28852114130140194
Cish,1.3879293,-0.6812761,0.1651585736093144,0.28852114130140194
Meak7,1.3875376,1.1844923,0.16527787669799854,0.28869267643953633
Pomt2,1.3869013,-0.04418125,0.1654718825372643,0.28899463521035623
Hsbp1l1,1.3865321,0.21845521,0.16558450931302504,0.28915440746464277
Rbm19,1.3848635,-0.15674658,0.16609422713772182,0.29000747652047315
Zfp408,1.384586,0.59255475,0.1661790866880235,0.29011860212673574
Pdlim4,1.3825014,1.1288671,0.16681782467476836,0.29119654741223605
Prmt1,1.3791621,-0.43355855,0.16784477292690114,0.2929144040040037
Pkd2,1.3788909,-0.115256414,0.1679284166232463,0.2930229803908247
Slc29a3,1.3783442,0.11007566,0.1680970568897967,0.29327982303750577
Cklf,1.3779811,0.62588495,0.16820913448140606,0.2934379275460171
Pygb,1.3761065,-0.67118067,0.1687886749170141,0.29441136855741934
Acpp,1.3757515,-0.19046599,0.1688985714097102,0.2945654845080713
Smarcal1,1.3756475,-0.45121637,0.1689307926218967,0.2945841098067377
Trmt1,1.3748193,-0.5346347,0.16918746324915168,0.2949940787877278
Bco2,1.374701,-0.37205285,0.16922415434796179,0.29502043736720773
Noc4l,1.3745134,-0.5296552,0.16928236626317472,0.29508430320572526
Slc19a2,1.3743196,0.24681468,0.16934249215308972,0.2951514886813028
Tnnt1,1.3742094,1.9976736,0.16937667611342577,0.2951734479229129
Rbak,1.373981,0.6162663,0.16944759267669118,0.29525940747371965
Fancl,1.3724205,0.09792322,0.16993257369389592,0.2960667531232038
Sdad1,1.3717759,-0.32787552,0.1701332091155393,0.29637855218535036
Kat2a,1.3708376,-0.13206246,0.1704255905901464,0.2968500765915491
Apip,1.3703746,0.109260105,0.17057001315432685,0.2970637964703795
Rarg,1.3694383,-0.060961343,0.17086231950759334,0.29753498271569323
Zfp160,1.3690405,0.4511565,0.17098661543913796,0.29771351745992
Gtpbp3,1.3682572,0.27808598,0.1712315807666871,0.29810208363901286
Lrif1,1.3678758,2.1050122,0.17135096887720225,0.2982719576623906
Zbtb37,1.3672414,0.7022704,0.17154966142797723,0.2985798167274518
Hltf,1.366507,0.47395778,0.17177987454010735,0.2989424515571351
BC005561,1.3647814,0.26637688,0.1723217853286524,0.299847361543367
Rbm41,1.3639327,0.013176179,0.17258872539035686,0.300257782274195
Rgl2,1.363892,0.030647306,0.1726015668341826,0.300257782274195
Mettl8,1.3636636,-0.3299175,0.17267349212491312,0.3003446966176783
Toe1,1.3623743,-0.130122,0.17307977640029082,0.30101309198448134
Tceanc,1.3612076,0.08440533,0.17344810507870612,0.30161531497346217
Elovl5,1.3609974,-0.6699327,0.1735144921889118,0.30169239423819055
Actr5,1.3600571,0.121509284,0.17381185553608436,0.302171004888883
Fto,1.359696,-0.20344141,0.17392612867467916,0.3023312329510916
Rpusd4,1.3592371,-0.02551393,0.17407147214182894,0.3025454221580466
Zbtb17,1.3580968,-0.27299926,0.17443296255307816,0.30313518400220407
Ttc6,1.3575604,0.31486422,0.1746032314191267,0.3033925272752932
Pot1a,1.3561856,0.538211,0.17504015226690928,0.3041130837568269
Txnrd3,1.355906,0.22878112,0.175129062282654,0.3042289032920851
Orc2,1.3558162,-0.2544815,0.1751576244727865,0.30423987230602756
Emc8,1.3544761,0.21047014,0.1755845234496376,0.30494264137335464
Tgm7,1.3481282,3.9979703,0.17761715681677814,0.30843360247230994
Mms19,1.3473673,0.24164028,0.1778619565289079,0.308819483942714
Haus4,1.3459557,-0.18254422,0.17831678088018255,0.30956988428798987
Zbtb34,1.3448726,0.00093140814,0.1786663727288934,0.31011064288566936
Neil1,1.3448502,0.25522593,0.17867362013134835,0.31011064288566936
Dnajc17,1.3446482,-0.25014088,0.1787388565953003,0.31018450050009283
Rapgef5,1.3438609,-0.09097848,0.17899338213498528,0.31058679110467247
Otud3,1.3418068,0.19146925,0.17965865924047209,0.31170161952720826
Bok,1.3392183,-0.47383124,0.18049964251147643,0.3131209706132742
Wnk2,1.3383554,-0.02664991,0.18078061903142928,0.3135686155828
Msantd2,1.3380228,0.027333273,0.18088897795476744,0.31371504587645294
Rnf43,1.3379556,-0.04097102,0.18091092151968613,0.31371504587645294
Grhl1,1.337517,0.20996729,0.1810539355581544,0.3139232368147282
Atm,1.3369255,-0.373138,0.18124697114769206,0.3142180946304119
Csrnp2,1.3365033,1.109487,0.18138485203037746,0.3144172710756004
Nup205,1.3362237,-0.43092802,0.18147614932887635,0.3145356580573364
Agl,1.3354384,0.15843335,0.1817328973022685,0.31490430103091877
Slc37a4,1.3354323,0.5737441,0.1817348989934926,0.31490430103091877
Sars2,1.334959,-0.17866136,0.18188974599983598,0.315132684219911
Abhd10,1.3334639,-0.062537715,0.1823796255803758,0.3159413959730984
Rprd1a,1.332034,-0.15321256,0.18284903346263948,0.31667433290293756
Sh3bp5,1.3313098,0.12691967,0.1830870920378912,0.31704647126986985
Mybbp1a,1.3311589,-0.51782954,0.18313674443221994,0.31709229933028715
Ints6l,1.3310263,-0.33734104,0.18318036625320244,0.31712767546683673
G2e3,1.3300594,-0.012796962,0.18349870281157388,0.317621638480448
Nme1,1.3300186,-0.64382875,0.18351214373923364,0.317621638480448
Bnip3,1.3284643,0.32334328,0.18402478648414733,0.3184686098672127
Znrd2,1.327479,-0.27471256,0.18435027797039705,0.31899152869102615
Mknk1,1.3268875,0.8837287,0.18454591229154338,0.31928964455805364
Pds5b,1.3261286,-0.3560801,0.18479708882441892,0.31968376845970004
Pard6a,1.3249456,0.35067895,0.18518921269940847,0.32032158913033276
Ehbp1,1.3229445,0.23911749,0.1858538432584267,0.32143054338674404
Phka1,1.3211311,-0.05775355,0.18645766519608575,0.32243406317102585
Lins1,1.3194462,0.3185963,0.1870199945899087,0.32336558680199795
Idh2,1.317288,-0.628623,0.18774209470594583,0.32457309040503274
Ccser1,1.3152727,0.4947354,0.18841827501993658,0.3256597460689627
Snupn,1.3140528,-0.19359288,0.18882841382008675,0.32625114203789324
Snrpa1,1.3140488,-0.5880564,0.18882978662542627,0.32625114203789324
Rab3a,1.314008,-0.08251062,0.18884351508359287,0.32625114203789324
Helq,1.3139713,0.3700365,0.18885587132518922,0.32625114203789324
Dusp19,1.3129146,0.039440103,0.18921171197585474,0.3268245751256554
Sult1c2,1.3097957,-0.6315866,0.19026494230120783,0.3286023094176581
Ccdc92,1.309655,1.427014,0.19031257360444132,0.3286182598866856
Zkscan3,1.3096265,0.32176885,0.19032223899835832,0.3286182598866856
Ipo9,1.3080293,-0.3081053,0.1908633863171152,0.3295110223313408
Afm,1.3076376,0.2767419,0.19099625418763422,0.32969878515727064
Wdr59,1.3073133,0.32348964,0.1911063369133732,0.3298471737082391
Fbxl6,1.3062954,-0.04017324,0.19145211986893618,0.3304022891478675
Stag1,1.3054245,-0.16414271,0.1917483755722419,0.3308300575259157
Tbc1d7,1.3029276,-0.2772206,0.19259946400899863,0.3322565498073743
Gigyf1,1.297312,0.4002544,0.1945238564464573,0.33553402332307064
Nek4,1.2951845,-0.11469125,0.19525660367040776,0.3367554616209895
Pars2,1.2931772,0.4815753,0.19594975469190778,0.3378754331204207
Fam129b,1.2931609,-0.83243585,0.19595539744629298,0.3378754331204207
Poc5,1.2924429,0.20806146,0.19620379654086517,0.3382610839254073
Wdr43,1.2922103,-0.3787955,0.19628429341029885,0.33835720564551075
Noc2l,1.2905397,-0.5707254,0.19686331125973888,0.3393125512322825
Hes1,1.2883654,-0.6115384,0.19761882558884025,0.3405289112811732
Zfp322a,1.2883654,0.23837116,0.19761882558884025,0.3405289112811732
Naa16,1.2880614,0.06554188,0.19772459627756112,0.3406682441849122
Tubgcp5,1.2866029,-0.068858914,0.1982327299368153,0.34150070318543074
Mga,1.2864662,0.075219996,0.19828039415452148,0.34153978965399684
Dhx37,1.2863194,-0.14232779,0.19833162474595645,0.3415850086147298
Zbtb5,1.2850444,-0.013284792,0.19877674150832036,0.34230851783481686
Cyp2d10,1.2843305,0.37457,0.19902632565451184,0.34269516536457434
Pomgnt1,1.2833759,-0.011115537,0.19936041308382224,0.3432271999145498
Klf7,1.282254,0.96308035,0.1997535607038604,0.3438607682056006
Rfc5,1.2805793,-0.25095287,0.20034147596399865,0.3448294126881915
Orc6,1.2804692,-0.035771705,0.20038018940506108,0.3448526415950428
Zfp764,1.2797552,0.59675896,0.2006312422674562,0.3451978155520211
Rpp30,1.2771851,-0.08575097,0.20153693328264088,0.3467124874374279
Uevld,1.2763364,0.1488623,0.2018366087861191,0.34718435536480236
Hsf2,1.2754349,0.06428679,0.20215536983243088,0.3476889300035835
Krtcap2,1.2745271,-0.6804768,0.20247666492402439,0.34819773551760985
Cep295,1.2733277,0.037326578,0.2029017780867972,0.3488410630295389
Lrwd1,1.2724179,-0.1709407,0.20322466117547755,0.34935068543801295
Raet1e,1.2719202,0.1023123,0.20340146399294667,0.34956830716394943
Trmt44,1.271092,0.8155298,0.20369590044244223,0.3500303390990698
Txndc5,1.2685708,-0.6828635,0.2045941732337746,0.35152975486516747
Syne1,1.2676958,0.27374735,0.20490662492446765,0.3520223738495094
Dctpp1,1.2675326,-0.7602363,0.2049649293362047,0.3520783078347694
Zfp958,1.2672939,0.44067615,0.2050502212571913,0.35218057971515837
Hpse,1.2670797,-0.31685647,0.20512678725576294,0.35226784072868994
Nme2,1.2669369,0.028748026,0.20517784280008178,0.352311275777388
Tmem38a,1.2645217,0.20821062,0.2060428108015756,0.3537416012812985
Smc2,1.2641995,-0.4277418,0.20615843729194738,0.35386175849973395
Acta1,1.2638079,1.3660048,0.2062990088544232,0.35405860267121453
Bcorl1,1.2629328,-0.35176766,0.20661334993480607,0.35450910418550474
Nop14,1.2601708,-0.20207216,0.20760774655020786,0.3561675800762409
Lrp4,1.2601035,0.04057232,0.20763202547479287,0.3561675800762409
Aifm2,1.2599669,-0.36405784,0.20768132538448303,0.356207465776095
Naa10,1.2598567,-0.73952574,0.20772106581891825,0.35623094746346967
Gnai1,1.257362,-0.3716595,0.20862259057920274,0.3576873026793628
Stard10,1.2569989,-0.01607095,0.20875403790134572,0.35786780347259656
Dcun1d3,1.2565012,0.5999319,0.20893432162626724,0.35813196894449795
Erich4,1.2550509,0.32370982,0.20946029980731085,0.35898854491351995
Nup107,1.2545286,-0.035413645,0.20964991614070416,0.3592684966446278
Ceacam18,1.2541982,0.969607,0.20976997192160418,0.35942919007993196
Igf1r,1.2540901,-0.13419013,0.20980926023423874,0.3594514700204478
Ndnf,1.2535903,1.6522809,0.20999094525273387,0.359717672094593
Npat,1.2534536,-0.31380853,0.21004065036852526,0.35975775222815415
Lrrc40,1.2529274,-0.2734617,0.21023213169373778,0.36004062628827355
Ankrd22,1.252599,0.06998709,0.2103516859760386,0.36020026367672525
Hrh1,1.2492048,0.7270681,0.21159021059611915,0.3622757142734355
Lpl,1.2466651,-0.63855135,0.21252031247730985,0.36382264310555984
Zfp219,1.2452148,0.14141062,0.21305280200386578,0.3646885802231649
Sh3bp2,1.2442479,0.18102337,0.2134083297178081,0.36525142789624854
Agbl5,1.2441113,-0.41061848,0.213458618153199,0.3652917786566132
Nudt5,1.2436665,-0.7152192,0.21362230239149194,0.3655261492997563
Zmym6,1.242918,-0.13832411,0.21389806709454562,0.36595221662928956
Slc38a7,1.2388831,0.40791568,0.21538876355650383,0.368456510086964
Tmx4,1.2384262,1.0783569,0.2155580491594613,0.3686999777680592
Gspt2,1.2376735,0.54040504,0.21583712590384674,0.3691311526682221
Hist3h2a,1.2374594,0.23626114,0.21591658551946635,0.36922087119903746
Xrcc6,1.2355664,-0.54169923,0.21661977309844493,0.370377018894878
Cyb5r1,1.2351258,-0.64509916,0.21678368225360212,0.3706109332189035
Socs1,1.2350259,0.16816711,0.21682087776445813,0.3706117083505744
Faap24,1.2346505,-0.041410882,0.21696059170012505,0.3707743178579368
Kdm2b,1.2338938,0.008796441,0.2172424944499155,0.37120968531832993
Zfp810,1.2333022,-0.12649485,0.21746303308193615,0.37154010212337296
Ifit3,1.2330533,-0.14107446,0.21755585949957046,0.37165226466666157
Zfp933,1.232317,0.31453997,0.21783070127245463,0.37207529851371685
Alyref2,1.2320497,1.3431401,0.21793049779594698,0.372199270308427
Rab27b,1.2287922,-0.55970603,0.21914974446085544,0.3742348595781965
Utp25,1.2286127,-0.03350647,0.21921707109884592,0.37430308993341466
Mylip,1.2268543,-0.09107095,0.2198773514580331,0.3753836181259179
Msh6,1.2266421,-0.29246134,0.21995711042855115,0.37547291038702246
Fggy,1.2247472,0.54662097,0.22067049385689508,0.37664365994670995
Mars2,1.2238232,0.3880946,0.22101895579979336,0.37719134164010665
Gadd45g,1.2236865,0.5518656,0.22107052778813718,0.37723227695317896
Cenpt,1.2230399,0.6606448,0.22131464952668922,0.37760172579881157
Ddb2,1.2218833,0.04334394,0.2217517780084738,0.3783003448435478
Slc39a8,1.2216467,-0.52208436,0.22184128433828965,0.37840583302059505
Slc41a3,1.2196394,1.2849578,0.22260158594776158,0.3796553614162684
Cdan1,1.2190316,0.2392009,0.222832207460967,0.380001301537439
Dtymk,1.2182136,-0.56803334,0.22314281024586358,0.38048353243294075
Rab31,1.216082,-0.15596579,0.2239536916611119,0.38181856794236446
Arnt2,1.2157638,1.5641025,0.2240749224082742,0.3819776320036337
Tmc7,1.2148275,-0.23169291,0.22443189265520658,0.3825384684108127
Parp11,1.2132629,-0.011861069,0.22502930519722575,0.3835089417462689
Prrg1,1.2131039,0.28860015,0.22509012258937566,0.3835647883376589
Stat5a,1.2122982,-0.4039458,0.22539828837409637,0.3840420624863902
Ralgps1,1.2106601,-0.049812816,0.2260256906286453,0.3850364282268165
Trp53bp1,1.2106274,-0.44019258,0.22603820444642653,0.3850364282268165
Ints4,1.210042,-0.33987904,0.22626275503903737,0.38537092728345196
Cdkl3,1.2087549,0.4155975,0.22675701295878947,0.38616465158299457
Ppan,1.2084448,-0.41761422,0.2268761885082501,0.3863194966816486
Nop16,1.207835,-0.30865058,0.22711074969937028,0.38667075474836765
Pdk4,1.2075493,0.5570622,0.22722063709609885,0.38680968657900555
Mcrip1,1.2071496,-0.5052394,0.2273745431258989,0.3870235097394408
Rpain,1.206909,0.07510715,0.22746723666648339,0.3871331003626833
Pfas,1.205887,-0.3298517,0.22786109138834054,0.38775515489491746
Nat10,1.2056707,-0.3162959,0.2279444841707352,0.38784880192046833
Xpnpep2,1.2041898,0.12836656,0.22851623057869097,0.38877325866678264
Adcy9,1.2029434,0.565677,0.22899820190602038,0.3895447706263004
Ckmt2,1.2027497,-0.36595747,0.22907320511578033,0.38962389054207663
Snapc4,1.2009771,0.2583923,0.2297600986802758,0.39074360769217403
Tmprss2,1.1989719,-0.51950777,0.23053886712498706,0.39197053436953844
Eefsec,1.1979908,-0.6583256,0.23092061580269552,0.39257078830207126
Cnnm2,1.1964854,0.27671304,0.23150720710385142,0.3935190872772117
Rsrc1,1.1962631,0.39311528,0.23159393418815766,0.3936175801669222
Avpi1,1.1959938,0.7072292,0.231698992369476,0.39374720027992843
Zfp950,1.1955858,0.6308202,0.23185823590740795,0.3939688588511187
Whrn,1.1952207,-0.34248817,0.23200082475664507,0.39416216654828196
Aspa,1.1919631,0.3087064,0.23327572792706364,0.3962789539630553
Noc3l,1.1915306,-0.13984998,0.23344534272229245,0.3965178315398521
Camsap2,1.1913389,-0.03852608,0.23352057725585362,0.3965963604040981
Usp49,1.1912491,-0.35398376,0.23355579932610315,0.39660692360417993
Hsph1,1.189346,-0.57215655,0.23430355410377535,0.39782730349753265
Ccdc127,1.1834264,0.0006645517,0.23664020489110382,0.40169498533836206
Echdc2,1.1830266,-0.33066472,0.2367986132348736,0.40191399230320174
Bcl2l14,1.1827614,0.5609869,0.23690372133031345,0.40204249059221103
Gpr17,1.1823392,2.9726999,0.23707115380941202,0.40227671278616567
Armcx5,1.1813396,0.067574106,0.23746782478892792,0.4028998143906438
Ptrh2,1.1811988,-0.32282263,0.23752372017898749,0.4029446561776025
Nanp,1.1810989,-0.38164353,0.23756341964991312,0.4029620148489905
Padi2,1.1797731,0.6918753,0.23809048880525663,0.40380595738706243
Aldh5a1,1.1794344,-0.6126067,0.2382252264121102,0.40398437142678656
Mad2l2,1.1786267,0.053785097,0.23854686600451203,0.4044796519047368
D6Wsu163e,1.1780739,-0.3914863,0.23876715451243458,0.40480298015838617
Polr3a,1.1769418,0.2612262,0.23921874679378652,0.4054873881826594
Isg20l2,1.1769133,-0.25946862,0.23923014609562676,0.4054873881826594
Mettl16,1.176599,-0.34321272,0.23935556370354705,0.4056496881454958
Dll4,1.1752405,0.10149208,0.23989848802242753,0.40651943292524123
Tcf24,1.1729845,1.3845968,0.2408020178189324,0.4079999496560402
Atg10,1.1718239,1.0851762,0.24126778626965006,0.4087384758718366
Zfp748,1.170857,0.46683508,0.24165627420213354,0.4093459122648552
Gorasp1,1.169733,-0.42390084,0.2421084240227236,0.4100610228524579
Rasal2,1.1691415,-0.011075281,0.24234663652353994,0.41041365380302275
Armc7,1.1690599,-0.14969502,0.24237950635316696,0.4104184929890488
Xxylt1,1.1677687,-0.13057907,0.2429000888834918,0.41120094395735146
Ruvbl1,1.1677645,-0.21879686,0.24290173493875578,0.41120094395735146
Ugt1a7c,1.1662081,1.3625164,0.24353027727758914,0.41216293833799894
Trmu,1.1640399,0.39040375,0.2444078566365876,0.4135458351281039
Alkbh8,1.1634973,-0.08119885,0.24462780473898504,0.4138667858227911
Zfp869,1.1628752,0.36900505,0.2448801718115321,0.4142080621332871
Btbd10,1.1628506,0.54424524,0.24489010474205675,0.4142080621332871
Rbm48,1.16241,0.5831366,0.24506894584151084,0.4144592919098022
Nbdy,1.1621693,-0.13162391,0.24516668476788195,0.4145733169532318
Wdr47,1.1604885,0.7226303,0.24584996295020378,0.41567732979031113
B3gntl1,1.1584834,-0.23460844,0.2466668324008282,0.4170069147090278
Taf3,1.1568087,-0.006030006,0.24735053630567105,0.41811107342151443
Srbd1,1.1564374,0.09088388,0.24750227989651485,0.4183158667142307
Prps1,1.1562988,0.28432098,0.2475589920248774,0.41836001185617877
Tctex1d2,1.1555052,-0.28356808,0.2478835936346072,0.41885680748217635
Slc17a2,1.1552013,0.82254404,0.24800800576386284,0.41901525559931113
Vsig10l,1.1546893,2.6645355,0.24821768471865524,0.41926732530417415
Hacl1,1.1546873,0.4079147,0.24821852034095748,0.41926732530417415
Rad18,1.1529983,-0.12284234,0.24891109121333144,0.4203852256814014
Il15ra,1.1527678,-0.48099095,0.24900571341405708,0.42045673661862626
Fgf9,1.1527454,0.9269994,0.24901492576776996,0.42045673661862626
Zfp512,1.1520151,0.18430203,0.24931487608931846,0.42091122599029995
Nup160,1.1507055,-0.3490726,0.24985340813702794,0.42176834418884795
Glt8d1,1.1506056,-0.120799504,0.24989454440496228,0.4217857189259268
Cep162,1.1503261,-0.020152096,0.2500095831584497,0.42192781064936435
Alkbh2,1.1500038,0.4018834,0.2501423015154869,0.42204762161928233
Tmem138,1.1495428,-0.1174355,0.2503322246843904,0.4223159600985738
Pradc1,1.1492552,0.20890231,0.2504507675707446,0.42246382712839914
Heatr1,1.148168,-0.31279764,0.2508992305970149,0.42316810291245427
Pus3,1.1478069,0.3077646,0.25104828123467793,0.4233672765919621
Recql5,1.1467034,0.26246783,0.2515042371189393,0.42408390167712645
Bdp1,1.1453449,0.090634756,0.25206633613197627,0.4249793054623074
Zcchc4,1.1444106,1.4472642,0.25245339261777877,0.4255794063175696
Tmem141,1.1440578,-0.1588025,0.2525997029074242,0.42577356554406826
Impdh2,1.1438476,-0.6533829,0.2526868405606032,0.4258268772254073
Mafb,1.1438313,-0.48518184,0.2526936094101777,0.4258268772254073
Thg1l,1.1432825,-0.2194719,0.252921285531268,0.4261058117047684
Poll,1.1432805,-0.0068569314,0.25292213217743953,0.4261058117047684
Acbd4,1.1432071,0.46825644,0.25295261275461134,0.4261058117047684
Ecm1,1.141769,1.2826424,0.2535500398649275,0.42705958802227906
Hoxb4,1.1416936,0.55573124,0.25358142130664574,0.42705984438034245
Tctn2,1.1411877,0.32737225,0.25379183159059915,0.42736156840308376
Dtwd2,1.140643,0.94430304,0.254018497842726,0.42769058827866024
Lrfn4,1.1403595,0.2387811,0.2541365558750429,0.42783668614935516
Pbxip1,1.1394517,0.022874966,0.25451476822118646,0.42842066167217197
Anks6,1.1385114,-0.3981869,0.25490699196631217,0.4290280757094546
Ddx51,1.1376812,-0.2942308,0.2552536211338261,0.4295586105100999
Hivep3,1.1374079,0.5300609,0.255367816412407,0.42969790690779697
Sec61a2,1.1367123,-0.028234575,0.2556585779903814,0.43013423400817735
Fam98a,1.1350784,-0.61560816,0.2563424739571376,0.4312318035876316
Tyw3,1.1339096,1.2359817,0.25683248179300533,0.432002975217632
Ppp1r9a,1.1328264,-0.58527416,0.25728715297180993,0.43267871097555133
Senp8,1.1327857,0.11497902,0.2573042889711624,0.43267871097555133
Fzd7,1.1327264,-0.30406135,0.2573291375769038,0.43267871097555133
Rcan3,1.1323429,-0.65990037,0.2574902654765032,0.4328619274977352
Nrap,1.1313394,-0.041488692,0.2579122718597049,0.4334460265062633
Zbtb3,1.1304419,0.30539474,0.2582900820316194,0.43402763231535946
Zfp65,1.129683,0.49855855,0.2586098025487459,0.43451149402311096
Tmem177,1.1275718,0.31606498,0.2595007903684097,0.43595495187813293
Ier3,1.1266499,-0.52134675,0.25989056423024126,0.43655613141488137
Kank1,1.1256238,-0.40111876,0.2603247932427284,0.4372318284935287
Exosc1,1.1254137,-0.48301953,0.26041377280608724,0.43732756270701745
Lmntd2,1.1252851,1.193231,0.2604682075703352,0.4373652675005321
Exd2,1.1220071,-0.5396403,0.2618593882325365,0.439647284724363
Krt222,1.1213728,3.5011766,0.2621292129769265,0.44004627884353914
Rai1,1.1195614,-0.3231665,0.262900702009187,0.4412872345618795
Ect2,1.1189883,-0.64594674,0.2631451592842101,0.4416433545915039
Chd6,1.1175379,-0.20590356,0.2637643976297085,0.44262831483449055
Rnf170,1.1144292,0.8938786,0.26509509460027714,0.44480679983543436
Cuedc2,1.1143068,-0.7111544,0.26514757871065153,0.4448341421379258
Iqce,1.1142395,0.0064286543,0.26517644802255,0.4448341421379258
Ly6g2,1.113748,-0.42144254,0.26538734713625156,0.44513332173288855
Fhod1,1.1120671,0.10024011,0.26610930223458007,0.44628951533699807
Lancl3,1.1115224,0.43876365,0.2663435264381613,0.446627556596181
Elac1,1.111196,0.28864554,0.26648395347482823,0.4468082471515787
Dusp12,1.110884,0.06372134,0.26661828447163083,0.44697867355026993
Cep89,1.110015,-0.29904795,0.2669925495226876,0.4475512521111489
Lpcat4,1.1091399,-0.49828136,0.2673698152449463,0.44812871963165096
Zfp606,1.1084831,0.123665765,0.2676532250683934,0.448548756471848
Lynx1,1.1068532,0.09593006,0.26835736034167956,0.4496736800235839
Igtp,1.1066024,-0.000960841,0.2684658695498878,0.44980038790672827
Il1rap,1.1060027,0.3580579,0.26872535511046003,0.4501799866636703
Rad1,1.1050317,-0.024753349,0.2691458396274564,0.4507601998310158
Chic1,1.1049746,-0.5332,0.26917058806728156,0.4507601998310158
Poglut2,1.1039363,-0.40454572,0.2696207516433975,0.45145877050611743
Mlh1,1.1012233,-0.06875673,0.2707994512265509,0.453376897101259
Ift88,1.099924,-0.23764396,0.27136523523532685,0.4542685263610105
Map3k14,1.0997424,0.5439393,0.2714443495437594,0.4542897417710084
Bend7,1.0981902,0.91915697,0.27212146639299084,0.4553672360406449
Cyp27a1,1.0970254,-0.24818134,0.27263028508546827,0.4561070649062612
Polh,1.0967072,-0.15237361,0.2727694099885525,0.456228190018769
Arhgef28,1.0962136,-0.76547265,0.27298532805137166,0.45653349163538065
Zfp267,1.0959402,-0.061536163,0.2731049362601823,0.4566776722130096
Cracr2a,1.0956159,-0.1587753,0.27324690592098155,0.4568592050946843
Galk1,1.0954752,-0.5484141,0.2733085310955842,0.45690637686211655
Pcgf1,1.0950447,0.6018102,0.2734970380531745,0.45716562710880837
Trp53rka,1.0947734,0.4083251,0.27361590563563365,0.4573084220932889
Hsdl1,1.0946144,0.22328573,0.2736856338771487,0.45736906309055464
Nfkbie,1.0944103,1.0330616,0.2737750468249077,0.45746258129650696
Rasip1,1.0931823,1.7517773,0.2743137346153658,0.4583066977232898
Tbc1d8,1.091061,0.3793182,0.2752460630143204,0.4598081983533877
Taf4b,1.0904082,0.34341198,0.2755333679036518,0.46023192941033814
Ghr,1.0888742,-0.6678237,0.2762093396511529,0.46130467998650665
Polr1e,1.0876178,-0.48596752,0.2767639031162228,0.46217442607331133
Clasp2,1.087479,0.34283832,0.27682516763879006,0.46222028906721047
Treh,1.0872934,2.7514405,0.2769071684447879,0.46230076040562507
Nbl1,1.0872159,-0.31968054,0.2769414154385328,0.46230149610863475
Rufy2,1.0846274,0.12384097,0.27808674258960553,0.4641567441612176
Smco4,1.0845172,-0.47482988,0.27813555133467815,0.46417318288436393
Ipo11,1.0844519,-0.53446966,0.27816447778701003,0.46417318288436393
Pced1a,1.0826038,0.5841079,0.2789843077497117,0.4654844324642884
Zfp101,1.0804682,1.3654904,0.27993377226240734,0.4670116305585483
Phykpl,1.0784976,0.22489583,0.28081172797574616,0.4683620417207377
Zfp54,1.0781285,0.54705024,0.28097643881752243,0.46857960985727065
Svil,1.0780183,0.48693776,0.2810255917691361,0.4686044345132223
Hnrnpa0,1.0762396,0.031205904,0.2818201291434551,0.46987201487890135
Ufsp1,1.0748158,0.5155393,0.2824572205773921,0.4708768123120611
Map2k5,1.0745302,0.24163851,0.2825851214288606,0.47103261037782407
B3galt6,1.0733879,0.46903265,0.2830971173874377,0.47182852897906286
Tcirg1,1.0730962,-0.38515383,0.28322795989155736,0.47198907525189454
Nsun5,1.072219,-0.024066716,0.28362164917098265,0.4725875536021918
Zfp157,1.071807,-0.01512392,0.28380671945453817,0.4728383148807029
Ewsr1,1.0711278,-0.02571914,0.28411198903531565,0.4732892496111513
Camta1,1.0706464,-0.5435544,0.28432847077671364,0.4735921848808233
Il18bp,1.0704423,0.19325298,0.2844202339920585,0.4736372930020886
Lmf2,1.0704322,-0.11120003,0.28442482267884106,0.4736372930020886
Trim23,1.0697896,0.24632731,0.2847140109449734,0.4740611347464399
Bcat2,1.0692123,-0.64556813,0.2849739909327422,0.47443624616572316
Lin52,1.0679966,0.110913835,0.2855220356280538,0.4752907896790792
Zfp870,1.0677661,0.35269794,0.28562602372646795,0.4754060217209651
Cbln3,1.0664505,0.0290154,0.28622007416944806,0.47633680348876745
Lamc1,1.0657303,1.1996703,0.2865455433043146,0.4768204313320153
Bzw2,1.063558,-0.5996453,0.28752899689845235,0.47839871427014674
H2afx,1.0633928,-0.76931036,0.28760388785915525,0.47840690505704275
Fancf,1.0611428,0.0017097848,0.2886250091325351,0.47999177306765006
Dffb,1.0611387,0.7443842,0.2886268628837504,0.47999177306765006
Arsk,1.0610449,-0.2733083,0.2886695013766275,0.48000430828372825
Itga7,1.060329,-0.10297507,0.2889949914041532,0.4804871133679994
Ifrd2,1.060231,-0.71446335,0.28903952207426065,0.4804875067979174
Nop9,1.0601739,-0.04935032,0.28906550043337964,0.4804875067979174
Palm,1.0595313,0.27423108,0.28935786537164243,0.4808720108222619
Gcat,1.059511,-0.28537047,0.2893671500589684,0.4808720108222619
Ogfrl1,1.0587542,0.06505048,0.2897117537835284,0.4813861765479649
Zfp398,1.0577669,-0.41931438,0.29016173290713154,0.48207528824019247
Brap,1.056441,0.5327389,0.29076678341952555,0.4830218371309538
Mad1l1,1.0551131,0.16152301,0.291373614838598,0.4839711141646822
Nfatc2ip,1.0542012,-0.0037105249,0.29179077977451817,0.48454631614044147
Bmf,1.0532079,0.31003013,0.29224573154512146,0.48518397218399123
Upk1b,1.0529957,2.138261,0.2923429492793014,0.4852430730694746
Ttf2,1.0529753,0.014996476,0.2923522982829544,0.4852430730694746
Sh3rf1,1.0518126,-0.4480357,0.29288552344028196,0.48606911808808934
Dpy19l1,1.0503908,1.27906,0.2935384416854764,0.4870935796685948
Tctn1,1.0501788,-0.29446757,0.29363594786612657,0.48719626147406947
Kif3a,1.0474515,0.8254054,0.29489139992777136,0.48921993133716773
Mosmo,1.0472801,0.24103715,0.2949703963988002,0.4892916267289656
D11Wsu47e,1.0470436,0.014089239,0.2950795100703494,0.48941325654481843
Plekhg1,1.0447732,-0.27394122,0.2961278112217267,0.491032838420894
Celf2,1.0441144,0.34590596,0.2964325012308112,0.49147847409448875
Shld3,1.0418868,-0.045913782,0.29746415152108896,0.4931291395382339
Prxl2a,1.0409669,-0.07212252,0.2978909262685291,0.49371693330773664
Spry4,1.0401224,-0.0025865582,0.29828304840675934,0.4943069179547303
AW554918,1.0395594,0.14741385,0.2985446545976215,0.49468049819731896
Mt4,1.0391371,1.364815,0.29874095974739356,0.4949457989514911
Wars2,1.0387802,-0.44195193,0.2989069854111175,0.49513028354316035
Ttll1,1.0386558,-0.20384759,0.29896487168641916,0.49513028354316035
Epb41l4a,1.0386333,0.46813908,0.2989753109912999,0.49513028354316035
Cluap1,1.0385864,-0.46365473,0.2989971394149483,0.49513028354316035
Prkdc,1.0359122,-0.08610932,0.3002431178834637,0.497133386252133
Mdc1,1.034315,-0.2623064,0.3009889321435575,0.4983079475863376
Lrsam1,1.0338764,0.3455381,0.3011939372750174,0.49858698610771857
Serac1,1.0319794,0.63646966,0.30208177458282337,0.4999589666519599
Mfap1a,1.0319386,0.0024291852,0.30210088696764326,0.4999589666519599
Nup188,1.0318713,0.038606126,0.30213242416174013,0.4999589666519599
Zfp1,1.0316327,0.2821952,0.302244255501818,0.5000835080444478
Ankrd39,1.0310085,0.20260379,0.30253686766036125,0.5005070971758336
Glyctk,1.0306087,1.6549809,0.30272439140950946,0.5007567500332698
Zfp949,1.0301598,-0.02093861,0.30293496930877584,0.5010444733064234
Flywch2,1.0298376,-0.062320907,0.3030862626040839,0.5012340840622623
Znrd1as,1.0282832,0.26301262,0.30381662282310007,0.5023204349058027
Brat1,1.0249991,-0.12097361,0.3053636143862801,0.5046945742014763
Sec24d,1.0249215,-0.47914687,0.30540019023891896,0.5046945742014763
Camk2b,1.0246687,0.09794132,0.30551956323372054,0.5048308394418957
Sardh,1.0242118,0.71835315,0.30573528320887156,0.5051262532175086
Ly6g6d,1.0239058,-0.048610386,0.30587979499873075,0.5053039618999328
Lig1,1.022584,-0.644982,0.306504606272167,0.5062138273879088
Zfp719,1.0208684,0.6025771,0.30731677117881173,0.5074938830902368
Stra6l,1.0199015,-0.19488221,0.3077751465749553,0.5081894626192361
Pus7l,1.0184431,0.2936079,0.30846743341336824,0.509267163846701
Pdcd11,1.0183697,-0.45379987,0.30850231702420994,0.509267163846701
Izumo4,1.0182513,0.85970145,0.3085585238845513,0.509298468813668
Anp32b,1.0180126,-0.1608692,0.30867192729677884,0.509424161933798
St6galnac2,1.0157199,-0.6969572,0.30976277943284003,0.5111627861402301
Gpr19,1.0139391,-0.019056598,0.3106117886258375,0.5125019557744122
Ipo5,1.010757,-0.6378716,0.31213273910776373,0.5149493554468173
Ccl20,1.0088784,0.85360974,0.31303298515721567,0.5163722644179644
Spata2l,1.008654,2.2391422,0.313140620573671,0.5164875149372754
Ppie,1.0078564,-0.74823964,0.31352341276591855,0.5169941721420398
Atrip,1.0051475,-0.100362495,0.31482583387727014,0.5190792474405195
Map2k6,1.0045111,-0.66524416,0.31513233952873343,0.5195219702297083
Ift172,1.004046,0.08919185,0.31535644838437604,0.5198287646644578
Hyls1,1.0033382,0.65128905,0.3156977272173608,0.5203286030730877
Ptpn13,1.0029424,-0.045828756,0.3158886343078613,0.5205805102627142
Card14,1.0027161,0.024174139,0.3159978987388783,0.5206978268772335
Nol8,1.0019021,0.00097565854,0.3163908649475049,0.5212825395370035
Cep44,1.0017879,0.018546097,0.31644604375312557,0.521310643094084
Pinx1,1.0003356,0.0642058,0.31714815339475366,0.5224043601148225
Cchcr1,0.9990362,0.5464645,0.3177771700268136,0.5233774298586867
Fam185a,0.99878526,-0.21968025,0.31789872261440555,0.523514575114643
Ccdc189,0.9982121,-0.24116899,0.3181765302217535,0.5239089766143864
Zfp788,0.99805707,0.8410402,0.31825169411566456,0.5239696504974372
Fbxo10,0.9976063,0.34891695,0.3184703288912204,0.5242664918246586
Tango6,0.99630076,-0.09196287,0.31910403416384614,0.5251811862403204
Gsdmc3,0.99610287,-0.4251125,0.31920015209463215,0.5251811862403204
Dock9,0.99606615,-0.06006628,0.3192179904957618,0.5251811862403204
Wdr75,0.9958071,-0.2375654,0.31934386886615784,0.525325082009468
Krba1,0.9956541,0.82954687,0.31941822173945644,0.5253841932026783
Ofd1,0.9954338,0.7644509,0.31952530977532123,0.5254971270207478
Rarb,0.99445677,1.0999786,0.32000054812814327,0.5262096732493823
Fbxo21,0.9943507,-0.21104,0.3200521675650212,0.5262096732493823
Atr,0.9943058,-0.4395048,0.3200740081965895,0.5262096732493823
Frrs1,0.9919172,-0.6000651,0.32123793191388594,0.5280597089701154
Sdhaf3,0.9909523,0.08344787,0.32170885646902514,0.528770265891096
Eef2kmt,0.9908605,-0.30621025,0.32175368248361,0.5287803879297401
Zfp839,0.98941225,1.463214,0.32246147703379646,0.5298799205043458
Hacd1,0.98920625,-0.68757033,0.32256224576145753,0.5299818227547678
Nudt15,0.98820466,0.30279687,0.32305241407435537,0.5307234217283529
Mmaa,0.9881068,0.6519641,0.32310035881376187,0.5307384272406239
Prmt6,0.9864953,1.2062094,0.3238901157453079,0.5319718151353694
Syce3,0.98606694,0.47739872,0.3241002625268239,0.5322530431192887
Fabp5,0.9842821,-0.22046596,0.32497682976268194,0.5336284998804846
Lsm6,0.9832173,-0.32662252,0.3255004987576373,0.5344242190551916
Tcof1,0.9822545,-0.42924517,0.32597448011932195,0.535138177146666
Caprin2,0.9794008,0.20625515,0.32738198731269574,0.5373578449623883
Shld1,0.97935385,1.1408032,0.3274051600896979,0.5373578449623883
Tubd1,0.9786624,-0.16629978,0.32774683017267603,0.5378457653606801
Acvr2b,0.9785869,0.4065835,0.3277841355981759,0.5378457653606801
Sh3pxd2b,0.9785135,0.207279,0.32782043541362105,0.5378457653606801
Vopp1,0.9779913,-0.24908791,0.32807864266053066,0.5382048270612712
Strada,0.97739154,0.32093194,0.3283753402680454,0.5386269375273505
Clec16a,0.9757638,-0.05316654,0.32918153923462257,0.5398198284007031
Hps6,0.97551286,0.5409514,0.32930591697515066,0.5399590425222045
Zfp358,0.975009,0.88252336,0.32955577561418714,0.5403039481505826
Nol3,0.9742665,-0.07463123,0.32992421212321354,0.5408231417035719
Gfod1,0.97421145,0.6574515,0.32995155182690317,0.5408231417035719
Nup37,0.9728509,-0.70134157,0.3306274094956405,0.5418659905144876
Fignl2,0.97272646,0.7836932,0.3306892642456962,0.5419024192402512
Oas1c,0.9716148,0.1473832,0.331242233212208,0.5426785119416491
Tmem150a,0.97127616,1.3102927,0.33141077919253503,0.5428896029537513
Klhl20,0.97002167,0.27495646,0.3320356947665345,0.5438481406075409
Adat2,0.9675963,-0.2797936,0.3332460224378727,0.5457651924356778
Ccdc28b,0.9672026,0.11102022,0.33344275264333145,0.546021990467915
Zdhhc24,0.9648568,0.3634472,0.3346165324727264,0.5477473164429655
Capn8,0.9636635,-0.32869834,0.3352146498116566,0.548660722462526
Tdrd1,0.96336776,2.9497433,0.3353630075492434,0.5488378564188492
Socs5,0.96320045,0.2507261,0.33544692512321106,0.5489095011439405
Fam217b,0.96279657,1.5276536,0.3356496111038042,0.5491754524819961
Fancc,0.9620031,0.720457,0.3360480469738941,0.5497615794195481
Fen1,0.96123207,-0.4890177,0.33643550749531126,0.5503296130380839
Ccl25,0.9605589,0.11293882,0.33677400155558335,0.5508174227093173
Map4k2,0.9586598,0.508042,0.3377301451918059,0.5523152039581375
Stk39,0.9577847,-0.70458174,0.3381713176653287,0.5529705571055088
Mgme1,0.9575155,-0.38452032,0.3383071374650858,0.5531265070343194
Map3k20,0.95688313,-0.49594143,0.33862624590689216,0.5535820577138972
Fam49a,0.95644253,-0.36690986,0.33884870660942323,0.5538795198283365
Tedc1,0.95592237,0.5446011,0.3391114545182945,0.554242756129757
Angel1,0.95567757,0.21970217,0.33923514581084047,0.5543786590539249
Gla,0.95520234,-0.5186098,0.3394753957144987,0.5547049870230337
Shld2,0.9545414,1.5677338,0.33980965845258215,0.5551848362412259
Haus3,0.954368,-0.18859495,0.33989738576664064,0.5552618265868846
BC052040,0.9530829,0.47436067,0.34054805252261966,0.5562583156052107
Fam151b,0.9529626,1.2843724,0.3406090288188275,0.5562914688997332
Dennd4a,0.95218134,-0.16706674,0.3410050280491943,0.5568717170495261
Pde11a,0.950168,0.014671841,0.3420268855604993,0.5584737504525168
Eif2ak4,0.94985795,-0.5507014,0.34218442756600176,0.5586642844991732
Tmem86b,0.94956625,1.0669243,0.3423326837904652,0.5588396145200684
Hmgb1,0.9493072,-0.25016016,0.34246438634039644,0.5589878829320747
Runx1,0.9459843,-0.23681588,0.34415657706190705,0.5616829205539537
Ero1lb,0.94573957,-0.16508009,0.3442814427021853,0.561819657392886
Zg16,0.9447094,-0.7343728,0.344807235753283,0.5625434202966052
Homez,0.94411176,-0.42574614,0.34511253451930957,0.5629743420674649
Ppp1r15a,0.94403017,0.07734473,0.3451542269001433,0.5629751971444966
Cep85,0.9435916,-0.03343618,0.34537837846900854,0.5632736226074767
Nt5dc3,0.94117236,-0.1246709,0.3466165284386641,0.565225498020359
Pla2g12a,0.93991584,-0.41194677,0.34726072847207734,0.5662084728574768
Trp53i13,0.9396486,0.7315634,0.347397823722536,0.5663644777546113
Tpm2,0.93939364,-0.6320671,0.3475286718997219,0.5665102620370364
Trappc2,0.9391142,0.16560967,0.3476721175052069,0.566676544324637
Brms1l,0.93884087,-0.048922814,0.3478124583893841,0.5668377271451349
Ccdc86,0.9377638,-0.2679566,0.3483657939301821,0.5676718579593947
Cd14,0.9366011,-0.65896094,0.3489637724321132,0.5685785282984805
Tuba1b,0.9330253,-0.6704488,0.3508069013203422,0.5713773672648499
Ftsj3,0.92940056,-0.54177487,0.35268155074953966,0.5743622968321966
Agtpbp1,0.92799103,-0.00078853086,0.3534122309186368,0.5754837172913024
Rab8b,0.927479,-0.64966494,0.3536778812114566,0.5758477230106762
Cenpl,0.92727506,-0.5023376,0.3537837531311615,0.5759515266748373
Rhobtb2,0.9269181,-0.2247304,0.35396907718112913,0.5761846364066112
Med12,0.92679363,0.5022924,0.3540336902650647,0.5762212228486979
Nup85,0.9238767,-0.31052533,0.35555052501570905,0.5785522881472895
Dnajc28,0.9231505,-0.25502253,0.3559287790419985,0.5790299849392493
Hspa2,0.9230628,3.2918208,0.35597448419835787,0.5790354551460145
Tmprss12,0.9228221,2.565964,0.35609992666206103,0.5791706109780786
Dapp1,0.92117393,-0.25852722,0.3569596372717768,0.5804998263398202
Tmem14a,0.9210046,0.4963954,0.3570480231178791,0.5805745203492266
Acadsb,0.91946864,-0.58477527,0.3578505147689829,0.5817410591376415
Bcap29,0.9193564,-0.4481104,0.3579091741459437,0.5817672597700916
Afap1,0.91917485,-0.115966946,0.35800410850047204,0.5818524107135673
Mlxipl,0.9184018,-0.23009203,0.35840855689466844,0.5824405247218766
Sufu,0.91742676,0.09950778,0.35891906237559534,0.5832008291333491
Apoc2,0.9161621,0.025607778,0.3595819048908583,0.5841026837476944
Aen,0.91613555,-0.20319584,0.35959581142758257,0.5841026837476944
Creld1,0.9161233,1.0244036,0.3596022299430961,0.5841026837476944
Tnfsf15,0.9160009,1.0303547,0.3596664190564137,0.5841375630162065
Zfp472,0.91466075,0.3974913,0.3603697606589594,0.5852103642098646
Pgghg,0.9142895,-0.2093765,0.36056475065681415,0.5854574881538749
S100z,0.9135144,1.7366872,0.36097208601897146,0.5859797336549661
Tia1,0.9131676,-0.40188804,0.3611544084133599,0.5862061169202014
Wdr60,0.9124231,0.17638068,0.36154606039770687,0.5867495794481413
Elmo2,0.912368,-0.16358022,0.3615750424869826,0.5867495794481413
Pwp1,0.91224355,-0.71970594,0.36164052590245943,0.5867862116416863
Hcst,0.91208035,1.4952744,0.3617264170586144,0.5868246486781004
Lama3,0.91203547,-0.033553414,0.3617500393679258,0.5868246486781004
Casp14,0.9113338,0.000615191,0.36211953213559434,0.5873543591453271
Trim34a,0.90944284,0.5590609,0.3631164057929892,0.5889014289870882
Cd99l2,0.90895534,-0.3607553,0.36337369891659554,0.5892488239872458
Glmn,0.90748054,0.24765897,0.36415273178309304,0.5904314590696738
Wrb,0.9073908,-0.08983834,0.3642001754872436,0.5904314590696738
Zkscan7,0.9073296,0.64658785,0.3642325256827619,0.5904314590696738
Zfp60,0.9069747,0.4251218,0.36442019223830346,0.5906656547183596
Plekhm3,0.90670544,0.95011,0.36456260027555987,0.5908264468793886
Omp,0.9064647,0.73996204,0.36468993386521575,0.5909627735047784
Gpatch4,0.9059425,-0.2957315,0.36496627853590335,0.5913405046183031
Pakap-1,0.9055366,-0.5739864,0.3651811836713704,0.5916186099639842
Sdsl,0.90533465,-0.56201553,0.36528812570713487,0.5917217625023773
Tmed1,0.90316224,0.2203693,0.36643979919265524,0.5935170264076228
Hoxb8,0.90272367,-0.23322572,0.3666725710888086,0.5938237102841613
Ndufaf6,0.90155894,-0.34757906,0.3672912173771249,0.5947551684585177
Tmem216,0.9004003,0.061357718,0.36790725819273584,0.595541164273871
Asb4,0.8985828,0.21147275,0.3688749133805057,0.597036861223626
Slc26a11,0.89734054,0.7920832,0.36953721733905176,0.5979901659398422
Wdr19,0.8973141,-0.17959052,0.36955136324370064,0.5979901659398422
Cpt1b,0.89668983,2.076294,0.3698844332823613,0.5984583087004604
Fgf1,0.8946806,-0.45574474,0.3709578365744778,0.6001240287656434
Pwp2,0.89273465,0.38421217,0.3719992987281002,0.6017213028710297
Taf1c,0.8926714,2.1090572,0.3720331711718139,0.6017213028710297
Gga3,0.89027256,-0.53265774,0.3733195505666528,0.603730469962036
Serp1,0.8898972,0.62449944,0.3735210696616562,0.6039849388226497
Tmem101,0.88972384,0.1325729,0.37361418545461367,0.6040640796987281
Casd1,0.8892567,-0.6629512,0.37386512184012344,0.6043263308948927
Dhrs13,0.8892404,0.03703714,0.37387389006152383,0.6043263308948927
Znrf3,0.8891751,-0.5168208,0.3739089642195018,0.6043263308948927
Prickle3,0.88856727,-0.56974393,0.37423569006467616,0.6047829191248459
Rbm8a,0.8881858,0.35390967,0.3744408061569596,0.6050428954503632
Plch2,0.8875718,-0.46790555,0.3747711122587134,0.6055050756306599
Cep70,0.8873271,-0.21554445,0.3749028459553332,0.6056463577600923
Slc27a1,0.88691705,-0.5716519,0.37512356400415436,0.6059313415729756
Atpsckmt,0.8857972,0.16518398,0.3757268298140345,0.6067624465879691
Inpp5f,0.8855748,-0.17560638,0.37584667514172276,0.6068843172231737
Tns2,0.8825661,0.25369358,0.37747075523709916,0.6094347789689883
Msh2,0.88216424,-0.69345284,0.37768799323735325,0.6097135293968605
Apex2,0.8811933,-0.0024136915,0.3782132110552394,0.6104893367776675
Cep290,0.87988573,-0.2305954,0.37892119998755813,0.6115599445096019
Inf2,0.87919426,-0.2536385,0.3792959573325936,0.6120925438427209
Map10,0.8778643,-0.1406496,0.38001737023213333,0.6131843702565691
Zscan22,0.8776644,-0.054473955,0.3801258763229849,0.6132870880977841
Ccne2,0.8765139,0.33437335,0.3807507099967484,0.614222715489623
Klhl36,0.87597334,-0.09704514,0.38104451089046576,0.6146241668349987
Pbp2,0.8751207,0.67189,0.3815082230702832,0.6152995577881971
Lrrc8d,0.87432724,-0.5483404,0.38194007478131475,0.6159234106880282
Rangrf,0.87378055,-0.62785715,0.38223777167137585,0.6163308015099711
Heg1,0.8728606,-0.21074133,0.3827390677318272,0.6170663465259063
Uros,0.87228334,-0.33820614,0.3830538338657046,0.6175010230005317
Lrrc31,0.8716816,-0.3816976,0.3833821157378495,0.6179573824510953
Wdpcp,0.86802214,0.47720647,0.38538222229312824,0.6211080600893965
Sis,0.8676427,0.8959234,0.3855899553897634,0.6213696252598414
Sipa1l2,0.86689615,-0.19721821,0.3859989202133576,0.6219553710283569
Mtrf1,0.8667921,-0.34445536,0.38605592813385026,0.6219739417095196
Zmym3,0.86620665,-0.34439707,0.38637683327283867,0.6224176222177016
Pck2,0.8650093,-0.7866371,0.387033686213772,0.623402315544562
Lrrk1,0.8648828,-0.5276162,0.38710310395602787,0.6234406956305125
Tsacc,0.8633958,0.59580797,0.3879198917165946,0.6246825858719302
Tlr5,0.86254925,-0.44982642,0.38838533565995415,0.6253584675791679
Fuz,0.86237586,-0.6058057,0.3884807095030398,0.6254383920948987
Slc39a10,0.86119074,-0.43271554,0.38913299963646,0.6263107493120459
Slc7a1,0.8611418,-0.6668256,0.3891599588229948,0.6263107493120459
Rasa3,0.8605584,-0.45555875,0.3894813099301564,0.6267541672505165
R3hcc1,0.8591305,0.9573324,0.3902685143955671,0.6279470448710883
Csnk1e,0.8577516,-0.43794256,0.3910296461549626,0.6290976954316605
Rdh5,0.85733956,0.4750065,0.3912572597522652,0.6293898396791233
Flot2,0.85709274,-0.548685,0.3913936410661152,0.6294720136309135
Capg,0.85708046,-0.57073146,0.3914004045267757,0.6294720136309135
Dut,0.85669494,-0.60064673,0.39161348985247424,0.6297406483693068
Tlcd1,0.85622376,-0.42571986,0.39187402306235186,0.6300855103324705
Ppp1r14b,0.85444504,-0.7106795,0.3928584551091525,0.631519851136436
Dhodh,0.85338634,-0.27856562,0.39344508365071007,0.6323141989568057
Zfp111,0.85316604,0.42401364,0.39356722329676785,0.6324361666960401
Plcd4,0.8516382,0.48685238,0.39441491600532863,0.6337238839587438
Ccdc87,0.8512629,2.926136,0.39462332983584714,0.6339842616899918
C1qtnf12,0.85112417,-0.22542228,0.3947003691933154,0.6340335426663443
H2-Eb1,0.85064894,-0.30770397,0.39496441126092763,0.6343831717163713
Ears2,0.8492965,-0.59412026,0.3957163253803264,0.6355162360042236
Kbtbd7,0.8491945,-0.16524793,0.3957730658657903,0.6355327237804934
Adora2b,0.84876,1.0840447,0.3960148353933368,0.6358462925917437
Lin9,0.8478441,0.16902655,0.39652477311726686,0.6365903113851402
Scai,0.84688544,0.3174548,0.3970589852910529,0.637373121710899
Ppp1r14a,0.84669167,0.47932136,0.39716701706915325,0.6374717087348205
Pm20d2,0.84558403,-0.18723768,0.39778484416467463,0.6383884220105533
Fosb,0.84534127,0.7230873,0.3979203200822554,0.6385309055532554
Creb3l2,0.8449027,-0.52510077,0.3981651579868719,0.6388488249994688
Dpp7,0.8442969,-0.48327762,0.39850352517770327,0.6393167183018644
Kcnh1,0.83965015,1.2002627,0.40110456642140413,0.6433386049510558
Cep250,0.8395176,0.14127494,0.4011789333015433,0.6433824220591773
Bcl2,0.838822,0.21688981,0.4015692090194397,0.6439328017519744
Urb1,0.8373064,0.0065603494,0.4024203639481463,0.6452220045715676
Zfp7,0.8367373,0.5410492,0.40274025578953565,0.6456592025699766
Trim30d,0.8366516,-0.31819746,0.40278842474636356,0.6456607324354146
Vsig2,0.836209,-0.17414737,0.4030373526924943,0.6459083321305356
Cnbd2,0.8355664,0.9873794,0.4033988636886062,0.6464119358966124
Kctd7,0.83417934,0.46755302,0.40417993023682663,0.647587644521219
Znhit6,0.8311747,-0.51412165,0.4058749585905055,0.6502272796069778
Prmt7,0.83100945,-0.62704515,0.40596829087648867,0.6503006182190444
Zmym1,0.8302364,0.6809689,0.4064051640539682,0.6509241764392147
Zfp27,0.82589966,0.19082993,0.40886100110071966,0.6545509470911193
Fzd6,0.82552433,-0.5715646,0.4090739622038826,0.6548152210158135
Acacb,0.82497567,-0.40350935,0.4093854208412758,0.6552370821634418
Lcp1,0.8224646,-0.59764344,0.41081251923395956,0.6574442598624222
Nxt1,0.8218894,0.020625932,0.41113985730945724,0.6578911243513723
Trim32,0.82178944,0.0124188475,0.4111967509882283,0.6579006617558916
Ptgr1,0.8217099,-0.61184716,0.4112420370522385,0.6579006617558916
Notch1,0.8203677,-0.43594772,0.4120065404890727,0.6590466067596291
Slc35e4,0.8183197,0.68443704,0.4131746701406781,0.6608378496109677
Sclt1,0.8175201,-0.48825476,0.4136312845612624,0.661437671242712
Igsf9b,0.81749356,-0.378335,0.41364643250220645,0.661437671242712
Gart,0.81621253,-0.67438614,0.4143785855993104,0.6625309433030012
Dph7,0.8146072,0.28919974,0.41529718997273835,0.6639220333033898
Cd302,0.8141156,-0.45397663,0.41557873112744625,0.6642944650108507
Sugct,0.8138606,1.2386905,0.41572480308541826,0.6644502901113949
Lrrc58,0.8127142,0.72766525,0.41638191711105565,0.6653252285565638
Rsl1,0.8127,0.103521734,0.41639010566798795,0.6653252285565638
Rnf219,0.812651,0.14885329,0.41641818144172793,0.6653252285565638
Zfp558,0.8083327,1.1126786,0.4188990907712554,0.6692108722309483
Zfp563,0.80823475,0.35347307,0.4189554425419598,0.6692227165940078
Rbpms2,0.80770445,0.44237697,0.41926075879637337,0.6695539970267903
Taf1b,0.8052913,-0.14340077,0.4206515990270038,0.6716967090955485
Baiap2,0.8051832,-0.35879555,0.4207139738893798,0.6717178742483676
Ccdc112,0.80415106,0.039166085,0.42130975063963383,0.6725905720286005
Zfp74,0.80388385,0.057873316,0.4214640738627764,0.6727583996817401
Alyref,0.80237234,1.2048521,0.422337625456359,0.6740741162600034
Bbox1,0.80142176,1.739623,0.4228875274913537,0.6748730235084913
Josd2,0.8004753,-0.092745185,0.42343548581248525,0.6756686427637965
Grin2d,0.80017745,0.8411188,0.42360798963983803,0.6758650400565611
Kifc2,0.79794586,0.7865251,0.4249018946686772,0.6777713063798158
Lancl1,0.7966914,-0.61008626,0.4256302854461108,0.6788539950403039
Kdm8,0.7952105,0.39767957,0.4264910792443205,0.680147581185549
Tyms,0.79482496,-0.56461066,0.42671533661732963,0.680425866166276
Cdkn2d,0.7944537,-0.52449733,0.42693135311971353,0.6806909471740797
Got2,0.7931319,-0.7537675,0.4277009840708016,0.6818385354591061
Bbs9,0.79225475,0.40211782,0.4282121415839615,0.6825738473202789
Shank2,0.79158163,-0.27242282,0.4286046662512363,0.6831199080402862
Saal1,0.7903475,-0.5403984,0.42932483812891853,0.6841879922401772
Gen1,0.7900946,0.18463168,0.42947253039889366,0.684343609089358
Lipk,0.78972536,1.9803967,0.4296881664602086,0.6846074421930971
Ccdc191,0.7887483,0.50865257,0.4302591310163978,0.685437280597535
Kiss1r,0.7886137,1.044634,0.4303378370516294,0.6854828097473538
Sf1,0.7874979,-0.08417091,0.430990464715576,0.6864424184702425
Brf2,0.78716946,-0.30137503,0.4311826636875299,0.68666275060448
Zbtb12,0.78708994,0.32027924,0.43122922867943503,0.68666275060448
Slx1b,0.7857783,0.050188523,0.431997374306472,0.6877809206590783
Ppm1j,0.7852602,0.12357977,0.43230102802254866,0.6881290371561347
Cdkl1,0.78292054,0.49810886,0.433673790140773,0.690233831491512
Dcps,0.78154975,-0.64703566,0.43447922824351426,0.6914352899138901
Pdgfc,0.7797996,1.1742241,0.4355088548848298,0.6929523272825662
Polr1a,0.77972203,-0.6479923,0.4355544885920867,0.6929523272825662
Abhd18,0.7796711,0.026341217,0.43558451227209793,0.6929523272825662
Fundc2,0.7781392,-0.6955399,0.4364869800375012,0.6943072527640839
Slc2a6,0.77671945,0.6556883,0.4373243160323016,0.69547499378555
Haus7,0.7766358,-0.4439844,0.43737367068049215,0.69547499378555
Tecpr2,0.77632374,-0.2930881,0.4375578760841665,0.6956870079584905
Tmpo,0.77571994,-0.6809497,0.4379143740254706,0.696172874308104
Nr6a1,0.7753283,0.617889,0.4381457052376191,0.6964596674560549
Nubpl,0.77516305,0.077532664,0.43824331916507453,0.6965338667576005
Lrrc29,0.7737372,0.72521996,0.4390862105899397,0.697616335490135
Tfb1m,0.7736801,-0.44475216,0.4391199938669721,0.697616335490135
Trim59,0.77366585,-0.61438996,0.43912843991949413,0.697616335490135
Igf2,0.7712894,1.5420806,0.44053540379807354,0.6997701994353184
Exosc8,0.77050203,-0.6777122,0.4410021432543918,0.7004302333337756
Dcaf4,0.7700839,-0.08145159,0.4412501381838484,0.7007427290284667
Slc44a2,0.76945764,-0.41501373,0.44162167507870276,0.7012513245124548
Zfp945,0.76881105,-0.51179135,0.4420055020663419,0.7017793150768867
Ppm1k,0.7669935,0.12190219,0.44308535631900203,0.7034121485561124
Disp1,0.7652597,-0.038247455,0.4441169243161819,0.7048861351002539
Btbd8,0.76498634,-0.41036892,0.44427967298948534,0.7050626120611828
Zkscan8,0.764762,-0.16852206,0.4444132980834218,0.7051928349142251
Setmar,0.7643214,1.1009283,0.44467575590014485,0.7055274349616523
Mtr,0.7639746,0.5248268,0.44488238208986086,0.7057733845799127
Klhl25,0.7636686,-0.1397349,0.44506474478145974,0.7059807893384135
Zc3h8,0.762151,0.032052565,0.4459698934966654,0.7073345272056251
Tpbgl,0.7596542,1.8893428,0.4474612880546821,0.7096176637072688
Aoc2,0.7585854,0.1909621,0.44810062663372285,0.7105491731465863
Glt28d2,0.757133,1.6523639,0.4489701772486506,0.7118454694348171
Myo9a,0.75677603,0.36172172,0.4491840475664327,0.7121019998227415
Hic2,0.7566414,0.26302686,0.44926472223569835,0.712147337031781
Synj2,0.7563742,-0.49161252,0.44942487357496275,0.7123186307530849
Grwd1,0.7549361,-0.082071535,0.45028731251636267,0.7136028506966345
Btg3,0.7544731,-0.21643549,0.4505652050432859,0.7139605074121593
Fam122b,0.75427115,-0.06344435,0.4506864308719597,0.7140698577423299
As3mt,0.7538326,-0.78914535,0.4509497626821446,0.7144043100878507
Trim13,0.7534409,0.36879444,0.45118499771208176,0.714663804476118
Mettl18,0.75338584,0.28106502,0.4512180832063476,0.714663804476118
Cycs,0.75307786,0.7223025,0.45140314220344746,0.7148741134490034
Mms22l,0.7525903,-0.16193773,0.45169613789995333,0.71525529015538
Crybb3,0.75145006,1.0793216,0.45238184887311694,0.7162581664165653
Pcnx4,0.75092787,0.53141475,0.4526960737704303,0.7166727030343406
Frg2f1,0.7488513,1.3793058,0.4539468277977883,0.7184480517623575
Rack1,0.7488044,-0.5122981,0.4539751089783204,0.7184480517623575
Sun3,0.74806803,2.1706805,0.45441913071445406,0.7190675321129553
Bckdhb,0.74712765,-0.51902735,0.4549865058554228,0.7198820395201789
Msrb2,0.7469012,0.079521075,0.4551231785332699,0.7200149776078743
Prmt3,0.7446472,-0.54231524,0.4564850088070874,0.7219559366389764
Apoc3,0.74460846,3.5110223,0.456508444908024,0.7219559366389764
Vars,0.74449426,-0.73537296,0.45657752366617976,0.7219816878046956
Mfsd10,0.7442862,-0.4255584,0.4567033607855119,0.7220971740943317
Rpgrip1l,0.7432622,0.29483488,0.45732296073690193,0.7229932356158536
Rusc2,0.7402698,1.3919924,0.45913632694185635,0.7256922412078001
Sec22c,0.7401331,0.6846097,0.45921924206665987,0.7257394123727694
Abcb9,0.73871744,-0.054998007,0.46007858752530706,0.7270134832919545
Gas2,0.7373997,0.16961329,0.46087930500887775,0.7281946269204395
Phf11d,0.73692447,-0.3179717,0.46116829973216067,0.7284829038740092
Mab21l4,0.73681635,-0.40843523,0.46123405086350566,0.7285007769711616
Acer2,0.73673064,0.37115124,0.4612861592536225,0.7285007769711616
Slc25a30,0.73501927,0.1864681,0.46232777524769875,0.7300614695741663
Zfp653,0.7343257,0.040541865,0.4627502576249344,0.7306442411985888
Ess2,0.7339728,0.7173838,0.4629653092195547,0.7308994000897495
Zfp81,0.732908,0.22370414,0.463614530809596,0.7316709415835229
Cspg5,0.73281217,0.33809593,0.46367301050440657,0.731678792828036
Smyd3,0.7319452,0.6614057,0.4642020027811772,0.7323445302298799
Cntnap1,0.7319452,-0.02382121,0.4642020027811772,0.7323445302298799
Zfp444,0.72798795,-0.4089092,0.46662095869047926,0.7360758576643562
Slc47a1,0.7273352,0.38641438,0.46702063270217264,0.736621355501985
Zfp395,0.72711897,-0.601784,0.4671530665702833,0.7366640270124774
Ighd,0.7270415,0.3329929,0.46720054793317867,0.7366640270124774
Snx24,0.7270272,-0.04202841,0.46720929479189877,0.7366640270124774
Gulp1,0.72643363,-0.52920336,0.46757299454319945,0.737152490244207
Arf2,0.72560954,-0.23416014,0.4680781848265132,0.7378638821328609
Slc46a3,0.7249894,-0.47242728,0.4684585272589348,0.7383783264483555
Kctd21,0.7248833,-0.4012634,0.46852360296442463,0.7383957900816533
Pfn2,0.7241184,1.3193276,0.46899304705343137,0.7390504630624193
Eml6,0.7214442,0.4622718,0.4706362668509628,0.7415544359012463
Bysl,0.7209567,-0.7059198,0.4709361738622043,0.7419414951112494
Ccdc51,0.7200163,0.48863885,0.4715149533650357,0.7427677672234607
Arsg,0.71986127,0.12934321,0.47161040802322474,0.7428325650446439
Mapk8ip1,0.7168566,2.0812638,0.47346257281336923,0.7456640197193164
Metap1d,0.71666694,-0.55427176,0.47357964605379244,0.745762512642286
Zfp607a,0.7161406,-0.15660603,0.47390451320772553,0.7461881655861424
Hoxa2,0.7133971,-0.058226313,0.4756000858904357,0.7487717216845162
Krt27,0.71189576,3.3336606,0.47652933008768805,0.7501483353227967
Wdr73,0.71175706,-0.43462408,0.4766152343320573,0.7501972064331128
Zfp692,0.7111349,0.53908426,0.4770006444575964,0.7507174373296847
Myef2,0.7091114,-0.41869515,0.478255354180564,0.7525766814577233
Zfp963,0.70905226,0.47352907,0.47829206131985913,0.7525766814577233
Rab6b,0.70879316,0.27361712,0.4784528314094447,0.7527142014155616
Miip,0.70873404,-0.29980537,0.47848954683038225,0.7527142014155616
Dis3,0.7081261,-0.20240647,0.4788669186008795,0.7532211998926878
Tmem86a,0.7069451,1.0272143,0.4796005986735945,0.7542884631237958
Cc2d2a,0.7063168,-0.012555352,0.4799911307329109,0.7547260462160882
Tlcd2,0.7062312,0.41230944,0.48004439853656566,0.7547260462160882
Zfp882,0.7053581,2.7778857,0.4805874065597051,0.7554929054723495
Zfp438,0.70468086,0.2204164,0.4810088487688394,0.7560685065418252
Plaur,0.7045014,0.858184,0.4811205900744129,0.7561572312685435
Syt5,0.7038731,2.4136658,0.4815117959203733,0.7566851079304878
Heatr3,0.70371807,-0.48584485,0.4816083538526673,0.7567498838257182
Plscr2,0.70283484,-0.26665977,0.4821586809179499,0.7575275691122432
Shq1,0.7023086,-0.017584095,0.48248675191068324,0.7579559256035144
Pld2,0.70176804,1.0106118,0.48282385031441155,0.7583983635480793
Asb1,0.6994018,1.2646226,0.4843009555103426,0.7606311664871868
Fam161a,0.69901425,-0.37851807,0.4845431284463011,0.7609241251152007
Atp23,0.6989245,-0.41232008,0.4845992199578346,0.7609248286741748
Abraxas1,0.69859403,-0.7292428,0.4848057690303845,0.7611617556246277
Slc18a1,0.6983595,1.5187645,0.48495242231440605,0.761304600522271
Ran,0.6981575,-0.21372631,0.4850786909085488,0.7614154153092751
Ggct,0.69744563,0.4688681,0.48552396157861655,0.761939427884735
Tuba4a,0.69627476,0.9676854,0.4862567787559876,0.7630018874914665
Cmtm7,0.6959321,-0.49004108,0.4864713749177525,0.7630745822930138
Cdk6,0.69593,-0.55411273,0.4864726524291143,0.7630745822930138
Plod1,0.69585454,0.3119226,0.4865199216243924,0.7630745822930138
Slc7a9,0.69584435,0.70934993,0.48652630954389675,0.7630745822930138
Tchh,0.6935944,2.2193432,0.4879365920794839,0.7650292813406576
Dsel,0.6935883,0.766366,0.4879404308484985,0.7650292813406576
Poglut3,0.6922624,-0.47581258,0.4887725482137376,0.7661582527307269
Cracr2b,0.69192994,-0.25472686,0.4889813375099631,0.7663861463265147
Pdha1,0.6918524,-0.5923654,0.4890300192208532,0.7663861463265147
Fkbp9,0.6913098,-0.6109231,0.48937086428999677,0.7668324245635048
Bbs4,0.691114,-0.032135207,0.48949390745013754,0.766907723586123
Hgh1,0.6910548,-0.05766626,0.48953108001340173,0.766907723586123
Card10,0.6909161,-0.5973926,0.4896182492243025,0.7669564213221463
Zmat1,0.68890893,1.1068794,0.4908805736764661,0.7688457043896086
Bcl7a,0.6883215,-0.38850337,0.49125036504216935,0.7693367775940982
Zfp948,0.6880828,-0.4769539,0.49140063550990787,0.7694839906788034
Zfp759,0.68778294,0.6019382,0.49158947184860535,0.7696915534153513
Ldlrad3,0.6873138,-0.48904476,0.49188500820649483,0.7699984594970255
Rabl2,0.68722,0.12951821,0.49194412691686706,0.7699984594970255
Suv39h1,0.6865693,-0.78617,0.4923542071939869,0.7705360246484059
Dpy19l3,0.68582064,0.3085217,0.4928262190146906,0.7711864681343282
Anpep,0.68534946,-0.059450176,0.49312344068621083,0.7715632781903814
Snx8,0.6840766,0.09027113,0.49392680501773345,0.7727318451684595
Wdr53,0.68300366,0.1353142,0.4946045435658656,0.7737036299774893
Ttll6,0.6828282,-0.25669616,0.4947153997986804,0.7737885270784575
Meis3,0.6826916,-0.6197552,0.49480177374127954,0.7738351161838973
Zfp955a,0.681333,1.3143408,0.4956607945964616,0.7749126976227978
Kcnk6,0.681076,-0.61798483,0.4958234015661479,0.7750219925210867
Rcc2,0.6810434,-0.56338376,0.4958440521072751,0.7750219925210867
Zmat4,0.6806803,1.077804,0.4960738203328685,0.7752925134916545
Gramd2,0.680513,0.25124517,0.4961796877256507,0.7753693554620356
Fam189b,0.68009686,-0.11953635,0.49644311742246305,0.7756923709725985
Pkmyt1,0.67968893,0.20302448,0.49670145421510037,0.776007355922712
Ppid,0.6791035,0.03619978,0.49707229267688424,0.7764295072687489
Hoxa5,0.6790831,0.009146404,0.4970852165365921,0.7764295072687489
Slc2a5,0.6784201,0.13422509,0.49750533941679664,0.7769969753911254
Arid5b,0.677131,-0.60648715,0.4983228578484885,0.7781848899255545
Parp1,0.67520744,-0.8920025,0.49954399495162993,0.7799137037291403
Ccnjl,0.6744833,-0.71498656,0.5000041132390765,0.7805429507470744
Zfp959,0.6730676,-0.15964311,0.5009042612245039,0.7818588942181363
Pecam1,0.6721232,-0.381037,0.5015052694872737,0.7827076649439018
Zfp385b,0.67085445,-0.15643786,0.5023132721800359,0.7838792647565891
Als2,0.6707096,-0.022138255,0.5024055477633602,0.7839338048452705
Chst11,0.6706178,-0.59932935,0.5024640369291389,0.783935619510094
Taf6l,0.669706,-0.23804836,0.5030452247836434,0.7846633339701521
Scoc,0.6689635,0.41689253,0.503518758584889,0.7852471842769498
Gata5,0.66893905,0.19233266,0.5035343735959469,0.7852471842769498
Dph6,0.6686351,-0.5740248,0.5037282812790163,0.7854600053010886
Tgfbr3l,0.66534483,-0.21352348,0.5058299500558305,0.7884674076158079
Il17d,0.66483897,1.7847185,0.5061534920966483,0.7888818103968162
Plag1,0.6645901,0.29228672,0.5063126938485895,0.7890400100717334
Dpysl2,0.66444325,-0.5737655,0.5064066613371672,0.789096523904485
Gemin2,0.6641821,-0.26611516,0.5065737372921396,0.7892669314651942
Ccdc163,0.6640312,-0.4069528,0.5066703412973101,0.789327513925805
Rnf113a1,0.6632275,0.31369117,0.5071848553563675,0.7900390587764353
Tctn3,0.6630276,-0.090674795,0.5073128735441381,0.7901484676214224
Dnaja4,0.66236264,0.036032476,0.5077388520591474,0.7906318380675064
Lsm11,0.6619853,-0.20593582,0.5079806718073309,0.7909183293823578
Nupl2,0.6613427,0.39704347,0.5083925579522839,0.7914695161654693
Kansl1l,0.6610796,-0.23204958,0.5085612856676716,0.7916130471674306
Prr5l,0.6610184,0.6319305,0.5086005288784677,0.7916130471674306
Lpcat1,0.66078585,-0.6463046,0.5087496675563828,0.7917362221466158
Usp18,0.6605084,-0.5360727,0.5089276173616146,0.7918517655501286
Ace2,0.6599169,-0.18926316,0.509307178047446,0.7923521797268286
Naf1,0.65951097,-0.59351605,0.509567720952093,0.7926673397815803
Cdk5rap2,0.6589867,-0.37268215,0.5099043042021634,0.7931007006329145
Psmg2,0.65803003,-0.39205948,0.5105188356219628,0.7939662319038258
Mks1,0.6577322,0.50869936,0.51071021864607,0.7941735546946791
Noxa1,0.6570652,-0.74167615,0.5111390001956113,0.7947499519812375
Gdpd3,0.65639,0.32625905,0.5115732182086445,0.7953346701913614
Gnl3,0.6555965,-0.8036035,0.5120837687807742,0.7960379149797757
B9d1,0.65513146,0.22868074,0.5123831352886739,0.7964127500650847
Ubtd2,0.65396875,1.4064473,0.5131319505981179,0.7974860125502059
Paics,0.6526714,-0.6327466,0.5139681431530321,0.7986948133656492
Htr4,0.6521125,-0.5656938,0.5143286079930861,0.7991641534263666
Ftl1-ps1,0.65185344,0.6777559,0.5144957293341913,0.7993330037088237
Cep135,0.651372,-0.25850067,0.5148063604765707,0.7997247505983306
Icosl,0.6512068,-0.18298024,0.5149129978609351,0.7997475673956359
Chpf,0.65116805,0.14574951,0.5149380132298774,0.7997475673956359
Samd12,0.6507703,-0.73205423,0.5151947863964119,0.80005549670349
Tex12,0.65058464,0.31002063,0.5153146366249477,0.8001507500676915
Ccr1,0.6496096,0.7038446,0.5159444172292178,0.801037682289913
Gdpgp1,0.64836127,0.06279715,0.5167513296563577,0.802199390742501
Tchp,0.6474698,0.39784604,0.5173279072051455,0.8030033065868747
Nags,0.6466539,0.051231533,0.5178559587715605,0.8037317258201214
Mylpf,0.64644176,0.10159099,0.5179932978359788,0.8038536481964378
Nol10,0.6462623,-0.25436166,0.5181095225255583,0.8038946028924728
Piezo1,0.64621943,-0.3854584,0.5181372599557043,0.8038946028924728
Sgsm3,0.6459583,-0.73429835,0.5183063427987382,0.8040657104676966
Cmtr2,0.6457992,-0.038477924,0.5184093916414323,0.8041343501243859
Tspan5,0.6451669,-0.0535849,0.5188190493900054,0.804678518816868
Arfgef3,0.64474463,-0.44142058,0.5190926881312741,0.8048792736905034
Pla2g2c,0.6446243,-0.051966492,0.5191706954277098,0.8048792736905034
Gbp7,0.6446039,-0.16109864,0.5191839176032125,0.8048792736905034
Nin,0.6437757,0.6392264,0.5197208847115142,0.8056203920233459
Rnf212,0.6436615,1.5301,0.5197949716183388,0.8056439121478842
Ilf3,0.64332896,-0.70631564,0.5200106484386773,0.8058868560062231
Tpsg1,0.64323515,-0.345073,0.5200715226380477,0.8058898665241135
Abi2,0.64158905,0.94407237,0.5211400651956283,0.8074541572116719
Mex3d,0.6414666,-0.20071167,0.5212195558559773,0.8074858305574363
Cdhr1,0.64136463,0.46271992,0.5212858028403706,0.8074969816314078
Zfp944,0.6408139,0.5920378,0.5216436114304126,0.8079400673586054
Trub1,0.6407425,-0.67685854,0.5216900032743317,0.8079400673586054
Rassf10,0.64053035,1.0413774,0.5218278658464359,0.8079931481048009
Zc3h6,0.64050794,-0.08481999,0.5218424485602634,0.8079931481048009
Ift122,0.6398389,0.43152186,0.5222773748499039,0.8085750142728898
Rhbdd3,0.63781327,-0.09314472,0.5235952225242042,0.8105235078128247
Magohb,0.6356715,-0.53677976,0.5249905701291626,0.8125915163006563
Rsu1,0.63482904,-0.8740656,0.5255399279952162,0.8133497640713651
Srd5a1,0.6341763,-0.026389748,0.5259657826582051,0.813916722626565
Rcl1,0.6340213,-0.87492776,0.5260669490556806,0.8139811641023345
Apex1,0.6338805,-0.8119538,0.5261588061080165,0.8140311883162265
Ybey,0.6322303,0.19785228,0.5272364078340295,0.8156060946980037
Ltb4r2,0.63086563,1.8541406,0.5281283769810201,0.8168935137671587
Cerk,0.629501,-0.6267328,0.5290211143614083,0.8179968044880437
Srgap1,0.62909096,-0.61593705,0.5292894858373307,0.8183192446382699
Umps,0.6279344,-0.6661036,0.5300469067362048,0.8193322101011724
Zfp712,0.6278651,1.2631016,0.5300923427675809,0.8193322101011724
Timp4,0.6267493,0.17152685,0.5308236002115752,0.8202584240697337
Scel,0.6267187,1.436794,0.5308436601840689,0.8202584240697337
Skiv2l,0.6264984,1.3635957,0.5309881033408785,0.8203889179964426
Rftn2,0.62632704,0.95429206,0.5311004618023567,0.8204698164422987
Tacc3,0.6262169,-0.58993083,0.531172698609773,0.8204887217314635
Ubac1,0.6244565,0.37734362,0.5323278256062305,0.8221801462802351
Slc22a15,0.6243362,-0.25158894,0.5324068436320555,0.8222093265576916
Prdm1,0.6239506,0.20857559,0.5326600091437211,0.8225074102349127
Zfp251,0.6234407,-0.13874806,0.5329949777203035,0.8229317286129785
Lpin1,0.6231388,-0.85974795,0.5331933293132827,0.8230583323054651
Ahcy,0.62313265,0.23578693,0.5331973503396062,0.8230583323054651
Nop56,0.62161297,-0.87302434,0.5341963796736504,0.8244888819742187
Dnajb5,0.62153953,0.27578488,0.5342446788426729,0.8244888819742187
Amotl2,0.6208888,0.8347836,0.5346727594436286,0.8249633290524225
Apbb3,0.62073994,0.9041162,0.5347707457885911,0.8250214292259682
Hoga1,0.619412,-0.2686772,0.5356449696138915,0.8262769271821734
Bend3,0.61853486,0.22132465,0.5362228084909706,0.826981719421904
Trpv3,0.61795354,-0.42360634,0.5366059675368535,0.8273860194008876
Ccdc171,0.6175904,1.270454,0.536845343737949,0.8276617898101976
Zfp367,0.6172865,-0.64964104,0.5370457617233841,0.8278774424041571
Socs3,0.61712945,1.0964494,0.5371493481727707,0.827894025748473
Prkch,0.6170866,-0.26725003,0.5371776007653529,0.827894025748473
Mrm1,0.6157668,0.53450584,0.538048415493994,0.8289558451870627
Zfp747,0.6135475,1.3606561,0.5395143797877221,0.8311207776948406
Mlh3,0.61268467,-0.4889467,0.5400848668209473,0.831905897023705
Zfp873,0.6117443,-0.12263766,0.5407069468085344,0.8326448945886485
Wnk4,0.6117239,-0.67891675,0.5407204449193321,0.8326448945886485
Tnfsf10,0.61161375,-0.5516891,0.5407933376280558,0.8326448945886485
Cd274,0.61159134,0.32197326,0.5408081867448904,0.8326448945886485
Accs,0.6114445,0.1891986,0.5409053859960232,0.8327007940443114
Zfp770,0.6106428,0.40650925,0.5414360857305693,0.8334239613198486
Vasn,0.6089273,-0.15697223,0.5425726289020101,0.8350794260253221
Cdca5,0.6083888,0.24727608,0.5429296485215807,0.8355348799834139
Abtb2,0.607938,0.3416664,0.5432286071786137,0.8358068410404526
Adgrg1,0.6077666,-0.7648774,0.5433422600176132,0.8358876595501025
Rnf32,0.6071404,-0.5446884,0.5437577347471526,0.8364327359580778
Rttn,0.60673654,0.3022769,0.5440257794645085,0.8367509317486395
Utp14a,0.6058451,-0.39267012,0.5446176055642276,0.837474899478765
Slc24a3,0.60584307,1.0710714,0.5446189602241065,0.837474899478765
Tada2a,0.60567176,-0.46982083,0.5447327576301537,0.8375557072849508
Zfp329,0.6054147,-0.24350592,0.5449034758830813,0.8377060576298003
G6pc,0.60515565,21.477732,0.5450755759261399,0.8377060576298003
Nat8f5,0.60515565,21.070583,0.5450755759261399,0.8377060576298003
Olr1,0.60515565,21.51038,0.5450755759261399,0.8377060576298003
Limk1,0.60244066,0.23088159,0.5468808604082624,0.8402916591104482
Pacs1,0.6016757,-0.51824725,0.5473900207255026,0.8409795004405402
Alkbh4,0.5984385,0.4712718,0.5495473798426286,0.844199103498983
Ccdc137,0.5948117,-0.05200257,0.5519693515833697,0.8478244280470156
Cd55,0.5944751,-0.4826323,0.552194378275759,0.8480570752625461
C9orf72,0.59439963,0.59497887,0.5522448449881516,0.8480570752625461
Taf1a,0.59365916,0.07524768,0.55274008439316,0.848626996079091
Pms1,0.59260666,-0.3661239,0.5534444357768797,0.8495511754603635
Prps2,0.592574,-0.6777969,0.5534662831573219,0.8495511754603635
H2-T24,0.5921232,0.25506902,0.5537680933176116,0.8499054123490334
Ttc30a1,0.59204364,0.12387035,0.5538213622992495,0.8499054123490334
Fam110a,0.5918784,-0.5462853,0.553932005893091,0.8499798227769322
Crtap,0.59162545,-0.5823166,0.5541014071709791,0.850144366999118
Cyp2w1,0.588682,-0.47807243,0.556074608512418,0.8530760905774418
Ccdc17,0.5883944,0.4181935,0.5562675998351291,0.853276436090341
Cbx4,0.5870807,-0.02797277,0.5571494788726842,0.8545333247626689
Zdhhc8,0.58685637,-0.3281184,0.5573001784453053,0.854668603817377
Syce2,0.58617914,0.13655847,0.5577551374733138,0.8551745156348881
Gstm5,0.5860037,-0.92569023,0.5578730177684181,0.8552139235136053
Zfp418,0.5859548,0.31352997,0.5579059167579431,0.8552139235136053
Cdk4,0.5852755,-0.8271281,0.5583624876053772,0.8558178679672196
Odf2l,0.58481246,-0.54175234,0.5586738276578808,0.856199102680883
Dnaaf2,0.58323973,-0.22932883,0.5597319158944056,0.8577245573572386
Celsr1,0.58181393,-0.6954775,0.5606920335930916,0.8590033116049214
Me3,0.5808307,1.0362468,0.5613545532442838,0.8599219800174281
Bbof1,0.5801005,1.938461,0.5618468771140245,0.8605797540921019
Ddx31,0.57829314,0.22081554,0.5630662065381924,0.8623508090950589
Polr3h,0.57750577,-0.44608828,0.5635978257120862,0.8630683389264029
Wwc2,0.57737726,-0.757428,0.5636846155297979,0.8631045926962251
Cep192,0.57712436,-0.74976045,0.5638554587438311,0.8632108546098963
Ache,0.57708764,-0.14198343,0.5638802606384061,0.8632108546098963
Morn2,0.57648385,-0.7101487,0.5642881893772026,0.8637242450822935
Cyba,0.5764043,-0.7761596,0.5643419473353047,0.8637242450822935
Cdr2,0.5762615,2.6091456,0.5644384421609594,0.8637752569999015
Slc26a6,0.57564753,0.6345581,0.5648534603737012,0.8643136478248141
Zbtb25,0.5753395,0.17388393,0.5650617141458989,0.864438856801115
Haus6,0.5747479,-0.13835165,0.5654617752193926,0.8649541136605362
Ppp1r12b,0.5742257,0.18524556,0.5658150456351839,0.8653976903099363
Rtkn,0.57412785,-0.6506706,0.5658812956349675,0.8654022274444397
Fbf1,0.57397485,-0.34309682,0.5659848187152878,0.8654637589099364
Repin1,0.57361174,-0.7630847,0.5662305498804239,0.8657427067995076
Smn1,0.573216,1.2719288,0.5664984275317981,0.866055449580474
Zfp677,0.57307327,0.08615631,0.5665950993377522,0.8661064144247441
Hdac6,0.572751,-0.1126576,0.5668133304913862,0.8662991222697844
Iffo2,0.57269996,-0.7571092,0.5668478644292527,0.8662991222697844
Dnah8,0.57252455,-0.08839196,0.5669666688775108,0.866383863772484
Camsap1,0.57139444,0.7562729,0.5677322764734798,0.8674568581871326
Zfp189,0.56953007,2.0348935,0.5689964714552547,0.8690971458897138
Ube2cbp,0.5685142,-0.20206727,0.5696858433537023,0.8699557686054583
Nat8f1,0.56748205,0.40358058,0.5703866973827322,0.8709287725222044
Mipol1,0.5660012,0.43293333,0.571392987670933,0.8723678805850184
Kank2,0.56583595,-0.68084806,0.5715053120802844,0.872441967258081
Asb11,0.56512,-0.069129206,0.5719921725147503,0.8730877284450509
Tmem67,0.5645019,-0.4249741,0.5724126122071048,0.8736319723138569
Gabrd,0.5641286,1.3071203,0.5726666122017687,0.8739220981876117
Irs1,0.56394094,-0.18739507,0.5727943263961385,0.8740109099978092
P4ha2,0.5638553,0.8020244,0.5728526351963703,0.8740109099978092
Sytl1,0.56365126,-0.6417178,0.5729914770100055,0.8741187886011671
Ppp1r13l,0.5635636,-0.15113316,0.5730511838983154,0.8741187886011671
Zscan20,0.5633433,0.059673656,0.5732011584004246,0.8742500380465991
Actr6,0.56295365,-0.4027715,0.5734664366497814,0.874557100611772
Nolc1,0.5602529,-0.8588322,0.575306927061906,0.8772660824678372
Pnpla7,0.55950636,-0.21922085,0.5758161951924443,0.8779447507254629
Isca1,0.55828655,0.5569056,0.576648735834012,0.8790181097458605
Fgl1,0.5578296,1.8640741,0.5769607365816294,0.8793956835436672
D3Ertd751e,0.5573788,-0.4590843,0.5772686366915694,0.8797669237442562
Prpf40b,0.5568852,-0.10800125,0.5776058830293231,0.8801828003594823
Polr1b,0.556516,-0.6297034,0.57785818160515,0.880469151359379
Dck,0.5560856,-0.79021317,0.5781523630699359,0.8808192474355363
Sergef,0.5552839,-0.22600847,0.578700481170868,0.8815560966928395
Arvcf,0.5548535,0.1974978,0.5789948641114349,0.8819063005929909
Wdr76,0.5539519,-0.3269006,0.5796117614520102,0.8827476153086357
Fcho1,0.5537887,-0.4696295,0.5797234500272459,0.8828193963388183
Cenpj,0.5535174,-0.10762557,0.5799091546222606,0.8830038625386275
Kremen2,0.55341136,1.0253416,0.5799817685141748,0.8830161082644556
Zfp775,0.5530809,-0.7834774,0.5802080160389287,0.8832622308062285
Zfp763,0.55288506,0.36237395,0.5803421081615262,0.8833611288441313
Homer3,0.5527974,0.19626044,0.5804021749663268,0.8833611288441313
Ambp,0.5524751,1.0542889,0.5806229105615707,0.8835004230476775
Syn3,0.5523221,0.19998282,0.5807277038749974,0.8835615654751434
Neto2,0.5519957,0.79361355,0.5809512925375813,0.8838034181167452
Zbtb49,0.55162245,-0.36704615,0.5812070714565125,0.8840941826660521
Eef1aknmt,0.5506433,-0.269726,0.5818782171934027,0.8850166410988524
Tubgcp2,0.5497825,-0.3411701,0.5824685651509693,0.8856190380742167
Slc16a13,0.5495377,-0.26713908,0.5826364876523028,0.8857758720005826
Slc7a8,0.5480405,-0.19551975,0.583664105025661,0.8870635884822757
Gcfc2,0.54802006,-0.45669198,0.583678111090568,0.8870635884822757
Fah,0.547912,-0.6473689,0.583752345848413,0.8870778230333424
Zfp58,0.5464453,-0.08918075,0.5847598515981189,0.8885101078449196
Cbarp,0.54524595,-0.07404495,0.5855843928119683,0.8896641008447579
Rita1,0.5448339,-0.15805376,0.5858677780946004,0.8899957637684582
Syt11,0.5443668,0.85450214,0.586189118557384,0.8903850045842747
Letm2,0.54278386,-0.07246241,0.5872786351017298,0.8917427642700595
Bin1,0.5426839,-0.67996776,0.5873474633479823,0.8917482581640566
Spsb1,0.5420536,1.3536196,0.5877815886841287,0.8923083065336878
Pla2g4a,0.541254,-0.7146755,0.5883325371945459,0.8930455595665907
Zfp994,0.5410337,-0.24913438,0.588484371047761,0.8931768894648314
Fxyd3,0.54081744,-0.75879115,0.5886334107615858,0.8933039498573617
Nphp3,0.5404768,-0.010580851,0.5888682539709014,0.8935611820963245
Adhfe1,0.53757006,0.51947063,0.5908739123672219,0.8965051316566912
Zfp760,0.5374599,0.043931335,0.5909499780200095,0.8965209123278371
Eps8l1,0.53734565,0.2459784,0.5910288656758025,0.8965209123278371
Mcm7,0.5372702,-0.6897598,0.5910809905336585,0.8965209123278371
Prim2,0.5369459,-0.08845864,0.5913050105999054,0.8967612310029617
Zfp820,0.5367725,0.26338765,0.5914247857599506,0.8968434181933161
Tent5c,0.53656036,0.12087174,0.591571349354914,0.8969662049482702
D6Ertd527e,0.5362136,0.557959,0.5918109603851096,0.8972300314042543
Apbb1,0.5357505,2.0974846,0.5921309810536485,0.8976156929285715
Klhl8,0.5350937,-0.12031272,0.5925850672598868,0.8982044773641046
Cfap299,0.53452253,1.9207911,0.5929800545852352,0.8987035627233837
Cers4,0.5341248,-0.7153466,0.5932552062936008,0.8989598130188892
Dsn1,0.53224814,0.0644579,0.5945541460151211,0.9007669637627161
Steap3,0.5321747,-0.9195126,0.5946050005035495,0.9007669637627161
Dbp,0.531883,0.35284337,0.5948070254571236,0.9009732026059111
Pkd1,0.5315791,1.287226,0.5950175603285788,0.9011922845822699
Clba1,0.5291272,1.7440047,0.5967172120786903,0.9036092199163098
Ttc27,0.5290864,-0.38982275,0.596745511156431,0.9036092199163098
Coq8a,0.5283276,-0.53910583,0.5972719853099313,0.9043062886529353
Sox6,0.52801347,-0.2058735,0.5974899960865654,0.9045362223495829
Mphosph9,0.5278931,0.2576663,0.5975735292781369,0.9045438605985152
Ctrl,0.5278156,1.3001082,0.5976273331266972,0.9045438605985152
Usp27x,0.5274484,0.90968984,0.597882223367822,0.9048295047094916
Bmp8b,0.5272832,0.82637876,0.5979969400839622,0.9049029717437406
Camk2n2,0.5266141,1.9517509,0.598461574127864,0.905338271694744
Rrp9,0.52653253,-0.66422766,0.5985182480206883,0.905338271694744
March9,0.5265162,-0.37077367,0.5985295830914431,0.905338271694744
Sp5,0.52648765,1.4246575,0.5985494196996111,0.905338271694744
Olfr165,0.52605116,0.43711644,0.5988526735405216,0.9055966284050241
Nfic,0.5248721,-0.8636153,0.5996720902935044,0.9067354969884646
Trmo,0.5243275,0.15739451,0.6000507811229623,0.9072077868276959
Arhgdib,0.52405417,-0.057642154,0.6002408764632059,0.907394869072998
Tmem191c,0.52343,0.27936006,0.6006750768576166,0.9078505389067093
Ssbp4,0.523175,-0.8043055,0.6008524871244959,0.9080183182039432
Tmem131l,0.522406,-0.50017667,0.6013876997906126,0.9087267176394063
Tnfrsf12a,0.52200615,-0.5694173,0.6016660385728941,0.9090468542132724
Prx,0.52058035,0.64531416,0.6026591583758137,0.9103955628696946
Zdhhc14,0.5205334,-0.12099311,0.6026918486771002,0.9103955628696946
Fancg,0.5199847,-0.5940615,0.6030742423277026,0.910872571662396
Cdyl2,0.5197828,1.0088317,0.6032150020378012,0.9109845558108152
Jmjd7,0.51838547,-0.6586608,0.6041893500760755,0.912355274104498
Nipa1,0.5181835,-0.6895857,0.6043302266838564,0.912467246317957
Fzd3,0.5175512,0.4106023,0.6047714507946744,0.9130326329893104
Rnd2,0.5168189,0.5726794,0.6052825972429463,0.9136025957281777
Phf11c,0.51573575,0.085339405,0.6060389930570957,0.9145424001385769
C1qtnf6,0.5153828,-0.727231,0.606285518411906,0.9148134684191566
Slc25a29,0.51481783,0.07754689,0.6066803373477672,0.9153082097562573
Gamt,0.51401,-0.34463024,0.607244971099959,0.9159579726220979
Ppia,0.51305133,-0.6323437,0.6079154215055254,0.9168681359973595
Dennd6b,0.5121497,-0.071010105,0.6085462311587102,0.9177183183828146
Pld5,0.5119702,0.9026366,0.6086718570101926,0.9178065547044197
Cxcl12,0.51080954,1.3897697,0.6094844208915382,0.9189304802306268
Trmt61a,0.5092613,-0.36955848,0.6105690654079142,0.9204643335302863
Hoxa6,0.5079273,-0.29382715,0.6115043465433573,0.9217727005048953
Hoxa7,0.5053591,-0.84235716,0.6133066180734901,0.9243875236586551
Zfp90,0.50481653,-0.06341454,0.613687699620607,0.9248599616830284
Lonrf1,0.5037783,0.49622232,0.6144172029966692,0.9258573279316201
Hells,0.50343966,-0.60538805,0.6146551982525128,0.9261139087817444
Mthfd1l,0.50309086,-0.45947796,0.6149004044661444,0.9263812968023053
Cmah,0.50274205,1.1012751,0.6151456537131661,0.9266486907388793
Krt12,0.5020934,4.6414547,0.615601845608569,0.927046823741696
Mcph1,0.50207704,-0.48461252,0.6156133240510671,0.927046823741696
Cplane1,0.50164664,0.03645578,0.615916101916173,0.9274006489433677
Trdmt1,0.5013162,-0.56748146,0.6161486108088035,0.9276486020929635
Zfp961,0.49970064,-0.29526925,0.6172858751054235,0.9292513721057394
Trim11,0.4996109,-0.010615658,0.6173490834062627,0.9292513721057394
Mcm8,0.49563935,-0.15309495,0.6201488828758139,0.9331575674875391
Gemin5,0.49507025,-0.66858554,0.6205505394905699,0.9336592174643574
Foxa2,0.494597,-0.6767119,0.6208846197145255,0.9340590951150864
Abcc6,0.49401158,1.5891215,0.6212980081979851,0.9344753917848049
Ccdc126,0.4934078,0.45940766,0.621724485338649,0.9350140038497773
Tmem158,0.49293455,3.4687836,0.6220588400416736,0.9354139693830972
Gimap9,0.49241439,-0.7216261,0.6224264319655515,0.9358638215644768
P3h4,0.49221447,0.96529716,0.6225677276395826,0.9359733592206786
Epm2a,0.49101302,0.74516994,0.6234172362221564,0.9371301477885374
Polk,0.4909233,-0.6798467,0.6234807170997242,0.9371301477885374
Kif20b,0.49083555,-0.7312887,0.6235427579325705,0.9371301477885374
Aldh3b2,0.4906377,-0.5440291,0.6236827203172769,0.937237494542721
Cdon,0.49012774,-0.55217636,0.6240435107432283,0.9375844537660251
Ccdc134,0.48890385,0.101124965,0.6249097755995031,0.9387057256391685
Sox4,0.48886916,-0.6941455,0.6249343273286282,0.9387057256391685
Trim7,0.48836532,0.68659925,0.625291096455484,0.9390939082920797
St3gal3,0.48831025,-0.7547941,0.6253301008341995,0.9390939082920797
Abca1,0.48807567,0.7184401,0.6254962423432995,0.9392402672718371
Wdr91,0.48661107,0.5104522,0.6265339731234153,0.940695222053437
Nfkbil1,0.4864479,0.45037344,0.626649643563302,0.9407656027805636
Cntf,0.48516077,0.29295564,0.6275623158147831,0.9420323456385465
Prr16,0.48478544,1.33512,0.6278285590340723,0.942328563801003
Rhbdl1,0.4842571,0.03050855,0.6282034073931042,0.942787708088312
Syt17,0.48364925,1.8370619,0.6286348187595756,0.9433316302575657
Dkc1,0.48308626,-0.7610627,0.629034494117328,0.9438278151255717
Arl10,0.48279864,-0.026361698,0.6292387180563193,0.9440306603861949
Kif12,0.48072413,0.003012653,0.6307125767307146,0.9460690728746656
Usp11,0.4806915,0.7683448,0.6307357760437533,0.9460690728746656
Hoxa4,0.48049974,-0.13270557,0.6308720793575988,0.9461697395498097
Qk,0.4792881,1.0856582,0.6317336905625426,0.9473580675998212
Zfp568,0.47877812,0.057102602,0.6320964712531117,0.9477981627616561
C9,0.47829264,1.4303808,0.6324419207814487,0.9481495770460406
Cenpk,0.4782539,-0.18129091,0.6324695021436184,0.9481495770460406
Wipi1,0.477285,-0.6605407,0.6331592022679373,0.9490794794490894
Defb37,0.4761182,-0.3671022,0.6339901697726185,0.9501934027169208
Acrbp,0.47602642,0.12521581,0.6340555626939575,0.9501934027169208
Fkbp14,0.4759489,0.07986868,0.6341107856083816,0.9501934027169208
Siah1b,0.4745557,-0.63849014,0.635103691980634,0.9515769680985177
Top3a,0.4741314,0.15131356,0.6354062010075737,0.9519259201115875
Snap23,0.47315636,1.8479714,0.6361016205912264,0.9528396455367997
Arid3a,0.4730809,-0.060093716,0.6361554635284081,0.9528396455367997
Kcng3,0.47199368,2.8386614,0.636931306070673,0.9538972303708744
Mamdc4,0.47081465,5.043956,0.6377731013338639,0.9550316653370167
Plod2,0.47073713,3.2350757,0.6378284606598152,0.9550316653370167
Spata17,0.47012722,0.01806119,0.6382641216036447,0.9554290641467709
Atp6v1g2,0.47009256,0.5873327,0.6382888953787118,0.9554290641467709
Tcte2,0.47007215,0.7130984,0.6383034683762265,0.9554290641467709
Mrm3,0.4696703,0.24346784,0.6385905849127782,0.9557542134926389
Vstm2l,0.46926847,0.24412926,0.6388777556434266,0.9560793727756466
Dcp1b,0.46866876,-0.77920085,0.6393064258721664,0.9565420744954262
Ankrd10,0.46807924,-0.74208224,0.6397279232361115,0.9569327663808602
Ccdc157,0.46770597,1.0623924,0.6399948831078481,0.9572273899704498
Pnliprp2,0.4671552,0.57537585,0.6403888434399365,0.9576071551712555
Pus7,0.46691245,-0.61373645,0.6405625099999657,0.9577032306184934
Rrs1,0.46686962,-0.6904373,0.6405931590835363,0.9577032306184934
Mtcp1,0.46652082,1.4704918,0.640842753005736,0.9579716492515785
Spc25,0.46533158,-0.6854107,0.6416940128940736,0.9591393186497383
Ift74,0.4649114,-0.52606815,0.641994913834522,0.9594842018237254
Usp31,0.4643178,-0.23080322,0.6424200731004178,0.9600146978087875
Rnf150,0.46351615,0.4451377,0.6429944432559735,0.9607680301054893
Dhx29,0.46318978,-0.09306463,0.6432283446832192,0.9609643251095996
Hmgn1,0.46313673,-0.46288428,0.643266357005724,0.9609643251095996
Tm4sf5,0.4625411,-0.2864758,0.6436933287347507,0.9614971349478664
Traf3ip1,0.46169865,-0.28300956,0.644297431377943,0.9622943833653748
Lbhd1,0.46104386,0.03154671,0.644767126276725,0.96289073406511
Ncald,0.46004844,-0.7303231,0.6454814512035499,0.9638522434165261
Triqk,0.4588327,0.2543884,0.6463543082093168,0.9650502418126877
Igflr1,0.45833704,0.69133866,0.6467103276519632,0.9654763898079255
Zmym4,0.4579882,-0.36433324,0.6469609083474908,0.9657450520305574
G3bp1,0.45787397,-0.72688967,0.647042978564965,0.9657621405671137
Gabbr1,0.45754352,0.058038205,0.6472804201475286,0.9660111039525761
Pgap2,0.45733342,-0.84791684,0.6474314047636909,0.9661309973967124
Sytl3,0.45608708,1.3193679,0.6483273494912423,0.9672568736954765
Cenpw,0.45543435,-0.6741594,0.648796787386106,0.9678516491223956
Slc5a9,0.4549285,-0.5331198,0.649160697765181,0.968288889827536
Dusp7,0.4542533,-0.44154498,0.6496465312165661,0.9687775704298311
Sumf2,0.45422676,-0.62552404,0.6496656153313347,0.9687775704298311
Nrros,0.45417783,0.6152201,0.6497008481471285,0.9687775704298311
Tedc2,0.45392486,-0.65069747,0.6498828968405559,0.968943372688029
Gar1,0.452599,-0.8084706,0.6508375261059904,0.9702608927831047
Anxa8,0.45158315,-0.19405778,0.6515693067634578,0.9712277114426788
Zfp518b,0.45150155,0.089846104,0.6516280989021264,0.9712277114426788
Coil,0.45092225,-0.12913579,0.6520455853491298,0.9717440474770433
Supt3,0.45048574,-0.54695964,0.6523602422722724,0.9721070407620492
Rgs2,0.44829088,-0.19934773,0.6539432858766782,0.9742725290361648
Mthfd2l,0.44824803,0.88344944,0.6539741972329169,0.9742725290361648
Gstm6,0.4481746,-0.80699134,0.6540271895102006,0.9742725290361648
Ntmt1,0.4478625,-0.6060126,0.6542524261431337,0.9744286563219582
Patz1,0.4478319,-0.5363763,0.6542745098609302,0.9744286563219582
Rnf26,0.44601852,0.053690225,0.6555838780500931,0.9760271959226674
Wdr54,0.44593284,0.01932146,0.6556457642006775,0.9760271959226674
Sned1,0.4458533,-0.61985403,0.6557032320290113,0.9760271959226674
Lrrc8e,0.4455065,-0.3241617,0.655953756623132,0.9762916436462048
Dennd4b,0.44403782,-0.017154515,0.6570152307903605,0.9777650757490673
Rbmx2,0.44362986,-0.16077945,0.6573102076951789,0.9780976159120317
Nat8,0.4432219,1.8387877,0.6576052379914267,0.9784301631522968
Zfp605,0.44283637,-0.06824406,0.6578840906531833,0.9787308749028836
Pomk,0.44272214,-0.4785616,0.6579667228090429,0.9787308749028836
Depdc7,0.44259566,0.5848549,0.6580582132847534,0.9787308749028836
Sinhcaf,0.44254673,-0.3465094,0.6580936303277525,0.9787308749028836
Enpp5,0.4423978,-0.8944753,0.6582013618831233,0.9787846480808733
Csta1,0.44203064,0.3571069,0.6584670316559222,0.9790732475692874
Samd1,0.4411882,0.29424587,0.6590767591198452,0.9797667877990959
Mettl25,0.4410148,-0.39697757,0.6592022759601387,0.9798468612777063
Arl6,0.4398827,-0.5062827,0.6600220628893663,0.9809587773081277
Hrc,0.43951553,4.7658386,0.6602880274675775,0.9812474218234212
Zfp39,0.43903413,0.9230132,0.6606368016090238,0.981659052700576
Akna,0.4381774,0.27702457,0.6612576836549768,0.9823950606018163
Zfp612,0.4380142,-0.22402297,0.6613759733441634,0.9823950606018163
Zbtb48,0.4374757,0.011406943,0.6617663892956804,0.9826968589009045
Fktn,0.43682295,-0.4509034,0.6622397440694872,0.9832929967589834
Alkbh1,0.4360519,-0.11742707,0.6627990682894476,0.984016638677472
Naaladl2,0.43581936,-0.6290097,0.6629677903001188,0.9841602835816462
Ms4a18,0.43450367,0.13088983,0.6639227235375336,0.98547088292367
Ankrd24,0.4331676,-0.07688483,0.664893020763349,0.9868040003189491
Lipt1,0.43278205,-0.5365808,0.6651731041465738,0.9871125555295059
Tmem81,0.43186414,0.39514452,0.6658401573902772,0.9879952422213586
Tac1,0.4310482,-0.27123633,0.6664333156572174,0.9886608365819536
Psmb4,0.43065044,0.011019408,0.666722555985566,0.9889826394514172
Cyp2c23,0.43023023,2.221854,0.6670281662564326,0.9893286522295787
Penk,0.4290594,4.08854,0.667880012432061,0.9903860733286722
Zscan12,0.42905122,-0.023000797,0.6678859501453027,0.9903860733286722
Gprasp1,0.42852902,0.1324637,0.6682660070147164,0.9908422038302338
Jak3,0.42827404,-0.47596174,0.6684516125687389,0.9909223371061968
H2-Aa,0.42825568,-0.5644776,0.6684649769509811,0.9909223371061968
Chaf1a,0.42750707,-0.23927598,0.669010036219784,0.9915153620142567
Sap25,0.4258487,0.27034858,0.6702181045673324,0.9930269914945387
Adam4,0.4251021,0.13344929,0.6707622369689141,0.9936134751792829
Cd52,0.42493892,-0.37802684,0.6708811960240412,0.9936424082777823
Gkap1,0.42442694,-0.64735675,0.6712544835919222,0.9939648490321311
Slx4,0.4244045,0.16487588,0.6712708446641995,0.9939648490321311
Klf12,0.42434126,-0.6410445,0.6713169539788492,0.9939648490321311
Slc22a3,0.42352328,0.94720334,0.671913511737209,0.9947032259710163
Lyrm1,0.423458,0.19624673,0.6719611262537659,0.9947032259710163
Dtx4,0.4232581,-0.6510949,0.6721069538972702,0.9948114075706428
Zfp3,0.42300516,0.70156765,0.6722914881906112,0.9949768507582909
Elp1,0.4210245,-0.65499026,0.6737371926843638,0.996874366946248
Hs3st3b1,0.42070016,-0.6505827,0.673974039976007,0.9969760064177695
Gpr52,0.42065528,0.9493907,0.6740068138451392,0.9969760064177695
Trmt10a,0.42026365,0.025661407,0.6742928665946062,0.9971878124460853
Chrnb2,0.42025957,0.030016052,0.6742958465586071,0.9971878124460853
Pdxk,0.41989034,-0.8877558,0.6745655544496273,0.9974788015893873
Xylt2,0.41952115,-0.7035665,0.6748353041559507,0.997769789634839
Plcxd2,0.41940692,-0.32371348,0.6749187710939231,0.9977853183469619
Dand5,0.41919884,0.44570532,0.6750708104341523,0.9979022087003602
Atf7ip2,0.41858283,0.17347515,0.6755210438652486,0.9983871733249708
Ap1s2,0.4185502,-0.08330697,0.6755449005320625,0.9983871733249708
Nod1,0.41808918,-0.6941018,0.6758819107528999,0.9987772994970722
Zfp174,0.41693464,0.014834239,0.6767262124398641,0.999890434769085
Dap,0.41680613,-0.7053172,0.6768202146422935,0.999890434769085
Muc16,0.41675922,0.6059178,0.67685453416142,0.999890434769085
Hus1,0.4160249,-0.44536057,0.6773917966552212,1.0
Lrrc46,0.41540477,0.70684916,0.6778456128353589,1.0
Fgfbp3,0.41492337,-0.30035293,0.6781979981215629,1.0
Gtf2ird2,0.41301817,0.21805479,0.679593297610898,1.0
Rbp1,0.4122675,-0.03484929,0.6801433534541643,1.0
Lor,0.4120064,2.2292922,0.6803347171468866,1.0
Tigd3,0.41189626,1.3037575,0.6804154548799332,1.0
Rfx2,0.41120884,0.44400084,0.6809194008735036,1.0
Slc38a1,0.41039088,-0.6572316,0.6815192373552794,1.0
Fpgs,0.40989724,-0.70302325,0.681881330900505,1.0
Lratd1,0.40878552,0.6596794,0.6826970577158795,1.0
Pfkfb1,0.4086917,0.2546594,0.6827659250331228,1.0
Ccdc167,0.4086815,-0.4022217,0.6827734107702271,1.0
Hspa1a,0.40687013,0.14067994,0.6841033719294479,1.0
Nexmif,0.4067559,-0.16704138,0.6841872762594289,1.0
Crlf2,0.4065458,1.0366321,0.6843416104740356,1.0
Tdrp,0.40637854,0.5934914,0.6844644879152737,1.0
Wdr34,0.40619698,0.35046253,0.6845978643467323,1.0
Cdca7,0.40596852,-0.911456,0.6847657228214719,1.0
Slc16a10,0.40559322,-0.102915935,0.68504152411182,1.0
H2al1m,0.40405312,1.4853357,0.6861736480232747,1.0
Stxbp4,0.40390217,-0.20401023,0.6862846491181478,1.0
Ccdc3,0.4031087,0.21598946,0.6868682661200947,1.0
Tpm4,0.40294144,-0.75797445,0.6869913146210123,1.0
Prss36,0.4022846,0.6214045,0.6874745852754625,1.0
Rpp38,0.4020949,-0.31053865,0.6876141872230476,1.0
Zfp273,0.40119535,0.6824133,0.6882763155566634,1.0
Hacd2,0.40111783,0.6236825,0.6883333808897967,1.0
AU041133,0.40016115,0.27148348,0.6890378332356752,1.0
Nup43,0.4001489,-0.4526419,0.6890468471678106,1.0
Rsph1,0.39992043,0.074340716,0.6892151153361763,1.0
Zfp93,0.3996165,0.44476518,0.6894389959270091,1.0
Hoxa10,0.39910248,-0.8272687,0.6898177014899893,1.0
Pip4k2a,0.39896172,2.1928885,0.6899214082336669,1.0
Ywhaz,0.39707896,0.37902948,0.6913092331064444,1.0
Pcgf6,0.39699736,-0.85755616,0.6913694006912264,1.0
Ephb4,0.39698717,-0.80345345,0.6913769217763699,1.0
Sp100,0.39598152,-0.655035,0.6921186501959282,1.0
Pwwp2b,0.39572042,-0.8688957,0.6923112771055193,1.0
Lrriq3,0.3948882,0.75140953,0.6929254081590309,1.0
Paqr7,0.39412528,0.2007809,0.693488538965961,1.0
Palb2,0.39381933,0.07338449,0.6937144411630762,1.0
Eef1akmt4,0.39348885,-0.85300237,0.693958446111762,1.0
Nudt17,0.39238328,1.4594932,0.6947750388833767,1.0
Bcl11a,0.39222214,-0.6879926,0.6948940921595876,1.0
Rnf180,0.3917346,-0.5515981,0.6952543118037704,1.0
Slc39a6,0.39052093,0.4346138,0.696151391617266,1.0
Spata1,0.38983348,1.549904,0.6966596742898697,1.0
Pih1d2,0.38979676,0.049874984,0.6966868267535302,1.0
Ltbp3,0.38913178,0.07182591,0.6971786552630965,1.0
Phldb3,0.38879317,-0.34672946,0.6974291444673605,1.0
Slc9a4,0.38852802,2.3167284,0.6976253337393282,1.0
Ap3m2,0.3882159,0.45064932,0.6978562593151872,1.0
Dnaaf5,0.3882057,0.035811495,0.6978638063748777,1.0
Hif3a,0.3879956,0.39948645,0.6980192824515903,1.0
Rab30,0.38795888,0.43419516,0.6980464543293126,1.0
B4galnt4,0.38739386,-0.0046628667,0.698464648126803,1.0
Wdr12,0.3873816,-0.16472249,0.6984737074895928,1.0
Gas8,0.3873286,-0.14712133,0.6985129652246669,1.0
Cypt1,0.3873245,4.045782,0.6985159850838462,1.0
Ccdc138,0.38709605,-0.15621994,0.6986851048124854,1.0
Strip2,0.38565186,-0.25804105,0.699754528907365,1.0
Slc25a45,0.3852153,0.51467466,0.7000778902580387,1.0
Pole2,0.38518676,-0.6355464,0.7000990466346313,1.0
Zfp984,0.38453606,-0.12769915,0.700581172822631,1.0
Nicn1,0.38367525,-1.0233831,0.7012191551968625,1.0
Lekr1,0.38364872,0.24938095,0.7012388120304072,1.0
Sgsm1,0.38309595,-0.42293364,0.7016486269251005,1.0
Dab1,0.3826941,0.42925334,0.7019465911330114,1.0
Nkrf,0.38187206,-0.5753857,0.7025562748410181,1.0
Lmln,0.38109487,0.084198646,0.7031328516047065,1.0
Dcbld2,0.38084602,-0.27222973,0.7033175133504688,1.0
Ppp1r3e,0.38062367,1.2311307,0.7034825128295951,1.0
Tasp1,0.38011166,0.28891513,0.7038625188489568,1.0
Yif1b,0.37880823,-0.35087535,0.70483027816279,1.0
Tas1r3,0.3787246,0.43407348,0.7048923885982081,1.0
Smyd5,0.37836966,-0.015944323,0.7051560011129228,1.0
Rpap3,0.37768224,-0.2761587,0.7056666616458211,1.0
Tmc1,0.377568,0.62435055,0.7057515320358356,1.0
Rad51,0.37729466,-0.69430923,0.7059546296121804,1.0
Sfxn2,0.37706214,-0.80768853,0.7061274306080282,1.0
Ifit3b,0.3751345,0.59245723,0.7075604425628585,1.0
Nde1,0.3747612,-0.598873,0.7078380664153558,1.0
Cdiptos,0.37469593,0.39593294,0.7078866166534483,1.0
Alms1,0.3745613,-0.52577007,0.707986755269556,1.0
Alg6,0.37445727,-0.71764266,0.7080641385680414,1.0
Bace1,0.37442055,-0.5865839,0.7080914510402205,1.0
Polrmt,0.37413907,1.571037,0.7083008591322847,1.0
Stil,0.37278664,-0.63306683,0.7093072357162729,1.0
Vamp5,0.3719177,-0.11582466,0.709954134728646,1.0
Efhc1,0.37188098,0.26856768,0.7099814730969831,1.0
Yars,0.3713649,-0.85452783,0.7103657685339709,1.0
Zbtb16,0.370704,-0.28199488,0.7108580172790633,1.0
Prrg4,0.37016344,-0.512071,0.7112607178132495,1.0
Pde3b,0.3697983,-0.07346701,0.711532776233956,1.0
Itpka,0.36933935,-0.63184285,0.7118748012164995,1.0
Ercc8,0.36920676,-0.71904564,0.7119736192311727,1.0
Ppm1f,0.36900684,2.0220683,0.712122615536203,1.0
Zfp938,0.36884367,0.06726251,0.7122442533216145,1.0
Myorg,0.368758,-0.3789988,0.7123081160900702,1.0
Tipin,0.368399,-0.9331029,0.7125757534382171,1.0
Disp2,0.36695275,-0.1258028,0.7136542643967403,1.0
Zfp61,0.36593896,0.37551287,0.7144106283313088,1.0
Aasdh,0.3658696,0.2629429,0.7144623818022734,1.0
Hdac9,0.36549836,0.3954496,0.7147394374123084,1.0
Nthl1,0.36534742,-0.3610531,0.714852097149399,1.0
Ago4,0.3649884,-0.34790453,0.7151200695896305,1.0
Megf11,0.36482725,0.45737064,0.7152403640940616,1.0
Flt3l,0.36460897,-0.20921555,0.7154033059014888,1.0
Ciart,0.36337286,0.5273608,0.7163263796974415,1.0
Dzip3,0.36326677,-0.39066246,0.7164056066872544,1.0
Rexo5,0.3628425,-0.44050297,0.7167225451671653,1.0
Pprc1,0.36269358,-0.6872784,0.7168337899541493,1.0
Adgrl2,0.36260995,-0.6178684,0.7168962725380189,1.0
Fam174b,0.3608251,-0.7813096,0.7182301934417066,1.0
Opn3,0.36059052,-0.03063987,0.7184055727333295,1.0
Nap1l1,0.36016217,-0.13780172,0.7187258688448872,1.0
Sema4d,0.36009282,-0.6984723,0.7187777309602337,1.0
Chrnb1,0.35995615,1.865303,0.7188799336253615,1.0
Nt5c3b,0.35987252,-0.69283074,0.7189424780346864,1.0
Amigo3,0.35974398,1.2674024,0.7190385865272111,1.0
Pusl1,0.3590117,-0.3824779,0.7195863371399973,1.0
Tff3,0.3586792,-0.65817946,0.719835084836131,1.0
Oas2,0.35796118,-0.38804218,0.7203723589519019,1.0
Zfp516,0.35784084,-0.93169236,0.7204624269413002,1.0
Eme2,0.35736147,3.759488,0.7208212108058707,1.0
Ltb4r1,0.357337,3.4590108,0.7208395333341695,1.0
Sytl4,0.35727784,-0.16006763,0.7208838134391911,1.0
Unkl,0.3567842,0.096085645,0.7212533597578188,1.0
Rpusd2,0.3557337,-0.3874153,0.7220400075273039,1.0
Irf2bpl,0.35564396,-0.33244938,0.7221072299129889,1.0
Zfp956,0.35543385,0.4123726,0.7222645997966908,1.0
Ribc1,0.3550626,0.26094747,0.7225426995797656,1.0
Pemt,0.35449553,-0.48972127,0.7229675601136296,1.0
Tmem198b,0.35327774,-0.42781377,0.7238802289843684,1.0
Slc6a7,0.3531105,-0.3750366,0.7240056178901144,1.0
Asprv1,0.35191718,1.4398866,0.7249003753998966,1.0
Pltp,0.35166833,0.046929087,0.7250870218003812,1.0
Ctc1,0.3515072,-0.6304577,0.7252078917083933,1.0
Fam110b,0.35133582,0.28480262,0.7253364191210043,1.0
Il18r1,0.3509401,0.14731315,0.725633285805813,1.0
Mageh1,0.35062394,-0.4687255,0.7258705027383016,1.0
Tbc1d19,0.3489125,-0.6968201,0.7271549909542264,1.0
Fbxl22,0.34823325,3.1248026,0.7276650185804695,1.0
Slc5a4b,0.34819245,2.0011494,0.7276956547133517,1.0
Nek8,0.34785384,-0.027851949,0.7279499514082602,1.0
Gimap1,0.34780082,-0.14603767,0.7279897837250001,1.0
Vstm5,0.3470114,-0.7560062,0.728582759245948,1.0
Eif3j1,0.34683597,-0.16066349,0.7287145536577468,1.0
Syde1,0.34679314,1.7987187,0.7287467372324075,1.0
Arv1,0.34667483,-0.5455313,0.7288356276841059,1.0
Pcyox1l,0.34546724,-0.6517776,0.7297431316612024,1.0
Zfp619,0.34541827,0.7829748,0.7297799303577661,1.0
Pkp1,0.3453122,-0.743566,0.7298596630016514,1.0
Sbsn,0.34525102,-0.24089101,0.7299056639324121,1.0
Fzd1,0.34453914,-0.6833532,0.7304408794729467,1.0
Cenpm,0.34452483,-0.6721171,0.7304516157990284,1.0
Pcp4l1,0.3443127,20.73997,0.7306111331498936,1.0
Cfap126,0.34422702,-0.4121494,0.7306755569218728,1.0
Zswim9,0.34389454,0.47744045,0.730925600504388,1.0
Hexim2,0.34303984,-0.020566255,0.7315684817273023,1.0
Phf20,0.34290725,-0.61399466,0.7316682296057407,1.0
Qtrt2,0.34266248,-0.6390663,0.7318523914489988,1.0
Sgo2a,0.3426278,-0.44463542,0.7318784822928976,1.0
Zfp867,0.34250337,0.15066473,0.7319721049314655,1.0
Mis18bp1,0.34249115,-0.5962032,0.7319813139311411,1.0
Thumpd2,0.34140596,0.42901176,0.7327979985449107,1.0
Pask,0.3407879,-0.3447842,0.7332632756655476,1.0
Ly6g6c,0.34035543,1.6537871,0.733588874380656,1.0
Spdl1,0.34033298,-0.3765305,0.733605769961968,1.0
Mnd1,0.34025344,1.7162796,0.73366567351712,1.0
Foxq1,0.33894387,-0.72449636,0.734652010992029,1.0
Mcm4,0.33680207,-0.774446,0.7362661228487284,1.0
Bbs5,0.33652055,-0.8103256,0.7364783500088758,1.0
Ppp1r14c,0.3364002,2.4273276,0.7365690909453966,1.0
Hirip3,0.3356108,-0.6897519,0.7371643809966701,1.0
Rassf8,0.33361176,1.0298219,0.7386725385419362,1.0
Echdc3,0.33213085,0.29134083,0.7397904553356227,1.0
Ets1,0.33182693,-0.31233972,0.7400199581425329,1.0
Alpk1,0.33180448,-0.51607746,0.7400369022205164,1.0
Intu,0.33106607,-0.63908833,0.740594586764793,1.0
Dnhd1,0.3310375,0.7648419,0.7406161574156785,1.0
Pim2,0.33099264,0.9112088,0.7406500545647839,1.0
Cavin3,0.33063975,-0.625771,0.7409166269614014,1.0
Orc1,0.32991967,0.015928878,0.7414606543771707,1.0
Trim35,0.3295831,-0.35110733,0.7417149891561116,1.0
Invs,0.3294138,0.4168819,0.7418429379247031,1.0
Zfp459,0.3291527,0.11765142,0.7420402704948257,1.0
Glt1d1,0.32843265,-0.4006085,0.742584564566553,1.0
Fmnl3,0.32839185,0.2726034,0.7426154066134867,1.0
Mrnip,0.32775134,0.07604805,0.7430996808895785,1.0
Cep76,0.3277228,0.0014650301,0.7431212751052465,1.0
Cd3eap,0.3265866,0.09768024,0.7439805802082893,1.0
Cd74,0.32592976,-0.794506,0.7444774874012621,1.0
Cntrob,0.32553405,-0.4172587,0.7447769176389485,1.0
Ccdc57,0.32542187,0.11450292,0.7448618146751014,1.0
Eid2,0.3253933,-0.21503636,0.744883425324705,1.0
Ttll4,0.32451007,0.66458297,0.7455519109207371,1.0
Nradd,0.32444477,0.9878032,0.7456013216233305,1.0
Ankrd42,0.32370636,0.1923528,0.7461603530273454,1.0
Angptl6,0.32200924,-0.532584,0.7474457047868012,1.0
ccdc198,0.32189295,-0.33664244,0.7475337894965143,1.0
Frs3,0.32180116,0.3362014,0.7476033323856093,1.0
Zfp235,0.32176036,0.27585602,0.7476342409957375,1.0
Slc17a8,0.3206201,1.1147742,0.7484983006303401,1.0
Abca5,0.31999797,0.15502892,0.7489698796932762,1.0
Tma16,0.31859046,-0.5502867,0.7500370769156538,1.0
Kdelr3,0.3185211,-0.84901434,0.7500896758349191,1.0
Tmem8b,0.31806216,1.2117646,0.7504377861953575,1.0
Lat2,0.3180499,1.3353447,0.7504470698342678,1.0
Ppp1r26,0.31804585,1.1783855,0.7504501643886019,1.0
Rpf2,0.31759503,-0.35632107,0.7507921373674922,1.0
Ccdc77,0.31758687,0.37445387,0.7507983273749984,1.0
Unc119,0.31681174,-0.8343091,0.751386451178122,1.0
Cxcr5,0.31673422,1.233716,0.7514452715081167,1.0
Zfp629,0.31600398,-0.22123498,0.7519994917791301,1.0
Myl7,0.31597543,-0.24914245,0.7520211677981026,1.0
Guca1a,0.31551442,-0.36730915,0.7523711077285576,1.0
Dph2,0.31428644,-0.66253114,0.7533034968094167,1.0
Arid5a,0.31426197,2.8013663,0.7533220863011492,1.0
Rsad1,0.31370306,0.21305291,0.7537465852523684,1.0
Usp20,0.31369692,-0.4984834,0.7537512334632752,1.0
Usp54,0.31350723,-0.29106686,0.7538953324264202,1.0
Wdr6,0.31315228,-0.4736113,0.7541649599521869,1.0
Sept6,0.31302992,-0.35089242,0.7542579419116711,1.0
Tln2,0.31299728,-0.16687658,0.7542827377025614,1.0
Xndc1,0.31267497,0.34993795,0.7545276097348095,1.0
Pip4k2b,0.31266275,-0.6176698,0.7545369091592455,1.0
Mettl17,0.31246692,-0.6975771,0.7546857047890481,1.0
Plxnb1,0.31202427,0.061284713,0.7550220784534801,1.0
Dock11,0.31156123,-0.31190383,0.7553740029299557,1.0
Zfp709,0.31075755,-0.061525997,0.755984952702939,1.0
Ybx2,0.31067798,-0.60620046,0.7560454357329259,1.0
Ifnar2,0.31043524,-0.8213906,0.7562299957548523,1.0
Rfc4,0.31011704,-0.60830504,0.7564719610505458,1.0
Fancm,0.31003952,0.4248551,0.7565309049325257,1.0
Selenoh,0.30932763,-0.7490077,0.7570723241617054,1.0
Cspg4,0.308783,0.8635023,0.7574866136616798,1.0
Ctf1,0.30844846,-0.5624685,0.7577411181673708,1.0
Lgals2,0.30814043,-0.6101547,0.7579754717584443,1.0
Klf2,0.30702874,-0.9226558,0.7588215023816116,1.0
Pidd1,0.3063148,0.031404488,0.7593649771588008,1.0
Cdkn2c,0.30619037,-0.7648407,0.7594597092192046,1.0
Proser3,0.30602106,-0.42913282,0.7595886127370498,1.0
Jade2,0.30537647,-0.54132926,0.7600794390273384,1.0
Abca2,0.30504602,-0.19474404,0.7603311026401209,1.0
Catsper2,0.3047421,0.14628878,0.7605625934229732,1.0
Ift80,0.30468088,-0.65591574,0.7606092048992615,1.0
Slc2a8,0.30429333,-0.4764503,0.7609044310910502,1.0
Ptp4a3,0.30368137,-0.6532572,0.7613706485863214,1.0
Cd79b,0.30343863,0.45689455,0.7615556055370996,1.0
Gins3,0.3027716,0.058495075,0.7620639187117042,1.0
Kif3c,0.30212703,0.19108106,0.7625552302133592,1.0
Fam219b,0.3015824,-0.1901509,0.7629704319279504,1.0
Wdr25,0.3015212,-0.332807,0.763017088070234,1.0
mt-Nd6,0.30117646,-0.78733724,0.7632799337518701,1.0
Exosc2,0.30073383,-0.73440033,0.7636174738435305,1.0
Tsen15,0.30070934,-0.6932999,0.7636361409667676,1.0
Cep78,0.30037686,-0.68973917,0.7638897163290825,1.0
Hfe,0.29999745,-0.862353,0.7641791032017542,1.0
Exog,0.2997751,-0.34525424,0.764348705443004,1.0
Nid2,0.2997486,-0.30349714,0.7643689339879335,1.0
Robo2,0.29973024,-0.08948351,0.764382938459384,1.0
Per3,0.29963845,-0.22887926,0.7644529619724652,1.0
Zfp458,0.29963028,0.3869031,0.7644591863779552,1.0
Hmga2,0.29897752,-0.8598863,0.7649571880890194,1.0
Ppm1e,0.29843697,0.9780885,0.7653696693388188,1.0
Mgst1,0.29839414,-0.71894985,0.7654023593793774,1.0
Skida1,0.29838803,0.798403,0.7654070294192831,1.0
Fes,0.29825953,-0.7201067,0.7655051022268876,1.0
Rbm43,0.29809225,-0.88618034,0.7656327581782918,1.0
Cep152,0.29804125,-0.18385482,0.7656716789419444,1.0
Sgtb,0.29720083,-0.35743153,0.7663131782630015,1.0
Podn,0.29679695,-0.33115616,0.7666215286628864,1.0
Ror1,0.29617888,-0.33141577,0.7670934697648333,1.0
Ankrd35,0.2959035,1.2625571,0.76730376838603,1.0
Zfp729a,0.29522628,-0.113971114,0.7678210200808215,1.0
Zfp41,0.2951855,-0.38886926,0.7678521831265608,1.0
Slc22a13,0.29469797,2.4744275,0.7682246105479024,1.0
Rab11fip5,0.29414925,0.11362435,0.7686438501846831,1.0
Gab2,0.29383105,-0.73604196,0.7688870090131904,1.0
Ttc21b,0.29349652,-0.968749,0.7691426620402947,1.0
AI854703,0.29321706,-0.49849042,0.7693562450940259,1.0
Poli,0.29317015,-0.4821048,0.7693921038192526,1.0
Lyz1,0.2928254,-0.5350029,0.7696556026178302,1.0
Pacc1,0.29281726,-0.18816696,0.769661839598147,1.0
Ltk,0.29182386,0.5444135,0.7704213031863033,1.0
Nkd1,0.29066524,1.0521011,0.7713073622589061,1.0
Prkab2,0.29048982,0.5111218,0.7714415451319581,1.0
Ivns1abp,0.29027155,-0.5236836,0.7716085031363823,1.0
Eid2b,0.2899921,0.11027003,0.7718222872376858,1.0
Ccdc149,0.28888854,0.4210567,0.7726666695176359,1.0
Anapc10,0.2886356,-0.002713324,0.772860244267476,1.0
Cd46,0.2879604,0.6888251,0.7733770331459395,1.0
Msantd1,0.28677732,0.9341722,0.7742828268336035,1.0
Zfp69,0.2867243,1.0885091,0.7743234385851878,1.0
Chek2,0.28594914,-0.8012637,0.7749170653726223,1.0
Limd2,0.28567582,-0.005319822,0.7751264283241093,1.0
Porcn,0.28508428,0.3864411,0.7755795832072875,1.0
Zfp354a,0.28503123,0.14113942,0.7756202146218387,1.0
Ndc1,0.28453758,-0.82444054,0.7759984287769809,1.0
Csta2,0.2842969,2.6827471,0.7761828665227435,1.0
Il1f8,0.28428057,2.6611204,0.7761953712336594,1.0
Tex19.1,0.28420714,1.2452433,0.7762516431506146,1.0
Efcab5,0.28420714,1.075623,0.7762516431506146,1.0
Abhd14a,0.28410107,-0.5218186,0.7763329268817423,1.0
Ttc5,0.28375635,0.20244786,0.7765971159205058,1.0
Mycbpap,0.28301588,-0.11255861,0.7771646625523074,1.0
Flna,0.2826834,-0.6630236,0.7774195500304111,1.0
Gdpd5,0.2825508,-0.5915527,0.7775211989595268,1.0
Adam1a,0.28254673,0.5094862,0.7775243266792822,1.0
Abcg5,0.28178382,-0.4116123,0.7781092735953639,1.0
Nle1,0.28149825,-0.69163066,0.7783282700475138,1.0
Fmo2,0.28130448,0.3406084,0.7784768848105843,1.0
Magee1,0.28127182,0.28766263,0.778501915462695,1.0
Lyve1,0.28116983,-0.050779335,0.7785801377314379,1.0
Cep68,0.28096995,-0.6848356,0.7787334598845657,1.0
Dapk1,0.2807272,-0.20147851,0.778919648361917,1.0
Sstr1,0.2801397,-0.64667475,0.7793703082611138,1.0
Styx,0.2800867,0.8653193,0.779410996487826,1.0
Amer1,0.27972972,-0.49763575,0.7796848752719214,1.0
Tmem218,0.27961344,-0.7997533,0.7797740874108404,1.0
Tspyl2,0.27958488,-0.54630816,0.779795999607976,1.0
Trim45,0.27942985,-0.12511629,0.7799149545876205,1.0
Lrig1,0.2778857,-0.7529579,0.7811000896537428,1.0
Cage1,0.2776593,1.0735251,0.7812739105373072,1.0
AW146154,0.2771167,-0.44637504,0.7816904987331932,1.0
Mdn1,0.2767434,-0.84924823,0.781977135263038,1.0
Wdhd1,0.27627018,-0.86504716,0.7823405640277301,1.0
Pmel,0.27577856,-0.021359306,0.782718141640445,1.0
Taf9b,0.27527472,-0.7325117,0.7831051726451114,1.0
Plk2,0.27515846,-0.7364744,0.7831944951191975,1.0
Kbtbd13,0.27505648,1.2688061,0.7832728505195221,1.0
Nemp1,0.27464443,0.06824674,0.783589428708143,1.0
Gstp2,0.27453837,0.010437804,0.783670929884054,1.0
Gp1bb,0.2735715,0.44755533,0.7844139537635099,1.0
Ints5,0.27352253,-0.49736995,0.7844515804594251,1.0
Prdm9,0.27340013,0.30026045,0.7845456494033517,1.0
Focad,0.27290243,-0.36421257,0.7849282288568317,1.0
Gstm7,0.27263725,-0.75603586,0.7851320833978734,1.0
Tmem237,0.27257603,4.016004,0.7851791288470462,1.0
Cep57l1,0.27246386,-0.19349872,0.7852653808752127,1.0
Wdr62,0.27202937,0.048291232,0.7855994363250554,1.0
Axin2,0.27149084,-0.9495811,0.7860135316743243,1.0
Nectin1,0.27039546,-0.6665214,0.7868560259744386,1.0
Rhov,0.26934496,0.31945822,0.787664239137404,1.0
Itgb3bp,0.26922664,-0.913684,0.7877552755473237,1.0
Wfdc17,0.26912466,0.10990511,0.7878337575384821,1.0
Tigd5,0.26912057,-0.7107576,0.7878368968629414,1.0
Trmt13,0.26876158,-0.7423629,0.7881131709072489,1.0
Cenps,0.26865956,-0.76125544,0.7881916627155681,1.0
Cbx2,0.26864937,-0.6512806,0.7881995120147055,1.0
Ubash3b,0.26825774,-0.5521059,0.7885009413640854,1.0
Pdzd4,0.2676315,-0.097134784,0.7889829801218174,1.0
Inca1,0.26728472,1.435364,0.7892499418898997,1.0
Mex3b,0.26719907,1.166794,0.7893159009633156,1.0
Zgrf1,0.2664484,-0.2736153,0.789893892607404,1.0
Cxcl16,0.26607308,-0.04657365,0.7901829318045055,1.0
Ccdc146,0.2659425,1.1478921,0.7902834739457226,1.0
Kif24,0.2656243,-0.41514322,0.7905285600360137,1.0
Tarbp1,0.26552844,0.2971504,0.7906024041381337,1.0
Cad,0.2646248,-0.8627741,0.7912985163552707,1.0
Phtf2,0.26440245,-0.5208411,0.7914698200713346,1.0
Psat1,0.26417196,0.15890792,0.7916474207941605,1.0
Hist2h3c1,0.2640414,-0.17449702,0.7917480136118767,1.0
Plekhn1,0.2640251,-0.656777,0.7917605879579346,1.0
Nfkbid,0.26299497,0.34714276,0.7925544530735369,1.0
Zfp141,0.26282158,0.30123073,0.792688095105256,1.0
H6pd,0.2627298,-0.7561083,0.7927588492348981,1.0
Rtn1,0.26214027,-0.27543214,0.7932132886235137,1.0
Spata6,0.2619812,-0.66125023,0.7933359521265863,1.0
Ttl,0.2618384,-0.63607216,0.7934460391109784,1.0
Map3k6,0.26164258,0.03370522,0.793597022239316,1.0
Pop1,0.2609368,-0.31929532,0.7941412547445881,1.0
Phpt1,0.260896,-0.3759726,0.7941727163378204,1.0
Npff,0.26057574,0.28632036,0.7944197014728887,1.0
Afap1l2,0.25958437,-0.19040738,0.7951843847368063,1.0
Myom1,0.25931716,0.76503897,0.795390536768734,1.0
Pkib,0.25912133,0.31326067,0.7955416190846141,1.0
Mycl,0.25849104,-0.6612096,0.7960279673132493,1.0
Tanc2,0.257977,0.3895967,0.7964246594956718,1.0
Zfp229,0.2577465,-0.5906389,0.7966025583977919,1.0
Dmpk,0.25679797,-0.26863056,0.7973347313910453,1.0
Uhrf1bp1,0.25649607,-0.34442744,0.7975678045446505,1.0
Mybl2,0.25569442,0.0443803,0.7981867957988469,1.0
Arhgap29,0.25537416,-0.66926533,0.7984341127848854,1.0
Cyp2d12,0.25529668,-0.8069784,0.7984939759884118,1.0
Wdr78,0.25497642,-0.20843308,0.7987413180941902,1.0
Hmcn1,0.25429308,-0.79300827,0.7992691537805803,1.0
Fbxo47,0.2529835,1.9344178,0.8002809636885744,1.0
Wnt6,0.25296718,2.1248717,0.8002935740300243,1.0
Nupr1l,0.25293455,1.7374318,0.8003187948690906,1.0
Sv2c,0.25243887,0.04087745,0.8007018619406604,1.0
Pir,0.25230423,-0.8235506,0.8008059131305381,1.0
Clu,0.2523022,0.1774328,0.800807489690904,1.0
Tssk4,0.25081924,-0.2843373,0.8019538633977756,1.0
Pmepa1,0.2505704,-0.43731594,0.8021462815816839,1.0
Cyren,0.250089,0.4761276,0.8025185344093584,1.0
Kazald1,0.24912414,-0.71309346,0.8032647522584796,1.0
Tcf19,0.24903235,-0.6790522,0.8033357548551551,1.0
Ccdc142,0.24877942,0.3374657,0.8035314148515404,1.0
Efcab11,0.24874882,0.52222943,0.803555084234515,1.0
Plxna3,0.2486815,-0.003543233,0.803607157511158,1.0
Slc23a3,0.24807975,-0.559184,0.8040726997451805,1.0
Mcpt2,0.24806343,-0.30890656,0.8040853255879968,1.0
Bcas1,0.24789412,-0.7660329,0.8042163217225351,1.0
Gemin6,0.24723119,-0.51352954,0.8047293112739943,1.0
Sybu,0.2471863,0.20055687,0.8047640397615745,1.0
Fgfr4,0.247068,-0.7135289,0.8048555985297995,1.0
Adgrf1,0.2467661,-0.33103865,0.8050892433738421,1.0
Nrip3,0.24629898,0.46714827,0.8054507957057112,1.0
Fbxl21,0.24629083,0.5613569,0.8054571114001612,1.0
Ddx59,0.24629083,0.49156615,0.8054571114001612,1.0
Zfp428,0.24605012,-0.39398965,0.8056434300944717,1.0
Tmie,0.24502613,0.5321512,0.8064361972385995,1.0
Per2,0.24461816,-0.8484276,0.806752096182506,1.0
Prkn,0.24385935,2.0138698,0.8073397520358658,1.0
Rnf183,0.24382672,2.0577111,0.8073650299980721,1.0
Iqank1,0.24381447,1.627324,0.8073745092857622,1.0
Cfap47,0.24381244,-0.39786437,0.8073760891697939,1.0
Cyp4f39,0.24376552,0.6276255,0.8074124267193743,1.0
Catspere2,0.24324332,-0.18560053,0.807816907482982,1.0
Ttc16,0.2425661,2.2962062,0.8083415449833317,1.0
Tmeff2,0.24254571,2.3353848,0.8083573486559545,1.0
Sell,0.24250083,1.632835,0.8083921170109418,1.0
Zyg11a,0.24249266,1.5121726,0.8083984385706835,1.0
Elfn2,0.24228257,0.41035888,0.8085612230406313,1.0
Cldn4,0.24219893,-0.7219319,0.8086260230484233,1.0
Exd1,0.2420541,-0.17487894,0.8087382408004318,1.0
Syt12,0.24125245,3.296084,0.8093594608588413,1.0
Lce3f,0.24123614,1.507857,0.8093721078089069,1.0
Cdk17,0.24121574,-0.4113379,0.8093879165665011,1.0
Armc9,0.24103215,-0.67673045,0.809530198884447,1.0
Lmo2,0.24102807,0.78728426,0.8095333607852626,1.0
Zfp658,0.24092607,0.21101125,0.8096124093159935,1.0
Klhl5,0.24068537,-0.67009264,0.8097989715484915,1.0
Hist1h2ac,0.24039981,-0.23193967,0.8100203305882198,1.0
Frmd4a,0.24020398,-0.83266014,0.8101721284285095,1.0
Zfp2,0.2401897,-0.29972735,0.8101831973004051,1.0
Atp2c2,0.23969403,-0.70223534,0.8105674687997206,1.0
Serpine2,0.23956144,0.48487955,0.8106702652160872,1.0
Pkhd1,0.23833142,0.40144777,0.8116240550879765,1.0
Pnpla1,0.23796833,-0.18264583,0.8119056585198063,1.0
Zfp661,0.23776026,-0.2378839,0.8120670377474817,1.0
Pkn3,0.23773375,-0.36478597,0.8120876062619924,1.0
Tmem53,0.23754813,-0.26206028,0.8122315894934995,1.0
Cabcoco1,0.23709936,-0.6291019,0.812579707042068,1.0
Xkr8,0.2370606,0.12782913,0.8126097734780773,1.0
Blm,0.23591422,-0.2451258,0.8134992317523632,1.0
Irf5,0.23591219,0.23467723,0.8135008146330833,1.0
Papln,0.23589179,0.9840533,0.8135166434821781,1.0
Pcbp4,0.23583467,0.5058523,0.8135609646648225,1.0
Bbs10,0.23571227,0.4326634,0.8136559406377589,1.0
Telo2,0.23559397,-0.034266453,0.8137477533494454,1.0
Traf5,0.23536551,-0.16430472,0.8139250541028837,1.0
Mblac1,0.2353492,-0.04961167,0.8139377188073413,1.0
Xylb,0.23530227,-0.5851101,0.8139741301035845,1.0
Zfp595,0.23519008,-0.82021844,0.8140612022243459,1.0
Nme3,0.23460057,0.9087556,0.8145187643704017,1.0
Mndal,0.23341951,1.1735258,0.8154356621739707,1.0
Myom3,0.23341136,1.5919176,0.8154419974090803,1.0
Il34,0.23340319,-0.6562772,0.8154483326562555,1.0
Fhad1,0.2333216,0.8709909,0.8155116857915107,1.0
Laptm5,0.23293811,-0.6673643,0.8158094616762314,1.0
Fcamr,0.232881,-0.20753072,0.8158538135530604,1.0
Efemp2,0.23242816,-0.10239384,0.8162054814461156,1.0
Limch1,0.23146535,-0.2518357,0.8169532946706295,1.0
Prmt5,0.23137765,-0.8450471,0.8170214300164484,1.0
Adam22,0.23080854,2.640587,0.8174635510641096,1.0
Peli2,0.2306372,-0.39828035,0.8175966741589724,1.0
Nt5c1a,0.23060048,0.6169314,0.8176252012210292,1.0
Dagla,0.23033121,-0.79405904,0.8178344070540846,1.0
Pcdhga7,0.22973558,-0.24274619,0.818297241792064,1.0
Hey1,0.22954181,20.157206,0.8184478352497291,1.0
AI182371,0.22941737,0.7201941,0.8185445356334327,1.0
Tiam1,0.22765496,-0.62008905,0.8199144893074769,1.0
Apol9a,0.22759376,-0.1282201,0.8199620670426484,1.0
Ajuba,0.22620057,-0.1496474,0.8210454324232942,1.0
Plekhg5,0.22614345,-0.13610302,0.821089852945259,1.0
Fap,0.22547643,0.94676197,0.8216086636245039,1.0
Zfp109,0.22543155,-0.3104077,0.8216435711225686,1.0
Cps1,0.22537851,-0.8006862,0.8216848258937511,1.0
Cxxc5,0.22444223,-0.47232947,0.8224132123724734,1.0
Lysmd1,0.22426477,1.4299014,0.8225512898305594,1.0
Snai3,0.22420765,1.3223383,0.8225957297218414,1.0
Gabre,0.22305311,1.8389257,0.823494172213195,1.0
Ms4a1,0.22304903,2.2769814,0.8234973473325948,1.0
Itgb8,0.22290625,1.1427717,0.823608478331452,1.0
Il16,0.22277977,0.38876137,0.8237069115986914,1.0
Hba-a2,0.22241668,-0.14844355,0.8239895257393408,1.0
Gpr135,0.22166194,1.9566122,0.8245770550889101,1.0
Tulp3,0.2216293,1.316208,0.8246024639830837,1.0
Ankrd26,0.22137842,0.18838595,0.8247978009924353,1.0
Kcnc3,0.22066651,-0.24355175,0.8253521089348826,1.0
Tor3a,0.22059308,-0.91307247,0.8254092917908339,1.0
Zfp575,0.22056045,-0.39576563,0.825434706690831,1.0
Zfp934,0.22039725,3.4198341,0.8255617839345427,1.0
AI987944,0.22037278,0.41759047,0.825580845915385,1.0
Hist1h4i,0.21996073,-0.06459824,0.8259017380181488,1.0
Stc2,0.21925087,-0.48105174,0.8264546302221583,1.0
Tmem116,0.21921007,-0.41761535,0.8264864082537496,1.0
Sgcb,0.21907137,-0.7629059,0.8265944556866202,1.0
Timp2,0.21896937,-0.9564768,0.8266739044232067,1.0
Pclaf,0.21880823,-0.869948,0.8267994370431786,1.0
Drd3,0.21878783,0.2828388,0.8268153275639152,1.0
Gng11,0.21838191,-0.7148675,0.8271315636660549,1.0
Zfp40,0.21832071,-0.15832882,0.8271792398832406,1.0
Cdc7,0.21813713,-0.26631996,0.827322272355897,1.0
Il17rd,0.21686223,-0.43769372,0.8283157111733139,1.0
Egf,0.21634412,0.6882869,0.8287195232996137,1.0
Agtrap,0.21561182,-0.9793138,0.829290342814188,1.0
Maz,0.21512023,-0.76528907,0.8296735897835305,1.0
Slit2,0.21511818,1.1158409,0.8296751801044182,1.0
Nanos1,0.21506107,0.8648125,0.829719709372574,1.0
Frmd3,0.21379434,1.3626624,0.830707445264719,1.0
Zfp964,0.21375354,0.39811555,0.8307392608595564,1.0
Klc3,0.21373314,0.38670993,0.8307551687610207,1.0
Bco1,0.21338025,-0.08795082,0.8310303864295041,1.0
Glb1l,0.21323746,-0.25427788,0.8311417520709685,1.0
Tshz2,0.21299677,-0.79626584,0.8313294903984539,1.0
Fstl3,0.21243173,-0.639556,0.831770235966611,1.0
Pdgfrb,0.21225223,-0.9437742,0.8319102672994043,1.0
Utp20,0.21219918,-0.80566615,0.8319516412144224,1.0
Zfp599,0.21138121,-0.61919045,0.8325898131912246,1.0
Vwa7,0.21124455,1.8556643,0.8326964511995221,1.0
Ncapg2,0.21123843,-0.79944164,0.8327012261077418,1.0
Stx11,0.21122415,1.7240317,0.8327123675842579,1.0
Jaml,0.21122007,1.6379347,0.8327155508694346,1.0
Vamp1,0.21017568,-0.38433382,0.8335305619686179,1.0
Ska2,0.21008185,-0.9025206,0.833603794394179,1.0
Catsper4,0.20997782,3.8089345,0.8336849885534707,1.0
H2-Q6,0.2097575,-0.79593885,0.8338569349799234,1.0
Dnajc12,0.20944746,-0.47311938,0.8340989471133557,1.0
Vegfb,0.20920268,-0.67512625,0.834290020426939,1.0
Cep97,0.2090599,-0.65652204,0.8344014843792518,1.0
Lrp11,0.20867437,19.225964,0.8347024536646359,1.0
Saa2,0.20867437,19.768217,0.8347024536646359,1.0
Hhat,0.20864785,-0.90353924,0.8347231561462133,1.0
Bach2,0.2083378,0.30100566,0.8349652244264667,1.0
Mettl22,0.20802365,-0.20725828,0.8352104937626815,1.0
Abo,0.20795022,-0.5476531,0.8352678317638873,1.0
Fam72a,0.20707309,0.07385852,0.8359527699397927,1.0
Rtel1,0.20651826,-0.28616267,0.8363860974314171,1.0
Cdc45,0.20646727,-0.6459064,0.8364259278194783,1.0
Tpst1,0.20582473,0.20232427,0.8369278266081576,1.0
Tyro3,0.20576762,-0.6573383,0.8369724430492668,1.0
Dtl,0.20541473,-0.6928482,0.8372481205406695,1.0
Lpar3,0.20535353,-0.16259477,0.8372959279201362,1.0
Mtrr,0.20529233,-0.34790808,0.8373437359003815,1.0
BC049715,0.20431526,-0.724332,0.8381071512216505,1.0
Hist1h2be,0.20425406,0.013534686,0.8381549693689658,1.0
B9d2,0.20422958,-0.631078,0.8381740967952567,1.0
Rilpl2,0.20385017,-0.715497,0.8384705841234464,1.0
Aopep,0.20376246,-0.53901935,0.8385391301578952,1.0
Cend1,0.2027915,-0.38059768,0.8392980005475985,1.0
Micu3,0.20172264,-0.07777742,0.8401335684574615,1.0
Timp3,0.20130855,-0.39595512,0.8404573197653766,1.0
Bambi,0.20092914,-0.25889242,0.8407539825891981,1.0
Pcolce,0.20079859,1.7810794,0.840856065351944,1.0
Ly6d,0.2007945,1.4060674,0.8408592554814083,1.0
Ret,0.2007945,1.8869696,0.8408592554814083,1.0
Eomes,0.20077819,1.044212,0.8408720160253973,1.0
Cyp11a1,0.20077412,1.2674373,0.8408752061679274,1.0
Fgf12,0.20053545,0.118334755,0.8410618340518579,1.0
Simc1,0.20042938,-0.115909405,0.8411447826457749,1.0
Dusp4,0.20007037,-0.45509288,0.8414255448128642,1.0
Foxp2,0.1993748,0.39578667,0.8419695788702353,1.0
Rnf148,0.19910145,-0.17368124,0.8421833841791397,1.0
Kif18a,0.19877508,-0.64151996,0.8424386893405256,1.0
Rasgrf2,0.19828348,-0.8619798,0.8428232739952526,1.0
Ncapd2,0.19824065,-0.85862255,0.842856787298158,1.0
Alg13,0.19800606,0.48375726,0.84304031757332,1.0
Tbc1d2b,0.1976593,-0.87796533,0.8433116388101319,1.0
Hsf5,0.19683725,0.6512222,0.8439549039850954,1.0
S1pr2,0.19679645,0.5443191,0.8439868305297643,1.0
Ctps,0.19672914,-0.8505503,0.8440395098888387,1.0
Kank3,0.1966659,0.014524331,0.8440889971949705,1.0
Adm,0.1965945,-0.33670828,0.8441448706996205,1.0
Diaph3,0.19550727,-0.6116279,0.8449958411018054,1.0
H2-M3,0.19537266,-0.64329815,0.8451012271543819,1.0
Zfp13,0.19511971,-0.20152837,0.8452992326874088,1.0
Scd2,0.19453631,-0.56671536,0.8457559601114465,1.0
Tnfrsf23,0.19430786,1.0426836,0.8459348325363985,1.0
Zfp59,0.19428746,1.0358222,0.8459508036749024,1.0
Zfp874b,0.19424462,0.20119578,0.8459843432717808,1.0
Hilpda,0.19423035,-0.91763115,0.8459955231994267,1.0
Enkur,0.19420178,0.5789467,0.8460178831477347,1.0
Nlrc5,0.19399169,-0.62664235,0.8461823922928425,1.0
Cdr2l,0.19368775,-0.6105529,0.846420383405496,1.0
Trp53rkb,0.19293913,0.98773676,0.8470066359904964,1.0
Trbc1,0.19211097,-0.3023405,0.8476552865430673,1.0
Lipt2,0.19193146,-0.29899657,0.847795894375833,1.0
Ankrd23,0.1916112,0.67459345,0.8480467635604051,1.0
Smpx,0.19150718,-0.42821282,0.8481282594119443,1.0
Prim1,0.19117673,-0.7347578,0.8483871393532605,1.0
Pde7b,0.19110534,-0.41570395,0.8484430723541873,1.0
Dnajc18,0.19080955,-0.61187935,0.8486748029133313,1.0
Wee1,0.19071165,-0.76135445,0.8487515166013847,1.0
Zfp786,0.19039343,1.7567527,0.849000845976958,1.0
Zfp974,0.19034447,1.000957,0.8490392056838313,1.0
Ric3,0.19034447,0.7642178,0.8490392056838313,1.0
C1qa,0.18998954,-0.31814918,0.8493173242433025,1.0
Xrcc2,0.18995486,-0.22723529,0.8493444977524895,1.0
Nrep,0.18993446,-0.72408617,0.8493604822532739,1.0
Fbxo36,0.18961014,-0.6789351,0.8496146441319955,1.0
Nhlrc1,0.1895469,-0.68851805,0.8496641995274599,1.0
Slain1,0.18929192,-0.7764879,0.8498640256947446,1.0
Unc93a2,0.18909813,2.8598323,0.8500159000330704,1.0
Dcaf12l1,0.18908998,2.7432122,0.8500222948641908,1.0
Dsg4,0.18907773,1.0736425,0.8500318871293704,1.0
Cd68,0.18883297,0.10449528,0.8502237370926247,1.0
Zfp14,0.18871465,-0.4701608,0.8503164677544698,1.0
Sft2d3,0.18871465,-0.089144364,0.8503164677544698,1.0
Arl4d,0.18780693,19.305098,0.851028004551478,1.0
Srcin1,0.18780693,19.339039,0.851028004551478,1.0
Dusp14,0.18773146,0.627432,0.8510871715083399,1.0
Ltb,0.18767026,0.48792094,0.8511351453320493,1.0
Zfp275,0.18760498,-0.3726476,0.8511863180179444,1.0
Zfp608,0.18718274,-0.85619855,0.851517356458512,1.0
Ptges3l,0.18656671,-0.9517124,0.8520003676709159,1.0
Cgnl1,0.18643616,-0.93911725,0.8521027347980039,1.0
Slc25a48,0.18642189,0.051158067,0.852113931353719,1.0
Tmprss13,0.1861363,-0.5761544,0.8523378687239164,1.0
Shmt1,0.18608736,-0.85806876,0.8523762591831204,1.0
Ccdc166,0.18600167,-0.51145583,0.852443443328239,1.0
Cd160,0.18574262,-0.29761803,0.8526466018973032,1.0
Gemin8,0.18564676,-0.47372815,0.8527217890436534,1.0
Nr2e3,0.18464112,0.07183736,0.8535105347281227,1.0
Cenpq,0.1845126,-0.9387233,0.8536113383578342,1.0
Cgas,0.18442489,-0.6177114,0.8536801422078296,1.0
Rbms3,0.18379459,0.75314975,0.8541746025795385,1.0
Atad2,0.18356408,-0.7843661,0.8543554389721542,1.0
Adat1,0.18328463,-0.32447588,0.8545746933552069,1.0
Lrrc26,0.18328056,-0.8955606,0.8545778942323314,1.0
Srpk2,0.18326423,-0.9187202,0.8545906977647633,1.0
Nmrk1,0.18318672,-0.42773154,0.8546515150666635,1.0
Zfp52,0.18247686,-0.32719913,0.8552085136380874,1.0
Arrb2,0.18246055,-0.9023318,0.8552213190524132,1.0
Mss51,0.18241975,0.48404363,0.8552533327550316,1.0
Gbp3,0.18227695,-0.70138824,0.8553653825900766,1.0
Adamtsl4,0.18216069,0.10901002,0.8554566253243756,1.0
Epha4,0.18158138,-0.40624857,0.8559112670242996,1.0
Olfm4,0.18106529,0.550471,0.8563163226272943,1.0
Ikzf3,0.18094291,0.15055756,0.8564123888012549,1.0
Jrk,0.18088987,0.20633227,0.8564540181374144,1.0
Cip2a,0.18086335,-0.8350262,0.8564748329552674,1.0
Hmgcs2,0.18076952,-0.009952378,0.8565484861891678,1.0
Zfp697,0.18069404,-0.52574414,0.8566077299143495,1.0
Dimt1,0.18053699,-0.6013331,0.8567310234998996,1.0
Tdrd12,0.17999643,-0.5975801,0.8571553722830325,1.0
Alkal2,0.17991483,0.7593362,0.857219428519113,1.0
Calcrl,0.17987403,-0.50234604,0.8572514569898068,1.0
Mcm5,0.1791397,-0.8479681,0.8578280096030305,1.0
Grk4,0.17865014,2.3002214,0.8582124201692862,1.0
Zcchc3,0.17864606,1.5171132,0.8582156237320543,1.0
Mfsd4b4,0.17848696,0.3372122,0.8583405645006449,1.0
B3gnt9,0.1783197,-0.15757743,0.8584719163138571,1.0
Phlda2,0.17792805,-0.73344564,0.8587794870992244,1.0
Trbc2,0.17763431,-0.51270205,0.8590101792566839,1.0
Rnd1,0.17737322,19.69817,0.8592152490581411,1.0
Mterf1b,0.177106,0.07515072,0.8594251350168278,1.0
Rccd1,0.1767633,-0.15965699,0.8596943162783008,1.0
Ccp110,0.17654504,-0.39216748,0.8598657676075161,1.0
Sox21,0.17645529,-0.48504362,0.8599362728752626,1.0
Dlgap5,0.17600653,-0.6457594,0.8602888159523059,1.0
Nr4a2,0.17587394,-0.32131702,0.8603929817391187,1.0
Ranbp17,0.17585558,0.14681631,0.8604074048857064,1.0
Greb1l,0.17576583,-0.1588469,0.8604779187170091,1.0
Ccsap,0.17576174,-0.39945474,0.8604811239175942,1.0
Nyx,0.17574543,-0.44069117,0.860493944742917,1.0
Pot1b,0.17516407,-1.053821,0.8609507106077143,1.0
Gypa,0.1744991,-0.1752875,0.8614732436753276,1.0
Lypd6b,0.17402789,-0.41929945,0.8618435415565958,1.0
Ovca2,0.17394222,-0.5622214,0.8619108717089413,1.0
Pbx3,0.17342614,-0.56145185,0.8623164769312134,1.0
Slc6a12,0.17334251,0.19666421,0.8623822108428467,1.0
Serpinc1,0.17331395,0.114199534,0.8624046567870497,1.0
Bcs1l,0.1728713,-0.8469652,0.8627525831174764,1.0
Rwdd3,0.17269793,-0.7211498,0.86288887488543,1.0
Pnma1,0.1721533,1.2671276,0.8633170179053222,1.0
Tmed8,0.17197175,-0.55674183,0.8634597411724385,1.0
Fam216a,0.1719391,-0.80571556,0.8634853997605506,1.0
Mpp3,0.17178,0.1162403,0.8636104874390396,1.0
Dock10,0.171678,-0.020385608,0.863690673646737,1.0
Proc,0.1716576,-0.5343732,0.863706711056788,1.0
Mmp28,0.17117621,-0.93828404,0.8640852102206185,1.0
Proser2,0.17096408,-0.9384247,0.8642520163685943,1.0
Pcdhga6,0.17080905,1.1920483,0.8643739169954168,1.0
Bag2,0.17078048,0.7029282,0.8643963727262077,1.0
Fam81b,0.17077233,1.0147547,0.8644027886694072,1.0
Itgae,0.17076416,0.7802922,0.8644092046215467,1.0
Lat,0.17075193,0.65961003,0.8644188285665172,1.0
Pla2g4f,0.17037252,-0.70120394,0.8647171808294123,1.0
Polr2l,0.16950968,1.5574996,0.8653957633592906,1.0
Slc4a8,0.16949336,1.199017,0.8654085980293411,1.0
Tusc1,0.16930366,-0.12557991,0.8655578036728642,1.0
Slc9a9,0.16911599,-0.1701221,0.8657054096698312,1.0
Lacc1,0.1690038,-0.93665045,0.8657936546231718,1.0
Ubox5,0.16827558,4.643052,0.8663664852227462,1.0
Zcwpw2,0.16826335,4.149513,0.866376113228436,1.0
Ltn1,0.16824295,3.0067585,0.8663921599486466,1.0
Ackr2,0.1682307,2.8051522,0.866401788007207,1.0
Apoa4,0.1682307,2.738512,0.866401788007207,1.0
Snph,0.16821438,1.1437029,0.866414625449458,1.0
Syt16,0.16821438,1.3202782,0.866414625449458,1.0
Arhgef33,0.16788802,-0.07362547,0.8666713816902838,1.0
Il4i1,0.16788802,-0.012666711,0.8666713816902838,1.0
Ttc41,0.16788393,-0.22435945,0.8666745912323806,1.0
Cep126,0.16700272,-0.21452595,0.8673679037560935,1.0
Klhl35,0.1669395,18.840878,0.8674176592792586,1.0
Itga2b,0.1669395,19.427967,0.8674176592792586,1.0
Iglc2,0.1669395,19.519167,0.8674176592792586,1.0
Vmn1r91,0.1669395,19.541832,0.8674176592792586,1.0
Acot12,0.1669395,19.883617,0.8674176592792586,1.0
Slc38a3,0.1669395,19.557863,0.8674176592792586,1.0
Tmem174,0.1667457,-0.10916076,0.8675701391528137,1.0
Zfp12,0.16661516,-0.79526716,0.8676728652141295,1.0
Smim5,0.16617252,-0.42165622,0.8680211873878703,1.0
Fyn,0.1655055,0.59894246,0.8685461267799485,1.0
Spice1,0.16512404,-1.3165231,0.8688463475402379,1.0
Tead4,0.1650812,-0.64192253,0.8688800633529105,1.0
Hs3st1,0.1644101,-0.87349707,0.8694083088402929,1.0
Gpr155,0.16424488,0.9371407,0.8695383721511263,1.0
Fgd1,0.16306993,-0.67815787,0.8704633683961611,1.0
Ifi209,0.16289043,-0.38168842,0.8706047029058424,1.0
Kcnh6,0.16284963,-0.13745353,0.8706368249618225,1.0
Defa21,0.16258854,-0.025821812,0.8708424111714288,1.0
Greb1,0.16192764,-0.6846147,0.8713628402392448,1.0
Dna2,0.16188684,-0.3666448,0.8713949673178225,1.0
Unc5a,0.16179301,-0.37618324,0.8714688604036948,1.0
Plxnd1,0.16167061,0.79221225,0.8715652443754098,1.0
Fndc10,0.16105662,-0.3953406,0.8720487993874433,1.0
Slc29a2,0.16066702,-0.36979964,0.872355664753883,1.0
Tsen2,0.16063234,-0.66193795,0.872382978309748,1.0
Siva1,0.16059154,-0.6927456,0.8724151120996673,1.0
Plpp7,0.16041,1.4327784,0.8725581100169946,1.0
Banp,0.16039573,-0.5492199,0.8725693572209086,1.0
Zfp711,0.16036513,0.6605826,0.8725934584588894,1.0
Plekho1,0.16035697,0.8802557,0.8725998854756578,1.0
Glis3,0.1600877,-0.79601014,0.8728119817440443,1.0
Cacna2d1,0.16006732,0.121765226,0.8728280500158971,1.0
Il33,0.1599082,-0.2971434,0.8729533843364263,1.0
Hoxd10,0.15909636,1.96845,0.8735929603237345,1.0
Ccdc162,0.15907188,1.0253534,0.873612245306905,1.0
Fcmr,0.15905148,0.0013889467,0.8736283161835755,1.0
Fanca,0.15897804,-0.5579874,0.8736861717712621,1.0
Mastl,0.15812948,-0.7669772,0.8743547741492745,1.0
Lpar2,0.15801932,-1.0000298,0.8744415704701984,1.0
Krt84,0.15783574,4.1837797,0.8745862343618636,1.0
Gnmt,0.15781127,3.1922572,0.8746055231975751,1.0
Nutf2,0.15779902,2.3024676,0.8746151676433731,1.0
Dnase1l3,0.15779087,2.428801,0.8746215972842531,1.0
Apol6,0.1577827,1.7205963,0.8746280269334111,1.0
Kif4,0.15777862,-0.92901367,0.8746312417610942,1.0
Sgk3,0.15702185,-0.69076437,0.8752276280357869,1.0
Tmem52b,0.15650578,18.638815,0.8756343687752599,1.0
Gpx3,0.1563895,0.74567413,0.8757260105553898,1.0
Slc15a2,0.15628344,-0.3472779,0.8758096150364358,1.0
P2ry4,0.15623447,-0.35112914,0.8758482021874967,1.0
Mfsd2b,0.15619776,-0.2528048,0.8758771427444819,1.0
Majin,0.1561692,-0.50311285,0.8758996521813334,1.0
S100a16,0.15613453,-0.64139444,0.8759269852038974,1.0
Pdgfd,0.15573063,-0.70252675,0.8762453454166298,1.0
Trim30a,0.15538591,-0.122275844,0.8765170929553996,1.0
Ttll3,0.15513909,0.5023393,0.8767116667053926,1.0
Mme,0.15455773,-0.6102217,0.8771699896698044,1.0
Coro1a,0.15393966,-0.6883874,0.8776573045111823,1.0
Klk15,0.15373364,0.4745197,0.8778197531045835,1.0
Fam221a,0.15307887,-0.8852882,0.8783360842494298,1.0
Lck,0.15283613,-0.2864456,0.8785275098913685,1.0
Adcy2,0.15254036,0.74332803,0.8787607692209836,1.0
Ggt1,0.15239143,-0.6007884,0.878878207212538,1.0
P2rx7,0.15194471,-0.45251986,0.8792305371667769,1.0
Schip1,0.15191616,-0.43625948,0.8792530613568804,1.0
Sorcs2,0.1516775,-0.60172087,0.8794413030503294,1.0
Nap1l3,0.15123282,0.9172356,0.879792062152446,1.0
Neurod1,0.15120018,0.63667494,0.8798178068697888,1.0
Dach1,0.15117775,-1.0712136,0.8798355064366591,1.0
Il6ra,0.15116754,0.052471496,0.8798435517141758,1.0
Hacd4,0.15082689,-0.18373697,0.8801122711040348,1.0
Fsd1l,0.15063107,-0.88305074,0.8802667507774591,1.0
Cdc25c,0.15026186,-0.59919477,0.8805580217186426,1.0
Bricd5,0.14998241,1.6187154,0.8807784972108775,1.0
Arhgap33,0.14982738,0.40199766,0.8809008087694502,1.0
Ugt2b35,0.14980087,-0.77725774,0.8809217307680385,1.0
Lpxn,0.14944796,-1.061759,0.8812001621943003,1.0
Mtbp,0.14893802,-1.0426748,0.8816025456806527,1.0
Mfsd2a,0.14865448,1.6056068,0.8818262841261817,1.0
Tmem95,0.14862184,0.6768799,0.8818520387974278,1.0
Syt2,0.14852597,0.28321695,0.8819276938665859,1.0
Smtn,0.14821592,-0.8640845,0.8821723729518838,1.0
Dnph1,0.1479487,-0.13076958,0.8823832567122315,1.0
Morc4,0.14792013,-0.19871849,0.8824057944013715,1.0
Hamp2,0.14735103,0.5933892,0.8828549581794314,1.0
Krtap12-1,0.14735103,1.6386701,0.8828549581794314,1.0
Fam71f1,0.14735103,1.7482452,0.8828549581794314,1.0
Tle6,0.1472164,0.6417833,0.8829612174910142,1.0
Eri2,0.146837,-0.9947292,0.8832606868755838,1.0
Adamts15,0.14608225,-0.7671771,0.8838564551076373,1.0
Eif5a2,0.14607206,18.676802,0.8838645064802838,1.0
Zfp947,0.14607206,19.10279,0.8838645064802838,1.0
Chrna10,0.14607206,18.751774,0.8838645064802838,1.0
Ccdc96,0.14607206,18.778,0.8838645064802838,1.0
Pcdhga5,0.14607206,18.825338,0.8838645064802838,1.0
Psd,0.14607206,18.825682,0.8838645064802838,1.0
Ccdc14,0.14584972,-0.26769245,0.884040029383567,1.0
Gng13,0.14538667,-0.22798914,0.8844055861675004,1.0
Chil6,0.14456055,-0.11992511,0.8850578520753345,1.0
Zfp119b,0.14453606,-0.168388,0.8850771796630543,1.0
Shcbp1,0.1443484,-0.8026854,0.8852253601064729,1.0
Klhdc1,0.1440669,-0.5487825,0.8854476382964735,1.0
Gsto2,0.14404243,-0.74127716,0.8854669672609994,1.0
Jag2,0.14391188,-0.7642647,0.8855700562225278,1.0
Il3ra,0.14364262,-0.3239488,0.8857826833205855,1.0
Eif2b3,0.1435182,-0.9385202,0.8858809455921345,1.0
Oaz3,0.14347127,1.0825485,0.885917995756712,1.0
Katnal1,0.1432632,-0.43917435,0.8860823081865282,1.0
Pitpnm2,0.14323466,-0.26430485,0.8861048612553917,1.0
Glipr2,0.14304699,-1.0448842,0.8862530694306683,1.0
Tmod4,0.14210866,0.7852086,0.8869941698848464,1.0
Ahi1,0.14206788,-0.18035598,0.887026393890182,1.0
Ramp3,0.14206788,0.63391256,0.887026393890182,1.0
Paqr3,0.1420434,0.23548952,0.8870457283830349,1.0
Zkscan17,0.14182106,-0.72218746,0.8872213531036156,1.0
Fxn,0.14169663,-0.93328124,0.8873196409150927,1.0
P2ry6,0.14161503,-0.8400985,0.8873840928798633,1.0
Npb,0.14077054,0.31184822,0.88805121438117,1.0
Pcsk4,0.14077054,0.55556554,0.88805121438117,1.0
Zfp951,0.14075422,0.12650904,0.8880641064005143,1.0
Urad,0.14049517,-0.3339993,0.8882687711717449,1.0
Coro2b,0.1394977,0.6483356,0.8890568805585323,1.0
Pcdhga12,0.13946505,0.12871858,0.8890826692258128,1.0
Zfp551,0.1394569,-0.3511582,0.8890891164109752,1.0
Tbc1d31,0.13936307,-0.7989209,0.8891632595675176,1.0
Alg8,0.13925087,-0.604511,0.8892519102664204,1.0
Slc1a2,0.13899589,-0.71578634,0.8894533942765428,1.0
Srgn,0.13878988,-0.65831155,0.8896161985732733,1.0
Grb10,0.13823707,1.5219961,0.8900530528882986,1.0
Tbc1d4,0.13823299,1.6968662,0.8900562770296426,1.0
Rnf133,0.13819627,0.3120186,0.8900852943835533,1.0
Abcg8,0.13798618,0.016031582,0.89025134096161,1.0
Armh4,0.13796374,-0.529983,0.8902690743759406,1.0
Serpina9,0.13790458,-0.12885334,0.8903158263677475,1.0
Tmem17,0.13773732,-0.7484337,0.8904480237182691,1.0
Dll1,0.13744767,-0.9657802,0.8906769580392334,1.0
Abcc4,0.13731915,-0.623628,0.89077853041156,1.0
Hspb6,0.1369479,3.4334667,0.8910719717722143,1.0
Pcdhgb5,0.13692343,1.9836948,0.8910913200789492,1.0
Adam21,0.13691935,0.99516517,0.8910945448030433,1.0
Amph,0.13685,0.41242853,0.8911493653881957,1.0
Ms4a6b,0.13664602,-0.18291129,0.8913106054180221,1.0
Mrc1,0.13657665,-0.3617356,0.8913654280523118,1.0
Sdr16c6,0.1365685,-0.55268425,0.8913718778081382,1.0
Tmem120b,0.1360055,-0.69200766,0.8918169282936903,1.0
Cd200,0.13583416,-0.90832543,0.891952385212073,1.0
Calcb,0.13563834,19.830597,0.8921071969790649,1.0
Cyp2c66,0.13563834,18.982973,0.8921071969790649,1.0
Chn1,0.13563834,19.174925,0.8921071969790649,1.0
Il2rg,0.13550167,0.24850234,0.8922152451281825,1.0
Il17rb,0.13548127,0.0937812,0.8922313718892624,1.0
Cfp,0.1353752,-0.023733921,0.8923152317651606,1.0
Nudt11,0.1353548,-0.41706592,0.8923313588024542,1.0
Ppm1m,0.13481016,-0.5983849,0.8927619671431422,1.0
Lrp8,0.1342023,0.3607267,0.8932426085399195,1.0
Grb14,0.13415742,0.112058334,0.8932780936893467,1.0
Doc2g,0.13411255,-0.27002662,0.8933135790524119,1.0
Rassf5,0.13410847,-0.06958227,0.8933168050051,1.0
Ccdc88b,0.1341003,-0.23045737,0.893323256915771,1.0
Zfp850,0.13300084,0.747975,0.8941927162736372,1.0
Rims2,0.1329478,0.13382989,0.8942346600221668,1.0
Sowaha,0.13283765,-0.34461537,0.8943217749062702,1.0
Asf1b,0.1320972,-0.5570197,0.8949074135495145,1.0
Kcnj2,0.13159132,-0.18788862,0.8953075522461863,1.0
Plcg2,0.1314057,-0.9769931,0.8954543840182315,1.0
Fv1,0.13139957,-0.07828283,0.8954592246871117,1.0
Fam187b,0.13114256,-0.6116898,0.8956625362926919,1.0
Ascl2,0.1310834,-0.87817436,0.8957093312042812,1.0
Vegfc,0.13061628,-0.8140936,0.8960788623769234,1.0
Trim5,0.13037354,0.64939374,0.8962708984004276,1.0
Cap2,0.13035314,0.222055,0.8962870361583612,1.0
Rab37,0.13033274,0.56453955,0.8963031739592049,1.0
Rnf227,0.13032867,0.52424616,0.8963064015245223,1.0
Ccdc141,0.13016751,-0.09910464,0.8964338917266687,1.0
Barx2,0.13013692,0.10034355,0.8964580990292677,1.0
Npy1r,0.12975751,-0.50796485,0.8967582775825523,1.0
Sgo1,0.1295107,-0.77282435,0.8969535629652535,1.0
Gpsm1,0.12908234,0.25025317,0.8972925028214206,1.0
Tnfsf9,0.12905785,0.25845963,0.8973118713798647,1.0
Rpp25,0.12904562,0.15013176,0.8973215556820325,1.0
Tnfaip8l2,0.12902929,-0.36476943,0.8973344681087154,1.0
Myo5a,0.12872332,-0.440499,0.8975765811393746,1.0
Proz,0.12871109,-0.3925952,0.8975862658590992,1.0
Neu2,0.12860501,-0.57439995,0.8976702007356279,1.0
Fzd4,0.12811545,-0.9814428,0.8980576072963384,1.0
Tnfrsf4,0.12780336,1.2390943,0.898304591667444,1.0
Neu4,0.1277952,1.5499355,0.8983110489074337,1.0
Cyct,0.1277952,1.031224,0.8983110489074337,1.0
Star,0.12779112,1.2077428,0.8983142775299536,1.0
Cbx8,0.12778296,1.4057965,0.8983207347800429,1.0
Kctd15,0.12776256,0.7071395,0.8983368779347197,1.0
Spn,0.12776256,0.34977174,0.8983368779347197,1.0
Scml4,0.12752798,-0.20401675,0.898522527235716,1.0
Aldh18a1,0.12750758,-0.8792732,0.8985386709158093,1.0
Klb,0.1270629,-0.6647247,0.8988906135654915,1.0
Hoxd4,0.12686504,-0.51770747,0.8990472182973303,1.0
Flacc1,0.12651215,3.3086638,0.8993265333977393,1.0
Snn,0.12649176,1.6174955,0.89934267916084,1.0
St8sia1,0.12649176,2.2136295,0.89934267916084,1.0
Dab2,0.12648767,1.6733322,0.8993459083184595,1.0
Slc41a1,0.12624902,-0.8974788,0.8995348169374755,1.0
Grip1,0.12591653,-0.6645942,0.8997980068076813,1.0
Pamr1,0.12520462,19.220606,0.9003615607861677,1.0
Pcp2,0.12520462,18.821335,0.9003615607861677,1.0
Sox1,0.12520462,19.067827,0.9003615607861677,1.0
Slc5a4a,0.12520462,19.175142,0.9003615607861677,1.0
Zdhhc19,0.12520462,18.875347,0.9003615607861677,1.0
Hist1h1c,0.12520462,18.719986,0.9003615607861677,1.0
Akap5,0.12520462,18.138037,0.9003615607861677,1.0
Ppp1r1c,0.12520462,19.59282,0.9003615607861677,1.0
Gja6,0.12520462,18.553202,0.9003615607861677,1.0
Pms2,0.12492516,-0.34856716,0.9005827977267066,1.0
Klf8,0.12384406,0.748494,0.9014387504461945,1.0
U2af1l4,0.12380326,0.460858,0.9014710527990627,1.0
Fli1,0.12378286,0.28688005,0.9014872040366819,1.0
Creb3l4,0.123456486,-0.7946934,0.9017456293803365,1.0
Cd1d1,0.12332186,-0.5257498,0.901852232869708,1.0
Mill2,0.12246921,-0.014772474,0.9025274293251981,1.0
Traf1,0.12245901,-0.82174826,0.9025355062655412,1.0
Galnt5,0.12232846,-0.74581003,0.9026388919926088,1.0
Haus1,0.122140795,-0.9660837,0.9027875118674192,1.0
Impdh1,0.12199597,-0.842461,0.9029022099696107,1.0
Tpd52l1,0.12153293,-1.0729239,0.9032689343890343,1.0
Ly6g5b,0.121253476,0.59651804,0.9034902714528262,1.0
Pigz,0.12123715,0.42982632,0.9035031964768073,1.0
Casr,0.12122492,0.013334544,0.9035128902615744,1.0
BC024063,0.12118412,0.2741248,0.9035452029813293,1.0
Morn1,0.12106581,-0.8383654,0.9036389107718212,1.0
Ppp1r18,0.12102297,-0.07008196,0.9036728397856183,1.0
Pla2g4b,0.120845504,-0.4559395,0.903813404715911,1.0
Phxr2,0.120816946,-0.4347149,0.9038360246415627,1.0
Xrcc3,0.120796554,-0.4905134,0.9038521817790971,1.0
Enkd1,0.120788395,-0.55993503,0.9038586446452586,1.0
Myo3a,0.12076391,-0.7920024,0.9038780332819583,1.0
Cldn14,0.12074351,-0.81124234,0.90389419052299,1.0
Zfp772,0.1207068,-0.5156433,0.9039232736571251,1.0
Plcb4,0.12066192,-0.98383874,0.9039588198849972,1.0
Taar9,0.11991943,0.34914437,0.9045469762673974,1.0
Rimbp3,0.119894944,0.49220788,0.9045663669317289,1.0
Hist4h4,0.11988271,-0.10175315,0.9045760622852356,1.0
Pcdhga9,0.11988271,0.008410504,0.9045760622852356,1.0
Nrg4,0.11987863,-0.04848994,0.904579294072899,1.0
Dennd2c,0.11987455,-0.4349154,0.9045825258621432,1.0
Casc4,0.11958694,-0.36443418,0.9048103709841984,1.0
Mettl7a3,0.11956857,-1.1589738,0.9048249145561363,1.0
Nmnat2,0.11867105,1.5756135,0.9055359724667648,1.0
Klhdc8b,0.118654735,0.76637995,0.9055489014951777,1.0
Iglc3,0.118634336,0.42298174,0.9055650628158979,1.0
BC051142,0.11863025,0.38198385,0.9055682950847352,1.0
Zfp85,0.11862618,-0.18611963,0.9055715273551369,1.0
Nefh,0.11860985,-0.6677917,0.9055844564523859,1.0
Purg,0.11860578,0.09690083,0.9055876887306085,1.0
Prkcq,0.118601695,-0.342395,0.905590921010395,1.0
Dclk3,0.11837324,-0.22061707,0.9057719311729556,1.0
Arhgap45,0.118279405,-0.37488344,0.9058462760512608,1.0
Zfp618,0.11784696,-0.7238216,0.906188919622722,1.0
Rnf225,0.11738596,1.8469722,0.9065542098284428,1.0
Adgrd1,0.11738188,1.8377869,0.9065574425734876,1.0
Eaf2,0.11736148,1.4143298,0.9065736063219321,1.0
Zbtb4,0.117359444,-0.769135,0.9065752226989049,1.0
Uox,0.117341086,0.9323478,0.9065897701090722,1.0
Anxa9,0.11733292,0.40608355,0.9065962356347614,1.0
Hbb-bs,0.11720034,0.22932726,0.9067013012944511,1.0
Spata24,0.11714322,-0.011521101,0.906746560851097,1.0
Zfp334,0.11707795,-0.2394863,0.90679828642948,1.0
Mustn1,0.116084546,2.8323731,0.9075855337339707,1.0
Sstr3,0.11607639,2.9505453,0.907592000207889,1.0
Ighg2b,0.11606823,2.189818,0.9075984666879318,1.0
Kbtbd3,0.11606415,1.6714913,0.9076016999302496,1.0
Pax5,0.11606007,1.6735538,0.9076049331740985,1.0
Smpd5,0.116055995,0.43385115,0.9076081664194782,1.0
Asic5,0.116055995,1.2131501,0.9076081664194782,1.0
Emp3,0.11583977,-0.39733937,0.9077795306139191,1.0
Cdk20,0.11535429,-0.50721264,0.9081643073556056,1.0
Pomgnt2,0.115207426,-0.8439009,0.908280714653174,1.0
Mcc,0.11506055,-0.9621296,0.908397123920398,1.0
Asic3,0.114770904,19.338041,0.9086267146274195,1.0
Csf1,0.114770904,18.487213,0.9086267146274195,1.0
Trpc1,0.114770904,18.483505,0.9086267146274195,1.0
Catsper3,0.114770904,18.46088,0.9086267146274195,1.0
Thbs3,0.114770904,18.714575,0.9086267146274195,1.0
Dok2,0.114770904,18.769913,0.9086267146274195,1.0
Rell2,0.114719905,0.25330025,0.9086671363172616,1.0
Zfp667,0.114509806,0.17959838,0.9088336761724376,1.0
Kctd1,0.11437109,-0.921066,0.9089436270109631,1.0
Bard1,0.114265025,-0.21081813,0.9090277082410121,1.0
Zfp287,0.11404064,-0.7035867,0.909205575738373,1.0
Itpr1,0.11341237,-0.7205516,0.9097036289163812,1.0
Ccdc159,0.11335526,-0.3188133,0.909748908240728,1.0
Tmem151a,0.11328591,-0.18824844,0.909803890671532,1.0
Phf21b,0.11326959,-0.3566718,0.9098168277768643,1.0
Pfkm,0.11312476,-0.9365418,0.909931645634174,1.0
Pter,0.11297585,-0.92820257,0.9100496997586772,1.0
Rad9b,0.11277187,-0.7432588,0.9102114209606504,1.0
Klhdc7b,0.11218236,0.8576914,0.9106788161222513,1.0
Trdc,0.11204773,0.12968148,0.910785561227305,1.0
Mvb12b,0.1119947,-0.29738238,0.9108276127715166,1.0
Foxo6,0.111970216,-1.113306,0.9108470212607878,1.0
Tbx6,0.110907465,0.3819821,0.9116897243045131,1.0
Kcnu1,0.11086667,-0.03347661,0.911722075735342,1.0
Smoc1,0.11081363,0.26910123,0.9117641328141678,1.0
Ccnj,0.11075244,0.13087802,0.911812660519943,1.0
Cav2,0.11065249,-0.96326566,0.9118919231466046,1.0
Prdm16,0.11045463,-0.2824321,0.9120488333799266,1.0
Zfp791,0.11037099,-0.43374383,0.9121151572934888,1.0
Mapk11,0.10955506,0.9891615,0.9127622519168466,1.0
Dclk2,0.109461226,0.07589111,0.9128366715152326,1.0
Tmeff1,0.109391876,-1.113675,0.912891677796655,1.0
Dnmt3b,0.10820266,-0.23754737,0.9138349384497192,1.0
Fbxw22,0.108178176,-0.12581326,0.9138543550427967,1.0
Nat14,0.10786813,-0.6328665,0.9141003030014759,1.0
Slc25a47,0.10753767,-0.54737586,0.9143624408017569,1.0
Slc12a4,0.1070012,2.8651261,0.9147880300187399,1.0
P2rx3,0.10695224,1.579876,0.9148268682758235,1.0
Pde6g,0.10694816,1.6277694,0.9148301048064277,1.0
Grap,0.106944084,1.9514172,0.914833341338444,1.0
Smtnl2,0.10694,1.0249803,0.9148365778718723,1.0
Suv39h2,0.10692164,-0.5189484,0.914851142289773,1.0
Lmx1a,0.10691144,0.81321585,0.9148592336454047,1.0
Map9,0.106680945,-0.3410463,0.9150421006339616,1.0
Il20rb,0.10656671,-0.7654664,0.9151327266493023,1.0
Ctcfl,0.106295414,-0.34952754,0.9153479678550517,1.0
Fam222a,0.10617915,-1.0953897,0.9154402159871444,1.0
Chst15,0.105781384,-0.86642104,0.9157558103070547,1.0
Fcer2a,0.10564879,3.156701,0.9158610113670882,1.0
Cpvl,0.10564471,2.6695619,0.91586424834616,1.0
Xkrx,0.105640635,2.7116475,0.915867485326627,1.0
Ldhal6b,0.10563248,2.235698,0.9158739592917461,1.0
Tmsb15b1,0.10563248,2.1639903,0.9158739592917461,1.0
Cmtm3,0.10562839,1.5314674,0.9158771962763981,1.0
Sdr16c5,0.10562839,1.4819572,0.9158771962763981,1.0
Cdk5r1,0.10562431,0.89524275,0.915880433262445,1.0
Abca8b,0.10562431,1.5599008,0.915880433262445,1.0
Cd84,0.10562431,1.0600711,0.915880433262445,1.0
Stt3a,0.10530202,-0.67066246,0.9161361595635071,1.0
Ror2,0.10491446,-0.5326332,0.9164436900244595,1.0
Cttnbp2,0.1048859,-0.64767265,0.9164663506588983,1.0
Parpbp,0.10480838,-0.93605024,0.9165278584373259,1.0
Prkd3,0.10470435,-0.59325963,0.9166104091357716,1.0
Cadm4,0.10468395,-0.7214012,0.9166265956527008,1.0
Cr2,0.104337186,18.8731,0.9169017717233935,1.0
Prph,0.104337186,18.958881,0.9169017717233935,1.0
Renbp,0.104337186,18.718071,0.9169017717233935,1.0
Duxf3,0.104337186,19.032505,0.9169017717233935,1.0
Col20a1,0.104337186,18.39645,0.9169017717233935,1.0
Upk3a,0.104337186,18.002903,0.9169017717233935,1.0
Olfml2a,0.104337186,18.715582,0.9169017717233935,1.0
Cfap74,0.104337186,18.908604,0.9169017717233935,1.0
Hpcal4,0.104337186,18.857895,0.9169017717233935,1.0
AI467606,0.104337186,18.21889,0.9169017717233935,1.0
Ccdc89,0.10422907,-0.11266453,0.9169875639475576,1.0
Olfr920,0.10422907,0.22780831,0.9169875639475576,1.0
P2rx2,0.10406589,-0.7054834,0.9171170634750064,1.0
Trim9,0.10403325,-0.6420164,0.9171429636445088,1.0
Gngt2,0.10348046,-0.5148614,0.9175816611023135,1.0
Ano6,0.10315816,-0.81151575,0.9178374446413454,1.0
Slc29a4,0.10295622,0.13496047,0.91799771840939,1.0
Elk1,0.102880746,-0.7808414,0.9180576195623223,1.0
Spef1,0.102697164,-0.8219135,0.9182033270104679,1.0
Dhdh,0.10235651,-0.75377274,0.9184737025497356,1.0
Rassf9,0.10163237,-0.71659875,0.9190484842299202,1.0
H2-Q4,0.1015773,-0.43540305,0.9190922017545045,1.0
Carns1,0.10156914,-0.88909745,0.919098678445617,1.0
Zfp94,0.10154058,-0.4883477,0.9191213469067766,1.0
E2f1,0.10105306,-0.99852353,0.9195083400466586,1.0
Mpzl2,0.100412555,-0.8425546,0.920016803512978,1.0
Pygm,0.10041051,-0.10354166,0.9200184228757302,1.0
Smad6,0.100361556,0.5043084,0.9200572876812723,1.0
Zfp991,0.10032484,-0.22541574,0.9200864364107477,1.0
Gal3st2b,0.10028608,-0.9572501,0.9201172046305685,1.0
Gpld1,0.10025752,-0.38934943,0.9201398760269627,1.0
Zwilch,0.10010046,-1.0325668,0.9202645698669215,1.0
Cand2,0.09990872,-1.0715358,0.9204167961729471,1.0
Prdm11,0.099827126,-0.6649264,0.9204815742092688,1.0
Gimap6,0.09982304,-0.98676705,0.9204848131249388,1.0
Stat4,0.099129505,0.7330571,0.9210354479172062,1.0
Qpct,0.099109106,0.33856177,0.9210516436325445,1.0
Tspear,0.09906831,0.1443749,0.9210840351614411,1.0
Pcdhga10,0.09906423,-0.42050853,0.921087274321532,1.0
Ly9,0.09901119,-0.5363832,0.9211293835218222,1.0
Irak3,0.09890308,-0.086264096,0.9212152221916904,1.0
Kcnma1,0.0979974,-0.78663725,0.9219343594569586,1.0
Tvp23a,0.09781586,1.3702668,0.9220785185441349,1.0
Tssk6,0.09776894,-0.04481143,0.9221157735561558,1.0
Chaf1b,0.097065195,-0.99198234,0.922674619197372,1.0
Ksr2,0.09704072,-0.53692377,0.9226940579952307,1.0
Fam124a,0.09661236,-0.29434046,0.9230342444219225,1.0
Myh10,0.0965226,1.3996788,0.9231055233640328,1.0
Gab3,0.09649405,0.6633855,0.9231282031569554,1.0
Vpreb3,0.09649405,0.5064431,0.9231282031569554,1.0
Cct6b,0.09648588,0.6704773,0.9231346831092704,1.0
Apln,0.09648181,0.15461157,0.9231379230873409,1.0
Trim38,0.096477725,0.20345575,0.9231411630666867,1.0
Zscan25,0.09634922,-0.24242899,0.9232432230685669,1.0
Sipa1,0.096112594,-0.75837916,0.9234311463763284,1.0
Zfp316,0.09607996,-1.373971,0.9234570671682081,1.0
Pcdhgb6,0.095217116,3.0427306,0.9241423774995777,1.0
Oprd1,0.095217116,2.617028,0.9241423774995777,1.0
Mfsd13b,0.09520895,2.2004747,0.9241488582450605,1.0
Chrna5,0.09520079,1.6170994,0.9241553389955779,1.0
Dbn1,0.09520079,1.6414771,0.9241553389955779,1.0
Plp1,0.09519672,0.504226,0.9241585793727243,1.0
Gpr157,0.09519263,0.6998213,0.9241618197511292,1.0
Efcab7,0.09519263,1.2845545,0.9241618197511292,1.0
Mnx1,0.09501313,-0.15993996,0.9243043976460141,1.0
Cyb5rl,0.09457457,-0.95870864,0.9246527515855114,1.0
Nlgn2,0.09454805,-0.5221977,0.9246738153108774,1.0
Sh3pxd2a,0.09439098,-0.72130424,0.9247985784587966,1.0
Syne3,0.09434815,-1.045114,0.9248326050930185,1.0
Pbk,0.09432163,-0.97552246,0.9248536692688374,1.0
Abca14,0.09390347,18.644798,0.9251858420747886,1.0
Coch,0.09390347,18.896824,0.9251858420747886,1.0
Armcx6,0.09390347,17.814888,0.9251858420747886,1.0
Mtcl1,0.09390347,17.847534,0.9251858420747886,1.0
Shc4,0.09390347,18.673174,0.9251858420747886,1.0
Trim69,0.09390347,18.767048,0.9251858420747886,1.0
Xkr4,0.093648486,-0.62774944,0.9253883928739255,1.0
Nup210,0.093293555,-0.9018839,0.9256703516356706,1.0
Slc12a8,0.09289987,-0.94696444,0.92598310991783,1.0
Carf,0.092483744,-0.18256293,0.92631370623594,1.0
AI429214,0.09247966,-0.25298625,0.9263169474393864,1.0
B3gnt6,0.09241031,-0.53473556,0.9263720480850273,1.0
Prr3,0.09237767,-0.6994809,0.9263979779228338,1.0
Nectin4,0.09206354,-0.63741493,0.9266475566051245,1.0
Ccdc15,0.09188403,-0.9515191,0.9267901762372965,1.0
Lst1,0.09120885,0.15607212,0.9273266415622587,1.0
Slc9a5,0.09112318,-0.5729745,0.9273947150581835,1.0
Cdnf,0.0910987,-0.5334656,0.9274141647260802,1.0
Itpkb,0.09002167,-0.6504379,0.9282699928868317,1.0
Rdh19,0.08997068,0.45187837,0.9283105171188326,1.0
Map4k1,0.08990948,-0.28010768,0.9283591464426526,1.0
Frmd6,0.089897245,-0.33976874,0.9283688723395295,1.0
Ninl,0.08989316,0.02392561,0.9283721143075332,1.0
Csrnp1,0.089885004,-0.40528393,0.9283785982471073,1.0
Satb1,0.08988092,-0.17181957,0.9283818402186776,1.0
Drc3,0.08986869,-1.1113837,0.9283915661405211,1.0
Rab40b,0.089856446,-1.134194,0.9284012920730621,1.0
Oip5,0.08969938,-1.0114521,0.9285261091562593,1.0
Racgap1,0.08968306,-0.6821685,0.9285390772657991,1.0
Zfp566,0.08958719,-0.6084344,0.9286152652925175,1.0
Hsh2d,0.089521915,-0.8220556,0.9286671383660376,1.0
Nme4,0.08888957,-0.83970594,0.9291696744247367,1.0
Ndc80,0.08884877,-0.62972236,0.9292020970780872,1.0
Ifi44,0.08883245,-0.63954216,0.929215066172337,1.0
Cep128,0.08878758,-0.78033334,0.9292507312784526,1.0
Bcl2l15,0.088691704,0.44296393,0.9293269253902394,1.0
Prss27,0.088663146,0.6680871,0.9293496216339117,1.0
Dnajb7,0.08860603,-0.62316734,0.9293950142936389,1.0
B3gnt8,0.08859787,-0.3769059,0.9294014989780705,1.0
Fcer1g,0.08840817,-1.3772917,0.9295522692117177,1.0
Hoxd11,0.08812259,-1.1612902,0.9297792399215703,1.0
Eepd1,0.08785129,-0.65500987,0.9299948673869032,1.0
Slc9a3r2,0.087692186,-0.6873943,0.9301213279914815,1.0
Reep5,0.08755552,-0.81459427,0.930229955817094,1.0
Zfp128,0.08735561,0.80093944,0.9303888466190103,1.0
Tle2,0.08733522,-0.6786629,0.9304050601222615,1.0
Susd1,0.08733114,0.06540558,0.9304083028263781,1.0
Atp8b5,0.0873189,-0.20358044,0.9304180309456593,1.0
Kcnk7,0.0873189,-1.1305785,0.9304180309456593,1.0
Fanci,0.0870986,-0.6340796,0.9305931388691021,1.0
Mcpt1,0.08691909,-1.0393342,0.9307358218839742,1.0
Zfp11,0.086470336,-0.80225706,0.9310925391508611,1.0
Cep72,0.08641322,-0.93362206,0.9311379405247733,1.0
Dnajc27,0.086072564,0.95653087,0.9314087319393438,1.0
Zfp580,0.086064406,0.8412533,0.9314152180587405,1.0
Rgs1,0.08606033,0.12655854,0.9314184611201469,1.0
Vsig8,0.08605625,0.57328236,0.931421704182692,1.0
Ripor2,0.08605625,0.6289326,0.931421704182692,1.0
Wfdc3,0.086052164,0.14337471,0.9314249472463756,1.0
Clstn2,0.086052164,0.7821169,0.9314249472463756,1.0
Zfp108,0.085809425,-0.41369233,0.9316179115828646,1.0
Atp7b,0.085731916,-0.98164403,0.931679531293831,1.0
Inpp5d,0.0857156,-0.77807117,0.9316925039167515,1.0
Pcdhga8,0.0847732,1.9221177,0.9324417035626773,1.0
Spi1,0.0847732,2.057619,0.9324417035626773,1.0
Ppp1r3f,0.0847732,1.8655424,0.9324417035626773,1.0
Was,0.08476504,1.1194106,0.9324481904020125,1.0
Dipk1c,0.08476096,1.5589341,0.9324514338233626,1.0
Crtac1,0.08476096,0.35817048,0.9324514338233626,1.0
Jdp2,0.08476096,0.96102774,0.9324514338233626,1.0
Spaca7,0.08476096,1.2811404,0.9324514338233626,1.0
Gpr83,0.0845121,-0.6429567,0.9326492846445611,1.0
Bub1b,0.0845121,-1.2500267,0.9326492846445611,1.0
Nccrp1,0.08427548,-0.30587256,0.9328374089569119,1.0
Cenpi,0.08387771,-0.5817417,0.9331536608614492,1.0
Cdkl5,0.0835289,-0.6473361,0.9334309981398006,1.0
Fcrla,0.08346975,18.72201,0.9334780327495552,1.0
Cyp2ab1,0.08346975,17.657482,0.9334780327495552,1.0
Zfp473,0.08346975,18.427853,0.9334780327495552,1.0
Krt15,0.08346975,18.523802,0.9334780327495552,1.0
Ahrr,0.08346975,18.167545,0.9334780327495552,1.0
Tnfaip8l3,0.08346975,18.448551,0.9334780327495552,1.0
Otud7a,0.08346975,18.652176,0.9334780327495552,1.0
Dusp9,0.08328004,-0.74035066,0.9336288694431704,1.0
Ms4a4b,0.08327596,-0.5325892,0.9336321132692273,1.0
Polq,0.0832678,-0.7037268,0.9336386009246473,1.0
Dock4,0.083202526,-0.9115204,0.9336905023266505,1.0
Apoe,0.08302506,-0.37193844,0.9338316106876503,1.0
Wtip,0.08268441,-0.96027166,0.9341024796854256,1.0
Pde4a,0.0826375,-1.0101254,0.9341397855949466,1.0
Fgfr3,0.08227645,-1.0367366,0.9344268837319943,1.0
Kif9,0.08212958,0.113815226,0.9345436718572149,1.0
Ipcef1,0.082027584,-0.42547247,0.934624775550924,1.0
Zdhhc15,0.08157883,-0.75011724,0.9349816398528389,1.0
Col16a1,0.08139524,-0.9085148,0.9351276335641783,1.0
Xcl1,0.080746576,-0.23954514,0.935643495449934,1.0
Il21r,0.08074249,-0.58549273,0.9356467399500396,1.0
Uqcrh,0.080734335,-0.13218045,0.935653228953457,1.0
BC025920,0.0807221,-0.62140965,0.9356629624665977,1.0
Arhgap10,0.0807221,-0.7735729,0.9356629624665977,1.0
Nebl,0.080713935,-0.42360193,0.9356694514807008,1.0
Tmem132a,0.08070578,-0.8127019,0.9356759404990772,1.0
Rwdd2a,0.08069762,-1.0720335,0.9356824295217268,1.0
Rgcc,0.08068946,-0.69847023,0.9356889185486489,1.0
Rtl8b,0.08060991,-0.13230713,0.935752186784963,1.0
Cd53,0.08055075,-0.9738459,0.9357992326596187,1.0
Mutyh,0.08033657,-0.8248785,0.935969573045326,1.0
Nemp2,0.080271296,-1.2174476,0.9360214868888359,1.0
Cd8a,0.079502285,-0.3464571,0.9366331172778808,1.0
Nod2,0.0794982,-0.2494682,0.9366363621014658,1.0
Capn9,0.079449244,-1.0444165,0.9366753000665563,1.0
Exo1,0.07916571,-0.5601072,0.936900818756769,1.0
Apbb1ip,0.078692466,-0.84912527,0.9372772353191944,1.0
Kif27,0.078257985,0.4759305,0.9376228370082826,1.0
Gas2l3,0.078237586,-1.0465268,0.9376390627290039,1.0
Ggnbp1,0.078217186,-0.12424869,0.9376552884756199,1.0
Eml1,0.078196794,-0.16043697,0.9376715142481239,1.0
Sec31b,0.07818455,-0.06601654,0.93768124972405,1.0
Dmwd,0.07818047,-0.49504024,0.9376844948847622,1.0
Cxcr4,0.07817231,-0.6894381,0.9376909852092917,1.0
Rims1,0.07817231,-0.9202968,0.9376909852092917,1.0
Cecr2,0.07816415,-1.0985682,0.9376974755379611,1.0
Fgf18,0.07816008,-0.72529906,0.937700720703848,1.0
Prss16,0.07788878,-0.7094939,0.9379165265551188,1.0
Rasal3,0.07788062,-0.62736833,0.9379230170273772,1.0
Shisa7,0.07781535,-0.8178941,0.9379749409538871,1.0
Lrmp,0.077680714,-0.5822301,0.9380820348850146,1.0
Txndc16,0.07716872,-0.6895742,0.9384893265628915,1.0
Myl6b,0.07697698,-1.076415,0.9386418622551183,1.0
S1pr1,0.07691986,-0.21420328,0.9386872988542125,1.0
Olfr164,0.07691578,-0.20098865,0.9386905443332165,1.0
Cited1,0.07691578,0.48413363,0.9386905443332165,1.0
Ier5l,0.07690762,0.102457725,0.9386970352942797,1.0
Hipk4,0.07690762,-0.34284097,0.9386970352942797,1.0
Zfp975,0.07690762,0.12726083,0.9386970352942797,1.0
Zbtb32,0.07689538,-0.23356315,0.9387067717435116,1.0
Sema4c,0.07689538,-0.40607044,0.9387067717435116,1.0
Ptprcap,0.07689538,-0.47142148,0.9387067717435116,1.0
Aqp3,0.07689538,-0.9560248,0.9387067717435116,1.0
Phgdh,0.07666692,-0.4139147,0.9388885204762225,1.0
Zfat,0.076499656,-1.26271,0.9390215885317774,1.0
Nup133,0.07631403,-1.0005001,0.939169263610964,1.0
Ddx11,0.07623244,-0.82391953,0.9392341763958453,1.0
Chchd6,0.07599378,-0.9127976,0.9394240486077573,1.0
Itgam,0.075822435,-0.8724198,0.9395603692432126,1.0
Hist1h4j,0.0756674,1.91755,0.9396837084872034,1.0
Ldlrad4,0.07565517,1.5393354,0.939693445857599,1.0
Defb40,0.07564293,1.0874307,0.9397031832370106,1.0
Rdh7,0.07564293,1.326056,0.9397031832370106,1.0
Cd69,0.07564293,1.4571786,0.9397031832370106,1.0
Rslcan18,0.075638846,0.72633696,0.9397064290321513,1.0
Cnga4,0.07563477,0.6205019,0.9397096748282935,1.0
Ak1,0.07563069,0.56789255,0.9397129206254372,1.0
Trbv19,0.07563069,0.8262198,0.9397129206254372,1.0
Pak6,0.07562253,-0.43123385,0.939719412222729,1.0
Zfp202,0.07561437,-1.0271575,0.9397259038240263,1.0
Galntl6,0.07546546,-0.19896561,0.9398443762507839,1.0
Tmem231,0.07542466,-0.6831916,0.9398768346823445,1.0
Bhlhb9,0.07535123,-0.9038165,0.9399352601108073,1.0
Tdp1,0.07437007,-0.7779843,0.9407159196446717,1.0
Depp1,0.07436191,2.9743936,0.9407224118557169,1.0
Zfp456,0.07435784,3.0487947,0.9407256579627168,1.0
Cdc6,0.07434968,-0.69412154,0.9407321501796704,1.0
Ppp3r2,0.074345596,2.477913,0.9407353962896242,1.0
Fcor,0.07434152,2.0422094,0.9407386424005626,1.0
Dennd1c,0.07433744,1.337945,0.9407418885124854,1.0
Ager,0.07433744,1.8069259,0.9407418885124854,1.0
Mid1,0.074333355,1.3048943,0.9407451346253928,1.0
Fam20c,0.074333355,1.2834957,0.9407451346253928,1.0
Gpr146,0.074333355,0.97764254,0.9407451346253928,1.0
Kcnv2,0.074333355,0.9704585,0.9407451346253928,1.0
Tctex1d4,0.07432928,0.28132823,0.9407483807392845,1.0
Trpv4,0.07432928,1.1461446,0.9407483807392845,1.0
Pitpnc1,0.07425176,-0.14340173,0.9408100570901913,1.0
Rasgrp1,0.07417833,-0.11678397,0.9408684876448189,1.0
Lrrk2,0.07337056,-0.83171237,0.9415112446834972,1.0
Ldhb,0.07306255,-0.6771344,0.9417563464378591,1.0
Peli3,0.07303603,18.113224,0.9417774481716108,1.0
Lmo1,0.07303603,18.00105,0.9417774481716108,1.0
Trbv1,0.07303603,19.008224,0.9417774481716108,1.0
Tes3-ps,0.07303603,18.379402,0.9417774481716108,1.0
Traf3ip3,0.07303603,18.601706,0.9417774481716108,1.0
Pax8,0.07303603,18.766861,0.9417774481716108,1.0
Nxph3,0.07303603,17.579443,0.9417774481716108,1.0
BC107364,0.07303603,17.849468,0.9417774481716108,1.0
Sdk1,0.07303603,18.110231,0.9417774481716108,1.0
Ccdc158,0.07303603,18.600115,0.9417774481716108,1.0
Dnah11,0.07303603,18.443836,0.9417774481716108,1.0
Trat1,0.07303603,18.567135,0.9417774481716108,1.0
Lamp3,0.07303603,18.472961,0.9417774481716108,1.0
Csf1r,0.07303603,19.21394,0.9417774481716108,1.0
March4,0.07303603,18.196749,0.9417774481716108,1.0
Fsip1,0.07303603,18.380333,0.9417774481716108,1.0
Gins2,0.07299727,-0.94628227,0.9418082892406058,1.0
Cyp2j9,0.072919756,-0.1261808,0.9418699716403105,1.0
Six5,0.07196512,-0.7102026,0.9426296675632955,1.0
Pcp4,0.07174278,0.38841,0.9428066128079406,1.0
Camkk1,0.07170606,0.4265978,0.942835833395343,1.0
Wdr90,0.07167138,-0.8505786,0.9428634306874197,1.0
Nynrin,0.07137765,-0.2882385,0.9430971987328721,1.0
Igsf11,0.07124506,-0.55617785,0.9432027206378769,1.0
Cdk14,0.071016595,-0.8230804,0.9433845453347447,1.0
Tubg2,0.07040261,0.29207918,0.9438732137989314,1.0
Ascl3,0.07039037,-0.18734725,0.9438829549138916,1.0
Mycn,0.07037405,-0.25332376,0.943895943080226,1.0
Tlr6,0.07033326,-0.3474319,0.9439284135613104,1.0
Glipr1,0.070308775,-0.66551465,0.943947895894686,1.0
Ecscr,0.070037484,-0.94114083,0.9441638273321715,1.0
Cd276,0.0699926,-0.618023,0.944199545710209,1.0
Top1mt,0.06984982,-0.96004546,0.9443131958409265,1.0
Ska3,0.06928682,-0.6430225,0.9447613130941374,1.0
Lsmem2,0.069176674,0.98759806,0.9448489902579502,1.0
Etnppl,0.069086924,0.12478637,0.9449204314039593,1.0
Lcp2,0.06905021,-0.2773325,0.9449496574550386,1.0
Agmat,0.069046125,-0.30501002,0.944952904798622,1.0
Map3k8,0.06903797,-0.85868603,0.9449593994885329,1.0
Nrm,0.06893189,-0.8895295,0.94504383079014,1.0
Ticrr,0.06876055,-0.51419854,0.9451802211194813,1.0
Tnfrsf18,0.06861368,-0.55733085,0.9452971283951994,1.0
Afap1l1,0.0679793,-1.0745646,0.9458021163804833,1.0
Steap4,0.067832425,0.20917764,0.945919029894178,1.0
Ifi206,0.06782835,0.36544165,0.9459222775084186,1.0
Rora,0.06781611,0.54887027,0.9459320203565322,1.0
Hyal3,0.06778755,-0.19991885,0.9459547537002424,1.0
Sh2d2a,0.06778755,0.27617246,0.9459547537002424,1.0
Asap3,0.067783475,0.12964445,0.9459580013243654,1.0
Epdr1,0.067783475,-0.32496443,0.9459580013243654,1.0
Zmynd12,0.067783475,0.08775481,0.9459580013243654,1.0
Nuak1,0.06776715,0.01325144,0.9459709918298376,1.0
Itga4,0.06776715,-0.46498722,0.9459709918298376,1.0
Ppp1r1a,0.067763075,-0.39491552,0.9459742394584504,1.0
Chst8,0.067763075,-0.31948233,0.9459742394584504,1.0
Fam229b,0.06775899,-0.2351399,0.9459774870879609,1.0
Arhgef9,0.06775899,-0.8011957,0.9459774870879609,1.0
Angpt2,0.06771616,-1.1121675,0.9460115872520142,1.0
Hoxa11,0.06753257,-0.43946633,0.9461577319318331,1.0
Mbd4,0.067410186,-0.80522674,0.9462551627252946,1.0
Fsbp,0.06710625,-0.54201704,0.9464971193359925,1.0
Cd83,0.06705321,-0.5372253,0.9465393404589523,1.0
Ccdc114,0.06704097,-0.6947012,0.946549083816347,1.0
Kif20a,0.0665045,-0.8832019,0.9469761754838468,1.0
Gask1b,0.06650042,0.31520146,0.9469794233877621,1.0
Map3k12,0.066488184,-0.37815458,0.9469891671047945,1.0
Fam228b,0.066488184,0.1476016,0.9469891671047945,1.0
Pacsin3,0.06648002,-0.25197867,0.9469956629205545,1.0
Wbp2nl,0.06647594,0.18877025,0.9469989108297558,1.0
Iglc1,0.06647594,-0.34047928,0.9469989108297558,1.0
Dennd5a,0.06647594,-0.36996433,0.9469989108297558,1.0
Lurap1,0.06647186,-0.2476482,0.9470021587398381,1.0
Klrc1,0.066467784,-0.4585411,0.947005406650801,1.0
Rmi2,0.06635559,-0.11532952,0.9470947245472288,1.0
Lgals12,0.06613937,-0.8372495,0.9472668663677385,1.0
Gstp3,0.06594966,-1.0516031,0.9474178984832313,1.0
Evl,0.065839514,-0.68713814,0.9475055954177529,1.0
Mmp23,0.06522961,1.4073802,0.9479911880735775,1.0
Dbil5,0.06522553,1.7290128,0.9479944362502333,1.0
Adgrg2,0.06522145,1.706894,0.9479976844277535,1.0
Insrr,0.06520921,0.8734006,0.9480074289654992,1.0
Klf15,0.06520921,0.7629846,0.9480074289654992,1.0
Prdm5,0.06520513,0.7557934,0.948010677146476,1.0
Etnk2,0.06520105,0.23377219,0.948013925328317,1.0
Sult1c1,0.06519697,0.33949146,0.948017173511022,1.0
Kantr,0.06519697,0.34736198,0.948017173511022,1.0
Siglece,0.06519289,0.38463748,0.9480204216945909,1.0
Hic1,0.06519289,-0.070907235,0.9480204216945909,1.0
Fbxo17,0.06519289,0.078224614,0.9480204216945909,1.0
Ighg1,0.06518881,0.059224807,0.9480236698790238,1.0
Skap1,0.065184735,-0.7964025,0.9480269180643204,1.0
Arxes2,0.065184735,-0.45952904,0.9480269180643204,1.0
Fzd10,0.065184735,-0.17299671,0.9480269180643204,1.0
Chadl,0.065184735,-0.57987714,0.9480269180643204,1.0
Adgrb1,0.06495423,-0.49139592,0.9482104419350897,1.0
Zfp82,0.06492567,-0.8734213,0.9482331795973042,1.0
Syp,0.06491751,-0.73260707,0.9482396760799668,1.0
Rgs10,0.06491344,-0.5886468,0.9482429243225885,1.0
Sh3bp1,0.06463398,-0.58901376,0.9484654309869258,1.0
Stox2,0.064364724,-0.90204036,0.9486798207719741,1.0
Hus1b,0.063917994,2.4985745,0.9490355211037456,1.0
S1pr4,0.063917994,2.6400018,0.9490355211037456,1.0
Rerg,0.063917994,2.6530385,0.9490355211037456,1.0
Rgs8,0.063909836,1.954244,0.9490420180081225,1.0
Cox8b,0.06390576,1.5564914,0.9490452664615815,1.0
Prr18,0.06390576,1.2397277,0.9490452664615815,1.0
Ropn1l,0.06390168,0.9602698,0.9490485149158873,1.0
Lrrc24,0.06390168,0.9760356,0.9490485149158873,1.0
Dapl1,0.0638976,0.1590509,0.94905176337104,1.0
Ttc9,0.0638976,0.37794083,0.94905176337104,1.0
Islr2,0.0638976,0.71096885,0.94905176337104,1.0
Klk1b16,0.0638976,0.714805,0.94905176337104,1.0
Abcb1b,0.0638976,0.69473946,0.94905176337104,1.0
Bhlha15,0.0638976,0.6975805,0.94905176337104,1.0
Sdr9c7,0.0638976,1.041059,0.94905176337104,1.0
Oscar,0.0638976,-0.08114305,0.94905176337104,1.0
Rab26,0.0638976,1.0244317,0.94905176337104,1.0
Map3k15,0.06322446,-0.70926505,0.9495877700279638,1.0
Atoh8,0.06263699,-0.7304643,0.950055576306319,1.0
Smim10l2a,0.062624745,0.6142964,0.9500653224540615,1.0
Synpo2l,0.06260231,17.696829,0.9500831904109899,1.0
Nek10,0.06260231,17.69098,0.9500831904109899,1.0
Tesmin,0.06260231,17.296892,0.9500831904109899,1.0
Batf,0.06260231,18.702885,0.9500831904109899,1.0
Pnck,0.06260231,17.724165,0.9500831904109899,1.0
Gpha2,0.06260231,18.0699,0.9500831904109899,1.0
Gna15,0.06260231,18.536186,0.9500831904109899,1.0
Icam2,0.06260231,18.048393,0.9500831904109899,1.0
Tlr7,0.06260231,18.09765,0.9500831904109899,1.0
Cetn4,0.06260231,17.923246,0.9500831904109899,1.0
Tmem71,0.06260231,17.5643,0.9500831904109899,1.0
Art3,0.06260231,17.767187,0.9500831904109899,1.0
Cxcr3,0.06260231,18.106724,0.9500831904109899,1.0
Zmynd10,0.06260231,17.32435,0.9500831904109899,1.0
Spaca3,0.06260231,17.729946,0.9500831904109899,1.0
Prox2,0.06260231,17.58353,0.9500831904109899,1.0
Timm29,0.06260231,17.811935,0.9500831904109899,1.0
Zfp28,0.06260231,17.880644,0.9500831904109899,1.0
Taar8c,0.06260231,17.821266,0.9500831904109899,1.0
Srpx2,0.06260231,18.116787,0.9500831904109899,1.0
Spata20,0.06260231,18.368925,0.9500831904109899,1.0
Zfp738,0.06260231,18.244238,0.9500831904109899,1.0
Slco1b2,0.06260231,16.979763,0.9500831904109899,1.0
Zfp105,0.06260231,17.543936,0.9500831904109899,1.0
Atl1,0.062412605,-0.3484564,0.9502342568672499,1.0
Gga2,0.061661948,-0.96261156,0.9508320426996699,1.0
Chrm1,0.06162523,-0.5962859,0.9508612829366311,1.0
Wfikkn2,0.06128662,0.40511736,0.9511309460132235,1.0
Prkcb,0.061221346,-0.064453825,0.9511829299012289,1.0
Fbxo48,0.06120911,-0.46209374,0.9511926769033636,1.0
Sh2d3c,0.061131593,-0.78641546,0.9512544080863885,1.0
Fbxo5,0.06010964,-0.9320352,0.9520683122103776,1.0
Aifm3,0.059968892,0.21098848,0.952180410726643,1.0
Hvcn1,0.059903618,-0.15564005,0.9522323987656196,1.0
Gfi1,0.059858743,-0.74237794,0.9522681406603494,1.0
Mreg,0.059838343,-1.1040177,0.9522843870078792,1.0
Lef1,0.059830185,-1.3914795,0.952290885552444,1.0
Pif1,0.059681278,-0.56340003,0.9524094845475702,1.0
Dgkg,0.059448738,-0.93829054,0.9525946960444203,1.0
Ccn1,0.058908183,-0.9132232,0.9530252414181235,1.0
Shroom4,0.058679722,0.041215423,0.9532072118937183,1.0
Hist1h2bh,0.058651164,-0.19066456,0.9532299583748901,1.0
Rsph3a,0.058638923,-0.40715885,0.9532397068784849,1.0
Asxl3,0.058630764,-0.41334826,0.9532462058847683,1.0
Minar1,0.058626685,-0.5278362,0.9532494553890759,1.0
St8sia4,0.058614448,-0.71886724,0.9532592039066619,1.0
Rasl11a,0.058606286,-0.65232706,0.9532657029222712,1.0
Sh3bgr,0.05858589,-1.0594335,0.9532819504748898,1.0
Fam189a1,0.05857365,-1.2051543,0.9532916990157814,1.0
Zbed3,0.057408907,-0.9028893,0.9542194669273641,1.0
Art5,0.05738647,0.32964492,0.9542373404774739,1.0
Ankrd29,0.05737831,-0.13707909,0.9542438399559476,1.0
Zfp937,0.057345673,-0.19477849,0.954269837900267,1.0
Zc2hc1c,0.057341594,-0.15702094,0.9542730876467287,1.0
Mkrn3,0.057337515,-0.3034419,0.9542763373939507,1.0
Jazf1,0.057333436,-0.22662953,0.9542795871419327,1.0
Smarcd3,0.057308957,-0.7887448,0.9542990856457861,1.0
Clspn,0.057202887,-1.2193136,0.9543835794784092,1.0
Hesx1,0.05704174,-1.0812769,0.9545119460895031,1.0
Cyfip2,0.0570295,-0.5214536,0.9545216955006245,1.0
Hdac7,0.056737807,-0.91524583,0.9547540584761911,1.0
Trac,0.05666845,-0.9362638,0.9548093061838495,1.0
Ckap2l,0.056391034,-0.825148,0.9550302991831792,1.0
Pycr1,0.05620745,-1.2153337,0.9551765464523697,1.0
Cxcl9,0.056105457,0.7943488,0.9552577955876508,1.0
Peg3,0.05608506,0.85544986,0.9552740454705257,1.0
Fbxo24,0.05606874,0.2702025,0.9552870453902111,1.0
Lrr1,0.056060582,-0.34807813,0.9552935453545145,1.0
Rnf144a,0.056052424,-0.073409095,0.955300045321791,1.0
Foxn1,0.056052424,0.0626509,0.955300045321791,1.0
Cxcl13,0.056048345,-0.22801304,0.9553032953065441,1.0
Pstpip1,0.056048345,0.3141013,0.9553032953065441,1.0
Catsperd,0.056044262,-0.5370619,0.9553065452920403,1.0
Pglyrp2,0.056040183,-0.54471594,0.9553097952782796,1.0
Hmmr,0.054969274,-0.6193609,0.9561629422006589,1.0
Cd22,0.05478773,0.6741484,0.9563075759225304,1.0
Tmem262,0.05478773,1.234428,0.9563075759225304,1.0
Camk2a,0.05478365,0.28815818,0.9563108261350725,1.0
Evx1,0.05477549,0.81055427,0.9563173265623359,1.0
Ltbp4,0.054771412,0.3004277,0.9563205767770571,1.0
Efcab12,0.054771412,0.323846,0.9563205767770571,1.0
Parvg,0.054767333,0.56488144,0.9563238269925045,1.0
Prdm14,0.05476325,0.24590728,0.9563270772086783,1.0
Lrrtm1,0.05476325,-0.02357966,0.9563270772086783,1.0
H2al1n,0.05476325,-0.58683586,0.9563270772086783,1.0
Pou5f2,0.05476325,0.055545297,0.9563270772086783,1.0
Pced1b,0.05475509,-0.92977995,0.9563335776432039,1.0
Asb2,0.05475509,-0.73760134,0.9563335776432039,1.0
Sobp,0.054589868,-0.90973485,0.9564652120666024,1.0
C1rl,0.05443892,-1.3282402,0.9565854717135512,1.0
Tnfaip8,0.054271653,-0.7550843,0.9567187335575524,1.0
Cenpu,0.053988118,-0.9529541,0.9569446313959717,1.0
Bnipl,0.05382901,-1.2352829,0.9570713957276006,1.0
Ppat,0.053753536,-0.95273626,0.9571315279057837,1.0
Cenph,0.053543434,-0.8184753,0.9572989241720428,1.0
Rcor2,0.05348632,2.125277,0.9573444302790152,1.0
Myo1h,0.053482242,1.901674,0.9573476807205488,1.0
Cd5,0.053482242,1.9181148,0.9573476807205488,1.0
C2cd4a,0.05347816,1.6693456,0.9573509311627915,1.0
Dnaaf3,0.05347816,2.0079885,0.9573509311627915,1.0
Il1rl1,0.05347816,1.8684281,0.9573509311627915,1.0
Ubxn11,0.05347408,2.008594,0.9573541816057434,1.0
Krtap3-1,0.05347408,1.3915178,0.9573541816057434,1.0
Amy1,0.05347408,2.0528288,0.9573541816057434,1.0
Rgl1,0.05347,0.87365115,0.9573574320494044,1.0
Olfr700,0.05347,1.4018147,0.9573574320494044,1.0
Adamts4,0.05347,1.4617709,0.9573574320494044,1.0
Lin7a,0.05347,1.2873358,0.9573574320494044,1.0
Pnldc1,0.05347,0.8481695,0.9573574320494044,1.0
Ncf4,0.05346592,0.1419416,0.9573606824937745,1.0
Rnase6,0.05346592,0.07926913,0.9573606824937745,1.0
Impg2,0.05346592,-0.4647027,0.9573606824937745,1.0
Dmkn,0.05346592,0.90151834,0.9573606824937745,1.0
F2,0.05346592,0.16011946,0.9573606824937745,1.0
Tceal1,0.05346592,0.10343952,0.9573606824937745,1.0
Trbv4,0.05346592,0.11536524,0.9573606824937745,1.0
Eef1akmt3,0.05346592,-0.13640563,0.9573606824937745,1.0
Plek,0.05346592,0.6371937,0.9573606824937745,1.0
Ccl17,0.05346592,-0.38731587,0.9573606824937745,1.0
Slc39a2,0.05346592,0.2780603,0.9573606824937745,1.0
Piwil4,0.053380247,-0.24884984,0.9574289419892408,1.0
Otub2,0.053294577,-0.6207967,0.9574972017968745,1.0
Rasl11b,0.053249698,-0.82953763,0.9575329570586224,1.0
Fbxo44,0.053249698,-0.8646845,0.9575329570586224,1.0
Lpcat2,0.052760143,-1.048547,0.9579230199943327,1.0
C2,0.052264463,-0.8852421,0.958317968981176,1.0
Olfr267,0.052168593,18.262955,0.9583943594752726,1.0
Cacna1d,0.052168593,18.092932,0.9583943594752726,1.0
Klrg2,0.052168593,17.669586,0.9583943594752726,1.0
Ttll11,0.052168593,16.62711,0.9583943594752726,1.0
Ggta1,0.052168593,17.247484,0.9583943594752726,1.0
Ccno,0.052168593,18.089346,0.9583943594752726,1.0
Ccdc103,0.052168593,18.246714,0.9583943594752726,1.0
Scara5,0.052168593,17.761913,0.9583943594752726,1.0
Mmp11,0.052168593,17.417402,0.9583943594752726,1.0
Gabrp,0.052168593,18.493958,0.9583943594752726,1.0
Fcgr3,0.052168593,18.360027,0.9583943594752726,1.0
Cdk5r2,0.052168593,18.099527,0.9583943594752726,1.0
Lix1l,0.052168593,17.041124,0.9583943594752726,1.0
Zfp811,0.052168593,17.322199,0.9583943594752726,1.0
Rasgef1a,0.052168593,17.598701,0.9583943594752726,1.0
Prl6a1,0.052168593,18.005161,0.9583943594752726,1.0
Actl9,0.052168593,17.603529,0.9583943594752726,1.0
Cldnd2,0.052168593,16.962074,0.9583943594752726,1.0
BC035044,0.052168593,18.058834,0.9583943594752726,1.0
Efcab8,0.052168593,17.993553,0.9583943594752726,1.0
Ugt2b1,0.052168593,17.21348,0.9583943594752726,1.0
Sycp2,0.052168593,16.523668,0.9583943594752726,1.0
Slc15a3,0.052168593,17.695833,0.9583943594752726,1.0
Man1c1,0.052168593,17.697683,0.9583943594752726,1.0
Camk4,0.052168593,17.391508,0.9583943594752726,1.0
Zp1,0.052168593,17.131678,0.9583943594752726,1.0
Ect2l,0.052168593,17.64141,0.9583943594752726,1.0
Elavl3,0.052168593,17.01154,0.9583943594752726,1.0
Tcrg-V7,0.052168593,18.297182,0.9583943594752726,1.0
Col7a1,0.052168593,16.4466,0.9583943594752726,1.0
Crip2,0.052168593,16.968916,0.9583943594752726,1.0
Carmil2,0.052168593,17.419659,0.9583943594752726,1.0
Il2ra,0.052168593,18.753086,0.9583943594752726,1.0
Actg2,0.052168593,17.89008,0.9583943594752726,1.0
Wfdc15b,0.052168593,17.633505,0.9583943594752726,1.0
Def6,0.052080877,-0.23367049,0.9584642489854172,1.0
Ptpdc1,0.05204008,-0.56289476,0.9584967558431361,1.0
Mitf,0.051995207,-0.6649339,0.9585325134663361,1.0
Plekhd1,0.051623955,-0.6888448,0.9588283297244948,1.0
Gramd1a,0.051528085,-0.9543788,0.9589047227578436,1.0
Tmem229b,0.051430173,-0.8989476,0.9589827415643949,1.0
Nrp1,0.05076111,-0.6900917,0.9595158805518387,1.0
Cntln,0.05075295,-0.5278024,0.9595223823590462,1.0
Dct,0.05075295,-0.62180287,0.9595223823590462,1.0
Cenpe,0.05052041,-0.5737843,0.9597076849946383,1.0
Fancb,0.050365385,-0.824183,0.9598312212950691,1.0
Bmp7,0.050087966,-0.41947535,0.9600522886592163,1.0
Slc29a1,0.0499105,-0.6955373,0.9601937083645792,1.0
Macc1,0.049806472,-0.7807953,0.9602766101538238,1.0
Ncf1,0.049527016,-0.2446361,0.9604993092413776,1.0
Gja4,0.049502537,-0.17413978,0.9605188158778659,1.0
Selplg,0.049482137,-0.46771687,0.9605350714263291,1.0
Serpinb9,0.049478058,-0.3331623,0.9605383225379909,1.0
Psmc3ip,0.04934139,-0.30634883,0.960647235157551,1.0
Anxa5,0.049320992,-0.80550224,0.96066349083545,1.0
Adrb2,0.04910477,-0.9381748,0.96083580202531,1.0
Zfp9,0.049047656,-0.99521714,0.9608813184944625,1.0
Gdf15,0.04878656,-0.84357905,0.9610893954035511,1.0
Sema7a,0.048527498,-0.8760531,0.961295849331359,1.0
Eva1b,0.0482766,0.28801084,0.9614958032474982,1.0
Npy2r,0.048264362,0.3576157,0.9615055571591217,1.0
Nuf2,0.048229683,-1.0086852,0.9615331932733393,1.0
Akap17b,0.048203167,-0.64554995,0.9615543268036354,1.0
Gjb4,0.048199087,-0.40022877,0.9615575781183867,1.0
Rab2b,0.04819501,-1.2036906,0.9615608294337774,1.0
Prss53,0.04816645,-0.8589516,0.9615835886594082,1.0
Arhgap6,0.04816237,-0.8334278,0.9615868399799115,1.0
Pik3cd,0.047978785,-0.41117868,0.961733150062937,1.0
Agr3,0.047795203,-0.9118078,0.9618794614346909,1.0
Marc1,0.04695275,0.18188648,0.9625508844501576,1.0
Rprm,0.046940513,0.051739078,0.9625606389765554,1.0
Tcea2,0.046940513,-0.02331498,0.9625606389765554,1.0
Clca3a1,0.046916034,-0.23915844,0.9625801480461614,1.0
Gnaz,0.046916034,-0.13680257,0.9625801480461614,1.0
Epgn,0.046911955,-0.47852856,0.962583399559941,1.0
Plekha4,0.046887476,-0.78400344,0.9626029086556844,1.0
Rbm20,0.046883397,-1.2129741,0.9626061601738188,1.0
Ubd,0.046844643,-0.12448691,0.9626370496271062,1.0
Rad54b,0.04651827,-1.5652848,0.9628971735590638,1.0
Vtcn1,0.046428517,-0.7789437,0.9629687083338859,1.0
Adgrf5,0.045661543,0.6699927,0.9635800175992456,1.0
Egr2,0.04565338,0.58277196,0.9635865210050291,1.0
Treml2,0.04565338,0.32352173,0.9635865210050291,1.0
Fmnl1,0.0456493,0.29338932,0.9635897727088292,1.0
Adgrb3,0.045632984,-0.06795914,0.9636027795300852,1.0
Pkdrej,0.045632984,0.12745872,0.9636027795300852,1.0
Fbxl16,0.045628905,0.009821701,0.9636060312369127,1.0
Lyzl4,0.04436625,1.6423659,0.9646124633180356,1.0
Dlc1,0.04435809,0.46957052,0.9646189671029838,1.0
Gbp8,0.04435401,0.72954464,0.9646222189963406,1.0
Cd27,0.04435401,0.89855605,0.9646222189963406,1.0
Fn1,0.044345852,1.0373567,0.9646287227848196,1.0
Pcdhga1,0.044345852,0.90951335,0.9646287227848196,1.0
Samd14,0.044341773,0.56046826,0.9646319746799414,1.0
Tespa1,0.044341773,0.44638315,0.9646319746799414,1.0
Bbs12,0.044341773,0.3119217,0.9646319746799414,1.0
Snx32,0.044341773,0.31958008,0.9646319746799414,1.0
Avpr2,0.044341773,-0.6765501,0.9646319746799414,1.0
Cryab,0.044337694,0.15697517,0.9646352265756517,1.0
Tcp11,0.044337694,-0.48651758,0.9646352265756517,1.0
Mef2c,0.044333614,-0.8143159,0.9646384784719502,1.0
Grik3,0.044329535,0.055457927,0.9646417303688367,1.0
Folr1,0.044329535,-0.48128477,0.9646417303688367,1.0
Ddit4l,0.044325452,-0.8127844,0.9646449822663113,1.0
Hist1h4a,0.044325452,-0.72766626,0.9646449822663113,1.0
Rnft2,0.044325452,-0.5527663,0.9646449822663113,1.0
P2ry10,0.044325452,-0.5954928,0.9646449822663113,1.0
Cacna1b,0.04416023,-0.29892772,0.9647766846076201,1.0
Dock2,0.04410719,-0.9138356,0.9648189596371308,1.0
Smpd3,0.043754302,-0.9900003,0.9651002536921083,1.0
Sh2d4b,0.04305872,3.1676972,0.9656547246009614,1.0
Vwa2,0.04305056,3.0150921,0.9656612287576116,1.0
Clcn6,0.04305056,2.2367418,0.9656612287576116,1.0
Mroh6,0.04305056,2.2080858,0.9656612287576116,1.0
Ccna1,0.04305056,2.3833802,0.9656612287576116,1.0
Evi2,0.043046482,1.6075368,0.9656644808367936,1.0
Cfap52,0.043046482,2.011301,0.9656644808367936,1.0
Adh7,0.043046482,1.6047887,0.9656644808367936,1.0
Spag6l,0.043046482,1.7809638,0.9656644808367936,1.0
Trim34b,0.043046482,2.3851583,0.9656644808367936,1.0
Btbd19,0.043046482,1.8054361,0.9656644808367936,1.0
Scnn1g,0.043046482,1.5735141,0.9656644808367936,1.0
Nrxn1,0.043046482,2.098026,0.9656644808367936,1.0
Ctsk,0.043042403,1.1972958,0.9656677329165466,1.0
Slc4a11,0.043042403,1.3948926,0.9656677329165466,1.0
Apold1,0.043042403,1.6783686,0.9656677329165466,1.0
Car14,0.043042403,1.8113095,0.9656677329165466,1.0
Sfmbt2,0.043042403,1.0771986,0.9656677329165466,1.0
Cd34,0.043042403,1.0091482,0.9656677329165466,1.0
Mzf1,0.043042403,1.5707935,0.9656677329165466,1.0
Cd72,0.043038324,1.2383666,0.9656709849968708,1.0
Cdhr4,0.043038324,0.72493625,0.9656709849968708,1.0
Krtap13,0.043038324,0.7332967,0.9656709849968708,1.0
H2-Oa,0.043038324,1.212,0.9656709849968708,1.0
Pcsk6,0.043038324,0.66409874,0.9656709849968708,1.0
Clcn1,0.043038324,0.4968079,0.9656709849968708,1.0
Pou2af1,0.043038324,0.82652277,0.9656709849968708,1.0
Extl1,0.043038324,1.027553,0.9656709849968708,1.0
Tnfaip2,0.043038324,1.2398669,0.9656709849968708,1.0
ETV3L,0.043034244,0.42435414,0.9656742370777658,1.0
Slco1c1,0.043034244,0.72450054,0.9656742370777658,1.0
Crisp2,0.043034244,0.44765487,0.9656742370777658,1.0
Pappa2,0.043034244,0.20737389,0.9656742370777658,1.0
Ptprb,0.043034244,0.50969744,0.9656742370777658,1.0
Iapp,0.043034244,0.2736775,0.9656742370777658,1.0
Mroh7,0.043034244,-0.23758332,0.9656742370777658,1.0
Wnt3,0.043034244,-0.300089,0.9656742370777658,1.0
Mzb1,0.043034244,-0.21103849,0.9656742370777658,1.0
Acad12,0.043034244,0.6781381,0.9656742370777658,1.0
Frmd5,0.043034244,0.4193948,0.9656742370777658,1.0
Mybl1,0.043034244,-0.14935414,0.9656742370777658,1.0
Th,0.043034244,-0.06243821,0.9656742370777658,1.0
Axdnd1,0.043034244,-1.226257,0.9656742370777658,1.0
Rdh16f2,0.042975087,-0.2257969,0.9657213923148781,1.0
Gimap3,0.042907774,-0.47093397,0.9657750518684378,1.0
Phldb2,0.0428221,-0.85232365,0.9658433460698161,1.0
Copz2,0.042689513,-0.51089567,0.9659490399704597,1.0
Stpg1,0.042658914,-0.53196794,0.9659734309556336,1.0
Aunip,0.042454932,-1.1285734,0.9661360383359566,1.0
Vwa3b,0.042438615,-0.7694385,0.9661490469873061,1.0
Ankrd13b,0.042418215,-1.1638254,0.9661653078141614,1.0
Cuedc1,0.042112242,-1.0002265,0.9664092219015886,1.0
Card11,0.041806266,0.5057289,0.9666531391319316,1.0
Il12rb1,0.041734874,17.54793,0.9667100536021339,1.0
Tnfrsf13b,0.041734874,17.898294,0.9667100536021339,1.0
Htra1,0.041734874,17.176857,0.9667100536021339,1.0
Nxnl2,0.041734874,18.551159,0.9667100536021339,1.0
Gzmc,0.041734874,17.842785,0.9667100536021339,1.0
Mrvi1,0.041734874,17.083187,0.9667100536021339,1.0
Hoxc6,0.041734874,16.915678,0.9667100536021339,1.0
Tmprss3,0.041734874,16.951143,0.9667100536021339,1.0
Mn1,0.041734874,17.94241,0.9667100536021339,1.0
Oit3,0.041734874,16.933926,0.9667100536021339,1.0
Bcl2a1b,0.041734874,18.306473,0.9667100536021339,1.0
Capn11,0.041734874,15.61242,0.9667100536021339,1.0
Btnl9,0.041734874,18.03489,0.9667100536021339,1.0
Krtap10-10,0.041734874,17.043797,0.9667100536021339,1.0
Ramp2,0.041734874,16.639523,0.9667100536021339,1.0
Cd40,0.041734874,17.057657,0.9667100536021339,1.0
Mb,0.041734874,16.868067,0.9667100536021339,1.0
Moap1,0.041734874,17.865149,0.9667100536021339,1.0
Cacng4,0.041734874,17.706629,0.9667100536021339,1.0
Cd36,0.041734874,16.8605,0.9667100536021339,1.0
Stox1,0.041734874,17.680128,0.9667100536021339,1.0
Ccdc88a,0.041734874,17.162348,0.9667100536021339,1.0
Pcdhb22,0.041734874,17.419443,0.9667100536021339,1.0
Pcdhga3,0.041734874,17.87896,0.9667100536021339,1.0
Gdf9,0.041734874,17.459652,0.9667100536021339,1.0
Grin1,0.041734874,17.809742,0.9667100536021339,1.0
Olfr699,0.041734874,18.075636,0.9667100536021339,1.0
Dmrta1,0.041734874,17.808176,0.9667100536021339,1.0
Tubb3,0.041734874,18.203861,0.9667100536021339,1.0
Slc7a15,0.041734874,18.757349,0.9667100536021339,1.0
Poln,0.041734874,16.529406,0.9667100536021339,1.0
Gprin1,0.041734874,17.113548,0.9667100536021339,1.0
Prickle4,0.041734874,16.121876,0.9667100536021339,1.0
Dlec1,0.041734874,18.085606,0.9667100536021339,1.0
Armc2,0.041734874,16.676237,0.9667100536021339,1.0
Npas3,0.041734874,17.239866,0.9667100536021339,1.0
Nim1k,0.041734874,17.390324,0.9667100536021339,1.0
Ros1,0.041734874,16.515862,0.9667100536021339,1.0
Ogdhl,0.041734874,16.92012,0.9667100536021339,1.0
Lrfn1,0.041734874,17.461739,0.9667100536021339,1.0
Apcdd1,0.041734874,18.241274,0.9667100536021339,1.0
Mrgpre,0.041734874,17.532381,0.9667100536021339,1.0
Nid1,0.041734874,17.268307,0.9667100536021339,1.0
Atp8b4,0.041734874,16.984035,0.9667100536021339,1.0
Eng,0.041734874,17.403736,0.9667100536021339,1.0
Pitx1,0.041734874,16.531809,0.9667100536021339,1.0
Rgs6,0.041734874,16.973227,0.9667100536021339,1.0
Celsr3,0.041734874,17.124063,0.9667100536021339,1.0
Fbxw13,0.041734874,16.474363,0.9667100536021339,1.0
Pira2,0.041734874,17.800533,0.9667100536021339,1.0
Neil2,0.041734874,17.416681,0.9667100536021339,1.0
Cldn34c1,0.041734874,18.08639,0.9667100536021339,1.0
AY761184,0.041734874,17.537058,0.9667100536021339,1.0
Foxp3,0.041734874,18.156593,0.9667100536021339,1.0
Ccr7,0.041734874,17.251184,0.9667100536021339,1.0
Tnfrsf25,0.041734874,16.785402,0.9667100536021339,1.0
Aff3,0.041734874,17.9838,0.9667100536021339,1.0
Rubcnl,0.041734874,17.931297,0.9667100536021339,1.0
Caps2,0.041734874,17.617018,0.9667100536021339,1.0
Samd3,0.041734874,16.545368,0.9667100536021339,1.0
Trbv5,0.041734874,17.16564,0.9667100536021339,1.0
Kcnk16,0.041734874,17.352978,0.9667100536021339,1.0
Slfn3,0.041734874,16.914463,0.9667100536021339,1.0
Vcam1,0.041734874,18.342653,0.9667100536021339,1.0
Btla,0.041734874,17.12842,0.9667100536021339,1.0
Hormad2,0.041734874,16.615362,0.9667100536021339,1.0
Pcdh19,0.041734874,17.849047,0.9667100536021339,1.0
Krt87,0.041734874,17.649467,0.9667100536021339,1.0
Dmxl2,0.041734874,18.242115,0.9667100536021339,1.0
Fat4,0.041734874,16.543314,0.9667100536021339,1.0
Ifitm5,0.041734874,17.090982,0.9667100536021339,1.0
Adgrl1,0.041561488,-0.85915554,0.966848275163787,1.0
Zfp72,0.04155333,-1.393326,0.9668547797324366,1.0
Kntc1,0.0411678,-0.9392418,0.9671621231074274,1.0
Calhm2,0.040988296,-1.2887373,0.9673052264518105,1.0
Gad2,0.040902622,-1.3362491,0.9673735261467289,1.0
C3,0.040288635,-1.1845862,0.9678630142675281,1.0
Rnf122,0.03920141,-0.8629858,0.9687298118570574,1.0
Arhgef38,0.039136134,-0.851902,0.9687818534234771,1.0
Fam183b,0.039089218,-0.02747917,0.9688192583814711,1.0
Lipc,0.03904434,-0.9709658,0.9688550371011332,1.0
Ube2t,0.03844055,-1.1492223,0.9693364295780593,1.0
Zfp385a,0.037808206,-0.013848593,0.9698406025935544,1.0
Stx1b,0.037800044,-0.057664406,0.9698471081310219,1.0
Sh3tc2,0.037795965,-0.15511285,0.9698503609005082,1.0
Tbc1d16,0.03772661,-1.8968697,0.9699056580584686,1.0
Crocc,0.037708253,-1.3095539,0.9699202955656875,1.0
Igfals,0.03749815,-0.7142785,0.9700878144242101,1.0
Ctxn1,0.03654759,0.7025151,0.9708457316638653,1.0
Cpa2,0.03653943,0.36725488,0.9708522375062013,1.0
Smbd1,0.03653943,-1.2803373,0.9708522375062013,1.0
Map1b,0.036502715,0.1296373,0.9708815138207101,1.0
Prune2,0.036502715,-0.18382682,0.9708815138207101,1.0
Ackr3,0.036494557,-0.18959458,0.9708880196737087,1.0
Lyl1,0.036490478,-0.38149074,0.9708912726009346,1.0
Gpm6b,0.036470078,-1.2355435,0.9709075372443263,1.0
Haus5,0.03646192,-1.6019256,0.9709140431050713,1.0
Klre1,0.03646192,-1.1118675,0.9709140431050713,1.0
Pld6,0.03645784,-1.9696898,0.9709172960361697,1.0
Hhex,0.036370125,-0.43666044,0.9709872341717206,1.0
Chek1,0.03635585,-1.2582308,0.9709986194707317,1.0
Cbfa2t3,0.03620286,-0.7953601,0.9711206051877103,1.0
Pde4b,0.036133505,-1.2383921,0.9711759056021454,1.0
Fer1l6,0.03571534,-0.7940638,0.9715093374989021,1.0
Mapt,0.035678625,-0.78348535,0.9715386146846021,1.0
Sapcd2,0.035678625,-0.8356956,0.9715386146846021,1.0
Atp10a,0.035401206,-1.0446101,0.9717598213245037,1.0
Lrrc3,0.035217624,0.47713748,0.9719062092670726,1.0
Adcy8,0.035213545,-0.0147173405,0.9719094623432312,1.0
Slc7a2,0.035209466,-0.7042439,0.9719127154198571,1.0
Klra6,0.035209466,-0.14942588,0.9719127154198571,1.0
Syt8,0.035201304,0.06551237,0.9719192215745107,1.0
Bank1,0.035201304,-1.0455303,0.9719192215745107,1.0
Aph1c,0.035197224,-0.4703073,0.9719224746525383,1.0
Ifitm1,0.035197224,-0.24072815,0.9719224746525383,1.0
Adamts16,0.035193145,-0.72384095,0.9719257277310331,1.0
Fcrl1,0.035193145,-0.82497716,0.9719257277310331,1.0
Acot6,0.035193145,-0.15288645,0.9719257277310331,1.0
Napb,0.035184987,-0.8937304,0.9719322338894236,1.0
Stx2,0.035184987,-0.99664766,0.9719322338894236,1.0
Rep15,0.03491981,-1.0629094,0.9721436850514404,1.0
Lysmd2,0.03464851,-1.0469215,0.9723600178818753,1.0
Fmnl2,0.034483287,-0.82502717,0.9724917704526813,1.0
Zfp831,0.03395293,2.4569557,0.9729146849932909,1.0
Gpr137c,0.03392029,-0.34498674,0.9729407107534406,1.0
Tnfrsf11b,0.03392029,0.08853752,0.9729407107534406,1.0
Tspyl3,0.033916213,0.52492136,0.9729439639754858,1.0
Ces2h,0.033916213,0.61589766,0.9729439639754858,1.0
BC028528,0.033912133,0.38484612,0.9729472171979809,1.0
Ly86,0.033908054,-0.32506463,0.9729504704209263,1.0
Serpinf2,0.033908054,0.60396016,0.9729504704209263,1.0
Sacs,0.033903975,0.5750274,0.9729537236443218,1.0
Rarres1,0.033903975,0.1981641,0.9729537236443218,1.0
Scarf1,0.033899896,-0.28084037,0.9729569768681671,1.0
C4b,0.033895817,-0.57446414,0.9729602300924624,1.0
S100a5,0.033895817,0.09927581,0.9729602300924624,1.0
Nab2,0.033895817,-0.7174255,0.9729602300924624,1.0
Emilin1,0.033895817,-0.031536266,0.9729602300924624,1.0
Rasgrp3,0.033895817,-0.93477184,0.9729602300924624,1.0
B3galt2,0.033895817,-1.3869934,0.9729602300924624,1.0
Soga1,0.033783626,-0.40891594,0.9730496939366865,1.0
Rtn4rl1,0.03373059,-1.0624872,0.9730919860538789,1.0
Chodl,0.03348581,-0.7647403,0.9732871814194758,1.0
Pcdh17,0.033418495,-0.9750314,0.9733408604260013,1.0
Galnt17,0.03324307,-0.7139561,0.9734807517370656,1.0
Tube1,0.033181876,-1.1689194,0.9735295512237702,1.0
Ankle1,0.033153318,-1.0353484,0.9735523243514875,1.0
Haao,0.032618884,2.0550601,0.9739785111273592,1.0
Fam234b,0.032614805,1.7979478,0.9739817644902548,1.0
Neurl2,0.032614805,1.7599845,0.9739817644902548,1.0
Col11a2,0.032614805,1.305586,0.9739817644902548,1.0
Klhl33,0.032614805,1.3736433,0.9739817644902548,1.0
Klrb1b,0.032610726,1.2567723,0.9739850178535832,1.0
Fam167a,0.032610726,1.0620326,0.9739850178535832,1.0
Chst3,0.032610726,1.1923889,0.9739850178535832,1.0
Dusp2,0.032610726,1.0657245,0.9739850178535832,1.0
Cep170,0.032610726,1.9388963,0.9739850178535832,1.0
Ifi211,0.032610726,0.95604354,0.9739850178535832,1.0
Kcnc1,0.032606643,0.95997286,0.9739882712173444,1.0
Ccr2,0.032606643,1.0806588,0.9739882712173444,1.0
Clec2i,0.032606643,0.8350514,0.9739882712173444,1.0
Scn3a,0.032606643,0.77902126,0.9739882712173444,1.0
Dnah2,0.032606643,0.42025778,0.9739882712173444,1.0
Zpbp2,0.032606643,0.5885054,0.9739882712173444,1.0
Efcab9,0.032606643,0.8127892,0.9739882712173444,1.0
Abhd15,0.032606643,1.133264,0.9739882712173444,1.0
Fam217a,0.032606643,1.5257283,0.9739882712173444,1.0
C1qtnf9,0.032606643,0.7848655,0.9739882712173444,1.0
Slfn8,0.032606643,0.3507913,0.9739882712173444,1.0
Ccl21a,0.032606643,0.4793443,0.9739882712173444,1.0
Hyal5,0.032602564,-0.48450592,0.9739915245815384,1.0
Drc1,0.032602564,-1.2213305,0.9739915245815384,1.0
Ptpn5,0.032602564,-0.24178995,0.9739915245815384,1.0
Ccl24,0.032602564,0.27461126,0.9739915245815384,1.0
Rasl12,0.032602564,-0.52832264,0.9739915245815384,1.0
Samsn1,0.032602564,0.35072076,0.9739915245815384,1.0
Ankrd13d,0.032602564,-1.1297843,0.9739915245815384,1.0
Siglecg,0.032602564,-0.2855174,0.9739915245815384,1.0
Xlr4c,0.032602564,0.3899543,0.9739915245815384,1.0
Egflam,0.032602564,-1.2490712,0.9739915245815384,1.0
Tmem198,0.032602564,-1.4411441,0.9739915245815384,1.0
Iqcg,0.032602564,-0.56735176,0.9739915245815384,1.0
Irak1bp1,0.032602564,-0.32484752,0.9739915245815384,1.0
Fam221b,0.032602564,-0.33781946,0.9739915245815384,1.0
Pcdhgb7,0.032602564,0.0739162,0.9739915245815384,1.0
Dach2,0.032602564,0.26566344,0.9739915245815384,1.0
Cnpy1,0.032602564,-0.23667279,0.9739915245815384,1.0
Itprip,0.032602564,0.5845975,0.9739915245815384,1.0
Msh5,0.032602564,-0.42167476,0.9739915245815384,1.0
Nefm,0.032602564,-0.51346004,0.9739915245815384,1.0
Tbc1d10c,0.032443456,-0.7082781,0.9741184061220926,1.0
Gtse1,0.03241694,-0.87561363,0.9741395531092816,1.0
Iqcb1,0.032414902,-0.8194871,0.974141179801357,1.0
Zfp383,0.032361865,-1.0170853,0.9741834738330499,1.0
Hal,0.031301156,17.39149,0.9750293695528548,1.0
Itgax,0.031301156,16.934635,0.9750293695528548,1.0
Cnmd,0.031301156,16.641468,0.9750293695528548,1.0
Pou4f1,0.031301156,16.446726,0.9750293695528548,1.0
Phyhipl,0.031301156,16.948717,0.9750293695528548,1.0
Ctla2b,0.031301156,18.20326,0.9750293695528548,1.0
Arc,0.031301156,16.94717,0.9750293695528548,1.0
Pcdhb16,0.031301156,17.549086,0.9750293695528548,1.0
Fam129c,0.031301156,17.114986,0.9750293695528548,1.0
Evi2a,0.031301156,16.949215,0.9750293695528548,1.0
Ttbk1,0.031301156,16.794985,0.9750293695528548,1.0
Cd180,0.031301156,16.355682,0.9750293695528548,1.0
Nptx2,0.031301156,16.300173,0.9750293695528548,1.0
Mdk,0.031301156,16.30133,0.9750293695528548,1.0
Cacna1i,0.031301156,16.827402,0.9750293695528548,1.0
Shcbp1l,0.031301156,17.480326,0.9750293695528548,1.0
Prex2,0.031301156,17.617193,0.9750293695528548,1.0
Mtnr1a,0.031301156,17.457151,0.9750293695528548,1.0
Col25a1,0.031301156,15.744792,0.9750293695528548,1.0
Slc16a8,0.031301156,16.768602,0.9750293695528548,1.0
Nat8f2,0.031301156,17.271269,0.9750293695528548,1.0
Proca1,0.031301156,15.836576,0.9750293695528548,1.0
Tubb4a,0.031301156,17.020784,0.9750293695528548,1.0
Scd4,0.031301156,16.029648,0.9750293695528548,1.0
Sntb1,0.031301156,17.85384,0.9750293695528548,1.0
Cd209a,0.031301156,16.686852,0.9750293695528548,1.0
Csf2rb2,0.031301156,17.862223,0.9750293695528548,1.0
Tgtp1,0.031301156,17.2728,0.9750293695528548,1.0
Arhgef10,0.031301156,16.573532,0.9750293695528548,1.0
Stac3,0.031301156,16.475956,0.9750293695528548,1.0
Pgbd5,0.031301156,16.973711,0.9750293695528548,1.0
Cd200r3,0.031301156,15.913694,0.9750293695528548,1.0
Slc13a5,0.031301156,17.355463,0.9750293695528548,1.0
Sema4f,0.031301156,16.15772,0.9750293695528548,1.0
Trim30b,0.031301156,17.845098,0.9750293695528548,1.0
Trps1,0.031301156,17.187397,0.9750293695528548,1.0
Sox5,0.031301156,15.7868805,0.9750293695528548,1.0
Pwwp3b,0.031301156,17.509615,0.9750293695528548,1.0
Amd2,0.031301156,16.667309,0.9750293695528548,1.0
Rgs22,0.031301156,17.84116,0.9750293695528548,1.0
Krt4,0.031301156,17.276697,0.9750293695528548,1.0
Gabrb3,0.031301156,16.64635,0.9750293695528548,1.0
Trpv2,0.031301156,17.449434,0.9750293695528548,1.0
St8sia2,0.031301156,17.363089,0.9750293695528548,1.0
Prf1,0.031301156,16.684322,0.9750293695528548,1.0
Dpysl5,0.031301156,17.35569,0.9750293695528548,1.0
Elovl2,0.031301156,17.202978,0.9750293695528548,1.0
Lcn2,0.031301156,17.456041,0.9750293695528548,1.0
Tmem178,0.031301156,16.725117,0.9750293695528548,1.0
Hlx,0.031301156,16.527237,0.9750293695528548,1.0
Zmynd15,0.031301156,16.048494,0.9750293695528548,1.0
Cyp4f18,0.031301156,17.458015,0.9750293695528548,1.0
Tubb6,0.031301156,16.890774,0.9750293695528548,1.0
Il27ra,0.031301156,17.193117,0.9750293695528548,1.0
Acbd7,0.031301156,16.795948,0.9750293695528548,1.0
Tbx2,0.031301156,15.878703,0.9750293695528548,1.0
Rasal1,0.031301156,16.695068,0.9750293695528548,1.0
Tmem178b,0.031301156,17.446323,0.9750293695528548,1.0
Pcdhb20,0.031301156,17.16579,0.9750293695528548,1.0
Qrfp,0.031301156,17.080927,0.9750293695528548,1.0
Chrna4,0.031301156,16.881538,0.9750293695528548,1.0
Btbd18,0.031301156,16.349258,0.9750293695528548,1.0
Ggt5,0.031301156,17.59198,0.9750293695528548,1.0
Tbx1,0.031301156,16.608654,0.9750293695528548,1.0
Tenm3,0.031301156,16.566795,0.9750293695528548,1.0
Xcr1,0.031301156,17.164106,0.9750293695528548,1.0
Igkv4-72,0.031301156,17.3119,0.9750293695528548,1.0
Mmrn1,0.031301156,17.932964,0.9750293695528548,1.0
Chd5,0.031301156,15.806065,0.9750293695528548,1.0
Nphp4,0.031301156,17.04063,0.9750293695528548,1.0
Fjx1,0.031301156,16.257908,0.9750293695528548,1.0
Hapln1,0.031301156,17.863125,0.9750293695528548,1.0
Zfp324,0.031301156,17.148436,0.9750293695528548,1.0
Gprc5b,0.031301156,16.18381,0.9750293695528548,1.0
Slc4a3,0.031301156,17.42181,0.9750293695528548,1.0
Ccdc106,0.031301156,16.692461,0.9750293695528548,1.0
Maml2,0.031301156,17.203789,0.9750293695528548,1.0
Gypc,0.031301156,16.098215,0.9750293695528548,1.0
Atg9b,0.031301156,16.602127,0.9750293695528548,1.0
Thsd1,0.031301156,15.97007,0.9750293695528548,1.0
Stxbp5l,0.031301156,16.95671,0.9750293695528548,1.0
Sspo,0.031301156,17.070032,0.9750293695528548,1.0
Ifi207,0.031301156,17.171154,0.9750293695528548,1.0
Lrrc75b,0.031301156,17.001953,0.9750293695528548,1.0
Terb1,0.031301156,17.416882,0.9750293695528548,1.0
Ebi3,0.031301156,17.335466,0.9750293695528548,1.0
Avpr1b,0.031301156,17.301638,0.9750293695528548,1.0
Trbv20,0.031301156,17.189104,0.9750293695528548,1.0
G0s2,0.031301156,16.702047,0.9750293695528548,1.0
Tmem156,0.031301156,16.832518,0.9750293695528548,1.0
Rab3il1,0.031301156,17.020485,0.9750293695528548,1.0
Gldc,0.031301156,17.107038,0.9750293695528548,1.0
Lrrn4cl,0.031301156,16.63745,0.9750293695528548,1.0
Pdcd1,0.031301156,17.783516,0.9750293695528548,1.0
Ifi205,0.031301156,17.018824,0.9750293695528548,1.0
Pate2,0.031301156,17.006922,0.9750293695528548,1.0
Zfp442,0.031301156,16.344473,0.9750293695528548,1.0
Tmem150c,0.031301156,17.887772,0.9750293695528548,1.0
Igsf21,0.031301156,16.833344,0.9750293695528548,1.0
Thap8,0.031301156,17.89928,0.9750293695528548,1.0
Stk32a,0.031301156,16.330488,0.9750293695528548,1.0
Clip3,0.031301156,17.054996,0.9750293695528548,1.0
Fam20a,0.031301156,18.153664,0.9750293695528548,1.0
Gipc3,0.031301156,15.510603,0.9750293695528548,1.0
Tmprss11a,0.031301156,15.747156,0.9750293695528548,1.0
Plekhg4,0.031301156,17.713001,0.9750293695528548,1.0
Ifi214,0.031301156,17.37663,0.9750293695528548,1.0
Eid3,0.031131849,-1.129323,0.9751643901473666,1.0
Ift81,0.031064535,-1.0314015,0.9752180732322827,1.0
Arhgap24,0.030787118,-1.0426973,0.9754393137944919,1.0
Sh3d21,0.03076264,-0.9316605,0.9754588351115374,1.0
Car15,0.030656569,-1.1262625,0.975543427655114,1.0
Angptl8,0.029975267,-0.19536927,0.9760867785863286,1.0
Tspan4,0.029918151,-0.7975696,0.9761323294714089,1.0
Rasl2-9,0.029885514,-0.69357747,0.9761583585835543,1.0
Fn3k,0.029848797,-1.3671684,0.9761876413650632,1.0
Zc3hav1l,0.029844718,-1.1659336,0.9761908950094349,1.0
Hepacam,0.02982024,-1.4750276,0.976210416883982,1.0
Fxyd5,0.029528545,-1.2976017,0.9764430536490826,1.0
Rgs12,0.029526504,-1.1271105,0.9764446804866861,1.0
Nmb,0.028688135,-0.1398912,0.977113318959265,1.0
Cacna1c,0.0286351,-0.71690124,0.9771556178025796,1.0
Sval3,0.028598383,-1.0404993,0.97718490165482,1.0
Alox5ap,0.028441316,-0.4780261,0.9773101718138114,1.0
Dusp22,0.028147582,-0.8890095,0.9775444447794209,1.0
Slc16a11,0.0281435,-1.1691996,0.9775476985842947,1.0
Fam111a,0.027786532,-1.1054293,0.9778324079511898,1.0
Ephx1,0.027598867,-0.9738711,0.9779820848675057,1.0
Ocm,0.027417323,0.3804578,0.9781268817525857,1.0
Sla,0.027380606,-0.35020426,0.9781561666036368,1.0
Atp8b2,0.027360208,-0.54150164,0.9781724359780558,1.0
Myo1f,0.027352048,-0.30430096,0.9781789437303663,1.0
Gpr171,0.027347969,-0.59684646,0.978182197607066,1.0
Bcam,0.02733369,-1.4310688,0.9781935861783742,1.0
Fat2,0.027315332,-1.0799776,0.9782082286337296,1.0
Pcdhgc5,0.027303092,-1.7135783,0.9782179902747129,1.0
Cenpf,0.026417807,-0.97356784,0.9789240908651491,1.0
Ska1,0.026342334,-0.93057734,0.9789842891526739,1.0
Paox,0.026101634,-0.048683118,0.9791762736782776,1.0
Mmp7,0.026097555,-0.08582885,0.9791795276637144,1.0
Smim38,0.026093476,-0.22891062,0.9791827816494976,1.0
Cxcl10,0.026085315,-0.12765601,0.9791892896221029,1.0
Akt3,0.026081236,-0.48339093,0.9791925436089252,1.0
Ulbp1,0.026073076,-0.49252185,0.9791990515836082,1.0
Pdx1,0.026068997,-0.25955155,0.9792023055714688,1.0
Fam71e1,0.026064917,-0.44998235,0.9792055595596757,1.0
Mxra7,0.026052678,-0.80787045,0.9792153215263719,1.0
Tnnt2,0.026048599,-1.2371079,0.9792185755159624,1.0
Trim29,0.02603024,-0.2724489,0.9792332184733982,1.0
Spon2,0.025818098,-0.6584598,0.9794024264879079,1.0
Gnb1l,0.02581402,-0.74552494,0.9794056804972939,1.0
Fry,0.025022564,-0.9493212,0.9800369647342577,1.0
H2-DMa,0.025014406,-1.3023169,0.9800434728849625,1.0
Cd200r1,0.024806343,0.6614238,0.9802094311755443,1.0
Nsg2,0.024794105,0.13573344,0.9802191934546763,1.0
Rhbdl3,0.024794105,0.3908321,0.9802191934546763,1.0
Serp2,0.024785945,-0.058050256,0.9802257016424103,1.0
Cyp2c70,0.024785945,-0.1516027,0.9802257016424103,1.0
Syne4,0.024777787,0.23074168,0.9802322098314604,1.0
Cavin4,0.024773706,-0.29354626,0.980235463926479,1.0
Adgrg6,0.024773706,-0.3144523,0.980235463926479,1.0
Lrrc27,0.024765547,-0.59221196,0.9802419721175025,1.0
Syt13,0.024765547,-0.5097149,0.9802419721175025,1.0
Zfp30,0.024765547,-0.44524235,0.9802419721175025,1.0
Efhb,0.024765547,-0.9134196,0.9802419721175025,1.0
Cst7,0.024761468,-0.77667147,0.9802452262135075,1.0
Cd101,0.024757387,-1.2603481,0.9802484803098412,1.0
Gimap5,0.024757387,-1.0385097,0.9802484803098412,1.0
Zfp423,0.024753308,-1.5774052,0.9802517344065036,1.0
Mical1,0.024206635,-0.6816027,0.9806877863098803,1.0
Arhgef40,0.024173997,-0.8776419,0.9807138194431604,1.0
Mia,0.023921058,-1.2920011,0.9809155769203819,1.0
H2-M2,0.023502894,0.95461494,0.9812491302595443,1.0
Abcg1,0.023486575,0.31636518,0.9812621470420587,1.0
Kifc5b,0.023478417,1.0352299,0.9812686554351869,1.0
H2-Eb2,0.023478417,-0.7346135,0.9812686554351869,1.0
Klri1,0.023478417,0.26055792,0.9812686554351869,1.0
Gcsam,0.023478417,-0.1042378,0.9812686554351869,1.0
Fgfr1,0.023478417,-0.49674392,0.9812686554351869,1.0
Frem2,0.023478417,0.16946673,0.9812686554351869,1.0
Hes5,0.023478417,-0.10256019,0.9812686554351869,1.0
Apba1,0.023474336,-0.6877658,0.9812719096322187,1.0
Cd4,0.023474336,-0.49782637,0.9812719096322187,1.0
Gfi1b,0.023474336,-0.386981,0.9812719096322187,1.0
Ank1,0.023474336,-0.2889962,0.9812719096322187,1.0
Scn3b,0.023474336,-0.06333835,0.9812719096322187,1.0
Vwa1,0.023474336,0.4116118,0.9812719096322187,1.0
Apol11a,0.023470256,-0.6194198,0.9812751638295619,1.0
H2-Ob,0.023470256,-0.56097156,0.9812751638295619,1.0
Zglp1,0.023470256,-0.91105783,0.9812751638295619,1.0
Gnao1,0.023470256,-0.05944554,0.9812751638295619,1.0
Klf1,0.023470256,-0.9636218,0.9812751638295619,1.0
Tnfrsf26,0.023466177,-0.23186013,0.9812784180272169,1.0
Tmem88,0.023466177,-0.70731467,0.9812784180272169,1.0
Dnd1,0.023466177,-1.3061695,0.9812784180272169,1.0
Ifi204,0.023466177,-0.33284107,0.9812784180272169,1.0
Morn4,0.023466177,-0.81176716,0.9812784180272169,1.0
Trbv2,0.023466177,-0.8162237,0.9812784180272169,1.0
Gpr75,0.023466177,-0.99389327,0.9812784180272169,1.0
Ebf3,0.023466177,-1.1635174,0.9812784180272169,1.0
Baiap3,0.023466177,-1.0426867,0.9812784180272169,1.0
Onecut2,0.023466177,-0.821028,0.9812784180272169,1.0
Cep41,0.023402942,-0.06833535,0.9813288581306727,1.0
Id4,0.023349907,-0.63644916,0.9813711627911363,1.0
Nsl1,0.02270328,-1.1097022,0.9818869584058934,1.0
Meis1,0.022187205,1.7362006,0.9822986240721725,1.0
Cers3,0.022187205,2.150948,0.9822986240721725,1.0
Clec4a1,0.022183126,2.3445683,0.9823018783651373,1.0
Spire1,0.022183126,1.2994634,0.9823018783651373,1.0
Pheta2,0.022183126,1.4982888,0.9823018783651373,1.0
Cd86,0.022179045,1.7646656,0.9823051326583965,1.0
Kcnab3,0.022179045,1.2393714,0.9823051326583965,1.0
Guca1b,0.022179045,1.2389938,0.9823051326583965,1.0
Lypd3,0.022179045,1.3478606,0.9823051326583965,1.0
Mdfi,0.022179045,0.6392062,0.9823051326583965,1.0
Tbxas1,0.022179045,2.0663824,0.9823051326583965,1.0
Adgrf2,0.022179045,1.3767588,0.9823051326583965,1.0
Fitm1,0.022179045,1.2517097,0.9823051326583965,1.0
Tmem61,0.022174966,-0.41860515,0.9823083869519501,1.0
Pdzd9,0.022174966,0.29442346,0.9823083869519501,1.0
Htra3,0.022174966,0.519809,0.9823083869519501,1.0
Aldh1a3,0.022174966,0.21184438,0.9823083869519501,1.0
Cped1,0.022174966,0.8040736,0.9823083869519501,1.0
Chit1,0.022174966,1.1337854,0.9823083869519501,1.0
March1,0.022174966,0.62178636,0.9823083869519501,1.0
Ugt2b36,0.022174966,0.418634,0.9823083869519501,1.0
Stac,0.022174966,0.6932223,0.9823083869519501,1.0
Tex33,0.022174966,1.5530192,0.9823083869519501,1.0
Col3a1,0.022174966,0.49597445,0.9823083869519501,1.0
Btk,0.022174966,0.5828448,0.9823083869519501,1.0
Ms4a6c,0.022174966,0.08338114,0.9823083869519501,1.0
Ces2f,0.022174966,0.45056698,0.9823083869519501,1.0
Wdfy4,0.022174966,0.49444404,0.9823083869519501,1.0
Clcf1,0.022170886,-0.9375177,0.9823116412457982,1.0
Kynu,0.022170886,-0.74787587,0.9823116412457982,1.0
Kif5c,0.022170886,-0.0003605508,0.9823116412457982,1.0
Cnnm1,0.022170886,-0.7772557,0.9823116412457982,1.0
Mtfmt,0.022170886,-0.81080025,0.9823116412457982,1.0
Gem,0.022170886,-0.25885993,0.9823116412457982,1.0
Tnni3,0.022170886,-0.86721927,0.9823116412457982,1.0
Igf2bp3,0.022170886,-1.2107134,0.9823116412457982,1.0
Tsx,0.022170886,0.00727519,0.9823116412457982,1.0
Il7r,0.022170886,-0.5201691,0.9823116412457982,1.0
Trbv3,0.022170886,0.6061667,0.9823116412457982,1.0
Nkpd1,0.022170886,-0.13324058,0.9823116412457982,1.0
Snx22,0.022170886,-1.4341178,0.9823116412457982,1.0
Fgf10,0.022170886,0.24830832,0.9823116412457982,1.0
Fcgr2b,0.022170886,-1.9146734,0.9823116412457982,1.0
Prlh,0.022170886,-1.4181088,0.9823116412457982,1.0
Pianp,0.022170886,0.14668792,0.9823116412457982,1.0
Iffo1,0.022170886,-2.4443142,0.9823116412457982,1.0
Adcy7,0.022170886,-0.80120516,0.9823116412457982,1.0
Ffar1,0.022170886,-0.08613129,0.9823116412457982,1.0
Rnf17,0.022170886,0.06765656,0.9823116412457982,1.0
Rxfp4,0.022170886,-1.5064199,0.9823116412457982,1.0
Tekt2,0.022170886,-0.88704735,0.9823116412457982,1.0
Enah,0.022170886,-0.55113393,0.9823116412457982,1.0
Acot9,0.022170886,-1.5198923,0.9823116412457982,1.0
Epx,0.022170886,-0.7206207,0.9823116412457982,1.0
Lrrc17,0.022170886,-0.46377814,0.9823116412457982,1.0
Car7,0.022170886,-0.5886399,0.9823116412457982,1.0
Rbm11,0.022170886,-0.6010655,0.9823116412457982,1.0
Abcg3,0.022170886,-0.8528508,0.9823116412457982,1.0
Tmem130,0.022170886,-0.47658488,0.9823116412457982,1.0
Kctd14,0.022152528,-1.0911291,0.9823262855717563,1.0
Vps37d,0.022101533,-0.1823748,0.9823669642862066,1.0
Wfikkn1,0.021954665,-1.2528574,0.982484119239617,1.0
Sec14l2,0.021926107,-0.9799147,0.9825068994133933,1.0
Cd96,0.021922028,-1.3980671,0.9825101537250976,1.0
Cd7,0.021799637,-0.9394297,0.9826077832113206,1.0
Ccdc18,0.021589536,-1.2573516,0.9827753811025796,1.0
P4htm,0.020867437,15.957106,0.9833514029066355,1.0
Ces1h,0.020867437,15.747423,0.9833514029066355,1.0
Kirrel,0.020867437,15.49504,0.9833514029066355,1.0
Kcnj10,0.020867437,15.213762,0.9833514029066355,1.0
Exoc3l4,0.020867437,16.201462,0.9833514029066355,1.0
Glis1,0.020867437,17.060572,0.9833514029066355,1.0
Ina,0.020867437,16.438175,0.9833514029066355,1.0
Ifitm6,0.020867437,14.309849,0.9833514029066355,1.0
Dcdc2a,0.020867437,16.975838,0.9833514029066355,1.0
Dusp27,0.020867437,16.574911,0.9833514029066355,1.0
Ppp1r3c,0.020867437,15.784162,0.9833514029066355,1.0
Maneal,0.020867437,14.56395,0.9833514029066355,1.0
Tal2,0.020867437,15.386444,0.9833514029066355,1.0
Adam8,0.020867437,15.740053,0.9833514029066355,1.0
Sh2d5,0.020867437,17.130333,0.9833514029066355,1.0
Fcgr4,0.020867437,17.216,0.9833514029066355,1.0
Fam131a,0.020867437,15.429474,0.9833514029066355,1.0
Smim41,0.020867437,16.10853,0.9833514029066355,1.0
Nme9,0.020867437,15.452847,0.9833514029066355,1.0
Klhl4,0.020867437,16.146275,0.9833514029066355,1.0
Car3,0.020867437,16.232525,0.9833514029066355,1.0
Igfn1,0.020867437,16.681103,0.9833514029066355,1.0
Tmem269,0.020867437,14.581263,0.9833514029066355,1.0
Cysltr2,0.020867437,16.240967,0.9833514029066355,1.0
Spred3,0.020867437,15.67395,0.9833514029066355,1.0
Ntm,0.020867437,15.915296,0.9833514029066355,1.0
Fam124b,0.020867437,16.740751,0.9833514029066355,1.0
Hs6st2,0.020867437,16.52032,0.9833514029066355,1.0
Plac1,0.020867437,17.42353,0.9833514029066355,1.0
Slc5a11,0.020867437,16.867176,0.9833514029066355,1.0
Aldoa-1,0.020867437,16.18211,0.9833514029066355,1.0
Igfbp5,0.020867437,17.03482,0.9833514029066355,1.0
Relt,0.020867437,14.999259,0.9833514029066355,1.0
Zfp872,0.020867437,14.712718,0.9833514029066355,1.0
Necab2,0.020867437,15.662815,0.9833514029066355,1.0
Tgfb3,0.020867437,17.08594,0.9833514029066355,1.0
Tmem28,0.020867437,16.409859,0.9833514029066355,1.0
Gfra1,0.020867437,16.236525,0.9833514029066355,1.0
Syn1,0.020867437,15.537976,0.9833514029066355,1.0
Wdr93,0.020867437,15.287113,0.9833514029066355,1.0
Hdgfl3,0.020867437,16.20743,0.9833514029066355,1.0
Il10ra,0.020867437,15.9724455,0.9833514029066355,1.0
Ism2,0.020867437,15.859876,0.9833514029066355,1.0
Ldlrad1,0.020867437,17.219479,0.9833514029066355,1.0
Iqch,0.020867437,17.188921,0.9833514029066355,1.0
Kcnj13,0.020867437,16.085241,0.9833514029066355,1.0
Mmp20,0.020867437,16.265875,0.9833514029066355,1.0
Npl,0.020867437,17.529064,0.9833514029066355,1.0
Dnajc6,0.020867437,16.101934,0.9833514029066355,1.0
Basp1,0.020867437,17.120514,0.9833514029066355,1.0
Gprin2,0.020867437,16.171698,0.9833514029066355,1.0
Ankrd34b,0.020867437,17.220785,0.9833514029066355,1.0
Napsa,0.020867437,16.947392,0.9833514029066355,1.0
Mtmr2,0.020867437,15.37804,0.9833514029066355,1.0
Shisal2b,0.020867437,15.848285,0.9833514029066355,1.0
Angptl1,0.020867437,17.57471,0.9833514029066355,1.0
Ctla2a,0.020867437,16.991688,0.9833514029066355,1.0
Fbln5,0.020867437,16.442904,0.9833514029066355,1.0
Rgs9bp,0.020867437,16.345219,0.9833514029066355,1.0
Tshz3,0.020867437,15.839769,0.9833514029066355,1.0
Dok3,0.020867437,17.935047,0.9833514029066355,1.0
Rab39b,0.020867437,15.596006,0.9833514029066355,1.0
Fras1,0.020867437,16.92767,0.9833514029066355,1.0
Ccr10,0.020867437,13.249299,0.9833514029066355,1.0
Thbd,0.020867437,17.095125,0.9833514029066355,1.0
Igfbp7,0.020867437,16.217304,0.9833514029066355,1.0
Cd300lf,0.020867437,16.924198,0.9833514029066355,1.0
Btbd17,0.020867437,17.08057,0.9833514029066355,1.0
Ggt7,0.020867437,16.880991,0.9833514029066355,1.0
Pram1,0.020867437,15.806163,0.9833514029066355,1.0
Hils1,0.020867437,15.9851885,0.9833514029066355,1.0
Kcnip3,0.020867437,15.767571,0.9833514029066355,1.0
Tbx21,0.020867437,16.04781,0.9833514029066355,1.0
Neurod2,0.020867437,17.077826,0.9833514029066355,1.0
Hrg,0.020867437,16.246943,0.9833514029066355,1.0
Serpine1,0.020867437,16.71437,0.9833514029066355,1.0
Asgr1,0.020867437,16.337944,0.9833514029066355,1.0
Gp1ba,0.020867437,16.421255,0.9833514029066355,1.0
Mpig6b,0.020867437,15.504436,0.9833514029066355,1.0
Sit1,0.020867437,15.64778,0.9833514029066355,1.0
Fam166b,0.020867437,15.64995,0.9833514029066355,1.0
Hcar1,0.020867437,15.809864,0.9833514029066355,1.0
Hcar2,0.020867437,15.463245,0.9833514029066355,1.0
Map1a,0.020867437,16.003176,0.9833514029066355,1.0
Tgtp2,0.020867437,17.32233,0.9833514029066355,1.0
Rsph10b,0.020867437,16.418789,0.9833514029066355,1.0
Tspan18,0.020867437,16.511383,0.9833514029066355,1.0
Ubash3a,0.020867437,17.20578,0.9833514029066355,1.0
Stk32c,0.020867437,17.745852,0.9833514029066355,1.0
Fgf14,0.020867437,16.221315,0.9833514029066355,1.0
Kcnb2,0.020867437,17.257454,0.9833514029066355,1.0
Tex15,0.020867437,15.849162,0.9833514029066355,1.0
Mchr1,0.020867437,15.087064,0.9833514029066355,1.0
S100a9,0.020867437,16.641394,0.9833514029066355,1.0
S100a2,0.020867437,17.411125,0.9833514029066355,1.0
Ctla4,0.020867437,17.64719,0.9833514029066355,1.0
Comp,0.020867437,16.185566,0.9833514029066355,1.0
Armcx2,0.020867437,16.164227,0.9833514029066355,1.0
Il18rap,0.020867437,16.928938,0.9833514029066355,1.0
Rrh,0.020867437,15.510472,0.9833514029066355,1.0
Aoc3,0.020867437,16.32551,0.9833514029066355,1.0
Eqtn,0.020867437,16.457731,0.9833514029066355,1.0
Slc30a2,0.020867437,17.733982,0.9833514029066355,1.0
Zfp683,0.020867437,16.482985,0.9833514029066355,1.0
Hist1h2bp,0.020867437,16.84017,0.9833514029066355,1.0
Slc17a3,0.020867437,14.998672,0.9833514029066355,1.0
Nptx1,0.020867437,16.02834,0.9833514029066355,1.0
Slc26a4,0.020867437,17.18845,0.9833514029066355,1.0
Dact1,0.020867437,14.934463,0.9833514029066355,1.0
Mmp9,0.020867437,17.328505,0.9833514029066355,1.0
Tmod1,0.020867437,16.157066,0.9833514029066355,1.0
Cfap44,0.020867437,15.796807,0.9833514029066355,1.0
Hgd,0.020867437,16.225458,0.9833514029066355,1.0
Sstr5,0.020867437,15.488067,0.9833514029066355,1.0
F2rl3,0.020867437,15.014463,0.9833514029066355,1.0
Reep2,0.020867437,16.963362,0.9833514029066355,1.0
Arhgef25,0.020867437,17.457113,0.9833514029066355,1.0
P3h3,0.020867437,15.670195,0.9833514029066355,1.0
Clic3,0.020867437,16.676716,0.9833514029066355,1.0
Fut7,0.020867437,15.07202,0.9833514029066355,1.0
Wnt5b,0.020867437,16.600237,0.9833514029066355,1.0
Ly6k,0.020867437,17.269697,0.9833514029066355,1.0
Zfp248,0.020867437,16.819204,0.9833514029066355,1.0
Adarb1,0.020867437,16.070337,0.9833514029066355,1.0
Pcbp3,0.020867437,15.786881,0.9833514029066355,1.0
Hey2,0.020867437,16.054676,0.9833514029066355,1.0
Bhlhe41,0.020867437,16.078484,0.9833514029066355,1.0
Nlrp3,0.020867437,16.145954,0.9833514029066355,1.0
Klra2,0.020867437,17.019028,0.9833514029066355,1.0
Klra5,0.020867437,17.183748,0.9833514029066355,1.0
St8sia6,0.020867437,15.860484,0.9833514029066355,1.0
C1ql3,0.020867437,17.658842,0.9833514029066355,1.0
Spock2,0.020867437,16.818192,0.9833514029066355,1.0
Ms4a2,0.020867437,17.101507,0.9833514029066355,1.0
Olfr424,0.020867437,17.521936,0.9833514029066355,1.0
Ccr4,0.020867437,17.217272,0.9833514029066355,1.0
Fbxl2,0.020867437,16.866182,0.9833514029066355,1.0
Ccr8,0.020867437,15.363391,0.9833514029066355,1.0
Ceacam9,0.020867437,16.209652,0.9833514029066355,1.0
Entpd3,0.020867437,16.468138,0.9833514029066355,1.0
Clec3b,0.020867437,17.75863,0.9833514029066355,1.0
Ccn6,0.020867437,16.671124,0.9833514029066355,1.0
Prkar1b,0.020867437,15.2443695,0.9833514029066355,1.0
Clhc1,0.020867437,16.62669,0.9833514029066355,1.0
Ttc30a2,0.020867437,17.147696,0.9833514029066355,1.0
Opn1sw,0.020867437,15.455347,0.9833514029066355,1.0
Adam19,0.020867437,16.074648,0.9833514029066355,1.0
Cga,0.020867437,16.377893,0.9833514029066355,1.0
Cfap206,0.020867437,17.461653,0.9833514029066355,1.0
Mcpt4,0.020867437,17.381456,0.9833514029066355,1.0
Slc5a7,0.020867437,16.21286,0.9833514029066355,1.0
Cby3,0.020867437,17.775677,0.9833514029066355,1.0
Igkv8-30,0.020867437,16.96681,0.9833514029066355,1.0
Cyp27b1,0.020867437,14.682369,0.9833514029066355,1.0
Angptl2,0.020867437,17.169056,0.9833514029066355,1.0
Hrh4,0.020867437,16.734846,0.9833514029066355,1.0
Kcnj3,0.020867437,16.804913,0.9833514029066355,1.0
Gck,0.020867437,16.346085,0.9833514029066355,1.0
Lhx3,0.020867437,18.027943,0.9833514029066355,1.0
Lhfpl4,0.020867437,15.850043,0.9833514029066355,1.0
Spink5,0.020867437,16.471018,0.9833514029066355,1.0
Plk5,0.020867437,15.893703,0.9833514029066355,1.0
Brd3os,0.020867437,15.320475,0.9833514029066355,1.0
Chst13,0.020867437,16.69445,0.9833514029066355,1.0
Glt8d2,0.020867437,15.595139,0.9833514029066355,1.0
Phf11a,0.020867437,15.999392,0.9833514029066355,1.0
Pcdhgb1,0.020867437,17.034897,0.9833514029066355,1.0
Pcdhb18,0.020867437,15.686607,0.9833514029066355,1.0
Il12rb2,0.020867437,16.250208,0.9833514029066355,1.0
Ovgp1,0.02071037,-1.0607386,0.9834766969446038,1.0
Boc,0.020559423,-0.9930445,0.9835971097807762,1.0
Mthfd2,0.019780207,-0.9960906,0.9842187062505153,1.0
Sphk1,0.019621102,0.3106922,0.9843456302800543,1.0
Gbp5,0.019588465,-0.1728155,0.9843716660275026,1.0
Bbs1,0.019555828,-0.09630783,0.9843977017915959,1.0
Boll,0.01952319,-0.6498747,0.9844237375723065,1.0
Zc4h2,0.019506872,-0.40299818,0.9844367554688846,1.0
Hist1h2af,0.019486474,-0.6111009,0.9844530278454343,1.0
Mns1,0.019482393,-0.8947669,0.9844562823215206,1.0
Trmt9b,0.019474234,-1.0293466,0.9844627912744692,1.0
Zfp607b,0.019470155,-1.2018185,0.9844660457513313,1.0
Plekhs1,0.019470155,-0.9315486,0.9844660457513313,1.0
Cpe,0.019013233,-0.8729947,0.9848305487830555,1.0
Hist1h3g,0.018258497,-0.27154112,0.9854326365827316,1.0
Pcdhgb2,0.018205462,-0.7558126,0.9854749457711394,1.0
Myrfl,0.018201381,-0.82021654,0.9854782003257874,1.0
BC049762,0.018189143,-1.087022,0.9854879639911812,1.0
Rfx6,0.018185062,-0.96131176,0.9854912185467957,1.0
Kbtbd6,0.018180983,-1.0066171,0.9854944731026515,1.0
Cyp2u1,0.017974962,-0.5987974,0.9856588284861154,1.0
Rgs11,0.016969325,0.007902702,0.9864610866379506,1.0
Dtx3,0.016940769,-0.45650357,0.9864838690204505,1.0
Ppp1r32,0.01692037,-0.58685315,0.9865001421575567,1.0
Fcna,0.01690405,0.16834483,0.986513160671286,1.0
Btn1a1,0.01690405,-0.9156343,0.986513160671286,1.0
Noxred1,0.01690405,-1.5167546,0.986513160671286,1.0
Grpr,0.016630715,-0.67751205,0.9867312213073959,1.0
Zfp420,0.016508324,-1.1677423,0.9868288607204558,1.0
Shf,0.016169714,-0.86719716,0.9870989974533505,1.0
Hist1h3a,0.016149316,-0.73067015,0.9871152707980566,1.0
Cenpn,0.016116679,-0.815922,0.987141308160734,1.0
Smpdl3b,0.016035086,-0.9909977,0.9872064016272857,1.0
Col15a1,0.015676076,0.35209373,0.9874928138860428,1.0
Cyth4,0.015659757,-0.09297386,0.9875058326636554,1.0
Stx1a,0.015647518,-0.3319097,0.9875155967490483,1.0
Dync1i1,0.015643438,-0.48690748,0.9875188514445948,1.0
Nos2,0.01563936,-0.71339434,0.9875221061403491,1.0
Efhd1,0.015635278,-0.5599948,0.987525360836311,1.0
Calr3,0.015635278,-0.7555433,0.987525360836311,1.0
Gpr27,0.015631199,-0.89681494,0.9875286155324806,1.0
Gngt1,0.01562712,-1.0975837,0.9875318702288577,1.0
Gpr18,0.01561488,-1.3151404,0.9875416343192338,1.0
Msi1,0.01561488,-1.2787335,0.9875416343192338,1.0
C4bp,0.015592442,-0.84022015,0.9875595351564352,1.0
Clca3a2,0.01550065,-1.2660497,0.9876327659191979,1.0
Espl1,0.015282389,-1.328758,0.9878068928168362,1.0
Ptpro,0.015080445,-0.8969745,0.9879680013984873,1.0
Chtf18,0.014705117,-1.0829228,0.9882674368284117,1.0
Urah,0.014572528,-0.89456594,0.9883732160459696,1.0
Prox1,0.0143624265,0.08428208,0.9885408358392781,1.0
Adamts9,0.014354267,-0.52488226,0.988547345356065,1.0
Tspan32,0.014350187,0.22729146,0.9885506001147445,1.0
Serpini1,0.014350187,-0.2739644,0.9885506001147445,1.0
Cald1,0.014346108,-0.9358406,0.9885538548736145,1.0
Adora2a,0.014342028,-0.8337116,0.9885571096326748,1.0
Ppp4r4,0.014342028,-1.0557896,0.9885571096326748,1.0
Dnajb3,0.0143379485,-0.8711394,0.9885603643919257,1.0
Cd164l2,0.014333868,-1.0202409,0.988563619151367,1.0
Samd13,0.014333868,-1.1874325,0.988563619151367,1.0
Rgs7,0.014333868,-1.2434936,0.988563619151367,1.0
Sh2d1b1,0.014329789,-1.7823423,0.9885668739109986,1.0
Acap1,0.014329789,-1.3021183,0.9885668739109986,1.0
Vmn2r57,0.014329789,-0.7686142,0.9885668739109986,1.0
Adh6a,0.014325709,-1.0450323,0.9885701286708205,1.0
Derl3,0.014325709,-2.251742,0.9885701286708205,1.0
Mras,0.014056452,-1.156827,0.9887849432370482,1.0
Fndc5,0.013615849,-1.0000145,0.9891364597283904,1.0
Gpr132,0.013069175,1.3149754,0.989572603484074,1.0
Syt6,0.013061016,1.0163908,0.9895791131162933,1.0
Acss3,0.013061016,0.8869962,0.9895791131162933,1.0
L3mbtl4,0.013052857,0.29175308,0.9895856227492063,1.0
Zik1,0.013052857,0.55755675,0.9895856227492063,1.0
Cd28,0.013048777,-0.6160315,0.9895888775659227,1.0
Nrtn,0.013048777,-0.032719564,0.9895888775659227,1.0
Shoc1,0.013048777,0.17468612,0.9895888775659227,1.0
Ccdc173,0.013048777,-0.34510154,0.9895888775659227,1.0
Eva1a,0.013048777,0.36204496,0.9895888775659227,1.0
Nr4a3,0.013044697,-0.33582237,0.9895921323828125,1.0
Cpa3,0.013044697,-0.51615846,0.9895921323828125,1.0
Egfl7,0.013044697,-0.17273505,0.9895921323828125,1.0
Lypd6,0.013040618,-0.69288623,0.9895953871998755,1.0
Rrad,0.013040618,-0.5669501,0.9895953871998755,1.0
Rab3b,0.013040618,-1.048245,0.9895953871998755,1.0
Llcfc1,0.013040618,-0.5014629,0.9895953871998755,1.0
Dnaaf1,0.013036538,-1.6892099,0.9895986420171117,1.0
Slc43a1,0.012891711,-1.0224555,0.9897141881407422,1.0
Lsp1,0.012793799,-1.1365173,0.9897923039523304,1.0
Fam149a,0.01277748,-0.98394126,0.9898053232637954,1.0
Ttpa,0.012371554,-0.83466554,0.9901291795012459,1.0
Klrb1,0.011751447,1.889228,0.990623917779836,1.0
Crybb1,0.011747367,1.124802,0.990627172649078,1.0
Arap3,0.011747367,0.88262326,0.990627172649078,1.0
Wnt10b,0.011747367,0.95512605,0.990627172649078,1.0
Myl4,0.011747367,1.7270042,0.990627172649078,1.0
Tmem200a,0.011747367,0.63929987,0.990627172649078,1.0
Reg1,0.011747367,1.2663642,0.990627172649078,1.0
Rnf223,0.011747367,1.7239596,0.990627172649078,1.0
Osmr,0.011747367,1.3083935,0.990627172649078,1.0
Cyp26b1,0.011743288,0.061045807,0.990630427518476,1.0
Gata3,0.011743288,0.54542047,0.990630427518476,1.0
Themis,0.011743288,1.0968924,0.990630427518476,1.0
Col1a1,0.011743288,0.27471063,0.990630427518476,1.0
Slc6a13,0.011743288,-0.08423182,0.990630427518476,1.0
Crabp2,0.011743288,1.1965809,0.990630427518476,1.0
Pde4c,0.011743288,0.7916654,0.990630427518476,1.0
Mageb3,0.011743288,0.16830255,0.990630427518476,1.0
Tlr13,0.011743288,-0.06903712,0.990630427518476,1.0
Tcrg-C1,0.011743288,1.0563977,0.990630427518476,1.0
Pcyt1b,0.011743288,0.46430537,0.990630427518476,1.0
Xlr3c,0.011743288,0.23710999,0.990630427518476,1.0
Trbv26,0.011743288,0.46458247,0.990630427518476,1.0
Serpinb8,0.011743288,0.45971024,0.990630427518476,1.0
Jcad,0.011743288,0.36455253,0.990630427518476,1.0
Apobr,0.011743288,0.829575,0.990630427518476,1.0
Pdxp,0.011743288,0.24663357,0.990630427518476,1.0
Ptger2,0.011743288,0.32655874,0.990630427518476,1.0
Tmigd3,0.011743288,0.36969513,0.990630427518476,1.0
Kcnip2,0.011743288,0.26506603,0.990630427518476,1.0
Tnfrsf13c,0.011743288,-0.1607601,0.990630427518476,1.0
Cfh,0.011743288,0.077789254,0.990630427518476,1.0
Mcoln3,0.011743288,0.41585255,0.990630427518476,1.0
Erich5,0.011743288,0.81446695,0.990630427518476,1.0
Ccl3,0.011743288,0.68810934,0.990630427518476,1.0
Scn8a,0.011739208,0.058745038,0.9906336823880298,1.0
Agtr1a,0.011739208,0.32705757,0.9906336823880298,1.0
Slc22a29,0.011739208,-1.0323395,0.9906336823880298,1.0
Clec2f,0.011739208,-0.7238804,0.9906336823880298,1.0
Pald1,0.011739208,-1.3594823,0.9906336823880298,1.0
Klrb1c,0.011739208,-0.8479868,0.9906336823880298,1.0
Notch3,0.011739208,-0.8954603,0.9906336823880298,1.0
Cfap53,0.011739208,-3.2259715,0.9906336823880298,1.0
Zbed5,0.011739208,0.16849001,0.9906336823880298,1.0
Tlr8,0.011739208,-0.7084481,0.9906336823880298,1.0
Sbpl,0.011739208,-0.27355096,0.9906336823880298,1.0
Cyp4a30b,0.011739208,-1.5644779,0.9906336823880298,1.0
Shank3,0.011739208,-1.8328974,0.9906336823880298,1.0
Catsperg1,0.011739208,-0.16917087,0.9906336823880298,1.0
Pcdh7,0.011739208,-0.08765976,0.9906336823880298,1.0
Rab3c,0.011739208,0.008807373,0.9906336823880298,1.0
Sorbs3,0.011739208,-0.048262622,0.9906336823880298,1.0
Golga7b,0.011739208,-0.6605378,0.9906336823880298,1.0
Hip1,0.011739208,-0.58055586,0.9906336823880298,1.0
Irx4,0.011739208,-1.7941327,0.9906336823880298,1.0
Rcn3,0.011739208,-1.3754387,0.9906336823880298,1.0
Lrrn1,0.011739208,-1.4336877,0.9906336823880298,1.0
Card9,0.011739208,-0.98329407,0.9906336823880298,1.0
Rtkn2,0.011739208,-0.43385714,0.9906336823880298,1.0
Lrrc36,0.011739208,-0.006926542,0.9906336823880298,1.0
Slc16a4,0.011739208,-1.0149593,0.9906336823880298,1.0
Gata4,0.011739208,-1.3454729,0.9906336823880298,1.0
Pcdhb4,0.011739208,-0.9489637,0.9906336823880298,1.0
Atp1b2,0.011739208,-0.16384855,0.9906336823880298,1.0
Lgals1,0.011739208,-0.2352369,0.9906336823880298,1.0
Tmem45a,0.011739208,0.13943002,0.9906336823880298,1.0
Rbm12b1,0.011739208,-1.1702938,0.9906336823880298,1.0
Pkd1l3,0.011739208,-2.1599793,0.9906336823880298,1.0
Dner,0.011739208,0.103908926,0.9906336823880298,1.0
Apon,0.011739208,-0.5147274,0.9906336823880298,1.0
Itga10,0.011739208,-1.9700801,0.9906336823880298,1.0
Cdkl4,0.011739208,-0.46702158,0.9906336823880298,1.0
Serpinh1,0.011739208,-1.651602,0.9906336823880298,1.0
Kif1a,0.011739208,-1.2181158,0.9906336823880298,1.0
Dnah17,0.011739208,-1.0050418,0.9906336823880298,1.0
Ehd3,0.011739208,-0.2719514,0.9906336823880298,1.0
Sparc,0.011739208,-0.44431227,0.9906336823880298,1.0
Wasf1,0.011739208,-0.6705479,0.9906336823880298,1.0
Mymx,0.011739208,-0.37017146,0.9906336823880298,1.0
Lair1,0.011739208,-1.1858094,0.9906336823880298,1.0
Hsf2bp,0.011739208,-3.356839,0.9906336823880298,1.0
C8g,0.011641297,-0.54641944,0.9907117993039629,1.0
Gpc1,0.011576022,-1.121379,0.9907638772974307,1.0
Dok7,0.011551544,-1.125198,0.9907834065551383,1.0
Agt,0.0112782065,-0.7777264,0.9910014836386287,1.0
Wdr5b,0.010794768,-0.87030363,0.991387188772828,1.0
Tdo2,0.010433719,15.6484785,0.9916752483555529,1.0
Zfp114,0.010433719,14.551779,0.9916752483555529,1.0
Plcxd1,0.010433719,12.557144,0.9916752483555529,1.0
Tgfbr3,0.010433719,15.770622,0.9916752483555529,1.0
Lrrc10b,0.010433719,16.031345,0.9916752483555529,1.0
Dhtkd1,0.010433719,16.568964,0.9916752483555529,1.0
Spx,0.010433719,16.822227,0.9916752483555529,1.0
Gtsf1,0.010433719,15.872567,0.9916752483555529,1.0
Tlr12,0.010433719,17.158003,0.9916752483555529,1.0
Dlgap3,0.010433719,16.383669,0.9916752483555529,1.0
Fam167b,0.010433719,15.74966,0.9916752483555529,1.0
Brsk1,0.010433719,14.930075,0.9916752483555529,1.0
Bend6,0.010433719,14.342922,0.9916752483555529,1.0
Art4,0.010433719,12.547022,0.9916752483555529,1.0
Enpp6,0.010433719,15.418437,0.9916752483555529,1.0
Dnah9,0.010433719,14.107596,0.9916752483555529,1.0
Arhgap23,0.010433719,15.241174,0.9916752483555529,1.0
Ssc5d,0.010433719,15.194995,0.9916752483555529,1.0
Cul9,0.010433719,15.594204,0.9916752483555529,1.0
Sgce,0.010433719,12.866094,0.9916752483555529,1.0
Dnajb13,0.010433719,15.941052,0.9916752483555529,1.0
Aatk,0.010433719,15.413632,0.9916752483555529,1.0
Crip3,0.010433719,15.444552,0.9916752483555529,1.0
Havcr1,0.010433719,16.003942,0.9916752483555529,1.0
Jph4,0.010433719,15.929687,0.9916752483555529,1.0
Myl9,0.010433719,13.359028,0.9916752483555529,1.0
Fezf1,0.010433719,16.646255,0.9916752483555529,1.0
Zfyve28,0.010433719,16.70163,0.9916752483555529,1.0
Treml4,0.010433719,16.361221,0.9916752483555529,1.0
Emilin2,0.010433719,15.690625,0.9916752483555529,1.0
Wdr86,0.010433719,15.554181,0.9916752483555529,1.0
Myo3b,0.010433719,15.43265,0.9916752483555529,1.0
Gabrb2,0.010433719,14.737412,0.9916752483555529,1.0
Sntg2,0.010433719,14.827414,0.9916752483555529,1.0
Zfp449,0.010433719,15.823767,0.9916752483555529,1.0
Rnase12,0.010433719,15.708294,0.9916752483555529,1.0
Tekt4,0.010433719,15.977082,0.9916752483555529,1.0
Krt31,0.010433719,15.169809,0.9916752483555529,1.0
Hsd17b1,0.010433719,16.40278,0.9916752483555529,1.0
Pdia2,0.010433719,14.488999,0.9916752483555529,1.0
Ugt1a8,0.010433719,14.282672,0.9916752483555529,1.0
Tmem249,0.010433719,12.2331705,0.9916752483555529,1.0
Carmil3,0.010433719,15.264439,0.9916752483555529,1.0
Srpk3,0.010433719,15.725442,0.9916752483555529,1.0
Adgre4,0.010433719,16.361221,0.9916752483555529,1.0
Timm8a2,0.010433719,15.097557,0.9916752483555529,1.0
Ceacam16,0.010433719,14.747865,0.9916752483555529,1.0
Apol10b,0.010433719,14.440143,0.9916752483555529,1.0
Mcam,0.010433719,14.399489,0.9916752483555529,1.0
Atp6v0a4,0.010433719,16.327965,0.9916752483555529,1.0
Pfn4,0.010433719,15.637523,0.9916752483555529,1.0
Trbv13-1,0.010433719,15.025848,0.9916752483555529,1.0
Clec5a,0.010433719,16.009932,0.9916752483555529,1.0
Wee2,0.010433719,14.930075,0.9916752483555529,1.0
Igfbp3,0.010433719,15.042113,0.9916752483555529,1.0
Abi3bp,0.010433719,14.950014,0.9916752483555529,1.0
Igfbpl1,0.010433719,13.918115,0.9916752483555529,1.0
Tmc3,0.010433719,15.148042,0.9916752483555529,1.0
Zfp300,0.010433719,14.587495,0.9916752483555529,1.0
Timp1,0.010433719,15.896997,0.9916752483555529,1.0
Actr3b,0.010433719,13.912875,0.9916752483555529,1.0
Trbv31,0.010433719,13.886653,0.9916752483555529,1.0
Zeb2,0.010433719,13.2881975,0.9916752483555529,1.0
Mmp19,0.010433719,13.70992,0.9916752483555529,1.0
Sema3d,0.010433719,15.279075,0.9916752483555529,1.0
Csf2rb,0.010433719,15.554181,0.9916752483555529,1.0
Colq,0.010433719,16.650023,0.9916752483555529,1.0
Galr3,0.010433719,12.977568,0.9916752483555529,1.0
Cpeb1,0.010433719,15.489085,0.9916752483555529,1.0
St3gal2,0.010433719,16.643251,0.9916752483555529,1.0
Ar,0.010433719,14.767673,0.9916752483555529,1.0
Atp6v0d2,0.010433719,15.489085,0.9916752483555529,1.0
Prcd,0.010433719,14.440143,0.9916752483555529,1.0
Galnt18,0.010433719,14.304764,0.9916752483555529,1.0
Trim67,0.010433719,14.723717,0.9916752483555529,1.0
Rragd,0.010433719,15.356929,0.9916752483555529,1.0
Ly6i,0.010433719,15.401393,0.9916752483555529,1.0
Flt3,0.010433719,15.696489,0.9916752483555529,1.0
Scrn1,0.010433719,14.930075,0.9916752483555529,1.0
Aebp1,0.010433719,16.490967,0.9916752483555529,1.0
Retnla,0.010433719,14.378647,0.9916752483555529,1.0
Wfdc6b,0.010433719,15.7291975,0.9916752483555529,1.0
Klhl14,0.010433719,16.45022,0.9916752483555529,1.0
Perm1,0.010433719,14.908312,0.9916752483555529,1.0
Snai1,0.010433719,15.139625,0.9916752483555529,1.0
Kcnb1,0.010433719,14.067671,0.9916752483555529,1.0
Apoa5,0.010433719,11.8054905,0.9916752483555529,1.0
Fam169b,0.010433719,14.410248,0.9916752483555529,1.0
Kif7,0.010433719,13.43705,0.9916752483555529,1.0
Tagln3,0.010433719,16.932251,0.9916752483555529,1.0
Snca,0.010433719,16.209719,0.9916752483555529,1.0
Ifng,0.010433719,16.50821,0.9916752483555529,1.0
Serpina3f,0.010433719,15.472414,0.9916752483555529,1.0
Spo11,0.010433719,16.184233,0.9916752483555529,1.0
Dram1,0.010433719,15.122452,0.9916752483555529,1.0
Cass4,0.010433719,16.723053,0.9916752483555529,1.0
Asphd1,0.010433719,16.234062,0.9916752483555529,1.0
Tns1,0.010433719,13.23989,0.9916752483555529,1.0
Kcna2,0.010433719,16.035574,0.9916752483555529,1.0
Kcna3,0.010433719,13.3180485,0.9916752483555529,1.0
Ank2,0.010433719,13.872346,0.9916752483555529,1.0
Prss12,0.010433719,14.138103,0.9916752483555529,1.0
Adprhl1,0.010433719,14.613686,0.9916752483555529,1.0
Pvrig,0.010433719,15.72807,0.9916752483555529,1.0
Cd300c2,0.010433719,14.439539,0.9916752483555529,1.0
Nlgn3,0.010433719,15.612406,0.9916752483555529,1.0
Cbln4,0.010433719,16.383669,0.9916752483555529,1.0
Calhm3,0.010433719,16.546534,0.9916752483555529,1.0
Habp2,0.010433719,14.458996,0.9916752483555529,1.0
Amz1,0.010433719,15.554181,0.9916752483555529,1.0
Pirt,0.010433719,15.253427,0.9916752483555529,1.0
Msrb3,0.010433719,16.919928,0.9916752483555529,1.0
Col27a1,0.010433719,15.029498,0.9916752483555529,1.0
Cstad,0.010433719,14.355111,0.9916752483555529,1.0
Pcdhb17,0.010433719,16.488808,0.9916752483555529,1.0
Hrh3,0.010433719,15.612406,0.9916752483555529,1.0
Cfap100,0.010433719,16.322697,0.9916752483555529,1.0
Gata2,0.010433719,16.691446,0.9916752483555529,1.0
Unc79,0.010433719,15.804564,0.9916752483555529,1.0
Ntrk3,0.010433719,15.752716,0.9916752483555529,1.0
Mamstr,0.010433719,17.348436,0.9916752483555529,1.0
Kcnj14,0.010433719,14.101261,0.9916752483555529,1.0
Tnc,0.010433719,16.616526,0.9916752483555529,1.0
Klk10,0.010433719,16.013168,0.9916752483555529,1.0
F2rl2,0.010433719,16.581758,0.9916752483555529,1.0
Adamtsl2,0.010433719,14.798977,0.9916752483555529,1.0
Rab7b,0.010433719,15.416634,0.9916752483555529,1.0
Ak8,0.010433719,17.090328,0.9916752483555529,1.0
Fndc11,0.010433719,15.468355,0.9916752483555529,1.0
Fetub,0.010433719,15.391324,0.9916752483555529,1.0
Kif17,0.010433719,15.321388,0.9916752483555529,1.0
Aqp9,0.010433719,15.554181,0.9916752483555529,1.0
Cpt1c,0.010433719,16.405268,0.9916752483555529,1.0
Adamts6,0.010433719,13.3180485,0.9916752483555529,1.0
Hcn4,0.010433719,14.247516,0.9916752483555529,1.0
Sult4a1,0.010433719,15.405262,0.9916752483555529,1.0
Lzts1,0.010433719,14.585654,0.9916752483555529,1.0
Lrrc25,0.010433719,15.977082,0.9916752483555529,1.0
Mef2b,0.010433719,16.273409,0.9916752483555529,1.0
Crlf1,0.010433719,15.745086,0.9916752483555529,1.0
Chrdl1,0.010433719,13.150464,0.9916752483555529,1.0
Hlf,0.010433719,14.717284,0.9916752483555529,1.0
Zbtb46,0.010433719,14.777967,0.9916752483555529,1.0
Jakmip2,0.010433719,13.780565,0.9916752483555529,1.0
Mos,0.010433719,17.323679,0.9916752483555529,1.0
Apom,0.010433719,14.89371,0.9916752483555529,1.0
Ankrd63,0.010433719,14.038153,0.9916752483555529,1.0
Kcnrg,0.010433719,14.080543,0.9916752483555529,1.0
Inka2,0.010433719,15.277441,0.9916752483555529,1.0
Ntn1,0.010433719,17.111315,0.9916752483555529,1.0
Sfta2,0.010433719,13.325123,0.9916752483555529,1.0
Itgb3,0.010433719,16.115564,0.9916752483555529,1.0
Bcl6b,0.010433719,15.833064,0.9916752483555529,1.0
Actl6b,0.010433719,15.433257,0.9916752483555529,1.0
Amh,0.010433719,15.091818,0.9916752483555529,1.0
Il5ra,0.010433719,16.935114,0.9916752483555529,1.0
Klk1b11,0.010433719,16.383669,0.9916752483555529,1.0
Mybpc2,0.010433719,13.616898,0.9916752483555529,1.0
Fam81a,0.010433719,16.20704,0.9916752483555529,1.0
Mag,0.010433719,15.1297865,0.9916752483555529,1.0
Lrp3,0.010433719,14.739087,0.9916752483555529,1.0
Panx2,0.010433719,16.067484,0.9916752483555529,1.0
Trim46,0.010433719,16.546534,0.9916752483555529,1.0
Duox1,0.010433719,14.79355,0.9916752483555529,1.0
Angpt1,0.010433719,15.554181,0.9916752483555529,1.0
Cthrc1,0.010433719,15.973481,0.9916752483555529,1.0
Drd4,0.010433719,15.253695,0.9916752483555529,1.0
Drp2,0.010433719,15.83957,0.9916752483555529,1.0
Nanos3,0.010433719,15.491302,0.9916752483555529,1.0
Podnl1,0.010433719,12.3088665,0.9916752483555529,1.0
Chil3,0.010433719,16.262205,0.9916752483555529,1.0
Tnni2,0.010433719,14.4662075,0.9916752483555529,1.0
Brsk2,0.010433719,15.517858,0.9916752483555529,1.0
Itgb1bp2,0.010433719,16.473627,0.9916752483555529,1.0
Fam24b,0.010433719,15.759621,0.9916752483555529,1.0
Tmem119,0.010433719,14.950014,0.9916752483555529,1.0
Tspoap1,0.010433719,16.132656,0.9916752483555529,1.0
Fkbp10,0.010433719,16.01827,0.9916752483555529,1.0
Pacsin1,0.010433719,14.915037,0.9916752483555529,1.0
Gpr141,0.010433719,16.251099,0.9916752483555529,1.0
C1qc,0.010433719,14.276325,0.9916752483555529,1.0
Tdrd5,0.010433719,14.551779,0.9916752483555529,1.0
Chst2,0.010433719,15.901681,0.9916752483555529,1.0
Zfp365,0.010433719,15.385729,0.9916752483555529,1.0
C3ar1,0.010433719,14.026107,0.9916752483555529,1.0
Lcn4,0.010433719,16.615059,0.9916752483555529,1.0
C2cd4c,0.010433719,15.55584,0.9916752483555529,1.0
Aire,0.010433719,15.7038555,0.9916752483555529,1.0
Tprg,0.010433719,14.45548,0.9916752483555529,1.0
P2rx6,0.010433719,16.689108,0.9916752483555529,1.0
Lrrc74b,0.010433719,16.153563,0.9916752483555529,1.0
Fbxo27,0.010433719,16.778728,0.9916752483555529,1.0
Aoah,0.010433719,17.25022,0.9916752483555529,1.0
Aif1,0.010433719,15.489085,0.9916752483555529,1.0
Ccl4,0.010433719,14.409064,0.9916752483555529,1.0
Cux2,0.010433719,14.728329,0.9916752483555529,1.0
Ppef2,0.010433719,14.448322,0.9916752483555529,1.0
Rnf151,0.010433719,13.146343,0.9916752483555529,1.0
Rprml,0.010433719,14.843551,0.9916752483555529,1.0
Kdr,0.010433719,14.933271,0.9916752483555529,1.0
Syngr3,0.010433719,15.722818,0.9916752483555529,1.0
P2rx1,0.010433719,14.761606,0.9916752483555529,1.0
Scimp,0.010433719,14.638455,0.9916752483555529,1.0
Rilpl1,0.010433719,14.641234,0.9916752483555529,1.0
Fbxo43,0.010433719,15.0163145,0.9916752483555529,1.0
Gnrh1,0.010433719,16.297249,0.9916752483555529,1.0
Dmtn,0.010433719,14.488999,0.9916752483555529,1.0
Tcrg-V6,0.010433719,16.63801,0.9916752483555529,1.0
Cidea,0.010433719,14.501084,0.9916752483555529,1.0
Tmem26,0.010433719,16.63056,0.9916752483555529,1.0
Tmem121b,0.010433719,17.04109,0.9916752483555529,1.0
Trpc3,0.010433719,15.290564,0.9916752483555529,1.0
A2ml1,0.010433719,14.153232,0.9916752483555529,1.0
Inka1,0.010433719,17.10243,0.9916752483555529,1.0
Ccdc184,0.010433719,15.797828,0.9916752483555529,1.0
Axl,0.010433719,16.490967,0.9916752483555529,1.0
Gsdma2,0.010433719,13.001246,0.9916752483555529,1.0
Cplx1,0.010433719,14.367692,0.9916752483555529,1.0
Pi16,0.010433719,15.965859,0.9916752483555529,1.0
Cryba4,0.010433719,14.240929,0.9916752483555529,1.0
Tex29,0.010433719,15.695022,0.9916752483555529,1.0
Gprasp2,0.010433719,14.845154,0.9916752483555529,1.0
Ptger1,0.010433719,15.1297865,0.9916752483555529,1.0
Tnfsf11,0.010433719,16.257196,0.9916752483555529,1.0
Clec2g,0.010433719,14.327899,0.9916752483555529,1.0
Galr1,0.010433719,15.577921,0.9916752483555529,1.0
Ccdc8,0.010433719,16.937983,0.9916752483555529,1.0
Slc27a5,0.010433719,13.952859,0.9916752483555529,1.0
Zscan18,0.010433719,14.93669,0.9916752483555529,1.0
Mlf1,0.010433719,13.334819,0.9916752483555529,1.0
F13a1,0.010433719,14.503924,0.9916752483555529,1.0
Tgm4,0.010433719,17.375238,0.9916752483555529,1.0
Tbkbp1,0.010433719,14.37215,0.9916752483555529,1.0
P2ry13,0.010433719,16.693789,0.9916752483555529,1.0
Taar8b,0.010433719,16.395966,0.9916752483555529,1.0
Ms4a6d,0.010433719,15.340041,0.9916752483555529,1.0
S1pr3,0.010433719,16.54584,0.9916752483555529,1.0
Itga9,0.010433719,14.950014,0.9916752483555529,1.0
Psg26,0.010433719,15.815733,0.9916752483555529,1.0
Pdzrn3,0.010378643,-0.48211208,0.9917191897441561,1.0
Prickle1,0.010341926,-0.9305505,0.9917484840171871,1.0
Gimap7,0.010337846,-0.7909825,0.9917517389371001,1.0
Npc1l1,0.010329687,-0.9758878,0.991758248777338,1.0
Sun2,0.01030113,-0.7052871,0.9917810332224885,1.0
Gins1,0.010160381,-1.0827748,0.9918933280854405,1.0
Timeless,0.009964558,-0.8060901,0.9920495646831622,1.0
Itln1,0.0091343485,-1.1249269,0.9927119460731386,1.0
Gper1,0.009087432,-0.69139004,0.9927493780995376,1.0
Pcdhgb4,0.009062954,-0.70664656,0.9927689078587818,1.0
Trbv12-2,0.009054795,-1.0128917,0.9927754177794933,1.0
Hnmt,0.009030317,-1.035478,0.9927949475445117,1.0
Rtl10,0.009026237,-1.0558132,0.9927982025057681,1.0
Slc16a12,0.008863051,-0.34663868,0.992928401053733,1.0
Arhgap19,0.008848772,-1.0783318,0.9929397934356895,1.0
Rad51b,0.008654988,-1.0526433,0.9930944044750356,1.0
Notch2,0.008459165,-0.9143013,0.9932506432624074,1.0
Knl1,0.0080512,-1.0540216,0.9935761415603986,1.0
Erfe,0.007830898,-1.3594985,0.9937519110893149,1.0
Ccdc160,0.007796221,-0.9063133,0.9937795785430031,1.0
Rhoh,0.007783982,-0.6597123,0.9937893435284453,1.0
Zfp296,0.0077758227,-0.97058105,0.993795853519257,1.0
Ccr6,0.0077676633,-1.1341426,0.9938023635104818,1.0
Eme1,0.0077676633,-1.1387523,0.9938023635104818,1.0
Prr7,0.0077676633,-0.72161317,0.9938023635104818,1.0
Chrm3,0.0077513447,-1.4640448,0.9938153834941686,1.0
Ptpn14,0.007726867,-1.7796545,0.9938349134727857,1.0
Il1rn,0.007655473,-0.5292121,0.993891875931475,1.0
Syde2,0.007582039,-1.1414274,0.9939504659214611,1.0
Fam161b,0.007431092,-0.91043466,0.9940709010029739,1.0
Slc6a19,0.006553966,0.15876661,0.9947707290627883,1.0
Sod3,0.006541727,-0.5547111,0.9947804941351949,1.0
L3hypdh,0.006529488,-0.4554141,0.9947902592083833,1.0
Grin2b,0.006517249,-0.4685835,0.994800024282352,1.0
Sema6c,0.0065131695,-0.57741785,0.9948032793071815,1.0
Hist2h4,0.00650909,-0.91957146,0.9948065343320973,1.0
Snap25,0.006492771,-0.6905076,0.9948195544326248,1.0
Car5b,0.006480532,-0.8628315,0.9948293195089258,1.0
Lrrc8c,0.0064764526,-0.9285816,0.9948325745345318,1.0
Nckap1l,0.0064764526,-1.2939811,0.9948325745345318,1.0
Cfap300,0.006472373,-1.6391442,0.9948358295602237,1.0
Zfp879,0.006460134,-1.5093371,0.9948455946378147,1.0
Vav1,0.0055544507,-1.0819594,0.9955682124233117,1.0
Tspan9,0.0055524106,-0.7554869,0.9955698399451721,1.0
Rasd2,0.005383105,-0.921861,0.9957049243231899,1.0
Klrk1,0.0052382774,-0.06700001,0.995820478527537,1.0
Pclo,0.0052260384,-0.19935417,0.9958302436756173,1.0
Nfe2,0.005217879,-0.2114593,0.9958367537746847,1.0
Tm6sf1,0.005197481,-1.4124565,0.9958530290235648,1.0
Ccdc74a,0.005197481,-1.1486403,0.9958530290235648,1.0
Prkcg,0.005197481,-0.92741287,0.9958530290235648,1.0
Cck,0.005193401,-1.1817182,0.995856284073548,1.0
Tmem108,0.005193401,-1.8038416,0.995856284073548,1.0
Kif26b,0.0051893215,-0.9953263,0.9958595391236003,1.0
Tm4sf4,0.0051893215,-1.8440257,0.9958595391236003,1.0
Wwtr1,0.0051893215,-2.1181962,0.9958595391236003,1.0
S100a4,0.0051893215,-1.6431808,0.9958595391236003,1.0
Neurl1a,0.005185242,-1.4486215,0.9958627941737214,1.0
Fignl1,0.004895586,-0.9023147,0.996093902905092,1.0
Zscan2,0.0048568295,-1.219996,0.9961248259296431,1.0
Kif2c,0.0045508556,-0.96908724,0.9963689552714607,1.0
Rnase1,0.004426426,-0.9108572,0.9964682346356556,1.0
Milr1,0.003942987,0.36942583,0.9968539598834137,1.0
Dazl,0.0039348276,0.6413974,0.9968604700207406,1.0
Gimap8,0.0039348276,-0.34286574,0.9968604700207406,1.0
Pdcl2,0.0039266683,-0.28067157,0.9968669801582766,1.0
Nptxr,0.0039266683,-0.1784135,0.9968669801582766,1.0
Klhl6,0.0039225887,-0.37470555,0.9968702352271227,1.0
Chac1,0.003918509,-0.7579417,0.996873490296021,1.0
Hist1h1t,0.0039144293,-0.7756485,0.9968767453649713,1.0
Nkx2-2,0.0039144293,-0.41290304,0.9968767453649713,1.0
Mturn,0.0039103497,-0.8401012,0.9968800004339736,1.0
Pf4,0.0039103497,-1.4472044,0.9968800004339736,1.0
Txk,0.0039103497,-0.9016165,0.9968800004339736,1.0
Sox12,0.00390627,-1.4449519,0.9968832555030278,1.0
Tmem52,0.0039021901,-2.4450772,0.996886510572134,1.0
Syt14,0.0039021901,-1.4154624,0.996886510572134,1.0
Fam131c,0.0039021901,-0.8958914,0.996886510572134,1.0
Adgrg5,0.0039021901,-0.60335046,0.996886510572134,1.0
Zp2,0.0038981105,-1.6110094,0.9968897656412918,1.0
Slc2a4,0.0038981105,-2.2188914,0.9968897656412918,1.0
Sept12,0.0038981105,-1.6068059,0.9968897656412918,1.0
Prob1,0.0038981105,-1.3240771,0.9968897656412918,1.0
Adssl1,0.0038981105,-0.79467916,0.9968897656412918,1.0
Dlgap1,0.0038981105,-2.4492557,0.9968897656412918,1.0
Nudt10,0.0038981105,-2.046855,0.9968897656412918,1.0
Zc3h12c,0.0038981105,-2.037438,0.9968897656412918,1.0
Ttyh1,0.0038777122,-0.48978624,0.9969060409878568,1.0
Traip,0.0036941278,-1.2816904,0.99705251916406,1.0
Plk4,0.003016905,-1.0661741,0.9975928617015788,1.0
Fbn1,0.0026191387,-0.29607385,0.997910232096011,1.0
Tdrkh,0.0026191387,-0.20716122,0.997910232096011,1.0
Tent5b,0.0026191387,-0.74434173,0.997910232096011,1.0
Trib3,0.0026191387,-0.16919544,0.997910232096011,1.0
Capn3,0.0026191387,-1.2181226,0.997910232096011,1.0
Hoxa1,0.0026191387,-0.66157025,0.997910232096011,1.0
Cyp2j13,0.0026191387,-0.06986083,0.997910232096011,1.0
Iqcd,0.002615059,-1.1336806,0.9979134871787784,1.0
Ccdc190,0.002615059,-0.4353143,0.9979134871787784,1.0
Adcy3,0.0026109794,-0.59545684,0.9979167422615804,1.0
Slc35d3,0.0026109794,-0.7081532,0.9979167422615804,1.0
Cldn10,0.0026109794,-0.8387738,0.9979167422615804,1.0
Parp8,0.0026109794,-0.40002614,0.9979167422615804,1.0
Sla2,0.0026068997,-0.93904406,0.9979199973444172,1.0
Smim1,0.0026068997,-1.6254687,0.9979199973444172,1.0
Calcoco2,0.0026068997,-0.85545766,0.9979199973444172,1.0
Lrp2bp,0.0026068997,-2.3561337,0.9979199973444172,1.0
Mterf1a,0.0026068997,-2.3081722,0.9979199973444172,1.0
Slc2a3,0.0026068997,-1.4912641,0.9979199973444172,1.0
Bend5,0.0026068997,-1.5524502,0.9979199973444172,1.0
Cd8b1,0.0026068997,-2.6306837,0.9979199973444172,1.0
Ccdc92b,0.0026068997,-0.66629356,0.9979199973444172,1.0
Adam11,0.0026068997,-1.8328922,0.9979199973444172,1.0
Mptx2,0.0026068997,-0.7704534,0.9979199973444172,1.0
Efr3b,0.0026068997,-1.0219023,0.9979199973444172,1.0
Zfp354b,0.0026068997,-1.7158688,0.9979199973444172,1.0
Trim47,0.0026068997,-0.71503353,0.9979199973444172,1.0
Nr0b2,0.0026068997,-2.4474595,0.9979199973444172,1.0
Flrt1,0.002555904,-0.5952874,0.9979606858827798,1.0
Acot5,0.0024375939,-0.9626523,0.9980550833120259,1.0
Klhdc7a,0.0024253551,-1.2384727,0.9980648485649035,1.0
Hsd17b14,0.0021581375,-0.67041916,0.9982780566557875,1.0
Susd3,0.0013156888,0.5654689,0.9989502325153666,1.0
Blk,0.0013156888,1.0652419,0.9989502325153666,1.0
Mogat1,0.0013156888,1.2106467,0.9989502325153666,1.0
Olfr658,0.0013156888,1.5857303,0.9989502325153666,1.0
Plekhb1,0.0013156888,1.4621786,0.9989502325153666,1.0
Adgrf4,0.0013116092,0.73286545,0.9989534876064727,1.0
Fmn2,0.0013116092,-0.45748425,0.9989534876064727,1.0
Fndc4,0.0013116092,-0.12516272,0.9989534876064727,1.0
Adig,0.0013116092,-0.5068892,0.9989534876064727,1.0
Pxdn,0.0013116092,-0.075581886,0.9989534876064727,1.0
Zfp92,0.0013116092,-0.21972047,0.9989534876064727,1.0
Reep1,0.0013116092,-0.24974859,0.9989534876064727,1.0
Tnfrsf19,0.0013116092,0.061251868,0.9989534876064727,1.0
Fhl4,0.0013116092,-0.31595412,0.9989534876064727,1.0
Atp4a,0.0013116092,0.6635802,0.9989534876064727,1.0
Osm,0.0013116092,-0.25387785,0.9989534876064727,1.0
Rab34,0.0013116092,0.06969927,0.9989534876064727,1.0
Egfl8,0.0013116092,0.41362274,0.9989534876064727,1.0
Trbv29,0.0013116092,0.7352005,0.9989534876064727,1.0
Osbp2,0.0013116092,-0.13316426,0.9989534876064727,1.0
Wfdc16,0.0013116092,-0.00113216,0.9989534876064727,1.0
Chat,0.0013116092,-0.5105755,0.9989534876064727,1.0
Cpb2,0.0013116092,0.20133038,0.9989534876064727,1.0
Loxl2,0.0013116092,0.10322164,0.9989534876064727,1.0
Nol4,0.0013116092,-0.282061,0.9989534876064727,1.0
Fabp3,0.0013116092,-0.31847298,0.9989534876064727,1.0
Krt83,0.0013116092,0.5174855,0.9989534876064727,1.0
Lrguk,0.0013116092,-0.5268419,0.9989534876064727,1.0
Ythdf2,0.0013116092,0.26123747,0.9989534876064727,1.0
Xrra1,0.0013075295,-1.045731,0.9989567426975963,1.0
Ccdc136,0.0013075295,-2.9234066,0.9989567426975963,1.0
Gfpt2,0.0013075295,-1.0106825,0.9989567426975963,1.0
Ncr1,0.0013075295,-2.4628766,0.9989567426975963,1.0
Pnmal1,0.0013075295,-2.4474041,0.9989567426975963,1.0
Xkr6,0.0013075295,-0.8775474,0.9989567426975963,1.0
Nrip2,0.0013075295,-1.9416633,0.9989567426975963,1.0
Itgad,0.0013075295,-1.2539665,0.9989567426975963,1.0
Pirb,0.0013075295,-0.9471594,0.9989567426975963,1.0
Zfp354c,0.0013075295,-1.382454,0.9989567426975963,1.0
Dgki,0.0013075295,-0.88201195,0.9989567426975963,1.0
Notum,0.0013075295,-1.8475249,0.9989567426975963,1.0
Crtam,0.0013075295,-2.1267977,0.9989567426975963,1.0
Irf4,0.0013075295,-2.5406182,0.9989567426975963,1.0
Nckap5l,0.0013075295,-0.56623554,0.9989567426975963,1.0
Rims3,0.0013075295,-0.5849741,0.9989567426975963,1.0
Themis2,0.0013075295,-2.3024516,0.9989567426975963,1.0
Ccr5,0.0013075295,-0.64954615,0.9989567426975963,1.0
Nova2,0.0013075295,-1.1034307,0.9989567426975963,1.0
Slamf1,0.0013075295,-1.9300406,0.9989567426975963,1.0
Kcnn1,0.0013075295,-0.54342735,0.9989567426975963,1.0
Pcdh20,0.0013075295,-1.3126241,0.9989567426975963,1.0
Smim40,0.0013075295,-0.42411387,0.9989567426975963,1.0
Olfr829,0.0013075295,-0.9441036,0.9989567426975963,1.0
Zfp57,0.0013075295,-0.5779106,0.9989567426975963,1.0
Hes7,0.0013075295,-1.928945,0.9989567426975963,1.0
Srsf12,0.0013075295,-0.4620278,0.9989567426975963,1.0
Nup62cl,0.0013075295,-1.027693,0.9989567426975963,1.0
Abca13,0.0013075295,-3.0568116,0.9989567426975963,1.0
Cnrip1,0.0013075295,-0.9405473,0.9989567426975963,1.0
Slc38a5,0.0013075295,-1.9333487,0.9989567426975963,1.0
Tnnc1,0.0013075295,-1.0933437,0.9989567426975963,1.0
Zfp382,0.0013075295,-0.8651299,0.9989567426975963,1.0
Clec4a3,0.0013075295,-1.1619685,0.9989567426975963,1.0
Tas2r126,0.0013075295,-1.970836,0.9989567426975963,1.0
Tmem74b,0.0013075295,-2.5223255,0.9989567426975963,1.0
Bhlha9,0.0013075295,-2.321118,0.9989567426975963,1.0
Slc27a6,0.0013075295,-0.764992,0.9989567426975963,1.0
Sez6,0.0013075295,-1.5839094,0.9989567426975963,1.0
Pla2g2d,0.0013075295,-0.5288981,0.9989567426975963,1.0
Tmem121,0.0013075295,-0.74983037,0.9989567426975963,1.0
Enox1,0.0013075295,-0.49743277,0.9989567426975963,1.0
Npffr1,0.0013075295,-0.86634165,0.9989567426975963,1.0
Hist2h2aa1,0.0013075295,-0.503155,0.9989567426975963,1.0
Sh2d1a,0.0013075295,-1.4599992,0.9989567426975963,1.0
Gabbr2,0.0013075295,-1.3893744,0.9989567426975963,1.0
Tmcc2,0.0013075295,-1.0862259,0.9989567426975963,1.0
Gpx8,0.0013075295,-1.7650566,0.9989567426975963,1.0
Adat3,0.0013075295,-1.8555331,0.9989567426975963,1.0
F5,0.0013075295,-1.7779049,0.9989567426975963,1.0
Ntf5,0.0013075295,-1.0225639,0.9989567426975963,1.0
Apod,0.0013075295,-1.4380834,0.9989567426975963,1.0
Dlk1,0.0013075295,-2.1789124,0.9989567426975963,1.0
Npr1,0.0013075295,-1.5852314,0.9989567426975963,1.0
Morc1,0.0013075295,-1.9703516,0.9989567426975963,1.0
Nup210l,0.0013075295,-1.1025864,0.9989567426975963,1.0
Adamts17,0.0013075295,-0.58292544,0.9989567426975963,1.0
Dmrta2,0.0013075295,-1.1739982,0.9989567426975963,1.0
Fbxo16,0.0013075295,-0.4629678,0.9989567426975963,1.0
Syngr4,0.0013075295,-1.8998954,0.9989567426975963,1.0
Pappa,0.0013075295,-2.2588663,0.9989567426975963,1.0
Grm4,0.0013075295,-0.72250664,0.9989567426975963,1.0
Pbx4,0.0013075295,-1.5922157,0.9989567426975963,1.0
Dao,0.0013075295,-0.63804066,0.9989567426975963,1.0
Sulf1,0.0013075295,-0.8284158,0.9989567426975963,1.0
Cks1b,0.0011810602,-0.84479016,0.9990576505307691,1.0
Rab42,0.0011688212,-1.2314733,0.9990674158057729,1.0
Zfand4,0.001111706,-1.1162528,0.9991129870909468,1.0
Wnt5a,0.0010137943,-0.6819605,0.9991911093007518,1.0
Pik3c2g,0.0009118029,-0.81021976,0.999272486610867,1.0
Pcdh18,0.0008179709,-1.0547798,0.9993473537428766,1.0
Fam117a,0.00069150154,-1.3577963,0.9994482616254259,1.0
Acoxl,0.0,0.0,1.0,1.0
Cnga1,0.0,0.0,1.0,1.0
Lhfpl1,0.0,0.0,1.0,1.0
Tekt1,0.0,0.0,1.0,1.0
Necab3,0.0,0.0,1.0,1.0
Cd300ld,0.0,0.0,1.0,1.0
Kank4,0.0,0.0,1.0,1.0
Cd19,0.0,0.0,1.0,1.0
Cfap65,0.0,0.0,1.0,1.0
Col9a3,0.0,0.0,1.0,1.0
Hspb7,0.0,0.0,1.0,1.0
Pip5kl1,0.0,0.0,1.0,1.0
S100a8,0.0,0.0,1.0,1.0
Mpdz,0.0,0.0,1.0,1.0
Astn2,0.0,0.0,1.0,1.0
Zfp366,0.0,0.0,1.0,1.0
Raver2,0.0,0.0,1.0,1.0
Muc20,0.0,0.0,1.0,1.0
Riiad1,0.0,0.0,1.0,1.0
Cadps,0.0,0.0,1.0,1.0
Lypd1,0.0,0.0,1.0,1.0
Map3k19,0.0,0.0,1.0,1.0
Lct,0.0,0.0,1.0,1.0
Cd80,0.0,0.0,1.0,1.0
Gpr153,0.0,0.0,1.0,1.0
Tspyl5,0.0,0.0,1.0,1.0
Tnfrsf22,0.0,0.0,1.0,1.0
F10,0.0,0.0,1.0,1.0
Cavin2,0.0,0.0,1.0,1.0
Erich3,0.0,0.0,1.0,1.0
Mcemp1,0.0,0.0,1.0,1.0
Sec1,0.0,0.0,1.0,1.0
Ptprc,0.0,0.0,1.0,1.0
Elovl3,0.0,0.0,1.0,1.0
Uts2b,0.0,0.0,1.0,1.0
Ighm,0.0,0.0,1.0,1.0
Pnpla3,0.0,0.0,1.0,1.0
Spaca9,0.0,0.0,1.0,1.0
Tafa1,0.0,0.0,1.0,1.0
Ppp2r2b,0.0,0.0,1.0,1.0
Htr1b,0.0,0.0,1.0,1.0
Parvb,0.0,0.0,1.0,1.0
Cd33,0.0,0.0,1.0,1.0
Ccl8,0.0,0.0,1.0,1.0
Slc26a10,0.0,0.0,1.0,1.0
Slc25a2,0.0,0.0,1.0,1.0
Pkd2l2,0.0,0.0,1.0,1.0
Lbx2,0.0,0.0,1.0,1.0
Gxylt2,0.0,0.0,1.0,1.0
Rab39,0.0,0.0,1.0,1.0
Syt10,0.0,0.0,1.0,1.0
Gpr161,0.0,0.0,1.0,1.0
Skint8,0.0,0.0,1.0,1.0
Lingo3,0.0,0.0,1.0,1.0
Kif26a,0.0,0.0,1.0,1.0
Ube2ql1,0.0,0.0,1.0,1.0
Cd247,0.0,0.0,1.0,1.0
Ocstamp,0.0,0.0,1.0,1.0
Sptb,0.0,0.0,1.0,1.0
Actn2,0.0,0.0,1.0,1.0
Siglec1,0.0,0.0,1.0,1.0
Fgf7,0.0,0.0,1.0,1.0
Spef2,0.0,0.0,1.0,1.0
Rab44,0.0,0.0,1.0,1.0
Stac2,0.0,0.0,1.0,1.0
Scarf2,0.0,0.0,1.0,1.0
Slc2a2,0.0,0.0,1.0,1.0
Clec4a2,0.0,0.0,1.0,1.0
Mapk4,0.0,0.0,1.0,1.0
Hc,0.0,0.0,1.0,1.0
Adgrl3,0.0,0.0,1.0,1.0
Shc2,0.0,0.0,1.0,1.0
Sirpb1c,0.0,0.0,1.0,1.0
Rad21l,0.0,0.0,1.0,1.0
Trbv23,0.0,0.0,1.0,1.0
Tmem233,0.0,0.0,1.0,1.0
H2-DMb2,0.0,0.0,1.0,1.0
Tgm5,0.0,0.0,1.0,1.0
Epha5,0.0,0.0,1.0,1.0
Fam171a2,0.0,0.0,1.0,1.0
Tex43,0.0,0.0,1.0,1.0
Tnr,0.0,0.0,1.0,1.0
Susd2,0.0,0.0,1.0,1.0
Cd3g,0.0,0.0,1.0,1.0
C1qb,0.0,0.0,1.0,1.0
Cd3d,0.0,0.0,1.0,1.0
Cd3e,0.0,0.0,1.0,1.0
Gria3,0.0,0.0,1.0,1.0
Lrrc32,0.0,0.0,1.0,1.0
Trbv13-3,0.0,0.0,1.0,1.0
Tcrg-V4,0.0,0.0,1.0,1.0
Spink13,0.0,0.0,1.0,1.0
Tuba8,0.0,0.0,1.0,1.0
Dppa3,0.0,0.0,1.0,1.0
Evi2b,0.0,0.0,1.0,1.0
Tpsb2,0.0,0.0,1.0,1.0
Cd93,0.0,0.0,1.0,1.0
Rasgrp4,0.0,0.0,1.0,1.0
Nes,0.0,0.0,1.0,1.0
Tal1,0.0,0.0,1.0,1.0
Bcan,0.0,0.0,1.0,1.0
Six4,0.0,0.0,1.0,1.0
Dennd2a,0.0,0.0,1.0,1.0
Slc25a21,0.0,0.0,1.0,1.0
Eya1,0.0,0.0,1.0,1.0
Adgre1,0.0,0.0,1.0,1.0
Dscaml1,0.0,0.0,1.0,1.0
Slc18a3,0.0,0.0,1.0,1.0
Tmem273,0.0,0.0,1.0,1.0
Kcnmb3,0.0,0.0,1.0,1.0
Gnb4,0.0,0.0,1.0,1.0
Aldh3b3,0.0,0.0,1.0,1.0
Dyrk4,0.0,0.0,1.0,1.0
Col6a5,0.0,0.0,1.0,1.0
B4galt2,0.0,0.0,1.0,1.0
Spock1,0.0,0.0,1.0,1.0
Olfr1444,0.0,0.0,1.0,1.0
Sv2a,0.0,0.0,1.0,1.0
Apol7b,0.0,0.0,1.0,1.0
Apol7e,0.0,0.0,1.0,1.0
Reck,0.0,0.0,1.0,1.0
Art2b,0.0,0.0,1.0,1.0
Kcne2,0.0,0.0,1.0,1.0
Adgrf3,0.0,0.0,1.0,1.0
Il9r,0.0,0.0,1.0,1.0
Arhgap28,0.0,0.0,1.0,1.0
Esyt3,0.0,0.0,1.0,1.0
Ky,0.0,0.0,1.0,1.0
Ly6g6f,0.0,0.0,1.0,1.0
Olfml2b,0.0,0.0,1.0,1.0
Ms4a4a,0.0,0.0,1.0,1.0
Vwce,0.0,0.0,1.0,1.0
Klrc3,0.0,0.0,1.0,1.0
Vgf,0.0,0.0,1.0,1.0
Adgrg3,0.0,0.0,1.0,1.0
Utf1,0.0,0.0,1.0,1.0
Clec12a,0.0,0.0,1.0,1.0
Arl11,0.0,0.0,1.0,1.0
Qprt,0.0,0.0,1.0,1.0
Cldn20,0.0,0.0,1.0,1.0
Psg25,0.0,0.0,1.0,1.0
Csf3r,0.0,0.0,1.0,1.0
Klri2,0.0,0.0,1.0,1.0
Klra3,0.0,0.0,1.0,1.0
Tekt5,0.0,0.0,1.0,1.0
Lilrb4a,0.0,0.0,1.0,1.0
Atp1a3,0.0,0.0,1.0,1.0
Aldh8a1,0.0,0.0,1.0,1.0
Sncb,0.0,0.0,1.0,1.0
Nrsn1,0.0,0.0,1.0,1.0
Ltf,0.0,0.0,1.0,1.0
Dll3,0.0,0.0,1.0,1.0
Bfsp2,0.0,0.0,1.0,1.0
Mefv,0.0,0.0,1.0,1.0
Kcns3,0.0,0.0,1.0,1.0
Ddx25,0.0,0.0,1.0,1.0
Jhy,0.0,0.0,1.0,1.0
Dlg2,0.0,0.0,1.0,1.0
Ppp1r27,0.0,0.0,1.0,1.0
Fam71b,0.0,0.0,1.0,1.0
Adam23,0.0,0.0,1.0,1.0
Glb1l2,0.0,0.0,1.0,1.0
Bmp6,0.0,0.0,1.0,1.0
Akap12,0.0,0.0,1.0,1.0
Tgfb2,0.0,0.0,1.0,1.0
Heyl,0.0,0.0,1.0,1.0
Hrh2,0.0,0.0,1.0,1.0
Cd79a,0.0,0.0,1.0,1.0
Ecm2,0.0,0.0,1.0,1.0
Efs,0.0,0.0,1.0,1.0
Spon1,0.0,0.0,1.0,1.0
Icam4,0.0,0.0,1.0,1.0
Csf2,0.0,0.0,1.0,1.0
Obscn,0.0,0.0,1.0,1.0
Olfr702,0.0,0.0,1.0,1.0
Klhl10,0.0,0.0,1.0,1.0
Enho,0.0,0.0,1.0,1.0
Cmklr1,0.0,0.0,1.0,1.0
Ngfr,0.0,0.0,1.0,1.0
Slc25a53,0.0,0.0,1.0,1.0
Il11,0.0,0.0,1.0,1.0
Ust,0.0,0.0,1.0,1.0
Adgb,0.0,0.0,1.0,1.0
Batf3,0.0,0.0,1.0,1.0
Ugt1a9,0.0,0.0,1.0,1.0
Tmem47,0.0,0.0,1.0,1.0
Trem3,0.0,0.0,1.0,1.0
Ccdc40,0.0,0.0,1.0,1.0
Pilra,0.0,0.0,1.0,1.0
Pilrb1,0.0,0.0,1.0,1.0
Pilrb2,0.0,0.0,1.0,1.0
Il4,0.0,0.0,1.0,1.0
Igsf6,0.0,0.0,1.0,1.0
Slc16a7,-3.467707e-05,-0.62723297,0.9999723317017304,1.0
Cacna1a,-7.5473625e-05,-1.2456589,0.9999397807626348,1.0
Cep55,-7.751345e-05,-0.9137523,0.9999381532156822,1.0
Crym,-9.9951554e-05,-1.3716811,0.9999202501992221,1.0
Hectd2,-0.00012442948,-1.0432408,0.9999007196358571,1.0
Pnliprp1,-0.0001325888,-1.0406686,0.9998942094480815,1.0
Dtwd1,-0.00044672226,-1.0569122,0.999643567228193,1.0
Gpx7,-0.0005752314,-1.3208324,0.9995410317833356,1.0
Cenpp,-0.00072617864,-0.7421559,0.9994205933341032,1.0
Hoxd3,-0.0013238481,-0.42423844,0.9989437223332069,1.0
Tmem44,-0.0013524058,-0.8032953,0.9989209366962044,1.0
Rimbp2,-0.0013728039,-0.7255649,0.9989046612417404,1.0
Ceacam12,-0.0013891226,-1.4181964,0.9988916408784969,1.0
Cd37,-0.0016583798,-0.9929549,0.9986768049301794,1.0
Slc35g2,-0.0016604196,-1.005533,0.9986751773854629,1.0
Plcb1,-0.001809327,-1.0355909,0.9985563666364828,1.0
Tmem132c,-0.0018174864,-1.1319791,0.9985498564593577,1.0
Plac8l1,-0.0026374971,-0.93778455,0.9978955842239892,1.0
Arntl2,-0.0026456565,-0.89268994,0.9978890740588735,1.0
BC024139,-0.0026538158,-1.0535334,0.9978825638938984,1.0
Enpp3,-0.0026578954,-0.83347654,0.9978793088114637,1.0
Ddah2,-0.002661975,-1.2310734,0.9978760537290643,1.0
Itm2a,-0.0026660548,-1.431443,0.9978727986467002,1.0
Fam227a,-0.0026701344,-1.301333,0.9978695435643715,1.0
Hgf,-0.0026701344,-0.8850271,0.9978695435643715,1.0
Castor1,-0.002674214,-1.252232,0.9978662884820783,1.0
Klhl13,-0.0026823734,-1.4517069,0.9978597783175984,1.0
Bex2,-0.0039021901,-0.62067926,0.996886510572134,1.0
Slc7a11,-0.00390627,-0.3067908,0.9968832555030278,1.0
Gzma,-0.0039103497,-0.535745,0.9968800004339736,1.0
Rasgrp2,-0.003930748,-0.86315364,0.9968637250894825,1.0
Tex38,-0.003930748,-0.9969522,0.9968637250894825,1.0
Hoxd9,-0.0039348276,-1.2357478,0.9968604700207406,1.0
Cybb,-0.003942987,-1.1706611,0.9968539598834137,1.0
Krt36,-0.003942987,-0.9753403,0.9968539598834137,1.0
Tmem40,-0.003955226,-1.2429214,0.9968441946778163,1.0
Myo1g,-0.003955226,-1.545617,0.9968441946778163,1.0
Plppr2,-0.0039593056,-1.5125234,0.9968409396093888,1.0
Map2,-0.0039593056,-1.301056,0.9968409396093888,1.0
Ikzf1,-0.0041918457,-0.9577673,0.9966554007976033,1.0
Pcdhgc4,-0.0042040846,-1.0811629,0.9966456356019051,1.0
Pcdhgc3,-0.0049139448,-1.1613111,0.9960792551586655,1.0
Lmcd1,-0.0052036,-1.1505817,0.9958481464487192,1.0
Klk8,-0.0052076797,-0.77449036,0.9958448913989086,1.0
Trbv14,-0.005215839,-0.6396694,0.9958383812994949,1.0
Pax4,-0.0052199187,-1.4549409,0.9958351262498919,1.0
Pik3ip1,-0.0052239983,-0.7604381,0.9958318712003582,1.0
AW551984,-0.005228078,-1.0828329,0.9958286161508939,1.0
Cep112,-0.005228078,-0.860075,0.9958286161508939,1.0
Slc43a3,-0.005228078,-0.9068279,0.9958286161508939,1.0
Cavin1,-0.005228078,-1.573263,0.9958286161508939,1.0
Wnt11,-0.0052321577,-1.5442604,0.995825361101499,1.0
Agap2,-0.0052321577,-1.6775395,0.995825361101499,1.0
Dcdc2b,-0.005240317,-2.1947339,0.9958188510029177,1.0
Spin2c,-0.005240317,-1.7270727,0.9958188510029177,1.0
Dync2li1,-0.005409623,-0.7394828,0.9956837665208125,1.0
Klk1b5,-0.0054952954,-1.1957893,0.9956154105647196,1.0
Bora,-0.0062112752,-1.1451457,0.9950441513809122,1.0
Angptl4,-0.006447895,-1.5617373,0.994855359716178,1.0
Ttc21a,-0.006496851,-0.638925,0.9948162994073635,1.0
Htr1d,-0.0065009305,-0.3560086,0.9948130443821884,1.0
Spata33,-0.0065009305,-0.38694286,0.9948130443821884,1.0
Rnf157,-0.00650501,-0.48357677,0.9948097893570997,1.0
Slc38a11,-0.00650909,-0.5845348,0.9948065343320973,1.0
Cd59a,-0.00650909,-0.6426094,0.9948065343320973,1.0
Rhoj,-0.0065131695,-1.4401958,0.9948032793071815,1.0
Spaca1,-0.0065131695,-1.376627,0.9948032793071815,1.0
Wdr63,-0.006517249,-1.0372924,0.994800024282352,1.0
F2r,-0.006517249,-0.82102716,0.994800024282352,1.0
Stk36,-0.006517249,-1.1320814,0.994800024282352,1.0
Klrb1a,-0.006517249,-1.1784078,0.994800024282352,1.0
Pld4,-0.006517249,-1.49794,0.994800024282352,1.0
Yjefn3,-0.006517249,-1.304003,0.994800024282352,1.0
Jph1,-0.006521329,-0.8603321,0.9947967692576092,1.0
Serpina3g,-0.006521329,-1.0347964,0.9947967692576092,1.0
Mpeg1,-0.0065254085,-1.3461885,0.9947935142329529,1.0
Pknox2,-0.0065254085,-1.282615,0.9947935142329529,1.0
Wfdc13,-0.0065254085,-1.7560698,0.9947935142329529,1.0
Cacna1e,-0.0065254085,-1.037351,0.9947935142329529,1.0
Dnaaf4,-0.0065254085,-1.7265329,0.9947935142329529,1.0
Spin4,-0.006529488,-2.4052808,0.9947902592083833,1.0
Lag3,-0.006529488,-1.8594667,0.9947902592083833,1.0
Ehd2,-0.006529488,-1.347083,0.9947902592083833,1.0
Erich2,-0.006529488,-1.8796737,0.9947902592083833,1.0
Ccrl2,-0.0066926745,-0.8494505,0.9946600582972762,1.0
Rcn1,-0.0067416304,-1.3338809,0.9946209980515152,1.0
Pold1,-0.006849741,-1.0446478,0.9945347400545952,1.0
Dpysl3,-0.0075086053,-1.7614653,0.9940090559440689,1.0
Tlr9,-0.0078064203,-0.1500399,0.9937714410558462,1.0
Tifab,-0.0078064203,0.18410772,0.9937714410558462,1.0
Fam71f2,-0.0078105,-0.46676537,0.9937681860611649,1.0
Olfr78,-0.0078105,-0.17233415,0.9937681860611649,1.0
Slc5a5,-0.00781458,-0.6370484,0.9937649310665873,1.0
Rgs14,-0.00781458,-0.41594988,0.9937649310665873,1.0
Cabp1,-0.00781458,-0.5775199,0.9937649310665873,1.0
R3hdml,-0.00781458,-1.1958059,0.9937649310665873,1.0
Efnb3,-0.00781458,-0.8340175,0.9937649310665873,1.0
Itga11,-0.00781458,-0.88816583,0.9937649310665873,1.0
Arl4c,-0.00781458,-1.1423793,0.9937649310665873,1.0
Grk3,-0.00781458,-0.40849486,0.9937649310665873,1.0
Arl5c,-0.00781458,-0.49408633,0.9937649310665873,1.0
Ttll13,-0.00781458,-0.80723226,0.9937649310665873,1.0
Tmem163,-0.00781458,-1.0443919,0.9937649310665873,1.0
Gpr182,-0.00781458,-0.108498216,0.9937649310665873,1.0
Bicc1,-0.00781458,-1.0785924,0.9937649310665873,1.0
Prss41,-0.00781458,-0.6571808,0.9937649310665873,1.0
Zfp982,-0.00781458,-0.9940954,0.9937649310665873,1.0
Serpina1b,-0.007818659,-1.2882632,0.9937616760721134,1.0
Gzmb,-0.007818659,-0.9950376,0.9937616760721134,1.0
Fgf13,-0.007818659,-1.1641346,0.9937616760721134,1.0
Fxyd6,-0.007818659,-0.95117986,0.9937616760721134,1.0
Hist2h2ac,-0.007818659,-2.3635323,0.9937616760721134,1.0
Cngb1,-0.007818659,-0.7979509,0.9937616760721134,1.0
Alppl2,-0.007818659,-0.9136346,0.9937616760721134,1.0
Cfap61,-0.007818659,-1.479009,0.9937616760721134,1.0
Alox15,-0.007822739,-1.5745811,0.9937584210777434,1.0
Hsd11b1,-0.007822739,-1.5705258,0.9937584210777434,1.0
Eml5,-0.007822739,-2.8213997,0.9937584210777434,1.0
Hcn3,-0.007822739,-2.1549277,0.9937584210777434,1.0
Spatc1l,-0.007822739,-1.9630893,0.9937584210777434,1.0
Il1b,-0.007822739,-2.1886652,0.9937584210777434,1.0
Isl1,-0.007822739,-2.26954,0.9937584210777434,1.0
Gpc6,-0.007822739,-1.3058233,0.9937584210777434,1.0
Plekho2,-0.007822739,-1.4893992,0.9937584210777434,1.0
Adamdec1,-0.007822739,-2.3845217,0.9937584210777434,1.0
Pou2f2,-0.007822739,-1.7989855,0.9937584210777434,1.0
Wdr66,-0.007822739,-1.5252545,0.9937584210777434,1.0
Stap1,-0.007822739,-2.9369667,0.9937584210777434,1.0
Selenon,-0.008049159,-1.392089,0.99357776905462,1.0
Rasa4,-0.008463245,-0.9560829,0.9932473882850099,1.0
Pkia,-0.00863867,-1.2867846,0.9931074243639519,1.0
Kif22,-0.0089936,-1.0757258,0.9928242422001299,1.0
Aicda,-0.009120069,0.56409115,0.9927233384273048,1.0
Siglech,-0.009120069,-0.37538552,0.9927233384273048,1.0
Ctnna2,-0.009120069,0.5877317,0.9927233384273048,1.0
Shisal1,-0.009120069,-0.7265716,0.9927233384273048,1.0
Rgs18,-0.009120069,-0.8943734,0.9927233384273048,1.0
Klk1b3,-0.009120069,0.30762038,0.9927233384273048,1.0
Teddm2,-0.009120069,-0.7685245,0.9927233384273048,1.0
Megf6,-0.009120069,0.039958876,0.9927233384273048,1.0
Spns3,-0.009120069,-0.4429892,0.9927233384273048,1.0
Fermt2,-0.009120069,-0.090904586,0.9927233384273048,1.0
Hbb-bt,-0.009120069,0.034342404,0.9927233384273048,1.0
Alas2,-0.009120069,-0.4732165,0.9927233384273048,1.0
Cdh11,-0.009120069,-0.17444602,0.9927233384273048,1.0
Chil5,-0.009120069,0.6033181,0.9927233384273048,1.0
Myrf,-0.009120069,-0.808387,0.9927233384273048,1.0
P2ry10b,-0.009120069,-0.10178468,0.9927233384273048,1.0
AU021092,-0.009120069,0.15478472,0.9927233384273048,1.0
Zpbp,-0.009120069,-0.279332,0.9927233384273048,1.0
Numbl,-0.009120069,-0.10262923,0.9927233384273048,1.0
Fam89a,-0.009120069,-0.24404658,0.9927233384273048,1.0
Col23a1,-0.009120069,0.30278274,0.9927233384273048,1.0
Trex2,-0.009120069,-0.053853218,0.9927233384273048,1.0
Cryba2,-0.009120069,0.516162,0.9927233384273048,1.0
Col28a1,-0.009120069,-0.1427272,0.9927233384273048,1.0
Plcl1,-0.009120069,-0.60812294,0.9927233384273048,1.0
Arl13a,-0.009120069,0.42813,0.9927233384273048,1.0
Fsd2,-0.009120069,0.6506034,0.9927233384273048,1.0
Edar,-0.009120069,0.114904426,0.9927233384273048,1.0
Pdgfb,-0.009120069,-0.6526663,0.9927233384273048,1.0
Elavl4,-0.009120069,-0.8212375,0.9927233384273048,1.0
Ffar3,-0.009120069,-0.63930917,0.9927233384273048,1.0
Gpc2,-0.009120069,-0.789164,0.9927233384273048,1.0
Gabrr2,-0.009120069,0.45697534,0.9927233384273048,1.0
Coro6,-0.009120069,-0.5353133,0.9927233384273048,1.0
Dnm3,-0.009124149,-1.4967953,0.9927200834688201,1.0
Ntn5,-0.009124149,-5.964686,0.9927200834688201,1.0
Arhgef4,-0.009124149,-4.2740073,0.9927200834688201,1.0
Clnk,-0.009124149,-1.7390387,0.9927200834688201,1.0
Smarca1,-0.009124149,-2.968174,0.9927200834688201,1.0
Ppp2r2c,-0.009124149,-3.1985452,0.9927200834688201,1.0
Gpr183,-0.009124149,-2.9067872,0.9927200834688201,1.0
Trpm1,-0.009124149,-3.341124,0.9927200834688201,1.0
Aqp7,-0.009124149,-2.5564451,0.9927200834688201,1.0
Ppy,-0.009124149,-3.8506286,0.9927200834688201,1.0
Tbx15,-0.009124149,-1.1203063,0.9927200834688201,1.0
Flt1,-0.009124149,-2.6144013,0.9927200834688201,1.0
Mei4,-0.009124149,-2.3496115,0.9927200834688201,1.0
Mab21l3,-0.009124149,-1.162079,0.9927200834688201,1.0
Ms4a15,-0.009124149,-2.766157,0.9927200834688201,1.0
Amer2,-0.009124149,-1.8725681,0.9927200834688201,1.0
Hsf3,-0.009124149,-2.706917,0.9927200834688201,1.0
Ap3b2,-0.009124149,-1.7563543,0.9927200834688201,1.0
Sapcd1,-0.009124149,-2.6113992,0.9927200834688201,1.0
Tmem132b,-0.009124149,-2.4579306,0.9927200834688201,1.0
Grid1,-0.009124149,-1.2120113,0.9927200834688201,1.0
Nr1h5,-0.009124149,-2.9669807,0.9927200834688201,1.0
Cfi,-0.009124149,-1.3157965,0.9927200834688201,1.0
Ablim3,-0.009124149,-2.5760212,0.9927200834688201,1.0
Ikzf4,-0.009124149,-4.019191,0.9927200834688201,1.0
Clcnkb,-0.009124149,-1.5565739,0.9927200834688201,1.0
Cd300a,-0.009124149,-1.3877709,0.9927200834688201,1.0
Vcan,-0.009124149,-1.7450475,0.9927200834688201,1.0
Tbxa2r,-0.009124149,-2.0084682,0.9927200834688201,1.0
Trbv16,-0.009124149,-2.1242495,0.9927200834688201,1.0
Pex5l,-0.009124149,-1.1605854,0.9927200834688201,1.0
Actl10,-0.009124149,-3.638237,0.9927200834688201,1.0
Adamtsl1,-0.009124149,-1.3805085,0.9927200834688201,1.0
Rcan2,-0.009124149,-2.9338877,0.9927200834688201,1.0
Hcn1,-0.009124149,-3.983182,0.9927200834688201,1.0
Mboat4,-0.009124149,-3.2044806,0.9927200834688201,1.0
Plxdc1,-0.009124149,-1.0938438,0.9927200834688201,1.0
Tff2,-0.009124149,-2.1845975,0.9927200834688201,1.0
Lmx1b,-0.009124149,-0.99193627,0.9927200834688201,1.0
Ghrhr,-0.009124149,-1.8018634,0.9927200834688201,1.0
Cd200r4,-0.009124149,-1.1083769,0.9927200834688201,1.0
Slc4a5,-0.009124149,-2.559419,0.9927200834688201,1.0
Serpina10,-0.009124149,-1.6120894,0.9927200834688201,1.0
Agrp,-0.009124149,-1.0008981,0.9927200834688201,1.0
Zfp651,-0.009124149,-3.6086879,0.9927200834688201,1.0
Kcnk3,-0.009124149,-2.0557988,0.9927200834688201,1.0
Eda,-0.009124149,-4.327484,0.9927200834688201,1.0
Sgcg,-0.009124149,-3.2925572,0.9927200834688201,1.0
Hp,-0.009124149,-1.1696681,0.9927200834688201,1.0
Tmem89,-0.009124149,-1.7616454,0.9927200834688201,1.0
Slc11a1,-0.009124149,-1.7082907,0.9927200834688201,1.0
Ttc28,-0.009124149,-2.9242864,0.9927200834688201,1.0
Wscd2,-0.009124149,-3.0598464,0.9927200834688201,1.0
Tmem30c,-0.009124149,-2.844298,0.9927200834688201,1.0
Dnah7b,-0.009124149,-1.7447642,0.9927200834688201,1.0
Ccdc102a,-0.009124149,-1.6746616,0.9927200834688201,1.0
Serpinb6b,-0.009124149,-2.539207,0.9927200834688201,1.0
Spdya,-0.009124149,-2.7134154,0.9927200834688201,1.0
Zcchc18,-0.009124149,-2.895169,0.9927200834688201,1.0
Slamf8,-0.009124149,-1.462628,0.9927200834688201,1.0
Shc3,-0.009124149,-3.695625,0.9927200834688201,1.0
Cysltr1,-0.009124149,-5.2893405,0.9927200834688201,1.0
Ptgfr,-0.009124149,-1.4866196,0.9927200834688201,1.0
Il6,-0.009124149,-4.211761,0.9927200834688201,1.0
Ctnnd2,-0.009124149,-2.5317721,0.9927200834688201,1.0
Rbm24,-0.009124149,-1.0855081,0.9927200834688201,1.0
Mrln,-0.009124149,-2.8478427,0.9927200834688201,1.0
Dse,-0.009124149,-1.8990474,0.9927200834688201,1.0
Lrrn3,-0.009124149,-3.21509,0.9927200834688201,1.0
Clec4n,-0.009124149,-3.49273,0.9927200834688201,1.0
Cd40lg,-0.009124149,-3.747484,0.9927200834688201,1.0
Ppfia4,-0.009124149,-2.2171245,0.9927200834688201,1.0
Pid1,-0.009124149,-2.144816,0.9927200834688201,1.0
Scg2,-0.009124149,-0.98884535,0.9927200834688201,1.0
Cerkl,-0.009124149,-3.22582,0.9927200834688201,1.0
Zc3h12b,-0.009124149,-4.8135633,0.9927200834688201,1.0
Fcrl5,-0.009124149,-0.93663293,0.9927200834688201,1.0
Kmo,-0.009124149,-2.075169,0.9927200834688201,1.0
St6gal2,-0.009124149,-3.057601,0.9927200834688201,1.0
Kcnd3,-0.009124149,-3.350967,0.9927200834688201,1.0
Havcr2,-0.009124149,-1.3678875,0.9927200834688201,1.0
Cd48,-0.009205742,-0.9515964,0.9926549843246424,1.0
Prr36,-0.009262857,-1.2375245,0.9926094149527862,1.0
Rgn,-0.0092750965,-1.4350078,0.99259965009052,1.0
Il1rl2,-0.009691221,-1.0835,0.9922676454425875,1.0
Msantd3,-0.0097116195,-1.4242592,0.9922513707388998,1.0
Oscp1,-0.009870726,-1.4678578,0.9921244281613112,1.0
Srgap2,-0.009966598,-0.95130503,0.9920479372170209,1.0
Hspa12a,-0.010403121,-0.2540413,0.9916996602350014,1.0
Kcnh3,-0.010460236,-1.0709287,0.9916540913996673,1.0
Ttc26,-0.010505112,-1.0828111,0.9916182873338534,1.0
Ttll7,-0.0105214305,-1.4387861,0.9916052676777385,1.0
Cd200r2,-0.010558148,-1.3366767,0.9915759734596585,1.0
St6galnac1,-0.010566307,-1.106289,0.9915694636349593,1.0
Brca2,-0.011408756,-1.0594586,0.990897327334781,1.0
Kif14,-0.011525026,-1.2326022,0.9908045632572192,1.0
Glis2,-0.01171473,-0.323357,0.9906532116086247,1.0
Tmem154,-0.011751447,-0.5572137,0.990623917779836,1.0
Mettl24,-0.011930952,-0.605415,0.9904807036884429,1.0
Tubb2b,-0.012028864,-0.9901817,0.9904025870403016,1.0
Sept1,-0.012828476,-1.0999663,0.9897646379244965,1.0
Trib2,-0.013038578,-0.7012416,0.9895970146084719,1.0
Spata22,-0.013042658,-0.58182096,0.9895937597913224,1.0
Kcnab2,-0.013050817,-0.99885327,0.9895872501575428,1.0
Ceacam10,-0.013173207,-0.5976148,0.9894896057342746,1.0
Nfe2l3,-0.013281317,-0.6066136,0.9894033532912903,1.0
Dcst2,-0.01431755,-0.37711608,0.9885766381910348,1.0
Rtl6,-0.014342028,-0.69388676,0.9885571096326748,1.0
Calhm6,-0.014346108,-1.0410428,0.9885538548736145,1.0
Ccdc30,-0.014366506,-1.5701432,0.9885375810811706,1.0
Rgs7bp,-0.014366506,-1.0485761,0.9885375810811706,1.0
Zfp454,-0.014378745,-1.332866,0.9885278168079931,1.0
Zfp78,-0.014488895,-0.72706676,0.9884399384268954,1.0
Adcy5,-0.01562916,-0.47209975,0.9875302428806432,1.0
Gng4,-0.015637318,-0.6291232,0.9875237334883041,1.0
Col4a1,-0.015641399,-1.0858988,0.987520478792446,1.0
Cnr2,-0.015645478,-1.6193057,0.9875172240967955,1.0
Tnfrsf8,-0.015645478,-1.4319143,0.9875172240967955,1.0
Nefl,-0.015645478,-0.9286744,0.9875172240967955,1.0
Sptbn5,-0.015645478,-1.1503348,0.9875172240967955,1.0
Plaat5,-0.015645478,-1.0656126,0.9875172240967955,1.0
Fermt3,-0.015645478,-1.5075091,0.9875172240967955,1.0
Egr3,-0.015649557,-1.0806698,0.9875139694013529,1.0
Mindy4,-0.015653636,-1.3120952,0.987510714706118,1.0
Saxo2,-0.015653636,-1.5489044,0.987510714706118,1.0
Dixdc1,-0.015653636,-0.761187,0.987510714706118,1.0
Serpinb1c,-0.015653636,-1.5000486,0.987510714706118,1.0
Fank1,-0.015657717,-1.7228707,0.9875074600110909,1.0
Ptprn,-0.015657717,-0.7999583,0.9875074600110909,1.0
Agxt,-0.015661797,-2.278636,0.9875042053162718,1.0
Gdf11,-0.015661797,-1.8358498,0.9875042053162718,1.0
Psg17,-0.015669955,-1.9397335,0.9874976959272574,1.0
Lingo4,-0.015669955,-1.3942479,0.9874976959272574,1.0
Arhgdig,-0.015798464,-0.910686,0.9873951731603432,1.0
Lamb2,-0.015843341,-1.2595527,0.9873593716081464,1.0
Zfp455,-0.015941253,-1.3961217,0.9872812592190788,1.0
Usp35,-0.015953492,-1.3389546,0.9872714951790026,1.0
Kcnd1,-0.01692853,-0.22408132,0.9864936329020398,1.0
Palmd,-0.016936688,-0.57601976,0.9864871236474221,1.0
Kctd12b,-0.016936688,-0.5546835,0.9864871236474221,1.0
Ticam2,-0.016936688,-0.39153004,0.9864871236474221,1.0
Dcn,-0.016940769,-0.44503736,0.9864838690204505,1.0
Dmgdh,-0.016940769,-0.8468933,0.9864838690204505,1.0
Mex3a,-0.016944848,-0.8443902,0.9864806143937038,1.0
Runx1t1,-0.016944848,-1.2394851,0.9864806143937038,1.0
Ces1c,-0.016944848,-1.1279186,0.9864806143937038,1.0
Spag8,-0.016944848,-1.2055262,0.9864806143937038,1.0
Gzmm,-0.016944848,-1.1846119,0.9864806143937038,1.0
Evx2,-0.016944848,-0.94958,0.9864806143937038,1.0
Arhgap15,-0.016948927,-1.3450701,0.9864773597671822,1.0
Adora3,-0.016953006,-2.2025948,0.9864741051408855,1.0
Tgfb1,-0.016953006,-0.36679563,0.9864741051408855,1.0
Spag17,-0.016953006,-1.9853395,0.9864741051408855,1.0
Plagl1,-0.016953006,-2.862291,0.9864741051408855,1.0
AB124611,-0.016953006,-1.9155236,0.9864741051408855,1.0
Nkapl,-0.016953006,-1.7357311,0.9864741051408855,1.0
Gsdma,-0.016957087,-2.1430757,0.986470850514814,1.0
Zkscan4,-0.016957087,-2.3932214,0.986470850514814,1.0
Shh,-0.016957087,-1.1335998,0.986470850514814,1.0
Hebp1,-0.016957087,-2.0907662,0.986470850514814,1.0
Pgbd1,-0.016957087,-2.566886,0.986470850514814,1.0
Gbgt1,-0.016957087,-1.8444002,0.986470850514814,1.0
Insm1,-0.017120274,-0.961987,0.986340665657155,1.0
Cryzl2,-0.017758738,-1.1280481,0.98583132092917,1.0
Prkd1,-0.01823606,0.084296025,0.985450536618988,1.0
Mcpt8,-0.018240139,-0.8045307,0.9854472820663963,1.0
Fmr1nb,-0.018240139,-0.5013121,0.9854472820663963,1.0
Iqcn,-0.018240139,-0.60460883,0.9854472820663963,1.0
BC067074,-0.018244218,-1.1709844,0.9854440275140468,1.0
Nfasc,-0.018244218,-0.6766002,0.9854440275140468,1.0
Mapk12,-0.018244218,-1.4527009,0.9854440275140468,1.0
Vegfd,-0.018244218,-0.90789473,0.9854440275140468,1.0
Vash2,-0.018244218,-1.5849521,0.9854440275140468,1.0
Gp6,-0.018244218,-1.3002666,0.9854440275140468,1.0
Ulk4,-0.018244218,-0.65367156,0.9854440275140468,1.0
Tmem229a,-0.018244218,-1.0174146,0.9854440275140468,1.0
Rasl10b,-0.018248297,-1.2389991,0.9854407729619395,1.0
Azin2,-0.018248297,-1.7890456,0.9854407729619395,1.0
Cfap69,-0.018248297,-1.1532651,0.9854407729619395,1.0
Arx,-0.018248297,-1.7568874,0.9854407729619395,1.0
Cd6,-0.018248297,-1.5128531,0.9854407729619395,1.0
Ppm1n,-0.018248297,-1.2097274,0.9854407729619395,1.0
Mroh8,-0.018248297,-2.1386738,0.9854407729619395,1.0
Tas2r138,-0.018248297,-1.4642528,0.9854407729619395,1.0
Stra6,-0.018248297,-1.8322407,0.9854407729619395,1.0
Lyz2,-0.018248297,-1.8069192,0.9854407729619395,1.0
BC147527,-0.018248297,-1.336566,0.9854407729619395,1.0
Arhgap25,-0.018248297,-1.1861583,0.9854407729619395,1.0
Mfng,-0.018248297,-1.3562614,0.9854407729619395,1.0
St6galnac3,-0.018248297,-1.5545292,0.9854407729619395,1.0
Rtl5,-0.018252378,-3.7485056,0.9854375184100747,1.0
Icos,-0.018252378,-3.354023,0.9854375184100747,1.0
Zfp641,-0.018252378,-3.0100455,0.9854375184100747,1.0
Rragb,-0.018252378,-2.345948,0.9854375184100747,1.0
Wscd1,-0.018252378,-1.958061,0.9854375184100747,1.0
Celf5,-0.018252378,-2.0393577,0.9854375184100747,1.0
Plxnc1,-0.018252378,-2.0905552,0.9854375184100747,1.0
Nme5,-0.018252378,-2.255795,0.9854375184100747,1.0
C2cd4d,-0.018252378,-3.4338603,0.9854375184100747,1.0
Gpm6a,-0.018252378,-2.0087306,0.9854375184100747,1.0
Gdap1l1,-0.018252378,-2.7845905,0.9854375184100747,1.0
Igfbp6,-0.018252378,-2.509065,0.9854375184100747,1.0
Ttc25,-0.018252378,-3.044929,0.9854375184100747,1.0
Fcer1a,-0.018252378,-2.251487,0.9854375184100747,1.0
Ms4a7,-0.018252378,-3.0076375,0.9854375184100747,1.0
Spag4,-0.018252378,-2.988957,0.9854375184100747,1.0
Zeb1,-0.018252378,-3.1692696,0.9854375184100747,1.0
Neb,-0.018252378,-2.9545634,0.9854375184100747,1.0
Eddm3b,-0.018252378,-3.4493158,0.9854375184100747,1.0
Ptgdr2,-0.018252378,-2.6231909,0.9854375184100747,1.0
Best1,-0.018252378,-2.3725886,0.9854375184100747,1.0
Exoc3l,-0.018252378,-1.6606942,0.9854375184100747,1.0
Syce1,-0.018252378,-2.618849,0.9854375184100747,1.0
Lrrc73,-0.018252378,-2.196785,0.9854375184100747,1.0
Mmp17,-0.018252378,-2.7856038,0.9854375184100747,1.0
Lama4,-0.018252378,-2.8371248,0.9854375184100747,1.0
Kcnmb2,-0.018252378,-2.3848732,0.9854375184100747,1.0
Slc28a2,-0.01833193,-0.91320246,0.9853740546972137,1.0
Sez6l2,-0.018356409,-1.0989312,0.9853545274195504,1.0
Tesc,-0.018672582,-0.9409266,0.9851023008758464,1.0
Rad54l,-0.01893164,-1.0500245,0.9848956389455665,1.0
Zfp286,-0.019555828,-17.653711,0.9843977017915959,1.0
Xkr7,-0.019555828,-17.819761,0.9843977017915959,1.0
Ascl1,-0.019555828,-17.211103,0.9843977017915959,1.0
Sfrp1,-0.019555828,-16.286219,0.9843977017915959,1.0
Pik3r6,-0.019555828,-18.219307,0.9843977017915959,1.0
Shisa8,-0.019555828,-17.01001,0.9843977017915959,1.0
Adrb1,-0.019555828,-17.057377,0.9843977017915959,1.0
Slc2a10,-0.019555828,-17.50905,0.9843977017915959,1.0
Ccdc80,-0.019555828,-18.095108,0.9843977017915959,1.0
Arhgap44,-0.019555828,-18.13782,0.9843977017915959,1.0
Sh2b2,-0.019555828,-17.024946,0.9843977017915959,1.0
Kcnmb4,-0.019555828,-17.944376,0.9843977017915959,1.0
Pcdhb7,-0.019555828,-17.781017,0.9843977017915959,1.0
Pcdhb12,-0.019555828,-16.679125,0.9843977017915959,1.0
Gapt,-0.019555828,-17.159698,0.9843977017915959,1.0
Spaca4,-0.019555828,-15.501719,0.9843977017915959,1.0
Ccdc155,-0.019555828,-17.620686,0.9843977017915959,1.0
Psors1c2,-0.019555828,-16.35521,0.9843977017915959,1.0
Bend4,-0.019555828,-18.669136,0.9843977017915959,1.0
Hapln4,-0.019555828,-17.253849,0.9843977017915959,1.0
Sall2,-0.019555828,-15.87746,0.9843977017915959,1.0
Cpne7,-0.019555828,-17.508324,0.9843977017915959,1.0
Disc1,-0.019555828,-16.630308,0.9843977017915959,1.0
Slc38a4,-0.019555828,-17.725172,0.9843977017915959,1.0
Afp,-0.019555828,-16.481588,0.9843977017915959,1.0
Dkk3,-0.019555828,-17.531775,0.9843977017915959,1.0
Izumo1r,-0.019555828,-17.563993,0.9843977017915959,1.0
Ankrd6,-0.019555828,-16.814466,0.9843977017915959,1.0
Trim30c,-0.019555828,-18.098703,0.9843977017915959,1.0
Tmem91,-0.019555828,-16.820047,0.9843977017915959,1.0
Crmp1,-0.019555828,-16.88933,0.9843977017915959,1.0
Gpr119,-0.019555828,-15.810467,0.9843977017915959,1.0
Olfr558,-0.019555828,-16.492062,0.9843977017915959,1.0
Plppr3,-0.019555828,-17.098528,0.9843977017915959,1.0
Ece2,-0.019555828,-17.341242,0.9843977017915959,1.0
Cd300lb,-0.019555828,-17.09483,0.9843977017915959,1.0
Cemip,-0.019555828,-17.84249,0.9843977017915959,1.0
Tmod2,-0.019555828,-15.631529,0.9843977017915959,1.0
Fam78b,-0.019555828,-17.057377,0.9843977017915959,1.0
Tek,-0.019555828,-18.918798,0.9843977017915959,1.0
Sfrp5,-0.019555828,-15.87746,0.9843977017915959,1.0
Frmpd4,-0.019555828,-16.587877,0.9843977017915959,1.0
Adamts14,-0.019555828,-17.124168,0.9843977017915959,1.0
Fcgr1,-0.019555828,-17.751883,0.9843977017915959,1.0
Egfl6,-0.019555828,-17.949612,0.9843977017915959,1.0
Tcrg-V5,-0.019555828,-17.798388,0.9843977017915959,1.0
Vwa5b2,-0.019555828,-17.359194,0.9843977017915959,1.0
Clec9a,-0.019555828,-16.69278,0.9843977017915959,1.0
Kcnq5,-0.019555828,-18.58844,0.9843977017915959,1.0
Runx2,-0.019555828,-18.487616,0.9843977017915959,1.0
Tmem59l,-0.019555828,-18.3285,0.9843977017915959,1.0
Unc13a,-0.019555828,-16.88933,0.9843977017915959,1.0
Ms4a4c,-0.019555828,-17.771976,0.9843977017915959,1.0
Ak5,-0.019555828,-16.288269,0.9843977017915959,1.0
Muc6,-0.019555828,-17.339333,0.9843977017915959,1.0
Tnfsf14,-0.019555828,-17.775583,0.9843977017915959,1.0
Ckm,-0.019555828,-17.062517,0.9843977017915959,1.0
Mtss2,-0.019555828,-17.721712,0.9843977017915959,1.0
Cox6a2,-0.019555828,-16.0802,0.9843977017915959,1.0
Myl1,-0.019555828,-16.544239,0.9843977017915959,1.0
Kcnq4,-0.019555828,-15.231992,0.9843977017915959,1.0
Henmt1,-0.019555828,-17.545908,0.9843977017915959,1.0
Awat2,-0.019555828,-16.448,0.9843977017915959,1.0
Zfp583,-0.019555828,-17.092722,0.9843977017915959,1.0
Npm2,-0.019555828,-17.431574,0.9843977017915959,1.0
Ptafr,-0.019555828,-17.09483,0.9843977017915959,1.0
Kcnh7,-0.019555828,-17.368916,0.9843977017915959,1.0
Hpca,-0.019555828,-17.923674,0.9843977017915959,1.0
Erp27,-0.019555828,-17.365665,0.9843977017915959,1.0
Sbk2,-0.019555828,-16.75781,0.9843977017915959,1.0
Adcy1,-0.019555828,-16.513594,0.9843977017915959,1.0
Hba-a1,-0.019555828,-16.31999,0.9843977017915959,1.0
Ebf1,-0.019555828,-18.000046,0.9843977017915959,1.0
Il1r2,-0.019555828,-16.84611,0.9843977017915959,1.0
Cep85l,-0.019555828,-16.934443,0.9843977017915959,1.0
Cybrd1,-0.019555828,-16.331732,0.9843977017915959,1.0
Podxl,-0.019555828,-18.095108,0.9843977017915959,1.0
Plvap,-0.019555828,-17.923674,0.9843977017915959,1.0
Cpne5,-0.019555828,-18.582533,0.9843977017915959,1.0
Pdzd2,-0.019555828,-17.339333,0.9843977017915959,1.0
F12,-0.019555828,-16.603958,0.9843977017915959,1.0
Iigp1,-0.0196415,-1.1278042,0.984329357946364,1.0
Tcrg-C2,-0.01964966,-1.0717887,0.9843228490147129,1.0
Camkk2,-0.01965374,-1.0517042,0.9843195945492788,1.0
Gnat2,-0.019714935,-1.3978399,0.9842707775991092,1.0
Cntd1,-0.019714935,-0.5646791,0.9842707775991092,1.0
Rnf208,-0.019737372,-1.5766718,0.9842528780654607,1.0
Skp2,-0.020881716,-1.2015768,0.9833400125598644,1.0
Chst12,-0.020902114,-0.9521984,0.9833237406417975,1.0
Esr2,-0.02095515,-1.338274,0.9832814336873097,1.0
Mxd3,-0.021328438,-1.1112208,0.9829836591522275,1.0
Ripply1,-0.022179045,-0.8163536,0.9823051326583965,1.0
Gng2,-0.022228,-1.3693787,0.9822660811587357,1.0
Metrn,-0.022228,-1.5702561,0.9822660811587357,1.0
Cplx2,-0.022232082,-1.3568482,0.9822628268690142,1.0
Dzip1,-0.022236161,-1.3082324,0.9822595725795878,1.0
Defb45,-0.022272877,-1.2163548,0.9822302839880421,1.0
Rdx,-0.022423824,-0.9752662,0.9821098755859828,1.0
Nexn,-0.022517657,-1.0210569,0.9820350273250806,1.0
Fam43a,-0.022554373,-1.1143152,0.9820057389181749,1.0
Runx3,-0.023625283,-0.5856779,0.9811515045500582,1.0
Slc16a6,-0.023637522,-0.6948805,0.981141741994611,1.0
Npnt,-0.024761468,-1.0482665,0.9802452262135075,1.0
Kcnk10,-0.024765547,-0.7449837,0.9802419721175025,1.0
Msl3l2,-0.024765547,-0.8944765,0.9802419721175025,1.0
Zfp503,-0.024781866,-0.9589166,0.9802289557367708,1.0
Gpc3,-0.024785945,-1.3638746,0.9802257016424103,1.0
Gbp4,-0.024794105,-1.8897299,0.9802191934546763,1.0
Ptprt,-0.024814503,-1.9959197,0.9802029229911027,1.0
Armc3,-0.024814503,-1.8685528,0.9802029229911027,1.0
Brca1,-0.025142916,-0.9719992,0.9799409696659352,1.0
Lif,-0.025385655,-0.84429,0.9797473533794433,1.0
Trbv17,-0.026050638,-0.017106803,0.979216948521124,1.0
Klhdc9,-0.026050638,-1.0388314,0.979216948521124,1.0
Slco3a1,-0.026066957,-0.9370828,0.979203932565529,1.0
Rhobtb1,-0.026075115,-1.4599127,0.9791974245898076,1.0
Tulp2,-0.026075115,-1.3203237,0.9791974245898076,1.0
Arhgef17,-0.026087355,-1.6114285,0.9791876626288217,1.0
Ptpn7,-0.026091434,-1.9280453,0.979184408642519,1.0
Cnga3,-0.026095515,-1.9592935,0.9791811546565626,1.0
Rsph9,-0.026224025,-0.880636,0.9790786542765435,1.0
Klk1b4,-0.026297458,-1.2335615,0.9790200827858001,1.0
Sst,-0.026309697,-1.4315265,0.9790103208816644,1.0
Zfp493,-0.026313776,-1.3500084,0.9790070669143176,1.0
Fbp1,-0.026338255,-1.5973748,0.9789875431175744,1.0
Phyhd1,-0.02639537,-1.8015274,0.9789419876408102,1.0
Large2,-0.027221499,-1.0362624,0.9782830679645589,1.0
Tspo2,-0.027356127,-0.27855444,0.9781756898540295,1.0
Grhl3,-0.027364288,-1.3116953,0.9781691821024454,1.0
Cxcr6,-0.027368367,-1.9872355,0.9781659282271983,1.0
Txlnb,-0.027368367,-1.4130307,0.9781659282271983,1.0
Zfp940,-0.027372446,-1.2380589,0.9781626743523144,1.0
Casc1,-0.027372446,-1.0985147,0.9781626743523144,1.0
Tmem182,-0.027376527,-1.9942889,0.9781594204777939,1.0
Itprid1,-0.027376527,-1.927516,0.9781594204777939,1.0
Smyd1,-0.027376527,-1.9691086,0.9781594204777939,1.0
Dlg4,-0.027376527,-1.5155777,0.9781594204777939,1.0
Ngb,-0.027376527,-1.61724,0.9781594204777939,1.0
Klra7,-0.027376527,-1.8575135,0.9781594204777939,1.0
Krt80,-0.027376527,-1.8909326,0.9781594204777939,1.0
Serping1,-0.027380606,-1.6927048,0.9781561666036368,1.0
Piwil2,-0.027380606,-1.9075274,0.9781561666036368,1.0
Kcnj11,-0.027380606,-1.9027029,0.9781561666036368,1.0
Slc9b1,-0.027380606,-2.8722239,0.9781561666036368,1.0
Il23a,-0.027380606,-1.6240158,0.9781561666036368,1.0
Dzip1l,-0.027380606,-2.445873,0.9781561666036368,1.0
Ubap1l,-0.027380606,-2.3256328,0.9781561666036368,1.0
Fbxw10,-0.027380606,-2.5442371,0.9781561666036368,1.0
Slc19a3,-0.027380606,-2.462582,0.9781561666036368,1.0
Cav1,-0.027384685,-2.1888623,0.9781529127298432,1.0
Trbv12-1,-0.027384685,-2.656955,0.9781529127298432,1.0
Hsf4,-0.027384685,-2.354785,0.9781529127298432,1.0
Klhl41,-0.027384685,-2.82784,0.9781529127298432,1.0
Cercam,-0.027384685,-2.5724716,0.9781529127298432,1.0
Il25,-0.027384685,-2.4864683,0.9781529127298432,1.0
St18,-0.027384685,-1.7021437,0.9781529127298432,1.0
Crnn,-0.027384685,-2.242732,0.9781529127298432,1.0
Mxra8,-0.027384685,-2.4636388,0.9781529127298432,1.0
Prr22,-0.027511155,-1.1195588,0.978052042822817,1.0
H1fx,-0.027621306,-1.3551145,0.9779641886735607,1.0
Rbp7,-0.027653944,-1.7452127,0.9779381578658065,1.0
Il12a,-0.028673857,-0.97788554,0.9771247071030621,1.0
Pcdhb21,-0.028673857,-0.10541256,0.9771247071030621,1.0
Adamts7,-0.028673857,-0.5338937,0.9771247071030621,1.0
Aldh1l2,-0.028673857,-1.42773,0.9771247071030621,1.0
Ggn,-0.028673857,-1.0958202,0.9771247071030621,1.0
Clstn3,-0.028673857,-0.6688105,0.9771247071030621,1.0
Plxdc2,-0.028673857,-0.7764003,0.9771247071030621,1.0
Nuggc,-0.028677937,-1.638029,0.9771214533472156,1.0
Shroom1,-0.028677937,-2.3628783,0.9771214533472156,1.0
Wdcp,-0.028677937,-2.2935643,0.9771214533472156,1.0
Arhgap22,-0.028677937,-2.4605484,0.9771214533472156,1.0
Cntn1,-0.028677937,-1.5585951,0.9771214533472156,1.0
Bst1,-0.028677937,-1.9799359,0.9771214533472156,1.0
Plin4,-0.028677937,-2.1796675,0.9771214533472156,1.0
Sh3gl3,-0.028677937,-1.4547036,0.9771214533472156,1.0
T2,-0.028682016,-2.624946,0.9771181995917498,1.0
Fasl,-0.028682016,-4.610134,0.9771181995917498,1.0
Mapk8ip2,-0.028682016,-4.1180024,0.9771181995917498,1.0
Etv1,-0.028682016,-3.7102814,0.9771181995917498,1.0
Pdgfrl,-0.028682016,-1.9817867,0.9771181995917498,1.0
Duoxa1,-0.028682016,-4.12252,0.9771181995917498,1.0
Efcab1,-0.028682016,-3.486908,0.9771181995917498,1.0
Pax6,-0.028682016,-3.099808,0.9771181995917498,1.0
Hist3h2ba,-0.028682016,-3.2132676,0.9771181995917498,1.0
Bcl2l10,-0.028682016,-3.7129433,0.9771181995917498,1.0
Kcnj8,-0.028682016,-2.3555715,0.9771181995917498,1.0
Pcdhb19,-0.028682016,-3.4564433,0.9771181995917498,1.0
Podxl2,-0.028682016,-3.0771046,0.9771181995917498,1.0
Tspan2,-0.028682016,-4.253886,0.9771181995917498,1.0
Rgs4,-0.028682016,-2.8106923,0.9771181995917498,1.0
Adamts3,-0.028682016,-6.140293,0.9771181995917498,1.0
Krt14,-0.028682016,-5.3377647,0.9771181995917498,1.0
Adam18,-0.028682016,-2.9192624,0.9771181995917498,1.0
Gls2,-0.028682016,-4.2596574,0.9771181995917498,1.0
P2ry12,-0.028682016,-2.5170333,0.9771181995917498,1.0
Entpd1,-0.028682016,-3.1447701,0.9771181995917498,1.0
Sdc3,-0.028682016,-3.9083807,0.9771181995917498,1.0
Tnfsf8,-0.028682016,-3.6742578,0.9771181995917498,1.0
Rab36,-0.028682016,-3.3038695,0.9771181995917498,1.0
Lrmda,-0.028777888,-0.91265106,0.977041736448023,1.0
Spsb4,-0.028851321,-1.3772131,0.9769831690763198,1.0
Itgal,-0.028892118,-1.6478655,0.9769506317011923,1.0
Slco4a1,-0.02922461,-1.4376915,0.9766854535287044,1.0
Cdsn,-0.029302124,-1.0858576,0.976623633219753,1.0
Spa17,-0.029369438,-1.049614,0.9765699472758814,1.0
Ptgs1,-0.02993447,-0.2544827,0.9761193149248656,1.0
Grap2,-0.030028302,-1.2986848,0.9760444814057222,1.0
Vangl2,-0.030089498,-1.3177054,0.9759956770502716,1.0
Hoxb2,-0.030097656,-1.6786015,0.9759891698096639,1.0
Mro,-0.030146612,-2.386407,0.9759501263995916,1.0
Trim37,-0.030232284,-1.0238996,0.9758818005706751,1.0
Rgs17,-0.030664729,-1.3450649,0.9755369205265992,1.0
Spag5,-0.031066574,-0.935026,0.9752164464704832,1.0
Zfpm1,-0.03125832,-0.36425453,0.9750635313225561,1.0
Ttc8,-0.03137663,-1.6600697,0.9749691798796302,1.0
Arhgap4,-0.031388868,-1.4858688,0.9749594194055022,1.0
Armcx1,-0.03144802,-1.2009993,0.9749122438334367,1.0
Itgb7,-0.031664245,-0.8404991,0.974739809731706,1.0
Troap,-0.031774394,-1.4618489,0.9746519663974278,1.0
Srm,-0.032031413,-0.8967503,0.9744469998149189,1.0
Ltc4s,-0.03257809,-0.34921193,0.9740110447757877,1.0
Ripply3,-0.0326556,-1.3385425,0.9739492308807882,1.0
Grik5,-0.033524565,-1.2709354,0.9732562753796812,1.0
Tcf7,-0.033675514,-1.1040194,0.9731359048710398,1.0
Neu3,-0.0338081,-0.9935843,0.9730301745235328,1.0
Tox2,-0.033910096,-1.2505014,0.9729488438093974,1.0
Fabp1,-0.033922333,-1.1287287,0.9729390841425869,1.0
Sytl5,-0.03393049,-1.577471,0.9729325777002975,1.0
Slpi,-0.03393457,-1.7204121,0.9729293244798283,1.0
Zfp184,-0.03393865,-1.7737532,0.9729260712598095,1.0
Glp1r,-0.033942733,-1.4029676,0.9729228180402409,1.0
Ifi203,-0.033946812,-1.660546,0.9729195648211231,1.0
Sash3,-0.03395089,-2.0923986,0.9729163116024557,1.0
Siglecf,-0.033985566,-0.6700253,0.9728886592619813,1.0
Ddias,-0.034605674,-1.2480955,0.9723941758835073,1.0
Eya2,-0.035184987,-0.76107854,0.9719322338894236,1.0
Asb16,-0.035197224,-0.9608642,0.9719224746525383,1.0
Abcc8,-0.035201304,-1.3288198,0.9719192215745107,1.0
Cib2,-0.035213545,-1.624617,0.9719094623432312,1.0
Layn,-0.035213545,-1.3791794,0.9719094623432312,1.0
Adgrv1,-0.035213545,-1.7939787,0.9719094623432312,1.0
Nlrc3,-0.035217624,-1.9370906,0.9719062092670726,1.0
Dyrk3,-0.035225783,-2.1117368,0.9718997031161577,1.0
Pde1c,-0.03522986,-2.099416,0.9718964500414013,1.0
Tnfsf12,-0.03523394,-2.2046106,0.9718931969671126,1.0
P3h1,-0.03523802,-2.0634835,0.9718899438932915,1.0
Nxn,-0.035433844,-1.0669585,0.971733796900841,1.0
Slfn9,-0.03633545,-1.571319,0.9710148841938567,1.0
Pdzk1,-0.036488436,-0.9615143,0.970892899064729,1.0
Ncs1,-0.036504757,-2.4288225,0.9708798873577632,1.0
Neurog3,-0.036504757,-1.4866959,0.9708798873577632,1.0
Epha7,-0.036508836,-2.217927,0.9708766344322327,1.0
Fam184b,-0.036508836,-2.0864534,0.9708766344322327,1.0
Izumo1,-0.036512915,-2.689004,0.9708733815071867,1.0
Amigo2,-0.036512915,-1.6340433,0.9708733815071867,1.0
Fev,-0.036516994,-2.2634315,0.9708701285826253,1.0
Pla2g7,-0.036516994,-2.7634876,0.9708701285826253,1.0
Lta,-0.036516994,-2.424843,0.9708701285826253,1.0
Lax1,-0.036521073,-1.9354206,0.9708668756585485,1.0
Plcb2,-0.036521073,-2.2845619,0.9708668756585485,1.0
Adamts10,-0.036629185,-0.90622646,0.97078067334728,1.0
Lca5,-0.036633264,-0.85247386,0.9707774204365511,1.0
Mcub,-0.03701471,-0.9761449,0.9704732754385236,1.0
Mdm1,-0.03726153,-0.9825946,0.9702764780194311,1.0
Chst14,-0.037324764,-1.3869395,0.9702260591367139,1.0
Gpr174,-0.037787806,-0.7712658,0.9698568664409852,1.0
Gprc5c,-0.037795965,-1.5171386,0.9698503609005082,1.0
Cxxc4,-0.037795965,-1.1198602,0.9698503609005082,1.0
Slfn1,-0.037800044,-1.8905418,0.9698471081310219,1.0
Nek11,-0.037804127,-2.2655773,0.9698438553620373,1.0
Dkkl1,-0.037804127,-2.137461,0.9698438553620373,1.0
Ankrd61,-0.037804127,-2.0860658,0.9698438553620373,1.0
Pcdhb5,-0.037804127,-2.3930652,0.9698438553620373,1.0
Srms,-0.037808206,-3.7955613,0.9698406025935544,1.0
Sucnr1,-0.037808206,-2.9475389,0.9698406025935544,1.0
Tnf,-0.037808206,-2.6501896,0.9698406025935544,1.0
Gpr85,-0.037808206,-2.8654137,0.9698406025935544,1.0
Smad9,-0.037812285,-4.4079876,0.9698373498255731,1.0
F8,-0.037812285,-3.1271622,0.9698373498255731,1.0
Fzd9,-0.037812285,-3.202208,0.9698373498255731,1.0
Map6,-0.037812285,-2.6326568,0.9698373498255731,1.0
Gpr20,-0.037967313,-1.1255963,0.9697137450145962,1.0
Marcks,-0.03869961,-0.92806184,0.969129884805483,1.0
Armcx3,-0.038848516,-1.1336777,0.9690111631559813,1.0
Atcay,-0.039111655,-17.67465,0.9688013690451713,1.0
Fam92b,-0.039111655,-17.841253,0.9688013690451713,1.0
Pnmal2,-0.039111655,-16.930473,0.9688013690451713,1.0
Faxc,-0.039111655,-17.498974,0.9688013690451713,1.0
Prrt4,-0.039111655,-17.31621,0.9688013690451713,1.0
Hpx,-0.039111655,-19.07621,0.9688013690451713,1.0
Cyp4x1,-0.039111655,-19.414787,0.9688013690451713,1.0
Acta2,-0.039111655,-17.776985,0.9688013690451713,1.0
Cacnb4,-0.039111655,-17.728436,0.9688013690451713,1.0
Rgs9,-0.039111655,-17.81424,0.9688013690451713,1.0
Tcrg-V1,-0.039111655,-18.11334,0.9688013690451713,1.0
Slc22a17,-0.039111655,-18.496315,0.9688013690451713,1.0
Edaradd,-0.039111655,-19.028955,0.9688013690451713,1.0
Gpr162,-0.039111655,-18.830189,0.9688013690451713,1.0
Apela,-0.039111655,-18.456234,0.9688013690451713,1.0
Cd55b,-0.039111655,-19.16898,0.9688013690451713,1.0
Arg1,-0.039111655,-17.596596,0.9688013690451713,1.0
Tgfb1i1,-0.039111655,-17.900461,0.9688013690451713,1.0
Plau,-0.039111655,-18.261427,0.9688013690451713,1.0
Cacnb2,-0.039111655,-17.522102,0.9688013690451713,1.0
Klrb1f,-0.039111655,-18.85035,0.9688013690451713,1.0
Hspb8,-0.039111655,-19.39669,0.9688013690451713,1.0
Jchain,-0.039178967,-1.1301891,0.9687477011305051,1.0
C1qtnf1,-0.039242204,-1.2223907,0.9686972859456547,1.0
Xkr5,-0.039260563,-1.4580417,0.9686826493025088,1.0
Ccnf,-0.03941967,-1.4550241,0.9685557988376803,1.0
Celsr2,-0.0397236,-1.2868,0.96831348413829,1.0
Ano7,-0.040027536,-0.9381821,0.9680711723644361,1.0
Syngap1,-0.0404763,-1.0559283,0.967713401987056,1.0
Nek5,-0.04178587,-1.490379,0.9666694003918109,1.0
Phlda3,-0.041818507,-1.873903,0.9666433823826599,1.0
Lrit3,-0.041822586,-1.6128511,0.9666401301340123,1.0
Klhl23,-0.041826665,-1.9949254,0.9666368778859196,1.0
Zfr2,-0.04221627,-1.2846318,0.9663262907580858,1.0
C2cd4b,-0.042224433,-1.2839233,0.9663197863700654,1.0
Nox1,-0.04234682,-0.6302615,0.9662222208189107,1.0
Recql4,-0.0423917,-0.91872585,0.9661864469101068,1.0
N4bp3,-0.042577323,-0.9872875,0.9660384737383467,1.0
Katnal2,-0.043046482,-1.1766615,0.9656644808367936,1.0
Pcdhga11,-0.04308524,-1.6229879,0.9656335861076316,1.0
Olfm1,-0.043087278,-1.9779751,0.9656319600706834,1.0
Ppp1r16b,-0.043087278,-1.7383164,0.9656319600706834,1.0
Itk,-0.043274943,-0.956366,0.9654823652837012,1.0
Slc7a5,-0.043770622,-0.9400713,0.9650872457784879,1.0
Hap1,-0.044347893,-1.58373,0.9646270968374792,1.0
Tgif2,-0.04436829,-2.344845,0.9646108373721665,1.0
Iqck,-0.04436829,-2.3116338,0.9646108373721665,1.0
Ido1,-0.04437645,-2.355724,0.9646043335901613,1.0
Wdr31,-0.044533517,-0.8664499,0.9644791362460587,1.0
Rab38,-0.04460695,-1.3037522,0.9644206027230781,1.0
Depdc1a,-0.04511079,-1.3706857,0.9640190029054974,1.0
Itga8,-0.045637064,-1.7697295,0.963599527823863,1.0
Plekhf1,-0.045641143,-1.8744111,0.9635962761182463,1.0
Wif1,-0.045645222,-1.9528022,0.963593024413235,1.0
Lama5,-0.04565338,-2.5171063,0.9635865210050291,1.0
Zcchc24,-0.045661543,-2.9443135,0.9635800175992456,1.0
Phf19,-0.045759454,-0.7406227,0.9635019769189583,1.0
Tert,-0.046550907,-1.3588034,0.9628711609876931,1.0
Matk,-0.046909917,-1.3594428,0.9625850253170641,1.0
Nrgn,-0.046918076,-1.1231357,0.9625785222895051,1.0
H2-DMb1,-0.046930313,-1.8038235,0.9625687677528344,1.0
Pcdhb14,-0.046934392,-1.5296016,0.9625655162418558,1.0
Fndc8,-0.046942554,-2.8083844,0.9625590132217665,1.0
Zfp185,-0.046942554,-2.2805204,0.9625590132217665,1.0
Eva1c,-0.046942554,-2.7028465,0.9625590132217665,1.0
Slc16a2,-0.046942554,-2.479529,0.9625590132217665,1.0
Nfam1,-0.046946634,-2.4881473,0.9625557617126559,1.0
Fkbp7,-0.04698131,-0.7525309,0.9625281239103644,1.0
Ahnak2,-0.047115937,-1.0543154,0.9624208246343937,1.0
Zranb3,-0.047132257,-1.4018097,0.9624078187077594,1.0
H60c,-0.04720977,-1.5150554,0.9623460406929127,1.0
Ccr9,-0.048231725,-1.6967458,0.961531567618282,1.0
Tnfrsf9,-0.048235804,-2.5175824,0.9615283163086472,1.0
Cfap45,-0.048235804,-3.298524,0.9615283163086472,1.0
Bcl2a1d,-0.048235804,-2.6967232,0.9615283163086472,1.0
Emid1,-0.048239883,-4.705756,0.9615250649996523,1.0
Matn4,-0.048239883,-4.9246926,0.9615250649996523,1.0
Tmem210,-0.048239883,-4.4295673,0.9615250649996523,1.0
Rnf144b,-0.048239883,-4.952626,0.9615250649996523,1.0
Nxpe3,-0.048239883,-5.5218987,0.9615250649996523,1.0
Slc34a1,-0.048239883,-5.833356,0.9615250649996523,1.0
S100a7a,-0.048239883,-4.8025465,0.9615250649996523,1.0
Cd2,-0.04828884,-0.9989195,0.9614860493416378,1.0
Foxred2,-0.048370432,-1.286021,0.9614210234499571,1.0
Alox5,-0.04837859,-1.1261742,0.9614145208748969,1.0
Agbl3,-0.04838267,-1.1597573,0.9614112695883292,1.0
Cd244a,-0.04959229,-1.0104392,0.9604472916597209,1.0
Chst10,-0.049657565,-1.5507499,0.9603952742464503,1.0
Mpp2,-0.04970244,-1.5205057,0.9603595123726191,1.0
Scg3,-0.049730998,-1.9434423,0.9603367548580708,1.0
Tet1,-0.049735077,-1.7531083,0.9603335037872018,1.0
Arhgap30,-0.050924297,-1.7797083,0.9593858449737698,1.0
Hspb1,-0.05100181,-1.7734021,0.9593240784525263,1.0
Pard6g,-0.05101813,-2.1039639,0.9593110750054722,1.0
Hyal1,-0.051348582,-1.298001,0.9590477575366646,1.0
Tyrobp,-0.0513853,-1.2526647,0.9590185003154083,1.0
Stx19,-0.052223668,-1.8683536,0.9583504755276646,1.0
Pygl,-0.052235905,-1.8842077,0.9583407235564436,1.0
Robo1,-0.052248143,-1.8102885,0.9583309715914572,1.0
Stard8,-0.052356254,-0.77870834,0.9582448295050764,1.0
Rab27a,-0.053178307,-0.85547054,0.9575898406056487,1.0
Ptges,-0.05347816,-1.845942,0.9573509311627915,1.0
Ccdc69,-0.0534904,-1.4124568,0.9573411798381909,1.0
Rem2,-0.053506717,-2.2075057,0.9573281780819874,1.0
Spaca6,-0.05351488,-2.1734715,0.9573216772081428,1.0
Cdh24,-0.053820852,-1.3311568,0.9570778964918488,1.0
Ptk7,-0.053865727,-0.8457186,0.9570421423238227,1.0
BC030867,-0.054249216,-1.2007204,0.9567366102384885,1.0
Rin3,-0.05431449,-1.2581892,0.9566846054089506,1.0
Upb1,-0.05442872,-1.0602518,0.9565935974010445,1.0
Msr1,-0.05476529,-1.7857256,0.9563254521005006,1.0
Nhs,-0.05476937,-1.6987851,0.9563222018846901,1.0
Icam1,-0.05477753,-1.7093776,0.9563157014552476,1.0
Fzd2,-0.05477753,-2.4747796,0.9563157014552476,1.0
Myt1,-0.05478569,-1.9638798,0.9563092010287105,1.0
Sertad4,-0.054806087,-2.2828321,0.9562929499750816,1.0
Rtn2,-0.054812208,-0.98268807,0.9562880746625353,1.0
Msn,-0.055560824,-1.020142,0.9556916738196797,1.0
Gpr34,-0.056048345,-1.5873598,0.9553032953065441,1.0
Piezo2,-0.056048345,-1.7020867,0.9553032953065441,1.0
Capn6,-0.056052424,-2.1136258,0.955300045321791,1.0
Ift57,-0.05606466,-2.1040425,0.9552902953719912,1.0
Slc9a7,-0.05607282,-2.2681742,0.9552837954091745,1.0
Plin5,-0.05607282,-2.7214723,0.9552837954091745,1.0
Slamf6,-0.05607282,-3.0717523,0.9552837954091745,1.0
Pou6f1,-0.05632984,-1.68672,0.9550790481049276,1.0
Dnal1,-0.056354318,-1.6848471,0.9550595485160529,1.0
Gfra3,-0.056415513,-1.6429391,0.9550107996615725,1.0
Mtap,-0.056586858,-1.0153352,0.9548743037649493,1.0
Clca2,-0.057355873,-1.8872305,0.9542617135374389,1.0
Gpr15,-0.057355873,-2.1737542,0.9542617135374389,1.0
Rdh12,-0.05736403,-3.0850391,0.9542552140505984,1.0
Slc6a1,-0.05736403,-2.8477356,0.9542552140505984,1.0
Zfp941,-0.05736811,-2.6384013,0.9542519643083188,1.0
H2afy2,-0.05737219,-3.7299497,0.9542487145667999,1.0
Ifitm10,-0.05737219,-4.125551,0.9542487145667999,1.0
Rftn1,-0.05737219,-3.8016286,0.9542487145667999,1.0
Nxf7,-0.057555776,-1.2992823,0.954102476986518,1.0
Otulinl,-0.057574134,-1.6206491,0.9540878533133941,1.0
Pear1,-0.057582293,-1.6399881,0.9540813539080779,1.0
Mcf2l,-0.057898466,-1.0766773,0.9538295043080273,1.0
Mcm10,-0.058128968,-1.0991561,0.9536459007296718,1.0
Heatr9,-0.05866748,-19.504087,0.9532169603809827,1.0
Lman1l,-0.05866748,-18.931293,0.9532169603809827,1.0
Slit1,-0.05866748,-19.169456,0.9532169603809827,1.0
Armcx4,-0.05866748,-18.283789,0.9532169603809827,1.0
Mst1,-0.05866748,-19.25946,0.9532169603809827,1.0
Gpbar1,-0.05866748,-18.579552,0.9532169603809827,1.0
Sept4,-0.05866748,-19.793753,0.9532169603809827,1.0
Cdh2,-0.05866748,-18.848255,0.9532169603809827,1.0
Hmgcll1,-0.05866748,-19.788088,0.9532169603809827,1.0
Krt39,-0.05866748,-18.610756,0.9532169603809827,1.0
Sept3,-0.05866748,-18.753088,0.9532169603809827,1.0
Trpm5,-0.058879625,-1.6229572,0.9530479875938384,1.0
Maged2,-0.058969375,-0.74604225,0.9529764997418964,1.0
Dscc1,-0.059240673,-1.0466657,0.9527604137648619,1.0
Aurka,-0.06024427,-1.1161902,0.9519610884300456,1.0
Steap1,-0.06094189,-1.2288579,0.9514054882675382,1.0
Ankdd1b,-0.0613111,-1.14041,0.9511114521088239,1.0
Scg5,-0.061319258,-1.3666915,0.9511049541471914,1.0
Flrt2,-0.061343737,-1.8847021,0.9510854602818023,1.0
Mok,-0.061355975,-1.4867557,0.9510757133600837,1.0
Zcwpw1,-0.061372295,-1.9022244,0.9510627174758447,1.0
Sync,-0.06140085,-1.8244365,0.9510399747097472,1.0
Mamld1,-0.06141717,-1.6046541,0.9510269788613093,1.0
Snx10,-0.061476324,-1.4804896,0.9509798690199329,1.0
Itgb2,-0.061710905,-1.3050857,0.950793055820041,1.0
Kif23,-0.062023,-0.79773164,0.9505445172351592,1.0
Myrip,-0.06259007,-1.1963996,0.9500929365798938,1.0
Sh2d7,-0.06272266,-0.48709273,0.949987353481405,1.0
Neil3,-0.06332033,-1.1595129,0.9495114282871397,1.0
Rnf39,-0.06350187,-1.1548303,0.9493668675375441,1.0
Hcls1,-0.064162776,-1.276026,0.9488406155499367,1.0
Cpn2,-0.06420765,-1.243022,0.9488048831967735,1.0
Syna,-0.06521125,-3.4178581,0.9480058048753348,1.0
Rorb,-0.065223485,-2.3369446,0.9479960603388853,1.0
Rad51c,-0.065762006,-1.0570185,0.9475673084566953,1.0
Avil,-0.06586807,-0.9382716,0.9474828591143565,1.0
Mgmt,-0.06599862,-1.4528396,0.9473789222723149,1.0
Emb,-0.066337235,-1.7606407,0.947109340266343,1.0
Hmgn3,-0.06649634,-2.517228,0.9469826712925585,1.0
Mdga1,-0.06650042,-2.868013,0.9469794233877621,1.0
Ooep,-0.06650042,-2.4388688,0.9469794233877621,1.0
Prrt1,-0.066508576,-3.0639365,0.9469729275808129,1.0
BC051019,-0.066508576,-3.296436,0.9469729275808129,1.0
Gbp6,-0.06710013,-1.2001768,0.9465019909963597,1.0
Sp140,-0.067257196,-1.7411947,0.9463769523473476,1.0
Plcxd3,-0.06779367,-3.415452,0.945949882265742,1.0
Lamb1,-0.06779775,-3.9424999,0.9459466346438644,1.0
Ninj2,-0.06779775,-5.904568,0.9459466346438644,1.0
Spta1,-0.06779775,-4.990016,0.9459466346438644,1.0
Rpp40,-0.06811188,-1.3307753,0.9456965704608735,1.0
Acvrl1,-0.068169,-0.7552514,0.9456511048198979,1.0
Bex4,-0.06887274,-0.8944696,0.9450909177457794,1.0
Fstl4,-0.06918483,-1.3873353,0.9448424956302991,1.0
Trabd2b,-0.06968255,-1.3772242,0.9444463302926794,1.0
Plch1,-0.070239425,-1.192489,0.9440030960212945,1.0
Reg3a,-0.070308775,-0.26632112,0.943947895894686,1.0
Pomc,-0.07050052,-1.7667937,0.9437952851815368,1.0
Kcnh2,-0.07052092,-1.8889495,0.9437790501205959,1.0
Bin2,-0.07082077,-1.1687361,0.9435403974232652,1.0
Zap70,-0.07171422,-1.0893575,0.942829339924826,1.0
Ciita,-0.0717591,-1.7299244,0.942793625904911,1.0
Ifi208,-0.071808055,-1.8236772,0.9427546652870823,1.0
Hoxd12,-0.07184885,-2.6831307,0.9427221982101789,1.0
Depdc1b,-0.07215482,-1.4227017,0.9424786981705604,1.0
Gng7,-0.07307479,-2.2929173,0.9417466071899158,1.0
Kcnh8,-0.07310334,-2.1852746,0.9417238823119242,1.0
Nlrp10,-0.073443994,-1.7617655,0.9414528106449859,1.0
Resp18,-0.07351743,-1.7325283,0.9413943769216242,1.0
Arhgap9,-0.07397639,-1.2606355,0.941029173310252,1.0
Zfp647,-0.0743252,-1.8963977,0.9407516268541606,1.0
Dnah5,-0.074345596,-2.4971626,0.9407353962896242,1.0
Pde1b,-0.07442923,-0.83880615,0.9406688512324372,1.0
Pik3r5,-0.07447207,-0.90937686,0.9406347673391432,1.0
Gpsm3,-0.074706644,-1.4628046,0.9404481193770109,1.0
Lbp,-0.07561641,-1.7433703,0.9397242809233265,1.0
Sec14l4,-0.07562457,-2.3860555,0.9397177893230305,1.0
Sirpa,-0.07562457,-2.1439412,0.9397177893230305,1.0
Ypel1,-0.075649045,-2.959651,0.9396983145461778,1.0
Gpr68,-0.075649045,-2.7803648,0.9396983145461778,1.0
Rgs19,-0.076065175,-1.1393977,0.9393672488666409,1.0
Grasp,-0.07634871,-1.345832,0.9391416757997586,1.0
Hist1h3c,-0.076365024,-1.244641,0.9391286933256392,1.0
Tsga10ip,-0.076903544,-2.1104846,0.9387002807763388,1.0
Cdh3,-0.0769117,-2.4822855,0.938693789813239,1.0
Lrg1,-0.07691986,-3.38302,0.9386872988542125,1.0
Syt3,-0.07692394,-3.5677814,0.938684053376227,1.0
Sypl2,-0.07692802,-3.3923397,0.9386808078992599,1.0
Samd4,-0.076932095,-2.5086281,0.9386775624233115,1.0
Bhmt2,-0.076932095,-4.340611,0.9386775624233115,1.0
Fer1l4,-0.076932095,-5.213312,0.9386775624233115,1.0
Eda2r,-0.077062644,-1.1297752,0.9385737077310803,1.0
Mesp2,-0.07709936,-1.1310085,0.9385444987870655,1.0
Tcp11l1,-0.07822331,-18.755037,0.9376504207489165,1.0
Tex26,-0.07822331,-18.865818,0.9376504207489165,1.0
Gipr,-0.07822331,-19.601734,0.9376504207489165,1.0
Pacrg,-0.07822331,-19.459183,0.9376504207489165,1.0
Rbbp8nl,-0.07833142,-1.3554152,0.9375644246281996,1.0
Cbx6,-0.0783355,-1.0755928,0.9375611795058216,1.0
Nkg7,-0.07885974,-1.3219105,0.9371441899281457,1.0
Gbp9,-0.07963283,-1.4693687,0.9365292834791369,1.0
Tmem211,-0.07963691,-1.854676,0.9365260386903105,1.0
Pfkfb3,-0.07963691,-1.6135168,0.9365260386903105,1.0
Car11,-0.07966547,-1.8662391,0.9365033251980461,1.0
Scn2b,-0.07992045,-1.0289854,0.9363005284525406,1.0
N4bp2l1,-0.0807221,-1.1518121,0.9356629624665977,1.0
Pthlh,-0.08082001,-1.0180637,0.935585094630849,1.0
Spns2,-0.08188888,-1.063371,0.9347350776631043,1.0
Tssk1,-0.08221933,-2.199275,0.9344723011686921,1.0
Dtx1,-0.08346771,-1.9122792,0.9334796546367934,1.0
Cacna1h,-0.08349218,-1.841006,0.9334601920081628,1.0
Fgr,-0.083889954,-1.8187287,0.9331439298760265,1.0
Tspan6,-0.08401234,-1.0670822,0.9330466205715456,1.0
Slc1a1,-0.085022055,-0.76123124,0.9322438571203653,1.0
Fam83d,-0.08571152,-1.3755245,0.931695747075317,1.0
Lgr5,-0.08596037,-0.93684995,0.9314979164801517,1.0
Scgn,-0.08605013,-2.8202608,0.9314265687786443,1.0
Rflna,-0.086062364,-2.9001744,0.9314168395893014,1.0
Gimap4,-0.08614396,-1.0387431,0.9313519785889754,1.0
Vill,-0.08623167,-1.3010758,0.9312822535220973,1.0
Tcrg-C4,-0.08625207,-1.5100118,0.9312660384658287,1.0
Fbln1,-0.08631326,-1.5798584,0.9312173934682217,1.0
Tcf7l1,-0.08641934,-1.045867,0.9311330760811334,1.0
Hmx2,-0.08735154,-3.861387,0.9303920893173495,1.0
Acsbg1,-0.08735561,-4.8669844,0.9303888466190103,1.0
Rims4,-0.08756368,-0.96032125,0.9302234705372687,1.0
Il2rb,-0.08819195,-1.4633071,0.9297241179376144,1.0
Zfp112,-0.08874882,-1.3869431,0.9292815330753698,1.0
Ell3,-0.088826336,-1.6189152,0.9292199295875277,1.0
Slc7a6,-0.08887529,-0.97254556,0.9291810223400377,1.0
Fam83c,-0.08937301,-1.0938452,0.9287854749491389,1.0
Rapgef3,-0.089424,-1.8413932,0.9287449485446013,1.0
Arhgef6,-0.09008491,-1.8759145,0.9282197430975272,1.0
Aspm,-0.090231776,-0.8834603,0.928103035014281,1.0
Mapk15,-0.090684615,-1.7718616,0.9277431948380392,1.0
Col8a1,-0.091553584,-0.9446876,0.9270527321625488,1.0
Sh3bp4,-0.09245927,-1.3868729,0.9263331534749597,1.0
Syngr1,-0.09261429,-2.0229342,0.9262099883716474,1.0
Tspyl4,-0.09263061,-2.199583,0.9261970237267477,1.0
Fads6,-0.09267957,-2.8841364,0.9261581299096467,1.0
Vsir,-0.09301002,-1.7614353,0.9258956012646141,1.0
Agk,-0.09377292,-1.3681494,0.9252895474789066,1.0
Rcsd1,-0.0939055,-2.4176998,0.925184221687932,1.0
Slamf7,-0.093921825,-2.4997084,0.9251712586042541,1.0
Ppil6,-0.094103366,-1.3856888,0.925027045639131,1.0
Tslp,-0.094238,-1.6539365,0.9249201027837665,1.0
Chad,-0.094266556,-0.98981154,0.9248974181100205,1.0
Mdfic,-0.09476631,-1.1882588,0.9245004462211138,1.0
Dus4l,-0.094951935,-1.264376,0.9243530043025783,1.0
Atp2b4,-0.09518856,-2.3324714,0.9241650601307925,1.0
Ak7,-0.09520895,-3.2065074,0.9241488582450605,1.0
Sfxn4,-0.096467525,-2.9923515,0.9231492630206304,1.0
Efna2,-0.09648385,-3.2673466,0.9231363030981462,1.0
Ccne1,-0.0966144,-1.5530905,0.9230326244531465,1.0
Sstr2,-0.09671842,-1.6033279,0.9229500064690518,1.0
Spib,-0.096773505,-0.77958935,0.9229062678727769,1.0
Cep131,-0.09687753,-1.1726006,0.9228236511604042,1.0
Slc23a4,-0.09690405,-1.2493038,0.9228025921315614,1.0
Slc25a43,-0.09777914,-19.637417,0.9221076746259597,1.0
Vim,-0.098023914,-1.3271307,0.9219133027261976,1.0
Ehf,-0.09845636,-0.45950356,0.9215699237748356,1.0
Nek2,-0.099694535,-0.9411632,0.9205868396434431,1.0
Slc1a3,-0.10042683,-1.3931527,0.9200054679829998,1.0
Tm4sf1,-0.10043091,-1.3795166,0.9200022292631344,1.0
Plcd3,-0.10048803,-2.0307317,0.9199568873243754,1.0
Ckap4,-0.10090619,-1.0467556,0.9196249274952165,1.0
Stk26,-0.10135087,-1.206454,0.9192719319236817,1.0
Igfbp4,-0.101785354,-2.420819,0.9189270479459873,1.0
Fgd2,-0.10180984,-2.5658367,0.9189076183159672,1.0
Dctd,-0.10223412,-1.0843279,0.9185708457657153,1.0
Cdkn3,-0.10257069,-0.9444041,0.9183037048509043,1.0
Gpr65,-0.103021495,-1.7980598,0.9179459123822007,1.0
Plekhh2,-0.10303781,-1.9605812,0.9179329609298288,1.0
Tmem107,-0.10315612,-1.2718263,0.9178390635516139,1.0
Bmx,-0.104314744,-2.2831938,0.9169195775771615,1.0
Incenp,-0.10441878,-1.0663183,0.9168370235157031,1.0
Scnn1b,-0.10451465,-1.474192,0.9167609450765947,1.0
Pdlim7,-0.10590173,-1.818559,0.9156603213915206,1.0
Zfp446,-0.10679925,-1.9909295,0.9149482391394783,1.0
Gnat3,-0.107046075,-1.293439,0.9147524284618003,1.0
Tmem173,-0.10710727,-0.9620048,0.9147038811597852,1.0
Scml2,-0.10715214,-1.720021,0.9146682800071964,1.0
Sema5a,-0.10732145,-0.84393406,0.9145339681097202,1.0
E2f7,-0.10743568,-1.0891871,0.9144433494128307,1.0
Elk3,-0.10780285,-1.761647,0.9141520825680451,1.0
Pik3ap1,-0.10839848,-0.93832195,0.9136796075574112,1.0
Wnt8b,-0.10840664,-1.4768244,0.9136731355084107,1.0
Ncmap,-0.10842296,-2.3108637,0.9136601914275841,1.0
Akr1b8,-0.1090145,-0.8382234,0.9131909839871474,1.0
Hist2h2be,-0.11067288,-1.2522053,0.9118757470291242,1.0
Gsap,-0.11070348,-1.1606908,0.9118514829213773,1.0
Anxa6,-0.110776916,-1.237997,0.9117932493981553,1.0
Celf3,-0.110960506,-2.5244777,0.9116476676632791,1.0
Lefty1,-0.112123206,-1.4862651,0.9107257190760263,1.0
Crisp3,-0.1121946,-2.1927495,0.9106691121017048,1.0
Rinl,-0.11254749,-1.6475275,0.9103893185793953,1.0
Dipk1b,-0.11255973,-1.1863197,0.910379614956996,1.0
Ackr4,-0.1134287,-1.8979725,0.9096906920204327,1.0
Slamf9,-0.113445014,-2.2310734,0.9096777551484304,1.0
Sp110,-0.11350213,-2.3043292,0.9096324762850475,1.0
Ifitm3,-0.11460363,-0.8212157,0.9087592986541687,1.0
Adora1,-0.11474438,-2.7188663,0.9086477338766188,1.0
Ighg3,-0.11474846,-2.9431653,0.9086445001418095,1.0
Xlr4a,-0.11476886,-3.5248227,0.9086283314904716,1.0
Pik3cg,-0.11516051,-1.1347291,0.9083179007328877,1.0
Trip6,-0.11517683,-1.0734714,0.9083049664214997,1.0
Fancd2,-0.116700575,-1.4720788,0.9070973326713848,1.0
Rgl3,-0.11751243,-1.8028623,0.9064539955001948,1.0
Klhl3,-0.11869145,-1.6534867,0.9055198112164583,1.0
Esam,-0.11884239,-2.20863,0.9054002191807269,1.0
Rassf2,-0.11885872,-2.1666582,0.905387290440452,1.0
Syn2,-0.11924424,-1.171406,0.9050818562532825,1.0
Cdk2,-0.12024376,-1.0654612,0.9042900553429177,1.0
Aqp12,-0.120260075,-1.0467257,0.9042771287684715,1.0
Ercc6l,-0.1205069,-1.3184756,0.9040816174254418,1.0
Nfatc2,-0.120816946,-1.3397831,0.9038360246415627,1.0
Soat2,-0.1213677,-2.6934536,0.9033997970012368,1.0
Apoa1,-0.12177975,-1.857809,0.9030734531603479,1.0
Samd5,-0.12391341,-3.4168615,0.9013838368209007,1.0
Fhl3,-0.12392565,-3.6806548,0.9013741462301239,1.0
Ppic,-0.12421326,-1.6436843,0.9011464215811176,1.0
Wfdc18,-0.12455595,-1.3555549,0.9008751007073895,1.0
Cd226,-0.12518626,-4.254285,0.9003760943624093,1.0
Rassf4,-0.12533721,-1.3432066,0.9002565970610427,1.0
H2-Q7,-0.12547387,-1.3062694,0.9001484055084936,1.0
Il18,-0.12598383,-0.6843699,0.8997447220784027,1.0
Ntrk2,-0.12646115,-1.0748343,0.8993668978836007,1.0
Chsy1,-0.12722608,-1.6545159,0.8987614579861047,1.0
Capsl,-0.1280155,-1.28561,0.8981367057924138,1.0
Vsig1,-0.12815624,-1.1620895,0.8980253224869362,1.0
Tenm4,-0.12844183,-0.8830939,0.8977993335503485,1.0
Tmed6,-0.12846223,-0.89445657,0.8977831918004194,1.0
Hck,-0.12917005,-1.1787124,0.8972230993229567,1.0
Dnm1,-0.12929447,-2.2549508,0.8971246445463141,1.0
Fmo1,-0.12940462,-1.0390424,0.8970374891804636,1.0
Tagap,-0.12950458,-1.1547946,0.8969584048309553,1.0
Acot1,-0.12954946,-1.496933,0.8969228979049284,1.0
Btbd11,-0.13038579,-1.4763553,0.8962612157662669,1.0
Slc25a27,-0.13084066,-1.3559756,0.895901355501281,1.0
D16Ertd472e,-0.13178714,-3.1305156,0.8951526566820153,1.0
Hpdl,-0.13384941,-1.030679,0.893521656612983,1.0
Hebp2,-0.13423085,-1.0793388,0.8932200271924584,1.0
Tuba1a,-0.13524261,-1.4062567,0.8924200583033101,1.0
Pcsk1n,-0.1358158,-1.553375,0.8919668986403899,1.0
Itga1,-0.13605039,-0.8865514,0.8917814520032077,1.0
Ung,-0.13639103,-1.0764143,0.891512161774749,1.0
Slc39a13,-0.13649711,-1.197851,0.8914283134781429,1.0
Thpo,-0.13681328,-1.1156969,0.8911783882615848,1.0
Cyp24a1,-0.13689078,-20.010326,0.8911171179221349,1.0
Ncapg,-0.1379719,-1.2604012,0.8902626258552865,1.0
Pou2f3,-0.13826971,-1.5347706,0.8900272598230088,1.0
Fut1,-0.13836354,-2.1104386,0.8899531054087633,1.0
Tph1,-0.13842066,-1.379808,0.88990796841054,1.0
Sema3f,-0.1384533,-2.376835,0.8898821760003349,1.0
Rgs16,-0.1384737,-1.3350489,0.8898660558031399,1.0
Etv5,-0.13883066,-0.9277081,0.8895839597288115,1.0
Ephb6,-0.13957928,-1.4267788,0.8889924094040625,1.0
Nmral1,-0.13979143,-1.5281053,0.8888247878397298,1.0
Prkar2b,-0.14025447,-1.1268778,0.8884589388166348,1.0
Sat2,-0.14123358,-1.4441845,0.8876854156874685,1.0
Tnip3,-0.1412907,-0.95210356,0.8876402967994983,1.0
Vipr2,-0.14212906,-2.073024,0.8869780579522326,1.0
Gpr55,-0.14216986,-2.271766,0.886945834227146,1.0
Gm2a,-0.14317346,-0.8383638,0.886153189570721,1.0
Higd1c,-0.14347535,-3.2945797,0.8859147739933692,1.0
Casp12,-0.14469518,-2.5086215,0.8849515515656753,1.0
Bbs7,-0.14572528,-1.8190897,0.8841382602819353,1.0
Nucb2,-0.14908488,-1.5984333,0.8814866560985181,1.0
Nts,-0.1503557,-1.9750566,0.8804839955264581,1.0
Apoc1,-0.15137765,-1.4627113,0.8796778215026503,1.0
Ckb,-0.15177745,-1.8511496,0.8793624659556185,1.0
Clic4,-0.15210791,-1.1491787,0.8791018293845223,1.0
Marcksl1,-0.1527423,-0.80817676,0.8786015082618392,1.0
Hmx3,-0.15388867,-3.7214692,0.87769751407952,1.0
Pipox,-0.15706061,-1.4457688,0.8751970836177717,1.0
Qtrt1,-0.15893316,-1.0885111,0.8737215282962605,1.0
Chgb,-0.15913308,-1.0149269,0.873564032989799,1.0
Nr4a1,-0.15967363,-1.506474,0.8731381779324165,1.0
BC055324,-0.15985925,-1.0889355,0.8729919493844306,1.0
Fhl2,-0.16003875,-1.0496335,0.8728505456846302,1.0
Pola1,-0.16128917,-1.0907979,0.8718656533155253,1.0
Rasd1,-0.16142787,-1.1895577,0.8717564115601993,1.0
Cit,-0.16143604,-1.4990118,0.8717499856507464,1.0
Dnase1l2,-0.16453658,-1.0890142,0.869308756594298,1.0
Ptma,-0.16555853,-0.9500573,0.8685043863558628,1.0
Itpripl1,-0.1658645,-2.0665555,0.8682635833769495,1.0
Cdh26,-0.16842245,-2.707289,0.8662509507015334,1.0
Rgma,-0.16920982,-1.1060926,0.8656316060854512,1.0
Ctsw,-0.16960555,-1.4176793,0.8653203603898418,1.0
Tacc1,-0.17006655,-1.5912212,0.8649578015433038,1.0
Stxbp1,-0.1710885,-1.011901,0.8641541774131284,1.0
Igsf23,-0.17166169,-1.3002075,0.8637035035702852,1.0
Scn1b,-0.1723532,-1.4209224,0.8631598671083887,1.0
Wdr35,-0.1724205,-1.7010676,0.863106950201159,1.0
Man2a2,-0.17309977,-1.4326038,0.8625730049084943,1.0
Efna4,-0.17416048,-1.2594616,0.8617393421094771,1.0
Kifc1,-0.174648,-1.2121956,0.861356229460015,1.0
Trim6,-0.17488462,-1.1545476,0.8611702953238457,1.0
Hist1h1d,-0.17534561,-1.6874392,0.8608080664410044,1.0
Pecr,-0.17658584,-1.0537121,0.8598337201278201,1.0
Ptpn22,-0.17880926,-2.7344832,0.858087483043029,1.0
Apobec2,-0.18175884,-1.9695494,0.8557719878940708,1.0
Far2,-0.18215457,-1.4746295,0.8554614276270922,1.0
C1ra,-0.18298885,-2.031373,0.8548067631469131,1.0
Apobec3,-0.18377827,-1.0397484,0.8541874049041314,1.0
Slfn5,-0.18401897,-1.3838865,0.853998574511564,1.0
Fkbp1b,-0.18418215,-2.1146703,0.8538705586630988,1.0
Klrd1,-0.18518983,-1.1055993,0.8530801461594858,1.0
Fyb,-0.18554476,-1.3859429,0.8528017768386111,1.0
Ccdc34,-0.18800887,-0.9073789,0.8508696970891386,1.0
Foxm1,-0.18899819,-1.1018158,0.8500942373940436,1.0
Ptpru,-0.1895265,-1.7093832,0.8496801852656147,1.0
Hspg2,-0.1916826,-1.5217272,0.847990835974753,1.0
Fgf11,-0.19443433,-1.654116,0.8458358128908268,1.0
Nrn1,-0.19507076,-1.6424483,0.8453375574681068,1.0
Ubxn10,-0.19523394,-1.7767552,0.8452098096229351,1.0
Mkx,-0.19709834,-1.1222799,0.8437505801724249,1.0
Igha,-0.20167163,-1.3000532,0.8401734378491903,1.0
Kif15,-0.20258956,-1.1657012,0.8394558516296798,1.0
Psrc1,-0.20333205,-1.6750785,0.8388755017003369,1.0
Abhd8,-0.2047069,-1.233939,0.8378011292436679,1.0
Ikbip,-0.20536985,-1.230161,0.8372831792268618,1.0
Rad51ap1,-0.20813178,-1.8199689,0.8351260810771783,1.0
Hpgds,-0.20848058,-1.2936356,0.8348537436693874,1.0
Hist1h3d,-0.20875596,-2.3629267,0.8346387544399138,1.0
Esr1,-0.21001045,-2.9924634,0.8336595156850718,1.0
Uhrf1,-0.21062852,-1.0274037,0.833177156229563,1.0
Myof,-0.2113037,-1.2312777,0.8326502940716528,1.0
Thy1,-0.21220939,-1.6688304,0.8319436846561381,1.0
E2f8,-0.21450011,-1.0880848,0.8301570794438227,1.0
Snrpf,-0.21550371,-0.77763903,0.8293746218615532,1.0
Csrp1,-0.21809429,-0.7848075,0.8273556474238924,1.0
Hpn,-0.21865524,-1.3506447,0.8269186176770459,1.0
Chrnb4,-0.22334276,-1.1481287,0.8232687461238379,1.0
Scpep1,-0.22343864,-0.8916031,0.8231941364745506,1.0
Cacnb1,-0.22422805,-2.2546895,0.8225798582667618,1.0
Shisa2,-0.22426681,-0.85339916,0.8225497027021118,1.0
Kif18b,-0.22511333,-1.336539,0.82189110714432,1.0
Fut9,-0.22610877,-0.72103816,0.8211168228278115,1.0
Mcm2,-0.22663505,-1.0552889,0.8207075379646613,1.0
Ccl5,-0.22710013,-1.0275658,0.8203458849907224,1.0
Fads1,-0.22799765,-1.025453,0.8196480662441312,1.0
Parp3,-0.23084933,-1.3786967,0.8174318558649725,1.0
Rac2,-0.23372753,-1.0735776,0.8151965158770869,1.0
Rdh1,-0.23423545,-1.1187015,0.8148021996612858,1.0
Bace2,-0.2359183,-1.3225803,0.813496065993208,1.0
Amotl1,-0.23601417,-1.218305,0.8134216715303053,1.0
Cdc25b,-0.23652413,-1.3872173,0.8130259846079105,1.0
Nphp1,-0.23672812,-1.3092684,0.812867723196159,1.0
Fkbp11,-0.23937581,-1.7439002,0.8108141856841398,1.0
Pole,-0.2394778,-1.2329308,0.810735107712024,1.0
Ffar2,-0.23954308,-1.5976181,0.8106844988234353,1.0
Klhdc8a,-0.23971646,-1.4111502,0.810550072806268,1.0
Zfp239,-0.24561973,-1.1294978,0.8059766206844083,1.0
Ccl9,-0.24625614,-0.93894124,0.8054839532431618,1.0
Rgs13,-0.24762692,-1.1967417,0.8044230858431467,1.0
Rec8,-0.24858156,-1.1382785,0.8036844800451476,1.0
Tead2,-0.25054184,-1.7769376,0.8021683631245646,1.0
Mcm3,-0.2554007,-1.170414,0.7984136335399084,1.0
Pimreg,-0.2583707,-3.7725308,0.7961208389357113,1.0
Azgp1,-0.25940692,-1.5600015,0.7953212932708966,1.0
Gbp2,-0.26148346,-1.2379891,0.793719701727523,1.0
Bub1,-0.2616548,-1.2325705,0.7935875855671004,1.0
Tifa,-0.2628012,-0.9275941,0.7927038180976842,1.0
Ccdc125,-0.26351106,-1.5088743,0.7921567075743959,1.0
Orai2,-0.2655774,-1.2192131,0.7905646962766044,1.0
Sh2d6,-0.26653406,-1.6749375,0.7898279203194041,1.0
Slc14a1,-0.26871058,-3.0136282,0.7881524165425136,1.0
Hoxd8,-0.2714582,-1.8758222,0.7860386303091977,1.0
Kit,-0.27215177,-1.1145248,0.785505332201093,1.0
Bik,-0.2740488,-1.6460819,0.7840471199000769,1.0
Prc1,-0.27701676,-1.1674883,0.781767245500048,1.0
Gjb5,-0.27906677,-1.5437694,0.7801935798351705,1.0
Mt3,-0.2794931,-2.0100288,0.7798664328550685,1.0
Iqgap3,-0.28099644,-1.2307063,0.7787131207360536,1.0
Ern2,-0.28129834,-1.0769081,0.7784815780403511,1.0
Lix1,-0.28337082,-2.6161044,0.7768926005457322,1.0
Gja1,-0.28345445,-0.9536999,0.7768284979630466,1.0
Ereg,-0.28641832,-0.9845167,0.7745577492078282,1.0
Asrgl1,-0.28649175,-2.069814,0.7745015127848356,1.0
Mboat2,-0.2872628,-1.0340084,0.773911101826245,1.0
Lifr,-0.2892088,-0.7931751,0.7724215991997443,1.0
Pdzd7,-0.2976863,-1.8920896,0.7659425838384137,1.0
Mtfr2,-0.29791477,-2.100342,0.7657682049882808,1.0
Tk1,-0.2990224,-1.2475479,0.7649229473577202,1.0
Sptbn2,-0.30406895,-1.4678978,0.7610753674350933,1.0
Cyp2f2,-0.30524185,-1.2809306,0.7601819655832976,1.0
Agbl2,-0.30608225,-2.1166317,0.7595420203331749,1.0
A4gnt,-0.31091663,-1.176097,0.7558639911289997,1.0
Unc5cl,-0.31416202,-1.6040651,0.7533979948764038,1.0
Duox2,-0.31482902,-1.0273972,0.7528914664806473,1.0
Sytl2,-0.31537366,-1.4488646,0.7524779579420041,1.0
Rbp4,-0.31641805,-2.0808687,0.7516852114937749,1.0
Trf,-0.3216339,-0.9886102,0.7477300602653509,1.0
Dnmt1,-0.32270482,-1.0826148,0.7469188107903144,1.0
Bex1,-0.328041,-2.092766,0.7428806652692865,1.0
Phf11b,-0.32824498,-1.4897131,0.7427264414034281,1.0
Spc24,-0.33082128,-1.0824387,0.7407794846740439,1.0
Mettl1,-0.33099058,-1.1769726,0.7406515953562526,1.0
H2-Ab1,-0.3317943,-1.2910286,0.7400446041158485,1.0
Lfng,-0.33216962,-1.3600162,0.7397611915420169,1.0
Cdca7l,-0.3343359,-1.4379698,0.7381260996655041,1.0
Nav1,-0.34296232,-1.1872481,0.7316267953208662,1.0
Nav2,-0.34441265,-1.1674267,0.7305359744844558,1.0
Anln,-0.34772736,-1.3249573,0.7280449373765245,1.0
Best2,-0.34817612,-0.85550416,0.7277079092883607,1.0
Mad2l1,-0.3564089,-0.9315325,0.7215343806882901,1.0
Fam92a,-0.35657817,-1.4746904,0.7214076111556007,1.0
Marveld1,-0.36261606,-2.2934718,0.7168917005773812,1.0
Tubb5,-0.36346057,-0.8892801,0.7162608673778013,1.0
Dclk1,-0.37031233,-1.8387195,0.711149777167017,1.0
Sorbs2,-0.3738637,-0.92537576,0.7085057362163789,1.0
Colca2,-0.37419617,-1.964458,0.7082583687498856,1.0
Cox6b2,-0.37838393,-1.6259906,0.705145395328063,1.0
Aurkb,-0.3808603,-1.54357,0.7033069175309965,1.0
Mettl15,-0.38156608,-1.2741154,0.7027832531635352,1.0
Mecr,-0.3828124,-0.8222467,0.7018588608685277,1.0
Ica1,-0.38455442,-1.0418211,0.7005675688615935,1.0
Mfge8,-0.38683087,-1.8261341,0.6988814232528424,1.0
Ncaph,-0.3912879,-1.1744144,0.6955844479518778,1.0
Pros1,-0.39138785,-1.9229295,0.6955105768593233,1.0
Slc25a23,-0.39506158,-1.0081029,0.6927974475308021,1.0
Nupr1,-0.3990107,-0.79077375,0.6898853356622106,1.0
Hist1h2ae,-0.40176648,-1.1990352,0.6878558888859455,1.0
Pyy,-0.4026273,-2.3160794,0.687222428119606,1.0
Tceal8,-0.40360233,-1.0526507,0.6865051713661492,1.0
Tfpi,-0.4039389,-1.332347,0.6862576482288598,1.0
Cdca2,-0.40507916,-1.1052339,0.6854193200917458,1.0
Kcnn4,-0.40537086,-1.3543552,0.6852049262043436,1.0
Chga,-0.4061358,-1.295601,0.6846428249111273,1.0
Etv4,-0.40703332,-1.7044468,0.6839835153656104,1.0
Pla2g15,-0.4073597,-1.4695886,0.6837438261232234,1.0
Tmem176b,-0.40763506,-0.99892086,0.6835416131095574,1.0
Krt23,-0.4085163,-1.5791694,0.6828946840579369,1.0
Shmt2,-0.40944645,-1.1961702,0.6822120671188372,1.0
Slc28a3,-0.41526607,-1.3324908,0.6779471403555253,1.0
Ephx4,-0.420949,-1.8236369,0.6737923052054238,0.996874366946248
Dapk2,-0.42260537,-0.9804733,0.6725832116957768,0.9953008786862622
Rbpms,-0.4250654,-1.7029731,0.6707890020369389,0.9936134751792829
Gcg,-0.4258079,-1.6023773,0.6702478341129501,0.9930269914945387
Sidt1,-0.42677885,-1.8895701,0.6695404111415912,0.9921938797530624
Prr11,-0.4278722,-1.0422819,0.6687441680625561,0.99122875550135
Pdcd4,-0.43116447,-0.6452956,0.666348777848603,0.9886426751740964
Cma1,-0.43785512,-1.943843,0.6614913139321041,0.9823950606018163
Aadac,-0.43788165,-0.7824293,0.6614720899426924,0.9823950606018163
Knstrn,-0.4380958,-0.96657073,0.6613168274424861,0.9823950606018163
Tspan33,-0.4418593,-0.9975176,0.658591025642181,0.9791511497778675
Cited4,-0.44585124,-1.3082793,0.6557047055898754,0.9760271959226674
Slc6a4,-0.4470792,-0.91721797,0.6548178645617718,0.9751316887599073
Akr1b10,-0.4561075,-1.2351642,0.6483126818077906,0.9672568736954765
Alb,-0.46738774,-2.5767765,0.6402224922625221,0.9574630994849072
Zfp750,-0.4684505,-1.442178,0.639462468421268,0.9566403299049163
Rundc3a,-0.4686402,-2.8425362,0.6393268417468516,0.9565420744954262
Insl5,-0.49011755,-2.220343,0.6240507274719094,0.9375844537660251
Smoc2,-0.49421147,-1.1318936,0.6211568377054912,0.9343658294601905
Hpd,-0.49859506,-1.1144502,0.6180646839414766,0.9301237540332005
Esrrg,-0.4989357,-1.1944389,0.6178246730509449,0.9298648914782821
Aqp1,-0.50215864,-1.0181679,0.6155559327790787,0.927046823741696
Pyroxd2,-0.5147036,-1.2249756,0.6067601702996451,0.9153276700328347
Scarb1,-0.51607436,-1.1496048,0.605802484893236,0.9142863901241587
Galnt10,-0.5169535,-0.9943321,0.6051886115076834,0.9135615699710311
Muc1,-0.52369106,-1.7382828,0.6004934332797538,0.90767632365432
Nusap1,-0.52628773,-1.0832503,0.5986882843071308,0.9054481627847837
Palld,-0.5340881,-0.92561686,0.5932806078607293,0.8989598130188892
Hoxa9,-0.54390985,-0.94697154,0.5865035219185971,0.8906647043017007
Hoxd13,-0.5440363,-0.8491331,0.586416491736218,0.8906314443017306
Prss8,-0.5491726,-1.1246868,0.582887014027949,0.8860582388652959
Prdx6,-0.54990286,-0.04554464,0.5823860115402906,0.8855919835220142
Ptprn2,-0.5505311,-1.1944588,0.5819551424298284,0.8850352060418042
Itga5,-0.55252606,-2.6136572,0.580587981425215,0.8835004230476775
Cbr2,-0.5586476,-1.2138923,0.5764022558114743,0.8787403398240703
Haspin,-0.5691466,-1.4254746,0.5692566694454768,0.8693974709254966
Kcnq1,-0.57000333,-0.8838828,0.5686754543936685,0.8687038470546713
Steap2,-0.5709416,-1.4344012,0.568039211121731,0.8678288696335237
Fut8,-0.57548434,-0.9924318,0.5649637889000693,0.8643857477297435
Spdef,-0.58234835,-1.4660301,0.5603320677222965,0.858548014129121
Arhgap8,-0.5866973,-1.6124277,0.5574070501678403,0.8547366462261959
Nacad,-0.59426296,-1.114106,0.5523362364182771,0.8481021820143655
Cdc20,-0.60490274,-1.265667,0.5452436366476887,0.8378701799255133
Ly6g6e,-0.6082766,-1.1887733,0.5430040423362266,0.8355553368907278
Psmb8,-0.6165195,-1.0525335,0.5375516816477472,0.8282838587642753
Cdk1,-0.616542,-1.1653049,0.5375368774002389,0.8282838587642753
Slc34a2,-0.61805147,-0.75646865,0.5365414258438592,0.8273797923336462
Nrp2,-0.619257,-1.0505385,0.5357470764497965,0.8263412215712798
Mthfd1,-0.6212662,-0.97311944,0.5344244784562613,0.8246732952933168
Pla2g4c,-0.6278161,-3.7543726,0.5301244164515666,0.8193322101011724
Slc46a1,-0.63001096,-1.0317469,0.5286874156372718,0.8175732679904663
Spats2l,-0.63049847,-1.1592004,0.5283684998782876,0.8171724989635357
Cenpa,-0.64464265,-1.2293781,0.5191587956184074,0.8048792736905034
Ang4,-0.66071445,-1.0731848,0.5087954603454815,0.7917362221466158
Lrp5,-0.6626951,-1.1036956,0.5075258393365358,0.7903901438249774
Bicd1,-0.66683394,-1.5882087,0.5048782205197395,0.7870736052904057
Zfhx3,-0.66785794,-1.2899907,0.504224291539193,0.7861437905368218
A4galt,-0.6697407,-1.5730911,0.5030231149468183,0.7846633339701521
Amt,-0.6759948,-1.395882,0.4990439525606418,0.779221974339664
Melk,-0.6816002,-1.2550836,0.495491765158967,0.7747370098958237
Tmem9,-0.6823876,-1.1947598,0.49499388796563015,0.7740470460754708
Esco2,-0.68720365,-1.4100438,0.4919544088208784,0.7699984594970255
Igdcc4,-0.69332314,-1.0633957,0.4881067931554153,0.765202384088078
Cdc42ep1,-0.6954058,-1.4057051,0.4868010329652458,0.7634179043348321
Bri3bp,-0.69765776,-1.1856115,0.4853912503351685,0.7618185869773246
Rap1gap,-0.70681864,-1.0294411,0.4796791983317038,0.7543253262633451
Cd44,-0.7330202,-1.303045,0.4635461023417614,0.7316473856790844
Gsta3,-0.7333568,-1.4253153,0.4633408507029507,0.7314078417826215
Mcoln2,-0.73714477,-1.3104872,0.46103433250743453,0.7283554178649685
Nt5dc2,-0.74033093,-2.3409567,0.45909920348536826,0.7256922412078001
Tmem176a,-0.74568343,-0.9623004,0.4558586523187299,0.7210950920137226
Cyp39a1,-0.7501854,-1.1796649,0.4531430744848717,0.7172973195486306
Ttk,-0.76639384,-1.6921154,0.44344200246574617,0.7038966202807985
Adgre5,-0.77380246,-1.5586932,0.43904760295854484,0.697616335490135
Ass1,-0.77706623,-1.0940115,0.4371197090145911,0.6952328472638443
Birc5,-0.78571916,-1.295094,0.4320320371818268,0.6877809206590783
Slc50a1,-0.79929215,-0.87461734,0.4241210177215379,0.6766046333810115
Pla2g3,-0.8079492,-1.1596878,0.4191198273449288,0.6694071056928173
Tpx2,-0.8273092,-1.3823497,0.4080618290200152,0.6533480285503698
Zbp1,-0.8282965,-0.69883984,0.40750261622629547,0.6525290722359005
Prdx4,-0.8287065,-1.1054186,0.4072705154866151,0.6522337860732476
Smo,-0.83635175,-1.6050096,0.4029570432852888,0.6458553172675017
Ifit2,-0.8398684,-1.6090984,0.4009821651266633,0.6432177252911578
Itih2,-0.85381675,-1.0655473,0.39320652522155997,0.6320050813827965
Cnn2,-0.8557403,-1.4244847,0.39214143263410217,0.6304413462580939
Gjb1,-0.8613417,-0.8491919,0.3890498826330069,0.6262810058865649
Lbh,-0.88630307,-0.94507813,0.3754542421446674,0.6063938539421668
Chst4,-0.9009511,-1.2335426,0.36761434169981433,0.595137459778023
Camk1,-0.9011591,-1.2865291,0.36750372217353344,0.5950288184611734
Enpp1,-0.91372037,-1.4383018,0.3608637924126532,0.5858734846542838
Mmp14,-0.9204559,-1.3435186,0.3573345731721612,0.5809713813017839
Cotl1,-0.92347485,-1.0246791,0.3557598083962501,0.57882395952632
Car8,-0.9255493,-1.1197447,0.35468023092122514,0.5772048265914261
Chpt1,-0.93454903,-0.6791832,0.3500207416873017,0.5701648174596605
Unc93b1,-0.9353589,-1.0227357,0.34960338519024525,0.5695528106357641
Pdia5,-0.94550496,-1.1061836,0.34440113273514483,0.5619479167346505
Kif11,-0.9652954,-1.2212467,0.3343968845231363,0.5474532977198479
Abi3,-0.96678853,-1.3027349,0.33364975697151655,0.54629554916014
Rrm1,-0.9717759,-1.0959065,0.3311620410419631,0.5426121388987354
Plk1,-0.9770142,-1.2627045,0.32856212691544595,0.5388686838053158
Cyp2d22,-0.9961661,-1.0668727,0.31916943193312686,0.5251811862403204
Ctse,-0.99681276,-0.88042605,0.31885540457375916,0.5248372240667015
Ccl6,-1.0080543,-1.0491563,0.3134284202635452,0.5168998609628536
Fndc3b,-1.0226268,-1.3249263,0.30648434450892326,0.5062138273879088
Acss2,-1.0272123,-0.77037966,0.30432050349598316,0.5030318971724369
Vgll4,-1.0273429,-1.0176753,0.3042590483598898,0.5029911129498904
Ephb3,-1.0295703,-1.3657309,0.3032117400652238,0.5013809607487225
Tmem63a,-1.0410933,-0.7476303,0.2978322323278184,0.49367948813126267
Sord,-1.0464071,-0.74767077,0.2953731223764081,0.48984082567273596
St6gal1,-1.0536301,-1.068697,0.2920522954978201,0.48492170239590693
Pde2a,-1.0542849,-1.2432579,0.29175249961347327,0.48454158758977983
Slc25a39,-1.0634254,-0.26542443,0.2875890935400025,0.47840690505704275
Adam15,-1.0802907,-1.2677572,0.2800127662898053,0.4670864331560244
Duoxa2,-1.0968071,-1.9925541,0.27272570526883344,0.4562108892417489
Ckap2,-1.0970498,-1.3632777,0.272619585181175,0.4561070649062612
Epn3,-1.0997424,-1.3040539,0.2714443495437594,0.4542897417710084
Otc,-1.1057743,-1.0685204,0.26882425203845717,0.45029050056662195
Gstm1,-1.1321043,-0.96498317,0.2575905772109247,0.4329585967747536
Cbs,-1.1323165,-1.0350235,0.2575014098862213,0.4328619274977352
Nxpe4,-1.1500467,-1.352195,0.2501246588989263,0.42204762161928233
Ddit4,-1.164456,-1.1420856,0.2442392687282059,0.413311718829132
Gmpr,-1.1670669,-1.4086007,0.24318332572096868,0.41162668390076085
Fam57a,-1.1859211,-1.0657314,0.23565346126916586,0.40006965646875764
Foxa3,-1.1999714,-1.4059721,0.23015043703225468,0.39135876976076633
Pla2g10,-1.2349789,-0.9275838,0.21683833846529765,0.3706117083505744
Cldn8,-1.2581432,-0.9594549,0.2083399607144767,0.357247518842692
Clic6,-1.2634244,-1.2311838,0.206436719278265,0.3542504876559511
Efna3,-1.2644666,-3.3042686,0.2060625664209743,0.3537416012812985
Pla2g5,-1.2723486,-1.7493768,0.2032492909210114,0.34935068543801295
Myc,-1.2737072,-0.9171946,0.20276723327402102,0.34865357915531714
Pycard,-1.280208,-0.32220772,0.20047197641209757,0.34496719232860634
Hnrnpa1,-1.3058221,-0.88469404,0.19161304135040724,0.3306382763995986
Ceacam1,-1.3169616,0.17179143,0.18785147588458906,0.3247211392645374
St6galnac4,-1.3328418,-1.2522187,0.18258375160103701,0.3162549465667107
Cox7a1,-1.3810143,-0.6871511,0.16727456748161051,0.29195656800395964
Atoh1,-1.3918295,-1.1491034,0.16397404842230145,0.286671581715031
Slfn2,-1.3919905,-2.2984116,0.16392524428751776,0.28662290188362166
Tmem35a,-1.4032995,-2.4028745,0.16052757561251185,0.28107741312434054
Nxpe2,-1.4141289,-0.88157994,0.1573240738726438,0.27578601592211305
Gvin1,-1.4463133,-0.88662827,0.14808936113367963,0.2605999245274828
Lad1,-1.4881868,-0.28555584,0.13670162924519122,0.2416799974050407
Fut4,-1.5083158,-1.0875773,0.13147370858230428,0.2332515522655697
Retnlb,-1.5170443,-1.2002889,0.12925550673174,0.22949481362718052
Cdca3,-1.5272924,-1.0589159,0.12668832692826082,0.22522918236401024
Sox9,-1.5315617,-0.9356571,0.12563062362358823,0.2234359185918285
Ccn3,-1.5356781,-2.1542122,0.12461734948669635,0.2217203036990076
Prelp,-1.545198,-1.5324347,0.12229838457202903,0.21787785422387923
Akr1b3,-1.5478865,-0.9635121,0.12164963377468642,0.21680682156507713
Rnf186,-1.5486983,-0.80057377,0.121454258669646,0.2165150550524585
Fabp6,-1.5501058,-1.5455863,0.12111612466090271,0.2159404178276199
Mpzl1,-1.5752957,-1.2623221,0.1151882224089409,0.2060699818736613
Hist1h2ap,-1.5887952,-1.1452531,0.1121066354377039,0.20097774509840075
Cd177,-1.5953593,-1.5795339,0.11063189544091392,0.1985160963330925
Cldn15,-1.6084918,-0.7177316,0.10772751424446439,0.19368574247870765
Plbd1,-1.6418002,-0.83341837,0.10063143237726302,0.18159604615453576
Kcne3,-1.6609969,-0.9632126,0.09671405999266156,0.1750020661481399
Dmd,-1.6724608,-1.335566,0.09443349595538776,0.17115680015771076
Top2a,-1.6789618,-1.2179377,0.09315950675324328,0.16904939687507986
Cnn3,-1.6926081,-1.0628726,0.09053007779841467,0.164583729579011
Plet1,-1.6969041,-1.8426249,0.08971480565856578,0.16323176787930907
St8sia5,-1.7284316,-1.7897228,0.08391087286771644,0.15340657573075164
Ccnd1,-1.7310957,-1.1846277,0.0834347110429477,0.15259480980325796
Reg3g,-1.7483057,-2.4755516,0.08041111579794905,0.14748149256128665
Tspan13,-1.7743155,-1.3083918,0.07601097983420506,0.1399555876171744
Gsta4,-1.7904526,-1.091363,0.07338118626795327,0.13538690261930125
Bex3,-1.7971208,-1.3608938,0.07231645026345214,0.13354861004087884
Clps,-1.8130559,-1.892638,0.0698232006731512,0.12913609267045478
Gstt2,-1.8381478,-1.2099922,0.06604062703395347,0.12237648366945032
Tnni1,-1.847166,-1.6438664,0.06472310089901373,0.12007711366083472
Maged1,-1.8650919,-1.2128723,0.06216852402722453,0.11563582237109568
Tmem37,-1.9857273,-2.2641788,0.0470636116532371,0.08893117166754419
Trpv6,-1.9945842,-2.297933,0.04608824448489826,0.08717244029474186
Nt5e,-1.9954206,-2.2008102,0.04599702998198969,0.08701194978609891
Lpo,-2.0043468,-1.7044955,0.04503291859980269,0.08532979934215072
Ccna2,-2.0412066,-1.1335503,0.04123030250524236,0.07855989783463693
Qsox1,-2.0814075,-1.2516065,0.037396626722071204,0.07161446161942638
Ggh,-2.1035376,-0.8738691,0.035418806759878026,0.06802188549378256
Tnfsf13,-2.1206415,-0.9934511,0.03395198286212736,0.0653566111542218
Mcm6,-2.1244867,-1.1605293,0.033629477372772935,0.06479051888879543
Ramp1,-2.1259124,-1.0630256,0.03351055290837799,0.06457049612823292
B3gnt5,-2.1260042,-1.3035764,0.03350290916796311,0.06456486511723444
Rab3d,-2.1707132,-1.1211087,0.02995286258457513,0.05800954480159537
Emp2,-2.2281609,-1.490837,0.025869793097386087,0.05046639380980809
Myo5c,-2.4406374,-1.0150663,0.014661366747211631,0.029320589392822328
Pla2g2f,-2.4657009,-1.412307,0.013674551299287721,0.027419279914627507
Eno3,-2.4880736,-1.20276,0.012843714677129806,0.02581390332300854
Zdhhc2,-2.4982564,-1.3971927,0.012480587731037409,0.02511360171011427
Ttc39a,-2.4997904,-1.2296051,0.01242668119138438,0.025012491211684047
Soat1,-2.5448685,-1.3454632,0.01093188887062995,0.022104625211572464
Hoxa13,-2.6121747,-1.1402191,0.008996827195247034,0.01833009712380858
Tmem30b,-2.6662853,-0.03801412,0.007669460213604478,0.01573827557338554
Ttr,-2.7224233,-1.2298993,0.006480507792539275,0.01338684955634057
S100a14,-2.7266579,-1.3135766,0.006397932031860951,0.013226261607815345
Gatm,-2.8016012,-1.3235039,0.005084968462500207,0.01061308664906751
Hist1h1a,-2.888765,-1.5390658,0.0038675786225497114,0.008155611050634897
Cldn2,-2.9112053,-1.021997,0.003600374237552775,0.007613251629997486
Fcgbp,-2.9459536,-0.99327105,0.0032196057606671477,0.006830299220776178
Mapk13,-2.979564,-0.57846344,0.002886589674929418,0.006148615857423644
Ube2c,-2.9823809,-1.3993411,0.0028601585755141314,0.0060956515802266
Capn13,-3.0472944,-1.0446608,0.002309114406981423,0.004955608837958405
Ephb2,-3.1003258,-1.3443389,0.0019330786697645795,0.004177441657558569
Gstm3,-3.117744,-1.2068982,0.0018224107764193886,0.00394514284748063
Prdx3,-3.1779494,-0.6092239,0.0014832061996270303,0.0032354194895357537
Acly,-3.2187786,-0.70976645,0.001287378358299256,0.0028163332346412295
Hist1h1b,-3.2442458,-1.4459703,0.0011776205021671105,0.0025840757970371046
Fads3,-3.281238,-2.9848049,0.0010335244388730205,0.002277384257426451
Mfsd4a,-3.3036702,-1.0550884,0.0009542804992157864,0.0021075235508358978
Mansc1,-3.3137796,-0.88118714,0.0009204405984754257,0.002036405951165094
Ly6g,-3.327644,-1.8236719,0.0008758364333509673,0.0019408626196847313
B3galt5,-3.3821218,-1.2682881,0.0007192822118303136,0.001602506394066396
Slc15a1,-3.3912766,-1.0539192,0.0006956784287106761,0.0015521948951898346
Cdo1,-3.5442903,-1.2540089,0.0003936716368754083,0.000894708265625928
Ccnb2,-3.562308,-1.3651836,0.0003676087106957783,0.0008375623323500113
Gstt1,-3.6717896,-1.7762643,0.0002408578922618377,0.0005553417091014383
Muc3a,-3.6895525,-0.9058207,0.00022464889315642467,0.0005196335612168652
Idh3a,-3.7059915,-0.5525219,0.00021056541023459427,0.00048796508811355306
Stmn1,-3.711662,-1.1580863,0.00020590268950763273,0.00047764533995197245
Krt7,-3.8077707,-1.3921707,0.0001402252155829504,0.00032902879600151794
Gna14,-4.0386467,-1.285093,5.376050642608388e-05,0.00012972912041233405
Hopx,-4.1621866,-1.0120065,3.152145324439322e-05,7.704305149545617e-05
Actn1,-4.1984305,-1.3099631,2.6877154701803888e-05,6.595103006408904e-05
Plaat3,-4.2127194,-1.3139539,2.5231454971678116e-05,6.202411409989182e-05
Hepacam2,-4.274322,-1.1736214,1.917197197170812e-05,4.7452799405087515e-05
Ifi27l2a,-4.289164,-2.4728718,1.7934701050236622e-05,4.449510828410483e-05
Naca,-4.3198447,-0.5661714,1.5613888516413952e-05,3.8871277164019804e-05
Myb,-4.3238473,-1.0292453,1.5333161066953544e-05,3.8193256391728546e-05
Mki67,-4.423631,-1.2585417,9.705557745084083e-06,2.44156552913953e-05
H1f0,-4.471506,-0.78418297,7.767064194799577e-06,1.966490252619658e-05
Oit1,-4.4875126,-0.3592323,7.205954046382336e-06,1.8285659971103814e-05
Ccnd2,-4.5070624,-1.1215465,6.573132596522812e-06,1.671705193554946e-05
Rab15,-4.5909705,-1.4897144,4.4118938254903796e-06,1.1328833271029446e-05
Golm1,-4.613217,-0.23772132,3.964839615413153e-06,1.0215919835414772e-05
Gstm2,-4.6459665,-0.89561844,3.3848802916425945e-06,8.751793909663921e-06
Cox7b,-4.68968,0.12027602,2.7363270530150587e-06,7.101778791038323e-06
Wls,-4.736272,-1.1970488,2.1768576106505455e-06,5.685356727587129e-06
Tceal9,-5.0551825,-1.2547051,4.2997967204951947e-07,1.1673559688856818e-06
Hid1,-5.2805405,-1.3484787,1.2880335312433414e-07,3.5902687606507733e-07
Slc12a2,-5.543321,-1.0554333,2.9678757228237695e-08,8.531784845409931e-08
Sval1,-5.57595,-1.2038006,2.4618211533090946e-08,7.100907882620094e-08
Acsm3,-5.592634,-1.0780824,2.236502710264585e-08,6.459170974206589e-08
Gpx2,-5.684924,-1.1017927,1.3087078604618118e-08,3.8175298617353404e-08
Ctsh,-5.70642,-1.2658343,1.1537724489053894e-08,3.376383102670918e-08
Reg4,-5.753746,-1.0074923,8.728736803339143e-09,2.5741961566888676e-08
Ano1,-5.810496,-1.3177514,6.228807121255232e-09,1.84970548063334e-08
S100g,-5.822835,-1.6145742,5.785774553525305e-09,1.722631548431495e-08
Gsdmc2,-5.8984003,-1.0785059,3.6704286918715018e-09,1.1029029303744844e-08
Ly6a,-5.961941,-1.5825224,2.492594191283116e-09,7.534532618434265e-09
Crip1,-6.023252,-0.24341807,1.7094704352097117e-09,5.205301314070988e-09
Tagln2,-6.192464,-0.7167556,5.923096178032063e-10,1.843385075889587e-09
Ptms,-6.1977243,-0.8298528,5.728529681298368e-10,1.784050179725693e-09
Clca1,-6.247939,-1.2003667,4.159042007576111e-10,1.3011873588104168e-09
Atp2a3,-6.3103943,-1.1950746,2.7832530778962715e-10,8.775878681169359e-10
Thbs4,-6.370906,-1.1084341,1.8791496021880423e-10,5.9636506869161e-10
Lsr,-6.424484,-1.3027736,1.3231759772411118e-10,4.2178161978489984e-10
Glul,-6.550941,-1.0827931,5.717562781325895e-11,1.84797142601351e-10
Mptx1,-7.0594273,-1.221543,1.6719029595702513e-12,5.6958826537426975e-12
St3gal4,-7.138338,-1.0642382,9.44661373869815e-13,3.2482384429644757e-12
Aqp4,-7.2259974,-1.7125608,4.974368258391514e-13,1.7287035815375848e-12
Ucp2,-7.3342285,0.059664715,2.2300195664905588e-13,7.873874921703691e-13
Hist1h1e,-7.444355,-0.7264945,9.741924787888391e-14,3.4774424817116614e-13
Cd81,-7.451331,-1.3034015,9.240309633647563e-14,3.302698228963158e-13
Atp12a,-7.893615,-1.7210908,2.9355743115312174e-15,1.108949688126779e-14
St3gal6,-8.4044485,-1.4677693,4.298759112787753e-17,1.7264473088802503e-16
Shisa5,-8.731229,-0.416364,2.519196894304957e-18,1.0535173556458802e-17
Reg3b,-8.738548,-2.9494133,2.361254686774798e-18,9.883733652171829e-18
Clca3b,-8.807376,-1.3756609,1.2810949877854241e-18,5.4006200255009686e-18
Krt8,-8.813802,0.01631626,1.2097231206773576e-18,5.109006694028062e-18
Cdh1,-8.917977,-0.12127587,4.748812656792404e-19,2.0312797335513334e-18
Cd24a,-9.7868805,-1.3666447,1.281895454839592e-22,6.030244356701555e-22
Ifitm2,-10.016725,-1.3556838,1.2869766439129661e-23,6.247570324994608e-23
Hoxb13,-10.16297,-1.1883684,2.9010242979013674e-24,1.429603865722566e-23
Creb3l1,-10.609988,-1.3651474,2.677837700515585e-26,1.3907873359115315e-25
B3gnt7,-10.613655,-1.2246436,2.5747434126325348e-26,1.337751374154632e-25
Cystm1,-10.936564,-0.04479463,7.70652687194059e-28,4.163838600307687e-27
Gne,-10.99691,-1.0838474,3.9544885288725188e-28,2.1544872761885138e-27
Cd164,-11.364015,-0.43545395,6.317356144174276e-30,3.5801842217813187e-29
Anxa3,-11.4570465,-1.6089958,2.1678123598207735e-30,1.2471533033466166e-29
Hsd11b2,-11.475922,-1.1185917,1.7431122570308008e-30,1.006207687416471e-29
Wfdc2,-12.074839,-1.3904643,1.43444559499183e-33,9.039651387794137e-33
Selenom,-12.274712,-1.6060153,1.2383226329619738e-34,8.00664870248463e-34
Nans,-12.456383,-1.0857834,1.2909445522027904e-35,8.47918672016002e-35
Gsdmc4,-12.557756,-1.1767601,3.604097313889674e-36,2.405369974008848e-35
Sycn,-13.062159,-1.3499517,5.416978154013154e-39,3.850165086077437e-38
Ppp1r1b,-13.211319,-1.3570832,7.549006744955189e-40,5.4736302882959806e-39
Trp53i11,-13.554159,-1.6223156,7.486547551053197e-42,5.68769654225847e-41
Sult1a1,-13.73092,-1.0054818,6.6286369734172675e-43,5.182767902314531e-42
Muc3,-13.754549,-0.110478334,4.782509773496074e-43,3.756508969130317e-42
Fads2,-14.196535,-1.3419508,9.625517694411188e-46,7.992043380150151e-45
Plp2,-14.507154,-1.1820728,1.0915633024273242e-47,9.519852143299528e-47
Plac8,-14.607383,-0.14385769,2.5201395757170513e-48,2.236399007003937e-47
Krt19,-15.157762,-0.15949798,6.73254874199769e-52,6.534251529227708e-51
AA467197,-15.769567,-0.33535478,5.039439357831516e-56,5.3504917094989114e-55
Spink4,-15.826245,-1.2011746,2.051007861681192e-56,2.1912134772258046e-55
Klk1,-16.020863,-1.2485181,9.137300695994527e-58,1.0028297513461087e-56
Hao2,-17.034967,-0.9242433,4.519923477075329e-65,5.809206160620783e-64
Tpt1,-17.233139,-0.17847255,1.4979748909291322e-66,1.979208370382211e-65
Klf5,-17.311932,-0.38551062,3.823715968088733e-67,5.101396669620822e-66
Tgm3,-17.531942,-2.0496802,8.172833932419157e-69,1.1232512967420298e-67
Krt18,-17.59198,-2.0525935,2.8379032248744604e-69,3.943935630097383e-68
Ly6e,-17.727701,-1.643669,2.563017834971156e-70,3.6662415160283005e-69
Epcam,-17.99095,-0.27692822,2.2939522606622135e-72,3.4060583240560013e-71
Tspan1,-19.076124,-0.18303207,3.9874795243573966e-81,7.146629422750643e-80
S100a11,-19.455763,-1.6707664,2.6044476853658755e-84,4.9742768292427865e-83
Muc4,-19.698795,-2.5759642,2.208141913484663e-86,4.376281256072865e-85
Cd9,-19.739384,-1.4363806,9.897879747374133e-87,1.9817497151587302e-85
Adh1,-22.22658,-1.5951054,1.9007678713026264e-109,5.776222364458537e-108
Dmbt1,-22.481468,-0.38443646,6.302004890647383e-112,1.999534034329535e-110
Eef1a1,-23.575699,-0.46897298,6.843981709056641e-123,2.6817034347091565e-121
St6galnac6,-23.6973,-0.80988497,3.8444261516326415e-124,1.5372084100460928e-122
Agr2,-24.49155,-1.5330241,1.8174073526071254e-132,8.368028803670855e-131
Pigr,-28.292576,-0.8500471,4.264843041542037e-176,3.787125233317361e-174
Car2,-29.288803,-0.7170303,1.4402714898562196e-188,1.5756570099027043e-186
Lypd8,-29.472214,-0.40554297,6.53810374509814e-191,7.389137910265872e-189
Muc2,-61.91762,-1.9544022,0.0,0.0
