names,scores,logfoldchanges,pvals,pvals_adj
Plec,59.061333,2.25371,0.0,0.0
Ahnak,57.63291,2.0580568,0.0,0.0
Eif4a2,57.015755,1.8463587,0.0,0.0
Atp5b,55.653328,1.7714733,0.0,0.0
Mgam,55.4695,1.8225592,0.0,0.0
Ddx5,55.254906,1.7310877,0.0,0.0
Ugt2b34,55.106636,1.7185283,0.0,0.0
Atp5e,54.962757,1.81408,0.0,0.0
Atp6v0a2,54.936398,1.9975274,0.0,0.0
Flnb,54.775776,1.7780899,0.0,0.0
Cdc42,54.394188,1.6435608,0.0,0.0
Lrp10,54.24884,1.6037663,0.0,0.0
Atrnl1,54.01199,1.5936897,0.0,0.0
Sema4g,53.96366,1.742072,0.0,0.0
Acox1,53.838905,2.023015,0.0,0.0
Fam98c,53.664547,1.7359482,0.0,0.0
Psap,53.642128,1.5744447,0.0,0.0
Btf3,53.589825,1.8004748,0.0,0.0
Rnasel,53.53777,1.5832522,0.0,0.0
Lypla1,53.227337,2.0597432,0.0,0.0
Psmb10,52.963768,1.7316684,0.0,0.0
Sptlc2,52.84962,1.7577726,0.0,0.0
Cltc,52.54405,1.5043937,0.0,0.0
Esrra,52.451145,1.4438564,0.0,0.0
Clk1,52.232418,1.5402243,0.0,0.0
Ush1c,52.22634,1.6863787,0.0,0.0
Trim31,52.135727,1.8293561,0.0,0.0
Cox7a2,52.13171,1.616782,0.0,0.0
Actr3,52.103012,1.5029283,0.0,0.0
Pkn1,52.029682,1.4894409,0.0,0.0
Mgat4b,51.901257,1.4161671,0.0,0.0
Slc44a1,51.890823,1.5175772,0.0,0.0
Cant1,51.851013,1.4244285,0.0,0.0
Stap2,51.769295,2.1380475,0.0,0.0
Afdn,51.717533,1.694878,0.0,0.0
Twf1,51.70879,1.7045845,0.0,0.0
S100a6,51.702995,1.7163223,0.0,0.0
Cryl1,51.655224,1.4847385,0.0,0.0
Purb,51.654472,1.6047602,0.0,0.0
Ube2q1,51.63306,1.9001907,0.0,0.0
Tmprss4,51.63296,1.4072585,0.0,0.0
Atp9a,51.612526,1.6413242,0.0,0.0
Golga4,51.593773,1.5853304,0.0,0.0
Tradd,51.561867,1.5625448,0.0,0.0
Pink1,51.495792,1.6177068,0.0,0.0
Fam83h,51.421185,1.6623012,0.0,0.0
Ly6a,51.377823,2.1839533,0.0,0.0
Chmp4b,51.35622,2.0126927,0.0,0.0
Gsdmd,51.320248,2.1186326,0.0,0.0
Coa3,51.153767,1.4505721,0.0,0.0
Mprip,51.074352,1.7069355,0.0,0.0
Efhd2,51.032047,1.3541379,0.0,0.0
Dlst,50.919163,1.3991504,0.0,0.0
Ces2e,50.89178,2.1119194,0.0,0.0
Tax1bp1,50.87746,1.4650264,0.0,0.0
Sptan1,50.833633,1.3566563,0.0,0.0
Lin7c,50.79393,1.4148736,0.0,0.0
Ildr1,50.595974,1.590487,0.0,0.0
Atp6v1g1,50.595787,1.431887,0.0,0.0
Ifi27l2b,50.548615,2.4329967,0.0,0.0
Cd63,50.546787,1.4445999,0.0,0.0
Wsb1,50.5128,1.3884028,0.0,0.0
Klc4,50.509747,1.678627,0.0,0.0
Becn1,50.463326,1.4439961,0.0,0.0
Spr,50.39363,1.715126,0.0,0.0
Nr3c2,50.38624,1.5778544,0.0,0.0
Hook2,50.382565,1.533986,0.0,0.0
Eppk1,50.3755,1.5991726,0.0,0.0
Ctnnd1,50.265842,1.4506725,0.0,0.0
Cfb,50.253113,1.7022583,0.0,0.0
Hnrnpul2,50.240772,1.343863,0.0,0.0
Scp2,50.232445,1.6519761,0.0,0.0
Cyc1,50.202324,1.5486374,0.0,0.0
Cops9,50.149498,1.4076397,0.0,0.0
Hnrnpk,50.13213,1.399639,0.0,0.0
Src,50.126167,1.3992293,0.0,0.0
Ddx17,50.110092,1.4272665,0.0,0.0
Fzd5,50.099747,1.4129349,0.0,0.0
Gnas,50.077168,1.391208,0.0,0.0
Cops6,50.07126,1.4558214,0.0,0.0
Pdcd6ip,50.05325,1.378861,0.0,0.0
Copb2,50.033028,1.3237551,0.0,0.0
Kras,50.0256,1.49976,0.0,0.0
Ap1s1,49.981495,1.3317719,0.0,0.0
Plpp2,49.943497,1.3911065,0.0,0.0
Ndufv1,49.914326,1.5736636,0.0,0.0
Rnasek,49.87641,1.3744022,0.0,0.0
Iqgap1,49.858513,1.2970496,0.0,0.0
Myo18a,49.84967,2.132422,0.0,0.0
Rassf7,49.80089,1.6192863,0.0,0.0
Trim16,49.707333,1.4100136,0.0,0.0
Nkiras2,49.67232,1.7027693,0.0,0.0
Cipc,49.652866,2.0261059,0.0,0.0
Mtch1,49.650806,1.3258641,0.0,0.0
Ndufc1,49.61221,1.4059283,0.0,0.0
Zbtb7a,49.586372,1.4229664,0.0,0.0
Chmp1b,49.58298,1.4049369,0.0,0.0
Chmp1a,49.56732,1.4970958,0.0,0.0
Plekhb2,49.566902,1.5075823,0.0,0.0
Actg1,49.563633,1.5232099,0.0,0.0
Sf3b1,49.550926,1.2389793,0.0,0.0
Cab39,49.522694,1.3838297,0.0,0.0
Tbcb,49.496613,1.4635283,0.0,0.0
Ezr,49.487392,1.4428859,0.0,0.0
Gpbp1l1,49.485264,1.351983,0.0,0.0
Parp14,49.43838,1.5204484,0.0,0.0
Ddx3x,49.36088,1.3192873,0.0,0.0
Cdhr2,49.359943,1.6289246,0.0,0.0
Kif13b,49.35708,1.6230469,0.0,0.0
Crb3,49.30561,1.2942965,0.0,0.0
Cblc,49.275036,1.2575634,0.0,0.0
Surf4,49.18614,1.2862456,0.0,0.0
Snx3,49.179848,1.3114008,0.0,0.0
Ptgfrn,49.148457,1.9410826,0.0,0.0
Tmem14c,49.099483,1.3173065,0.0,0.0
Afg3l2,49.08812,1.3056065,0.0,0.0
Itgb4,49.087864,1.3208247,0.0,0.0
Atp5md,49.045624,1.3671058,0.0,0.0
Myo6,48.998295,1.2009197,0.0,0.0
Copa,48.974995,1.1884801,0.0,0.0
Wdr26,48.90735,1.3737974,0.0,0.0
Gabarap,48.90581,1.4350485,0.0,0.0
Lrrc42,48.787292,1.4516854,0.0,0.0
Cttn,48.780224,1.3242546,0.0,0.0
Cnnm4,48.766235,1.354907,0.0,0.0
Oasl2,48.743908,1.592036,0.0,0.0
Dbnl,48.74333,1.2193855,0.0,0.0
Slc51b,48.735683,2.0260644,0.0,0.0
Lmbrd1,48.722927,1.4408156,0.0,0.0
Stk38,48.700134,1.2815492,0.0,0.0
Patj,48.691025,1.1852838,0.0,0.0
Helz2,48.656807,1.6513283,0.0,0.0
P4hb,48.606556,1.3644145,0.0,0.0
Vdac1,48.601734,1.2885053,0.0,0.0
Serf2,48.550976,1.2436866,0.0,0.0
Nsd1,48.527325,1.1665667,0.0,0.0
Tmed2,48.52722,1.6798441,0.0,0.0
H2-D1,48.506824,2.5167217,0.0,0.0
Csde1,48.498394,1.8235874,0.0,0.0
Nus1,48.48489,1.3356595,0.0,0.0
Ppm1a,48.484127,1.2322947,0.0,0.0
Gpr108,48.45606,1.4414756,0.0,0.0
Psma4,48.401134,1.2257559,0.0,0.0
Gna13,48.394707,1.2226155,0.0,0.0
Pkp3,48.34065,1.5716121,0.0,0.0
Adk,48.33597,1.2598675,0.0,0.0
Rab6a,48.317463,1.1224115,0.0,0.0
Lrp6,48.292763,1.1582456,0.0,0.0
Tmod3,48.2855,1.3867183,0.0,0.0
Snx13,48.223343,1.2195466,0.0,0.0
Tut7,48.212822,1.1920289,0.0,0.0
Atp10b,48.209724,1.1514628,0.0,0.0
Cgn,48.164333,1.1610751,0.0,0.0
Styk1,48.143047,1.2012327,0.0,0.0
Nptn,48.112743,1.285246,0.0,0.0
Itga3,48.102543,1.2557263,0.0,0.0
Cstb,48.090816,1.3132758,0.0,0.0
Tbca,48.08348,1.2178164,0.0,0.0
Dok4,48.073833,1.2210404,0.0,0.0
Atp6v0b,48.02661,1.1986716,0.0,0.0
Uqcrb,48.003914,1.2367246,0.0,0.0
Tmem8,47.998905,1.1907227,0.0,0.0
Dcaf11,47.95536,1.1353382,0.0,0.0
Tmem238l,47.94899,1.6942266,0.0,0.0
Camsap3,47.925728,1.450961,0.0,0.0
Tapbp,47.911156,1.2345964,0.0,0.0
Ola1,47.9091,1.3630772,0.0,0.0
Atp6v0c,47.89762,1.1954384,0.0,0.0
Tax1bp3,47.879047,1.2983345,0.0,0.0
Arpc1b,47.856678,1.3117112,0.0,0.0
Hprt,47.849922,1.3005248,0.0,0.0
Hectd3,47.845135,1.303933,0.0,0.0
Pacsin2,47.833275,1.2353411,0.0,0.0
Stat1,47.80604,1.4474137,0.0,0.0
Vdac3,47.795673,1.5815634,0.0,0.0
Slk,47.778984,1.6861515,0.0,0.0
Impad1,47.778225,1.2268066,0.0,0.0
Idh3b,47.774887,1.3492788,0.0,0.0
Calm2,47.768974,1.3140383,0.0,0.0
Naip2,47.69827,1.3151999,0.0,0.0
Atp5g3,47.68226,1.2438428,0.0,0.0
Tmed10,47.657528,1.4026574,0.0,0.0
Adcy6,47.64294,1.2939223,0.0,0.0
Chchd2,47.5988,1.445123,0.0,0.0
Snf8,47.578003,1.2349017,0.0,0.0
Sdf4,47.554264,1.1929046,0.0,0.0
Cpt1a,47.529026,1.2161766,0.0,0.0
Vamp3,47.511044,1.1742463,0.0,0.0
Fdps,47.508976,1.559324,0.0,0.0
Ddx6,47.478035,1.2618356,0.0,0.0
Samd9l,47.46979,1.29716,0.0,0.0
Ubxn1,47.464836,1.3780059,0.0,0.0
Rmnd5a,47.463642,1.1187581,0.0,0.0
Golgb1,47.463146,1.9983,0.0,0.0
Arih1,47.444935,1.217502,0.0,0.0
Parp9,47.439983,1.1789352,0.0,0.0
Atp11b,47.430107,1.6194063,0.0,0.0
Cyfip1,47.424496,1.0936711,0.0,0.0
BC005537,47.414967,1.1735426,0.0,0.0
Impa1,47.41339,1.2806844,0.0,0.0
Akap13,47.406063,1.207495,0.0,0.0
Camta2,47.399662,1.1855562,0.0,0.0
Efnb1,47.381298,1.1907104,0.0,0.0
Zc3h7a,47.3606,1.779713,0.0,0.0
Rsrp1,47.35239,1.2270094,0.0,0.0
Ablim1,47.34674,1.1539209,0.0,0.0
Slc39a1,47.333294,1.1396348,0.0,0.0
Trip12,47.32845,1.1342059,0.0,0.0
Fbxl5,47.3284,1.6951488,0.0,0.0
Map2k3,47.301846,1.2218757,0.0,0.0
Clstn1,47.271465,1.1676645,0.0,0.0
Ap1g1,47.257706,1.196345,0.0,0.0
Myo7b,47.252846,1.3773506,0.0,0.0
Sorl1,47.238846,1.3506904,0.0,0.0
Pfkp,47.23648,1.5251261,0.0,0.0
Arhgdia,47.232777,1.18338,0.0,0.0
Ap2m1,47.2242,1.2587731,0.0,0.0
Rtn4,47.218494,1.1349682,0.0,0.0
Clptm1l,47.204285,1.1121621,0.0,0.0
Gucd1,47.18428,1.1520278,0.0,0.0
Slc4a2,47.16403,1.2171398,0.0,0.0
Cox4i1,47.13863,1.1848662,0.0,0.0
Ndufa13,47.107327,1.3619537,0.0,0.0
Mark2,47.089703,1.3008373,0.0,0.0
Ddx1,47.088863,1.2578138,0.0,0.0
Luzp1,47.08556,1.2233893,0.0,0.0
Ppp2ca,47.060764,1.2293468,0.0,0.0
Slc44a4,47.0545,1.3601253,0.0,0.0
Itgb1,46.983204,1.3424493,0.0,0.0
Fryl,46.973663,1.2475911,0.0,0.0
Skp1a,46.96975,1.1458005,0.0,0.0
Acbd3,46.96904,1.3658093,0.0,0.0
Dtx3l,46.954918,1.2384486,0.0,0.0
Ets2,46.946827,1.1085565,0.0,0.0
Sdf2,46.945145,1.2647363,0.0,0.0
Psmc6,46.916492,1.1113285,0.0,0.0
Ehmt2,46.91634,1.2245502,0.0,0.0
Tnfrsf11a,46.904068,1.2703403,0.0,0.0
Tm9sf3,46.888283,1.2067747,0.0,0.0
Sema4b,46.885326,1.205558,0.0,0.0
Acads,46.86207,1.352898,0.0,0.0
Trio,46.848366,1.5928558,0.0,0.0
Leng8,46.838356,1.250436,0.0,0.0
Stk24,46.834305,1.1540622,0.0,0.0
Cdv3,46.833546,1.4233443,0.0,0.0
Ldlr,46.822865,1.3583072,0.0,0.0
Vwa8,46.82277,1.7068849,0.0,0.0
Arf4,46.818005,1.1604575,0.0,0.0
Irf6,46.81029,1.1264943,0.0,0.0
Psmc5,46.80458,1.1881595,0.0,0.0
Neurl3,46.791176,1.2283604,0.0,0.0
Tjp1,46.786953,1.2177316,0.0,0.0
Ncstn,46.774075,1.0536782,0.0,0.0
Azin1,46.763756,1.1010507,0.0,0.0
Tmem127,46.759148,1.2235909,0.0,0.0
Flii,46.74985,1.1414685,0.0,0.0
Dpp3,46.748734,1.3355291,0.0,0.0
Smg1,46.74364,1.4296602,0.0,0.0
Net1,46.724194,1.1807107,0.0,0.0
Sec23a,46.718,1.166393,0.0,0.0
Ndufs1,46.709232,1.2555403,0.0,0.0
Cmas,46.708878,1.1980222,0.0,0.0
Dync1h1,46.705864,1.083833,0.0,0.0
Eef1g,46.701836,1.9842209,0.0,0.0
Hspa8,46.69661,1.2478002,0.0,0.0
D5Ertd579e,46.69627,1.3302348,0.0,0.0
Specc1l,46.646896,1.75807,0.0,0.0
Ssu72,46.63228,1.0650868,0.0,0.0
Son,46.62409,1.0009755,0.0,0.0
Mvp,46.620655,1.3421931,0.0,0.0
Rnf213,46.54128,1.2107247,0.0,0.0
Rab21,46.53118,1.0427562,0.0,0.0
Nudt19,46.50488,1.2029235,0.0,0.0
Psmd11,46.49727,1.2541254,0.0,0.0
Efnb2,46.48794,1.4340863,0.0,0.0
Plekha6,46.46604,1.5557866,0.0,0.0
Dyrk2,46.461,1.4670086,0.0,0.0
Pklr,46.448517,1.0857922,0.0,0.0
Psmb5,46.436592,1.1990446,0.0,0.0
Scamp2,46.432487,1.0921282,0.0,0.0
Cd38,46.41587,1.2140757,0.0,0.0
Slc17a4,46.401546,1.5646014,0.0,0.0
Cggbp1,46.400066,1.0712916,0.0,0.0
Actr1b,46.367874,1.1059932,0.0,0.0
Metrnl,46.35847,1.4465121,0.0,0.0
Arhgef5,46.34286,1.2582747,0.0,0.0
Kdelr2,46.324253,1.2408837,0.0,0.0
Suclg2,46.307682,1.1705456,0.0,0.0
Aamp,46.29593,1.1531203,0.0,0.0
Pdhb,46.292294,1.4531769,0.0,0.0
Cop1,46.28201,1.4904393,0.0,0.0
Med13,46.276802,1.1090684,0.0,0.0
Nr3c1,46.25405,1.1125672,0.0,0.0
Slc2a1,46.251274,1.7378875,0.0,0.0
Cox6c,46.239933,1.1572211,0.0,0.0
Vmp1,46.239815,1.1363411,0.0,0.0
Aph1a,46.228577,1.1399422,0.0,0.0
Arf5,46.227863,1.164652,0.0,0.0
Emc10,46.221375,1.3591324,0.0,0.0
Gtpbp2,46.204426,1.6122288,0.0,0.0
Marveld3,46.189835,1.0382725,0.0,0.0
Yme1l1,46.18879,1.0250502,0.0,0.0
Psma6,46.157154,1.137472,0.0,0.0
Gmfb,46.144627,1.5884123,0.0,0.0
Dctn1,46.129696,1.0702688,0.0,0.0
Hsd17b4,46.110447,1.194577,0.0,0.0
Tspo,46.05238,1.1366754,0.0,0.0
Ogt,46.049213,1.3290943,0.0,0.0
Dgkd,46.04704,1.668496,0.0,0.0
Hsd17b12,46.030586,1.2508667,0.0,0.0
Mlx,46.019135,1.1939971,0.0,0.0
Ifih1,46.01638,1.1644139,0.0,0.0
Galnt1,46.014866,1.1207222,0.0,0.0
Trpm4,46.000557,1.1724489,0.0,0.0
Gsdmc4,45.996525,1.5680518,0.0,0.0
Gda,45.981163,1.5650674,0.0,0.0
Phyh,45.933537,1.1722833,0.0,0.0
Ctdsp1,45.92587,1.0964544,0.0,0.0
Bzw1,45.885406,1.0728511,0.0,0.0
Dlat,45.880375,1.2843043,0.0,0.0
Fis1,45.87764,1.1263689,0.0,0.0
Etl4,45.86898,1.0764608,0.0,0.0
Plekhh1,45.850876,1.3428309,0.0,0.0
Llgl2,45.848675,1.2099081,0.0,0.0
Tmem236,45.841972,1.2029412,0.0,0.0
Glo1,45.83097,1.0956823,0.0,0.0
Babam1,45.827694,1.1244278,0.0,0.0
Dnajb11,45.812927,1.1085807,0.0,0.0
Camk2d,45.805054,1.0134217,0.0,0.0
Ganab,45.799477,1.1345204,0.0,0.0
Fus,45.78836,1.0271542,0.0,0.0
Rnf187,45.783703,1.6141247,0.0,0.0
Lmna,45.769436,1.2597395,0.0,0.0
Chmp3,45.764507,1.0767932,0.0,0.0
Rhoa,45.736137,1.0207031,0.0,0.0
Ube2a,45.735844,1.0630254,0.0,0.0
Ccdc6,45.72574,1.1373558,0.0,0.0
Larp4b,45.725014,1.0840325,0.0,0.0
Vsig10,45.722862,1.0085312,0.0,0.0
Stk25,45.68724,1.1596141,0.0,0.0
H2-K1,45.660675,1.2035822,0.0,0.0
Adam10,45.636208,1.2931496,0.0,0.0
Fam20b,45.632805,1.0035093,0.0,0.0
Slc39a4,45.632023,1.375637,0.0,0.0
Kctd10,45.630466,1.1458112,0.0,0.0
Scarb2,45.623955,1.320782,0.0,0.0
Preb,45.60963,1.2880698,0.0,0.0
Tmem50a,45.598305,1.0769944,0.0,0.0
Cltb,45.588234,1.1269861,0.0,0.0
Tmem246,45.587612,1.5103142,0.0,0.0
Dock1,45.566067,1.0736243,0.0,0.0
Dhrs7b,45.55266,1.1381285,0.0,0.0
Birc6,45.539227,1.1628665,0.0,0.0
Relch,45.538975,1.1002437,0.0,0.0
Pfkl,45.52668,1.2326561,0.0,0.0
Aff4,45.508007,1.1590055,0.0,0.0
Ywhab,45.49417,1.001452,0.0,0.0
Ppp2cb,45.489624,1.065058,0.0,0.0
Psmd12,45.482323,1.5190508,0.0,0.0
Gdi2,45.465954,1.0617803,0.0,0.0
Srp9,45.464264,1.0205367,0.0,0.0
Arhgap5,45.447403,1.1916678,0.0,0.0
Tm9sf1,45.447342,1.2276117,0.0,0.0
Polr1d,45.408897,0.98334897,0.0,0.0
Pgm2,45.384125,1.0232742,0.0,0.0
Ubr4,45.383984,0.90351975,0.0,0.0
Abhd17a,45.365067,1.1249346,0.0,0.0
Ufm1,45.36265,1.3479524,0.0,0.0
Ccdc12,45.34813,1.2209593,0.0,0.0
Ergic3,45.346695,1.3750886,0.0,0.0
Ppm1b,45.339684,1.1104457,0.0,0.0
Tbl1xr1,45.335716,0.952255,0.0,0.0
Zbtb7b,45.331142,1.6571137,0.0,0.0
Rhpn2,45.325356,1.0401703,0.0,0.0
Pgk1,45.3234,2.1779633,0.0,0.0
Cmtm4,45.3231,1.0925891,0.0,0.0
Cand1,45.313934,1.1254168,0.0,0.0
Nr1h4,45.3139,1.1389363,0.0,0.0
Dynlrb1,45.310562,1.0493678,0.0,0.0
Trim25,45.30406,1.0333555,0.0,0.0
Cldn7,45.30103,1.3368608,0.0,0.0
Arf3,45.298595,0.9484577,0.0,0.0
Ddr1,45.291527,1.3520577,0.0,0.0
Apob,45.289295,1.9887774,0.0,0.0
B4galt5,45.283722,1.0624151,0.0,0.0
Abracl,45.273605,1.3537312,0.0,0.0
Calr,45.26441,1.5276108,0.0,0.0
Srxn1,45.25454,1.418858,0.0,0.0
Daam1,45.252754,1.2014034,0.0,0.0
Kdm5c,45.24614,1.4642808,0.0,0.0
D8Ertd738e,45.23691,0.9986545,0.0,0.0
Aco2,45.236378,0.9614019,0.0,0.0
Ralgapa2,45.23298,0.95230514,0.0,0.0
Anapc11,45.226917,1.2552637,0.0,0.0
Crybg1,45.210148,1.0611734,0.0,0.0
Gsr,45.202915,1.0111302,0.0,0.0
Grtp1,45.154427,0.9658902,0.0,0.0
Uqcrq,45.14279,1.0174354,0.0,0.0
Adar,45.141148,1.2230505,0.0,0.0
Dusp11,45.136127,0.930639,0.0,0.0
Use1,45.117065,1.014111,0.0,0.0
Arf1,45.106075,0.9906089,0.0,0.0
Dnajc14,45.087288,1.0688272,0.0,0.0
Insr,45.085217,1.0315272,0.0,0.0
Man1a,45.07687,1.1525204,0.0,0.0
Ocln,45.071457,1.0468627,0.0,0.0
Pmm2,45.07008,1.0310305,0.0,0.0
Tjp2,45.067432,0.9984849,0.0,0.0
Comt,45.06453,1.1500652,0.0,0.0
Pex2,45.058674,0.96486557,0.0,0.0
Klhl9,45.024822,1.3586738,0.0,0.0
Kdm2a,45.006664,0.879803,0.0,0.0
Selenow,44.999607,1.1857647,0.0,0.0
Cwc15,44.99533,1.2143563,0.0,0.0
Slc38a2,44.989147,1.6221521,0.0,0.0
Igsf5,44.976078,1.1607064,0.0,0.0
Letm1,44.95851,1.8537573,0.0,0.0
Pon3,44.95009,1.0491672,0.0,0.0
Dnajc13,44.9399,1.2475734,0.0,0.0
Ces2a,44.937065,1.8506668,0.0,0.0
Ccdc85c,44.9238,1.1430191,0.0,0.0
Dennd4c,44.920155,0.96414137,0.0,0.0
Tep1,44.912334,0.9146611,0.0,0.0
Arl1,44.907967,1.0097198,0.0,0.0
Psmb9,44.903988,1.3195977,0.0,0.0
Cmbl,44.900463,1.1003835,0.0,0.0
Drap1,44.894245,1.1973683,0.0,0.0
Ank3,44.88584,1.6534028,0.0,0.0
Tsg101,44.885612,1.2563087,0.0,0.0
Lsm12,44.866302,1.109022,0.0,0.0
Apeh,44.862232,1.3631412,0.0,0.0
Ppp1r15b,44.85892,1.347852,0.0,0.0
Ggnbp2,44.85489,0.8991794,0.0,0.0
Naa20,44.849762,1.3741101,0.0,0.0
Dnajc3,44.844135,0.9862096,0.0,0.0
Ssh3,44.83897,1.499505,0.0,0.0
Fam110c,44.83735,1.1428871,0.0,0.0
Erg28,44.831867,1.1461685,0.0,0.0
Sucla2,44.818913,0.9476681,0.0,0.0
Plekha3,44.816998,1.2881415,0.0,0.0
Ifi27,44.81446,1.2091908,0.0,0.0
Anapc13,44.812096,1.0311503,0.0,0.0
Prr15,44.781284,1.6739992,0.0,0.0
Abhd2,44.7773,1.2879804,0.0,0.0
Atp6ap1,44.76954,0.94301724,0.0,0.0
Zdhhc21,44.76889,1.2363374,0.0,0.0
Tomm5,44.76834,1.338072,0.0,0.0
Cdkn1a,44.768177,1.5536734,0.0,0.0
AU040320,44.766567,0.9526618,0.0,0.0
Lrrfip2,44.760338,0.9549478,0.0,0.0
Atxn7l3b,44.758408,1.0452288,0.0,0.0
Mical2,44.756927,0.9055867,0.0,0.0
Atox1,44.745663,0.97248507,0.0,0.0
Arcn1,44.72195,1.0685879,0.0,0.0
Appl1,44.721836,1.1199151,0.0,0.0
Myh9,44.71515,1.0429488,0.0,0.0
Cox17,44.707214,1.0204278,0.0,0.0
Tmf1,44.683903,1.1120585,0.0,0.0
Chmp4c,44.67957,0.9362052,0.0,0.0
Arpc5,44.679443,1.1391656,0.0,0.0
Atp2b1,44.656803,1.3243232,0.0,0.0
Reep3,44.64624,0.9931081,0.0,0.0
Rnf103,44.64315,1.0348177,0.0,0.0
Csnk2b,44.625626,1.1671478,0.0,0.0
Naa38,44.62316,1.0705916,0.0,0.0
Vps26a,44.623154,1.0431327,0.0,0.0
Srsf9,44.62199,1.1428815,0.0,0.0
Rbm14,44.600395,1.7740324,0.0,0.0
Lman2,44.599426,0.94376874,0.0,0.0
Suclg1,44.59515,1.4047548,0.0,0.0
Cyb561,44.58081,0.9101559,0.0,0.0
Rpn2,44.579044,1.1018647,0.0,0.0
Plekha8,44.573135,1.0936371,0.0,0.0
Hint3,44.571938,1.0511588,0.0,0.0
Slc35a3,44.567318,1.0816393,0.0,0.0
Kcmf1,44.562557,0.92575634,0.0,0.0
Ogfr,44.55601,1.3228633,0.0,0.0
Naprt,44.54574,1.4996325,0.0,0.0
Timm17a,44.54463,2.2310996,0.0,0.0
Eef2,44.527763,1.1515942,0.0,0.0
Secisbp2l,44.524914,1.2806503,0.0,0.0
Uqcrc2,44.52073,1.3330952,0.0,0.0
Aamdc,44.512756,1.1276658,0.0,0.0
Ptp4a2,44.505062,1.4772073,0.0,0.0
Farp2,44.498714,1.0122317,0.0,0.0
Lrrc59,44.490425,1.1059366,0.0,0.0
Eapp,44.48968,1.139332,0.0,0.0
Iah1,44.485687,1.0675356,0.0,0.0
Dgka,44.462864,1.0347853,0.0,0.0
Prkab1,44.445107,0.98365843,0.0,0.0
Oga,44.436962,1.4081304,0.0,0.0
Cdc37,44.430225,1.0866305,0.0,0.0
G3bp2,44.42934,0.8947801,0.0,0.0
Dbndd2,44.42722,1.0585797,0.0,0.0
Plpp5,44.4217,1.3086008,0.0,0.0
Inppl1,44.420704,0.89870214,0.0,0.0
Nf2,44.399666,1.0919647,0.0,0.0
Parp12,44.39256,1.1436304,0.0,0.0
Tsta3,44.392307,0.9330477,0.0,0.0
Wasl,44.38719,1.0599458,0.0,0.0
Ythdf3,44.344166,0.8904126,0.0,0.0
Trim2,44.344067,1.1106474,0.0,0.0
Hs6st1,44.341263,1.0506946,0.0,0.0
Ihh,44.334194,1.4828984,0.0,0.0
March7,44.326485,0.8425164,0.0,0.0
Anapc2,44.320988,1.5013613,0.0,0.0
Ccnl2,44.32083,2.5505621,0.0,0.0
Ap2s1,44.315914,1.1439803,0.0,0.0
Zfp598,44.313423,1.1431624,0.0,0.0
Ecpas,44.3111,1.1646821,0.0,0.0
Odc1,44.307346,1.0835857,0.0,0.0
Btnl6,44.30346,1.4847795,0.0,0.0
Tpm1,44.297863,1.1283064,0.0,0.0
Tpi1,44.294506,0.94110435,0.0,0.0
Ubl5,44.291187,1.1255981,0.0,0.0
Bcap31,44.2902,1.0018148,0.0,0.0
Nedd8,44.259266,0.9631034,0.0,0.0
Vcp,44.255882,1.0354122,0.0,0.0
Mrfap1,44.255848,1.4686825,0.0,0.0
Uqcrc1,44.248802,1.3292208,0.0,0.0
Tmem98,44.24756,0.9381191,0.0,0.0
Mapk6,44.24233,0.99173146,0.0,0.0
Lta4h,44.22448,0.9247959,0.0,0.0
Clcn2,44.217655,1.1378042,0.0,0.0
Trak1,44.21511,1.0332243,0.0,0.0
Golga7,44.181282,1.1907405,0.0,0.0
Slc35c1,44.179314,1.0939218,0.0,0.0
Nhlrc2,44.17913,1.1987442,0.0,0.0
Hnrnpu,44.17203,1.4774519,0.0,0.0
Tomm22,44.169952,2.0108867,0.0,0.0
Fuca2,44.163437,0.9731635,0.0,0.0
Pkn2,44.14137,0.9675236,0.0,0.0
Clec2d,44.135025,1.0277913,0.0,0.0
Rnf10,44.131577,1.1074369,0.0,0.0
Clta,44.131126,1.1702806,0.0,0.0
Srpk1,44.12492,1.1188899,0.0,0.0
Klf6,44.121525,1.1137533,0.0,0.0
Coa5,44.11913,1.4185879,0.0,0.0
Vwa5a,44.115234,1.0834523,0.0,0.0
Actn4,44.08342,1.2909098,0.0,0.0
Kidins220,44.06525,1.1107898,0.0,0.0
Eif6,44.06314,2.1241777,0.0,0.0
Rac1,44.06031,2.3690367,0.0,0.0
Fahd1,44.050934,1.1755991,0.0,0.0
Hnrnpm,44.04757,1.0849208,0.0,0.0
Rbm5,44.04411,1.1744418,0.0,0.0
Emc7,44.01987,1.1331936,0.0,0.0
Smarcc2,44.006813,0.9612614,0.0,0.0
Ctsd,44.002735,0.97506726,0.0,0.0
Tnks2,43.994617,1.4296662,0.0,0.0
Hook1,43.99317,0.916924,0.0,0.0
Casz1,43.987427,1.2625719,0.0,0.0
Gnai3,43.974953,1.0360658,0.0,0.0
Fbxw11,43.971577,1.437983,0.0,0.0
Zmynd11,43.95481,1.3201916,0.0,0.0
Arhgap12,43.954147,1.1443288,0.0,0.0
Hnrnpa2b1,43.932003,1.6473119,0.0,0.0
Sf3b6,43.929356,1.0672281,0.0,0.0
Sem1,43.89957,1.2001657,0.0,0.0
Pcyt2,43.89353,1.5069876,0.0,0.0
Krtcap3,43.893127,1.1611487,0.0,0.0
Rp9,43.88787,1.1658546,0.0,0.0
Rab5a,43.873096,1.2025089,0.0,0.0
Rp2,43.87278,1.0376241,0.0,0.0
Gak,43.868183,1.091233,0.0,0.0
Dhrs11,43.866264,1.0891283,0.0,0.0
Fdft1,43.860584,1.1570425,0.0,0.0
Trafd1,43.85721,1.4390745,0.0,0.0
Usp25,43.85666,0.8827081,0.0,0.0
Ptbp1,43.855244,1.1202066,0.0,0.0
Ndufs5,43.84769,1.197603,0.0,0.0
Rab4a,43.846004,1.2341169,0.0,0.0
Naip6,43.842957,0.908787,0.0,0.0
Tmem106b,43.837814,1.2599671,0.0,0.0
Plekhf2,43.81405,1.2136458,0.0,0.0
Fam114a2,43.811512,1.2398428,0.0,0.0
Mpdu1,43.809418,0.87136596,0.0,0.0
Ykt6,43.806965,0.99256927,0.0,0.0
Tmem94,43.806854,1.0848529,0.0,0.0
Rala,43.806404,1.3048421,0.0,0.0
Clcn3,43.796127,1.0003731,0.0,0.0
Eif3h,43.792313,1.544161,0.0,0.0
Dync1li2,43.785133,1.0264724,0.0,0.0
Mindy1,43.7807,1.0961717,0.0,0.0
March6,43.778397,1.003008,0.0,0.0
Txndc9,43.759117,0.97306484,0.0,0.0
Stub1,43.757526,0.8859002,0.0,0.0
Add1,43.7398,1.0722617,0.0,0.0
Slc37a1,43.737362,0.8885863,0.0,0.0
Cript,43.722366,1.0074333,0.0,0.0
Cst3,43.722095,1.0550166,0.0,0.0
Cops7a,43.71934,1.0598667,0.0,0.0
Rnh1,43.717384,1.0730238,0.0,0.0
Npepps,43.694283,0.9634876,0.0,0.0
Csrp2,43.694,1.2824973,0.0,0.0
Anks4b,43.685825,0.93367094,0.0,0.0
Fam83e,43.67919,0.9673621,0.0,0.0
Stx4a,43.66608,1.614539,0.0,0.0
Timm13,43.664955,0.97790027,0.0,0.0
Tma7,43.6426,0.9680194,0.0,0.0
Cyb5b,43.637283,0.96191293,0.0,0.0
Tmx2,43.634445,1.779148,0.0,0.0
Atxn2l,43.629456,1.0861678,0.0,0.0
Naga,43.62433,1.1102561,0.0,0.0
Sema4a,43.61849,1.1627947,0.0,0.0
Qdpr,43.617252,0.9777308,0.0,0.0
Ppp2r5a,43.61056,0.8401555,0.0,0.0
Plxnb2,43.607872,1.1061033,0.0,0.0
Dhrs3,43.60573,0.9918942,0.0,0.0
Bcl3,43.6012,1.2114358,0.0,0.0
Bag6,43.598923,1.0410877,0.0,0.0
Egln1,43.59764,1.0333295,0.0,0.0
Gnb1,43.593323,1.1251413,0.0,0.0
Pdia4,43.578693,1.0635991,0.0,0.0
Ep300,43.577988,0.87411326,0.0,0.0
Capn1,43.576847,0.8953911,0.0,0.0
Ltbr,43.56765,0.9411128,0.0,0.0
Mdp1,43.559322,0.8632935,0.0,0.0
Psmd13,43.546158,0.9145648,0.0,0.0
Ap2b1,43.544945,0.804755,0.0,0.0
Mgat1,43.54381,0.9009398,0.0,0.0
Stxbp2,43.53894,0.8206,0.0,0.0
Mapkapk2,43.53795,0.9604709,0.0,0.0
Mob1a,43.5373,1.0622761,0.0,0.0
Myh14,43.537117,1.3191115,0.0,0.0
Cox16,43.532745,1.2682017,0.0,0.0
Slc22a23,43.52667,0.90682846,0.0,0.0
Gsdmc2,43.52168,1.4932665,0.0,0.0
Bst2,43.51876,1.1995331,0.0,0.0
Ppp6r1,43.510628,0.97468185,0.0,0.0
Tuba1c,43.5086,1.1183015,0.0,0.0
Fibp,43.498436,0.874886,0.0,0.0
Ik,43.488693,1.0368103,0.0,0.0
Nlrp6,43.48118,1.0047518,0.0,0.0
Furin,43.479477,0.9660377,0.0,0.0
Ndufa5,43.46943,0.8853058,0.0,0.0
Wapl,43.468792,1.1300589,0.0,0.0
Ccdc124,43.46794,1.458301,0.0,0.0
Tlnrd1,43.466335,1.3347282,0.0,0.0
Osbp,43.46306,1.0358459,0.0,0.0
Mbnl2,43.458996,0.82966506,0.0,0.0
Brpf3,43.449036,0.8284065,0.0,0.0
Nab1,43.44874,1.2432743,0.0,0.0
Trappc8,43.44431,1.1913836,0.0,0.0
Atp6v0e,43.425728,0.79754025,0.0,0.0
Csnk2a1,43.422554,1.0386572,0.0,0.0
Psmd2,43.42064,0.94212973,0.0,0.0
Prdx2,43.41582,0.9520024,0.0,0.0
Tjp3,43.392258,0.9645192,0.0,0.0
Polr2f,43.38966,0.92600745,0.0,0.0
Tor1aip1,43.389416,1.0862756,0.0,0.0
Fgfr1op2,43.38707,0.8320741,0.0,0.0
Acadvl,43.35004,0.9315947,0.0,0.0
Jak2,43.327274,1.7171658,0.0,0.0
Clcn4,43.318134,1.5905704,0.0,0.0
Slc23a2,43.312805,1.4736775,0.0,0.0
Il13ra1,43.31168,1.0115288,0.0,0.0
Prelid2,43.302486,1.602706,0.0,0.0
Amfr,43.29985,1.2637079,0.0,0.0
Heca,43.293465,1.4691308,0.0,0.0
Atl2,43.280247,0.90777403,0.0,0.0
Casp8,43.258274,1.6190569,0.0,0.0
Myl6,43.24682,0.78106964,0.0,0.0
Usp9x,43.24636,0.80623466,0.0,0.0
Atp2a2,43.242508,0.88855755,0.0,0.0
Sp3,43.232346,0.85071963,0.0,0.0
Dst,43.229153,2.2153354,0.0,0.0
Acss1,43.227146,1.3432082,0.0,0.0
Mkln1,43.22605,1.0587041,0.0,0.0
Pi4k2b,43.22246,1.1242266,0.0,0.0
Ick,43.21411,1.054596,0.0,0.0
Ndufab1,43.20568,0.9259087,0.0,0.0
Maea,43.204575,0.81574607,0.0,0.0
Rab43,43.2032,1.1816971,0.0,0.0
Acin1,43.190132,1.0373169,0.0,0.0
Myo1d,43.18467,1.2112534,0.0,0.0
Eif3f,43.184654,0.97227657,0.0,0.0
Fh1,43.182186,0.8918497,0.0,0.0
Decr2,43.180595,0.89199966,0.0,0.0
Sept7,43.17094,0.9316943,0.0,0.0
Stard4,43.16722,0.9444209,0.0,0.0
Slc25a11,43.159958,1.2150282,0.0,0.0
Ubald2,43.155247,0.873386,0.0,0.0
Riok3,43.14655,0.99430454,0.0,0.0
Cyp51,43.139816,1.0589482,0.0,0.0
Trim56,43.137585,1.2290457,0.0,0.0
Dpy30,43.127987,0.9757363,0.0,0.0
Alas1,43.120102,1.0893886,0.0,0.0
Snx17,43.11888,1.2897246,0.0,0.0
Prelid1,43.116062,0.76675254,0.0,0.0
Trappc10,43.112473,1.019959,0.0,0.0
Atl3,43.103546,1.3224249,0.0,0.0
Ifi35,43.100838,1.8478273,0.0,0.0
Mfsd14b,43.080807,0.7544603,0.0,0.0
Cul1,43.07689,0.79573464,0.0,0.0
Canx,43.071247,0.9195847,0.0,0.0
S100a13,43.058357,1.1950494,0.0,0.0
Gss,43.056046,1.0296165,0.0,0.0
Tln1,43.046516,1.293845,0.0,0.0
Trpm6,43.04342,1.315648,0.0,0.0
Usp47,43.034695,0.86401784,0.0,0.0
Zc3hav1,43.03329,1.1340916,0.0,0.0
Hk2,43.02631,1.0406727,0.0,0.0
Lgals9,43.024174,1.0509968,0.0,0.0
Rock1,43.021545,1.015192,0.0,0.0
Nrd1,43.019276,0.76879513,0.0,0.0
Slc10a5,42.987656,0.9452507,0.0,0.0
Glmp,42.979527,0.7970187,0.0,0.0
Id1,42.96495,1.250326,0.0,0.0
Ankrd17,42.95893,0.9745669,0.0,0.0
Ciao2a,42.95613,0.9307771,0.0,0.0
Gabarapl2,42.954193,0.75618017,0.0,0.0
Ptk2,42.948746,1.408416,0.0,0.0
Igbp1,42.948597,0.8608186,0.0,0.0
Ppp1r14d,42.933308,0.9401718,0.0,0.0
Serbp1,42.933014,1.2759342,0.0,0.0
Il17rc,42.921234,1.6869344,0.0,0.0
Smad7,42.901928,2.0567412,0.0,0.0
Btnl4,42.898685,0.9267999,0.0,0.0
Dhcr7,42.898647,0.91064906,0.0,0.0
Ggact,42.894024,0.8527419,0.0,0.0
Sumo1,42.891922,0.8573716,0.0,0.0
Susd6,42.88399,0.76920235,0.0,0.0
Gls,42.88176,0.85645103,0.0,0.0
Rab11a,42.851284,0.85488766,0.0,0.0
Fgd4,42.84749,0.96009415,0.0,0.0
Tdrd7,42.846813,0.91632247,0.0,0.0
Sec13,42.84512,1.0179977,0.0,0.0
Fkbp2,42.823696,0.88482374,0.0,0.0
Man1a2,42.82331,1.219925,0.0,0.0
Tbc1d22a,42.8013,1.5687577,0.0,0.0
Psmc3,42.798573,0.8683331,0.0,0.0
Bcar1,42.79506,0.9354004,0.0,0.0
Tubb4b,42.79192,1.2198102,0.0,0.0
Lrp1,42.791637,1.1361301,0.0,0.0
Acadm,42.789562,1.2162287,0.0,0.0
Pef1,42.785656,0.7921529,0.0,0.0
Eif2ak1,42.774815,1.3587826,0.0,0.0
Hras,42.770462,1.0917056,0.0,0.0
Arglu1,42.769928,1.3206966,0.0,0.0
Ubr5,42.767498,0.8891953,0.0,0.0
Cdc34,42.76446,1.1374395,0.0,0.0
Fbxo25,42.758404,0.9683656,0.0,0.0
Emc2,42.75831,0.9619777,0.0,0.0
Ostc,42.74371,1.2352815,0.0,0.0
Ankrd13a,42.72808,1.0340198,0.0,0.0
Adss,42.719124,1.1172519,0.0,0.0
Ing4,42.703495,1.0181613,0.0,0.0
Lcor,42.702606,0.9113162,0.0,0.0
Rab1b,42.701653,0.83862084,0.0,0.0
Heph,42.69994,0.87857527,0.0,0.0
Mcl1,42.6968,1.0757045,0.0,0.0
Gid8,42.696,0.8135158,0.0,0.0
Fosl2,42.694935,0.85559386,0.0,0.0
Rc3h1,42.681244,0.9704188,0.0,0.0
Mfn2,42.678047,1.1357008,0.0,0.0
Ndufaf8,42.677086,1.1529789,0.0,0.0
Eps8l3,42.669876,1.1653916,0.0,0.0
Erp29,42.669548,1.274915,0.0,0.0
Mfn1,42.666924,0.87173957,0.0,0.0
Slc30a4,42.659264,1.0280582,0.0,0.0
Hnrnpd,42.656677,1.2423007,0.0,0.0
Tufm,42.653996,0.8876236,0.0,0.0
Plcb3,42.646275,0.89641833,0.0,0.0
Tomm7,42.64355,0.87486666,0.0,0.0
Nipsnap3b,42.639565,1.5065573,0.0,0.0
Tprn,42.624226,0.9004048,0.0,0.0
Tmem183a,42.613514,0.8684697,0.0,0.0
Sh3yl1,42.602993,1.1602936,0.0,0.0
Ier3ip1,42.601665,1.3630558,0.0,0.0
Actr1a,42.592163,0.73899126,0.0,0.0
Isg15,42.58967,1.647162,0.0,0.0
Nipa2,42.58073,1.0348183,0.0,0.0
BC031181,42.572784,0.7938166,0.0,0.0
Ppip5k1,42.56929,1.0497403,0.0,0.0
Ppp1r12a,42.56742,0.81688434,0.0,0.0
Parp4,42.554478,1.1230943,0.0,0.0
Arfip1,42.544056,0.99010354,0.0,0.0
Erp44,42.538322,1.0040174,0.0,0.0
Usp53,42.533237,1.4970189,0.0,0.0
Uqcr11,42.53296,1.0512058,0.0,0.0
Abcb6,42.52291,1.2209936,0.0,0.0
Tnfrsf21,42.514606,1.4119158,0.0,0.0
Ube2z,42.511578,0.75158906,0.0,0.0
Apol10a,42.500877,1.5683739,0.0,0.0
Ano10,42.493973,0.9308498,0.0,0.0
Nono,42.484035,1.2040619,0.0,0.0
Srsf6,42.481983,1.15934,0.0,0.0
Ywhah,42.470047,1.0619622,0.0,0.0
Irf1,42.464283,0.9015666,0.0,0.0
Rock2,42.462482,0.87934506,0.0,0.0
Chchd7,42.458717,0.9935688,0.0,0.0
Coro1c,42.454388,0.9868927,0.0,0.0
Anxa7,42.453144,0.9653844,0.0,0.0
B2m,42.447636,1.2262928,0.0,0.0
Gsk3a,42.447266,1.0805532,0.0,0.0
Fastk,42.4463,1.214232,0.0,0.0
Prpf4b,42.44296,1.4583068,0.0,0.0
Fbp2,42.44015,0.9362479,0.0,0.0
Entpd8,42.439445,1.1163923,0.0,0.0
Msmo1,42.43821,1.0160269,0.0,0.0
Tcim,42.432034,0.9502581,0.0,0.0
Atp6v1b2,42.430668,0.8316469,0.0,0.0
Sgpl1,42.427658,0.9619183,0.0,0.0
Vps35,42.41394,0.9389476,0.0,0.0
Rnase4,42.41151,1.0055056,0.0,0.0
Retreg3,42.40586,0.8239513,0.0,0.0
Ankrd11,42.405018,0.85633147,0.0,0.0
Cyth2,42.396057,1.0346402,0.0,0.0
Aktip,42.392223,1.5600978,0.0,0.0
Dab2ip,42.37855,0.95000595,0.0,0.0
Tst,42.374687,0.8213859,0.0,0.0
Map4k3,42.3727,0.8005128,0.0,0.0
Vti1b,42.369465,0.8033575,0.0,0.0
Selenot,42.36886,0.7915561,0.0,0.0
Map2k2,42.362076,0.8567874,0.0,0.0
Srcap,42.35569,0.9459942,0.0,0.0
Wdr1,42.35436,0.94642824,0.0,0.0
Tiprl,42.327057,1.0780741,0.0,0.0
Syngr2,42.324726,1.1989965,0.0,0.0
Ndufs6,42.312515,0.80185854,0.0,0.0
Psma3,42.311626,1.3223394,0.0,0.0
Tpcn1,42.3066,1.1043464,0.0,0.0
Tmem9b,42.303566,0.7559995,0.0,0.0
Ermp1,42.3035,0.88400096,0.0,0.0
Vps13d,42.299793,0.8129444,0.0,0.0
Csnk1g3,42.282696,0.79186684,0.0,0.0
Pmpcb,42.27555,0.79335225,0.0,0.0
Nrip1,42.274727,1.0573889,0.0,0.0
Misp,42.263622,1.2958711,0.0,0.0
Mast2,42.25715,0.77048904,0.0,0.0
Rab7,42.255188,0.8111233,0.0,0.0
Uap1,42.253677,1.0883062,0.0,0.0
Hadha,42.24053,0.9242135,0.0,0.0
Glrx5,42.23758,0.9735012,0.0,0.0
Hmg20b,42.233547,0.9070431,0.0,0.0
Kdm3b,42.232822,1.5068638,0.0,0.0
Lgals8,42.22697,0.92512774,0.0,0.0
Crebbp,42.223774,1.0996212,0.0,0.0
Rnf128,42.220325,0.8976449,0.0,0.0
Syf2,42.21753,0.9504057,0.0,0.0
Clrn3,42.193325,0.96477455,0.0,0.0
Exoc5,42.189907,0.9539174,0.0,0.0
Api5,42.185055,0.8391542,0.0,0.0
Synpo,42.18405,1.4655644,0.0,0.0
Cox7c,42.18301,1.2515253,0.0,0.0
Cideb,42.16906,1.130747,0.0,0.0
Derl1,42.167786,0.76028174,0.0,0.0
Sel1l,42.160347,0.897613,0.0,0.0
Tmem167,42.15921,0.8303284,0.0,0.0
Nbeal1,42.15561,0.8097309,0.0,0.0
Ddrgk1,42.147602,0.78725594,0.0,0.0
Dazap1,42.144737,0.93116707,0.0,0.0
Thoc7,42.144634,0.85810864,0.0,0.0
Idh1,42.1378,0.9126168,0.0,0.0
Phb2,42.136124,1.0166163,0.0,0.0
Gpat4,42.134705,1.0278933,0.0,0.0
Mfsd6,42.134663,0.8660132,0.0,0.0
Raly,42.12834,0.83882326,0.0,0.0
Zfp384,42.127823,1.4592425,0.0,0.0
Srsf5,42.12387,2.0021815,0.0,0.0
Cx3cl1,42.12301,0.882596,0.0,0.0
Rnpepl1,42.12267,0.71713996,0.0,0.0
Smim15,42.117702,0.9111757,0.0,0.0
Hgs,42.107853,1.0008378,0.0,0.0
Ndufb2,42.095924,1.45513,0.0,0.0
Glyr1,42.093662,0.7635561,0.0,0.0
Sat1,42.090187,0.9928215,0.0,0.0
Erlin2,42.089993,0.8354576,0.0,0.0
Dio1,42.084805,1.2230855,0.0,0.0
Eloa,42.081257,0.8505912,0.0,0.0
Junb,42.07298,1.5464061,0.0,0.0
Crybg2,42.071762,2.5392425,0.0,0.0
Dnpep,42.061752,0.85636467,0.0,0.0
Cdc42bpb,42.050003,0.65207314,0.0,0.0
Lrba,42.044945,0.8757659,0.0,0.0
Pik3c2b,42.040524,1.6324526,0.0,0.0
Trim26,42.039845,1.2289554,0.0,0.0
Tmem33,42.02564,1.1620772,0.0,0.0
Mpi,42.02511,0.99308753,0.0,0.0
Mea1,42.023212,0.7954967,0.0,0.0
Cebpg,42.01614,0.75730133,0.0,0.0
Ppp2r5e,42.003937,1.1224988,0.0,0.0
Ralb,41.995564,1.2600976,0.0,0.0
Copg1,41.99434,0.8022976,0.0,0.0
Stam2,41.99095,0.8226612,0.0,0.0
Cmpk1,41.97564,1.067654,0.0,0.0
Ncoa4,41.959846,0.7969674,0.0,0.0
Ginm1,41.953304,0.76929843,0.0,0.0
Neurl1b,41.94932,1.3560429,0.0,0.0
Myl12b,41.92801,1.1812882,0.0,0.0
Psmd3,41.92609,1.1410174,0.0,0.0
Psmc1,41.917027,0.8370123,0.0,0.0
Dnaja3,41.904884,1.1217228,0.0,0.0
Lamb3,41.890812,1.4433697,0.0,0.0
Sft2d2,41.89049,0.77584714,0.0,0.0
Id3,41.88746,1.1885451,0.0,0.0
Zc3h15,41.882957,0.9981448,0.0,0.0
Tvp23b,41.880665,1.3748394,0.0,0.0
Plin3,41.870983,0.7466955,0.0,0.0
Mvb12a,41.866398,0.99186856,0.0,0.0
Zzef1,41.8652,1.5108151,0.0,0.0
Prkaca,41.84486,0.69203794,0.0,0.0
Zdhhc7,41.84447,1.0820527,0.0,0.0
Dpp8,41.840836,1.0252175,0.0,0.0
Pde5a,41.83097,0.8956508,0.0,0.0
Cdk2ap2,41.808937,0.7758904,0.0,0.0
Mal2,41.80277,0.8185234,0.0,0.0
Nsmce4a,41.79811,0.88543093,0.0,0.0
Ubap2l,41.795895,0.6844224,0.0,0.0
Commd1,41.78899,0.7958862,0.0,0.0
Smu1,41.788795,1.8189917,0.0,0.0
Magt1,41.788445,0.79545486,0.0,0.0
Gga1,41.78483,0.921553,0.0,0.0
Ip6k1,41.777378,0.98154527,0.0,0.0
Taok1,41.776253,1.2103767,0.0,0.0
Szrd1,41.76514,0.68578136,0.0,0.0
Aldh3a2,41.761623,0.7430909,0.0,0.0
Uqcc2,41.75634,0.9010734,0.0,0.0
Cenpb,41.753098,1.3390567,0.0,0.0
Ero1l,41.75282,1.0930521,0.0,0.0
Arhgap27,41.74544,1.3227142,0.0,0.0
Traf7,41.7426,1.2537919,0.0,0.0
Ube2m,41.73047,0.7840441,0.0,0.0
Atp6v1e1,41.730064,0.7067526,0.0,0.0
Capns1,41.727226,0.84379923,0.0,0.0
Sptbn1,41.71169,1.1442654,0.0,0.0
Zfand6,41.711475,0.9981778,0.0,0.0
Skil,41.710518,0.99094033,0.0,0.0
Adipor1,41.709145,1.1294668,0.0,0.0
Setd5,41.708588,0.7224298,0.0,0.0
Epb41l1,41.707146,1.1973413,0.0,0.0
Insig1,41.698635,1.0222006,0.0,0.0
Nampt,41.690765,0.77847284,0.0,0.0
Lrrfip1,41.686638,1.139594,0.0,0.0
Mgat5,41.67412,0.846529,0.0,0.0
Pcm1,41.664898,0.9207934,0.0,0.0
Fndc3a,41.659904,0.7751809,0.0,0.0
Elf1,41.65702,0.7193924,0.0,0.0
Elovl1,41.651405,0.7772093,0.0,0.0
Spcs1,41.640778,0.8225015,0.0,0.0
Immt,41.62385,0.85830605,0.0,0.0
Rab35,41.622047,0.93625534,0.0,0.0
Selenoi,41.610256,0.8087524,0.0,0.0
Cops4,41.608177,1.0712131,0.0,0.0
Ybx1,41.604195,0.9204829,0.0,0.0
Cdipt,41.604084,0.7980931,0.0,0.0
Mul1,41.596306,0.8887427,0.0,0.0
Tnfrsf1a,41.592384,0.85148597,0.0,0.0
Serinc1,41.58598,0.680471,0.0,0.0
Rchy1,41.58369,0.7712788,0.0,0.0
Atp6v1h,41.580387,1.1333961,0.0,0.0
Rbm45,41.580093,1.2785238,0.0,0.0
Atp13a1,41.565357,1.6616936,0.0,0.0
Mia3,41.563828,1.1988093,0.0,0.0
Vamp8,41.563763,0.9482779,0.0,0.0
Ap1m2,41.559677,0.8090112,0.0,0.0
Ostf1,41.556065,0.8288609,0.0,0.0
Rbm25,41.55394,1.5174131,0.0,0.0
Rtp4,41.5479,0.96304786,0.0,0.0
Saraf,41.547382,0.6841951,0.0,0.0
Tmem87b,41.539707,0.74323076,0.0,0.0
Laptm4a,41.52961,1.5478266,0.0,0.0
Idnk,41.526306,1.2679228,0.0,0.0
Fuom,41.521706,1.1913228,0.0,0.0
Pithd1,41.500904,1.1802173,0.0,0.0
Dera,41.4898,0.97408694,0.0,0.0
Cyp2j6,41.4852,1.202397,0.0,0.0
Cited2,41.478817,0.99668324,0.0,0.0
Derl2,41.47717,1.0506675,0.0,0.0
Glud1,41.475143,0.88977075,0.0,0.0
Atraid,41.473988,0.8029265,0.0,0.0
Trappc2l,41.473606,0.9183008,0.0,0.0
Tmx1,41.473,0.84299093,0.0,0.0
Nudt3,41.471973,1.7733145,0.0,0.0
Sod2,41.46594,0.8192952,0.0,0.0
Dnm1l,41.465267,1.1688964,0.0,0.0
Rlim,41.463028,1.1278696,0.0,0.0
Lnpep,41.461235,0.7253463,0.0,0.0
Gucy2c,41.46092,1.1150787,0.0,0.0
Ppm1g,41.457756,1.0599275,0.0,0.0
Adprh,41.44987,1.2986795,0.0,0.0
Eif2ak2,41.411137,0.78474516,0.0,0.0
Ccng2,41.403603,1.1917027,0.0,0.0
Dync1li1,41.39957,1.3584073,0.0,0.0
Ipmk,41.39661,0.7875941,0.0,0.0
Sel1l3,41.39582,0.7780266,0.0,0.0
Zfand5,41.39498,0.7355043,0.0,0.0
Adck5,41.38996,1.3529794,0.0,0.0
Ube3c,41.389294,0.73222387,0.0,0.0
Med25,41.38356,0.7669411,0.0,0.0
Spop,41.381344,0.90796524,0.0,0.0
Mob4,41.377842,0.9377505,0.0,0.0
Ugcg,41.3691,0.85196495,0.0,0.0
Pip4k2c,41.365215,0.9104139,0.0,0.0
Pak4,41.363194,0.9928217,0.0,0.0
Nipal3,41.35905,0.8989285,0.0,0.0
Chuk,41.34487,1.047725,0.0,0.0
Ppp1r16a,41.34072,1.6714135,0.0,0.0
Mylk,41.331142,0.99787784,0.0,0.0
Ndufs3,41.328873,1.0030434,0.0,0.0
Nelfb,41.32415,1.048895,0.0,0.0
Midn,41.319942,0.8012458,0.0,0.0
Cuta,41.30949,0.7607717,0.0,0.0
Slc35g1,41.29352,0.9113063,0.0,0.0
Nxf1,41.293503,0.902235,0.0,0.0
Cyb5r4,41.292046,0.7093376,0.0,0.0
Cdc42ep4,41.2863,1.1433128,0.0,0.0
Spg7,41.282932,0.70550495,0.0,0.0
Kmt2d,41.27756,0.7776823,0.0,0.0
Nagk,41.26825,1.1672487,0.0,0.0
Snx2,41.26176,0.9579552,0.0,0.0
Sacm1l,41.25736,0.7260023,0.0,0.0
Prkcsh,41.238773,0.7752692,0.0,0.0
Rbm4,41.22776,1.0427785,0.0,0.0
Psme4,41.22579,0.82016957,0.0,0.0
Snx9,41.224453,0.77446425,0.0,0.0
Ncor1,41.210857,0.67328584,0.0,0.0
Acvr1b,41.192657,0.7974038,0.0,0.0
Hbp1,41.19217,1.0426238,0.0,0.0
Agfg1,41.1921,1.170058,0.0,0.0
Nudt4,41.182724,1.1638085,0.0,0.0
Hsd17b10,41.179,1.032103,0.0,0.0
Dctn2,41.175385,0.74850947,0.0,0.0
Mtpn,41.17135,1.1516613,0.0,0.0
Mat2b,41.164093,0.8239034,0.0,0.0
Mgat3,41.15522,0.99621916,0.0,0.0
Ccnl1,41.153687,0.9056462,0.0,0.0
Gtf2ird1,41.142067,1.1560591,0.0,0.0
Ppp1r11,41.13378,0.95353425,0.0,0.0
Rtca,41.11579,0.9092448,0.0,0.0
Pnrc1,41.113186,1.2913309,0.0,0.0
Gnai2,41.108967,1.4705037,0.0,0.0
Samm50,41.099735,0.73267764,0.0,0.0
Pigq,41.099525,0.9313072,0.0,0.0
Cutal,41.090687,1.0241864,0.0,0.0
Ubxn2a,41.063026,0.6550872,0.0,0.0
Raph1,41.060745,1.4181215,0.0,0.0
Ube2d3,41.03685,0.7855292,0.0,0.0
Ccdc186,41.034775,1.992369,0.0,0.0
Lclat1,41.033535,0.9605131,0.0,0.0
Sgk1,41.029926,1.3012655,0.0,0.0
Srrm1,41.025925,1.113551,0.0,0.0
Nuak2,41.019276,1.1031775,0.0,0.0
Jak1,41.01437,0.8387692,0.0,0.0
Dync1i2,41.013893,0.75189203,0.0,0.0
Ncln,41.009754,1.4276487,0.0,0.0
Rcor1,41.0091,0.97690994,0.0,0.0
Dgkz,41.006134,0.7385392,0.0,0.0
Raf1,41.005672,0.6705669,0.0,0.0
Yipf3,41.004734,0.6234054,0.0,0.0
Ddx60,41.000957,1.805217,0.0,0.0
Sfn,40.988876,1.0517806,0.0,0.0
Aig1,40.98725,0.77037024,0.0,0.0
Prkar1a,40.982548,0.78270966,0.0,0.0
App,40.981403,1.0481675,0.0,0.0
Ankfy1,40.975796,0.9846307,0.0,0.0
Yif1a,40.95766,0.7420874,0.0,0.0
Ralgps2,40.94655,1.1129596,0.0,0.0
Tspan7,40.944073,0.7024251,0.0,0.0
Fcgrt,40.93846,1.140196,0.0,0.0
Glod4,40.93844,0.8841617,0.0,0.0
Pls1,40.93298,1.0615996,0.0,0.0
Aldh1b1,40.929466,0.96624184,0.0,0.0
Trappc4,40.8991,0.6756845,0.0,0.0
Zfp706,40.896362,0.87661046,0.0,0.0
M6pr,40.893456,0.7561264,0.0,0.0
Gale,40.88924,1.015592,0.0,0.0
Rabac1,40.887794,0.880981,0.0,0.0
Cisd2,40.88506,0.6725359,0.0,0.0
Capza1,40.88368,0.6555439,0.0,0.0
Agpat1,40.87016,0.6931684,0.0,0.0
Dgkh,40.86753,0.9839281,0.0,0.0
Ccdc47,40.864754,0.78112715,0.0,0.0
Csnk1d,40.857918,0.7713138,0.0,0.0
Ptprd,40.857162,1.0864438,0.0,0.0
Acbd5,40.85598,0.89153254,0.0,0.0
Os9,40.847546,1.0614824,0.0,0.0
Cds2,40.847046,0.7528921,0.0,0.0
Tprgl,40.84373,0.6816775,0.0,0.0
Cdkn1b,40.84051,1.2752056,0.0,0.0
Perp,40.832424,1.0805067,0.0,0.0
H2afy,40.832172,0.70901966,0.0,0.0
Nmi,40.83205,1.2315696,0.0,0.0
Slc39a5,40.80891,1.495546,0.0,0.0
Rnf5,40.794415,0.7699689,0.0,0.0
Trap1,40.78696,1.5004146,0.0,0.0
Mxd1,40.779617,1.3729773,0.0,0.0
Psmd1,40.77152,0.817943,0.0,0.0
Cbl,40.77111,0.82519954,0.0,0.0
Prkci,40.76685,0.78236985,0.0,0.0
Ube4a,40.76179,0.61955804,0.0,0.0
Grb7,40.74662,0.86347985,0.0,0.0
Lmo7,40.74538,0.7863169,0.0,0.0
Tns3,40.734276,1.4925733,0.0,0.0
Apc,40.71814,1.160171,0.0,0.0
N4bp1,40.717632,0.7606686,0.0,0.0
Ube2v1,40.712624,0.8337048,0.0,0.0
Cyp4f40,40.712376,0.98352695,0.0,0.0
Trappc6b,40.706646,1.0429703,0.0,0.0
Msra,40.702053,0.72250974,0.0,0.0
Rxra,40.701664,0.7752378,0.0,0.0
Rnf19b,40.6867,0.7659404,0.0,0.0
Phc2,40.684975,2.1407793,0.0,0.0
Poldip3,40.67834,0.6724466,0.0,0.0
Igsf9,40.672455,1.5205741,0.0,0.0
Mxd4,40.670082,1.174708,0.0,0.0
Psma1,40.65388,0.70977634,0.0,0.0
Ndrg1,40.64923,1.2781663,0.0,0.0
Fnbp1l,40.646,1.1577915,0.0,0.0
Pum2,40.64178,0.662711,0.0,0.0
Man1b1,40.63843,1.5805335,0.0,0.0
Glg1,40.632717,0.6353962,0.0,0.0
Pex19,40.631443,1.3793505,0.0,0.0
Frk,40.62764,0.6621188,0.0,0.0
Tmem19,40.62605,0.965597,0.0,0.0
Gsn,40.622578,1.5441477,0.0,0.0
Iars2,40.62174,0.70083785,0.0,0.0
Tnip1,40.617943,0.8283408,0.0,0.0
Gosr2,40.605656,1.0338868,0.0,0.0
Tmed4,40.58575,0.874785,0.0,0.0
Sqstm1,40.582745,1.1034572,0.0,0.0
Acp1,40.580284,1.2678838,0.0,0.0
Synj2bp,40.575356,1.117806,0.0,0.0
Eif4g1,40.573273,0.6912635,0.0,0.0
Arrdc4,40.569965,0.83739644,0.0,0.0
Ube3a,40.5663,0.72681063,0.0,0.0
Zfp91,40.564404,0.8055631,0.0,0.0
Ssr1,40.564404,0.72943634,0.0,0.0
Pgp,40.563965,0.5685459,0.0,0.0
Oas1a,40.56151,0.78261125,0.0,0.0
Mmp15,40.55893,0.8936839,0.0,0.0
Dapk3,40.555656,0.88737214,0.0,0.0
Chchd3,40.54956,0.8804137,0.0,0.0
Kif5b,40.542397,0.745388,0.0,0.0
Ppp4r2,40.539284,0.95774144,0.0,0.0
Ccdc68,40.535618,1.1547563,0.0,0.0
Pi4ka,40.52413,0.9756214,0.0,0.0
Hdlbp,40.522804,0.8382198,0.0,0.0
Hsd3b3,40.5221,1.2100785,0.0,0.0
Abi1,40.520058,0.7295789,0.0,0.0
Opa1,40.51983,0.7039026,0.0,0.0
Mgst2,40.51789,0.7345995,0.0,0.0
Tap2,40.5116,1.4068552,0.0,0.0
Pdap1,40.50838,0.8998336,0.0,0.0
Sys1,40.502865,1.0113839,0.0,0.0
Arpc5l,40.502777,1.2407365,0.0,0.0
Strn3,40.50121,1.1857578,0.0,0.0
Mef2d,40.487553,0.6873196,0.0,0.0
Mtch2,40.486416,0.9613974,0.0,0.0
Pafah2,40.484077,1.8880631,0.0,0.0
Glrx2,40.481335,1.0015502,0.0,0.0
Irf9,40.469936,0.92162824,0.0,0.0
Arf6,40.46612,0.791747,0.0,0.0
Ubl4a,40.46582,0.94946843,0.0,0.0
Fchsd2,40.462223,0.918999,0.0,0.0
Cast,40.454853,0.9355214,0.0,0.0
Xpnpep1,40.451077,1.5516984,0.0,0.0
Exoc7,40.44974,0.71067435,0.0,0.0
Gmds,40.443455,0.8047929,0.0,0.0
Ppp4r3b,40.44081,1.0219709,0.0,0.0
Hyal2,40.439743,1.2347767,0.0,0.0
Naxe,40.43868,0.6757796,0.0,0.0
Ccni,40.43401,1.005836,0.0,0.0
Nudt9,40.431305,0.8674915,0.0,0.0
Snx7,40.42625,1.2367811,0.0,0.0
Pdcl3,40.422108,0.7553616,0.0,0.0
Dnajb12,40.419872,0.59173936,0.0,0.0
Usp7,40.41914,1.2443966,0.0,0.0
Fgfbp1,40.41912,1.0189476,0.0,0.0
Eef1b2,40.4183,0.9965704,0.0,0.0
Blnk,40.417427,0.67990357,0.0,0.0
Paip1,40.41622,0.7228592,0.0,0.0
Gpd2,40.416214,1.4737802,0.0,0.0
Ist1,40.41052,0.7855595,0.0,0.0
Mtm1,40.399574,1.6942571,0.0,0.0
Csk,40.395985,1.0270675,0.0,0.0
Itch,40.393612,0.68603235,0.0,0.0
Erbb3,40.389072,0.66927755,0.0,0.0
Rmdn3,40.374954,0.8028676,0.0,0.0
Usp4,40.363678,0.6716509,0.0,0.0
Pak2,40.360176,0.7500805,0.0,0.0
Ppcs,40.35115,1.0104355,0.0,0.0
Zfp207,40.349422,0.70638144,0.0,0.0
Erbb2,40.347073,1.6798601,0.0,0.0
Pdpk1,40.34222,0.71849847,0.0,0.0
Nr1i2,40.342125,1.0157694,0.0,0.0
Stk16,40.34076,0.78976375,0.0,0.0
Lsm4,40.340168,1.0750479,0.0,0.0
Ppp4r3a,40.337368,0.88351023,0.0,0.0
Cyp2s1,40.333412,1.3041209,0.0,0.0
Sec11c,40.3136,0.7963792,0.0,0.0
Efcab14,40.299465,0.9455512,0.0,0.0
Tmem256,40.29593,0.6236969,0.0,0.0
Hagh,40.295715,0.68182594,0.0,0.0
Atg4b,40.292587,1.0407314,0.0,0.0
March8,40.29198,0.9403874,0.0,0.0
Nop53,40.290245,1.9131844,0.0,0.0
Ddx23,40.289825,1.1283481,0.0,0.0
Numb,40.287067,0.6265448,0.0,0.0
Timm8b,40.286724,0.7068403,0.0,0.0
Por,40.286327,1.5345484,0.0,0.0
Slmap,40.283463,0.7908846,0.0,0.0
Vapa,40.275543,0.80995286,0.0,0.0
Hnrnpll,40.27236,0.9785396,0.0,0.0
Fmr1,40.26622,1.0855635,0.0,0.0
Aco1,40.264927,0.67191243,0.0,0.0
Naip1,40.261284,1.0286078,0.0,0.0
Plscr1,40.26018,0.8258923,0.0,0.0
Map7,40.25428,0.6764069,0.0,0.0
Mier1,40.251564,0.92515796,0.0,0.0
Ppp1r37,40.241962,0.9743269,0.0,0.0
Rab4b,40.23827,1.101335,0.0,0.0
Nol7,40.23767,1.2660644,0.0,0.0
Rhou,40.22791,1.0692782,0.0,0.0
Sec31a,40.22753,0.61872846,0.0,0.0
Eif4ebp2,40.22508,0.72463214,0.0,0.0
H2-Q2,40.222244,1.0473719,0.0,0.0
Gas6,40.22103,1.024363,0.0,0.0
Cox15,40.199974,1.6841862,0.0,0.0
Micu2,40.19915,0.6241289,0.0,0.0
Rce1,40.183567,1.1453024,0.0,0.0
Rab10,40.17441,0.649434,0.0,0.0
Pttg1,40.172226,0.99110895,0.0,0.0
Vcl,40.16706,1.0408025,0.0,0.0
Gipc2,40.165546,1.067009,0.0,0.0
Atxn7l3,40.164856,1.4616531,0.0,0.0
Fez2,40.162247,1.3700482,0.0,0.0
Med15,40.158836,0.82843596,0.0,0.0
Psmc2,40.14917,1.0783576,0.0,0.0
Puf60,40.139866,0.6536386,0.0,0.0
Clmn,40.133656,0.77092,0.0,0.0
Pank2,40.13194,0.995224,0.0,0.0
Atp6ap2,40.131462,0.67149544,0.0,0.0
Drg1,40.128593,0.88994414,0.0,0.0
Yipf1,40.1279,0.74152446,0.0,0.0
Mgrn1,40.124733,0.634064,0.0,0.0
Psma5,40.12209,0.6354309,0.0,0.0
Nat2,40.12184,1.4255818,0.0,0.0
Nubp1,40.12032,1.138339,0.0,0.0
Pnisr,40.107388,1.4135547,0.0,0.0
Pnpo,40.102745,0.7228066,0.0,0.0
Pld1,40.10011,0.7346134,0.0,0.0
Sqle,40.098682,0.81641936,0.0,0.0
Eps8,40.098507,0.98799235,0.0,0.0
Hexim1,40.09766,0.9971895,0.0,0.0
Chmp5,40.087284,0.8252426,0.0,0.0
Stat3,40.08682,0.66815335,0.0,0.0
Slc39a11,40.078243,1.0898908,0.0,0.0
Tpr,40.077667,0.7185647,0.0,0.0
Psme3,40.07756,0.629978,0.0,0.0
Ptpn18,40.076923,1.0757667,0.0,0.0
Scaf11,40.074585,1.2751344,0.0,0.0
Bloc1s2,40.07322,0.69663715,0.0,0.0
Gatad1,40.071064,0.6101193,0.0,0.0
Man2a1,40.06933,1.3490314,0.0,0.0
Psme1,40.062187,0.8897631,0.0,0.0
Stat6,40.058838,0.71828026,0.0,0.0
Rabgap1l,40.04241,0.9962733,0.0,0.0
Mtus1,40.036858,0.6825724,0.0,0.0
Senp6,40.03227,1.4534509,0.0,0.0
Acot11,40.028374,1.398049,0.0,0.0
Pitpna,40.02171,0.6795322,0.0,0.0
Dnm2,40.018677,0.69657385,0.0,0.0
C1galt1,40.01375,0.6952999,0.0,0.0
Kdm7a,40.00322,0.79437685,0.0,0.0
Ascc3,39.99274,0.856256,0.0,0.0
Prpsap1,39.986893,0.9533105,0.0,0.0
Ap2a2,39.98641,0.5897966,0.0,0.0
Dars,39.983295,1.2107177,0.0,0.0
Tmed7,39.98304,0.8254288,0.0,0.0
Epas1,39.982533,0.82690936,0.0,0.0
Ube2f,39.97888,0.7014021,0.0,0.0
Azi2,39.974045,0.7518117,0.0,0.0
Eea1,39.971123,0.8615782,0.0,0.0
Retsat,39.9696,0.67276543,0.0,0.0
Ankib1,39.968307,0.75270826,0.0,0.0
Tmem54,39.961678,0.94594496,0.0,0.0
Lima1,39.960373,0.71100754,0.0,0.0
Ivns1abp,39.95898,0.9643948,0.0,0.0
Pcsk7,39.95769,1.2143372,0.0,0.0
Baiap2l1,39.956867,0.6989482,0.0,0.0
Atp6v1a,39.950966,0.78580016,0.0,0.0
Slc12a7,39.943256,0.541135,0.0,0.0
Pts,39.937336,1.1226135,0.0,0.0
Atg9a,39.934704,0.8612205,0.0,0.0
Ssb,39.92496,0.7113921,0.0,0.0
Urgcp,39.918953,1.6379578,0.0,0.0
Nfkb1,39.913086,1.0346239,0.0,0.0
Psmb8,39.91252,1.4012277,0.0,0.0
Ier2,39.90465,1.0804919,0.0,0.0
Ptges3,39.901733,0.8067409,0.0,0.0
Cpd,39.90101,0.74046314,0.0,0.0
Ngly1,39.900322,0.8736758,0.0,0.0
Hdgf,39.899128,1.4871914,0.0,0.0
Fzr1,39.896576,1.6273232,0.0,0.0
Acsl5,39.891926,0.68797797,0.0,0.0
Cdk13,39.891895,1.1477684,0.0,0.0
Mapk14,39.890686,0.81848925,0.0,0.0
Coq2,39.889786,1.1383047,0.0,0.0
Osbpl9,39.881943,1.1537544,0.0,0.0
Psmd7,39.88193,0.67881894,0.0,0.0
Luc7l2,39.873623,1.2770575,0.0,0.0
Strbp,39.8697,0.68471575,0.0,0.0
Ndufa1,39.869064,1.1211083,0.0,0.0
Prcc,39.852837,0.9927515,0.0,0.0
Ppp6r3,39.844894,0.6189705,0.0,0.0
Tcp1,39.839935,1.3077676,0.0,0.0
Gtf3c2,39.83691,1.0198501,0.0,0.0
Ssr4,39.83656,0.86101574,0.0,0.0
Mpp5,39.828815,0.82604337,0.0,0.0
Dcaf15,39.824425,1.1171067,0.0,0.0
Larp1b,39.81907,0.7132527,0.0,0.0
Psmb7,39.815662,0.69127375,0.0,0.0
Park7,39.815464,0.82134837,0.0,0.0
Wipi2,39.813408,1.6538794,0.0,0.0
Ap1b1,39.809235,0.54964983,0.0,0.0
Tbc1d13,39.80372,0.87792677,0.0,0.0
Irak4,39.80171,1.0218723,0.0,0.0
Picalm,39.800415,0.7672921,0.0,0.0
Shoc2,39.785034,0.86615187,0.0,0.0
Phldb1,39.781822,1.0280241,0.0,0.0
Slc30a1,39.779926,0.9695518,0.0,0.0
Slc39a9,39.77919,0.77656966,0.0,0.0
Rtcb,39.774487,0.6950657,0.0,0.0
Akr1c13,39.771965,0.93807244,0.0,0.0
Pfdn1,39.771206,0.8687524,0.0,0.0
Ndufs8,39.762558,0.9778777,0.0,0.0
Setd3,39.75705,0.62303495,0.0,0.0
Scyl2,39.75288,0.7990838,0.0,0.0
Aftph,39.751614,0.5980154,0.0,0.0
Hmgcr,39.738853,0.7841793,0.0,0.0
Itprid2,39.738747,0.76942736,0.0,0.0
Abhd12,39.73844,0.90376854,0.0,0.0
Cpne3,39.736774,1.0291858,0.0,0.0
Rnf149,39.735466,0.663101,0.0,0.0
Dnaja2,39.733208,0.755526,0.0,0.0
Retreg2,39.73189,0.9178535,0.0,0.0
Gstp1,39.72884,0.7016677,0.0,0.0
Inava,39.71977,0.54691786,0.0,0.0
Ilvbl,39.71927,1.5078499,0.0,0.0
Tmco1,39.719147,1.2749201,0.0,0.0
Akr1c12,39.718155,0.79150176,0.0,0.0
Nckap1,39.71587,0.5999037,0.0,0.0
Psmd4,39.71579,0.6511638,0.0,0.0
Copb1,39.71136,0.7533793,0.0,0.0
Chmp6,39.706417,1.4037362,0.0,0.0
Acaca,39.699677,1.0385908,0.0,0.0
Wbp1,39.677094,0.5331941,0.0,0.0
Yipf4,39.67142,0.6311815,0.0,0.0
Dgcr2,39.66812,0.75027674,0.0,0.0
Prrc2a,39.663532,0.61066025,0.0,0.0
Sbds,39.6479,0.6968494,0.0,0.0
Mpnd,39.6475,0.7393179,0.0,0.0
Cept1,39.644646,0.6842889,0.0,0.0
Arrb1,39.64047,0.86599267,0.0,0.0
Ddx24,39.63965,0.7043041,0.0,0.0
Cldnd1,39.63863,0.7757909,0.0,0.0
Clip2,39.634525,0.8049947,0.0,0.0
Ptgr2,39.62732,0.5889747,0.0,0.0
Snrnp200,39.62294,1.1287353,0.0,0.0
Tex264,39.6205,0.5844042,0.0,0.0
Diaph1,39.615345,0.49731293,0.0,0.0
Ptcd2,39.605247,0.8570885,0.0,0.0
Sec23b,39.604885,0.8816309,0.0,0.0
Cdcp1,39.600235,0.63919723,0.0,0.0
Ndufb9,39.591908,1.1234663,0.0,0.0
Plgrkt,39.58265,1.0172993,0.0,0.0
Adipor2,39.577183,0.73404217,0.0,0.0
Rras2,39.5766,0.6011758,0.0,0.0
Mtfr1,39.57413,0.8719978,0.0,0.0
Aplp2,39.572784,0.6289901,0.0,0.0
Gmcl1,39.570633,1.1730559,0.0,0.0
Zmat2,39.567642,0.74030286,0.0,0.0
Dgcr6,39.566124,0.79994655,0.0,0.0
Ppp4c,39.560825,0.7523979,0.0,0.0
Napa,39.558464,0.7703101,0.0,0.0
Cds1,39.558308,1.0150273,0.0,0.0
Vps36,39.55605,0.90608275,0.0,0.0
Cyp2d26,39.55372,1.5944761,0.0,0.0
Pdcd10,39.551632,2.3450856,0.0,0.0
Snapc5,39.54906,0.69520855,0.0,0.0
Anapc16,39.538994,0.8882682,0.0,0.0
Sort1,39.53857,0.99680513,0.0,0.0
Lamtor5,39.533092,0.7324389,0.0,0.0
Jtb,39.528725,1.3147589,0.0,0.0
Rnf130,39.524414,0.60433704,0.0,0.0
Arih2,39.523434,1.1548196,0.0,0.0
A1cf,39.519238,0.58069795,0.0,0.0
Ski,39.51887,0.4919775,0.0,0.0
Efr3a,39.51551,0.75998366,0.0,0.0
Esyt2,39.515015,0.59484744,0.0,0.0
Ranbp2,39.513264,0.65935296,0.0,0.0
Etfb,39.510147,0.99809295,0.0,0.0
Alad,39.506744,0.8362067,0.0,0.0
Epb41l3,39.49239,0.7728186,0.0,0.0
Nbr1,39.487602,2.2322006,0.0,0.0
Tmcc1,39.484833,1.356595,0.0,0.0
Tm2d2,39.48005,0.6444571,0.0,0.0
Edem1,39.474686,0.65287066,0.0,0.0
Pabpc1,39.46947,1.663729,0.0,0.0
Dhx32,39.453846,0.6078912,0.0,0.0
Map2k1,39.449688,0.7036342,0.0,0.0
Commd4,39.442043,1.0420909,0.0,0.0
Bcl2l2,39.43324,0.97948474,0.0,0.0
Adap1,39.42967,0.9896311,0.0,0.0
Ankrd40,39.42607,0.5558461,0.0,0.0
Paip2,39.42558,0.6601924,0.0,0.0
Tor1a,39.424145,0.9456371,0.0,0.0
Fmc1,39.42343,0.87905633,0.0,0.0
Plcl2,39.420845,1.6118642,0.0,0.0
Cnot6l,39.40496,0.7184543,0.0,0.0
B3gnt2,39.404373,0.97503936,0.0,0.0
Surf1,39.40378,0.63322645,0.0,0.0
Dag1,39.40281,0.5540384,0.0,0.0
Irgm1,39.399162,0.74129486,0.0,0.0
Rab9,39.395702,1.1673398,0.0,0.0
Rtf2,39.392982,0.8457832,0.0,0.0
Ube2h,39.389645,1.4510064,0.0,0.0
Scfd1,39.386353,0.6776382,0.0,0.0
Rad23a,39.38123,0.9898837,0.0,0.0
Pgpep1,39.377575,1.1166092,0.0,0.0
Npepl1,39.377182,1.0430413,0.0,0.0
Ankrd13c,39.373314,0.61125135,0.0,0.0
Zfp106,39.36724,0.77228165,0.0,0.0
Tmem171,39.354538,0.8318916,0.0,0.0
Wbp2,39.3524,0.565407,0.0,0.0
Stard3nl,39.347496,0.7606988,0.0,0.0
Kif1c,39.34737,0.60326123,0.0,0.0
Smim7,39.340637,0.5607206,0.0,0.0
Ddx39b,39.336174,1.2251462,0.0,0.0
Kif1b,39.336098,1.24082,0.0,0.0
Psd4,39.335514,0.83582515,0.0,0.0
Ap3d1,39.33497,0.82813877,0.0,0.0
Dap3,39.33355,0.7116593,0.0,0.0
Tmem134,39.32039,0.5325666,0.0,0.0
Eif1,39.315674,1.5768801,0.0,0.0
Rnpep,39.30933,0.6433667,0.0,0.0
Ppp3r1,39.28671,0.66176295,0.0,0.0
Micos13,39.2858,0.736565,0.0,0.0
Gal3st1,39.28144,0.8666894,0.0,0.0
Lgr4,39.281204,0.849641,0.0,0.0
Fam136a,39.278446,1.0968508,0.0,0.0
Cd2ap,39.268024,0.68288076,0.0,0.0
Dnajc22,39.264526,1.8295712,0.0,0.0
Sf3b2,39.26088,0.6328344,0.0,0.0
Usp5,39.256172,1.1333333,0.0,0.0
Hdac1,39.240295,0.68394876,0.0,0.0
Stx5a,39.231,1.1443325,0.0,0.0
Lpp,39.229565,0.6209706,0.0,0.0
Abhd4,39.2272,0.56646717,0.0,0.0
Cpeb4,39.221226,0.672668,0.0,0.0
Msrb1,39.2193,0.5162519,0.0,0.0
Plin2,39.1934,0.58327955,0.0,0.0
Rbm39,39.19151,1.6322544,0.0,0.0
Fos,39.18003,1.5128747,0.0,0.0
Selenbp1,39.1799,1.2310388,0.0,0.0
Uba3,39.17702,0.8594712,0.0,0.0
Stag2,39.174885,0.54423237,0.0,0.0
Bscl2,39.16804,1.0671413,0.0,0.0
Khdc4,39.16561,1.1478605,0.0,0.0
Sar1b,39.161922,0.61217535,0.0,0.0
Sav1,39.15801,1.1990813,0.0,0.0
Dlg1,39.157524,1.485495,0.0,0.0
Mcmbp,39.148434,0.51894313,0.0,0.0
Dhrs4,39.14836,1.0385832,0.0,0.0
Fam91a1,39.128418,0.59332657,0.0,0.0
Arap2,39.124996,0.96273565,0.0,0.0
Fnta,39.12393,0.751524,0.0,0.0
Pafah1b2,39.12224,0.85195667,0.0,0.0
Sar1a,39.116875,0.54764503,0.0,0.0
Atp6v1f,39.11679,0.5680834,0.0,0.0
Ube4b,39.108044,1.0761625,0.0,0.0
Aldob,39.107784,0.7846173,0.0,0.0
Ncoa7,39.10763,1.6609439,0.0,0.0
Aldh1l1,39.104904,1.6126477,0.0,0.0
Ccdc25,39.103786,0.66708314,0.0,0.0
Cmtm6,39.10267,0.6521695,0.0,0.0
Sike1,39.095543,1.6045071,0.0,0.0
Cog1,39.095455,0.8492006,0.0,0.0
Eci1,39.086544,0.7532725,0.0,0.0
Stim1,39.085697,0.83635795,0.0,0.0
Rsrc2,39.08502,0.80864316,0.0,0.0
Ipo8,39.08472,0.97866976,0.0,0.0
Cryzl1,39.07865,0.84394526,0.0,0.0
Cpt2,39.077717,0.74527717,0.0,0.0
Cmc1,39.07246,0.66165125,0.0,0.0
Pnrc2,39.070667,0.7808878,0.0,0.0
Stx8,39.069782,0.9838814,0.0,0.0
Taok3,39.069283,0.68136597,0.0,0.0
Atp6v0a1,39.067642,1.946412,0.0,0.0
Rere,39.064667,0.7094665,0.0,0.0
Pip4p1,39.0622,1.1542134,0.0,0.0
Mapre1,39.056355,0.55072373,0.0,0.0
Mcur1,39.05037,0.57299685,0.0,0.0
Pcyt1a,39.045288,1.1624919,0.0,0.0
Atp6v1d,39.04414,0.6482782,0.0,0.0
Baz2a,39.033295,1.1599253,0.0,0.0
Gnpnat1,39.03324,0.85779977,0.0,0.0
Lsm14a,39.02118,0.6141198,0.0,0.0
Rhob,39.019966,0.9060788,0.0,0.0
Golga2,39.01836,1.2516061,0.0,0.0
Stk11,39.018116,0.92440623,0.0,0.0
Plekhj1,39.017597,1.2534497,0.0,0.0
Car9,39.00801,0.7370754,0.0,0.0
Dctn4,38.998444,0.6652555,0.0,0.0
Idi1,38.995525,1.1715679,0.0,0.0
Ctbp2,38.987072,0.47074178,0.0,0.0
Ddx46,38.97281,1.2851213,0.0,0.0
U2af2,38.97231,0.6311612,0.0,0.0
Cat,38.967834,0.78524905,0.0,0.0
Med8,38.966045,0.68946046,0.0,0.0
Hibadh,38.96473,0.7314806,0.0,0.0
Capza2,38.964127,0.6092089,0.0,0.0
Khdrbs1,38.95665,1.2154499,0.0,0.0
Smim20,38.953438,0.5472176,0.0,0.0
Cdk16,38.94004,0.5996658,0.0,0.0
Cdh17,38.938576,1.1228896,0.0,0.0
Tomm6,38.93767,1.1676656,0.0,0.0
Rtn3,38.936455,0.85960436,0.0,0.0
Metap2,38.92928,0.62335676,0.0,0.0
Smim24,38.922604,0.7600191,0.0,0.0
Mtmr11,38.920055,0.99917823,0.0,0.0
Tmem243,38.915897,0.94251215,0.0,0.0
Asna1,38.912575,0.6107163,0.0,0.0
Cep170b,38.90981,1.3605615,0.0,0.0
Ndufc2,38.907753,0.8545178,0.0,0.0
Trpc4ap,38.903,0.5034443,0.0,0.0
Ilrun,38.900852,0.5059226,0.0,0.0
Smarcd2,38.900322,0.7058503,0.0,0.0
Ptpn3,38.89971,0.47718394,0.0,0.0
Ptprk,38.891453,0.6509382,0.0,0.0
Micu1,38.891144,0.60565877,0.0,0.0
Adnp,38.88699,0.71923995,0.0,0.0
Pisd,38.868515,0.7216808,0.0,0.0
Epsti1,38.861965,0.648727,0.0,0.0
Ascc2,38.85753,0.8447709,0.0,0.0
Carhsp1,38.857056,0.8039635,0.0,0.0
Xdh,38.855156,1.4805586,0.0,0.0
Ccng1,38.84981,0.59922504,0.0,0.0
Zadh2,38.842075,0.93273145,0.0,0.0
Ensa,38.83658,1.1441407,0.0,0.0
Ptprj,38.836227,1.0947231,0.0,0.0
Nploc4,38.83349,0.7055516,0.0,0.0
Polr1c,38.83057,0.7727769,0.0,0.0
Dcaf12,38.826927,1.09039,0.0,0.0
Pptc7,38.824974,0.9648741,0.0,0.0
Tsc22d4,38.824734,0.7311984,0.0,0.0
Rnf44,38.823273,0.6603144,0.0,0.0
Plekha5,38.821323,1.18384,0.0,0.0
Dop1b,38.820225,1.2956585,0.0,0.0
Chdh,38.800724,1.0174493,0.0,0.0
Prdx1,38.79526,0.8023093,0.0,0.0
Ctsc,38.78768,0.96149683,0.0,0.0
Peli1,38.786285,0.7423968,0.0,0.0
Itpr3,38.779392,1.0558546,0.0,0.0
Supt20,38.7744,1.2860519,0.0,0.0
Znrf2,38.76902,1.9127368,0.0,0.0
Mib1,38.768353,1.250986,0.0,0.0
Ifngr1,38.75359,0.7319159,0.0,0.0
Ireb2,38.753574,1.0967511,0.0,0.0
Rnf141,38.746277,0.8334648,0.0,0.0
Ube2d2a,38.745758,0.5786989,0.0,0.0
Leprotl1,38.743484,0.5629736,0.0,0.0
Commd6,38.73899,1.1190711,0.0,0.0
Cdc5l,38.737198,1.0963824,0.0,0.0
Ubl7,38.736862,0.5549523,0.0,0.0
Ptbp3,38.72814,0.89055574,0.0,0.0
Gnb2,38.72205,0.52994746,0.0,0.0
Sertad1,38.721924,0.9254402,0.0,0.0
Necap2,38.720455,0.60649157,0.0,0.0
Agrn,38.71808,1.7001501,0.0,0.0
Slc12a6,38.717323,1.0009474,0.0,0.0
Jpt1,38.71623,0.9054899,0.0,0.0
Cdk9,38.715584,1.4323831,0.0,0.0
H2afz,38.707016,0.9660309,0.0,0.0
Decr1,38.69978,0.6216821,0.0,0.0
Nr2f6,38.695213,1.0415909,0.0,0.0
Lypla2,38.695137,0.85340863,0.0,0.0
Etnk1,38.693703,0.56842726,0.0,0.0
Oaz1,38.68757,1.749,0.0,0.0
Kat6b,38.68204,1.1686355,0.0,0.0
Casp3,38.676723,0.5973817,0.0,0.0
Chd1,38.6754,1.8196511,0.0,0.0
Pxk,38.672806,0.4836191,0.0,0.0
Itpk1,38.6706,0.8643585,0.0,0.0
Cfdp1,38.66587,1.221606,0.0,0.0
Yy1,38.661507,0.6843042,0.0,0.0
Mapkap1,38.65973,0.6559761,0.0,0.0
Cdc42bpg,38.656734,1.6067114,0.0,0.0
Trip10,38.63118,1.058484,0.0,0.0
Pnpla8,38.626293,0.5754511,0.0,0.0
Prss30,38.618206,1.2945322,0.0,0.0
Usp33,38.615246,0.5641632,0.0,0.0
Ppp5c,38.61173,0.6728546,0.0,0.0
Ppp6c,38.611095,0.61699384,0.0,0.0
Dnajc15,38.60812,0.8177367,0.0,0.0
Golph3,38.598064,0.44371903,0.0,0.0
Faf1,38.591404,0.85928464,0.0,0.0
Rpe,38.590973,0.8921274,0.0,0.0
Dhcr24,38.589676,0.95948344,0.0,0.0
Ppil2,38.588646,1.6814482,0.0,0.0
Akirin2,38.583054,0.7628681,0.0,0.0
Tatdn2,38.582188,1.1003368,0.0,0.0
Cox8a,38.5821,1.0215855,0.0,0.0
Mff,38.578926,0.5896306,0.0,0.0
Fech,38.578735,0.81423235,0.0,0.0
Naa30,38.576206,1.4024295,0.0,0.0
Rnf31,38.57579,1.1901565,0.0,0.0
Hp1bp3,38.570568,0.51976824,0.0,0.0
Pkp4,38.55965,0.80301994,0.0,0.0
Cdk8,38.55947,0.849652,0.0,0.0
Socs6,38.54125,0.7974539,0.0,0.0
Xaf1,38.53871,1.7588747,0.0,0.0
Pnpla6,38.538086,1.6722707,0.0,0.0
Hsdl2,38.5351,0.7926847,0.0,0.0
Tmem106a,38.534424,1.0703207,0.0,0.0
Blmh,38.53091,0.5867303,0.0,0.0
Idh2,38.52627,1.0187277,0.0,0.0
Rbbp4,38.525375,0.662552,0.0,0.0
Irf2bp2,38.521034,0.8499994,0.0,0.0
Oxa1l,38.516792,0.6494482,0.0,0.0
Usp43,38.511585,1.7898921,0.0,0.0
Mif4gd,38.507427,1.1543518,0.0,0.0
Rrbp1,38.504807,0.87274677,0.0,0.0
Slc22a5,38.500153,1.1347,0.0,0.0
Nectin3,38.49576,0.6010099,0.0,0.0
Anp32a,38.490883,0.56946933,0.0,0.0
Gapvd1,38.489876,0.89838195,0.0,0.0
Ube2k,38.485085,0.84602576,0.0,0.0
Ssr3,38.481365,0.67611027,0.0,0.0
Mau2,38.47553,0.63460755,0.0,0.0
Khnyn,38.47193,2.0505354,0.0,0.0
Rab22a,38.4685,0.47340304,0.0,0.0
Tmem139,38.46586,0.8480711,0.0,0.0
Tlk1,38.461754,0.8497292,0.0,0.0
Ccdc93,38.46008,1.2456447,0.0,0.0
Nectin2,38.459263,0.6574127,0.0,0.0
Ncoa3,38.45335,1.079666,0.0,0.0
Grk2,38.44703,0.6694042,0.0,0.0
Gdi1,38.44232,0.48905715,0.0,0.0
Brd4,38.43514,0.48018003,0.0,0.0
Dym,38.43317,0.5552728,0.0,0.0
Ppa2,38.41403,0.663189,0.0,0.0
Atg4d,38.411316,2.141326,0.0,0.0
Utp14b,38.405514,1.2783722,0.0,0.0
Emc4,38.404625,0.58459824,0.0,0.0
Glod5,38.404457,0.65882,0.0,0.0
Vps37b,38.40015,0.9548422,0.0,0.0
Ncoa2,38.398346,0.9243198,0.0,0.0
Ralgds,38.393322,0.6006925,0.0,0.0
Snrpc,38.389297,1.2986403,0.0,0.0
Bspry,38.387596,0.607879,0.0,0.0
Ehhadh,38.378056,0.91231006,0.0,0.0
Golim4,38.377247,0.94542605,0.0,0.0
Nudt7,38.375355,1.1018783,0.0,0.0
Bsdc1,38.358334,1.0923195,0.0,0.0
Acadl,38.356327,0.93999076,0.0,0.0
Naxd,38.355286,0.7555928,0.0,0.0
Hsp90b1,38.345654,0.67408746,0.0,0.0
Sc5d,38.341793,0.55470866,0.0,0.0
Ccdc71l,38.33927,1.5914515,0.0,0.0
Pcdh1,38.33831,0.5703752,0.0,0.0
Mapre2,38.325554,0.91125023,0.0,0.0
Upf1,38.322937,1.0058079,0.0,0.0
Abhd6,38.322117,0.8442477,0.0,0.0
Aip,38.320175,0.8615428,0.0,0.0
Rnps1,38.318226,1.0024325,0.0,0.0
Dock5,38.314247,0.74565804,0.0,0.0
Keap1,38.313213,0.7641731,0.0,0.0
Mgam2-ps,38.308598,1.0278556,0.0,0.0
Coq5,38.300797,0.71565866,0.0,0.0
Mxi1,38.29147,0.73743296,0.0,0.0
Bcl10,38.29058,0.974357,0.0,0.0
Sept2,38.28958,0.60803235,0.0,0.0
Agpat2,38.283985,0.9071339,0.0,0.0
Acaa2,38.282463,0.75403523,0.0,0.0
Unc50,38.28165,0.6088368,0.0,0.0
Rhot2,38.274113,0.79838634,0.0,0.0
Dnajb6,38.268913,0.69599664,0.0,0.0
Sugt1,38.25118,0.5827491,0.0,0.0
Nsd3,38.248207,0.45550555,0.0,0.0
Arhgef16,38.244595,0.5815336,0.0,0.0
Atp5a1,38.243366,0.6151778,0.0,0.0
Nek6,38.24281,1.1165175,0.0,0.0
Ago2,38.2427,0.51692647,0.0,0.0
Tm7sf3,38.235493,0.7718405,0.0,0.0
Immp1l,38.226685,0.6488392,0.0,0.0
Tmbim6,38.22225,1.0586326,0.0,0.0
Pomp,38.2193,0.49595147,0.0,0.0
Wbp1l,38.217403,1.2096006,0.0,0.0
Gemin7,38.215897,0.68690526,0.0,0.0
Glb1,38.215755,1.3197665,0.0,0.0
Cnksr1,38.21568,1.1819166,0.0,0.0
Frg1,38.21411,0.5344944,0.0,0.0
Pura,38.21346,0.5157478,0.0,0.0
Pcf11,38.20878,1.0330616,0.0,0.0
Tacc2,38.205315,0.68777555,0.0,0.0
Clybl,38.20205,0.6043075,0.0,0.0
Tpp2,38.200565,0.6460274,0.0,0.0
Fuca1,38.19875,0.9704171,0.0,0.0
Shc1,38.19315,0.81991094,0.0,0.0
Rnf6,38.190773,0.46572298,0.0,0.0
Abcc3,38.17443,1.0588893,0.0,0.0
Phf5a,38.171867,0.94623893,0.0,0.0
Pde3a,38.16688,1.2603722,0.0,0.0
Echdc1,38.162678,0.84599984,0.0,0.0
Ccar2,38.161533,0.9910407,0.0,0.0
Cep350,38.159283,0.8644597,0.0,0.0
Tmem245,38.152042,1.2146131,0.0,0.0
Dynlt3,38.1499,0.82473284,0.0,0.0
Fam160a2,38.146553,2.0848427,0.0,0.0
Rprd2,38.145737,0.9696541,0.0,0.0
Map3k11,38.14408,1.0301813,0.0,0.0
Ash1l,38.141888,1.0363603,0.0,0.0
Klf10,38.138405,1.2629724,0.0,0.0
Zmpste24,38.1285,0.80975586,0.0,0.0
Btg1,38.12347,0.5494262,0.0,0.0
Unc5b,38.122417,1.0150776,0.0,0.0
Mcfd2,38.117138,0.7386368,0.0,0.0
Ubtf,38.106144,0.5137627,0.0,0.0
Zfp592,38.10295,1.1352763,0.0,0.0
Sdf2l1,38.102024,0.6723275,0.0,0.0
Grb2,38.10074,1.1947756,0.0,0.0
Wdr33,38.096767,0.8076127,0.0,0.0
Sppl3,38.096146,0.4268143,0.0,0.0
Psmc4,38.095123,0.9457128,0.0,0.0
Txnl1,38.085106,0.5966853,0.0,0.0
Dcaf8,38.078197,0.5976355,0.0,0.0
Egln2,38.072384,1.1239477,0.0,0.0
Rbm47,38.070644,0.86531645,0.0,0.0
Aacs,38.064964,1.3178511,0.0,0.0
Akap9,38.063835,0.6996997,0.0,0.0
Tmem250-ps,38.061264,0.5338136,0.0,0.0
Xbp1,38.053688,0.6426215,0.0,0.0
Magoh,38.046375,1.1444968,0.0,0.0
Neo1,38.04538,0.6540827,0.0,0.0
Gpr107,38.044903,1.1135918,0.0,0.0
Plekha2,38.03954,0.7417114,0.0,0.0
Myo19,38.034668,0.56739527,0.0,0.0
Dctn6,38.027233,0.42876208,0.0,0.0
Metap1,38.026363,0.79004633,0.0,0.0
Xrn2,38.023384,0.60772026,0.0,0.0
Rnf115,38.02082,0.59934264,0.0,0.0
Gatd1,38.01215,0.78488845,0.0,0.0
Abhd11,38.008102,0.56665593,0.0,0.0
Mocs2,38.008007,0.68515223,0.0,0.0
Rab24,38.00781,1.0503125,0.0,0.0
Qars,38.003765,0.65212893,0.0,0.0
Dpp9,38.000065,0.79801095,0.0,0.0
Polr2a,37.999043,0.5416911,0.0,0.0
Elf4,37.998753,0.95543903,0.0,0.0
Tes,37.996014,0.7316132,0.0,0.0
Slc25a51,37.991325,0.5056028,0.0,0.0
Fblim1,37.970943,0.48604676,0.0,0.0
Map1lc3b,37.96677,0.63013726,0.0,0.0
Slc25a3,37.96285,1.0999568,0.0,0.0
Sipa1l1,37.96032,1.1230009,0.0,0.0
Arrdc1,37.956543,1.0317487,0.0,0.0
Pgls,37.95334,0.6614869,0.0,0.0
Usp12,37.953175,2.0116484,0.0,0.0
Car12,37.948143,1.1886808,0.0,0.0
R3hdm4,37.937054,0.889017,0.0,0.0
Naa60,37.934616,0.78223604,0.0,0.0
Pgrmc1,37.930355,0.5227393,0.0,0.0
Chtop,37.924473,1.4267942,0.0,0.0
Tnrc18,37.922916,0.7138787,0.0,0.0
Ralbp1,37.919727,0.76542217,0.0,0.0
Trp53inp2,37.9118,0.60713285,0.0,0.0
Zdhhc3,37.911034,0.47080728,0.0,0.0
Trappc1,37.909267,0.6740393,0.0,0.0
Akt1,37.90825,0.54757214,0.0,0.0
Cope,37.90216,0.58161074,0.0,0.0
Ubxn6,37.897972,1.4253604,0.0,0.0
Rap1b,37.89629,0.57951325,0.0,0.0
Farp1,37.893753,1.0457945,0.0,0.0
Ywhae,37.893295,0.5629317,0.0,0.0
Mknk2,37.892307,0.63373286,0.0,0.0
Rnf11,37.890953,0.8575709,0.0,0.0
Tmem234,37.88824,0.59274864,0.0,0.0
Trir,37.887733,0.60102826,0.0,0.0
Tomm70a,37.8861,0.63114816,0.0,0.0
Selenos,37.885536,1.3645034,0.0,0.0
Zbp1,37.884155,1.10201,0.0,0.0
Aldh9a1,37.87375,0.52251035,0.0,0.0
F2rl1,37.86958,0.56094927,0.0,0.0
Hsd17b11,37.86882,0.7775573,0.0,0.0
Chkb,37.8656,0.89186096,0.0,0.0
Slc5a1,37.86456,0.78947353,0.0,0.0
Myo1c,37.864025,0.6859076,0.0,0.0
Aggf1,37.864006,1.1678339,0.0,0.0
Ric8a,37.861214,1.036757,0.0,0.0
Cul4a,37.861164,0.5108775,0.0,0.0
Dctn3,37.85711,0.44080603,0.0,0.0
Igf2r,37.857006,1.0530505,0.0,0.0
Ralgapb,37.855328,0.86904526,0.0,0.0
Acer1,37.852463,0.6790091,0.0,0.0
Babam2,37.85112,1.1019852,0.0,0.0
Syvn1,37.850338,0.7119385,0.0,0.0
Slc49a4,37.84423,0.6545669,0.0,0.0
Cyba,37.84251,0.63393724,0.0,0.0
Adam9,37.822666,0.60929555,0.0,0.0
Oma1,37.820457,1.151382,0.0,0.0
Zdhhc13,37.811558,0.49673864,0.0,0.0
Gcc2,37.803707,0.4975494,0.0,0.0
Tbc1d15,37.802387,0.46329042,0.0,0.0
Rraga,37.795937,0.5646647,0.0,0.0
Pet100,37.775394,0.7756075,0.0,0.0
Otud4,37.7729,0.8524028,0.0,0.0
Taok2,37.772255,1.5050217,0.0,0.0
Smagp,37.767952,0.80111575,0.0,0.0
Myd88,37.76096,0.7387447,0.0,0.0
Fbxw5,37.76095,1.1649619,0.0,0.0
Rapgefl1,37.75365,1.5121635,0.0,0.0
Mbd3,37.751114,0.95657605,0.0,0.0
Htatip2,37.747383,1.2282207,0.0,0.0
Rb1cc1,37.738438,1.2718143,0.0,0.0
Spin1,37.732708,0.6603599,0.0,0.0
Phactr4,37.717968,0.98614764,0.0,0.0
Ptpn11,37.71625,0.88668764,0.0,0.0
Tars,37.713505,0.75242454,0.0,0.0
Tapbpl,37.712185,0.84625715,0.0,0.0
Srpr,37.709827,0.9920784,0.0,0.0
Xpr1,37.709324,1.0561253,0.0,0.0
Irf8,37.7088,1.4124143,0.0,0.0
Serinc5,37.705605,0.66391486,0.0,0.0
Crot,37.703613,0.630281,0.0,0.0
Srsf2,37.678673,0.5621249,0.0,0.0
Serpinb5,37.678566,0.7744987,0.0,0.0
Triobp,37.678482,1.3378156,0.0,0.0
Strn4,37.675865,0.4133438,1.2342830984448e-310,9.20830407595903e-310
Nt5c3,37.675076,0.5375456,1.2715543664888e-310,9.4811919093425e-310
Usp8,37.672134,0.86354595,1.4205649523099e-310,1.05864990315194e-309
Ptk2b,37.669956,0.84007645,1.54231376229953e-310,1.148754940056974e-309
Cd47,37.66895,0.5824314,1.6019255331622e-310,1.192505806531997e-309
Galnt7,37.668385,0.5605571,1.63640817349713e-310,1.21751261004207e-309
Ei24,37.65985,0.4542882,2.2571019851417e-310,1.678405092268214e-309
Psma7,37.659176,0.60800576,2.31543216645283e-310,1.720844286752303e-309
Erap1,37.63041,0.4847866,6.84273326016403e-310,5.0828015933049e-309
Rab3ip,37.62502,1.0112675,8.38249062311985e-310,6.223157398000217e-309
Calm3,37.614494,1.0632873,1.24592331118369e-309,9.244710407182277e-309
Smim10l1,37.61225,0.592726,1.35569363742429e-309,1.0053747555193675e-308
Exoc6b,37.611618,1.3815207,1.388315160488436e-309,1.0290086623132447e-308
Arhgap17,37.607876,0.91647685,1.598178341909064e-309,1.18391597105127e-308
Mcee,37.6031,1.18763,1.912950193829147e-309,1.4163288522259656e-308
Mcu,37.58347,0.74896556,4.003555853288317e-309,2.962588002906804e-308
Copz1,37.58123,0.63802326,4.355199581829116e-309,3.2210575598438705e-308
Tfg,37.57595,0.50320584,5.311848418302135e-309,3.926460925420632e-308
Dedd,37.570694,0.95925254,6.47264713242894e-309,4.781925960884158e-308
Mob2,37.56158,0.9501968,9.11748983378377e-309,6.732271786014745e-308
Crls1,37.55879,0.8424864,1.0126143295979292e-308,7.47301724622325e-308
Ahcyl2,37.55658,1.1150736,1.1003106943862015e-308,8.115829959941373e-308
Ubp1,37.554382,0.8460767,1.194953565504019e-308,8.809159034106446e-308
Rpn1,37.55191,0.68459874,1.311286918432835e-308,9.661556362914341e-308
Micos10,37.55186,0.5923596,1.313638430618142e-308,9.67367018777765e-308
Pak1,37.55124,0.9135353,1.3447147757154485e-308,9.897187598443897e-308
Mecom,37.548244,0.7109405,1.5049844710352087e-308,1.107082444400564e-307
Sympk,37.541622,1.0752344,1.929983241593049e-308,1.4189527327303735e-307
Rnf4,37.540203,0.47851002,2.03579783157166e-308,1.4959449407169506e-307
Ces1d,37.535618,0.89440775,2.418370056589959e-308,1.7761122730326364e-307
Nsdhl,37.529613,0.65994745,3.0302351096640904e-308,2.2242869095360403e-307
Lrrc1,37.528923,0.47376624,3.10966316028525e-308,2.2813650062715015e-307
Snx14,37.524456,0.51201797,3.677680757809784e-308,2.6966372312626703e-307
Casc3,37.521015,1.1125575,4.1847703040109996e-308,3.0668131783145986e-307
Pex6,37.519943,0.89848965,4.356769944935079e-308,3.19115313320767e-307
Lonp2,37.514355,0.57826245,5.373727749607692e-308,3.9339254269745825e-307
Cdc14a,37.49741,0.74520934,1.015123461728723e-307,7.427401465564627e-307
Romo1,37.497044,0.97922707,1.0291123864985339e-307,7.525728280945161e-307
Washc3,37.486465,1.0607619,1.5304246501813265e-307,1.1185760070138771e-306
Tcea1,37.48421,0.7482208,1.6656761745038424e-307,1.216780004612182e-306
Ndufs4,37.48383,0.58963335,1.6896792561294832e-307,1.2336553031271053e-306
Serpinb6a,37.480804,0.9937338,1.892542325899215e-307,1.381030752757298e-306
Arl4a,37.465885,1.6264467,3.3116818297185096e-307,2.4153199478080332e-306
Snw1,37.462296,0.8901997,3.788820160180553e-307,2.761839855568713e-306
Rtraf,37.462093,0.60068315,3.8173702683459326e-307,2.7811688023244874e-306
Atp5l,37.45674,0.669348,4.665445349224718e-307,3.3972292412485636e-306
Psmb1,37.45074,0.7733778,5.8420263328081515e-307,4.2517142150692635e-306
Cables1,37.44369,0.8201415,7.608303725994791e-307,5.534231566647807e-306
Acap2,37.43722,0.73336226,9.695392379089087e-307,7.04861726656264e-306
Sh3glb1,37.433014,0.77870077,1.1350655928077794e-306,8.247620606613383e-306
Ide,37.41381,0.5145099,2.3298973675666264e-306,1.692052389881764e-305
Ilk,37.413113,1.1434238,2.3918448257086222e-306,1.7361187893612214e-305
Clic1,37.41131,0.5302914,2.559029677183531e-306,1.8564843944554264e-305
Dyrk1a,37.40759,0.625553,2.941032154987252e-306,2.1324822226644046e-305
Abhd16a,37.395767,0.72488517,4.578275214510382e-306,3.316097116442239e-305
Rnft1,37.391777,0.59322083,5.31517633842283e-306,3.8478049988317733e-305
Tmx3,37.39136,0.96984947,5.398799165418838e-306,3.906273999317598e-305
Erlin1,37.38323,1.5857432,7.318534487470457e-306,5.292488583614939e-305
Itgav,37.382343,1.8235906,7.564727380681725e-306,5.467634615794005e-305
Rbm7,37.380253,1.2835116,8.180105717686906e-306,5.90929454249173e-305
Sec24c,37.373062,0.5083956,1.0704148852729762e-305,7.728576323182656e-305
Tmed3,37.37243,0.65879905,1.0961040736583904e-305,7.909880320463581e-305
Cdk11b,37.369617,1.1381447,1.2175902337382986e-305,8.781933779731663e-305
Psmd14,37.366405,0.8449024,1.3730608432015847e-305,9.89805325818749e-305
Syne2,37.362804,1.3753917,1.5710272697560286e-305,1.1319176983094676e-304
Stk40,37.362614,0.8075256,1.5822697759036192e-305,1.1394175453123746e-304
Ptprh,37.361965,1.104226,1.6209546141254576e-305,1.1666607551666123e-304
Elovl6,37.36187,0.95228696,1.6268890497040446e-305,1.1703160312836828e-304
Ccz1,37.358547,0.48606455,1.8421128129675739e-305,1.3244423090079691e-304
Usf3,37.34798,0.5623457,2.734236801306504e-305,1.9648285999929817e-304
Ppp3cb,37.34508,0.9928426,3.0471039261850013e-305,2.188505577236339e-304
Sypl,37.339092,0.72223043,3.811642482446705e-305,2.736179052360036e-304
Tm4sf20,37.33496,0.7388364,4.4478561378164433e-305,3.1912084304637913e-304
Stk17b,37.33382,1.3670737,4.640892194083572e-305,3.3279601863708884e-304
Cdx2,37.328075,0.8716425,5.752443150845346e-305,4.122885748837007e-304
Btg2,37.327003,0.582225,5.987104495143798e-305,4.288824199638105e-304
C1d,37.322224,1.1137042,7.157976335056724e-305,5.124886198005273e-304
Hspa5,37.31654,1.296969,8.849722111114884e-305,6.3328074238354815e-304
Traf4,37.31274,0.8516413,1.0198922256971408e-304,7.2944697627659e-304
Gatad2a,37.3122,0.5004484,1.0407098812549446e-304,7.439470792556909e-304
Khsrp,37.311607,1.5336359,1.064033760182742e-304,7.60222657810815e-304
Spcs3,37.30299,0.64926887,1.4677313545843546e-304,1.0481058106496631e-303
Tomm40l,37.30211,1.1057681,1.5168627436948252e-304,1.082625157621437e-303
Eif3c,37.299633,0.42352852,1.6636462033704148e-304,1.1867690052733659e-303
H2-Ke6,37.29406,0.5780572,2.0485404487248098e-304,1.4605730258765262e-303
Dcaf7,37.29263,0.5725891,2.1606723485290713e-304,1.539718309855917e-303
Ctnnb1,37.29223,1.0311761,2.1932088899908578e-304,1.5620901859700512e-303
Insig2,37.279743,0.50962985,3.4948439661262794e-304,2.4878704443923408e-303
Pabpn1,37.277355,0.51442075,3.820569261806183e-304,2.718329066347531e-303
Ypel5,37.27537,0.65596884,4.1139647419752535e-304,2.925557350312615e-303
Fam8a1,37.266365,0.48691863,5.7558541406165435e-304,4.091024187782289e-303
Cenpv,37.26226,1.0193573,6.708003747863862e-304,4.7652961689370546e-303
Tmem208,37.257893,1.2443464,7.894337666612933e-304,5.605143696310065e-303
Usp34,37.25623,0.8266986,8.400355485864076e-304,5.961331669392385e-303
Dgat2,37.23505,1.4873646,1.8496250427494774e-303,1.311909878609912e-302
Arhgef2,37.23448,0.69988906,1.8893124126034326e-303,1.3393648129783277e-302
Pcx,37.229465,1.4401137,2.2777384127097496e-303,1.613889782062478e-302
Atp8a1,37.222446,0.6667884,2.9580895795754916e-303,2.0948666494404372e-302
Tbrg4,37.21529,0.52026165,3.861987782431277e-303,2.733575720742635e-302
Far1,37.210785,0.67686874,4.567113338027601e-303,3.2310023226863653e-302
Vil1,37.209255,0.9934668,4.8349530916777683e-303,3.418716831886943e-302
Gse1,37.196533,1.1118908,7.763671707397926e-303,5.486729229905252e-302
Med28,37.195747,0.5564485,7.995086534216716e-303,5.647355803482107e-302
Ptges2,37.19385,0.7215593,8.579453048443058e-303,6.05699640874852e-302
Ube2g2,37.193573,0.81542814,8.668215370531827e-303,6.116503879877334e-302
Sco1,37.19208,1.1870325,9.163306214704266e-303,6.462517405161467e-302
Nedd4l,37.18457,0.5224269,1.2118790499537027e-302,8.540369380727214e-302
Spire2,37.184563,0.50415576,1.2122016064344807e-302,8.540369380727214e-302
Wwp1,37.181694,0.53679216,1.348713217485726e-302,9.497246781213855e-302
Herc4,37.18057,1.1196281,1.4065029260157863e-302,9.899087757728193e-302
Ociad1,37.174767,0.83580893,1.7454004426775982e-302,1.2277958360913658e-301
Ppp2r5c,37.17385,0.5953557,1.8057033416337472e-302,1.2695626322283544e-301
Pdk1,37.173626,0.8948612,1.820980475588352e-302,1.2796458378042503e-301
Pmpca,37.161243,0.48313847,2.886132583470574e-302,2.027111611656913e-301
Araf,37.157757,1.1506144,3.285803551941165e-302,2.3066408404925786e-301
Dmac2,37.153088,0.8043306,3.908553756951944e-302,2.742404957738216e-301
Inpp5j,37.15147,0.6363828,4.1509971191908303e-302,2.911019774612031e-301
Mboat7,37.143486,0.48841748,5.584809649487786e-302,3.914519321206841e-301
Plagl2,37.1378,1.0741391,6.90018936051569e-302,4.834020978742421e-301
Rasef,37.13731,0.5411975,7.026035697860152e-302,4.919664012710578e-301
Sec62,37.134502,0.6625829,7.798919754305263e-302,5.458046450364609e-301
Pgrmc2,37.13276,1.0691332,8.321407102991426e-302,5.820728497872519e-301
Socs4,37.12659,0.86298287,1.0464443076935735e-301,7.316015290240091e-301
Cmip,37.12521,0.5047188,1.1016049670156525e-301,7.697725050556488e-301
Lrrc66,37.119232,0.6208946,1.3753395178422358e-301,9.605601586564135e-301
Atg5,37.11889,0.8818021,1.3929896176343565e-301,9.723906595788579e-301
Gskip,37.11881,1.1276307,1.397313655086e-301,9.749114404745433e-301
Trappc5,37.11461,1.0380846,1.6331054262461299e-301,1.1388432791390019e-300
Deptor,37.114014,1.0207945,1.6696579237102953e-301,1.1637396588551626e-300
Bhlhe40,37.110798,0.56492335,1.8813069407967492e-301,1.3105895270196407e-300
Atp2c1,37.091244,1.2679293,3.888806054888222e-301,2.7077099185639735e-300
Slc22a18,37.08368,0.6884229,5.148746158931943e-301,3.5831604948292275e-300
Hk1,37.082344,0.594983,5.410725696876891e-301,3.763564288137919e-300
Myo5b,37.080463,0.57456416,5.8013591358654275e-301,4.0332275639532136e-300
Etfa,37.078247,0.98026824,6.298795731310105e-301,4.3768308752878905e-300
Vps51,37.07521,0.8004552,7.0495087920372005e-301,4.895989473393028e-300
Dhx58,37.052284,1.104999,1.6500529354134912e-300,1.1454047660801772e-299
Atp5k,37.045044,0.8667058,2.158110868512295e-300,1.4973194381991695e-299
Mex3c,37.04148,0.58543617,2.462707902969037e-300,1.70778552601935e-299
Tmem70,37.04069,0.74085265,2.5360288528985544e-300,1.7577392074702346e-299
Snd1,37.034218,0.7903531,3.223865491875346e-300,2.2333516008812238e-299
Psmd6,37.028374,0.7398107,4.002917588441601e-300,2.771640406174121e-299
Ext2,37.028133,1.193521,4.0391481837387294e-300,2.795311306307041e-299
Tank,37.026096,1.464624,4.355637358016485e-300,3.012814409250148e-299
Mertk,37.023582,0.60613054,4.7810369891140305e-300,3.3053933683586636e-299
Tbc1d9b,37.01608,0.4211512,6.312864613399613e-300,4.3622245370510216e-299
Vps53,37.015587,1.2543483,6.429322078396983e-300,4.440453506165593e-299
Arhgap32,37.011543,1.0507057,7.467350910438157e-300,5.154771514398879e-299
Ap2a1,37.005188,0.6903204,9.449932775896223e-300,6.520072185185714e-299
Vps29,37.002075,0.5296258,1.0604713820659262e-299,7.313134719995734e-299
Akr1c14,37.000923,0.72317743,1.1065654439166372e-299,7.627158490705652e-299
Cd151,36.999737,0.4075561,1.1562933696042685e-299,7.965900165913538e-299
Dcxr,36.996056,0.80708456,1.325232362072985e-299,9.125152342068514e-299
Acot7,36.991463,0.750306,1.570769786585704e-299,1.081040605513815e-298
P2rx4,36.983547,0.653427,2.1054326969056914e-299,1.4482792822024814e-298
Gadd45gip1,36.983376,1.1577294,2.1188501393353802e-299,1.4567760510513488e-298
Zdhhc9,36.98158,0.48553294,2.2647974852580488e-299,1.556336965372051e-298
Sec63,36.977016,0.6754849,2.68116158914655e-299,1.8415311266488736e-298
Vps54,36.976982,0.40637577,2.684474876883309e-299,1.8428812219567897e-298
Tle5,36.974182,0.8178997,2.9776464006840924e-299,2.04311663468916e-298
Tmcc3,36.972744,0.61410975,3.140586767969403e-299,2.1538377157463185e-298
Itga6,36.971813,0.6649816,3.250500272585223e-299,2.2280998109074147e-298
Eif5b,36.95823,1.1845554,5.372495285963977e-299,3.6808052623024742e-298
Pafah1b1,36.945496,1.1939132,8.603889526080483e-299,5.891747084083655e-298
Cyth1,36.944122,1.2479687,9.051166176483709e-299,6.19492980297371e-298
Skap2,36.939995,1.0563405,1.0543788715806219e-298,7.212921995430216e-298
Zfr,36.929745,0.50696844,1.539956985188566e-298,1.052945588622682e-297
Guk1,36.92051,0.51350343,2.166295821802323e-298,1.4804645358893937e-297
Brd2,36.91838,0.40980434,2.3435615917617556e-298,1.600809428938162e-297
Dlgap4,36.913322,0.8589392,2.8251285456185427e-298,1.9287884603761143e-297
Kctd5,36.910694,0.39959684,3.113027182430624e-298,2.1242837684500392e-297
Ap1g2,36.9089,0.6871507,3.3264331008486197e-298,2.2687766909777994e-297
Mtmr9,36.906174,0.46919388,3.678954705165884e-298,2.5079613954707606e-297
Txndc15,36.903008,0.687918,4.135252692787382e-298,2.817617367905702e-297
Rheb,36.90247,0.3310485,4.2179823374879714e-298,2.87255520244761e-297
Fbxw8,36.8807,1.2368537,9.423075373061136e-298,6.414164048114038e-297
Lrrc41,36.870083,0.9064876,1.394318337258398e-297,9.486220528362484e-297
Dhx9,36.86513,0.45770678,1.6737822454242896e-297,1.1381885731564974e-296
Grn,36.858246,0.34481943,2.157728417608539e-297,1.4665475204173345e-296
Noxo1,36.85674,0.8504016,2.2808306919383652e-297,1.549446582824498e-296
Tmem87a,36.849693,1.3773024,2.9577537269826867e-297,2.0083059690411242e-296
Hint1,36.841335,0.5948689,4.025350359666479e-297,2.731844474860501e-296
Wdr82,36.831932,0.5991158,5.69285071221264e-297,3.861593923090667e-296
Tns4,36.82894,0.7811566,6.356526906212411e-297,4.3096433040384095e-296
Slc8a1,36.826855,0.9834116,6.865074509613539e-297,4.652125565855558e-296
Ubr3,36.82098,0.41491017,8.524197165385724e-297,5.773570888392757e-296
Specc1,36.812847,1.2105072,1.1502857655494703e-296,7.7872068534104e-296
Plaa,36.80502,0.9555566,1.5346528063714247e-296,1.0384154936728964e-295
Pcnp,36.80331,1.531229,1.6343721977436447e-296,1.1053432148439338e-295
Samhd1,36.798023,0.5552666,1.9855560793148894e-296,1.3421887980539353e-295
Slc9a3r1,36.79739,0.81598,2.032645703096162e-296,1.3733414026600798e-295
Naa50,36.791492,0.68081754,2.525444788633132e-296,1.7054546905954606e-295
Pfdn6,36.790848,0.8142752,2.5862355470205536e-296,1.7456451680901318e-295
Cops5,36.78868,0.44144142,2.801023514904649e-296,1.889689026458859e-295
Lrrc19,36.786823,0.6007164,2.999221598117647e-296,2.0224041101705532e-295
Tmem150b,36.77186,1.4783437,5.202397425489434e-296,3.50629791984071e-295
Tbc1d20,36.770527,0.5545851,5.463391111535251e-296,3.6803878546918507e-295
Arhgef7,36.768986,0.67219055,5.782943203209604e-296,3.893734529979879e-295
Akr1e1,36.766273,0.48733294,6.389433077231777e-296,4.299975262359476e-295
Rnf14,36.75991,1.2036799,8.074653734813232e-296,5.431425962792471e-295
Fubp1,36.75252,1.2556616,1.0596002341217522e-295,7.123910128620925e-295
Eif5,36.749763,0.75727355,1.1727288290062927e-295,7.880622475017717e-295
Crat,36.748524,0.6782407,1.2274301191323817e-295,8.244158585036994e-295
Tra2b,36.745644,1.2853693,1.3645492252285762e-295,9.160633605793216e-295
L1cam,36.742443,0.5885729,1.5351660754482164e-295,1.0300979431675348e-294
Nfatc3,36.741898,0.5966916,1.5661555571969692e-295,1.0503765200916407e-294
Rbm33,36.74079,1.0067025,1.6311657999002382e-295,1.0934407996880273e-294
Cth,36.740776,0.49822348,1.632166929113102e-295,1.0935758332004738e-294
Irf2,36.73892,1.2971549,1.7475023421956159e-295,1.1702788702020102e-294
Dpf2,36.73549,0.67326564,1.9823959217570843e-295,1.3269341277546808e-294
Hnrnpc,36.734905,0.7777567,2.025243544197279e-295,1.3549513437816922e-294
Eif2b5,36.72558,1.15009,2.853576499168895e-295,1.9081984658256544e-294
Cnppd1,36.72016,0.8353908,3.482049341965669e-295,2.3273228128729485e-294
Lcorl,36.718697,1.1958709,3.6747884689119716e-295,2.454945398747983e-294
Lmtk2,36.71777,1.521925,3.8021671872247303e-295,2.5388005998680755e-294
Srp68,36.71682,0.8703716,3.936715554738734e-295,2.627358965888345e-294
Sephs2,36.705948,0.56366295,5.870235127350468e-295,3.9158763593423246e-294
Strap,36.690567,0.9460967,1.0326184048740501e-294,6.884961816992996e-294
Bcas2,36.687675,0.86846316,1.1482856007078128e-294,7.652439371188762e-294
Slc6a6,36.686047,0.7698993,1.2191281896183366e-294,8.120593274734902e-294
Ubxn4,36.67231,0.37479392,2.0184703270374347e-294,1.3438452639842707e-293
Ttc7,36.669716,0.69498885,2.2200378973016703e-294,1.4773244888369995e-293
Sfpq,36.66957,0.75286555,2.23172137677263e-294,1.4843769371286827e-293
Dhx15,36.669193,0.45116845,2.262980602077596e-294,1.5044365451342306e-293
Irgm2,36.66894,0.97493327,2.28386296910202e-294,1.5175814432687136e-293
Mbtps1,36.665077,1.1789036,2.6317972035980217e-294,1.7479274773775107e-293
Capzb,36.659977,0.8944005,3.173524626064517e-294,2.1066965660889452e-293
Dnmbp,36.655094,0.42587894,3.796330716855325e-294,2.5189142432312745e-293
Fcf1,36.651463,0.79115087,4.337122835371554e-294,2.876341162643356e-293
Ttc39b,36.65089,1.1228166,4.4287126633138744e-294,2.9356590242761624e-293
Cdc42ep5,36.64943,0.97395283,4.672560257741985e-294,3.0957975544874827e-293
Smarca4,36.648426,0.3938027,4.84818238307647e-294,3.2106001979937397e-293
Pik3c2a,36.64631,0.6359696,5.23912035315116e-294,3.4678107855441487e-293
Nipbl,36.646202,0.3591368,5.2602325474948414e-294,3.4801006331394265e-293
Gpbp1,36.644165,1.0348983,5.667499125245783e-294,3.7477297165249556e-293
Tlr1,36.64125,0.5949148,6.307001404063196e-294,4.168595659766274e-293
Sdcbp,36.634068,0.6905509,8.207226165062423e-294,5.421923565566601e-293
Mmadhc,36.627274,0.72601247,1.0529305808656573e-293,6.952595699342281e-293
Arpp19,36.625175,0.71191055,1.1369887779098216e-293,7.504016186253287e-293
Wls,36.621265,0.61528015,1.3122724792834246e-293,8.656693755041405e-293
Prpf6,36.620327,0.7906317,1.3581115531359975e-293,8.954761566603069e-293
Oxsr1,36.617756,1.3514549,1.4923596493313806e-293,9.835189496195966e-293
Vipr1,36.617313,0.60773104,1.5166740140265462e-293,9.990615193551552e-293
Foxo3,36.612892,2.6017241,1.7834656682850487e-293,1.1742365437553221e-292
Pcbp2,36.60914,1.860682,2.046305180694115e-293,1.3466421244461994e-292
Ccar1,36.584732,0.6447775,5.002343740056979e-293,3.2903824264203555e-292
Tom1l2,36.582687,0.5161561,5.391322627478618e-293,3.544535429363947e-292
Tmem50b,36.58047,0.6407631,5.847149025179177e-293,3.842372076853688e-292
Mob1b,36.57844,1.0075299,6.298465824465516e-293,4.13696062197723e-292
Mien1,36.578297,1.7831137,6.331530403612113e-293,4.15668162599115e-292
Tcf20,36.570717,1.0881214,8.355565187119274e-293,5.482838480511327e-292
Ssr2,36.56957,0.531879,8.715188263917109e-293,5.716076715063139e-292
Ibtk,36.555065,0.5650693,1.4815396829211322e-292,9.712394613588919e-292
Sap30l,36.554504,0.31142265,1.5123475724540517e-292,9.909608554532418e-292
Tbc1d14,36.55314,0.85012823,1.5898384353685106e-292,1.0412375768038497e-291
Hexb,36.551662,1.218032,1.6778678781493268e-292,1.0983649226276709e-291
Tsc2,36.5464,0.95036125,2.0340938313661542e-292,1.3309202461211558e-291
Commd8,36.542473,0.62461495,2.348184709520873e-292,1.5356970780821588e-291
Dcun1d5,36.54202,1.2696238,2.3874039087415904e-292,1.5605998304035015e-291
Prkaa1,36.53292,0.44334447,3.3298416259803494e-292,2.1756131980545283e-291
Bola2,36.531647,0.5350216,3.4884781119031156e-292,2.278172787978754e-291
Eif2b1,36.527752,0.6577683,4.022352600884452e-292,2.6255690604818558e-291
Tram1,36.5011,0.5728478,1.0653330118512028e-291,6.950586324935686e-291
Swi5,36.49782,0.9348474,1.2008362530225939e-291,7.830918340526452e-291
Fam129b,36.494465,0.9151526,1.3574546397606216e-291,8.848042039431125e-291
Paqr4,36.48668,0.6754806,1.8038718817408676e-291,1.175223820047945e-290
Kdm5b,36.480354,0.9150749,2.272232107972388e-291,1.4796559084058287e-290
Pawr,36.479515,0.43604812,2.3429184627608883e-291,1.5249600180035768e-290
Atad1,36.47108,0.3981589,3.1878887510790303e-291,2.073947605661548e-290
Itsn2,36.465405,1.1017592,3.921306681255496e-291,2.5498748866461676e-290
Commd7,36.461567,1.1439762,4.5108283317019005e-291,2.9318240226246905e-290
Pcca,36.458057,0.69310653,5.126991315861706e-291,3.3307176363139585e-290
Tinagl1,36.457523,1.0683655,5.228314604217953e-291,3.394928879994326e-290
Aim2,36.455994,1.0765024,5.5285581157656935e-291,3.588183779454004e-290
Syap1,36.45187,0.42423448,6.425635312267204e-291,4.168432774917174e-290
Ryk,36.445538,1.3728034,8.095032993059131e-291,5.248913047893959e-290
Usp15,36.44187,0.62922764,9.254016067694483e-291,5.997567285579244e-290
Chmp2b,36.441673,0.68188536,9.321034351883374e-291,6.038140443486743e-290
Rap1a,36.427345,1.4354168,1.5714581859018044e-290,1.0175042941385975e-289
Golga5,36.426273,1.1852405,1.6341302459157693e-290,1.0575831099336557e-289
Gstt3,36.417183,0.42889485,2.2762192041377905e-290,1.472436027274564e-289
Dsc2,36.41088,0.8586609,2.8637222108092745e-290,1.8516028951686445e-289
Ahsa1,36.40732,0.44525883,3.2608256711556053e-290,2.1073625261367153e-289
Snx12,36.406002,0.58462304,3.4209724956675296e-290,2.2098157240554306e-289
Echs1,36.405575,0.73609203,3.474573340641895e-290,2.243380095999902e-289
Bola3,36.403675,0.97238964,3.723603721385995e-290,2.4030335483696783e-289
Stx7,36.3978,0.5575809,4.612038728272458e-290,2.974982528732352e-289
Anapc1,36.39696,0.86894363,4.755184417483457e-290,3.0658720843510742e-289
Aagab,36.396927,0.4395884,4.760968610222828e-290,3.0681548418848806e-289
Prpf38a,36.396126,0.9959186,4.901918178505513e-290,3.157500286908285e-289
Cers2,36.391117,0.4357981,5.883385188940433e-290,3.7879139575687583e-289
Irf7,36.38883,0.9662709,6.394184786590143e-290,4.114845974429187e-289
Nit1,36.38845,0.49942613,6.483057306501468e-290,4.170075666340902e-289
Pex13,36.387955,0.6182333,6.601757418233998e-290,4.244430310030556e-289
Pycrl,36.38671,0.53208333,6.907196229205896e-290,4.438717501616101e-289
Sh3glb2,36.37435,0.7208468,1.0832909292197307e-289,6.958197960112643e-289
Gfm2,36.370567,1.1910106,1.2432320806524617e-289,7.9817834286020715e-289
Psmd8,36.366314,0.32816082,1.4513627212167677e-289,9.313648621604551e-289
Cyp3a13,36.365795,0.9104299,1.479074289146142e-289,9.48702669046599e-289
Tnpo2,36.365623,1.0635132,1.4883423879777054e-289,9.541998197653596e-289
Mia2,36.364143,0.374091,1.5705909303481486e-289,1.0064588084588066e-288
Mta2,36.364006,0.34740484,1.5785136763064343e-289,1.011062038570983e-288
Txn1,36.36122,1.1284723,1.7469921294068676e-289,1.1184511877171776e-288
Trappc6a,36.359947,0.36781326,1.8296618966494166e-289,1.1708295010145425e-288
Agpat5,36.348873,0.52346677,2.7376098565498022e-289,1.7510203362169572e-288
Fgl2,36.346035,1.1626645,3.0351955611018966e-289,1.9404534501200763e-288
Jmjd1c,36.34536,0.34026152,3.110867659134036e-289,1.987902581245698e-288
Prrc2c,36.33865,0.39089236,3.970454787068098e-289,2.5360097717494744e-288
Ptpra,36.338463,0.9108129,3.997740954434862e-289,2.5522459174554966e-288
Yipf6,36.33816,0.42322773,4.041648944123039e-289,2.5790736962614354e-288
Sipa1l3,36.3364,0.36610198,4.309048458495506e-289,2.7484252644555063e-288
Nub1,36.315243,0.6463559,9.299311853189096e-289,5.9285822653781295e-288
Ctdnep1,36.31387,0.5936586,9.77514554669389e-289,6.2290361300577325e-288
Nenf,36.31091,0.68708134,1.0884637823495899e-288,6.932809605789773e-288
Npc1,36.29954,1.5727867,1.6451483271129563e-288,1.0473651477313629e-287
Kcnk1,36.297157,0.8847233,1.7938099010885882e-288,1.141477449855116e-287
Prdx5,36.29691,0.90416884,1.810037646657371e-288,1.151268131071607e-287
Mospd3,36.29461,0.84111387,1.967955528315403e-288,1.2511293282060966e-287
Vps4b,36.291306,0.30513364,2.2186866537948667e-288,1.4098763936173235e-287
Fbxo6,36.287327,1.4967422,2.563596903238467e-288,1.6282948282297276e-287
Hexa,36.281902,0.49154136,3.1218742353048137e-288,1.981969831373878e-287
Pcyox1,36.276573,0.7639807,3.78815073049567e-288,2.4038497094908716e-287
Tmed9,36.266987,0.38287917,5.364662179003699e-288,3.402678817155639e-287
Nhsl1,36.26634,0.32346964,5.492887157549085e-288,3.482393689359469e-287
Hjurp,36.265816,1.3851845,5.5979591980616015e-288,3.5473629301896385e-287
Smap2,36.26459,0.57608944,5.8525227543468036e-288,3.7069591785869635e-287
Tmem115,36.264122,0.7266641,5.953127017260489e-288,3.7689357389369066e-287
Lap3,36.264065,0.70502234,5.964984780842668e-288,3.7746953668682775e-287
Rspry1,36.254513,0.8953817,8.436193718709138e-288,5.336029098212186e-287
Mtmr4,36.248306,0.960596,1.056705177382524e-287,6.680741239346286e-287
Fbxo38,36.245613,0.7217762,1.1651769602805765e-287,7.363121502697267e-287
Mpp1,36.243046,0.9896224,1.2788998995694864e-287,8.07803978134537e-287
Mmut,36.240067,1.1681143,1.4247437646550907e-287,8.995092789315958e-287
Stat2,36.238766,2.0203474,1.4934834815162663e-287,9.424728477035045e-287
Rars,36.222057,0.7037219,2.737452408980193e-287,1.7266910374909657e-286
Limk2,36.219406,1.2749039,3.013550362423981e-287,1.8999677826716434e-286
Kcnk5,36.216297,0.9947668,3.372965886317244e-287,2.125590253243701e-286
Sigirr,36.21211,0.72333246,3.9255492289817355e-287,2.472680133870347e-286
Slc51a,36.211124,1.3266164,4.068139843563209e-287,2.5613173278419375e-286
Cldn12,36.20968,1.2814648,4.2871560091208096e-287,2.6979686343638783e-286
Sptssa,36.20803,0.3701816,4.550856132958788e-287,2.8626015463758705e-286
Rell1,36.20733,0.80176824,4.6679109770371915e-287,2.9348819591256824e-286
Klf3,36.205124,0.64126456,5.0566187993913616e-287,3.1778153530182384e-286
Oser1,36.204865,1.0582435,5.104451301977335e-287,3.2064020006678944e-286
Trmt1l,36.20375,1.0998695,5.314097345496225e-287,3.336560202004631e-286
Lamtor3,36.195133,0.9377575,7.261327437736392e-287,4.557074470447231e-286
Ppp2r2a,36.19046,1.150708,8.601081537333451e-287,5.395403212065823e-286
Tbk1,36.18856,1.0567803,9.213776403735996e-287,5.777092724488297e-286
Igf2bp2,36.182777,0.41093513,1.1359434780596553e-286,7.119169139535191e-286
Fbrs,36.181187,0.88416153,1.2033697589207707e-286,7.538287427046056e-286
Rbbp7,36.1738,0.93419695,1.5721241701536102e-286,9.843771990316217e-286
S100g,36.173058,1.426663,1.6150297297608504e-286,1.0107794761775574e-285
Slc4a7,36.17255,0.7953556,1.6451331185161714e-286,1.0291489202062508e-285
Slc35a1,36.15958,0.5836177,2.630566802841143e-286,1.6448560141222053e-285
Pkp2,36.159164,0.968997,2.67035055608752e-286,1.6689690975546999e-285
S100a16,36.15701,0.8072606,2.8869257055222535e-286,1.8035042952497404e-285
Pfkfb2,36.154335,1.149828,3.18056822140914e-286,1.9860397455602737e-285
Yes1,36.154015,0.94553924,3.217542780411905e-286,2.008210749526828e-285
Ppfia1,36.15362,1.098942,3.2636617221342385e-286,2.0360663344062824e-285
Fyttd1,36.151962,0.7738089,3.465283038755323e-286,2.160863910395761e-285
Tmem238,36.15179,1.0268701,3.4868691347284294e-286,2.1733334283232118e-285
Plaat3,36.151577,0.75398755,3.5140407987736e-286,2.189271431582186e-285
Foxn3,36.148857,0.90599805,3.877428278932476e-286,2.4145642857195636e-285
Fbxo8,36.146103,0.78123486,4.283899845114357e-286,2.6664692936704064e-285
Hipk2,36.132076,0.4372828,7.114159021570757e-286,4.4261203193803505e-285
Ambra1,36.12798,1.0230277,8.250381737198335e-286,5.130694418198601e-285
Vti1a,36.119743,1.1032102,1.1111926025175506e-285,6.907072199739775e-285
Rbm6,36.118656,1.4009479,1.155725021873924e-285,7.180617752896824e-285
Cobl,36.115807,1.309107,1.2810713505786841e-285,7.955790517331293e-285
Xpo1,36.106163,0.5793834,1.8153272762674507e-285,1.1268543124356507e-284
Timm23,36.099434,1.4277526,2.3148162860790114e-285,1.4362573825830527e-284
Cct6a,36.097576,1.4795196,2.4756557829144723e-285,1.5353556839616967e-284
Lpgat1,36.095352,0.8745679,2.6827769066246154e-285,1.6630541340930018e-284
Arfgap3,36.09066,0.41320232,3.178197844596329e-285,1.969273018797227e-284
Lactb2,36.090538,0.83137935,3.192184796248806e-285,1.977043799307175e-284
Ctsl,36.087795,0.8182257,3.5247381433728206e-285,2.1820187465198428e-284
Lpin2,36.071335,1.0429443,6.385817437846765e-285,3.95140513405224e-284
Atp13a3,36.0696,0.61021674,6.798673699866154e-285,4.204968921106724e-284
Nars,36.06608,0.82284987,7.72071971867833e-285,4.773094129879121e-284
Hectd4,36.06398,1.1683911,8.327293953024983e-285,5.1457634345963233e-284
Tent5a,36.058144,0.4465785,1.0280330221401602e-284,6.34975229348089e-284
Vamp7,36.049446,1.0714939,1.4069595899556083e-284,8.686308077942639e-284
Kansl1,36.041718,0.97438973,1.859354146639316e-284,1.1474128138669965e-283
Gns,36.0401,0.9985979,1.9709718560217147e-284,1.2157438038383827e-283
Ccnt2,36.036,1.0425473,2.285097148708322e-284,1.4088685080516818e-283
Ctnna1,36.034664,0.9943658,2.3980081214009553e-284,1.477817082476704e-283
B4galnt1,36.031494,1.1029136,2.6882412795717885e-284,1.6559324098263157e-283
Supt6,36.02779,0.9070887,3.0724200272889925e-284,1.8917309263024302e-283
Morf4l1,36.02444,0.68063474,3.467071613146e-284,2.1337625701967395e-283
Srebf2,36.02147,0.7053324,3.858613391007973e-284,2.3736634332898797e-283
Mlkl,36.020782,1.1528363,3.955305672021164e-284,2.4320505874500637e-283
Appbp2,36.01966,0.76167756,4.119036817755289e-284,2.5315877969799364e-283
Tap1,36.01912,1.8494728,4.1998142032730194e-284,2.580074538623474e-283
Tmem41a,36.0187,0.61823416,4.263815226537736e-284,2.618216130350406e-283
Slc25a17,36.01807,0.3724281,4.362023482893191e-284,2.677319170940951e-283
Mydgf,36.014034,0.52396613,5.044617319688328e-284,3.094891962617222e-283
Daglb,36.009964,0.6255447,5.841957104006415e-284,3.582455757725907e-283
Mpv17l2,36.00888,0.8055775,6.074312504727851e-284,3.723273128738385e-283
Oxsm,36.006126,0.8584195,6.707921316571477e-284,4.109803942836691e-283
Fut2,36.003185,0.57797354,7.45800192232582e-284,4.56731644817759e-283
Wars,36.00151,0.6719514,7.922209421547653e-284,4.84942765620699e-283
Cdc123,36.000336,0.5759243,8.264156688386144e-284,5.056480658330225e-283
Arl6ip1,35.997047,0.27930668,9.304030123791411e-284,5.69018836953701e-283
Acot8,35.995876,0.6592485,9.705570319469806e-284,5.9331101528274295e-283
Lasp1,35.99531,0.49819842,9.904278833812521e-284,6.051877258819761e-283
Ppargc1b,35.99156,1.0051612,1.1336671718582155e-283,6.924027947816479e-283
Kmt5a,35.987175,0.516648,1.3278077432272525e-283,8.106147718139588e-283
Trappc11,35.984455,1.5782809,1.4643362845647727e-283,8.935653142089812e-283
Leprot,35.973724,0.78952694,2.1551100043093415e-283,1.3145017532975132e-282
Laptm4b,35.966434,0.30881447,2.801572555361165e-283,1.7080474674348608e-282
Elavl1,35.963573,0.3362334,3.105408992472268e-283,1.89244509679404e-282
Tmem128,35.960747,0.35468018,3.4380370394355687e-283,2.0942163258031808e-282
Smg7,35.959915,0.463201,3.5425340898458425e-283,2.156907999939532e-282
Uhrf2,35.95631,0.5886093,4.0335165865107386e-283,2.4547547539178616e-282
Arl8b,35.95575,0.5979809,4.11529977194004e-283,2.5034130062846998e-282
Sec22a,35.954136,0.94837844,4.361362969882107e-283,2.6519181241946557e-282
Tnpo1,35.95002,0.6922403,5.057713847412944e-283,3.0739660828165334e-282
Prkca,35.94992,0.57399625,5.075965875280748e-283,3.0836887314288868e-282
Arpc1a,35.94471,0.48364353,6.122630213431789e-283,3.717893790793948e-282
Syncrip,35.940342,1.4792328,7.163512701104041e-283,4.348026461943975e-282
Ppp1r9b,35.925884,0.8057077,1.2049526744261647e-282,7.310438253228838e-282
Abhd17c,35.92508,0.7799327,1.2402642212877677e-282,7.521336242177482e-282
Afg3l1,35.9139,1.1722916,1.8537964686092583e-282,1.1236997654357982e-281
Capn5,35.909485,0.50120753,2.1723801671446975e-282,1.3162294543953805e-281
Mbd1,35.908966,1.1016563,2.213333338108958e-282,1.3404487776191322e-281
Pparg,35.90428,0.5973723,2.6191002529515978e-282,1.585488975613683e-281
Nedd9,35.89748,0.515582,3.3443718650391515e-282,2.023640940460637e-281
Lipa,35.89483,0.89804137,3.678204343670505e-282,2.2246547722111523e-281
Cct4,35.890175,0.48694488,4.347393838519431e-282,2.6282321282826357e-281
Snrpd3,35.887375,0.5514773,4.807526125078156e-282,2.905122393302863e-281
Fkbp1a,35.884163,0.5693264,5.3951806895141744e-282,3.258793989801517e-281
Creb3,35.879715,0.8620069,6.3302031597560446e-282,3.821877625150724e-281
Ifnar1,35.87656,0.7437004,7.088624936063919e-282,4.277888173021804e-281
Dgkq,35.8722,2.4371767,8.28984828968316e-282,5.000603236057222e-281
Ly75,35.86969,1.0049053,9.072362460625508e-282,5.4702185471364114e-281
Tmem189,35.8693,0.3608961,9.199798964061637e-282,5.54461220068501e-281
Tgfa,35.85538,1.5520619,1.516154018503595e-281,9.133659120280468e-281
Nabp2,35.852535,0.41607594,1.6790450647315388e-281,1.0110498133070804e-280
Abcb7,35.851482,0.34515068,1.7438879134295114e-281,1.0496332401473841e-280
Ppard,35.84888,0.82692695,1.9142866418668396e-281,1.1516880698428962e-280
Apool,35.84116,0.5081175,2.5252441693522078e-281,1.5185890068553845e-280
Pip5k1b,35.839493,0.36662957,2.681007110378346e-281,1.611550427886764e-280
Rbm17,35.83496,0.84918314,3.154174706437892e-281,1.8951379222556316e-280
Bpnt1,35.83439,0.61243385,3.2192866072342557e-281,1.93340994088399e-280
Nmt1,35.834106,0.34789434,3.2522054609166836e-281,1.9523226373149976e-280
Aifm1,35.83241,1.2284752,3.456312314119246e-281,2.0739390476340804e-280
Usp38,35.8312,1.0251602,3.609716912025687e-281,2.1650385426294417e-280
Bcl2l1,35.830677,1.6930257,3.6776168842615574e-281,2.2047966195649625e-280
Vps35l,35.829067,0.6019451,3.8963908954171815e-281,2.3349318797033284e-280
Appl2,35.82499,0.44746026,4.5096211960768756e-281,2.701229516265934e-280
Cdc42se1,35.81483,0.35269803,6.491124776822875e-281,3.886433070186201e-280
Dip2a,35.81455,0.768012,6.557463492136587e-281,3.9244338404799924e-280
Rassf3,35.80844,0.8386392,8.161360331648125e-281,4.88217858859528e-280
Fam114a1,35.807358,0.5950614,8.484117424891725e-281,5.073034796038231e-280
Snx6,35.80471,0.56766635,9.328769957524176e-281,5.5756524986513595e-280
Mgst1,35.804073,0.8400217,9.543980361811074e-281,5.701788180330556e-280
Rap1gds1,35.79551,0.4539941,1.2971953351244884e-280,7.746352055819817e-280
Fkbp8,35.791813,0.84438443,1.4809045992293296e-280,8.839533127220026e-280
Pds5a,35.788605,0.4357359,1.6611317970854966e-280,9.910984871354349e-280
Supt4a,35.78664,0.36625198,1.7823606632298314e-280,1.0629647653583927e-279
Mlycd,35.78658,1.1966277,1.7861691229874359e-280,1.0647716982063288e-279
Med1,35.7862,0.50633985,1.8104273903379037e-280,1.0787622903211692e-279
Kpna6,35.784153,0.9484242,1.9483557376961077e-280,1.1604427139805868e-279
Hip1r,35.783314,1.3548359,2.007622870703026e-280,1.1952217134028681e-279
Fam107b,35.78137,0.9808546,2.1524617853558598e-280,1.2808927291010175e-279
Pcmt1,35.78002,0.7499837,2.2590144824360144e-280,1.343715661040126e-279
Arfip2,35.776005,0.83430034,2.6082307517420897e-280,1.5507632839162209e-279
Acad8,35.775192,0.97542036,2.685488662765744e-280,1.5960042356941132e-279
Naa15,35.77064,0.7161764,3.160414802118466e-280,1.8774401572098184e-279
Tmem258,35.760895,0.41969666,4.479960952583865e-280,2.6601591848278052e-279
Slc6a8,35.757675,0.51360327,5.026821543834773e-280,2.9835844015599184e-279
Pigm,35.75197,1.3254935,6.166237425111524e-280,3.658277517934928e-279
Vps52,35.74791,0.81921816,7.129598557433772e-280,4.2279817984781805e-279
Ercc3,35.739883,0.7069156,9.50005519260822e-280,5.6312637520120245e-279
Herpud1,35.736927,0.4854338,1.05594899939803e-279,6.256543573123076e-279
Srf,35.731113,0.6086457,1.3001226138832307e-279,7.699946619685223e-279
Dnaja1,35.72602,1.6491718,1.55962779372966e-279,9.232861506170172e-279
Eci2,35.724453,0.6244774,1.6497363840751582e-279,9.762070554836775e-279
Zfand3,35.714878,0.48251966,2.3229930856260542e-279,1.3740021819176596e-278
Gtf2f1,35.709415,1.0462977,2.8239545095816318e-279,1.6695883233259326e-278
Itpkc,35.70873,1.2580894,2.894099821445326e-279,1.710320443313087e-278
Tmc5,35.708538,0.5169774,2.9138917735130155e-279,1.7212730022803668e-278
Ebag9,35.698177,0.9263239,4.219362690863887e-279,2.4913551294284825e-278
Arpin,35.694065,0.67177796,4.886643148349746e-279,2.8841107058128085e-278
Edem2,35.690636,0.69857335,5.52367078000177e-279,3.2586798065799916e-278
Cyld,35.681984,1.0769293,7.523379042412309e-279,4.436490228761894e-278
Fbxo3,35.679756,0.72829974,8.146668572581625e-279,4.801969514226453e-278
Lrch4,35.672276,0.94503945,1.0639952979666554e-278,6.26890809982508e-278
Dnajc4,35.670074,0.50267357,1.1510412182488955e-278,6.778849551918021e-278
Spryd7,35.665344,0.6235127,1.3627389662013184e-278,8.022150392941467e-278
Pxn,35.66508,1.303229,1.3756709449953332e-278,8.094793533911867e-278
Arhgap1,35.660603,0.3856973,1.6140222275786148e-278,9.493227510596799e-278
Card19,35.651257,0.41662273,2.2530372210381773e-278,1.3246037832199946e-277
Erlec1,35.64996,0.67312247,2.3595336087189732e-278,1.3866189127302088e-277
Top2b,35.64767,0.9217249,2.5604873253895653e-278,1.5040663305284496e-277
Bcl2l13,35.644768,0.6569388,2.83969500860386e-278,1.6673606372974574e-277
Mat2a,35.64328,0.8327181,2.9944515962175465e-278,1.7574732007843325e-277
Sart1,35.64135,1.6467994,3.20797389548284e-278,1.8819838275730518e-277
Zyx,35.631783,1.0119581,4.512406128586674e-278,2.6461043657128114e-277
Fdx1,35.62889,0.43080726,5.002953863690725e-278,2.932507247576968e-277
Uhmk1,35.627357,0.30197096,5.28355598382997e-278,3.0956567300289134e-277
Slc44a3,35.625763,0.57033986,5.5931785309927984e-278,3.2756623730760823e-277
Zfyve1,35.614746,1.3242477,8.283388823040698e-278,4.849115674446984e-277
Sptlc1,35.602844,0.7840806,1.2658752439036158e-277,7.407293093873318e-277
Kif3b,35.59831,0.969655,1.4879456322729656e-277,8.703018187054237e-277
Daxx,35.59524,1.383886,1.659799775278771e-277,9.704045287275413e-277
Atp2a3,35.59428,0.69863033,1.7175871359670425e-277,1.0037608583055259e-276
Wnk1,35.593254,0.31452903,1.7814646282392218e-277,1.0406462533605878e-276
Zfp292,35.591957,0.81677204,1.8658476505151226e-277,1.089473382612908e-276
Rnd3,35.586384,1.0122851,2.275379078607611e-277,1.328032816899662e-276
Dnajc8,35.58524,1.1524515,2.370222461323624e-277,1.3827983002815937e-276
Spred2,35.58493,0.71356547,2.396323672570786e-277,1.3974296896548187e-276
Ctsz,35.578655,0.5775594,2.996271658091273e-277,1.7465479507416093e-276
Nudc,35.57691,0.95392114,3.188615457801418e-277,1.8578745796946904e-276
Maf1,35.576244,0.7301802,3.2650265814254153e-277,1.901585966822511e-276
Atg101,35.572926,1.4142505,3.6744821096875906e-277,2.1391461409100807e-276
Slirp,35.5704,0.38718125,4.020017111736207e-277,2.33930782991458e-276
Inpp5a,35.568954,1.1328512,4.2321603574244687e-277,2.4617096081573632e-276
Mkrn2os,35.56573,0.93447864,4.746647665181156e-277,2.75979620839083e-276
Pgap2,35.56359,0.98820287,5.122890799599519e-277,2.977285664450634e-276
Ralgapa1,35.559956,0.5482287,5.83051221522467e-277,3.3870966246048157e-276
Cxadr,35.555912,0.5918678,6.732177738744708e-277,3.9092369671903986e-276
Pcsk5,35.554348,2.149612,7.117421264271313e-277,4.1311857295802294e-276
Bax,35.55236,0.37749013,7.639810920664769e-277,4.432516518459513e-276
Opa3,35.5522,0.7033102,7.68335144035433e-277,4.455887656778858e-276
Nfkbiz,35.547733,0.8193831,9.006212232046742e-277,5.22085427186262e-276
Ddx39,35.539646,1.2380806,1.2008822795898072e-276,6.958502192114667e-276
Slc35a4,35.538197,0.33636945,1.2643059781037954e-276,7.32290734882228e-276
Hdhd3,35.537678,1.1873845,1.2880012230441895e-276,7.456992686337548e-276
Zbtb8os,35.536118,0.9416161,1.3614363952119677e-276,7.878816210124273e-276
Slc25a22,35.53268,0.91743654,1.5383424297303152e-276,8.898829410559247e-276
Psma2,35.529465,0.32492724,1.7248587593333979e-276,9.973549062953157e-276
Kctd17,35.521915,1.2488043,2.255950866811682e-276,1.3038938336284764e-275
Rnf181,35.52152,0.35519895,2.287912194549624e-276,1.321808164785218e-275
Hnrnpr,35.519363,1.2252237,2.470076196730469e-276,1.4264481414818059e-275
Oxct1,35.51878,0.8458445,2.5216814873397997e-276,1.4556350502056462e-275
Nacc1,35.518566,0.5011195,2.5409870033265756e-276,1.4661602223835832e-275
Mfsd1,35.51429,1.2904356,2.9581605000799102e-276,1.706151195216903e-275
D17H6S53E,35.51274,1.2228556,3.1253813133139044e-276,1.8018376669294958e-275
Cmtr1,35.50808,1.7004246,3.688686394878231e-276,2.125696858405386e-275
Galk2,35.508022,0.8544637,3.696193739650171e-276,2.1291259220604924e-275
Prxl2c,35.50258,0.8332115,4.484798780265284e-276,2.582299929268537e-275
Uso1,35.499496,1.2493973,5.003856448504335e-276,2.8799552581353863e-275
Fam192a,35.49657,1.2438262,5.552287372959761e-276,3.1942587221381884e-275
Ddc,35.496273,0.6825848,5.611375803908321e-276,3.226895042827851e-275
Etv3,35.493546,0.48964703,6.1822013358044004e-276,3.5536613395176615e-275
Pfn1,35.489502,0.8768367,7.136944733976593e-276,4.100744505761761e-275
Zfp217,35.485104,1.1088773,8.343587706619086e-276,4.792043758421504e-275
Clk4,35.482426,1.6497704,9.176522002786437e-276,5.2682173966458657e-275
Cyb5r3,35.480106,0.42130184,9.964354362484504e-276,5.718109354048493e-275
Man2b2,35.478237,0.6780254,1.0648052528765292e-275,6.107890869583279e-275
Gclc,35.477615,0.58900523,1.0884985174507152e-275,6.241181226892465e-275
Mettl26,35.47666,0.536889,1.126077712239427e-275,6.453944976896129e-275
Smpdl3a,35.4637,0.7618799,1.7839804974767545e-275,1.022033234310625e-274
Hspa9,35.46019,0.95489365,2.020583526001157e-275,1.157097140622522e-274
Chmp2a,35.45777,0.28697184,2.2017526930508216e-275,1.2603167885085804e-274
Crk,35.45618,1.6865351,2.3293588983092542e-275,1.3328026332376172e-274
Sept5,35.455833,0.49136055,2.358305639943695e-275,1.3488009044847358e-274
Atp6v1c1,35.45491,0.44216955,2.4369914281674313e-275,1.3932214791049174e-274
Timm22,35.452053,1.6180589,2.696885130761393e-275,1.541157716805769e-274
Rbm42,35.451458,0.29977202,2.754285795248694e-275,1.5733023496251419e-274
Dnajc5,35.451145,0.23381609,2.785208524091284e-275,1.5903017355719545e-274
Cnot8,35.446,0.8657397,3.342879627572064e-275,1.907924829175625e-274
Cul3,35.445415,0.4033868,3.413151400724006e-275,1.9472192492657815e-274
Pde4dip,35.444256,1.5857351,3.5563490721199356e-275,2.0280681218198547e-274
Csnk1a1,35.44011,0.52957404,4.120053183949055e-275,2.3485505331597885e-274
Trabd,35.438416,1.1655737,4.374591040795874e-275,2.4926055201201495e-274
Gpatch2,35.43462,1.4955671,5.005278533659979e-275,2.8507781735860144e-274
Rab18,35.432514,0.5097996,5.3932059288831876e-275,3.070445090652689e-274
Vbp1,35.421356,0.9012403,8.010777422630938e-275,4.558775749250024e-274
Mycbp,35.40797,0.504252,1.287298099542461e-274,7.322712775059548e-274
Ap3b1,35.402355,0.42897752,1.570756488536941e-274,8.931432424425225e-274
Eps15,35.40116,0.55047375,1.6386502013362309e-274,9.313608272349525e-274
Pdzd11,35.39958,0.6148151,1.7331724107898903e-274,9.846752271521293e-274
Dpm3,35.393456,0.6159723,2.15309113499482e-274,1.2227375943128805e-273
Nufip2,35.392483,1.6085612,2.2283738405922898e-274,1.2649652249937553e-273
Trpm7,35.387997,0.5171149,2.612382306546372e-274,1.4823372631544248e-273
Nras,35.384895,0.7297925,2.9154257862841776e-274,1.6536062889853226e-273
Rad21,35.382217,0.9257917,3.2053398613112957e-274,1.8172894943379755e-273
Ptpn9,35.373127,0.7865838,4.422644196673284e-274,2.506409423518739e-273
Eif4e2,35.365543,0.3424169,5.784407927035088e-274,3.2767928087077392e-273
Epc1,35.36286,1.3057537,6.360361585602243e-274,3.6015712084103798e-273
Ube3b,35.348957,0.7352668,1.0402345037976083e-273,5.887916738175618e-273
Zfand2b,35.344025,0.77014816,1.2385308528848894e-273,7.007409769632131e-273
Cyp2c65,35.342453,1.0469631,1.3094128972811093e-273,7.405385182100566e-273
Smad2,35.34222,0.3704297,1.3202779478221053e-273,7.463745736447826e-273
Kbtbd11,35.338043,1.9180568,1.5303223161885166e-273,8.647585815652051e-273
Sema3c,35.33274,0.46171468,1.8460621627836908e-273,1.042746801985418e-272
Usf1,35.331352,1.3665993,1.938888959783306e-273,1.094727767342556e-272
Copg2,35.330055,0.37407097,2.0298672910500245e-273,1.1456225837849396e-272
Hipk1,35.329597,0.5163171,2.063159473413042e-273,1.1639317573813264e-272
Rela,35.329178,1.0634441,2.0938180804885306e-273,1.1807407113682745e-272
Plekha1,35.32431,1.4330409,2.487046761426357e-273,1.4019111484956898e-272
Zfc3h1,35.320263,1.2609644,2.8696531707695662e-273,1.6169141784208413e-272
Oas3,35.315826,1.0797231,3.3568533952943356e-273,1.8906495132063443e-272
Synj1,35.31498,1.6211274,3.4590684652564515e-273,1.9474170960223126e-272
Mfhas1,35.312992,1.2213846,3.710557333267673e-273,2.0881428614170957e-272
Rbbp6,35.311333,1.4036963,3.9346391355386005e-273,2.2133356716779253e-272
Eps8l2,35.30002,0.49594885,5.868941508457706e-273,3.3000729904670694e-272
Hps5,35.295444,0.37335327,6.89776418041743e-273,3.876980072634951e-272
Brox,35.294323,0.8054639,7.176839240184669e-273,4.0321806330947143e-272
Nceh1,35.293232,0.50804937,7.458398412276257e-273,4.188648800323524e-272
B4galt4,35.289513,0.46350828,8.505316063197297e-273,4.7746386356413396e-272
Tbl1x,35.285606,0.59527916,9.76377316065469e-273,5.4788509631494824e-272
Ywhag,35.28503,0.41980407,9.96388884519772e-273,5.588850695573373e-272
Ppip5k2,35.283726,0.66861296,1.0433432035348148e-272,5.84982300464887e-272
Arfgap1,35.279713,0.9516932,1.2022356181500398e-272,6.73793937631221e-272
Caskin2,35.276806,1.4187795,1.3322479471622859e-272,7.463535713823949e-272
Map3k2,35.271664,0.62937754,1.597431814146029e-272,8.945487329421353e-272
Dcbld1,35.27141,0.7932074,1.6116091856370895e-272,9.021185269581333e-272
Dmxl1,35.268852,0.7929539,1.7638952685433304e-272,9.869585841788069e-272
Pccb,35.268433,0.50838137,1.7902121055406993e-272,1.0012740508494505e-271
Slc25a13,35.262985,0.44923714,2.1697013018473713e-272,1.2130280172838433e-271
Fasn,35.261814,0.58894604,2.2613942353101663e-272,1.2637746697125673e-271
Exosc9,35.258106,0.7276287,2.5776522443120942e-272,1.4399262435035903e-271
Fam83g,35.253952,1.3141925,2.984425530355519e-272,1.6664768937366974e-271
Ndufs7,35.25328,0.55657935,3.05605869199997e-272,1.7057796984938608e-271
Vps37a,35.251984,0.81193954,3.199134220991488e-272,1.784910667974647e-271
Eif3l,35.246284,0.48474538,3.91132324169814e-272,2.1813762369584855e-271
Plcd1,35.245132,1.2336509,4.073454453102265e-272,2.2708719790531378e-271
Denr,35.24393,0.84891003,4.2501557489447254e-272,2.368414012502817e-271
Il10rb,35.240887,0.448105,4.7319104050052556e-272,2.635799380384801e-271
Ebp,35.239967,0.32682338,4.887588179683798e-272,2.721407506399672e-271
Pyroxd1,35.238632,1.1247364,5.123209178233648e-272,2.851440191792639e-271
Cct7,35.234554,1.762,5.915775147202893e-272,3.2912215271765486e-271
Tbrg1,35.2292,0.5799555,7.145620101569722e-272,3.973824924317444e-271
Tspan31,35.22664,0.30455172,7.820645965364637e-272,4.347452584404935e-271
Plekha7,35.226357,1.2057868,7.89859125082072e-272,4.388997779560071e-271
Papss1,35.218464,0.4138615,1.0432479113628981e-271,5.794644674202938e-271
Shroom3,35.20891,0.5769116,1.4606760427544929e-271,8.109924841521595e-271
Dhrs1,35.20532,1.1697896,1.6577894357853983e-271,9.200596807778134e-271
Tusc2,35.20484,0.73899406,1.6858734075465837e-271,9.35266484713977e-271
Trappc13,35.199066,0.95208573,2.066346869734957e-271,1.1458756465379373e-270
Mbd2,35.186512,0.82968,3.2156270746881566e-271,1.7824767023251132e-270
Ehbp1l1,35.186054,1.9703398,3.2676027520304526e-271,1.8105537939228704e-270
Vps26c,35.17908,1.097487,4.1772995990150146e-271,2.313672418652504e-270
Mindy3,35.178776,0.72096556,4.222419128547355e-271,2.3377158535581003e-270
Fam189a2,35.177036,0.73908377,4.489208016366481e-271,2.4844160106763103e-270
Cog6,35.168533,0.46265942,6.055743054512736e-271,3.3500115805202944e-270
Krcc1,35.160057,0.41052705,8.160120940165652e-271,4.512319201648415e-270
Eif1ax,35.15643,0.9342382,9.271335697843219e-271,5.124717690703558e-270
Max,35.151703,0.29262978,1.0948056432083268e-270,6.0490776447975235e-270
Relb,35.145443,0.60449356,1.3645034810939635e-270,7.536181382859431e-270
Tet3,35.1452,0.3209909,1.3763392984364649e-270,7.59848199681819e-270
Thap4,35.141087,0.4622162,1.5905212064711422e-270,8.777392049432151e-270
Ss18,35.13543,1.3524387,1.940444468960285e-270,1.07041460722194e-269
Kmt5c,35.134247,0.5761489,2.022994262922499e-270,1.1155018768332731e-269
Ufsp2,35.12345,0.9016482,2.9567171324642774e-270,1.6297100679745665e-269
Vkorc1l1,35.123066,0.57846856,2.996878265567981e-270,1.6511809138453722e-269
Ang,35.121475,0.7085071,3.169415343370382e-270,1.745539863898106e-269
Ramac,35.11462,1.1858428,4.032686374790242e-270,2.2200880102760288e-269
Mtmr6,35.114113,0.40026206,4.105294008801321e-270,2.259150727177387e-269
Brd7,35.1138,1.0484912,4.150944370021517e-270,2.2833533491570494e-269
Sept8,35.113068,0.60846585,4.25908729095787e-270,2.341898620983067e-269
Rab5b,35.11275,0.81993145,4.306446397375845e-270,2.3669877204226156e-269
Thumpd3,35.10803,1.0081025,5.0842186116388935e-270,2.793358357338765e-269
Srp72,35.107853,1.4714496,5.115830524570748e-270,2.809597687690963e-269
Tnfaip1,35.100315,0.1986918,6.6664207768791764e-270,3.659707110550893e-269
Rit1,35.099586,1.3372062,6.839458195708245e-270,3.7531938533832364e-269
Znhit1,35.09574,0.6889464,7.828551481001673e-270,4.2942415364098625e-269
Snx15,35.0953,0.33488843,7.950764081224912e-270,4.359530826413419e-269
Pigt,35.082943,0.5475639,1.2271248509899406e-269,6.725824584083141e-269
Srp19,35.082615,0.87913454,1.2412775442596187e-269,6.800669237880723e-269
Trappc3,35.082043,0.516417,1.2664648276566258e-269,6.935885670085846e-269
Itih5,35.07887,0.6079432,1.4157080587347364e-269,7.750123179822867e-269
Kpna1,35.071198,0.7787431,1.853219503021301e-269,1.014116714838587e-268
Cptp,35.068157,1.4449646,2.062025387096217e-269,1.1279278867416308e-268
Nfkb2,35.062332,0.86934257,2.5298373323298225e-269,1.3832677136989335e-268
Ripk1,35.060272,0.3780084,2.719449794695453e-269,1.486349957732227e-268
Chp1,35.05475,0.9135943,3.3007333695117995e-269,1.8033371485447008e-268
Kmt5b,35.050922,1.1351954,3.7752099704712756e-269,2.061741068138766e-268
Gbf1,35.041374,0.28282055,5.276434574446624e-269,2.880448814593117e-268
Gpr160,35.028866,1.072464,8.181216600707195e-269,4.464410894440179e-268
Znrd1,35.025593,0.85971016,9.175917977740881e-269,5.005212538715858e-268
Abca3,35.02002,1.1495641,1.115563111950627e-268,6.082665692155034e-268
Bag1,35.019447,0.83835495,1.1381587426534415e-268,6.203396096367402e-268
Stard5,35.00864,0.6644519,1.6622559090211716e-268,9.056314564089451e-268
Pard3,34.994015,0.780868,2.7745786637081593e-268,1.5110459269696965e-267
Dcaf13,34.988956,0.33230203,3.312336085580566e-268,1.8031925147418088e-267
N4bp2l2,34.985687,1.0021635,3.7139567141482456e-268,2.020895716728976e-267
Scaf1,34.98568,0.27809197,3.715196951997547e-268,2.020895716728976e-267
Pigp,34.98281,0.4826433,4.107274729075025e-268,2.233279599208786e-267
Zbtb44,34.977272,0.9633833,4.986404556601002e-268,2.7102178979140976e-267
Bak1,34.97498,0.6693163,5.402754320204573e-268,2.935346258593466e-267
Ttc4,34.973366,1.2984459,5.717225511180647e-268,3.1049665951308716e-267
Usf2,34.97043,0.48321208,6.336201521240165e-268,3.4397600556950875e-267
Gosr1,34.967434,0.32249057,7.036204744141252e-268,3.8182579315925247e-267
Acp6,34.9623,0.332119,8.420550898493671e-268,4.567672889206702e-267
Coq7,34.959827,1.3367869,9.182112409944644e-268,4.978802030372443e-267
Bbip1,34.955162,0.38348433,1.0809174308790284e-267,5.8587181400201004e-267
Slc16a5,34.95304,0.6367518,1.1641979571779073e-267,6.30760977195241e-267
Uba2,34.952156,0.7184532,1.20087961385248e-267,6.503773750270362e-267
Asb8,34.948032,1.1632191,1.3871192312058872e-267,7.509443977331951e-267
Ccdc90b,34.947487,0.74982774,1.4139775012390208e-267,7.65181730488469e-267
Pex14,34.9458,0.81571275,1.4997096687414041e-267,8.112551313306449e-267
Ngef,34.94367,0.6818945,1.615897922296504e-267,8.737605412180581e-267
Med30,34.942574,0.619604,1.6790712579572668e-267,9.07561243184412e-267
Slc35a2,34.942413,0.5747094,1.688335469826802e-267,9.122081212912491e-267
Arl6ip5,34.93921,0.2681761,1.8885030921892328e-267,1.0199557577285844e-266
Slain2,34.933857,0.3097411,2.2771259241580355e-267,1.2293603242345493e-266
Pcna,34.92685,0.6485605,2.9095973734940323e-267,1.570195109807849e-266
Uckl1,34.92149,1.0004885,3.508697283848607e-267,1.892758791188548e-266
Amdhd2,34.91872,0.73342395,3.8656890199682903e-267,2.084514879655614e-266
Isx,34.911648,0.8911486,4.94915505722257e-267,2.6677057708915506e-266
Timm44,34.91082,0.81578106,5.094287278844496e-267,2.7448533702993887e-266
Bpgm,34.909687,0.415206,5.299874578682414e-267,2.8545011761907055e-266
Ptpmt1,34.90587,0.27838326,6.056344690573439e-267,3.2606501434484956e-266
Sirt2,34.901577,0.6323048,7.036325650494621e-267,3.786767149567648e-266
Eif5a,34.889362,0.4245283,1.0779977238423425e-266,5.799220642621571e-266
Arfgef1,34.880093,0.5482371,1.4898950225502892e-266,8.0119207366792e-266
Zmiz2,34.872044,1.2815108,1.9731323521497993e-266,1.0606361995144852e-265
Ddx47,34.87142,1.3480736,2.0164476957813067e-266,1.0834939976349457e-265
Uba7,34.86577,2.4368799,2.456127403473826e-266,1.3192278964063067e-265
Pnkd,34.864548,0.6969493,2.562993858910172e-266,1.376087201436851e-265
Snrnp70,34.856712,0.7034089,3.368832174423473e-266,1.8080368911005097e-265
Ccndbp1,34.854836,0.48489466,3.5969902802549854e-266,1.929730956551076e-265
Commd3,34.854046,0.6127084,3.697066738313425e-266,1.9826426528014147e-265
Ube2b,34.852745,0.50724155,3.868794097353506e-266,2.073922355206162e-265
Casp6,34.850445,1.3172928,4.1920260608516035e-266,2.246314905256492e-265
Pygb,34.850235,0.48490128,4.222811940674883e-266,2.2619253148738357e-265
Gtf2h1,34.847168,0.81385326,4.699746159886054e-266,2.516406763368903e-265
Entr1,34.84523,0.62698233,5.0279742684851114e-266,2.691097773836943e-265
Rpia,34.842003,0.79158896,5.62748066627778e-266,3.010790223448695e-265
Ehd4,34.83755,1.169685,6.572231074433254e-266,3.5148713313599823e-265
Mta3,34.83532,0.8076818,7.10393936694118e-266,3.797747100974224e-265
Cacul1,34.834496,0.67282844,7.311190906246334e-266,3.907015851618547e-265
Hnrnpul1,34.834305,0.42420885,7.359352232711892e-266,3.931216475872465e-265
Mink1,34.832317,0.80952626,7.887537975021511e-266,4.211717368544286e-265
Sdhb,34.825333,0.7920686,1.0062769721719194e-265,5.371130989247072e-265
Eif3k,34.82358,0.49185196,1.0695555508446156e-265,5.706661005774529e-265
Ing1,34.81882,1.1679423,1.2625738574496382e-265,6.733891380898518e-265
Tsn,34.816364,0.7510566,1.3753594576907538e-265,7.332569428429263e-265
Anxa11,34.812664,0.75215805,1.5647286236210015e-265,8.33891813250865e-265
Mcrs1,34.81189,1.4329998,1.6075418980667765e-265,8.563745795116154e-265
Tmem41b,34.808018,0.86621654,1.8396647856765476e-265,9.796501535874918e-265
Wdtc1,34.804676,0.32117257,2.066647611659979e-265,1.1000936586006312e-264
Pdk2,34.80233,0.23711579,2.2427869930889857e-265,1.1933895770619408e-264
Kif13a,34.800396,1.4671541,2.3988157431420493e-265,1.2759161916556797e-264
Bach1,34.794823,1.0249788,2.912949153048058e-265,1.5487783696707698e-264
Tmco3,34.791485,0.7219903,3.2719410130100003e-265,1.7389737020175574e-264
Fam102b,34.78993,0.9738228,3.4538988029431115e-265,1.834967604127702e-264
Acp5,34.785385,0.64585215,4.0458852589472754e-265,2.148640035576854e-264
Trim41,34.78339,1.0865189,4.33727937014588e-265,2.3024959389264327e-264
Gnaq,34.782074,0.8261508,4.5405875610138376e-265,2.409489130650533e-264
Atxn7,34.771465,0.9447352,6.568516156281271e-265,3.4842691403082383e-264
Fam135a,34.771427,0.216036,6.576695174851757e-265,3.487255002562923e-264
Hnrnpab,34.765617,0.31833583,8.050149231882041e-265,4.266891114185539e-264
Nup50,34.763752,0.463135,8.590322243650785e-265,4.551439623476346e-264
Nudcd3,34.76329,0.91320485,8.728940693871552e-265,4.62309310568139e-264
Trim14,34.762554,0.31496975,8.956285219841435e-265,4.741664745696153e-264
Slc35b2,34.752605,0.41711283,1.2659560649922966e-264,6.699670738687947e-264
Tpp1,34.737976,0.32066482,2.105372070635588e-264,1.1137703313710509e-263
Gnpat,34.737293,1.3684944,2.1560520926202734e-264,1.1401396893496611e-263
Elk4,34.72651,0.57934374,3.136686177323868e-264,1.6580666205993e-263
Unc93b1,34.724068,0.95946926,3.414131730377794e-264,1.8040282617046496e-263
Polr2j,34.718487,0.5341902,4.1451430751015515e-264,2.189448881885427e-263
Antxr2,34.71448,1.3151289,4.764017579906257e-264,2.515364494409964e-263
Mrtfb,34.7073,1.7051305,6.114220777501502e-264,3.22701540456708e-263
Ndfip2,34.703987,0.2665054,6.859482728242677e-264,3.6189593483301934e-263
Ktn1,34.700264,0.6856551,7.805869445468223e-264,4.116670446077052e-263
Cgrrf1,34.69935,1.2632753,8.058015642488778e-264,4.2480094028926e-263
Ankrd52,34.697144,0.4770229,8.699318582477173e-264,4.584322990958587e-263
H3f3b,34.695946,1.9557288,9.069201219269608e-264,4.777400873401844e-263
Pum1,34.69399,0.6045905,9.706981488082016e-264,5.111396682692398e-263
Arhgap21,34.692924,0.2783881,1.0072037189956232e-263,5.301582316114375e-263
Blcap,34.692493,1.4207711,1.0224918211303761e-263,5.379982937267369e-263
Otub1,34.67663,0.20448332,1.7733776861713712e-263,9.327284560920578e-263
Alkbh5,34.670475,0.36143044,2.195491119922848e-263,1.1542999256034197e-262
Fermt1,34.665962,2.1755111,2.567634185579999e-263,1.349438796610549e-262
Stoml2,34.654613,1.0082661,3.806462378896896e-263,1.9997454103501746e-262
Edem3,34.654034,0.80789435,3.884035102251276e-263,2.0397150546576881e-262
Rabif,34.649418,0.99255705,4.5578533016312026e-263,2.392654276384134e-262
Atp9b,34.624435,1.2307817,1.0836520251554686e-262,5.686470239447826e-262
Seh1l,34.624035,1.0555428,1.0987963248043996e-262,5.76372832439592e-262
Sbno1,34.621147,0.71051645,1.2144015016334544e-262,6.367691922867136e-262
Sash1,34.6201,0.44016424,1.259350362415248e-262,6.600849446542168e-262
Plpp6,34.586018,1.2365285,4.099513178591343e-262,2.147925008323242e-261
Nek7,34.581802,0.44146767,4.7433943632399845e-262,2.484332359912171e-261
Pbrm1,34.57332,0.88096106,6.362675682484111e-262,3.3311481607186147e-261
Arid1b,34.570656,0.4470932,6.976765454478997e-262,3.651254021814018e-261
Mid1ip1,34.567356,0.65035594,7.819754608174464e-262,4.09086244325883e-261
Pdia6,34.56528,0.99844545,8.402139487282646e-262,4.3938530588371e-261
Nck2,34.555317,1.5051417,1.1858884910594968e-261,6.199168622033111e-261
Ccdc9,34.5527,1.2152804,1.2983534550221043e-261,6.7844797468197465e-261
Dpagt1,34.54922,0.6076926,1.464289740683791e-261,7.648648664572514e-261
Gpt,34.538563,0.91404164,2.116712595929632e-261,1.105232712842219e-260
Sfswap,34.531452,1.4944214,2.7064992621689054e-261,1.4126479927541902e-260
Snrpd2,34.530544,0.7165286,2.7925731384304442e-261,1.4570178431147016e-260
Spg21,34.524776,0.55659354,3.408673075266527e-261,1.7777881122909898e-260
Rasa2,34.52407,1.0478024,3.4928055337150393e-261,1.8209727668148365e-260
Chd8,34.52314,1.4754347,3.6068316637755908e-261,1.879703620508049e-260
Rnf152,34.521694,1.6236935,3.7914345473019144e-261,1.975156854642045e-260
Cnot2,34.51323,0.6481549,5.079800545224863e-261,2.6453264453903275e-260
Rpf1,34.511814,1.4079396,5.334442111151903e-261,2.7768746048725647e-260
Desi1,34.511375,0.7149349,5.4158789734039115e-261,2.818194252713032e-260
H2afv,34.511116,0.5474919,5.46425619166788e-261,2.842286170447252e-260
Exoc3,34.505302,0.39772815,6.678928317134355e-261,3.472788773262825e-260
Samd4b,34.498264,0.6093126,8.516825943534173e-261,4.426742484904211e-260
Slc30a7,34.49451,1.1717533,9.695626774763645e-261,5.0375264492740445e-260
Liph,34.49212,0.23967928,1.0529912736436092e-260,5.468915938882019e-260
Gfm1,34.486828,0.43133673,1.2640446942164296e-260,6.562570688462292e-260
Rflnb,34.48424,1.0371544,1.3820806778444074e-260,7.17265778729498e-260
Vrk3,34.484035,0.4994543,1.391894637124331e-260,7.220849454732635e-260
Scin,34.465237,0.6061605,2.6624225491527577e-260,1.3806836693084553e-259
Tmem164,34.464077,0.24171174,2.7712055067634506e-260,1.436551755306679e-259
Pten,34.46156,0.58043426,3.022585609323703e-260,1.566269731242957e-259
Sh3gl2,34.459057,0.80845195,3.294851107315057e-260,1.7067079125959622e-259
Srsf3,34.45248,0.8342618,4.133708747528333e-260,2.1404190504524782e-259
Ppp1r10,34.448555,0.5245262,4.732966936150613e-260,2.449785119298245e-259
Scamp1,34.422363,0.43971917,1.1672651176562118e-259,6.039481832746386e-259
Prkar2a,34.42222,0.42093766,1.1730312947581067e-259,6.067020785104806e-259
Gprc5a,34.42218,0.77865016,1.1745737428250424e-259,6.072701676042515e-259
Lrrc75a,34.421463,0.9524671,1.2040705497181666e-259,6.222851386015091e-259
Phf14,34.420177,1.4659501,1.2585667867160019e-259,6.502040350714517e-259
Vipas39,34.419865,0.61565536,1.2721797885257992e-259,6.569886181302984e-259
Acot13,34.417927,0.34945,1.360015544746586e-259,7.020842798946609e-259
Pdia3,34.414543,0.5144321,1.5280872105865553e-259,7.885506643309866e-259
Ypel3,34.412724,0.37284127,1.6268823039056913e-259,8.392159753266815e-259
Bmpr1a,34.410965,0.19850528,1.7285075581177876e-259,8.913024455980673e-259
Rap2c,34.408867,1.5910304,1.858009897482682e-259,9.577190104815559e-259
Gpc4,34.408707,0.3899666,1.8682580222813393e-259,9.626386004030638e-259
Pdzd8,34.40604,0.3589102,2.048011025797835e-259,1.0548606695964367e-258
Prpf8,34.40544,0.41471907,2.0906469938809776e-259,1.0764155738449687e-258
Capn2,34.404068,0.49922666,2.1920516607195153e-259,1.1282012216913576e-258
Pak1ip1,34.402363,0.5242118,2.3245528748900536e-259,1.195946597596745e-258
Sin3b,34.39992,0.28859797,2.528373615899954e-259,1.3003200149466668e-258
Kmt2e,34.39089,0.80851465,3.450504744697556e-259,1.7738967061556045e-258
Zfyve21,34.390205,1.5606924,3.5324363001229807e-259,1.8153350771958571e-258
Ttc17,34.37971,1.5474156,5.0693389281002117e-259,2.604177680006401e-258
Sdha,34.378307,1.0107471,5.31983173731979e-259,2.7318324824576844e-258
Plce1,34.376637,1.1681682,5.634674010718764e-259,2.8924236898115277e-258
Snu13,34.37657,0.4944842,5.647629281957897e-259,2.8979861324868385e-258
Limd1,34.37372,1.4030657,6.229698146398425e-259,3.195465947186739e-258
Srrm2,34.370113,0.33157462,7.052679166411265e-259,3.6162500037748047e-258
Alg10b,34.36497,0.7593982,8.416521464247055e-259,4.313940443162612e-258
Slc30a9,34.363262,0.7116977,8.926137625555886e-259,4.573433197057952e-258
Dennd1b,34.360878,0.54253465,9.68878841231939e-259,4.962328896571822e-258
Psme2b,34.360744,2.1181743,9.734170150767628e-259,4.983705608826182e-258
Numa1,34.358303,0.393495,1.058573618431141e-258,5.417662511993208e-258
Cachd1,34.342896,0.64113903,1.7980462293734945e-258,9.198758767932113e-258
Pdxdc1,34.337242,0.44659963,2.1835767498668115e-258,1.1166945420504354e-257
Myo10,34.330452,0.22541787,2.757343651872097e-258,1.4095953061439597e-257
Cd2bp2,34.326725,1.6599807,3.134182945219855e-258,1.6016424430448999e-257
mt-Nd3,34.32254,1.8300694,3.618634487225448e-258,1.8485179907660815e-257
Usp6nl,34.32157,0.970892,3.7412735978287083e-258,1.9104524439995365e-257
Gtf2b,34.320942,0.555288,3.8230350399168246e-258,1.9514745864450385e-257
Sec61a1,34.317917,0.27496624,4.241663183412367e-258,2.164356120640452e-257
Pdlim5,34.31694,0.5457869,4.386115887479951e-258,2.237229942606801e-257
Esyt1,34.308475,0.83697814,5.865908760967284e-258,2.9909135833791056e-257
Hnrnpf,34.30503,0.90692997,6.602960184174045e-258,3.3654670338643335e-257
Slu7,34.298958,0.88848877,8.133333818329507e-258,4.1439396410453054e-257
Akap10,34.2975,1.2363195,8.550341222727267e-258,4.354782727031485e-257
Ptpn12,34.29195,1.4772317,1.0344554315821199e-257,5.2666336660035334e-257
Add3,34.289722,0.5326495,1.1166031896907734e-257,5.682749765173548e-257
Tfam,34.28063,1.0869616,1.5256939013604958e-257,7.761854204280052e-257
Imp4,34.278824,0.9846294,1.6230095224568872e-257,8.253869549869072e-257
Psmb6,34.275196,0.6680194,1.83829341449605e-257,9.345227674064492e-257
Oard1,34.27409,1.206886,1.9092310373424575e-257,9.702242451006357e-257
Tspan15,34.262768,0.61871535,2.8153108436775003e-257,1.4301402595575714e-256
Zc3h4,34.252846,0.5804725,3.9561174736569175e-257,2.008908520321513e-256
Sec24b,34.251972,0.7326002,4.076236907641812e-257,2.0691365891611648e-256
Lamtor2,34.247902,0.5836984,4.686414207462824e-257,2.377985687831322e-256
Nup98,34.231388,0.39686432,8.25287834301876e-257,4.1861317262901164e-256
Snrnp27,34.21864,0.6854157,1.2773296464773128e-256,6.476634377299686e-256
Tmem102,34.211338,0.42181528,1.640069889877857e-256,8.312807911074757e-256
Pank3,34.210354,0.63656956,1.696301249637619e-256,8.594634897663743e-256
Ufd1,34.209366,0.9723329,1.7546020639950045e-256,8.88673452782655e-256
Clasp1,34.20158,0.9485036,2.2905428424761937e-256,1.1596880181733414e-255
Ube2l3,34.19809,0.31171834,2.5811886887266213e-256,1.3063565994943208e-255
Sh3bgrl2,34.19445,0.44998863,2.923906540100207e-256,1.47926089292898e-255
Grsf1,34.180473,0.48704174,4.716956042222423e-256,2.385516785406495e-255
Bclaf1,34.17181,0.641868,6.343876163941136e-256,3.2071166928611844e-255
Otud7b,34.170853,1.1127764,6.554710848662733e-256,3.3124785977628553e-255
Scyl1,34.155437,0.5309391,1.110416930717651e-255,5.609512939624631e-255
Rab3gap1,34.154667,1.2779025,1.1399405854545514e-255,5.75653157536595e-255
Pcmtd2,34.152157,1.0415907,1.242176546500768e-255,6.270492533554079e-255
Prpf40a,34.14453,0.22015655,1.611921645350312e-255,8.133958856149637e-255
Irak1,34.138737,0.697866,1.9649319402613161e-255,9.911635663251014e-255
Wdr48,34.134174,1.0318736,2.296228578767472e-255,1.1575187356160175e-254
Slc25a46,34.134174,0.9753865,2.296415597606037e-255,1.1575187356160175e-254
Cnep1r1,34.119694,1.0452877,3.7656787080449064e-255,1.8974081183682423e-254
Prkag1,34.115665,0.26634863,4.320705070283185e-255,2.1762667342954903e-254
Scamp5,34.111874,0.27108866,4.91847301162626e-255,2.47644029580225e-254
Hspa4,34.106014,0.96201074,6.007668440333994e-255,3.0237344836793287e-254
Acad11,34.087772,0.6080077,1.1195097538259078e-254,5.632559191894514e-254
Marc2,34.083004,0.50640863,1.3173542028368924e-254,6.6255309760185734e-254
Msl1,34.082447,1.438921,1.3425528936384716e-254,6.749783389891948e-254
Zdhhc20,34.07978,0.42634583,1.4703267726705529e-254,7.389459248904746e-254
Atg12,34.07476,0.7212138,1.7449357086695578e-254,8.766346736244013e-254
Ttc22,34.073204,0.86658406,1.8400747994253103e-254,9.24091916347452e-254
Scaf4,34.066433,0.7151813,2.317915675224761e-254,1.1636379169859988e-253
Snrpe,34.06284,0.95545,2.6201571508531137e-254,1.3148862032262873e-253
Tcta,34.06025,1.5786936,2.86192156824025e-254,1.4356851594161928e-253
Nadsyn1,34.05709,0.2639832,3.1875350983781993e-254,1.598443068218624e-253
Herc6,34.0551,1.6259339,3.411313287457238e-254,1.7100333286648728e-253
Mdm2,34.053394,1.4889294,3.615364959076069e-254,1.811656863882933e-253
Cpsf7,34.05327,1.3517846,3.630967235045866e-254,1.8188086790934882e-253
Slc35f5,34.050953,0.6216735,3.929339902542261e-254,1.9675475345025786e-253
Sbno2,34.050816,0.20294516,3.947578598244947e-254,1.9759567105051114e-253
Foxo4,34.050438,0.9634603,3.998903254455359e-254,2.000914819051483e-253
Gatad2b,34.04827,0.32593045,4.305041289630882e-254,2.1533079603402454e-253
Kbtbd2,34.047993,0.5509241,4.346155038366045e-254,2.173077519183022e-253
Dnajc7,34.039734,0.33738586,5.758893741124554e-254,2.878394441150522e-253
Ppme1,34.034676,0.6363463,6.841422154325323e-254,3.418211470968169e-253
Slc35f6,34.033382,1.4096497,7.149836779224905e-254,3.571001386263717e-253
Tlr3,34.03152,0.35919124,7.617948458062897e-254,3.8034116525743013e-253
Auh,34.03066,1.1533533,7.844552207613825e-254,3.9151186656612794e-253
Smim6,34.024364,0.83489454,9.719726845178183e-254,4.849225268435303e-253
Acad9,34.01224,1.061472,1.4687132446277196e-253,7.324818971657208e-253
Nt5c,34.009274,0.51472133,1.624852331490649e-253,8.100567128375729e-253
Syk,34.007164,0.4418006,1.745826847161484e-253,8.700503693488811e-253
Tmub2,34.006783,0.31527743,1.7686395730310222e-253,8.81098220808715e-253
Nisch,34.00147,0.34069377,2.1190651028396416e-253,1.0552882476814311e-252
Ttc9c,34.00124,0.58806396,2.1356331029693577e-253,1.063151899639824e-252
Get4,33.999233,1.1238368,2.2867931361644147e-253,1.1379874867921532e-252
Ptpa,33.996,0.7310152,2.5526851304953646e-253,1.2698424576036416e-252
Atp11a,33.995804,0.86778283,2.569720397550785e-253,1.2778518704184357e-252
Gba,33.99167,1.0719512,2.957779550341672e-253,1.470288453323241e-252
Fbxw2,33.987976,0.96171445,3.3539615478293844e-253,1.6666215176804807e-252
Rab40c,33.981083,0.7188285,4.239997994589947e-253,2.106137761569834e-252
Txndc17,33.978226,0.6985032,4.672860404905483e-253,2.3203110398359654e-252
Pkig,33.975925,1.0634289,5.0526936890038523e-253,2.5080067585164313e-252
Plek2,33.97586,0.68068737,5.0641755287356044e-253,2.512793917106654e-252
Abhd14b,33.975277,0.40906587,5.165341430383184e-253,2.562061808505261e-252
Sumf1,33.966232,0.6576554,7.025661273746382e-253,3.483535820104488e-252
Dcp2,33.961678,0.8183171,8.201775406536705e-253,4.0652148852623932e-252
Osbpl7,33.956825,1.5117463,9.672035844891786e-253,4.792213412278811e-252
Tardbp,33.956528,1.1734703,9.770487076507048e-253,4.839239796133063e-252
Smc6,33.955788,0.62336326,1.0019800182011783e-252,4.960925687509454e-252
Minpp1,33.952072,0.60430014,1.1367769505502249e-252,5.626284762495232e-252
Ubac2,33.95084,0.61187774,1.1853972279616936e-252,5.864799961062286e-252
Ppara,33.94845,0.82787246,1.2858309840404842e-252,6.359399170616138e-252
Prkaa2,33.948273,0.4737875,1.293456643294829e-252,6.39480101122805e-252
Gpaa1,33.941853,1.0731722,1.6088369772105302e-252,7.95115491989664e-252
Nipal2,33.937447,1.1710981,1.8683964831800667e-252,9.23060762553736e-252
Ncoa6,33.9372,0.33477473,1.8843497978687312e-252,9.306061208326074e-252
Chd4,33.93592,1.3080539,1.9677738717009216e-252,9.714551514624585e-252
Gdpd1,33.92824,0.39392015,2.5542549192081776e-252,1.2605354031097737e-251
U2surp,33.92194,0.5939354,3.163558721818754e-252,1.5606661443315822e-251
Tmem30a,33.921062,0.3038006,3.259201082100347e-252,1.6072691957346646e-251
Sbf2,33.909767,0.3677748,4.782531962381876e-252,2.3576468848439853e-251
Asah1,33.89656,0.22423731,7.486599830883145e-252,3.689342439182955e-251
Slc25a20,33.891342,0.8853324,8.936468175134537e-252,4.402240716677406e-251
Sfxn3,33.891277,1.0704532,8.956000803497831e-252,4.410274072302226e-251
Atp1b3,33.88844,1.4168122,9.860611558584354e-252,4.853990751030995e-251
Arnt,33.887367,0.70536846,1.022599977573905e-251,5.032045589536938e-251
Cul2,33.88416,0.59972256,1.1401660905885687e-251,5.608550823308877e-251
Larp1,33.884094,0.40803227,1.1425652711782881e-251,5.618331565394854e-251
Spen,33.883156,1.9184241,1.1796409836735736e-251,5.7985587533199565e-251
Shtn1,33.880367,0.92944694,1.2965591148916396e-251,6.370983074431611e-251
Agpat4,33.87716,0.5049529,1.4455892806131998e-251,7.100730392379851e-251
Ctso,33.867958,1.3018174,1.9748270809992457e-251,9.696861878874213e-251
Tmem56,33.859123,1.0549204,2.6640246835166147e-251,1.3076287705344475e-250
Met,33.85746,1.2512885,2.8185608213533323e-251,1.3829859789022897e-250
Wdr13,33.84425,0.5168666,4.409857361516317e-251,2.1630128916332723e-250
Ppp2r5d,33.840603,0.31957966,4.989350963580622e-251,2.4463741278940484e-250
Eml4,33.837524,1.1397734,5.537935240187166e-251,2.7143822369017738e-250
Snx5,33.83641,1.3558185,5.750719127763311e-251,2.8176669320015506e-250
D1Ertd622e,33.83392,1.0417908,6.256921933463153e-251,3.0645919570239476e-250
Tpk1,33.830204,0.58166677,7.095459535683444e-251,3.474056897618013e-250
Ssbp3,33.8282,0.47914526,7.593228257658364e-251,3.716442248513892e-250
Pdcd6,33.82513,0.56999135,8.42574960264601e-251,4.122437417394783e-250
Kpna4,33.824024,0.78213596,8.747253185535236e-251,4.278207700722259e-250
Ccdc107,33.811855,0.17703657,1.3204783693680762e-250,6.456039220989789e-250
Hivep1,33.810513,0.6246197,1.381836245687458e-250,6.753613531013577e-250
Hnf4g,33.798935,0.5637946,2.0445331266296914e-250,9.988921224244742e-250
Gltp,33.79754,0.21840233,2.1434700529420483e-250,1.0468554633565181e-249
Ak2,33.795795,0.80027306,2.2736194979990483e-250,1.1100230858670827e-249
Msl2,33.794456,0.84963167,2.3790233334619178e-250,1.161068668275936e-249
Pgm1,33.792297,0.44336933,2.5593204118964688e-250,1.2486160054471713e-249
Setd1b,33.78814,0.69665504,2.945470446893359e-250,1.4364945920565864e-249
Memo1,33.7871,0.40288475,3.050842264046024e-250,1.4873535814912434e-249
Lpin3,33.78672,1.1928173,3.090448440520011e-250,1.5061255318642606e-249
Pcgf5,33.786266,0.88949597,3.1384015297205707e-250,1.528950513677549e-249
Ezh1,33.783775,1.5303792,3.4139556334076124e-250,1.6626012566541702e-249
Spag7,33.782593,0.6730947,3.5535005525525914e-250,1.7299437542241613e-249
Coq9,33.77935,0.24210015,3.9648602769926655e-250,1.9295183020595978e-249
Spag9,33.774845,1.2702518,4.6175792097194183e-250,2.2463676874035234e-249
Rpp21,33.76938,0.3731345,5.554235766021195e-250,2.7010730476650014e-249
Cebpzos,33.766354,0.5899876,6.152663565148039e-250,2.9910300125630797e-249
Aoc1,33.766182,0.6417903,6.187959002453104e-250,3.0071193801899856e-249
Psd3,33.763973,1.1138921,6.667248368011682e-250,3.238885308439068e-249
Rabgef1,33.761593,1.2185053,7.225994351832937e-250,3.5090721861262577e-249
Cops3,33.754246,0.4601416,9.2620872813691e-250,4.4962386784779e-249
Fam83f,33.751976,0.95885044,1.0000137863538115e-249,4.852799335836896e-249
Noct,33.74868,0.96231025,1.117824860902535e-249,5.422580692742876e-249
Macf1,33.746628,0.4000478,1.1980728002001756e-249,5.809803383949433e-249
Uxs1,33.740353,1.1087542,1.480859143651476e-249,7.178570999444854e-249
Map1lc3a,33.73123,0.2080957,2.0149452363179855e-249,9.764130441760614e-249
Eef2k,33.722546,1.1780566,2.7013563060694344e-249,1.3085741227594586e-248
Btbd1,33.71582,1.84586,3.3898852904039057e-249,1.6415255434232795e-248
Ctdsp2,33.71105,0.56586325,3.9822150917521983e-249,1.9276740311402234e-248
Mtx2,33.70998,0.29566038,4.127996056794028e-249,1.997535246873968e-248
Lzic,33.70924,1.3879098,4.2325568919250057e-249,2.0474076935647135e-248
S100a14,33.708195,0.8872065,4.384671815485121e-249,2.120239995642116e-248
Tomm40,33.70793,0.45081717,4.423635380694275e-249,2.138324985188908e-248
Nrbp1,33.704945,1.6863241,4.892645069067847e-249,2.3642021667668836e-248
Sec24a,33.704597,0.14550035,4.950031650819645e-249,2.391087348108748e-248
Sae1,33.695736,0.6004716,6.674903462989327e-249,3.223139295776096e-248
Spred1,33.69508,1.5425094,6.8241248605738e-249,3.2940313260976604e-248
Washc2,33.690617,0.9693332,7.932412215855408e-249,3.82765480069946e-248
Etf1,33.68694,0.33808035,8.979157656377189e-249,4.331216259293053e-248
Tet2,33.68581,1.0518713,9.327848479155467e-249,4.497825386193618e-248
Osbpl2,33.684433,0.41224906,9.771403331148532e-249,4.710043727650905e-248
Cln5,33.68366,1.3462172,1.002999945535526e-248,4.832989519097364e-248
Grina,33.682213,0.3186004,1.0530581507368662e-248,5.072409373485961e-248
Ubr2,33.67478,1.1584802,1.3527946024460325e-248,6.513896545228695e-248
Ndufb6,33.67025,0.55139333,1.5761501135947885e-248,7.586713411970691e-248
Hif1an,33.662407,1.2243743,2.0529253337240934e-248,9.878168169837078e-248
Ndufaf3,33.661823,0.8791805,2.0937229022728714e-248,1.0070932356166555e-247
Ankrd50,33.65194,1.4875461,2.920666526160775e-248,1.4043640909018494e-247
Eif2a,33.65065,0.42796174,3.0503311644455687e-248,1.4661960869523077e-247
Slc30a5,33.64495,1.0614738,3.695847636259316e-248,1.7758508933888318e-247
Rer1,33.644566,0.74798775,3.743925032683683e-248,1.7983201553196124e-247
Foxp1,33.63684,0.4654155,4.856321084788475e-248,2.3318184984017695e-247
Psmd5,33.634167,0.3710733,5.313906731831814e-248,2.5506379276167092e-247
Stau1,33.63352,0.8024668,5.430739606693718e-248,2.6058022498784768e-247
Prkcz,33.629425,0.82725644,6.23299344339533e-248,2.9896943296538457e-247
Bloc1s6,33.614548,0.6989789,1.0284187579667352e-247,4.931145341933767e-247
Pla2g10,33.606163,0.5414633,1.3634093746862025e-247,6.535094005900393e-247
Brd1,33.604156,1.0201945,1.4586368336147767e-247,6.989088542285239e-247
Elmo1,33.602333,1.1278435,1.5509049989023794e-247,7.428590493866913e-247
Gas2l1,33.59666,0.9811452,1.876937475378304e-247,8.98708682625991e-247
Dek,33.596268,0.5963405,1.9017756809396655e-247,9.102828994347192e-247
Bdh1,33.591717,0.5957272,2.2162267649074137e-247,1.0604234083313114e-246
Stx16,33.591312,1.1027809,2.2466307178823706e-247,1.0745951405051212e-246
Tcf12,33.584084,0.37976885,2.86480341812825e-247,1.3697967392623712e-246
Atg3,33.581062,0.47643024,3.170670161513213e-247,1.5155160593741066e-246
Sult2b1,33.57816,0.69284505,3.49597236427061e-247,1.6704200587491472e-246
Ctr9,33.576317,0.8699162,3.7190240643800075e-247,1.776376321355103e-246
Uprt,33.575672,0.9888654,3.800649535731846e-247,1.814730530765817e-246
Sub1,33.57554,1.1890427,3.817738661426403e-247,1.822253968412079e-246
Abhd13,33.570877,0.19144848,4.4649889795663685e-247,2.1304509523925364e-246
Dpm1,33.566204,0.73766094,5.224369164905911e-247,2.4919165793543193e-246
Top1,33.55717,0.22701919,7.075754295545442e-247,3.3738124125377934e-246
Dhx38,33.556747,1.4949373,7.17732064929039e-247,3.4210477476140145e-246
Rasa1,33.55611,0.48956838,7.332407792250788e-247,3.493751796481865e-246
Arl2bp,33.54828,1.3048007,9.538820964480173e-247,4.5434822949936035e-246
Stx12,33.544994,0.2628786,1.0650316173160751e-246,5.071137662533888e-246
Creg1,33.527794,0.31052867,1.8972799324877708e-246,9.030735494873048e-246
Ino80d,33.526047,1.2681217,2.0118578448795111e-246,9.57277523616121e-246
Mon2,33.519604,1.5341169,2.4972309005571395e-246,1.1878133066128307e-245
Cdk5rap3,33.49983,0.7646508,4.847255278999704e-246,2.3048058393713823e-245
Ap1ar,33.498882,0.4764032,5.003937259819363e-246,2.3784790416416334e-245
Lrpprc,33.49737,1.2564471,5.263621855726593e-246,2.5010433939215133e-245
Ids,33.494984,0.89079875,5.702486830576283e-246,2.7086317265762652e-245
Smap1,33.494095,0.17362271,5.875036365252518e-246,2.7896223019037565e-245
Hsd17b7,33.48887,1.0903791,6.999784102385505e-246,3.3225285525901348e-245
Lrrc47,33.488476,0.31544206,7.092116205700881e-246,3.365186992122122e-245
Ncoa1,33.488426,0.26490897,7.104594435032677e-246,3.3699385674322533e-245
Cnot7,33.487152,0.77684814,7.414295626223571e-246,3.515620412226329e-245
Phf23,33.482876,1.0170112,8.556955245500591e-246,4.05602644652411e-245
Sec11a,33.478893,0.22761308,9.778198709582892e-246,4.633294087094458e-245
Hkdc1,33.46815,1.6026437,1.4013847204928788e-245,6.638010409677907e-245
Polr2e,33.463512,0.48349977,1.636976041541832e-245,7.75126293908745e-245
Ndufa4,33.46158,0.45190027,1.7464818366853909e-245,8.266922504905753e-245
Cyhr1,33.45989,1.0833755,1.848194203672757e-245,8.74534800526815e-245
Gatd3a,33.456573,0.9454498,2.0652606865099783e-245,9.769090241447234e-245
Tollip,33.4554,0.89665735,2.148159404431124e-245,1.015770396113265e-244
Narf,33.45139,1.0228407,2.4566310715741964e-245,1.1612315901754973e-244
Hint2,33.449844,0.43345094,2.5870308348965523e-245,1.2224480534626936e-244
Pdha1,33.445698,0.49427062,2.972420247772388e-245,1.4040707042586323e-244
Ddb1,33.445415,1.1037105,3.0007823196815874e-245,1.4169785297529596e-244
Mzt1,33.440174,1.1347973,3.576356200748457e-245,1.6881833291417033e-244
G6pdx,33.43943,0.5064182,3.666211371570256e-245,1.7300013977302708e-244
Heatr5a,33.436077,1.035493,4.101754902097914e-245,1.9348567880713684e-244
Lims1,33.42759,0.58238256,5.448802074937855e-245,2.569392012923282e-244
Kmt2c,33.422153,0.99489444,6.535398807080076e-245,3.080716259456051e-244
Safb2,33.420895,1.4862857,6.8169943520251334e-245,3.212350026324731e-244
Emg1,33.417927,0.46290505,7.527896267547855e-245,3.5461240598937965e-244
Kat7,33.4056,0.52113116,1.1367733387227682e-244,5.353090704901465e-244
Mlxip,33.40514,0.12483688,1.154488027969271e-244,5.434638135104916e-244
Cpsf3,33.40505,0.3385464,1.157990084369521e-244,5.449247902186235e-244
Myo1a,33.388126,0.9434506,2.0388307105083652e-244,9.590990700447847e-244
Rnf126,33.384857,1.2443469,2.274300669648967e-244,1.0695000569962043e-243
Ints1,33.380142,0.6428131,2.662392246159639e-244,1.2515714666975959e-243
Gstk1,33.373196,0.4582238,3.357551738694823e-244,1.577818557616897e-243
Isca2,33.37243,0.66418666,3.444754724328729e-244,1.6182418706697138e-243
Dock7,33.372017,1.6927843,3.492258663385399e-244,1.6399944100891254e-243
Btnl1,33.370296,0.871622,3.698910221738249e-244,1.7364434357113132e-243
Cux1,33.36736,0.41425422,4.080459101070124e-244,1.9149031642805062e-243
Ece1,33.366577,0.2297853,4.188419107669023e-244,1.9648930119167714e-243
Ctsa,33.346397,0.48398328,8.21512469300952e-244,3.8526004861764467e-243
Nap1l4,33.339874,0.8189546,1.0213689786405361e-243,4.788214186804707e-243
Abcd3,33.339794,0.7779412,1.0241352418358889e-243,4.799537159734675e-243
Fbh1,33.33703,1.806048,1.12313464580236e-243,5.261687660619142e-243
Triap1,33.336185,0.6052276,1.1551177428500796e-243,5.409669566258506e-243
Magi1,33.33267,1.0604937,1.2990071343249786e-243,6.081452434746348e-243
Tbc1d10b,33.332592,1.3091543,1.302317416870034e-243,6.094863338705583e-243
Prrc1,33.325905,1.2130351,1.6276463490242422e-243,7.614801171025149e-243
Rab28,33.322342,1.1041874,1.833098124679603e-243,8.573056379956762e-243
Btbd9,33.319565,1.3864632,2.0109993275332283e-243,9.401851556928854e-243
Tra2a,33.31937,1.0034786,2.0239913162740678e-243,9.45935791184138e-243
Frmd8,33.313267,0.76641035,2.4809897910816364e-243,1.1591231770769176e-242
Itgb5,33.310844,0.9084369,2.689657784113595e-243,1.256184091453327e-242
Sgpp2,33.30475,0.21223746,3.296000226527749e-243,1.538846128295219e-242
Fbxo9,33.30386,1.2832243,3.3948890904200564e-243,1.5844746863991217e-242
Wwp2,33.294395,0.16184413,4.653887100833305e-243,2.1713376357521473e-242
Aimp1,33.291546,0.90478015,5.117328947215112e-243,2.3867487501080033e-242
Tmc6,33.28939,1.5058486,5.498743795427484e-243,2.563768203289152e-242
Cenpx,33.28686,0.8971876,5.982223826118085e-243,2.7882382693307707e-242
U2af1,33.275047,0.9246246,8.866424663450262e-243,4.131119498217456e-242
Cttnbp2nl,33.270344,0.72106844,1.037074872277038e-242,4.830381089369378e-242
Tial1,33.257866,0.28749543,1.5710583597286294e-242,7.315023176468848e-242
Ccdc58,33.249584,1.2094101,2.0698492715462413e-242,9.634169090672174e-242
Arap1,33.248142,1.0200604,2.171618897937314e-242,1.010441933626838e-241
Ndel1,33.24448,0.62979966,2.4530221172669848e-242,1.1409890290348985e-241
Fmn1,33.235847,0.82152164,3.2688402778270595e-242,1.5199384834847003e-241
Tmem230,33.228577,1.040033,4.163527405099042e-242,1.9352901857487903e-241
Epb41,33.217525,1.0927022,6.0126799826767445e-242,2.7938633626607027e-241
Sdhaf2,33.214733,0.7264278,6.596902783818925e-242,3.064288232633281e-241
Foxo1,33.212334,0.62386185,7.144944057493255e-242,3.317728692231588e-241
Ppt1,33.205982,0.85195833,8.82421046751498e-242,4.0960990544218375e-241
Asl,33.20232,0.37626535,9.96692374462152e-242,4.624963766803505e-241
Ubfd1,33.201286,1.2407749,1.0315569374756401e-241,4.785122496600875e-241
Eif1ad,33.197292,0.64806366,1.1779269984539638e-241,5.46224201555034e-241
Fkbp5,33.192307,0.5657534,1.3900983356641159e-241,6.443930420409079e-241
Sh3d19,33.189495,0.14042665,1.526268457098864e-241,7.072762165647903e-241
Ppp1ca,33.185547,0.16129832,1.7399945779290304e-241,8.060442362188174e-241
Pcgf3,33.184803,0.15413892,1.783516387423764e-241,8.259257229265145e-241
Cc2d1a,33.17924,0.80632055,2.1453484704628477e-241,9.931496389160271e-241
Thoc2,33.17261,1.3048433,2.6738682803435216e-241,1.237399280328178e-240
Cacnb3,33.170547,1.1383383,2.8635730185076476e-241,1.3247415774050093e-240
Brwd1,33.16969,2.107537,2.9463376175198557e-241,1.3625690537566463e-240
C1galt1c1,33.159863,0.19536906,4.0823526739986e-241,1.8872945509442483e-240
Smarcb1,33.15554,0.50839055,4.7120005494936484e-241,2.1776481079528772e-240
St13,33.15295,0.9870104,5.1355291652896677e-241,2.3725797748424394e-240
Sumo3,33.145065,0.12974313,6.67089664505272e-241,3.080868342488887e-240
Scand1,33.138298,1.116631,8.349979455227579e-241,3.855029339980997e-240
Anxa2,33.133797,0.97629,9.694265961126357e-241,4.474150759986599e-240
Neu1,33.12687,0.49985436,1.2197842647403362e-240,5.627715863807051e-240
Psmd10,33.12165,0.48175427,1.4500640205824182e-240,6.687900668284846e-240
Supt16,33.11934,0.9085072,1.5655938822396228e-240,7.218306250717074e-240
Acsf2,33.115803,0.70027804,1.7603858120474422e-240,8.11367575994229e-240
Elp5,33.1127,1.4920311,1.9509756087972154e-240,8.989080677325446e-240
Gmppa,33.10499,0.3854329,2.5190870971391584e-240,1.1602733598308518e-239
Mark3,33.10488,1.3662955,2.528057400257266e-240,1.164012961229566e-239
Git1,33.10486,0.7664761,2.529855286875153e-240,1.1644487057562342e-239
Mterf3,33.10186,0.95933825,2.7941514172596374e-240,1.2856669122148566e-239
Lztr1,33.10172,0.7882189,2.8072026760029357e-240,1.291237692376056e-239
Fam49b,33.09854,1.0943438,3.1191098005491447e-240,1.4342241601381828e-239
Ahcyl1,33.097366,0.19174872,3.2429459418217196e-240,1.4906650673751936e-239
Cgref1,33.097256,1.1055183,3.2547482264610286e-240,1.4955874326900056e-239
Klf9,33.094685,1.3896487,3.543959264519616e-240,1.6279356043770825e-239
Etfrf1,33.082165,0.760865,5.36502148478142e-240,2.4636221895361286e-239
Abr,33.0702,0.30010903,7.972627094805273e-240,3.6598078389211853e-239
Orc4,33.068687,1.1906335,8.382279258885526e-240,3.846566069304013e-239
Tmem147,33.064053,0.4373268,9.771797283715958e-240,4.481905251661157e-239
Prag1,33.06405,1.1618367,9.773339276382868e-240,4.481905251661157e-239
Pigs,33.0597,0.5454216,1.128586742354546e-239,5.173792726013549e-239
Kctd3,33.057827,1.6463003,1.200774675371758e-239,5.5028799214841795e-239
Pik3r1,33.049503,0.24867697,1.5813821998324719e-239,7.244690647473719e-239
Strn,33.039154,1.1361554,2.2268186090446945e-239,1.0198172966740186e-238
Mpp6,33.033783,0.5093995,2.659595283322872e-239,1.2176084867572908e-238
Panx1,33.0283,0.8563323,3.18792546082718e-239,1.4589986839629078e-238
Ggt6,33.02619,1.0837051,3.4184688307040293e-239,1.5639866597483307e-238
Srrt,33.0177,0.90807176,4.52572114940075e-239,2.0698741377276006e-238
Nfs1,33.012177,0.7289063,5.432404923712854e-239,2.4837224116273244e-238
Gclm,33.007805,0.4792423,6.276655415323494e-239,2.868758783574491e-238
Tnrc6a,32.99669,1.5102665,9.061487253092734e-239,4.1401883790859715e-238
St5,32.993324,0.41390395,1.0125346574436298e-238,4.6247199200205876e-238
Sdc1,32.979305,0.62538373,1.6085660736398924e-238,7.34462138798849e-238
Sgsm3,32.970604,0.47518617,2.1438647095549226e-238,9.785497297451124e-238
Clock,32.967533,0.43549186,2.372289406783325e-238,1.0824510389643633e-237
Abcf1,32.96477,1.0765684,2.598731164200476e-238,1.1853785413756341e-237
Slc35e1,32.960026,0.23424368,3.0392752861105738e-238,1.3858649395652582e-237
Sidt2,32.957153,0.96706694,3.3413790443102205e-238,1.5231119476980755e-237
Ptpn23,32.951847,0.5005402,3.9805527480972024e-238,1.8138640063388617e-237
Abl1,32.94985,1.1107935,4.251653068974035e-238,1.9367540212598245e-237
Gfer,32.94905,0.7318373,4.365120931581127e-238,1.9877798448009298e-237
Cops2,32.946613,0.31848502,4.730318802387355e-238,2.1533658329775992e-237
Adprm,32.946182,1.4378985,4.798108043636501e-238,2.1834984191923177e-237
Ampd3,32.94293,0.9278695,5.341590269744464e-238,2.4300148682220742e-237
Gpr89,32.93878,0.97104466,6.123964646923313e-238,2.785008864206063e-237
Slc2a13,32.933575,0.71005523,7.270673315763817e-238,3.3054008508334506e-237
Spint1,32.932426,0.647276,7.55134229037776e-238,3.431857953503352e-237
Srsf11,32.92904,1.3465221,8.443377499527193e-238,3.8359862892370225e-237
Galnt12,32.927094,0.32849,9.002439271848664e-238,4.0886202936742105e-237
Ptcd3,32.912617,1.0183598,1.4505570396440985e-237,6.585779388158382e-237
Exoc1,32.911766,1.4546119,1.4916831711558318e-237,6.770251365932957e-237
Ankrd9,32.911438,0.4558874,1.5080552612452987e-237,6.84228788902769e-237
Myo1e,32.90894,0.2089835,1.6374132396414337e-237,7.426741642486436e-237
Pex16,32.8979,1.5544703,2.3553839703134146e-237,1.0679667040462847e-236
Pigk,32.896435,0.7025726,2.4716861866047623e-237,1.1203284256486618e-236
Sltm,32.895844,1.5888005,2.5200748560326256e-237,1.1418828249253198e-236
Stip1,32.885014,0.478151,3.599608661274972e-237,1.6304951455096138e-236
Smurf2,32.883488,0.7664158,3.7852867638059734e-237,1.7140329965247245e-236
Lsm8,32.87936,0.9020653,4.335921307619965e-237,1.9627184336876207e-236
Mid2,32.876667,0.7544647,4.7378505746468733e-237,2.1439479354168097e-236
Fat1,32.87649,0.4168355,4.7650604810761855e-237,2.1555475381646325e-236
Dnajb1,32.874985,0.61068004,5.007647193244799e-237,2.2645362224742933e-236
Rgmb,32.874725,0.6596966,5.050251586701416e-237,2.283047618120392e-236
Pik3c3,32.867393,1.1357888,6.428247225502756e-237,2.9050324127148116e-236
Pycard,32.8609,0.93476105,7.958444969035209e-237,3.5953662025621566e-236
Pkdcc,32.85492,1.5743366,9.688568280863585e-237,4.375534056829905e-236
Mgat2,32.854176,0.66159433,9.928465048959978e-237,4.482395495032278e-236
Ptov1,32.853916,0.48074615,1.0013666488932509e-236,4.51936928172119e-236
Phax,32.85147,0.7332843,1.0852326721014247e-236,4.896257601777295e-236
Tmem259,32.83726,0.24808908,1.7313194661649515e-236,7.808639083049378e-236
Dot1l,32.837013,0.93313694,1.7454852165066432e-236,7.869934169379606e-236
Hspd1,32.833046,0.4791563,1.988703220445749e-236,8.963584884507456e-236
Sf3a1,32.831364,1.097387,2.1017956378908585e-236,9.470199455735582e-236
Prkra,32.83028,0.7797073,2.1778925712657894e-236,9.809842197648114e-236
Taz,32.829853,0.17253962,2.2088196875530392e-236,9.94587067082246e-236
Vamp4,32.815422,0.96096176,3.548214770012784e-236,1.5971638242239903e-235
Tmem214,32.81403,0.42452466,3.714522585867888e-236,1.671474049415708e-235
Dhx8,32.81384,1.0912877,3.7378628509629153e-236,1.6814235028591404e-235
Lrpap1,32.810547,1.2890531,4.164674559756636e-236,1.8728025190618872e-235
Man2b1,32.807003,0.18828705,4.678469546900996e-236,2.1031581543021405e-235
Naip5,32.80673,1.6657263,4.721146523260301e-236,2.1216457017937763e-235
Ndufb8,32.801613,0.8870825,5.584257547191638e-236,2.5086965163549817e-235
Capn7,32.79634,0.8138381,6.63971046849574e-236,2.9818732563769868e-235
Txnrd1,32.79456,0.48229966,7.039409196600833e-236,3.160338830056349e-235
Tmem184b,32.791832,0.9269528,7.698618590779927e-236,3.455156193925681e-235
Rb1,32.79093,0.2113503,7.929716891140177e-236,3.557705987084709e-235
Smad1,32.78124,0.53546375,1.0899405185081738e-235,4.888467232075854e-235
Dph3,32.77391,0.9305646,1.3861715401125975e-235,6.2150478068982854e-235
Gcsh,32.767292,1.1029681,1.7222215003816328e-235,7.719232716394241e-235
Pllp,32.763966,0.3683199,1.9208325993577625e-235,8.606613956820905e-235
Trib1,32.749302,0.7151857,3.1066086067108014e-235,1.391512371332139e-234
Ap5m1,32.745773,0.41036505,3.487478479153448e-235,1.5616001376039097e-234
Nop58,32.744686,0.7504673,3.6139752675802214e-235,1.6177123333603774e-234
Abat,32.744526,0.38125202,3.632943737465089e-235,1.6256709950862266e-234
H13,32.743855,0.1893512,3.7138776611272736e-235,1.6613437034973983e-234
Yap1,32.7355,0.9049337,4.883263689972122e-235,2.1837354794103587e-234
Icmt,32.734337,1.0929183,5.072995547565443e-235,2.2678396244837342e-234
Cog3,32.73166,0.4019423,5.538490624664383e-235,2.475126120662923e-234
Zbtb22,32.724567,2.0237513,6.986453360470469e-235,3.1211940445747687e-234
Polr3c,32.7188,0.47878343,8.438840857606902e-235,3.7688160916974e-234
Smim14,32.71666,0.24050286,9.051685718156e-235,4.041194978641309e-234
Arid2,32.713123,0.8849826,1.0162631877189655e-234,4.535704664509417e-234
Gtf2h5,32.71284,0.2638738,1.025747110534397e-234,4.5765389026289984e-234
Rnf146,32.703365,0.50843793,1.3988559771726956e-234,6.239189656828641e-234
Ino80b,32.702694,0.5026799,1.4298682694845183e-234,6.375431556961457e-234
Car13,32.69583,0.2985516,1.7901414447202736e-234,7.979199562108782e-234
Ndufv2,32.670887,0.6955758,4.0482108820123504e-234,1.8038215644027009e-233
Fkbp15,32.666023,0.1547914,4.7459734637544394e-234,2.1140451829590214e-233
Tshz1,32.66284,0.48694924,5.266412248022363e-234,2.3451054214166664e-233
Smc1a,32.662395,0.8481451,5.343728967298474e-234,2.3787595581968304e-233
Aurkaip1,32.66208,0.27281508,5.3994080587001e-234,2.402762941839371e-233
Pnn,32.65713,1.4357438,6.347083664420041e-234,2.8235643822688375e-233
Sec16a,32.657024,0.67680997,6.369379471917566e-234,2.8325614399503323e-233
Adtrp,32.653755,0.8969547,7.088041977397302e-234,3.151136997428742e-233
Luc7l3,32.65319,1.4122688,7.220146467056332e-234,3.2088236248617267e-233
Stx3,32.64889,0.5177126,8.309067861731415e-234,3.6915692985437654e-233
Rbck1,32.642017,1.083936,1.0401232924720765e-233,4.619579741654968e-233
Tfip11,32.64169,1.2283038,1.0512815720150908e-233,4.667621914709859e-233
Klhdc2,32.63374,0.36871955,1.3630636381548168e-233,6.049949773374593e-233
Pgam1,32.63153,0.33066195,1.4650905022779705e-233,6.500685470036095e-233
Rab32,32.63127,1.2413821,1.477577816433048e-233,6.553965825404454e-233
Txn2,32.618797,0.541577,2.2206154454413715e-233,9.846600588978845e-233
Nudt21,32.612534,1.1252512,2.7243593486074197e-233,1.2076374097959955e-232
Ivd,32.610615,0.5181862,2.90047753177473e-233,1.2852893793590224e-232
Uxt,32.602432,1.0232999,3.7885270879846395e-233,1.6782671826430174e-232
Sos2,32.59547,1.0851703,4.754602050966488e-233,2.105543492453586e-232
Tmub1,32.59383,0.3005149,5.01595010980547e-233,2.2205606264677823e-232
Eif4g3,32.592323,0.10111759,5.268244105634541e-233,2.3314963800826004e-232
Acox3,32.586174,0.6909022,6.4386951190189695e-233,2.8485653753666906e-232
Gk,32.58144,0.905916,7.513772399354802e-233,3.323118937942332e-232
Atp7a,32.5786,0.42960322,8.242694719874708e-233,3.644321057041275e-232
Kdm6b,32.57506,1.2494055,9.250557858158143e-233,4.088603061096076e-232
Dnajc16,32.574875,1.2952768,9.307536571413616e-233,4.1124575965777445e-232
Xpo6,32.569218,0.74794835,1.119266937690745e-232,4.943790495129502e-232
Col4a3bp,32.563313,1.434604,1.3568387357075553e-232,5.9912075268972614e-232
Mtor,32.559704,1.4856268,1.5262150149112242e-232,6.736923927989344e-232
Nfe2l2,32.559242,0.6803919,1.5493927891329058e-232,6.837026909129554e-232
Galnt3,32.55437,0.8978844,1.815889150415491e-232,8.010414236107044e-232
Znfx1,32.55326,2.1397095,1.882679134397482e-232,8.302366063490993e-232
Hspb11,32.550533,0.20124784,2.0576304271219063e-232,9.070952962892349e-232
Usp32,32.54936,1.2613734,2.138113220477435e-232,9.422719397366717e-232
Nsun2,32.542583,0.7160481,2.66593775158196e-232,1.1745070474511374e-231
Tm7sf2,32.541412,0.7073962,2.7697579813222033e-232,1.2198531528045452e-231
Ufc1,32.53875,0.25359765,3.020471269676148e-232,1.3298436771674606e-231
Txnl4a,32.529064,0.26948732,4.140872050304928e-232,1.8225434595403892e-231
Entpd6,32.527767,0.46582848,4.319126104595495e-232,1.900387692417741e-231
Anxa4,32.52759,0.80006605,4.3440048918594434e-232,1.910719424129234e-231
Fars2,32.523933,1.1953582,4.8932335660499024e-232,2.1516067207631003e-231
Epha1,32.518684,0.74167734,5.805518700874967e-232,2.5519276192370675e-231
Srp14,32.513332,1.1013559,6.909642556683988e-232,3.0362905514991494e-231
Slc33a1,32.51197,0.45286682,7.22317094987986e-232,3.173044096999906e-231
Akr7a5,32.50597,0.2796426,8.78058029461798e-232,3.855954898166373e-231
Tnpo3,32.5046,0.28147262,9.181047353384481e-232,4.0305239986366863e-231
Traf3ip2,32.499104,1.0737106,1.0978984769987537e-231,4.818280382849152e-231
Rnf216,32.49595,0.9450422,1.2165140428717873e-231,5.337128500568397e-231
Mon1a,32.48515,1.1674716,1.7282577681072264e-231,7.579834823241283e-231
Senp5,32.484966,1.3892374,1.738738753470098e-231,7.621505003892084e-231
Acvr2a,32.484962,0.82608896,1.738873536536987e-231,7.621505003892084e-231
Ubap1,32.48137,1.2844988,1.9543267064472497e-231,8.563094428281365e-231
Rragc,32.47883,0.123482965,2.1228118990047385e-231,9.298351287280524e-231
Sfr1,32.4758,0.5477222,2.3421858863282126e-231,1.0255969258897953e-230
Asxl1,32.47176,0.9894651,2.671137514861046e-231,1.1692639409643023e-230
Sf3a2,32.467422,0.8448246,3.075406490412937e-231,1.345797880204701e-230
Cftr,32.45914,0.9753373,4.024764326686789e-231,1.7606734538529062e-230
Dsg2,32.454727,0.8358653,4.6455045198209715e-231,2.0315725714279432e-230
Acat1,32.454052,0.6053571,4.7484395106129855e-231,2.075924242571374e-230
Zfp687,32.453156,0.71331793,4.8891131653100715e-231,2.1367408927969073e-230
Plekhg3,32.452442,1.279284,5.003248929581161e-231,2.1859242527802676e-230
Vapb,32.451878,0.08866324,5.095918675707098e-231,2.225700667208386e-230
Prr14l,32.44987,0.5190577,5.439238074309217e-231,2.3748908258677696e-230
Selenok,32.44125,0.6571125,7.196486133155677e-231,3.141141010881069e-230
Aadac,32.43289,0.4853467,9.440764460398998e-231,4.1194146137829066e-230
Pdss1,32.43157,0.93836945,9.855088492559708e-231,4.298830466850208e-230
Uggt1,32.430077,0.37407225,1.0343455770404546e-230,4.510419568248794e-230
Larp4,32.429382,0.2694376,1.057983585926191e-230,4.612025992202953e-230
Cndp2,32.4236,1.2960409,1.2763447095999635e-230,5.5621459221732e-230
Ccs,32.421993,1.1865103,1.3446656892994436e-230,5.858013157429083e-230
Anapc7,32.42105,0.8931745,1.3864983796537553e-230,6.0383329113901595e-230
Dhx36,32.419647,0.49568617,1.4510241003776928e-230,6.317336699352101e-230
Crbn,32.41935,0.5881701,1.4651233450984419e-230,6.376690561496242e-230
Hectd1,32.419,0.7528817,1.4819939159258865e-230,6.448064524430957e-230
Arhgap18,32.417953,0.92716986,1.5330673138564983e-230,6.668160151713617e-230
Srek1ip1,32.413704,0.40467912,1.7597744777314709e-230,7.651801584412675e-230
Crebrf,32.410965,1.0263737,1.923317032984794e-230,8.360254426594742e-230
Ammecr1l,32.408157,0.74771744,2.106598933221288e-230,9.154032542675918e-230
Fmo5,32.40559,0.8428525,2.2895557718048594e-230,9.945894275550017e-230
Me2,32.40205,0.686835,2.56813558110725e-230,1.1152510025926213e-229
Nvl,32.399,1.1721488,2.835501769246449e-230,1.2309678315696884e-229
Stard7,32.398754,0.34564874,2.857728820292519e-230,1.2402234724690638e-229
Suz12,32.396564,0.4969595,3.0681418862985324e-230,1.331118029667907e-229
Tm2d3,32.395782,0.40669575,3.146930694871207e-230,1.3648676578612038e-229
Galm,32.394306,0.19404489,3.3014241665557357e-230,1.43141964101616e-229
R3hdm2,32.38973,0.1878089,3.829587776683034e-230,1.659892641716022e-229
Ndufaf2,32.38838,1.2830529,4.000827470089296e-230,1.7335651347741168e-229
Map3k1,32.386703,1.242284,4.224204404051286e-230,1.8297749517073595e-229
Sema3b,32.384953,0.93536556,4.470737726332629e-230,1.9359511845344745e-229
Ppm1h,32.381443,1.5995075,5.009310729796498e-230,2.1684812988277023e-229
Sin3a,32.377464,0.81255674,5.698773572400968e-230,2.4661622975501025e-229
Snx1,32.372757,0.17783383,6.638100341894945e-230,2.8717501479093126e-229
Kdm6a,32.370502,1.1612595,7.141332633551659e-230,3.0884795624231164e-229
Eif3d,32.353924,0.14284348,1.2217920005830596e-229,5.282328677829067e-229
Lurap1l,32.353783,1.4325055,1.2273698896778697e-229,5.304767143282196e-229
Mitd1,32.351814,0.6548868,1.308185068045754e-229,5.652268816911749e-229
Pfdn2,32.349224,0.97677463,1.4226924501881232e-229,6.145078729097468e-229
Foxd2,32.335957,1.396252,2.18574424049305e-229,9.437970473237278e-229
Elf2,32.334927,0.81146693,2.260002820030764e-229,9.755536162853756e-229
Cdk12,32.334347,1.163172,2.3027755042144957e-229,9.9370321931629e-229
Kpnb1,32.333916,1.0251935,2.3351596914211614e-229,1.0073598984285294e-228
Sgms2,32.315678,0.67369175,4.2132182389744444e-229,1.8169586697564026e-228
Tmem135,32.31508,0.89934534,4.295227352888711e-229,1.8517413004651048e-228
Mafk,32.307083,0.8048724,5.562790486610326e-229,2.3974522503749196e-228
Bckdk,32.288635,0.28910685,1.0100022260934169e-228,4.351537631325607e-228
Prr14,32.282513,0.3688181,1.2309556794963736e-228,5.301832729799341e-228
Ep400,32.281322,1.074633,1.27919295888643e-228,5.507860111074285e-228
Tmprss2,32.27506,0.6132607,1.566186786667063e-228,6.741455557970439e-228
Nelfe,32.25945,0.433625,2.5929987632857875e-228,1.1157727529242651e-227
Rbms1,32.257668,1.108688,2.746468010675965e-228,1.181439133249255e-227
Top3b,32.25714,0.80394924,2.793587756972348e-228,1.2013305841697125e-227
Epha2,32.240696,1.791972,4.7500033663243935e-228,2.0420086776009457e-227
Ube2l6,32.236576,1.0022173,5.425320639343309e-228,2.3315920723764847e-227
Abca12,32.232056,1.2459718,6.277614151507072e-228,2.697027129181879e-227
Rab3gap2,32.231625,1.2038318,6.36561623368387e-228,2.733976193329991e-227
Cdc73,32.22961,0.99407566,6.792521310865188e-228,2.9164122111799514e-227
Ube2g1,32.220695,0.12703754,9.055868633476096e-228,3.8869743742242817e-227
Cnot1,32.21915,0.18282424,9.519196025717968e-228,4.0845624616157267e-227
Kdm1a,32.21758,0.81400234,1.0013900330168022e-227,4.295485790936252e-227
Snap29,32.213913,0.9351102,1.1269824791241765e-227,4.832701599881817e-227
Sec23ip,32.20669,0.48482504,1.4225217982978406e-227,6.09811460555579e-227
Rc3h2,32.19836,1.1958853,1.860634068660943e-227,7.973729517059981e-227
Sigmar1,32.19699,1.2348307,1.944674989344696e-227,8.331275212809748e-227
Cflar,32.1933,1.6655229,2.190425818098428e-227,9.381169139522708e-227
Eif4h,32.19239,1.0518249,2.2554826758990004e-227,9.656770692836202e-227
Cox20,32.1875,0.73635286,2.6403344170368344e-227,1.1300961863217125e-226
Cnot3,32.186287,0.73339194,2.745598912366496e-227,1.1747830139740874e-226
Birc3,32.18562,1.1871897,2.805281683398729e-227,1.199944542398424e-226
Nae1,32.181446,0.6767576,3.2088043183921345e-227,1.3721200454663052e-226
Lonp1,32.179028,0.50580555,3.468905689616617e-227,1.4828785653487727e-226
Errfi1,32.178288,1.2819643,3.5527408588539774e-227,1.5182416014008793e-226
Armc8,32.17669,0.22722873,3.740291678607591e-227,1.5978909311139897e-226
Gtf2f2,32.175583,0.92654824,3.8759436071894625e-227,1.6553256973240443e-226
Slc25a10,32.17346,0.6530917,4.1503637535508923e-227,1.771970787693052e-226
Rgp1,32.172054,1.2883424,4.3423435401322125e-227,1.8533566763828967e-226
Slc52a3,32.17037,0.6152361,4.584887437369884e-227,1.9562663246812216e-226
Pafah1b3,32.166718,0.2174241,5.156648309618311e-227,2.199537293637879e-226
Cox14,32.16581,0.72858405,5.309268021613789e-227,2.263930158888948e-226
Nfkbia,32.159428,0.5770292,6.520704719494584e-227,2.779633324161111e-226
Ifrd1,32.156246,1.3208119,7.223558996135907e-227,3.078285112874993e-226
Alg9,32.150963,0.16278361,8.562980154867217e-227,3.647936249775988e-226
Cct3,32.145237,0.4788236,1.0295547474838917e-226,4.384665578275372e-226
Carm1,32.13432,0.59913886,1.462726066071316e-226,6.227515240823551e-226
Hnrnph1,32.129,0.6172703,1.7354786738290197e-226,7.386452183196963e-226
Sirt7,32.12519,1.8379638,1.9618079178297566e-226,8.347144765501532e-226
Eif4b,32.115814,0.18127234,2.6520102387158698e-226,1.1280323488161592e-225
Rfc2,32.111683,0.2552245,3.0288875844448533e-226,1.2879364961841844e-225
Tex261,32.106194,0.34653798,3.61340062438964e-226,1.536004151026681e-225
Ptdss2,32.10135,0.30556402,4.221699803961112e-226,1.7940256314222562e-225
Tdrd3,32.095966,0.9388682,5.019173150036948e-226,2.1322520294114713e-225
Ddx54,32.094494,0.84593934,5.2620415795327766e-226,2.2347334968978484e-225
C2cd2l,32.08569,0.09678417,6.98180775578728e-226,2.9641794802977664e-225
Bad,32.084274,0.835791,7.306656362736639e-226,3.1011336362639214e-225
Retreg1,32.079803,0.576304,8.435113014712608e-226,3.578968987781412e-225
Etfdh,32.079773,0.33207372,8.442865042301014e-226,3.58114700538047e-225
Hmox2,32.070816,0.07833834,1.1255747136361468e-225,4.772785801232343e-225
Mcts1,32.069984,0.7167937,1.156041669680654e-225,4.9004556208564615e-225
Fbxo11,32.058697,1.2756348,1.660785369363366e-225,7.037880361339954e-225
Eed,32.05488,0.78623635,1.8773017779714905e-225,7.952943560644403e-225
Magi3,32.05271,0.20815456,2.0124702657730528e-225,8.52292687657061e-225
Itfg1,32.047844,0.31108364,2.3524504192715842e-225,9.959677858680778e-225
Ctsh,32.047,0.43991908,2.4171890301844428e-225,1.0230597334500852e-224
Ndrg2,32.04679,0.8981172,2.433510316866187e-225,1.029648935122064e-224
Snx19,32.041496,0.50380343,2.883736173477131e-225,1.2197677752025909e-224
Mcrip2,32.036423,0.49821645,3.3934737342476984e-225,1.434709396229507e-224
Hdac3,32.036415,0.13856727,3.3939926119213566e-225,1.434709396229507e-224
Srsf10,32.03559,1.5578839,3.485228339517604e-225,1.4728213084951556e-224
Map2k7,32.018326,1.3721787,6.061731750428805e-225,2.5608335399170195e-224
Srsf1,32.013702,0.71998185,7.03014510737739e-225,2.969031326231804e-224
D2hgdh,32.00906,1.4531705,8.15745691634405e-225,3.4440637027170385e-224
Cbr4,32.004593,0.79456353,9.412711140599719e-225,3.972803236040159e-224
Aars,32.00006,1.3867506,1.0883320205747206e-224,4.592082808194786e-224
Hsp90ab1,31.999315,0.5111809,1.114571766376567e-224,4.701347595681541e-224
Foxa1,31.989857,0.08812268,1.5089505807065633e-224,6.362904468443495e-224
Lsm14b,31.980185,0.12221965,2.056614198229389e-224,8.669605166703727e-224
Cpsf1,31.9798,0.7154844,2.082197009593163e-224,8.774743946436518e-224
Tmco4,31.971848,0.87930506,2.685565166972062e-224,1.1313956764739047e-223
Borcs8,31.971598,0.8611768,2.707164818051552e-224,1.1401440987636271e-223
Akap11,31.966475,1.4296815,3.1894243211222437e-224,1.3428379800291467e-223
Chd7,31.96419,1.3314191,3.4314750681356935e-224,1.4443035259081443e-223
Trip11,31.96216,0.6076095,3.6615907879069883e-224,1.5406847392193251e-223
Srsf7,31.960928,1.3244224,3.8088538367540765e-224,1.6021555280717315e-223
Ell2,31.955408,1.2754043,4.544285025797328e-224,1.910919364322831e-223
Eftud2,31.952188,0.57500225,5.0373679687807e-224,2.117614724041687e-223
Mier3,31.949793,1.1473573,5.438525193124658e-224,2.285551076090341e-223
Ppp1r7,31.947676,0.30122393,5.819456782681769e-224,2.4448869893447985e-223
Fam168b,31.944206,0.119282015,6.502085501462308e-224,2.7308359715140377e-223
Lgals3bp,31.940027,0.90001565,7.431590387721613e-224,3.1202640022134803e-223
Ccny,31.938454,0.17258918,7.814975190691108e-224,3.280226695294687e-223
Sertad2,31.937283,0.7883531,8.113569957294097e-224,3.404512708376704e-223
Ctps2,31.936083,0.9955595,8.430626149825616e-224,3.5364666441369725e-223
Banf1,31.93246,0.75208163,9.46521654336482e-224,3.96923754156743e-223
Psmb2,31.931599,0.26013228,9.729935602587784e-224,4.078996608380992e-223
Qrich1,31.930534,0.025855388,1.0066272583345633e-223,4.218702959768665e-223
Eif4e,31.927567,0.842543,1.1067888145231082e-223,4.637051788787838e-223
Ptprf,31.926031,0.6792497,1.1624458122389893e-223,4.86874317989837e-223
Usp24,31.925444,1.0194602,1.184526844080386e-223,4.959707468707679e-223
Bet1,31.925167,0.39985496,1.1950410039480793e-223,5.002199488518514e-223
Eif3e,31.921753,0.91645765,1.332779437628149e-223,5.5770375794262355e-223
Acnat1,31.920715,0.67605627,1.37768070527228e-223,5.7631641617003455e-223
Rab11b,31.920357,1.0485588,1.3936179063246986e-223,5.828050418651453e-223
Nfkbib,31.911972,0.3015368,1.821677998553261e-223,7.615850391383626e-223
Psmf1,31.910364,0.76742053,1.9176143837348254e-223,8.01447943079882e-223
Elmsan1,31.909086,1.1898134,1.997498147013603e-223,8.34579503831684e-223
Apobec1,31.90389,0.8870745,2.358142273213592e-223,9.849601584054939e-223
Sp1,31.903303,1.0184425,2.4027217208785563e-223,1.0032738788706644e-222
Foxred1,31.898676,1.3258417,2.785308528545287e-223,1.1626707609235897e-222
Reep4,31.898663,0.17382653,2.7865808981193373e-223,1.1628469265115024e-222
Sphk2,31.893627,1.7506596,3.2725342368995893e-223,1.3652198196949934e-222
Faf2,31.891865,1.1010833,3.46185904035402e-223,1.4437609752010133e-222
Ms4a8a,31.88953,0.78772426,3.729906426328469e-223,1.5550753164646896e-222
Arid4b,31.88864,1.6409587,3.837291534533433e-223,1.5993587849663122e-222
Wtap,31.883753,0.087249495,4.485045199001627e-223,1.8687688329173446e-222
Zc3h14,31.882359,0.35536635,4.689172242129197e-223,1.9532266345146746e-222
Pcbp1,31.876904,0.23072849,5.580683097126931e-223,2.3238684943121434e-222
Zfp467,31.875538,0.16365997,5.829296859702577e-223,2.426655542052747e-222
Chchd1,31.869637,1.857446,7.037209350427043e-223,2.928601274104985e-222
Ctbp1,31.868597,0.1892376,7.2744529830962e-223,3.026411455547324e-222
Rxrb,31.862429,0.5862142,8.855888323060497e-223,3.683219976212053e-222
Huwe1,31.861233,0.2294835,9.200427673839071e-223,3.825352643349021e-222
Ctcf,31.856348,0.69004124,1.075124890037224e-222,4.46879418579302e-222
Fam120b,31.852867,1.0646508,1.2013146016428658e-222,4.991788871913154e-222
Actl6a,31.851337,0.9000395,1.2613887015894029e-222,5.2398209277749347e-222
Ccdc91,31.845314,1.0553356,1.5283449623906583e-222,6.346831873881643e-222
Psenen,31.844307,0.48430726,1.578269893756897e-222,6.552167819406668e-222
Atn1,31.8406,0.08462813,1.7762157801944387e-222,7.371699785784203e-222
Tcea3,31.837357,0.2898825,1.969565177374047e-222,8.171663774450878e-222
Fam210a,31.834196,0.53796613,2.1783052263178473e-222,9.034978456140904e-222
Eaf1,31.822947,1.2323037,3.1172836066315747e-222,1.2925668077831045e-221
Hyou1,31.821642,1.7122831,3.249493839116106e-222,1.3469787283999012e-221
Med10,31.821442,0.71382153,3.270287026987605e-222,1.3551871240622878e-221
Gnptg,31.82092,0.8280543,3.325124998787258e-222,1.3774942247323767e-221
Ift52,31.820206,0.34146342,3.401739695433314e-222,1.4088064910675523e-221
Tomm34,31.818808,1.0562451,3.556517610008968e-222,1.472460742260752e-221
Stk38l,31.80749,1.6827747,5.099920189080755e-222,2.1108174511404154e-221
AW549877,31.80493,1.3227843,5.53305184724764e-222,2.2893943724995913e-221
Mettl9,31.804075,0.39282334,5.685446289598912e-222,2.3517385968017278e-221
Lgalsl,31.79649,0.6420054,7.23820118642251e-222,2.993117666293554e-221
Zzz3,31.787207,0.638059,9.725847669634246e-222,4.0205854559325373e-221
Clpp,31.78418,0.37567922,1.0709333854880454e-221,4.4258126462825688e-221
Jarid2,31.781235,0.5790243,1.1760903999893648e-221,4.858923329261197e-221
Pdcd4,31.78043,0.6263415,1.206627012530022e-221,4.983577286725476e-221
Klhdc10,31.776138,0.6247627,1.3830979649107684e-221,5.710707931810011e-221
Rabggtb,31.771605,0.7421868,1.5976562937496675e-221,6.594612078788621e-221
Gpd1l,31.765556,0.7641291,1.936464838623555e-221,7.990693019968955e-221
Fkbp4,31.761477,0.5988769,2.204612773718948e-221,9.094443342566098e-221
Oat,31.757002,0.79912335,2.5416228653534424e-221,1.0481511665774525e-220
Gramd4,31.754196,1.0450174,2.7787275114087807e-221,1.1455863345949676e-220
Rnf167,31.732496,0.19998732,5.537434942639555e-221,2.2822309475767305e-220
Smarce1,31.729961,0.42043835,6.001571373099459e-221,2.472777599491868e-220
Aldh16a1,31.728851,1.6201084,6.217106746941168e-221,2.560811288084954e-220
Ndst1,31.722174,1.111884,7.685666756332502e-221,3.1647543779839497e-220
Cog5,31.717314,0.9142404,8.968277607807072e-221,3.691787967693007e-220
Got1,31.716877,0.38478893,9.09335719984631e-221,3.742150457655682e-220
Setd2,31.714485,1.4111364,9.810505454633467e-221,4.036060833096049e-220
Rapgef6,31.713446,0.85375,1.0139610858359487e-220,4.170200856783939e-220
Myo15b,31.69499,0.99653924,1.821367705763575e-220,7.488636012121734e-220
Zdhhc4,31.685535,0.4123913,2.4583852531081468e-220,1.0104724477383201e-219
Dda1,31.684446,0.2551513,2.5448157984313944e-220,1.0456837753470348e-219
Tm9sf4,31.678808,0.23136292,3.0430361924934504e-220,1.2500306377995775e-219
Dhx16,31.675873,1.0120986,3.339792293950525e-220,1.371521309903106e-219
Trak2,31.673975,0.95437443,3.546902502510603e-220,1.4561360468877963e-219
Tulp4,31.673285,0.9268565,3.625505016966366e-220,1.4879586166571145e-219
Pgap3,31.66664,0.7350431,4.4754973726793264e-220,1.8362564227839722e-219
Rnf220,31.664146,0.9741987,4.843590076965399e-220,1.9866854919766597e-219
Arpc2,31.658527,0.56307864,5.787700073134694e-220,2.3732173463303432e-219
Exoc4,31.656368,1.3949645,6.197696910984128e-220,2.540572699571581e-219
Trmt2b,31.64121,0.32026514,1.001771207297632e-219,4.1052506022760316e-219
Rap1gap2,31.640985,0.76224303,1.0089827159731307e-219,4.133564601837196e-219
Tmem184a,31.64058,0.3582915,1.0220172046949985e-219,4.185709875472928e-219
Zcchc2,31.636631,1.3735273,1.1581277624114658e-219,4.7417356739451483e-219
Il18,31.634266,0.5451725,1.2481872197145663e-219,5.108937512600028e-219
Bud31,31.626114,0.06273647,1.6158003103294246e-219,6.611630533738743e-219
Cry1,31.622986,0.848209,1.783969929892819e-219,7.297573673731468e-219
Bphl,31.622091,0.6009333,1.835173380843362e-219,7.504783487749095e-219
Nipsnap2,31.620232,0.15834646,1.9464278010922126e-219,7.957369261565324e-219
Casp1,31.617144,0.65076554,2.146376454483265e-219,8.772175138989435e-219
Nol4l,31.6169,0.88820714,2.1629579522108046e-219,8.837302060496789e-219
Kctd2,31.605402,0.4403535,3.1120856690284237e-219,1.271140129150648e-218
Lbr,31.59954,0.45322955,3.746168614392269e-219,1.5296761959335407e-218
Arpc4,31.596983,0.2088714,4.0618598823386064e-219,1.658087578835237e-218
Fam241a,31.594418,0.63273036,4.405122047512263e-219,1.7976736496487672e-218
Eprs,31.594093,0.3909909,4.4505223337499396e-219,1.8156590964806213e-218
Taf1d,31.594046,1.8832539,4.457238156311652e-219,1.817856599688692e-218
Abhd17b,31.592817,0.22442997,4.633701071697375e-219,1.8892624375510316e-218
Sra1,31.575575,0.42577296,7.992495898018683e-219,3.2577460925605213e-218
Pcnx3,31.57523,0.99970627,8.080296932365001e-219,3.292552459776263e-218
Dlg3,31.57044,0.4638153,9.40076876059998e-219,3.829476103699873e-218
Fam149b,31.568542,0.4334739,9.981742436300801e-219,4.064929357248763e-218
Selenof,31.557245,0.8474646,1.426334597183603e-218,5.806825131433692e-218
Lyrm2,31.554983,0.62167704,1.5319938642646188e-218,6.235123837446031e-218
Ly6e,31.55466,0.7335481,1.5476466653052498e-218,6.296955712005145e-218
Brms1,31.547102,0.91463,1.9649767329164865e-218,7.992580851467267e-218
Rnf121,31.546745,0.36751202,1.9871416018703748e-218,8.080333453933207e-218
Cib1,31.546228,0.6370439,2.0198695020192045e-218,8.210973674230862e-218
Matr3,31.54198,0.42972663,2.3098234824238076e-218,9.386875519211164e-218
Cnst,31.532326,1.0003527,3.132914136366613e-218,1.272804539952865e-217
Asap2,31.530903,0.5994373,3.2768559212934863e-218,1.3308881711817173e-217
Ddx50,31.529827,1.0730436,3.3899602702517694e-218,1.3764164695870827e-217
Ccnyl1,31.518492,1.7286943,4.84777593899437e-218,1.967745205275987e-217
Ccdc71,31.507957,0.93010354,6.758700837880642e-218,2.7425885447483024e-217
Pdgfa,31.506254,1.5922694,7.131441474022262e-218,2.8929831550653942e-217
Ciao2b,31.505814,0.18632858,7.231325077487149e-218,2.932632575167164e-217
Bcar3,31.504879,1.1291252,7.447612451873161e-218,3.0194515351131184e-217
Kdm3a,31.504845,0.8504236,7.456015918185914e-218,3.0219625868758854e-217
Rbm26,31.50024,0.71959156,8.620853543323078e-218,3.493042139405721e-217
Pggt1b,31.480854,0.5733054,1.5883403198410304e-217,6.4338133512518045e-217
Entpd2,31.47283,1.1860193,2.0452552826326977e-217,8.282163455730572e-217
Npas2,31.467148,0.39204863,2.4462468246202867e-217,9.903027035725997e-217
Rex1bd,31.467047,0.7565773,2.4539739856657388e-217,9.931368527368742e-217
Sept9,31.466625,0.887687,2.4868072669368858e-217,1.0061269045965062e-216
Mapk9,31.465464,0.77334267,2.5794276948471637e-217,1.043291148389085e-216
Flad1,31.465176,0.9506621,2.6029697298480443e-217,1.0525018053125964e-216
Cdc37l1,31.458937,0.98427457,3.1681049199149035e-217,1.280633602714641e-216
Prrg2,31.455328,0.21996242,3.5494220233923002e-217,1.4343482910723909e-216
Klf13,31.450119,0.5495674,4.18197185452736e-217,1.6894672115409645e-216
Pik3r2,31.44657,0.8007036,4.67638896633549e-217,1.8886479360495518e-216
E2f4,31.436714,0.06939082,6.377014298576185e-217,2.5747171695609487e-216
Ndufs2,31.431023,0.8039509,7.627440208184144e-217,3.078667203273854e-216
Agap3,31.429892,0.71304214,7.904078325025834e-217,3.1893853967166795e-216
AI837181,31.425722,0.527515,9.01192422214249e-217,3.6353411132093966e-216
Oasl1,31.424837,1.2895879,9.266171231870378e-217,3.736800106040325e-216
Gtf3c6,31.419912,1.0245686,1.0818821322630219e-216,4.36165629678562e-216
Ppp3ca,31.417074,1.0221452,1.1828446655999884e-216,4.767285824367769e-216
Ifi47,31.413748,1.0866256,1.313344407540155e-216,5.291686733385863e-216
Arl8a,31.41354,0.6803861,1.3219377741822572e-216,5.324741991735601e-216
Elovl7,31.39989,0.236689,2.0302702546950375e-216,8.175484609232814e-216
Cbfb,31.39498,0.9104665,2.369286015286933e-216,9.537823449823023e-216
Trappc12,31.392027,0.87339246,2.599538145311473e-216,1.0461649245772335e-215
Mecr,31.386644,0.46236077,3.0785851784494006e-216,1.2385893590848941e-215
Ift20,31.38359,0.71675086,3.3885803321586075e-216,1.3629069424196753e-215
Usp19,31.380959,1.021736,3.680645055111776e-216,1.4799418150148054e-215
Hsbp1,31.378708,0.35394296,3.9502439509645195e-216,1.587877308331564e-215
Atxn2,31.378206,0.58376807,4.013151747597177e-216,1.6126902776488801e-215
Gde1,31.370365,0.423378,5.133680245924256e-216,2.0623700752941892e-215
Bicral,31.365498,0.42891565,5.981524592127457e-216,2.402271624004199e-215
Crim1,31.363142,0.92053246,6.440609209709772e-216,2.5858875790599277e-215
Atp5c1,31.351135,2.605874,9.388264588694217e-216,3.7682570663455654e-215
Aldh1a1,31.349522,0.9341184,9.876009282706329e-216,3.962864640287824e-215
Kat6a,31.340763,1.3055769,1.2999672847610785e-215,5.214741161369243e-215
Wdr11,31.34014,0.8119807,1.3256909636463517e-215,5.31637065333251e-215
Fadd,31.333826,1.4327062,1.6159985969028803e-215,6.478680977029284e-215
Pmvk,31.330666,1.2436738,1.7844269692266973e-215,7.151828488914152e-215
Rbm15,31.33063,0.85143644,1.7864292983647018e-215,7.157755832152739e-215
Chchd4,31.31523,0.9414022,2.895291871056959e-215,1.1597280707880466e-214
Akap1,31.311255,0.48304087,3.2793692411001703e-215,1.3131881221682235e-214
Chfr,31.311058,1.5786121,3.299770076676242e-215,1.3209706030019791e-214
Vps4a,31.308239,1.3661836,3.60444077191063e-215,1.4425147075176431e-214
Tsfm,31.307243,0.7176557,3.718780737651976e-215,1.487838694774452e-214
Mlec,31.30646,0.63055485,3.811318136094765e-215,1.5244157797922175e-214
Fgfr2,31.306335,0.5193638,3.826153174502397e-215,1.5299018906818797e-214
Ddx42,31.302338,0.9773089,4.336800011182309e-215,1.7335790749172191e-214
Pex11a,31.297977,0.80798835,4.971642374990649e-215,1.986768248918677e-214
Shb,31.297768,2.0236871,5.004426136449974e-215,1.999285054512223e-214
Fcho2,31.29613,0.46087033,5.267898873655791e-215,2.103928653540974e-214
Fam129a,31.29004,1.1702509,6.37528730316361e-215,2.545461426883573e-214
Rnf111,31.289085,0.88471806,6.568570723524089e-215,2.6218682032747205e-214
Ccpg1,31.28204,0.8689757,8.189979249922181e-215,3.2681052303088946e-214
Tmtc2,31.278898,1.2928704,9.036707909938347e-215,3.6049294243992677e-214
Vat1,31.271101,0.5271963,1.1535390663583174e-214,4.600363584849807e-214
Cct8,31.269224,0.1480912,1.2233118815524313e-214,4.877198244964869e-214
Vcpip1,31.256794,1.0345039,1.8049806311258259e-214,7.194144602344992e-214
Grcc10,31.240784,0.44196445,2.9783410544620852e-214,1.186737002324272e-213
Ptprg,31.238739,0.867484,3.1750698647149696e-214,1.2647562015723046e-213
Itpa,31.237251,0.5473341,3.326250491900844e-214,1.3245915980414688e-213
Farsb,31.236423,0.84875417,3.4134101499168433e-214,1.3589049141226442e-213
Sap130,31.23389,0.6547554,3.6948721110124755e-214,1.4705289906314203e-213
Dnajc10,31.23385,0.27086884,3.6995568408185276e-214,1.4719650799590737e-213
Tusc3,31.225842,0.6601935,4.751899185106474e-214,1.890116967897936e-213
Sema6d,31.219284,0.6000184,5.83291248793747e-214,2.3194265272621374e-213
Phkb,31.214317,1.1619627,6.812018357079198e-214,2.707975320728431e-213
Ppig,31.211067,0.3477678,7.540478104830242e-214,2.996688116348548e-213
Tle4,31.208857,0.37742138,8.079474860975383e-214,3.2099598699546295e-213
Tmem126a,31.206642,0.29696855,8.65824658105514e-214,3.438905663547169e-213
Tox4,31.20602,0.19940878,8.82817914936808e-214,3.505381819616972e-213
Wdfy3,31.205635,0.92697644,8.934660813286281e-214,3.546632412821187e-213
Zc3h12a,31.203876,1.3933132,9.439414428869278e-214,3.7459080764592975e-213
Gcn1,31.203478,0.9373077,9.557529824634642e-214,3.7916803119198934e-213
Pitpnb,31.200428,0.18468222,1.0513256518788075e-213,4.1696282742003167e-213
Nosip,31.194647,0.6937665,1.259342508676659e-213,4.9931889840977995e-213
Foxp4,31.19172,0.3237026,1.3798846687596678e-213,5.469542853706799e-213
Sppl2a,31.189642,0.61193144,1.472306822525191e-213,5.834191769931031e-213
Cluh,31.178804,0.53568166,2.0649988664930342e-213,8.18043438565824e-213
Bccip,31.171711,0.4733362,2.576754950014969e-213,1.0204785387041616e-212
Cetn3,31.167599,0.77382463,2.9295245540828826e-213,1.159850847628356e-212
Umad1,31.164854,0.38793868,3.191352041041577e-213,1.2631472984440972e-212
Prom1,31.16218,0.67653435,3.469064983432933e-213,1.3726696657536272e-212
Csnk2a2,31.149042,0.5921973,5.225869132762017e-213,2.0672189872872603e-212
Zfp622,31.146135,1.2071542,5.721488380032812e-213,2.2626186696630627e-212
Tesk1,31.13868,0.9112654,7.218834757542522e-213,2.8539336602889275e-212
Nup153,31.136662,1.148236,7.687198836680612e-213,3.038220927503103e-212
H2-T3,31.131966,0.5822894,8.898863777648681e-213,3.516092521217732e-212
Med13l,31.125286,1.3204687,1.0957988861447771e-212,4.328437252463844e-212
Senp3,31.125214,0.37164122,1.0982433704814518e-212,4.336840338242522e-212
Atf1,31.12122,0.7947071,1.2438248598314094e-212,4.910307435968396e-212
Eloc,31.117662,0.9466932,1.3895653925010123e-212,5.484071209942668e-212
Mgat4a,31.11247,0.22602838,1.6334793910306495e-212,6.444844394790574e-212
Mrs2,31.111816,1.2099916,1.6670498925114113e-212,6.575398696306186e-212
Vps26b,31.107647,0.22981526,1.8981892849417938e-212,7.484930355126595e-212
Ift43,31.104403,1.4850243,2.0999811586235136e-212,8.278248009275454e-212
Efl1,31.09542,1.4164383,2.777565145612985e-212,1.0946168117077111e-211
Dr1,31.08257,1.0536737,4.143470069192253e-212,1.6324388705331047e-211
Gpx2,31.080893,0.91518116,4.3652571927005233e-212,1.7193229294406585e-211
Hnf1b,31.08085,0.6138658,4.3710890257158593e-212,1.7211241700738373e-211
Aebp2,31.079329,0.43689448,4.5828998255241523e-212,1.8040056164088307e-211
Nelfcd,31.073902,0.6793983,5.425562385817113e-212,2.135095413699252e-211
Tmem167b,31.06654,0.0786868,6.822027586928802e-212,2.6838672972166677e-211
Itga2,31.04496,1.2889633,1.3343228208430874e-211,5.247875920342025e-211
Drg2,31.0437,0.49675938,1.3876535344258052e-211,5.4560558031261895e-211
Eif1a,31.043537,0.9183015,1.3946615866660612e-211,5.482034262046101e-211
Ncl,31.042976,0.9327242,1.4191539387192754e-211,5.576704055168417e-211
Slc1a5,31.03954,0.78896296,1.5791379448994627e-211,6.2035941960643925e-211
Nudt16,31.035425,1.6501318,1.7944875556375972e-211,7.047563849323418e-211
Uaca,31.033598,0.5394326,1.8992322739238857e-211,7.456790509879167e-211
Cpsf6,31.03308,0.4520018,1.9301433780515973e-211,7.575978959487829e-211
Ythdf1,31.026548,1.1836537,2.364141595197849e-211,9.27679664686674e-211
Sh2d4a,31.025723,0.9374573,2.42566816907633e-211,9.515494036752383e-211
Mtss1,31.025017,0.30441085,2.4794145016324767e-211,9.723542675601984e-211
Taco1,31.023226,1.0526965,2.621176328244621e-211,1.0276544234158599e-210
Paqr5,31.019571,0.33494344,2.9361813266508343e-211,1.1508248679263444e-210
Dnajc30,31.014078,0.7769546,3.4821430119670777e-211,1.3644213664369567e-210
Pik3ca,31.013428,0.96639234,3.5532152471867546e-211,1.391871054290429e-210
Rnf138,31.010365,0.91839236,3.907708977689506e-211,1.5302955403752573e-210
Gab1,31.009563,0.7902849,4.006090806221503e-211,1.568373655169741e-210
Map4,30.996851,-0.00108106,5.943999763363159e-211,2.326393725357504e-210
Timm50,30.993776,0.5079097,6.538617530963332e-211,2.558386115477069e-210
Tmem242,30.990625,0.7695976,7.210226451750904e-211,2.8203617485038218e-210
Txndc5,30.990387,0.46824875,7.2637477598987296e-211,2.8404847188051226e-210
Taf10,30.97808,0.15236527,1.0639542401222688e-210,4.1593980084825694e-210
Tomm20,30.971874,0.48998338,1.289786103213416e-210,5.040818794353662e-210
Gna11,30.970823,0.80798024,1.3325183924733075e-210,5.206339719163565e-210
Tcf25,30.969078,0.3004731,1.4065927971013689e-210,5.4941892317512766e-210
Cpped1,30.967556,0.8543621,1.4745019401610377e-210,5.757799552170814e-210
Tnks1bp1,30.964256,1.7952117,1.6332856107908943e-210,6.376015052116894e-210
Spsb3,30.957615,0.49892157,2.0065919433958468e-210,7.831091559913872e-210
Pon2,30.950993,0.5846536,2.463656947511343e-210,9.612128033442971e-210
Nfyb,30.949158,0.6096191,2.607830008668759e-210,1.0171727144479543e-209
Otud5,30.94878,1.5224988,2.6384399444975713e-210,1.0288185412319443e-209
Erc1,30.938702,1.3550187,3.60528600133575e-210,1.4054243463017782e-209
Ap1s3,30.931566,0.90100664,4.496752424461151e-210,1.7524391394843613e-209
Srr,30.9293,0.51193744,4.82374766559539e-210,1.879337587664301e-209
Fpgt,30.914822,1.3577434,7.551101445870241e-210,2.941079814077914e-209
Cstf2t,30.912872,1.0172858,8.020812795059438e-210,3.1231382395341064e-209
Plekhm1,30.910337,1.4543501,8.675082172010994e-210,3.3769356305792867e-209
Irf3,30.90817,2.1194062,9.276687416134578e-210,3.610093921902116e-209
Lemd2,30.900606,1.2591007,1.1722555654206753e-209,4.560624425925387e-209
Coa4,30.89116,0.5277704,1.5700738127873633e-209,6.106586857186346e-209
Rprd1b,30.873453,0.8592164,2.714144859635999e-209,1.0553292850589222e-208
Sec22b,30.869862,0.9314987,3.0328460006800826e-209,1.1789132762734543e-208
Taf1,30.869589,1.0179056,3.0584235327925996e-209,1.1885178121892242e-208
Ppif,30.869507,0.8286235,3.0663194339061056e-209,1.191247677803011e-208
Ncbp3,30.869394,0.87078327,3.0769545433997186e-209,1.1950398574550172e-208
Mfsd5,30.867002,0.5887823,3.3129055654086515e-209,1.2863141285338817e-208
Nomo1,30.864704,0.88502,3.556698133380302e-209,1.3805803852959305e-208
Atf6,30.863264,0.20936878,3.718497920218116e-209,1.442975569210634e-208
Tsen34,30.858128,0.5719316,4.35806378510744e-209,1.6906814825913259e-208
Wbp11,30.847721,0.64160997,6.0099341005962e-209,2.33085220719379e-208
Mllt10,30.84497,1.3206446,6.542781201075886e-209,2.536788571724206e-208
Creb1,30.844141,0.75225186,6.712543357533369e-209,2.601871610381769e-208
Usp14,30.842587,0.6979237,7.042537066657653e-209,2.7290080585588953e-208
Dvl3,30.840696,0.6884597,7.465811437965957e-209,2.8922088219315715e-208
Dusp6,30.835056,1.0559149,8.88578682691608e-209,3.441323558710773e-208
Arhgef1,30.832531,1.2282158,9.605892809988936e-209,3.7191558373895442e-208
Gps1,30.823074,0.0925868,1.2861282113242958e-208,4.978149813150224e-208
Parva,30.822453,0.62940407,1.3110580215567391e-208,5.073208388451728e-208
Gpcpd1,30.820602,0.5475788,1.388066417775742e-208,5.369677019259766e-208
Cdk5,30.814709,0.65598345,1.6648122086975513e-208,6.4384352245302645e-208
Atic,30.812954,0.9022372,1.7573974033065896e-208,6.794574354033818e-208
Eif2b2,30.80999,0.22044678,1.9257284406689708e-208,7.443283331302479e-208
Endod1,30.808083,0.46408635,2.0423947885666192e-208,7.891988904676043e-208
Nqo2,30.806274,0.8940487,2.159443237961117e-208,8.341917027999512e-208
Mbp,30.8057,0.686562,2.1980438835071838e-208,8.488633184682503e-208
Tcn2,30.799788,0.4030342,2.6375981832513545e-208,1.0183273618284098e-207
Ldah,30.799105,0.8443105,2.693828426858463e-208,1.039743261001679e-207
Mlph,30.797997,1.2873055,2.7874861364759318e-208,1.0755889649071209e-207
S100a1,30.796852,0.51017267,2.887578110761255e-208,1.11389649265614e-207
Tspan12,30.79638,0.80710757,2.92990472583091e-208,1.1299054462982993e-207
Chd2,30.791893,0.829534,3.364482584333136e-208,1.2971327696858087e-207
Hoxb6,30.782665,1.2358934,4.471315876065357e-208,1.723372170383139e-207
Sh3gl1,30.78144,1.1905239,4.643030559392291e-208,1.7890516455252068e-207
Slc8b1,30.776148,0.9197099,5.465758126646009e-208,2.1054716163911035e-207
Rexo2,30.773277,0.64436597,5.971072792880145e-208,2.299476779572965e-207
Zmat5,30.77187,1.1532384,6.235471453387495e-208,2.4006213999176236e-207
Ank,30.769924,0.24473712,6.620528378589462e-208,2.5481487637830252e-207
Swap70,30.755562,0.8639624,1.030356064998867e-207,3.964580525846794e-207
Mapk1,30.754894,0.2337742,1.0517496524305878e-207,4.045759914764638e-207
Spast,30.748747,0.71046627,1.2708940022270102e-207,4.887366558058034e-207
Trim40,30.741024,0.8689757,1.6118266530561306e-207,6.196718999309132e-207
Ociad2,30.73669,0.78750044,1.841775099806214e-207,7.078773043802692e-207
Iqsec2,30.733725,1.1228775,2.017732275185329e-207,7.752876893273214e-207
Lmbrd2,30.721054,-0.014114864,2.9793875682138032e-207,1.1444698032394314e-206
Pigx,30.718382,0.30543184,3.234579939646285e-207,1.2421477302629304e-206
Fam102a,30.715864,-0.0020674705,3.4949136012568435e-207,1.341744623727887e-206
Spata2,30.714472,1.895393,3.6477691234224564e-207,1.4000348796744904e-206
Slc27a4,30.709183,0.42210865,4.291990231826805e-207,1.64682846296946e-206
Msl3,30.707169,0.9230282,4.566170418642697e-207,1.7515394242619603e-206
Phlpp2,30.70675,0.9538391,4.625104326766291e-207,1.773648392275071e-206
Sf3b3,30.697802,0.5634575,6.0894112642273665e-207,2.3345303907571977e-206
Wdr83os,30.691189,0.2601177,7.461441970820177e-207,2.859731472840973e-206
Rbfa,30.690748,0.98890877,7.56323118558025e-207,2.897931814592601e-206
Cox11,30.689693,0.7860559,7.812076375361144e-207,2.992441020533995e-206
Zfpl1,30.685156,0.54673284,8.980970542621256e-207,3.4392263279290305e-206
Polr2h,30.68094,0.83617014,1.0222251811026973e-206,3.913474062592213e-206
Tmem63b,30.66796,0.07131267,1.5228318094559168e-206,5.828358520657616e-206
Tab2,30.66719,-0.006844549,1.5592592752681576e-206,5.966108167121448e-206
Rmc1,30.662764,0.8878599,1.7862291712545306e-206,6.832638857875722e-206
Tex2,30.655413,1.0473741,2.2382147667949556e-206,8.559168606241894e-206
Pno1,30.650274,0.25044742,2.6205732808924415e-206,1.0018546160526735e-205
Fam117b,30.64897,0.15676944,2.727547221483918e-206,1.0424597052485348e-205
Mad2l1bp,30.634407,0.7297523,4.263637599850992e-206,1.629093159484837e-205
Cap1,30.62775,0.79633015,5.228983177983792e-206,1.9973839374002335e-205
Slc39a7,30.626646,0.8774692,5.408964584967943e-206,2.0655568472336395e-205
Espn,30.620337,1.3765042,6.563372437263361e-206,2.505698438849148e-205
Ube2j2,30.618273,1.3588487,6.992125261354523e-206,2.6686383742401083e-205
Pml,30.613909,0.71622497,7.992403647088045e-206,3.0495569161252515e-205
Rab1a,30.612717,0.67801005,8.289753258695025e-206,3.1621304271312264e-205
Pdcl,30.611757,0.909542,8.537440629394522e-206,3.255702749776076e-205
Wdr45,30.60963,0.6288369,9.112278887725752e-206,3.4739451851031405e-205
Smim22,30.604492,0.30789474,1.0665660342773197e-205,4.065019654053052e-205
Mpzl2,30.60322,0.6815051,1.1089845258321479e-205,4.225512229243416e-205
Scnm1,30.600128,0.65132505,1.2191624965701328e-205,4.644024273146675e-205
Rab17,30.599674,0.9846271,1.2361960545172959e-205,4.70759706085325e-205
Arfgap2,30.596941,1.4606537,1.3441941953434429e-205,5.117443101704227e-205
Emc3,30.59514,-0.04339484,1.4203764487434835e-205,5.405969367260544e-205
E2f5,30.59208,0.83822334,1.559971091722309e-205,5.935616215721362e-205
Pof1b,30.591898,0.20642202,1.5686506431937645e-205,5.966981236627185e-205
Fam50a,30.591312,0.723989,1.5970771379977558e-205,6.073423209710597e-205
Phf10,30.584808,0.7469131,1.9489903661636533e-205,7.409631152985254e-205
Tpd52l2,30.58284,0.22944625,2.070103933981457e-205,7.867890855251924e-205
Exosc4,30.581055,0.99145067,2.1864140882016174e-205,8.30764452796808e-205
Mtdh,30.576248,-0.027103588,2.532938120951898e-205,9.62164689000478e-205
Lmo4,30.56194,0.5519759,3.9244959735889284e-205,1.490349415129925e-204
Hipk3,30.557884,0.0029952368,4.442832447750654e-205,1.686722202192954e-204
Spg11,30.557768,1.5702201,4.458736569947408e-205,1.6922903856239468e-204
Zfp800,30.554295,1.1656063,4.95853932564808e-205,1.8814657402396642e-204
Plrg1,30.537128,1.051082,8.381590427285645e-205,3.179424385385054e-204
Ttc38,30.53593,1.2196552,8.69389162327623e-205,3.296976371278493e-204
Fopnl,30.535717,0.87461716,8.75109834370975e-205,3.317750758254251e-204
Kansl3,30.529308,1.0290211,1.0644465321185953e-204,4.0344529730381906e-204
Mst1r,30.526184,0.98680127,1.1711263506191312e-204,4.437559668804826e-204
Ttc14,30.524666,1.9329592,1.2267521725748585e-204,4.647045972288418e-204
Rbm27,30.519644,0.2121358,1.4301390806767854e-204,5.415993333773204e-204
Slc18b1,30.507215,0.53706133,2.0906025811118086e-204,7.91500285069324e-204
Akap7,30.50433,1.6365211,2.2831174652565638e-204,8.641470062934822e-204
Dram2,30.502876,0.42623344,2.386785333944512e-204,9.03134738286973e-204
Alg5,30.500002,1.5422786,2.6057830834628027e-204,9.857284555007973e-204
Rnf139,30.499615,1.2195714,2.6366910337597844e-204,9.971446318214892e-204
Mpst,30.49761,0.84271014,2.8031288001511316e-204,1.0597950329573326e-203
Vps16,30.496614,0.98103833,2.889716820551455e-204,1.0922298927872069e-203
Tnrc6b,30.492975,1.3768771,3.22913171221961e-204,1.2201817122023535e-203
Foxj3,30.49237,0.5847708,3.2893726673618405e-204,1.2426014150876567e-203
Kif2a,30.492073,0.8842186,3.319429685753711e-204,1.2536095264479979e-203
Ccnt1,30.491215,1.3029517,3.407535535978672e-204,1.2865281185673202e-203
Arl14,30.488914,1.8049512,3.655403166147064e-204,1.3797305629881616e-203
Tmem11,30.47822,0.2857921,5.066019728327245e-204,1.9116396187879435e-203
Ufl1,30.47317,0.9952588,5.9097098014286026e-204,2.2293870768147903e-203
Eef1akmt1,30.470007,0.8942558,6.508414792401453e-204,2.454566251684773e-203
Rreb1,30.461363,0.07138321,8.471664427411829e-204,3.194100111520727e-203
Ube2r2,30.44452,0.4308921,1.4156569253522758e-203,5.33602768858665e-203
Mllt6,30.442799,0.4991533,1.491898350121356e-203,5.621854488263858e-203
Commd10,30.433855,0.64323765,1.9593189353178369e-203,7.381180837595432e-203
Cpq,30.430794,1.0024549,2.1508198979504445e-203,8.100375132049664e-203
Gtf2i,30.4302,0.9429878,2.190066669102545e-203,8.245914564971724e-203
Txndc11,30.429096,1.0555263,2.2649552885395346e-203,8.525533600544491e-203
Camk1d,30.417263,0.77988726,3.247754837209263e-203,1.222153203049991e-202
Cnpy2,30.41632,0.32296342,3.34222489600321e-203,1.257356958812762e-202
Dcaf1,30.416037,0.90590316,3.3712199365184746e-203,1.2679161889958784e-202
Tmem117,30.41508,0.7174657,3.471040502176368e-203,1.3050997763888324e-202
Wasf2,30.41427,-0.009337814,3.557508633555786e-203,1.3372438307827206e-202
Ubqln2,30.41408,0.25395626,3.578225923236796e-203,1.3446617065200105e-202
Slc11a2,30.409468,0.9074653,4.117739494554099e-203,1.5469804282425085e-202
Vps37c,30.398222,0.73517096,5.798288344179568e-203,2.1777421891418725e-202
Gpsm2,30.397436,1.0178446,5.938771752477395e-203,2.2298930179881486e-202
Pbx1,30.396315,0.79126316,6.144743666188477e-203,2.306598123390816e-202
Dcaf10,30.391504,1.5289727,7.113343061898856e-203,2.6694557182071037e-202
Atxn3,30.390919,0.4973076,7.241398229563175e-203,2.7167660024492845e-202
Stam,30.390635,0.6788865,7.304167463849925e-203,2.739563633245961e-202
Cpsf2,30.390066,1.0841118,7.43134112824536e-203,2.786498215759674e-202
Sptssb,30.386015,0.8739141,8.406387245978835e-203,3.151243026007691e-202
Kars,30.385601,0.23299977,8.512511241529749e-203,3.1901504858295234e-202
Ncoa5,30.383871,1.0490313,8.972653240850308e-203,3.3616721388665192e-202
Trim33,30.376795,0.6317895,1.1126936239197073e-202,4.167648673542042e-202
Marveld2,30.367401,0.92541695,1.4805873217638358e-202,5.544094092311188e-202
Mvk,30.365818,0.98363155,1.5535751297389077e-202,5.815806159096514e-202
Fundc1,30.35836,1.3621358,1.9487940534771613e-202,7.293311078626212e-202
Kdm4a,30.357708,0.72531915,1.9878663616683786e-202,7.437502734833126e-202
Cdc27,30.353561,0.6853023,2.254755312721263e-202,8.433746964295205e-202
Snrpa,30.352592,0.7340109,2.3222198508242606e-202,8.683717927268736e-202
Prpf39,30.348932,1.3261868,2.59531218311066e-202,9.702267387653983e-202
Bptf,30.344788,1.6477735,2.943649230337683e-202,1.1001476694415911e-201
Pdpr,30.342861,0.90339875,3.1210260842611494e-202,1.1661210847615087e-201
Fam193b,30.336006,1.6972167,3.843281302177959e-202,1.4355878669020374e-201
Mob3b,30.330412,0.29233846,4.5550044540315725e-202,1.7009744923233682e-201
Fam3c,30.321833,0.9083156,5.910310720777231e-202,2.2064837320946936e-201
Pcbd2,30.315176,0.60165673,7.2334370698127115e-202,2.6997066574696734e-201
Rassf1,30.306522,1.9074156,9.405529543764847e-202,3.509430191295615e-201
Nfyc,30.287983,0.4264932,1.6504137614310576e-201,6.156412489789884e-201
Tbpl1,30.28765,0.6798546,1.6671999247281675e-201,6.217332689025822e-201
Tbcd,30.286789,0.26567906,1.7112753038266596e-201,6.379959045755062e-201
Ptdss1,30.286402,0.25075495,1.7314308160796507e-201,6.453343256988068e-201
Irak2,30.282671,0.779089,1.9387773321292415e-201,7.224190740290838e-201
Med21,30.2795,1.2645133,2.1345242591429114e-201,7.951408129604825e-201
Stx6,30.279274,0.9248187,2.1490726666428213e-201,8.003422853033929e-201
Poc1b,30.262749,0.76447356,3.545996322237728e-201,1.320215075050393e-200
Zcrb1,30.258629,0.9612204,4.017304552948513e-201,1.4952814306361163e-200
Tmem181a,30.258156,1.3182279,4.075450858735062e-201,1.5165113059374686e-200
Ovol2,30.251429,0.54211015,4.996510605290232e-201,1.858740003464198e-200
Pank1,30.250525,0.9681865,5.135111159469249e-201,1.9097809384210493e-200
Hccs,30.24584,0.82392853,5.917715816019163e-201,2.2002382758037537e-200
Chmp7,30.244925,1.2093573,6.084034776003435e-201,2.2614616896397657e-200
Itgb6,30.240158,1.6105953,7.028298681386411e-201,2.6117387083684555e-200
Lars,30.238281,1.1933422,7.43956100873981e-201,2.7638140938472397e-200
B4galnt3,30.238152,0.8217801,7.468608497223244e-201,2.7738517436047764e-200
Bfar,30.227646,0.58172905,1.0264383400344772e-200,3.811171409169556e-200
Btbd7,30.224718,0.69998413,1.1215113344171589e-200,4.163047637935572e-200
Zbtb43,30.224707,1.1985604,1.1219158911882727e-200,4.1634192162821247e-200
Usp48,30.219368,1.0863794,1.318542481300278e-200,4.891771142642785e-200
Ybx3,30.219124,0.4320505,1.3283734084244447e-200,4.926907068132433e-200
Zfp768,30.212801,0.7747295,1.6083258306454497e-200,5.963626825942658e-200
Eef1d,30.2036,0.6973679,2.124361334390988e-200,7.874936635347455e-200
Xpa,30.199871,1.0269157,2.377857691665736e-200,8.812250388490228e-200
Upf3a,30.199802,0.925015,2.3828328679326538e-200,8.828295710912772e-200
Adam17,30.197071,0.044282023,2.5878035459076763e-200,9.585106579167789e-200
Abcb1a,30.189709,0.85145193,3.232948461351386e-200,1.1971451451118388e-199
Mfsd14a,30.188656,1.0511305,3.337317768828083e-200,1.2354580532951823e-199
Zcchc8,30.187508,0.59749043,3.4552436027398736e-200,1.2787674226648923e-199
Ces1g,30.186718,0.5563881,3.538627679477088e-200,1.3092730929883435e-199
Krt7,30.181953,0.7165951,4.086702842680525e-200,1.5116489416731453e-199
Hnrnph2,30.171844,1.521488,5.546100512956404e-200,2.0509173746532946e-199
Emc1,30.167608,0.9811454,6.303095203897046e-200,2.330219705685107e-199
Slc35b1,30.164005,1.0846847,7.027929815158831e-200,2.597484870872892e-199
Gtf3a,30.162764,0.36743766,7.296514912959715e-200,2.696023816123321e-199
Muc3a,30.155329,0.31977886,9.132290861747509e-200,3.373421867487768e-199
Tubb2a,30.152952,1.5100766,9.811592097855108e-200,3.62337353330188e-199
Ndufa8,30.151817,0.7969532,1.0153488733421365e-199,3.7486219878384764e-199
Hspa4l,30.149208,1.0856926,1.0985852808256857e-199,4.0548323118195015e-199
Wac,30.147987,0.026733398,1.139810458519464e-199,4.205857533797536e-199
Fa2h,30.147243,0.7424283,1.1656861246325385e-199,4.300177435756666e-199
Akt1s1,30.145992,0.16327561,1.2105580912518265e-199,4.464504287451113e-199
Rnf13,30.145533,0.39521134,1.227484140913831e-199,4.525706558909851e-199
Fau,30.139385,0.87631446,1.477597990431195e-199,5.4464022962659275e-199
Serhl,30.137323,0.18050164,1.572448591949781e-199,5.794458230911683e-199
Smim8,30.13712,1.0786567,1.5822050013011689e-199,5.828839814868935e-199
Wrn,30.127863,0.564311,2.091862759199729e-199,7.704342373298221e-199
Map11,30.125692,1.2323947,2.2333054724784457e-199,8.2230620183475345e-199
Smim31,30.120083,0.23147683,2.644914188416967e-199,9.73598964376905e-199
Lpcat3,30.116488,0.2930662,2.9477181878057155e-199,1.084769812116339e-198
Mgll,30.109749,1.4318115,3.6117667754605285e-199,1.3287842522040014e-198
Klhdc3,30.104502,0.1039675,4.230596979087874e-199,1.5560358711411159e-198
Rara,30.10057,0.55987805,4.762672158466973e-199,1.751264903657861e-198
Exph5,30.100101,1.0500764,4.8305509493657235e-199,1.7757468879724804e-198
Prcp,30.093779,0.57478774,5.844186849242134e-199,2.1477897114589137e-198
Prep,30.092709,0.6698843,6.035713837768621e-199,2.2175815887019315e-198
Xrn1,30.091017,1.4834877,6.3514502927750645e-199,2.332959515275289e-198
Timm10b,30.080162,0.8002476,8.807392422409567e-199,3.234186127187187e-198
Atp6v0d1,30.075085,0.15588109,1.0262395993136696e-198,3.767470206876358e-198
Galnt10,30.074762,0.27707073,1.036231839880656e-198,3.803132155224898e-198
Saa3,30.074692,1.203098,1.0384655024742299e-198,3.810307417852185e-198
Bmp2k,30.0704,0.8863673,1.1816707863272245e-198,4.334589056605363e-198
Uba1,30.069185,0.5428659,1.2257200785882504e-198,4.49496435363216e-198
Epn1,30.06691,0.6151542,1.3125691945564994e-198,4.8121672213297935e-198
Ddx21,30.061605,0.5550177,1.539764986894042e-198,5.643603912027881e-198
Taldo1,30.05675,0.7442198,1.782041387903792e-198,6.529854228184447e-198
Bud23,30.054575,0.773474,1.9025150663526165e-198,6.96943303840665e-198
Gpatch8,30.044315,1.2312602,2.5904618259152994e-198,9.487028781304692e-198
Slc3a2,30.044289,0.667849,2.5925057948384895e-198,9.491972354596076e-198
Cdadc1,30.031923,0.99951905,3.760185272087803e-198,1.3763526123072995e-197
Adgra3,30.02453,0.42319283,4.6959403525086964e-198,1.7184100701246034e-197
Tfdp1,30.022532,0.6170506,4.986903206251145e-198,1.8243954346036492e-197
Fam173a,30.022116,1.0880882,5.049464569334724e-198,1.8467886596858075e-197
Helz,30.018019,1.1700765,5.711257758762006e-198,2.0882740601890488e-197
Hars,30.01413,0.86819696,6.419088310913062e-198,2.346459039073406e-197
Tmem253,30.013361,0.6170968,6.56933389672543e-198,2.4007386701689005e-197
Taf12,30.010252,1.3730402,7.212469056125001e-198,2.6350658386991555e-197
Dusp3,30.008677,0.3659371,7.562121170883365e-198,2.762072836854434e-197
BC016579,30.005127,0.80158544,8.413048117606485e-198,3.072054285935078e-197
Kif21b,30.001942,1.4765395,9.257633256228458e-198,3.379555119565514e-197
Colgalt1,29.996693,0.36499554,1.083846108664826e-197,3.955589948222977e-197
Akap8,29.983994,0.6161626,1.5869114200552546e-197,5.79002499179712e-197
Casd1,29.97039,0.79844856,2.3869373654250718e-197,8.706686709039172e-197
Slbp,29.969545,0.34271696,2.4481461428788354e-197,8.92757293436482e-197
Gyg,29.967058,0.48272863,2.637942685665143e-197,9.617133091567804e-197
Ubxn7,29.964254,0.5205124,2.869394404099224e-197,1.0458147248416013e-196
Med20,29.957436,1.1140581,3.520493610863702e-197,1.2827804457383726e-196
Myo5c,29.956335,0.92969316,3.638718297100338e-197,1.3255053999160129e-196
Dctn5,29.95524,0.5499599,3.760102111932217e-197,1.369358092694356e-196
Tubal3,29.953829,0.99505687,3.9226495557749144e-197,1.4281744588717242e-196
Rab20,29.948284,0.22582471,4.632193070322623e-197,1.6860590959984529e-196
Pfdn5,29.94811,-0.0079698125,4.656424985769767e-197,1.694428197988333e-196
Higd2a,29.937452,0.5244727,6.40928758612263e-197,2.3316575615915657e-196
Rdh14,29.927101,0.5917154,8.740096571738634e-197,3.178745229216112e-196
Dolpp1,29.924892,1.6484433,9.337669501573842e-197,3.3951776238772214e-196
Itm2c,29.92228,0.7396541,1.0097898943989478e-196,3.6706211605278074e-196
Pias1,29.921282,0.5635491,1.040460395900773e-196,3.7811044150792113e-196
Caprin1,29.920843,-0.09162438,1.0542214469348184e-196,3.8300951877878967e-196
Zfp513,29.920547,0.73208153,1.0635975925045407e-196,3.8631333539175545e-196
Clptm1,29.913496,0.52965987,1.3137110482925761e-196,4.770312954169139e-196
Slc20a1,29.91075,0.389569,1.4263153630745265e-196,5.177823889048088e-196
Rhof,29.908527,1.7482718,1.524432382130528e-196,5.532540558820322e-196
Sepsecs,29.90581,1.146508,1.653659135189209e-196,5.999943930409242e-196
Lhfpl2,29.904953,1.0313993,1.6965772819212997e-196,6.154030326332566e-196
Slc31a1,29.904396,-0.05760768,1.725148949990039e-196,6.256009517664753e-196
Srek1,29.899244,1.1036185,2.0128041992183315e-196,7.297215648014497e-196
Tmbim4,29.897354,0.27757522,2.1299810801241062e-196,7.719981783911251e-196
Pih1d1,29.890429,0.3491144,2.6205070036156074e-196,9.495345329741237e-196
Prps1l3,29.88533,0.78862137,3.052443126449824e-196,1.1057525762702342e-195
Mctp2,29.882717,1.0392553,3.3006179654714492e-196,1.1953376768491015e-195
Utp11,29.8771,0.16998842,3.9044543788450563e-196,1.4136461114828208e-195
Cyp4f14,29.871376,0.6090878,4.633455673904081e-196,1.6771441593604634e-195
Ndufa9,29.867157,0.9786307,5.256567709427118e-196,1.9021847956183074e-195
Pard6b,29.865164,1.2098755,5.579319299754543e-196,2.0184442175699306e-195
Tmem192,29.859684,0.523805,6.572634077829136e-196,2.3771692942161715e-195
Lats1,29.858732,0.116559185,6.762198328443968e-196,2.445083610298024e-195
Lamtor4,29.855698,0.196922,7.404277984627134e-196,2.6765398212999224e-195
Wipf2,29.855566,0.4794087,7.433351664332853e-196,2.686339429433186e-195
Polr2b,29.85353,0.7563251,7.899699652162662e-196,2.8541186986347262e-195
Ngdn,29.848078,0.70922667,9.297579798713019e-196,3.3582779648019157e-195
Pias4,29.845406,0.6370379,1.007044650890099e-195,3.636476261136019e-195
Nek9,29.841366,0.7035859,1.1362625488436103e-195,4.1020037897139315e-195
Tmem65,29.835949,0.53692895,1.3358121484401992e-195,4.821121966196813e-195
Ndufa11,29.83136,-0.025483191,1.5320409458219586e-195,5.527878610584507e-195
Urah,29.824358,0.59345406,1.8882995439660266e-195,6.811526315941813e-195
Fam214b,29.820557,0.8089978,2.1153056005055183e-195,7.628376605198566e-195
Brwd3,29.818186,1.3883089,2.2703612915309794e-195,8.185391685126851e-195
Rai14,29.811047,1.263714,2.809620124496823e-195,1.0126925461911982e-194
Cyp4f13,29.805914,1.2465005,3.2746641761618503e-195,1.1800008592625377e-194
Ddah1,29.793306,0.36970755,4.770098859218907e-195,1.7184168045263054e-194
Mtpap,29.789417,0.6135915,5.356608897892884e-195,1.9291974368892594e-194
Cul4b,29.780956,0.24360047,6.893733262413103e-195,2.4821432955107737e-194
Pdhx,29.779837,1.0239788,7.127905964474587e-195,2.56578347102369e-194
Pglyrp1,29.775103,0.3732544,8.208386458501494e-195,2.953939074210735e-194
Smpd1,29.771145,0.42328075,9.236012580710647e-195,3.322874823499555e-194
Nck1,29.769321,1.044742,9.751910880725995e-195,3.5075586873731715e-194
Pdk3,29.758493,0.21653254,1.3465117496945026e-194,4.841848061286437e-194
Tmem160,29.756504,1.1656866,1.4286750811911232e-194,5.135944199602684e-194
Acsf3,29.748718,1.7606548,1.8015703327886935e-194,6.474763285383806e-194
Pde12,29.74138,0.41264802,2.2415442175523767e-194,8.053893109571401e-194
Cebpa,29.739626,-0.00766645,2.3617561374415032e-194,8.483586860917404e-194
Rbl2,29.727669,1.1964736,3.371486175091226e-194,1.2107424749047406e-193
Nfe2l1,29.726486,0.20315984,3.492239833639757e-194,1.2537773621691698e-193
Alkbh6,29.726042,0.2203883,3.538879056644523e-194,1.2701882178376336e-193
Tfcp2l1,29.71778,0.315836,4.525234339669076e-194,1.6237884963257575e-193
Ddost,29.712793,0.45139205,5.248596144758169e-194,1.8828581395479527e-193
Plpbp,29.703398,0.533793,6.940572617491619e-194,2.4891773024966666e-193
Cdc42bpa,29.691154,1.0243706,9.98818749550595e-194,3.5812392239392727e-193
Eif3b,29.690231,1.0649915,1.0265883019550157e-193,3.679841423128399e-193
Med14,29.685188,0.75088143,1.1926363495151884e-193,4.273926121493763e-193
Prkag2,29.6812,0.6089858,1.3427041889199105e-193,4.810447939082991e-193
Slc9a3,29.67888,0.86335385,1.4385101952149973e-193,5.152338114082003e-193
Areg,29.674143,1.1037034,1.655892680999058e-193,5.92938790590786e-193
Lsm3,29.66629,0.33680063,2.090897428946294e-193,7.485084382418997e-193
Apba3,29.665295,0.69778657,2.1537018954406213e-193,7.707896733878696e-193
Iws1,29.662899,0.2763453,2.312522903236675e-193,8.274136761319082e-193
Rack1,29.652712,0.4451624,3.129240712922575e-193,1.1193399620511695e-192
Nedd4,29.652359,0.15219894,3.162188223400868e-193,1.1308296013338617e-192
Cldn23,29.651289,0.2673207,3.2642791810999057e-193,1.1670331451383322e-192
Vps41,29.647415,1.3247932,3.662064043373772e-193,1.3089055356282366e-192
Zfp326,29.64712,0.8296644,3.6943358141315827e-193,1.3200951726744028e-192
Ppp1r9a,29.645634,1.193131,3.860825380879665e-193,1.3792264128403716e-192
Lipg,29.63553,0.4012115,5.210527583059718e-193,1.8609027082356133e-192
Tango2,29.63515,0.25094336,5.269454991753929e-193,1.8814568410505216e-192
Lsm7,29.630865,0.828441,5.983984991714943e-193,2.1360217896554905e-192
Ube2w,29.61845,0.62996244,8.647827095230351e-193,3.0860917413171984e-192
Cdk19,29.611387,1.5435102,1.0662494872671615e-192,3.804059936962806e-192
Fxr1,29.60127,0.86959714,1.439009585568476e-192,5.132617653273059e-192
Ehmt1,29.594845,1.5132726,1.7408955772202437e-192,6.2077567192925255e-192
Ckap5,29.585266,0.84619385,2.31209344351875e-192,8.242408196068536e-192
Dido1,29.58431,2.4362218,2.378493274681957e-192,8.47690787888344e-192
Atf7ip,29.5752,0.12142625,3.1151755406554245e-192,1.1099537654628173e-191
Prkx,29.56842,1.0032876,3.807361519764289e-192,1.3562299761077535e-191
Kat5,29.554527,1.4075098,5.7437759424577616e-192,2.0454722920080702e-191
Slc26a2,29.55428,0.88588774,5.786065576862188e-192,2.0599960105074313e-191
Slc4a4,29.550392,0.5452719,6.49146535849807e-192,2.3105358869719184e-191
Ints3,29.547686,0.057283994,7.032426795418994e-192,2.5024313408106878e-191
Ahdc1,29.5462,1.2226046,7.348267324581816e-192,2.6141403658599463e-191
Ccnc,29.545979,1.1197984,7.396615491050556e-192,2.630655834593403e-191
Tsr1,29.544704,1.0754871,7.68098352958674e-192,2.7310829372620556e-191
Ell,29.54423,0.30036148,7.789522060713702e-192,2.7689553984990872e-191
Dnajc21,29.538738,1.0735897,9.162805900298296e-192,3.256272626990104e-191
Aldh6a1,29.538261,0.23396121,9.292912622988485e-192,3.301651860726618e-191
Myl12a,29.532732,0.025057102,1.0943990387943264e-191,3.886786996073063e-191
Tor4a,29.532726,0.9879682,1.0945533251829884e-191,3.886786996073063e-191
Ikzf2,29.532007,0.352751,1.1181016619257754e-191,3.9693770059280834e-191
Hdac5,29.526863,1.1702954,1.3017637965047104e-191,4.6201972274077124e-191
Esco1,29.526834,1.3499835,1.3028650874889669e-191,4.62290609014313e-191
Dnmt3a,29.506289,1.192943,2.3908911153846822e-191,8.481306356131135e-191
Galnt4,29.497044,0.38756382,3.1415513526383526e-191,1.1141264197958888e-190
Trp53inp1,29.492897,0.59840155,3.5509055956402975e-191,1.2589741773497814e-190
Yipf5,29.49172,1.1225376,3.676289260416926e-191,1.3030911258735476e-190
Arhgap35,29.487568,0.41224954,4.155814827050109e-191,1.4726812065278631e-190
Cyb5a,29.478306,0.29755715,5.4623479005972074e-191,1.9351711798100211e-190
Slc30a10,29.468233,0.69696426,7.353278605702018e-191,2.6044052041692594e-190
Ifit1,29.46231,0.74338645,8.756793859927178e-191,3.100703159878409e-190
Scd2,29.459011,0.5238488,9.651780063964727e-191,3.416725145604909e-190
Ssbp1,29.453562,1.1551673,1.13345202457533e-190,4.011375889251459e-190
Khk,29.443336,0.5301624,1.5322136586288437e-190,5.42122167703737e-190
Trrap,29.443258,0.34864503,1.535770906294036e-190,5.432402261658288e-190
Slc25a36,29.442688,1.5051339,1.5617814098023125e-190,5.522979254990076e-190
Fam207a,29.438086,0.9730219,1.7887326351663352e-190,6.323919024276017e-190
Optn,29.434673,0.14831798,1.9779121419779477e-190,6.990940434620944e-190
Uhrf1bp1l,29.433641,0.8067974,2.0390006438349778e-190,7.204995815101633e-190
Lpar6,29.4314,1.0923357,2.1781820039635561e-190,7.694817593438809e-190
Abraxas2,29.416428,0.5224156,3.3857447507903934e-190,1.1957659986327127e-189
Agpat3,29.412123,1.1464503,3.8434054853625915e-190,1.3570506070832286e-189
Dnajc11,29.409521,0.6983675,4.1493027007444736e-190,1.4646802899504564e-189
Dhx40,29.405085,0.2792301,4.728251330521015e-190,1.668615146964513e-189
Snrpb2,29.40184,0.3858426,5.202115662098046e-190,1.835369754365087e-189
Snx27,29.401575,0.85874534,5.242793715779398e-190,1.849244365831397e-189
Stk3,29.393711,0.47056285,6.608260505054323e-190,2.330272367370239e-189
Dapk2,29.386889,0.33249494,8.07744304256505e-190,2.8476162311698134e-189
Gabpa,29.381382,0.9298192,9.497953387167167e-190,3.347538983750284e-189
Spry2,29.373085,1.2223834,1.2122613235171433e-189,4.271495387553964e-189
Snrpg,29.370668,0.49374977,1.3015683975187913e-189,4.584994290589765e-189
Tubgcp4,29.367132,0.24058464,1.444147848394771e-189,5.08594432830247e-189
BC005624,29.366566,0.9735856,1.4684400350695268e-189,5.170164129653908e-189
Prr5,29.356352,0.47050074,1.9825967868270903e-189,6.978638625446708e-189
Dad1,29.35254,0.29728156,2.2177714691607995e-189,7.804432537512592e-189
Rictor,29.347006,0.8709675,2.609308760263056e-189,9.179906688087804e-189
Mtmr12,29.330805,0.81027895,4.199472310116986e-189,1.477052053519799e-188
Tfdp2,29.326159,0.53785664,4.813307766348196e-189,1.6925169376397937e-188
Txndc12,29.321926,1.2743891,5.449979329447247e-189,1.9158989030897457e-188
Zfp740,29.320196,1.253748,5.734022955067513e-189,2.0152342305460868e-188
Tlr2,29.316374,1.1658697,6.414652840810746e-189,2.2538637615130254e-188
Exosc10,29.298824,0.89212054,1.0735354020653083e-188,3.771024049124863e-188
Arhgap26,29.295841,0.31028074,1.1716719458297794e-188,4.1146928246590223e-188
Atp5mpl,29.295485,0.6020184,1.1840250414828507e-188,4.157007045514244e-188
Rhog,29.292578,0.33462563,1.2893612922607072e-188,4.525671373630691e-188
Usp16,29.291801,0.94948,1.3190846845288612e-188,4.62881269205342e-188
Eci3,29.284527,0.9392737,1.6326563921673767e-188,5.727700400946351e-188
Mroh1,29.28397,0.86124414,1.6595777612338677e-188,5.820652958418349e-188
Chid1,29.28087,1.0883632,1.8174196677004345e-188,6.372618963026524e-188
Flot1,29.274086,0.5183837,2.2172900515197813e-188,7.77273556896514e-188
Asap1,29.26986,1.3987732,2.509674928630384e-188,8.795439428247181e-188
Nf1,29.263365,0.7889449,3.035650899877848e-188,1.0636055868775191e-187
Coa6,29.252542,0.52242285,4.1680709136856755e-188,1.459999225016691e-187
Fbxo22,29.248613,0.5163687,4.676284773507547e-188,1.6375978048070605e-187
Ranbp9,29.24776,0.26792282,4.794621160643948e-188,1.6786084068562723e-187
Plxna2,29.243486,0.7244384,5.4338447879246555e-188,1.9019152156352614e-187
Chd9,29.241625,1.5897081,5.7382564611162415e-188,2.0079492606388074e-187
Itpr2,29.238497,0.7445049,6.288460294689687e-188,2.1999154394955607e-187
Ints6,29.236954,1.5979096,6.57888312757051e-188,2.3009265158446734e-187
Uck1,29.236563,1.3869752,6.6546030918343e-188,2.326814044511226e-187
Ceacam20,29.22307,0.45941794,9.876581610586186e-188,3.4525115931688675e-187
Gmppb,29.222443,1.450256,1.0059421576706421e-187,3.515527474098143e-187
Osbpl10,29.214542,0.8002554,1.2674781975301421e-187,4.4284017248913367e-187
Enoph1,29.21147,1.0689776,1.3866655152842018e-187,4.843588996554651e-187
Prrc2b,29.209702,0.8283776,1.4602855546149057e-187,5.099439468682032e-187
Ndrg3,29.200607,-0.049174994,1.9051355911950046e-187,6.651194590143398e-187
Nktr,29.19996,1.3498429,1.9414591967611827e-187,6.776277313861453e-187
Pmm1,29.190706,0.43599606,2.544515942432707e-187,8.878860809585933e-187
Gjb3,29.186058,0.43754438,2.914754425276018e-187,1.0168180297359576e-186
Zfyve16,29.18174,1.0061519,3.306625086585629e-187,1.1532287186701983e-186
Plbd2,29.178602,0.26010314,3.6240072295885465e-187,1.263597625309112e-186
Zbtb33,29.15674,0.4482828,6.862132549575399e-187,2.392038302713321e-186
Manf,29.151335,0.15699811,8.034634846306934e-187,2.8000415780644067e-186
Mapk1ip1l,29.14961,-0.022787884,8.449717944607078e-187,2.94394631573253e-186
Hsp90aa1,29.149576,0.20505159,8.45795202466415e-187,2.946064542467709e-186
Ints10,29.146582,0.86205584,9.23023709859776e-187,3.214247321704211e-186
Smad3,29.135618,0.72446775,1.2709535002977157e-186,4.424717188536472e-186
Ash2l,29.134598,0.37332332,1.3093481009037237e-186,4.557224555830599e-186
Pign,29.134272,1.3379443,1.3218810683443749e-186,4.599675218730109e-186
Ciz1,29.122171,0.5959656,1.8812641687950443e-186,6.544463878980471e-186
Hpgd,29.117884,0.6059577,2.1316738638413766e-186,7.413692799600923e-186
Jun,29.11554,0.3509259,2.2825406530309927e-186,7.936370055987496e-186
Nop10,29.114176,0.21414368,2.3750937493124836e-186,8.256077026397614e-186
Naa35,29.111223,0.44602177,2.5884469377045937e-186,8.995428684399065e-186
Uqcc3,29.105125,0.81434494,3.0918526649023816e-186,1.0742145628185993e-185
Ranbp3,29.104584,0.9688661,3.1409933365576727e-186,1.09101051250765e-185
Cox10,29.097689,0.64385295,3.8400160787018514e-186,1.3334743493206658e-185
Resf1,29.092157,0.86041236,4.511280996335974e-186,1.5661784113961527e-185
Prdm2,29.088573,0.3112688,5.0074941366312695e-186,1.738007165442452e-185
Homer1,29.084618,0.89393574,5.619124217020471e-186,1.9497976063880978e-185
Wdr41,29.07586,0.9044935,7.251264878848491e-186,2.5155009441464514e-185
Pdzd3,29.07446,1.5294629,7.552740936890228e-186,2.619420043418054e-185
Med11,29.07439,0.7513753,7.567955315700196e-186,2.6240311597920938e-185
Cela1,29.073078,1.4816043,7.86236992642962e-186,2.7254222748776948e-185
Pdcd5,29.07072,0.26808286,8.420857290319008e-186,2.9182773300839438e-185
Phrf1,29.069418,0.87028813,8.74658940898766e-186,3.030392960929978e-185
Arid1a,29.068855,0.707327,8.890982650213293e-186,3.07964001372003e-185
Sf3b4,29.064333,0.8906009,1.0141545444357528e-185,3.511917800749283e-185
Dicer1,29.057058,0.69753,1.2531659147440678e-185,4.3384921225633234e-185
Lman1,29.056208,0.72176284,1.2845792037663422e-185,4.446120124400083e-185
Nemf,29.051647,1.3102154,1.4668046241949008e-185,5.0755448471319e-185
Enpp5,29.050018,0.7818418,1.537939054913017e-185,5.320343176305466e-185
Cfl2,29.045921,1.0885688,1.7325966421588093e-185,5.992225362043934e-185
Fam76b,29.04282,1.007552,1.8961171652986862e-185,6.556106759913915e-185
Gtpbp1,29.039919,0.2912977,2.0630046331110436e-185,7.131341849796138e-185
Atf2,29.036922,-0.115132324,2.250792778871055e-185,7.778516869108334e-185
B4galt3,29.034595,0.44959337,2.408297439098175e-185,8.320734583038794e-185
Cobll1,29.027565,0.93772393,2.954280476521946e-185,1.0204542944288358e-184
Wdr45b,29.026442,1.1459665,3.052271191400472e-185,1.0540355692525619e-184
Lysmd3,29.019194,1.2755039,3.7679680165304394e-185,1.300857425550461e-184
Irf2bp1,29.01709,1.3077444,4.0053146408387665e-185,1.3824502199260508e-184
Pstpip2,29.009912,1.13039,4.933887167608897e-185,1.7025209946265877e-184
Mcoln1,29.000917,-0.010883754,6.406584616387311e-185,2.2101423973031403e-184
Taf2,28.997478,1.2423666,7.079488659240514e-185,2.441664751957479e-184
Ncbp1,28.99549,0.50535333,7.50013125263515e-185,2.5860891295962094e-184
Cox5b,28.992128,0.8830165,8.268836007311476e-185,2.850424310561745e-184
Nubp2,28.992002,1.4835538,8.299217028729675e-185,2.860176231549352e-184
Slc17a9,28.991983,1.0194968,8.303812517846503e-185,2.861038956451271e-184
Galnt6,28.98041,0.83664536,1.1618480465548946e-184,4.002083636432792e-184
Usp22,28.976461,-0.06479646,1.302841833428403e-184,4.4866185021741155e-184
Arl5a,28.975395,1.5144436,1.343746573435141e-184,4.62631782269022e-184
Mgat4c,28.97243,0.8649386,1.4644629869882465e-184,5.040657273361255e-184
Phc3,28.970537,0.7836367,1.547114986713315e-184,5.323804087394208e-184
Ndufb4,28.969242,1.3265055,1.606305859471041e-184,5.526096258683393e-184
Lzts2,28.96711,1.6429553,1.7088441386193312e-184,5.87737514980366e-184
Kpna3,28.964699,0.8293093,1.8325567188878964e-184,6.30128567533115e-184
Ebpl,28.959082,0.14322613,2.1566806491157254e-184,7.413928576334225e-184
Sh3bgrl3,28.956617,-0.05303474,2.3164491439374465e-184,7.961156582896351e-184
Cacfd1,28.952866,0.96390486,2.582637658167235e-184,8.87376130036104e-184
Rxylt1,28.950212,1.185545,2.7891022557686593e-184,9.580751908474357e-184
Jund,28.944252,0.70818233,3.314957129441784e-184,1.138423876070226e-183
Slc25a12,28.940563,0.91141856,3.6888291435365176e-184,1.2665010930921888e-183
Gsdmc3,28.93634,2.4044113,4.169097059947805e-184,1.431034194146241e-183
Smim26,28.930399,0.43407834,4.951989544731734e-184,1.6993339278345409e-183
Uqcc1,28.928482,0.5903962,5.234669443315124e-184,1.7958882247198775e-183
Abcd1,28.919434,0.48174408,6.802967062670128e-184,2.333347744720692e-183
Dynlt1f,28.918346,0.20888993,7.020490599256191e-184,2.4073522804620968e-183
Atp8a2,28.91246,1.4893864,8.324717595112457e-184,2.853860945429001e-183
Zfp871,28.906178,0.9093497,9.984594024443736e-184,3.422038177550579e-183
Rab8a,28.893692,0.33936742,1.4329877090338806e-183,4.910074397654301e-183
Set,28.88643,0.8135728,1.7679045290294516e-183,6.056135880380198e-183
H1f0,28.885757,0.5180785,1.8026130058450523e-183,6.173486815660178e-183
Gid4,28.885353,0.47758383,1.8238645169146923e-183,6.244703873011622e-183
Otulin,28.884172,0.61466724,1.8871797448811386e-183,6.4598705910512065e-183
Bmpr2,28.8754,-0.21691439,2.4320721014604427e-183,8.322969466334223e-183
Rwdd1,28.874514,0.4443493,2.495230374784815e-183,8.536971572474944e-183
Sgf29,28.873808,0.77076834,2.5466536133454644e-183,8.710727404326969e-183
Gtf3c1,28.86481,1.1898068,3.302981327778195e-183,1.1294891137125985e-182
Camk2n1,28.855627,0.35680732,4.306657027365708e-183,1.4723383712306515e-182
Arhgef12,28.852856,0.84713376,4.665784998402315e-183,1.5947165671869948e-182
Stx17,28.848185,0.8753777,5.3396079037404e-183,1.824566169006746e-182
Ssx2ip,28.846478,0.9088711,5.609436815517723e-183,1.916288994559202e-182
Ttll12,28.843868,0.6724692,6.048665944046821e-183,2.0658218477732336e-182
Actr10,28.841743,1.0971744,6.431291405833695e-183,2.1959528083589456e-182
Tmem179b,28.840511,0.7745684,6.664295557871424e-183,2.2749436284046857e-182
Got2,28.833693,-0.013777272,8.11416735893848e-183,2.7691848922756105e-182
Erf,28.815094,1.2466685,1.3878897548509733e-182,4.7353773447073504e-182
Arl5b,28.81218,1.6056823,1.5095682070573084e-182,5.149250494265077e-182
Efna1,28.807611,0.1328773,1.7222683791573195e-182,5.873321716951707e-182
Ubqln4,28.807503,0.03388328,1.727605472198194e-182,5.890053560785415e-182
Sfxn1,28.806602,0.26899612,1.773094224012781e-182,6.043634973423424e-182
Abcg2,28.801607,0.40967643,2.0477787801079235e-182,6.978164669318677e-182
Pigf,28.800014,0.79120475,2.144003535209205e-182,7.304247220723936e-182
Rfwd3,28.795279,1.0377308,2.4577564996158976e-182,8.371063544768966e-182
Rae1,28.795223,0.20884703,2.4616446608248213e-182,8.382218808959022e-182
Gpr137,28.793978,0.7273181,2.551735378827631e-182,8.686826314530209e-182
Nfat5,28.793497,1.0624299,2.5872286667490652e-182,8.805463419062584e-182
Taf4,28.791979,0.89558965,2.7030027163330795e-182,9.197203818326663e-182
Cxxc1,28.790865,0.857205,2.7911537281660415e-182,9.494782893699159e-182
Slc40a1,28.78201,0.8004287,3.6027661564230886e-182,1.2252630487213563e-181
Tcf7l2,28.781136,-0.0030934026,3.694751070562639e-182,1.2562337366967701e-181
Gtf2e2,28.781088,0.95693886,3.6998307349334166e-182,1.2576481556106008e-181
Polb,28.766895,0.43370056,5.568490682624147e-182,1.8923735110557953e-181
Tsc22d3,28.76589,0.7463032,5.73219369522705e-182,1.9475217088752774e-181
Churc1,28.761322,0.68687713,6.538036899284639e-182,2.2207564480307363e-181
Calml4,28.756962,0.66739756,7.412615711149643e-182,2.5171969170591354e-181
Hmg20a,28.755222,1.1209652,7.79347475916291e-182,2.645873071786316e-181
Esrp1,28.749432,0.6887568,9.207138296113858e-182,3.125033909142641e-181
Synrg,28.748941,1.215569,9.337568239483924e-182,3.168517262405525e-181
Tmem126b,28.734823,0.563831,1.401838489737056e-181,4.755678825887928e-181
Nsfl1c,28.732088,1.3282204,1.5165635183235515e-181,5.143602706615715e-181
Lrch3,28.731691,0.80219126,1.5339264438604976e-181,5.201201120702282e-181
Eif2s1,28.730465,1.2292738,1.5890669596752166e-181,5.386834574506343e-181
Ccdc28a,28.713867,2.0277584,2.5610580281367036e-181,8.679670021008531e-181
Erbin,28.713295,0.71291316,2.603530833548801e-181,8.821428183543076e-181
Ston2,28.711374,0.16703211,2.751384529042085e-181,9.32008507174895e-181
Dap,28.708723,0.04133076,2.9692348485245794e-181,1.0055543970672022e-180
Grpel1,28.705395,0.28564277,3.2672725717235803e-181,1.1062132314513484e-180
Ptar1,28.703196,0.56111914,3.4805547527077163e-181,1.1781333228534163e-180
Pex7,28.698153,1.445988,4.023190799875091e-181,1.3614732538552801e-180
Tmem51,28.69226,0.8402506,4.7654039030534787e-181,1.612243898422967e-180
Hmgxb3,28.691566,1.0936744,4.86132274526991e-181,1.6442886109712098e-180
Alkbh7,28.683325,0.73953027,6.159626842192116e-181,2.08291041214088e-180
Paqr8,28.680586,0.71476793,6.663699533855383e-181,2.252808186043816e-180
Pepd,28.659662,0.9658485,1.2149479087910234e-180,4.1063797955307086e-180
Tsnax,28.65764,0.64669824,1.287505737960975e-180,4.350541380433984e-180
Prkce,28.65127,1.4222976,1.5456623181913252e-180,5.2215741603918906e-180
Dnttip2,28.648039,0.29117906,1.6958391726062829e-180,5.727488437982445e-180
Ebna1bp2,28.64718,0.12569538,1.7381012163519995e-180,5.868773860151504e-180
Phf12,28.640287,0.57278335,2.1179384498120515e-180,7.149545371804444e-180
Gnl1,28.63404,1.9012327,2.533477669299199e-180,8.550174513244457e-180
Extl3,28.63096,1.1237278,2.7673465867936153e-180,9.337148920405303e-180
Cdx1,28.626612,0.79723996,3.1346766356559137e-180,1.0573927723876324e-179
Med29,28.62171,0.8393766,3.6074220907678517e-180,1.2165597309802805e-179
Rbms2,28.610554,0.12497036,4.966150030027187e-180,1.6743614807845605e-179
Dld,28.604273,0.5290607,5.945085471921313e-180,2.003920232401379e-179
Cd14,28.598373,0.8827239,7.03892759861729e-180,2.3720388100318244e-179
Tpgs1,28.597542,1.2706391,7.20862326328819e-180,2.4286258468949495e-179
Mfsd13a,28.58917,0.8453437,9.161067802804577e-180,3.0856552266835615e-179
Ubxn8,28.588676,0.5570338,9.291386282248347e-180,3.12877880841532e-179
Tubgcp3,28.586481,1.2523818,9.89402383691958e-180,3.3308905950240095e-179
Nr5a2,28.585241,0.91954464,1.025135891628868e-179,3.4503404671486014e-179
Blvra,28.583113,1.3786346,1.0895345252013248e-179,3.6661871634173515e-179
Gmeb2,28.57944,1.2106891,1.2103086795172816e-179,4.0715796291264025e-179
Pdzk1ip1,28.570332,0.112562776,1.5705288093149788e-179,5.2820908675313174e-179
Slc35a5,28.5668,0.4710944,1.7375351135144617e-179,5.842338991224555e-179
Usp3,28.565523,1.0198802,1.802086586332498e-179,6.057899230112319e-179
Plscr3,28.559216,0.6669949,2.1583251509303796e-179,7.253648670182585e-179
Ddx58,28.55497,1.506197,2.4369014024239812e-179,8.187868962689911e-179
Mpc1,28.548983,0.5000072,2.8919100676642873e-179,9.714288915575811e-179
Ssna1,28.541098,0.77608395,3.622740609573847e-179,1.2166251924342425e-178
Patl1,28.537182,1.0199866,4.0517510525817754e-179,1.3603657167703358e-178
Hgsnat,28.532873,0.9445951,4.5823922341865274e-179,1.5381495778718893e-178
Fbxl14,28.526533,1.3644869,5.492349030570253e-179,1.8431379875594654e-178
Hacd1,28.522383,0.18179862,6.183528715699284e-179,2.0745769182332605e-178
Frrs1,28.520542,0.88451195,6.517193998740227e-179,2.1859854778703115e-178
Auts2,28.518963,0.7269347,6.817601045178989e-179,2.2861867163517085e-178
Asph,28.516386,0.67960596,7.338161020739802e-179,2.4601459171026426e-178
Slc13a2,28.513113,0.39604357,8.056948869781581e-179,2.700460191035861e-178
Agps,28.498737,0.79515404,1.2143709353320493e-178,4.0692287529198175e-178
Snrpn,28.496359,0.5260628,1.2996687262573038e-178,4.3539857500168124e-178
Ddx49,28.474989,0.64076155,2.39068642333981e-178,8.007013676015651e-178
Ldb1,28.474236,0.66543174,2.4425861060974735e-178,8.178835700510027e-178
Hsd3b7,28.471745,0.77037096,2.62236444486281e-178,8.778661880905491e-178
Rnf114,28.467264,-0.047965482,2.9797131187899375e-178,9.972485780580615e-178
Madd,28.458998,0.3596978,3.771095912205583e-178,1.2617992806315475e-177
Jpt2,28.45309,1.0720651,4.4623363603433703e-178,1.4927213729866827e-177
Cln3,28.449009,0.6183926,5.012485469268283e-178,1.676344798049493e-177
Pbx2,28.445803,0.77152294,5.491806248346846e-178,1.836196832424037e-177
Tgif1,28.439026,-0.1015026,6.66095405309764e-178,2.226559439650702e-177
Parm1,28.436457,0.2507592,7.166618805890423e-178,2.3950027412158243e-177
Rbm22,28.433529,0.32057813,7.789515801081474e-178,2.6025318490053547e-177
Apmap,28.43307,0.5754953,7.892215483300401e-178,2.6362004575997314e-177
Acy3,28.431849,0.20875266,8.171262275292017e-178,2.728742652371632e-177
Ydjc,28.423178,1.4040844,1.0458373228776602e-177,3.491656589441407e-177
Carmil1,28.417387,1.2920613,1.2331720164042383e-177,4.116091609550392e-177
Tmem222,28.413752,1.0819157,1.3675508148165084e-177,4.563508392536787e-177
Hax1,28.413118,0.84915197,1.3924450921886836e-177,4.645446849397475e-177
Mapkapk3,28.411407,0.2959741,1.4618247233457357e-177,4.875720266281204e-177
Nqo1,28.392235,0.77990127,2.5216944754934286e-177,8.40872273893505e-177
Ago1,28.389982,0.7746358,2.68846334331481e-177,8.962636816145788e-177
Tbc1d22b,28.389954,0.7373965,2.690650375717999e-177,8.96774162513859e-177
Cacybp,28.386028,1.4483464,3.008113858045332e-177,1.002338133741957e-176
Ikbkg,28.384022,1.2614877,3.1847056905814876e-177,1.060922054048766e-176
Ddx10,28.375195,0.5452325,4.09266072850004e-177,1.3630573663477361e-176
Mccc1,28.373411,1.0821347,4.305331781306009e-177,1.4335381570333496e-176
Pck1,28.372776,0.5463169,4.38359209696253e-177,1.459241040067249e-176
Nmt2,28.368135,0.5072506,5.001374667415622e-177,1.6644876752715654e-176
Parg,28.36507,0.5228806,5.456374799866373e-177,1.8154726371818163e-176
Tmem120a,28.363842,0.36991113,5.649976169483222e-177,1.879431382089104e-176
Fbxo34,28.36011,1.2783308,6.28184653027562e-177,2.089111169784025e-176
Cct2,28.358168,0.7770037,6.637685837404599e-177,2.2069135382083124e-176
Sowahc,28.35771,1.6549264,6.724511328725605e-177,2.2352380267458105e-176
Mpc2,28.357609,0.43427703,6.7441115656295355e-177,2.2412083999996085e-176
Pigc,28.357573,1.1507878,6.750962272875412e-177,2.2429399679682034e-176
Herc1,28.356878,0.99713475,6.885249915334354e-177,2.287000062963257e-176
Arhgap39,28.356058,1.7421715,7.047440484213961e-177,2.340304726120105e-176
Gipc1,28.351276,1.2527516,8.072182569500324e-177,2.679948935127869e-176
Adsl,28.346287,0.75648725,9.300301548471293e-177,3.086932613479246e-176
Coro7,28.333326,1.5018293,1.343449218665959e-176,4.458060680722395e-176
Hes1,28.328331,0.09972568,1.5479152893590353e-176,5.135308486653277e-176
Nbeal2,28.321472,1.5379442,1.8802745193746246e-176,6.236418639934026e-176
Lratd2,28.310883,1.4133685,2.5386718725394386e-176,8.418122661730559e-176
Drosha,28.310835,0.40799326,2.5421051942214134e-176,8.427463886297655e-176
Ric8b,28.296667,1.0857574,3.798053493392768e-176,1.2588071139637932e-175
Clpx,28.292358,0.49413928,4.291316102601156e-176,1.4219468791633345e-175
Tmem131,28.29133,-0.0849455,4.4180511027500945e-176,1.4635864542177215e-175
Coro2a,28.291237,0.706317,4.429701805377671e-176,1.467090631836756e-175
Msi2,28.27,1.0088899,8.08205950605965e-176,2.6760814466190246e-175
Sdcbp2,28.269558,0.76238483,8.184134309234096e-176,2.7092238363296117e-175
Fem1b,28.268791,0.733292,8.363897689249266e-176,2.768061493235327e-175
Rars2,28.262177,0.3407524,1.0085282669486394e-175,3.3369523470899216e-175
Pick1,28.261595,1.0462512,1.0252657977126433e-175,3.391511800609675e-175
Ints8,28.25816,0.92377996,1.1299260500561106e-175,3.736817106291974e-175
Trim24,28.23398,0.81311613,2.238930243664493e-175,7.402652582715653e-175
Dop1a,28.233942,0.93833727,2.2413457091291868e-175,7.408847612362009e-175
Rnf145,28.230354,0.88426733,2.4805849347539234e-175,8.197679792837095e-175
Pcgf2,28.214127,0.65184265,3.9237170612383475e-175,1.29637184857295e-174
Snrk,28.206444,0.15827677,4.874712145026222e-175,1.6101857145708598e-174
Zscan26,28.205467,1.360614,5.011144313000768e-175,1.6548514484492996e-174
Nr1h2,28.198315,1.275777,6.132547138062955e-175,2.0246881244087617e-174
Katna1,28.197893,0.8929985,6.206042382518267e-175,2.048458353389749e-174
Pcmtd1,28.196547,0.6874471,6.446583198179419e-175,2.1273413425459356e-174
Agap1,28.193537,0.25304258,7.018023166459149e-175,2.3153550494892367e-174
Kcnq1,28.19078,1.0389768,7.585748404711586e-175,2.5020528083557874e-174
Med24,28.190062,0.8177937,7.741475091377471e-175,2.552801347349576e-174
Stambp,28.181793,0.4280452,9.775799487896543e-175,3.2228557858482455e-174
Hdhd2,28.180576,1.0391943,1.011766409334618e-174,3.334756723945746e-174
Zfp866,28.17905,1.0716213,1.0562721515724127e-174,3.480607631988613e-174
Ttc1,28.171158,1.4621745,1.3197147946632857e-174,4.347651124312318e-174
Tpd52,28.162071,-0.19273803,1.7051177275919848e-174,5.615964577268881e-174
Arl6ip4,28.158487,1.0645597,1.8865077250506305e-174,6.211893363849597e-174
Rabep1,28.155874,1.3526534,2.030715609674898e-174,6.68513143050174e-174
Fam3a,28.152435,0.7938127,2.237351978728517e-174,7.363607294611906e-174
Pspc1,28.150192,0.7074183,2.3833889285889004e-174,7.842358902418964e-174
Pheta1,28.146103,1.8522159,2.67464554670071e-174,8.79859943496084e-174
Grk6,28.14434,1.1061912,2.81078318863187e-174,9.244218399360468e-174
Rbl1,28.142078,0.6458539,2.995804424286026e-174,9.850354773289591e-174
Atf7,28.141275,0.6741266,3.0643936671054024e-174,1.0073457547515956e-173
Shkbp1,28.130783,0.53099173,4.118191920089272e-174,1.3534312546796634e-173
Brd8,28.120228,1.2114403,5.543804675598163e-174,1.8215167933398578e-173
Eif4a1,28.114052,2.0690517,6.596274514553251e-174,2.1668040832696542e-173
Tgm2,28.104752,0.996839,8.570362668173546e-174,2.8145943680901356e-173
Cabin1,28.09826,0.71707284,1.0287110520809123e-173,3.377580705211639e-173
Zdhhc6,28.09336,1.2671493,1.1807945767025033e-173,3.875987958811026e-173
Clpb,28.07946,0.8088359,1.74560261620289e-173,5.728609497618075e-173
Gsk3b,28.078508,0.03289388,1.7929133705113255e-173,5.8824592950437564e-173
Hdac4,28.078108,0.6554431,1.8132148235669154e-173,5.947640372338107e-173
Atrx,28.067854,1.1314952,2.4188795252851897e-173,7.932416668651071e-173
Nostrin,28.06199,-0.10173271,2.8522205264322128e-173,9.351262454797533e-173
Tent2,28.05875,2.0319383,3.1240223834825096e-173,1.0239934346625916e-172
Sap30bp,28.054066,0.6927272,3.563400597198594e-173,1.1677331216556618e-172
Eif3i,28.045904,0.109131485,4.4815300116504766e-173,1.4682540227436574e-172
Ranbp1,28.044853,0.31332234,4.6158046952718595e-173,1.511883334319585e-172
Tada3,28.0433,0.9928548,4.821397706534682e-173,1.5788461119938167e-172
Slc35b3,28.032202,1.1462504,6.584143770031937e-173,2.1555701712996587e-172
Clip1,28.031712,0.6858033,6.675078684515884e-173,2.1848181189745025e-172
Rfk,28.023125,0.83028585,8.493952198438936e-173,2.779487827558087e-172
Gtpbp8,28.015057,1.4427272,1.0651954745453218e-172,3.484820123063941e-172
Nt5dc1,28.014278,0.85470575,1.0886711171988684e-172,3.560769559362479e-172
Akr1a1,28.009777,0.85785836,1.23515393705591e-172,4.0389120251648897e-172
Bcr,28.007507,0.96117735,1.3163223473521712e-172,4.3033010040738565e-172
Psmb3,28.007032,1.1891389,1.3340402662870534e-172,4.360181797675778e-172
Cdc42se2,28.004232,0.4202945,1.4429529991985404e-172,4.715025630594992e-172
Ikbke,28.00076,1.4017849,1.5905476559429486e-172,5.196067652895323e-172
Mfsd11,27.99942,0.97405255,1.6514266748594768e-172,5.393661279843168e-172
Rnf38,27.997597,0.049923398,1.7380526593542436e-172,5.67523164199362e-172
Mansc1,27.988564,0.15703683,2.2387982706373622e-172,7.308562031741688e-172
Akirin1,27.988068,0.83253115,2.270125345165295e-172,7.409060643230408e-172
Pgm3,27.985828,0.93744624,2.417088141249387e-172,7.886824226100064e-172
Ndufa12,27.98104,0.35810164,2.7642105091550266e-172,9.01731362421159e-172
Rab2a,27.976124,0.39597037,3.1723190474018333e-172,1.0346163361130472e-171
Clcn5,27.975714,0.6952905,3.2089653768496265e-172,1.0463185867529482e-171
Tmem168,27.975138,0.6070072,3.2612429289519057e-172,1.0631107760051802e-171
Tmem63a,27.970987,0.010389799,3.6632685101753605e-172,1.193879811168924e-171
Mepce,27.970549,0.8372112,3.708548449217248e-172,1.2083488216117674e-171
Xk,27.970467,1.2401804,3.7169763766909714e-172,1.210806382831087e-171
Ddx19a,27.969976,0.3105933,3.768450316511096e-172,1.2272816879802152e-171
Smarca5,27.967943,2.1016932,3.9892799158698396e-172,1.2988905440361918e-171
Bnip1,27.957125,0.87787515,5.400553225354496e-172,1.7579758475773085e-171
Hnf1a,27.956495,0.7775551,5.496538811182974e-172,1.788795055757429e-171
Ech1,27.952492,0.6583333,6.148154685514731e-172,2.0003810450728991e-171
Yeats4,27.947803,0.5476719,7.010311915284284e-172,2.280352412976037e-171
Zfp445,27.936749,1.4526156,9.551106401850193e-172,3.106097028425716e-171
Ubqln1,27.933428,0.22092554,1.0480771889533002e-171,3.407621388239748e-171
Prnp,27.930271,0.062523544,1.1448016973400272e-171,3.72121778253503e-171
Ap3m1,27.92527,0.47901234,1.3166487120477877e-171,4.278795422351116e-171
Tat,27.921053,1.8377118,1.4814131349208602e-171,4.81309684486642e-171
Pdlim2,27.919733,0.7796302,1.5371312039076083e-171,4.9929380554481105e-171
Aven,27.918686,0.36350152,1.5827657244058524e-171,5.139948060140118e-171
Heatr5b,27.917969,1.3076009,1.614834480258171e-171,5.242844614798311e-171
Cnot9,27.916758,-0.0010720384,1.6704357085287019e-171,5.422076504659387e-171
Spty2d1,27.911404,1.4371988,1.940092354255953e-171,6.295862113063635e-171
Cox5a,27.91119,0.8444527,1.951630274490891e-171,6.331801661604493e-171
Abhd5,27.906506,0.68243873,2.2245810929644015e-171,7.215641946463044e-171
Elof1,27.902056,0.059582498,2.519154580928711e-171,8.16918162063081e-171
Snrnp40,27.900265,0.60063356,2.6483569387182785e-171,8.586126395678628e-171
Tsc22d2,27.894398,0.742175,3.1199526713840734e-171,1.0112669538084192e-170
Htt,27.888418,1.2772576,3.6871624562566296e-171,1.1948328575665737e-170
Lxn,27.88693,0.9242817,3.843544919497588e-171,1.2452138539239401e-170
Gcnt3,27.886581,0.7295292,3.8810804651300136e-171,1.257076630996043e-170
Fam45a,27.885895,0.64278954,3.9561999160326764e-171,1.2811042825419572e-170
Timm8a1,27.870745,1.1854224,6.0386279137034695e-171,1.9549771950732706e-170
Phactr2,27.869534,0.8007599,6.24619037105942e-171,2.0216959366683447e-170
Hcfc1,27.868551,0.6486237,6.419749756377747e-171,2.0773799791402198e-170
Tstd3,27.867565,0.90689355,6.599003245861447e-171,2.1348798057051167e-170
Arl6ip6,27.857191,1.1100188,8.814136498922108e-171,2.850835303281926e-170
Trim27,27.844439,1.021209,1.2578075499102496e-170,4.067277901400488e-170
Fgd6,27.83247,1.3941869,1.7559597251811913e-170,5.6767728704143715e-170
Tmem165,27.828596,0.3777222,1.9561263051275676e-170,6.322388849590991e-170
Zgpat,27.825697,2.8806553,2.1206795730395082e-170,6.85262125739964e-170
Sun1,27.822788,0.8388537,2.299666924142354e-170,7.429233448534535e-170
Entpd7,27.822271,0.59040594,2.3330483496057624e-170,7.535294327080491e-170
Tmem248,27.816109,0.81704235,2.769953060987555e-170,8.944299435420263e-170
Cops8,27.811575,0.6791582,3.142776977708282e-170,1.0145768453767884e-169
Iscu,27.81046,0.37024283,3.241949412430384e-170,1.046345485366663e-169
Ncaph2,27.808859,0.71553934,3.389616403361106e-170,1.0937471523351374e-169
Phf11d,27.807276,1.9541656,3.542354128829371e-170,1.1427622720391991e-169
Lmbr1l,27.800232,0.88224036,4.3098672326908045e-170,1.3900338303548763e-169
Marf1,27.797256,0.6605534,4.6819687474859944e-170,1.509689286061565e-169
Golph3l,27.79428,0.2737316,5.086488923660011e-170,1.6397391803642306e-169
Celf1,27.789892,0.5208994,5.7468543944216405e-170,1.8521855725598853e-169
Zmym2,27.788412,1.6211917,5.988525328657138e-170,1.929620260824372e-169
Ndufaf1,27.768425,1.0307778,1.044124184348739e-169,3.3635802640680814e-169
Ift46,27.76823,0.10763706,1.0498146672153723e-169,3.3811153024423495e-169
Ube2v2,27.765116,1.2306201,1.1447361009778265e-169,3.685958601570939e-169
Smg6,27.764977,1.012925,1.1492210541174402e-169,3.699528699401129e-169
Mtif3,27.762854,0.9045503,1.2190439610239618e-169,3.9233763631449e-169
Ptpn6,27.761362,1.0105004,1.2706782569462738e-169,4.088594156174187e-169
Hspa13,27.760788,0.7777939,1.2911339541251852e-169,4.15343609095787e-169
As3mt,27.75588,0.63661534,1.479763639308718e-169,4.75911753705238e-169
Trappc9,27.753391,1.2991457,1.5857346835216833e-169,5.098735433143433e-169
Litaf,27.747707,0.029209675,1.8571292732213737e-169,5.969967750658741e-169
Ehf,27.746748,0.46554253,1.9072405824044002e-169,6.129615737809677e-169
Arhgef11,27.742128,0.45580688,2.1684307663938317e-169,6.967408536286571e-169
Ccnk,27.741188,0.41791472,2.22575070198709e-169,7.149903887637644e-169
Vps13a,27.734993,0.65888596,2.6436928436484363e-169,8.490488406973313e-169
Prpf18,27.734955,0.7053305,2.646494679832459e-169,8.497491135644254e-169
Pex5,27.720207,1.1864328,3.985499736609095e-169,1.2793828379842577e-168
Tbc1d1,27.717741,1.2567703,4.267994427936204e-169,1.3697447501062566e-168
Tinag,27.711473,1.1953984,5.07875350684874e-169,1.6295625107028748e-168
Txlna,27.711214,1.8953869,5.115503961792557e-169,1.6409691925290457e-168
Ube2q2,27.707125,0.8412308,5.729966945337003e-169,1.837647701160495e-168
Cherp,27.700089,0.7789741,6.965172576175052e-169,2.2332645950573e-168
Clk3,27.69765,0.9102699,7.452090764840037e-169,2.3888265637409163e-168
Srsf4,27.696503,1.325239,7.693388219903729e-169,2.465598404199285e-168
Dnase1l1,27.693964,1.4731345,8.254573196110532e-169,2.644828689241132e-168
Cog2,27.690151,1.3345606,9.174827365644105e-169,2.9389965852701604e-168
Ccdc43,27.689919,0.7399755,9.234449921265343e-169,2.9574028729110907e-168
Clint1,27.689016,0.39384446,9.468069774085391e-169,3.0315114530699537e-168
Vdac2,27.678917,0.36892882,1.2527362458366243e-168,4.010104906792097e-168
Scap,27.666412,0.44761932,1.7714351607641803e-168,5.669172905090139e-168
Oxr1,27.666157,1.3531424,1.7839969633907905e-168,5.708038950484104e-168
Cox7a1,27.66376,0.4614522,1.9065388470430704e-168,6.098694440541284e-168
Sirt6,27.659433,0.77300346,2.149277976234114e-168,6.873567896398856e-168
Klc1,27.658413,1.710603,2.2108777594578064e-168,7.068915913160042e-168
Isyna1,27.651697,0.87710184,2.6627227782503208e-168,8.511625524210645e-168
Pwwp2a,27.649925,0.7625831,2.796558649815486e-168,8.937354413701044e-168
Zfp664,27.64782,0.6263546,2.9643755237773583e-168,9.471456842910135e-168
Fam162a,27.644531,0.80765915,3.247013451052578e-168,1.037208805025555e-167
Snrnp25,27.635658,1.0291224,4.1508151184506667e-168,1.3256047815229535e-167
Arel1,27.62635,0.73406136,5.369835529893373e-168,1.7145108772190488e-167
Naa80,27.62382,0.3109407,5.759367588942163e-168,1.8384535896074713e-167
Cnot6,27.61964,0.56685346,6.4650450581974475e-168,2.063231999319722e-167
Rcbtb1,27.619272,0.46151814,6.5310190303022205e-168,2.0838004022254518e-167
Pofut1,27.615513,1.3385355,7.24654371288084e-168,2.31155785569502e-167
Axin1,27.613441,0.4301976,7.673756575401992e-168,2.4472626205368992e-167
Svip,27.596476,0.830204,1.2265303195103194e-167,3.9106556584993286e-167
Golga3,27.596085,1.1540943,1.2398526530201866e-167,3.9522109627158626e-167
Stxbp6,27.595625,0.7867757,1.2557159868463785e-167,4.00184481941837e-167
Snx25,27.589016,1.0832208,1.5072410845478886e-167,4.8023117034465e-167
Emd,27.58409,0.18803124,1.7270130497255854e-167,5.501258666433119e-167
Zfp652,27.58383,1.1049318,1.7394524153570285e-167,5.539592869121417e-167
Rnf20,27.577063,0.33263162,2.0967994639642663e-167,6.67607279853582e-167
Cnot10,27.575169,0.41411456,2.209449333317707e-167,7.033105128752245e-167
Gaa,27.573828,0.36039332,2.2927111536774138e-167,7.296445200497703e-167
Pebp1,27.573631,-0.113735735,2.3052705947229846e-167,7.334708092795909e-167
Gstt2,27.561539,0.09037991,3.2186483441805626e-167,1.0238431287896998e-166
Rassf6,27.558271,0.8175189,3.5224445371623885e-167,1.1202192801324573e-166
Gata6,27.556087,0.4766407,3.741213382397057e-167,1.18951622888351e-166
Cdk18,27.555729,0.5203087,3.778309120214258e-167,1.2010315485571822e-166
Gvin1,27.548302,0.9273406,4.637659208799067e-167,1.4738552098611955e-166
Thap7,27.546259,0.45480037,4.906511961750838e-167,1.558934736917814e-166
Ext1,27.541605,0.7565654,5.57841627492781e-167,1.7720056343702162e-166
Clic5,27.540506,0.14303143,5.750069522011253e-167,1.8261077731886643e-166
Noxa1,27.531828,0.762839,7.304351158966859e-167,2.3191781309234223e-166
Sco2,27.526989,0.78255475,8.346731752496298e-167,2.6495254576459353e-166
Vps45,27.52326,1.472309,9.25007001024488e-167,2.935593116502639e-166
Klhl22,27.511398,0.6107169,1.28260967156782e-166,4.0695330066565984e-166
Vps13c,27.510098,1.132647,1.3294329607123073e-166,4.2171180092184646e-166
Ccdc59,27.507698,0.8286446,1.420220114690066e-166,4.504060776527517e-166
Vps11,27.496264,0.87206715,1.9459098602419807e-166,6.169793030097168e-166
Baz2b,27.493366,2.1466985,2.1074366507572193e-166,6.680388548703054e-166
Zswim6,27.490248,1.2824807,2.2963236641854635e-166,7.277456803646864e-166
Pa2g4,27.49008,0.50537896,2.3070473694722818e-166,7.309748094887269e-166
Tc2n,27.487267,1.1470115,2.4927757069847887e-166,7.896388184622882e-166
Zbtb6,27.487057,1.2230597,2.507210624160537e-166,7.940274498702025e-166
Ccser2,27.486784,0.47179368,2.5260345903988e-166,7.9980372826357e-166
Lipo3,27.483875,1.19747,2.736539095184772e-166,8.662539844132352e-166
Slc39a14,27.48219,0.33854923,2.86664255178434e-166,9.072283475040697e-166
Wrnip1,27.476059,0.32592228,3.3932390140676435e-166,1.0736358981345447e-165
Cd81,27.475075,0.1723125,3.4864079035118436e-166,1.1028597751682734e-165
Spopl,27.460773,1.1351244,5.166592180228986e-166,1.6339765972393937e-165
Uchl5,27.45759,0.6387038,5.639066720520478e-166,1.7829881480489602e-165
Nudt2,27.457367,0.62158316,5.673916468518721e-166,1.7935924111648986e-165
Rabggta,27.456688,0.86469567,5.780898093221802e-166,1.8269882464711845e-165
Gcdh,27.456556,0.98949707,5.801774391624188e-166,1.8331623106622177e-165
Rorc,27.455175,-0.062162753,6.026165761677077e-166,1.9036224714930475e-165
Pqbp1,27.454493,0.5009876,6.140584719644038e-166,1.9393186152686426e-165
Gtf2a1,27.453543,0.9122651,6.302855501639295e-166,1.9901073420668982e-165
Fam193a,27.44666,1.1156726,7.615914780638921e-166,2.4041466903332697e-165
Fbxo33,27.446568,0.9218384,7.634899359809778e-166,2.409583400540012e-165
Pdxk,27.443283,1.0558808,8.356224946635104e-166,2.636626122409669e-165
Hmgn5,27.43719,0.36111012,9.879181147827889e-166,3.116442957244438e-165
Washc1,27.43599,1.2018012,1.0210051941455875e-165,3.2200751914070357e-165
Lrp5,27.43034,0.6256496,1.1924228448270824e-165,3.759829929216129e-165
Cfap298,27.424126,1.1332623,1.414349909070193e-165,4.45856039800251e-165
Dmbt1,27.420647,0.6854683,1.5560884565450677e-165,4.904242830895091e-165
Gripap1,27.420635,1.18898,1.5565978107079735e-165,4.904717756090216e-165
Xpo7,27.417686,0.33346462,1.6878682415401228e-165,5.317115457973089e-165
Phf8,27.410454,1.289005,2.0585669979914458e-165,6.483395600537314e-165
Casp4,27.407026,1.1781374,2.261648600037014e-165,7.121354963275654e-165
Spink1,27.406773,1.0236372,2.277387164238616e-165,7.169260927938092e-165
Impdh2,27.402538,0.9246056,2.5579591779527875e-165,8.050654029575228e-165
Zmym5,27.399714,1.3728967,2.764111275542502e-165,8.697473928450004e-165
Gpx1,27.395277,0.74086094,3.1218595729081934e-165,9.82089479169992e-165
Tlk2,27.391087,0.5513494,3.5021751561498873e-165,1.1014775818847678e-164
Eif4ebp3,27.39072,0.4771346,3.5376174168022613e-165,1.1123687784495499e-164
Rnf40,27.382444,1.2824979,4.438725056455959e-165,1.3953923022306952e-164
Ascc1,27.371037,0.38627782,6.068647740574543e-165,1.9073490657861842e-164
Kdf1,27.363724,1.0012919,7.414949451093986e-165,2.3299502238904014e-164
Uchl3,27.360966,0.34460223,7.997022671046431e-165,2.5122739496108418e-164
Txlng,27.355701,0.91338784,9.237460151641076e-165,2.901292319101785e-164
Clk2,27.355026,0.6513316,9.410368635798253e-165,2.954920576223676e-164
Fxr2,27.343391,0.9485024,1.2941042446107612e-164,4.062643605383875e-164
Atxn7l1,27.34026,0.8712508,1.4099868720060842e-164,4.425423565454028e-164
Usb1,27.338861,0.35145563,1.4649543099246384e-164,4.596890818774536e-164
Grpel2,27.331652,1.5628666,1.7846302839771607e-164,5.598719691073107e-164
Rbm3,27.321232,0.604108,2.373429371427688e-164,7.444185012448082e-164
Orc3,27.311468,0.39643732,3.0998645011908308e-164,9.72039602242252e-164
Zfp827,27.310347,1.3943294,3.196526579607591e-164,1.002120609264874e-163
Itsn1,27.306541,0.47533056,3.547010169388763e-164,1.1117433890990451e-163
Gnl3l,27.304705,1.4626302,3.729576686461582e-164,1.1686975524143477e-163
Shroom2,27.29509,1.0825733,4.850984159933055e-164,1.519404681334964e-163
Casp2,27.287317,1.1997849,5.9988100390322265e-164,1.8784915796603093e-163
Sik3,27.280645,0.48695475,7.198406676105226e-164,2.2536220534738773e-163
Plekhg6,27.275639,1.3434194,8.253218928584637e-164,2.583263191769167e-163
Smurf1,27.266087,1.0894681,1.0712953859566822e-163,3.352394600219137e-163
Cyp2d34,27.263983,1.0585783,1.1345922595820333e-163,3.5496566345880364e-163
Mark4,27.263443,0.64549154,1.1514786246985358e-163,3.6016628986167606e-163
Aga,27.256939,0.52133286,1.3751553800662177e-163,4.300308671942723e-163
Slc9a8,27.255508,0.71279126,1.42990072329593e-163,4.47048294263188e-163
Zcchc14,27.251835,0.9399566,1.5806861018607713e-163,4.9407731298162394e-163
Atg2a,27.251335,1.0699626,1.6024281559704612e-163,5.007587987407691e-163
Idh3g,27.24135,0.40845358,2.1041441666770388e-163,6.57394824750023e-163
Phf3,27.23168,0.69986457,2.739245038874003e-163,8.556230220786202e-163
Dvl1,27.229454,0.8854456,2.910514585758646e-163,9.089126960550236e-163
Rnf214,27.218393,0.70825964,3.934835987750869e-163,1.2285132906961903e-162
Ints11,27.216082,0.72825855,4.19079758169073e-163,1.3081295806806833e-162
Jagn1,27.21557,1.050457,4.2494694683637093e-163,1.3261409169300257e-162
Mtif2,27.21483,1.258436,4.3362009886844367e-163,1.3528986657599744e-162
Sephs1,27.20881,0.5320674,5.109072200966857e-163,1.5936715864101683e-162
Smpd3,27.202784,1.1428258,6.020652568030558e-163,1.8775923344998378e-162
Aldh4a1,27.201849,0.97030735,6.175873685902308e-163,1.9255602520454647e-162
Rhot1,27.200172,1.237544,6.464319938292179e-163,2.0150347653554945e-162
Helb,27.193993,0.9499397,7.649522251843955e-163,2.3839383954869205e-162
Blvrb,27.1871,0.7236369,9.228445754322279e-163,2.875347361366078e-162
Polr2g,27.184153,0.6192872,9.999166917715968e-163,3.114774660586922e-162
Ppp2r2d,27.183407,0.97598,1.0204336457519816e-162,3.1774443634715916e-162
Rabgap1,27.183405,1.1297537,1.0204998643047335e-162,3.1774443634715916e-162
Tnk2,27.17831,-0.040283184,1.172279927874661e-162,3.649198273090368e-162
Rufy3,27.174578,1.0165008,1.2976345187538525e-162,4.0384961410921556e-162
Mtf1,27.169325,0.89052653,1.4969603267177438e-162,4.657777580856689e-162
Cntrl,27.163334,1.6680611,1.7619200594391155e-162,5.479703619019765e-162
Khdrbs3,27.159096,0.49728027,1.977207422200275e-162,6.147865279351696e-162
Ciao3,27.152897,0.968534,2.3401873328065763e-162,7.274849233037039e-162
Smchd1,27.152885,1.0663965,2.3409458848120756e-162,7.275553403364803e-162
Mavs,27.150555,-0.09089813,2.494140453787825e-162,7.749913816302774e-162
Paxbp1,27.147102,1.1465359,2.739529921213608e-162,8.510466077373032e-162
Il17re,27.14412,0.66570896,2.9708607972377847e-162,9.227009176067842e-162
Dnttip1,27.141304,1.9777309,3.20711877160068e-162,9.958526158410376e-162
Fip1l1,27.137539,0.167793,3.552794320950485e-162,1.1029389861293505e-161
Srebf1,27.137009,0.25257963,3.604257284895309e-162,1.1186613338843246e-161
Ccnd2,27.136969,0.64781904,3.608228692560073e-162,1.119639831421806e-161
Cblb,27.136244,1.0263209,3.679989183170673e-162,1.1416481869296495e-161
Fut8,27.135698,0.71955144,3.73498523834921e-162,1.158446884427885e-161
Ubap2,27.113773,0.3661338,6.775117922484749e-162,2.1009010791378443e-161
Eif2b4,27.11277,1.5902288,6.962268529329412e-162,2.1584452989929656e-161
Rrn3,27.110807,0.5940003,7.343164513227044e-162,2.2760148394918368e-161
Ppil1,27.095829,0.50298226,1.1026248580609626e-161,3.416812810782611e-161
Kxd1,27.093866,1.0515885,1.1629093247235457e-161,3.6028058485714745e-161
Rhbdf1,27.069984,1.3890692,2.2223766939621226e-161,6.883579001117107e-161
Zkscan1,27.064955,1.2583872,2.5469936143415352e-161,7.887259437527286e-161
Isy1,27.061283,1.1764199,2.8134288937667012e-161,8.710355472551424e-161
Dennd6a,27.061106,0.72508454,2.8270929267451575e-161,8.750678083576286e-161
Slc38a10,27.058445,2.1092885,3.0384217722853642e-161,9.402674300973603e-161
Fam160b2,27.051691,1.102515,3.648467831193607e-161,1.1287963256011895e-160
Mfsd9,27.051596,0.8313427,3.657904263872259e-161,1.1314598689991662e-160
Vps13b,27.048475,1.7300184,3.980535493828576e-161,1.2309774508843458e-160
Iqgap2,27.042048,0.6165774,4.737333207956613e-161,1.4646853180829003e-160
Pdcd2,27.037899,0.49689552,5.300438753281032e-161,1.6384154600162324e-160
Otud6b,27.032701,0.9896022,6.101573415709777e-161,1.8856274906176544e-160
Stt3b,27.030846,0.42533258,6.415715952980414e-161,1.9822619895392488e-160
Gtpbp4,27.019787,0.93881565,8.654085073030906e-161,2.673246292606678e-160
Gtf2a2,27.018917,1.2271477,8.860240715572268e-161,2.7363096609180387e-160
Capn10,27.01535,1.0835459,9.757711272724923e-161,3.0127952507228116e-160
St3gal5,27.01486,0.72613597,9.888206330676408e-161,3.0523977781489814e-160
Cdkn2b,27.014627,1.0380596,9.950255136746449e-161,3.070858474272347e-160
Scd1,27.004858,1.1210706,1.2959446908515902e-160,3.998656057625337e-160
Trim8,27.00279,1.2013503,1.3705248110599277e-160,4.227820164954773e-160
Plbd1,26.973862,0.40929985,2.9951777905997245e-160,9.237495779533431e-160
Mtmr3,26.96978,1.0061162,3.344220669682058e-160,1.0311661253191014e-159
Btbd3,26.962553,1.7644559,4.06473716422181e-160,1.2530496104764035e-159
Dhdds,26.96112,0.5103874,4.225050559476367e-160,1.3021763894712493e-159
Timm10,26.958801,0.6524774,4.498086351763938e-160,1.3860146656235208e-159
Map2k4,26.958454,1.3758955,4.5405489963367175e-160,1.3987836793175176e-159
Pabpc4,26.955173,0.99572605,4.9609384053975595e-160,1.5279466822930547e-159
Apaf1,26.947363,1.9004864,6.124919278979958e-160,1.8860227682965756e-159
Pja2,26.94653,1.1725186,6.264383683935769e-160,1.9285332480374076e-159
Timmdc1,26.939587,0.89457494,7.554738555057849e-160,2.325254326815577e-159
Yipf2,26.928148,1.1878362,1.0284820202039225e-159,3.1648270986248065e-159
Cdip1,26.923664,0.6668633,1.1606611473054032e-159,3.570762922250031e-159
Hmbs,26.915348,0.892429,1.45237564336721e-159,4.467214782511605e-159
Cbx3,26.914722,1.1699158,1.4770317453865225e-159,4.54203038411529e-159
Rabl6,26.914488,-0.015593628,1.4864567955097064e-159,4.56998576407267e-159
Arhgap42,26.912027,2.592204,1.588354426358415e-159,4.882163807698657e-159
Arl2,26.91191,0.17560652,1.5933623938533469e-159,4.896456345156071e-159
Vps28,26.910578,0.32714313,1.651622382318792e-159,5.074350949945963e-159
Osgep,26.902727,1.4312688,2.0406588075910258e-159,6.268196135176837e-159
Fbxo28,26.902414,0.87192726,2.0578994259510025e-159,6.319733808641356e-159
Il22ra1,26.901007,1.1033472,2.137505905224174e-159,6.562728615613062e-159
Gsta4,26.899763,0.43384922,2.2102299738228836e-159,6.784488191252062e-159
Iqsec1,26.895012,1.2132968,2.51196717307139e-159,7.708965684863389e-159
Garem1,26.88919,0.51235723,2.9383116292380155e-159,9.015349232629541e-159
Aldh5a1,26.882418,0.6098402,3.5260423515507794e-159,1.0816202143888942e-158
Ubn2,26.87918,0.7961236,3.847097696198977e-159,1.1798398967374077e-158
Sh2b1,26.876976,1.676873,4.082339862985437e-159,1.251703982653046e-158
Sh3bgrl,26.876692,0.043541007,4.1136282788847096e-159,1.2610147212227842e-158
Leo1,26.873055,0.97895354,4.536734108186486e-159,1.390404279010538e-158
Zc3h3,26.872463,0.66267836,4.609488138705148e-159,1.4123851735781513e-158
Tfeb,26.855318,1.1159093,7.31069456235828e-159,2.239555289880141e-158
Tstd2,26.850935,0.6975556,8.225391098218961e-159,2.519198729409726e-158
Ppp1r13b,26.848274,0.17860296,8.835314803915852e-159,2.7053947591479908e-158
Tmsb10,26.847273,0.30922303,9.076377269173162e-159,2.7785865044983877e-158
Atrn,26.844702,0.015032816,9.725595333435006e-159,2.9766677749490536e-158
Ino80,26.838867,1.1033462,1.137732120852782e-158,3.4814246481677766e-158
Tom1l1,26.83847,-0.042370804,1.1498971361224745e-158,3.517862043954103e-158
Ggps1,26.834318,0.98646164,1.2856604581223018e-158,3.932320904679596e-158
Prpf38b,26.83182,0.9243778,1.3749311905822607e-158,4.20442397835698e-158
Lss,26.822811,1.5642166,1.751409908172105e-158,5.354466911301931e-158
Anks1,26.80862,0.7351623,2.5638320692283017e-158,7.834727049541236e-158
Abcb10,26.80826,1.2553813,2.5887281843776834e-158,7.909038856426457e-158
Trp53,26.80454,0.48265556,2.8604978264243e-158,8.737392847074449e-158
Tnks,26.80178,1.3112657,3.080495789688088e-158,9.407275552475347e-158
Letmd1,26.799599,0.7920625,3.2662144206353923e-158,9.972199643266128e-158
Gabarapl1,26.79683,0.6282503,3.51826785437654e-158,1.0739355559955175e-157
Slc48a1,26.794619,0.80680317,3.7332033244587404e-158,1.1392893430478304e-157
Smarcc1,26.792244,1.1895847,3.978770580496721e-158,1.2139600108945262e-157
Ppp2r5b,26.788893,0.5354341,4.353124828667196e-158,1.3278827131836696e-157
Tmem38b,26.776339,0.4138671,6.0956934507426945e-158,1.859023370626814e-157
Anp32e,26.770004,0.45973125,7.223947594965252e-158,2.202619472935336e-157
Fam3b,26.769547,0.34175634,7.313130740149872e-158,2.229314821033203e-157
Stradb,26.767502,0.470553,7.725295176157488e-158,2.3544330629363416e-157
Chp2,26.766499,0.3072765,7.935938074764634e-158,2.4180916482265235e-157
Fam174a,26.764784,0.7930887,8.309028680983823e-158,2.531208893126616e-157
Ccnd3,26.758175,0.05791818,9.918827136195523e-158,3.020934545378035e-157
Ncbp2,26.747288,0.39262718,1.3277978250581289e-157,4.0431162898396594e-157
P2ry1,26.741922,0.6652453,1.5330186064524108e-157,4.666970045244149e-157
Nup62,26.741179,0.48632783,1.5638588104848495e-157,4.759797292094439e-157
Ppp4r1,26.74109,0.95183635,1.567556994480654e-157,4.7699915219232186e-157
Tgfbr2,26.738724,0.31368598,1.6701378090690384e-157,5.081008796222269e-157
Avl9,26.736502,0.4759806,1.7725070030216073e-157,5.391244053896904e-157
Rundc3b,26.733994,0.72696906,1.895603571487663e-157,5.7643715454956165e-157
Gps2,26.729374,0.838291,2.145152991212527e-157,6.521780158922033e-157
Elovl5,26.727945,0.57116455,2.228729697949562e-157,6.774367330397924e-157
Thnsl2,26.726933,0.251742,2.289993285493783e-157,6.959035150917218e-157
Zfp710,26.722334,0.72899705,2.5898909024091727e-157,7.868642099632402e-157
Abca7,26.720121,1.8718139,2.7478341659658685e-157,8.34665309186656e-157
Vezf1,26.713976,0.15342648,3.2389150850735094e-157,9.836145633662058e-157
Sod1,26.705908,0.60508907,4.018920871317819e-157,1.2202207574438537e-156
Gpi1,26.703276,0.53289276,4.311966432926183e-157,1.3089043500613886e-156
Smdt1,26.695889,0.63616496,5.253634308401652e-157,1.5943952322989923e-156
Rasgef1b,26.673912,0.72973603,9.451791974969881e-157,2.86783348696945e-156
Tbcc,26.671593,1.0736631,1.0055903706367947e-156,3.050454374103409e-156
Polr2m,26.670424,0.7599582,1.0374579088426561e-156,3.146426458953942e-156
Tada2b,26.669651,1.2288065,1.0590814041047652e-156,3.2112945013597924e-156
Krtcap2,26.669163,-0.18363503,1.0729948100664122e-156,3.2527608130477026e-156
Ocrl,26.666414,0.733107,1.1547189786066906e-156,3.499730060382645e-156
Prpf19,26.666164,0.1883763,1.1624632447106552e-156,3.522420755909198e-156
Casp7,26.659431,0.5233723,1.3913741472440893e-156,4.2151177367219586e-156
Wdr5,26.651896,0.53962123,1.7013791625155114e-156,5.153125148925718e-156
Naglu,26.649345,0.5968125,1.8212349559889158e-156,5.514922060041724e-156
Dennd2d,26.649033,0.7785637,1.8364766358211434e-156,5.55984458597612e-156
Endog,26.646791,0.17310205,1.949645493299311e-156,5.901151421174873e-156
Anapc4,26.644918,1.2178301,2.0496019316395441e-156,6.202324942502935e-156
Taf15,26.64406,1.7176923,2.0970766178872912e-156,6.34458467911697e-156
Mbnl3,26.63784,0.37142652,2.475578803827872e-156,7.488064618966191e-156
Atg13,26.63535,0.61696637,2.6456701782325005e-156,8.000782770307264e-156
Vps72,26.632805,1.748725,2.8313882677601034e-156,8.558628329270427e-156
Ttyh3,26.62973,0.5099124,3.0733869530123034e-156,9.288081012694641e-156
Fam234a,26.627844,0.29393938,3.23188043837909e-156,9.764906096958476e-156
Ptpn2,26.625988,0.801435,3.395944028260478e-156,1.0258346495794574e-155
Cox19,26.619028,1.6893988,4.0881775465248427e-156,1.2346693451574034e-155
Usp18,26.60127,1.3841425,6.562046248485365e-156,1.9813641520873783e-155
Sult1c2,26.600647,0.6065159,6.67213896103331e-156,2.014161154351667e-155
Tmem170,26.59916,0.9128601,6.941829307732744e-156,2.0951118027641863e-155
Mpzl3,26.59772,1.0196823,7.213238612034478e-156,2.1765454108466787e-155
Slco2a1,26.594402,0.40313384,7.879273286925035e-156,2.3769923273483314e-155
Polr3k,26.592148,-0.067874245,8.366980112599093e-156,2.523565351561372e-155
Zfp410,26.584946,1.327202,1.0135548546375422e-155,3.0563092915476053e-155
Asnsd1,26.579012,0.6673407,1.1869802118680587e-155,3.5784731916436733e-155
Aspscr1,26.57898,0.084895596,1.1880351009502425e-155,3.580864008264176e-155
Cnot11,26.577055,0.28406602,1.2504510218200083e-155,3.768161684307759e-155
Rufy1,26.5765,0.814485,1.2690737314974157e-155,3.823437602605675e-155
Kdsr,26.5696,0.16918316,1.5249148935638242e-155,4.593218319269889e-155
Med6,26.567879,0.50884473,1.5962698732384389e-155,4.8070888607213505e-155
Pygo2,26.564333,0.95317733,1.754247262724749e-155,5.281666956794572e-155
Kdm5a,26.562061,0.8378746,1.8635315253628823e-155,5.609463704454637e-155
Fbxo4,26.560532,0.64034194,1.940835994223678e-155,5.8408741683558085e-155
Cebpd,26.560059,0.63740164,1.9654806252474983e-155,5.913739835040603e-155
Ankrd28,26.559021,0.20229524,2.0204456247042785e-155,6.0777813281634425e-155
Herpud2,26.554222,0.2692261,2.29547291240039e-155,6.9035830387234085e-155
Klhl24,26.551569,1.1010764,2.463273920176898e-155,7.406611886195929e-155
Smpd2,26.551497,0.8622461,2.4679625033229107e-155,7.419078310165048e-155
Cpne2,26.54696,0.32445937,2.78432757864698e-155,8.368281239120319e-155
Atxn1,26.541271,1.3212682,3.239007946393051e-155,9.732681535250488e-155
Gadd45a,26.540733,1.5893713,3.2855147813471475e-155,9.870258048093638e-155
Creld2,26.531878,0.9788726,4.15731064940302e-155,1.248654142995526e-154
Tspan14,26.524101,0.8955055,5.1112874693169525e-155,1.5348453259312545e-154
Arfrp1,26.519205,1.1177448,5.821165273217875e-155,1.7476275545829737e-154
Mvd,26.518301,0.16232009,5.962526212363855e-155,1.7896739673853315e-154
Ddx41,26.516783,1.0599326,6.20788161362699e-155,1.862909393599936e-154
Dbt,26.512436,0.14865647,6.96719360392747e-155,2.0903109375539302e-154
Aida,26.509674,0.64909756,7.497468433128915e-155,2.2489116214748393e-154
Unc45a,26.507957,1.6736802,7.84699191295418e-155,2.353237158106325e-154
Eif3a,26.4991,0.6807406,9.92690449442835e-155,2.9763301679742974e-154
Lrrc8a,26.495632,-0.0061369613,1.0883248043528548e-154,3.2623502190980464e-154
Coq3,26.48454,0.84898907,1.4606696069568518e-154,4.377527257316447e-154
Nbas,26.479837,0.7190348,1.6547173756261772e-154,4.957988630957049e-154
Malt1,26.47831,1.0857446,1.723143439803228e-154,5.1618809505606014e-154
Nucks1,26.477566,0.18429093,1.757464304181421e-154,5.2635401576173746e-154
Gstt1,26.477518,0.29420862,1.7596874973312278e-154,5.2690445644853384e-154
Nsmf,26.476732,0.69318235,1.7966647256500713e-154,5.3785880304870247e-154
Sap30,26.469013,0.78888243,2.2046531198048264e-154,6.598518584664258e-154
Zfyve27,26.46341,1.5480098,2.5577132646668146e-154,7.653551180376081e-154
Smcr8,26.459564,0.8242779,2.8320753134093974e-154,8.472682106951107e-154
Hibch,26.457533,0.8444935,2.988663242189655e-154,8.93918850326849e-154
Rgs3,26.443895,0.9490857,4.289137003460856e-154,1.2826142252859657e-153
Crnkl1,26.442144,1.6009166,4.492554205515144e-154,1.3431499510367204e-153
Igip,26.442032,0.8525421,4.5059029830661794e-154,1.3468464107853552e-153
Smim19,26.440285,1.1325471,4.7192873072192e-154,1.410320234401717e-153
Exoc2,26.43105,0.8875818,6.026385219694974e-154,1.8005422302671785e-153
Psmg4,26.425798,0.6315144,6.925024024366492e-154,2.0685824275494053e-153
Ecsit,26.41906,0.64317936,8.276874651124007e-154,2.471855445602114e-153
Gramd3,26.418846,0.14497618,8.323465720912676e-154,2.485226937412246e-153
Cdk7,26.413847,1.4092904,9.500312743127957e-154,2.835991634190675e-153
Dele1,26.407194,0.040184088,1.1328239541333206e-153,3.3809182830146567e-153
Zdhhc12,26.402618,0.996501,1.2784927761332526e-153,3.814834980061582e-153
Hscb,26.39821,0.30022672,1.436511740532581e-153,4.285405334158605e-153
Ttc19,26.396578,1.1275815,1.4998812911092107e-153,4.473473643602717e-153
Hikeshi,26.393744,0.5645405,1.616574725359037e-153,4.82046650006211e-153
Pias2,26.393518,0.8900896,1.6262805272118526e-153,4.848351037632894e-153
Pnpt1,26.391483,1.2147464,1.7160772425053768e-153,5.114942522070843e-153
Flrt3,26.387424,0.8452182,1.9104343432750583e-153,5.69300275534679e-153
Osbpl5,26.384384,0.7979027,2.0702001685629642e-153,6.167753225511663e-153
Egfr,26.380266,1.2295004,2.3082290681003403e-153,6.875415488188227e-153
Prelid3b,26.366379,0.19374846,3.330871488690595e-153,9.919352702056597e-153
Taf5l,26.362383,1.3088285,3.701442253244081e-153,1.1020514437864754e-152
Serinc3,26.358,0.5595815,4.1555803484841467e-153,1.2369952386922226e-152
Isoc2b,26.351908,0.5187641,4.880307197481924e-153,1.4524091605128468e-152
Esrp2,26.35153,1.4737123,4.929368774068145e-153,1.46669099184904e-152
Nsmce3,26.34758,-0.020932065,5.470911007880654e-153,1.6274680885962137e-152
Fundc2,26.343111,1.1535256,6.155284899405248e-153,1.8306550891554321e-152
Sdc2,26.340752,0.66638166,6.550683551948494e-153,1.9478277358750957e-152
Ankmy2,26.32991,0.5428163,8.719039269599182e-153,2.5920187393862787e-152
Ankrd27,26.328827,0.7815722,8.971440740214192e-153,2.6664736388269738e-152
Aldh7a1,26.328255,1.0085845,9.10780342805179e-153,2.706414860465194e-152
Ikbkb,26.326372,0.5265939,9.571452649714518e-153,2.8435719092949388e-152
Ergic2,26.3191,1.755608,1.1594310462811447e-152,3.4437922584480134e-152
Rhbdl2,26.314568,1.4323618,1.3065165179621626e-152,3.879829182004902e-152
Mlst8,26.302961,0.6933168,1.773784017590519e-152,5.266282336202854e-152
Ruvbl2,26.30194,0.68875486,1.8221017406607432e-152,5.408561168555603e-152
Mipep,26.29524,1.2687842,2.1737996348670213e-152,6.45110894244933e-152
Slc9a1,26.29488,-0.28093636,2.1945033213220423e-152,6.511137539396599e-152
Brix1,26.288057,0.77764845,2.6263503728286733e-152,7.790746496406097e-152
Upf2,26.2874,0.8724783,2.672238349548408e-152,7.92514843419529e-152
Zfp821,26.285135,0.8763359,2.836393748460985e-152,8.41016576543885e-152
Zfp330,26.283342,1.3432152,2.973445424998342e-152,8.814625230186935e-152
Zfp266,26.280376,0.8277465,3.214832236251677e-152,9.528138454863823e-152
Exosc3,26.266819,1.122938,4.592799503656013e-152,1.3609216297398912e-151
Ulk1,26.26073,0.84357315,5.390448325535324e-152,1.596931994187512e-151
Galt,26.259483,1.0798235,5.570120615940649e-152,1.6498028898199777e-151
Gpalpp1,26.254011,0.7710664,6.432351637155938e-152,1.9047728158966534e-151
Prkcd,26.253048,0.39863864,6.597307571907997e-152,1.9531972514795816e-151
Afg1l,26.249872,1.7171218,7.171684331909395e-152,2.1227875159926617e-151
Btbd2,26.247564,0.093853064,7.620184521689861e-152,2.2550535237850867e-151
Ndufb1-ps,26.246063,0.2433892,7.92701771937901e-152,2.3453476268392027e-151
Pgs1,26.237835,1.3275561,9.840232615283444e-152,2.910776141336818e-151
C2cd5,26.231745,0.8083507,1.1547911158629905e-151,3.415174850654497e-151
Arhgef18,26.227558,1.0875727,1.2890172451772331e-151,3.811310449253765e-151
Cep63,26.222729,1.1333549,1.4633471407500767e-151,4.325826232113554e-151
Ndufa6,26.21769,0.6207594,1.670390486297719e-151,4.936803522827168e-151
Tasor,26.216393,1.76846,1.728244828520232e-151,5.106687128352241e-151
Atpif1,26.197758,0.4965564,2.81844793085473e-151,8.326263870045027e-151
Wdr37,26.194324,0.63977057,3.084050603112121e-151,9.10893995627608e-151
Ttc13,26.1874,1.0414943,3.6981180212648434e-151,1.092026861170303e-150
Tmem143,26.186195,0.93792635,3.816974613561148e-151,1.1268809982825713e-150
Cd74,26.18295,2.4609742,4.1561964136211845e-151,1.2267642123088645e-150
Dnajc2,26.18173,0.44165275,4.2910934048900716e-151,1.266307775396455e-150
Kif16b,26.175745,1.676441,5.020230883429544e-151,1.481157655467077e-150
Cbr1,26.17513,-0.22436102,5.101507502038898e-151,1.5048126637269612e-150
Cdyl,26.172169,1.0141373,5.513540487201911e-151,1.626000995524825e-150
Tmem203,26.163746,0.7649071,6.8752250781861e-151,2.027138916433698e-150
Acsl3,26.159706,0.584969,7.643007033760936e-151,2.2530312823168961e-150
Wdr36,26.155708,1.0672654,8.486847038456741e-151,2.501242095924481e-150
Ntan1,26.148241,0.38535994,1.0319797070376895e-150,3.040793469885887e-150
Rpa3,26.14599,1.3266746,1.0946194418594907e-150,3.2246705875546175e-150
Ost4,26.145971,0.19426753,1.0951661942814475e-150,3.2255864111132444e-150
Ngrn,26.143536,0.8388218,1.1673044113493164e-150,3.4373143465120376e-150
Sgta,26.143452,0.06899317,1.1698571981653759e-150,3.444089813759207e-150
Atmin,26.140085,0.14997181,1.2776285431114185e-150,3.760561843962257e-150
Nfix,26.13656,0.5390514,1.4011579710155316e-150,4.1232699060979976e-150
Hnrnpa1,26.13378,0.37536126,1.506895582401482e-150,4.433476137981985e-150
Scpep1,26.129133,0.21144657,1.701724804704773e-150,5.00561125066418e-150
Ssrp1,26.125011,0.39634165,1.8955139572885903e-150,5.574441584069134e-150
Ly96,26.11815,0.69810826,2.2681620635609336e-150,6.668913399096059e-150
Coq10b,26.103382,0.62102497,3.33725034967028e-150,9.810167354200576e-150
Eya3,26.101162,0.597536,3.5368142967757935e-150,1.0394570279047706e-149
Git2,26.090826,0.7847797,4.6334633783338524e-150,1.3614656574713241e-149
Dguok,26.088886,0.82580215,4.8744455966694913e-150,1.4319665635758388e-149
Thoc5,26.08464,0.76128113,5.446246791567045e-150,1.5996010497139034e-149
Rapgef1,26.080067,0.6167897,6.137524662281997e-150,1.8022471495964423e-149
Tom1,26.074556,1.054403,7.08725531658012e-150,2.0806830496829785e-149
Cep19,26.071932,0.12772247,7.590009021397217e-150,2.2278036782057724e-149
Gmnn,26.070637,1.8680651,7.850919881494272e-150,2.303891188399875e-149
Nudt16l1,26.051838,0.9553576,1.2823636708586668e-149,3.762352113064207e-149
Pcif1,26.049911,1.0135754,1.3484530523682173e-149,3.955404438252976e-149
Aqp11,26.045753,-0.005005211,1.5029237999514284e-149,4.407566580385114e-149
Enox2,26.044073,1.1196127,1.5702729249642095e-149,4.6040913912704905e-149
Scrn2,26.041237,1.0512199,1.6908603198910521e-149,4.956594828405175e-149
Dpyd,26.033731,1.6017172,2.056334472700057e-149,6.026655360945837e-149
Napg,26.03202,1.16902,2.1501762487828863e-149,6.300334305143768e-149
Ammecr1,26.02879,0.45955458,2.3390787836116038e-149,6.852378398862185e-149
Tfe3,26.028671,0.7690111,2.3463577982475586e-149,6.8722302186839505e-149
Tor1aip2,26.027054,0.5047648,2.4473233071108343e-149,7.166412467824553e-149
Dynll2,26.016336,0.3699128,3.235904620712409e-149,9.473559342376836e-149
Odr4,25.992071,0.7830046,6.087601809518193e-149,1.781848346428966e-148
Zswim8,25.987915,1.7985499,6.7829113055492546e-149,1.9849414103014348e-148
Ninj1,25.984793,0.3301474,7.357203041642144e-149,2.1525406845198184e-148
Mysm1,25.983353,1.5913682,7.638102398643345e-149,2.2342470652716094e-148
Fam118b,25.980883,0.642198,8.145071376247967e-149,2.3820327431606277e-148
Parp6,25.96841,1.4857553,1.126684794173386e-148,3.294294325490925e-148
Exoc8,25.96641,1.3680853,1.1868395074097016e-148,3.4694378503265646e-148
Mief1,25.96504,1.3903872,1.229907686987712e-148,3.59456884367535e-148
B4galt1,25.962818,0.18948512,1.303054831595173e-148,3.807537355141878e-148
Gpr35,25.962505,0.31455034,1.3136786524957866e-148,3.83776021638109e-148
Ap4s1,25.960646,1.299642,1.3787497935921598e-148,4.0269977418566396e-148
Sccpdh,25.959475,0.7133863,1.4213518670568052e-148,4.1505417001925714e-148
Cul5,25.950459,1.2648908,1.7967224337217465e-148,5.245554927656892e-148
Chn2,25.948092,0.06871603,1.9107254645509282e-148,5.57719759396669e-148
Cask,25.947153,1.582961,1.957935769489293e-148,5.713779694358959e-148
Traf2,25.940765,1.1958975,2.311340496692941e-148,6.743670000485591e-148
Foxk2,25.935837,0.52557826,2.6271285942174364e-148,7.663392390342032e-148
Ddx19b,25.935246,0.4829221,2.6677824357232526e-148,7.780320923121237e-148
Flywch1,25.931698,1.4267442,2.9252412620991548e-148,8.529354852709156e-148
Safb,25.920963,1.5292552,3.8655471624042926e-148,1.1268675643973291e-147
Lrp12,25.899364,0.6515307,6.770328673706862e-148,1.9732362449475986e-147
Ano9,25.89499,1.2411165,7.583728421604407e-148,2.2098335002224645e-147
Elp4,25.886309,0.43926084,9.498442149787416e-148,2.7671750404419025e-147
Tle3,25.885086,-0.16984427,9.804405328937521e-148,2.855702723604273e-147
Wdr61,25.882065,0.58645463,1.0602899575198237e-147,3.087620351167715e-147
Il15,25.881197,1.564832,1.084408333473645e-147,3.157182022621268e-147
Hs1bp3,25.88046,0.4855695,1.105311845839944e-147,3.2173562136784236e-147
Ccdc97,25.88004,0.43886748,1.1174664480835145e-147,3.252043770492032e-147
Dgat1,25.878923,0.6503361,1.1502508534042172e-147,3.346740514958015e-147
Pigu,25.86748,1.1646856,1.547255881375494e-147,4.5008985700510276e-147
Nsrp1,25.862486,1.5111825,1.7609494853589155e-147,5.12143432843113e-147
Prepl,25.858442,1.3617705,1.9553438956022368e-147,5.685589575241461e-147
Elmod2,25.858253,1.2643238,1.9649036956521124e-147,5.712172201964847e-147
Necap1,25.855825,0.070565514,2.0924782502692517e-147,6.08175134376876e-147
Zdhhc18,25.836174,0.28197375,3.479878463905941e-147,1.0112056522293614e-146
Mindy2,25.835793,1.2022047,3.514392306658742e-147,1.0210179476005587e-146
Npc2,25.833395,0.2212486,3.739366607706403e-147,1.0861477986487906e-146
Tox3,25.826845,0.20422268,4.429650483694853e-147,1.2863765208011705e-146
Pbld2,25.825388,0.71450037,4.5999995778875296e-147,1.3355625101403815e-146
Nr2c2,25.817646,0.9698425,5.619420821797963e-147,1.631194645257634e-146
Adam15,25.814934,0.6028386,6.027729073440063e-147,1.7493462453160625e-146
Frat2,25.793617,1.7612853,1.0456914470930265e-146,3.034124875662452e-146
Oas2,25.793468,2.2236829,1.0496916049405e-146,3.045085425872155e-146
Slc25a16,25.78052,0.18475525,1.4665668532821565e-146,4.253510438734569e-146
Fam53b,25.778107,0.86641526,1.5608190591440319e-146,4.525911924044664e-146
Pom121,25.77582,-0.02006825,1.6557098727792574e-146,4.800049291977178e-146
Mtln,25.770538,0.32373354,1.8975958568030456e-146,5.500132119919807e-146
Utrn,25.76849,0.6368379,2.0005805221505384e-146,5.797401703837384e-146
Klhl2,25.76521,1.2994125,2.177302136134373e-146,6.308179388058804e-146
Pls3,25.75865,0.97983545,2.578873416112873e-146,7.47004744023375e-146
Bet1l,25.75704,0.98271024,2.6881763198144473e-146,7.78500871949652e-146
Cars2,25.747896,1.2951955,3.403198852924585e-146,9.85364054917292e-146
Ubn1,25.745483,1.2208409,3.6216284254755095e-146,1.048386298018154e-145
Lipe,25.741312,0.28394693,4.032889298360755e-146,1.1671907122768957e-145
Ptk6,25.737719,1.2297865,4.424215894372549e-146,1.280176732025912e-145
Ss18l2,25.735764,0.3988984,4.652846986023863e-146,1.3460478640549255e-145
Pde9a,25.73001,0.6022782,5.396708676820948e-146,1.5609135185179033e-145
Trim12c,25.722824,0.7729832,6.494237756786985e-146,1.877959427448975e-145
Pim1,25.720953,1.3630251,6.814979948752331e-146,1.9702928287354784e-145
Ciapin1,25.719074,0.93964565,7.152855717219666e-146,2.0675396730707867e-145
Pxylp1,25.718416,0.57779133,7.275111361764961e-146,2.102433386985119e-145
Mef2a,25.715096,0.5290861,7.924727903178666e-146,2.2896821059786237e-145
Sgsm2,25.714813,0.8473788,7.9823477001323315e-146,2.305842940416342e-145
Wbp4,25.711264,0.97949344,8.746403316901507e-146,2.5260203877218186e-145
Cog4,25.710918,0.9532734,8.824601732950178e-146,2.5480664843347485e-145
Stau2,25.70623,0.27887258,9.957012527896517e-146,2.8744383854546098e-145
Exoc6,25.70146,0.9066553,1.1257955837298334e-145,3.249315029021839e-145
Dstn,25.701183,0.7873175,1.1338376148265568e-145,3.271835700095624e-145
Glce,25.699074,1.358804,1.1971109612493626e-145,3.453690378709923e-145
Bag3,25.689507,-0.30971187,1.5312599184084313e-145,4.416785358412845e-145
Baz1b,25.679306,1.6529607,1.9907030611500148e-145,5.740798051713719e-145
Ten1,25.675543,0.6271037,2.1929064859956223e-145,6.3225798431351756e-145
Brcc3,25.674053,1.3737918,2.27855121176451e-145,6.568125594620505e-145
Nup88,25.673227,1.2268481,2.3275347552293212e-145,6.70791101744172e-145
Sgk2,25.670902,0.29458722,2.4708692381455375e-145,7.119497857488459e-145
Acly,25.66428,0.3543543,2.9294404691285742e-145,8.439034846288867e-145
Thra,25.661552,0.6092884,3.142143879710823e-145,9.049877328358363e-145
Pja1,25.65802,0.40032572,3.440778455776298e-145,9.90790595551503e-145
Evpl,25.657124,0.56856894,3.5209498969776164e-145,1.0136629440246085e-144
Sf3a3,25.657019,0.579349,3.530452737724523e-145,1.016184828212647e-144
Csnk1g2,25.647581,0.08163376,4.499190544594152e-145,1.2947481207349543e-144
Chm,25.64688,0.72316307,4.580921434179406e-145,1.3179907555733932e-144
Zfp654,25.6452,0.66697025,4.782706444027246e-145,1.3757574804811233e-144
Arhgef3,25.640203,0.09132931,5.437555025161338e-145,1.5637973705379874e-144
Lrig3,25.639347,0.4345513,5.558716325548325e-145,1.5983062605524254e-144
Gpd1,25.632498,0.9004903,6.627408497261647e-145,1.9051883792317222e-144
Pdss2,25.628855,1.1493336,7.276998646142245e-145,2.0914871056325178e-144
Tdp2,25.628607,1.2772509,7.32345501094061e-145,2.1043968748605343e-144
Fgfrl1,25.625599,1.1322118,7.911350391007308e-145,2.272851189013129e-144
Epg5,25.601494,0.9739733,1.4681969882500737e-144,4.217095949237504e-144
Dus1l,25.588285,1.1754147,2.0598637933705768e-144,5.9152955427011e-144
Ndufa3,25.578382,0.6348385,2.6548076927663883e-144,7.622190887797682e-144
Hgfac,25.57491,0.3075941,2.9018390848068306e-144,8.329691327609867e-144
Cotl1,25.573992,0.20675682,2.970864303401188e-144,8.526037638827123e-144
Pum3,25.572163,1.010528,3.1133012892532664e-144,8.932940648455396e-144
Kitl,25.56816,1.8507191,3.4493533828797313e-144,9.895092827958953e-144
Dnajb9,25.566587,1.0978981,3.591160732388265e-144,1.0299732176050654e-143
Vps33a,25.557184,0.8408135,4.568474650331026e-144,1.3099998079949002e-143
Alg14,25.555775,0.86796427,4.736226573953827e-144,1.3578175764951483e-143
Ndufaf4,25.545797,1.0343441,6.114135588237092e-144,1.752479651417779e-143
Fam83b,25.534664,0.027155126,8.12848572855353e-144,2.3293596466464694e-143
Znhit2,25.530973,1.0340716,8.93291353816052e-144,2.5593461687480644e-143
Sema6a,25.529963,0.98394096,9.166795656565179e-144,2.625804997979238e-143
Sertad3,25.523254,0.8747968,1.088179318918891e-143,3.116408834809599e-143
Myadm,25.517725,-0.19101761,1.2533336857485304e-143,3.588638641669002e-143
Parp2,25.515705,0.69281614,1.319785935794968e-143,3.778118625077703e-143
Fam104a,25.513342,1.2437041,1.4019147190468201e-143,4.012386727284484e-143
Ugp2,25.506422,0.13845283,1.6730542779059137e-143,4.787406832049251e-143
Tnrc6c,25.504717,0.9835978,1.7475097174774147e-143,4.999413260774822e-143
Trnau1ap,25.502205,0.8309379,1.8633411990599432e-143,5.329678079302389e-143
Inpp1,25.50054,0.8693448,1.94423755944421e-143,5.559901427310659e-143
Rnf166,25.494963,0.34867924,2.241900213207886e-143,6.409781604770612e-143
Rnf123,25.481445,1.2027869,3.1656922608653213e-143,9.049088977285383e-143
Setd1a,25.479427,0.761891,3.3328888776825404e-143,9.525027252311127e-143
Rhoq,25.479218,0.98837805,3.350778946221809e-143,9.574154218467037e-143
Ap4m1,25.471432,0.8201811,4.0871389780127213e-143,1.1675710366476701e-142
Zranb1,25.471373,1.2473087,4.0933576907420985e-143,1.1691033087071471e-142
Cdkn2aip,25.467276,0.56988186,4.544410916020846e-143,1.2976575334429958e-142
Tspyl1,25.460701,1.219393,5.374025574958674e-143,1.534233814980373e-142
Nsmce2,25.460342,0.7796477,5.423252013053721e-143,1.5479643347632985e-142
Wdr81,25.457329,0.8277933,5.856358657138718e-143,1.671237575884223e-142
Josd1,25.45388,0.65545154,6.394721917747498e-143,1.824490344777739e-142
Zbtb21,25.447224,0.9974457,7.577095385043866e-143,2.1613846347616788e-142
Ppa1,25.429638,0.2316461,1.1860142538519839e-142,3.3824285550418935e-142
Ube2d1,25.426062,0.591443,1.299091735774697e-142,3.7041450139113806e-142
Slc52a2,25.41485,1.3247818,1.7282478688955577e-142,4.926785409036221e-142
Rangrf,25.414679,1.0671573,1.735815059384143e-142,4.9473261644598074e-142
Imp3,25.410002,0.5084859,1.95525443358966e-142,5.571599162187664e-142
Poldip2,25.396019,0.34997982,2.7905694577886232e-142,7.95021611151238e-142
Ctnnbip1,25.392237,1.2035433,3.0724252199363905e-142,8.751388228000447e-142
Pold3,25.39186,1.228008,3.1019971743679098e-142,8.833779958242641e-142
Lnx2,25.389975,0.8086189,3.2543719287627732e-142,9.26577891439328e-142
Psen1,25.384375,0.27087387,3.752352039954484e-142,1.0681393452618144e-141
Trp53bp2,25.38251,1.2949542,3.934471152880132e-142,1.1197480336240543e-141
Cr1l,25.381649,0.7320005,4.0214959019134555e-142,1.1442770798723784e-141
Wdr44,25.379892,0.7185815,4.205173828063191e-142,1.1962919096892893e-141
Zfp36,25.379482,0.014423585,4.2492320252854225e-142,1.20857420852284e-141
Ccdc50,25.378445,0.56970376,4.362725995620011e-142,1.2405963399896786e-141
Sec14l1,25.366064,1.0896708,5.975958804558338e-142,1.6989862089882594e-141
Acot4,25.362677,1.7089958,6.513003272665288e-142,1.8512849668197425e-141
Cog7,25.359324,1.4310642,7.091785404003298e-142,2.0153816583488175e-141
Atg4c,25.352879,0.92324376,8.353151144730424e-142,2.3733501330602236e-141
Nhp2,25.345085,0.8217027,1.0180667721458012e-141,2.8919948294752457e-141
Tfb2m,25.34324,0.5163715,1.0668836472407818e-141,3.030038188165668e-141
Rcc1,25.342583,1.6188673,1.0848507867952254e-141,3.080426600794167e-141
Ctdspl2,25.338598,0.68215644,1.2002670404192377e-141,3.407442760583989e-141
Mettl23,25.3333,0.81766784,1.3730288476514122e-141,3.8970878978067794e-141
Chd3,25.33231,2.2352586,1.407929892544726e-141,3.9953187965447454e-141
Bin3,25.331665,0.5516553,1.4311107963418043e-141,4.0602572904510737e-141
Hacd3,25.330694,-0.009529935,1.4668647160361378e-141,4.160832813066622e-141
Zmynd8,25.327719,1.0472238,1.581861034351077e-141,4.4860949076629985e-141
Etv6,25.327139,0.13347717,1.6052777585474496e-141,4.551559889723486e-141
Dxo,25.322548,-0.06561004,1.8035458702795673e-141,5.112663718091435e-141
Faah,25.311676,0.2944564,2.3759479778231194e-141,6.733904372379515e-141
Adrm1,25.30963,0.72072697,2.5025443090762808e-141,7.091233615130158e-141
Btaf1,25.30778,1.2332222,2.6226883531786438e-141,7.430135328302871e-141
Dtnbp1,25.304214,1.3333522,2.8706249287624225e-141,8.130860791389006e-141
Sulf2,25.30419,1.2398239,2.8725333442891745e-141,8.134581379820762e-141
Ksr1,25.301132,1.2443478,3.103853140012882e-141,8.78782436639258e-141
Selenoo,25.296692,1.1152786,3.4735522941689233e-141,9.832504165340515e-141
Borcs6,25.295492,1.2499076,3.580698346379756e-141,1.0133702377223337e-140
C1qbp,25.291668,0.58010024,3.9449103899014207e-141,1.1162145578709277e-140
Inpp5b,25.290405,1.0589745,4.0732070620423355e-141,1.152277752863652e-140
mt-Nd2,25.290094,0.020313667,4.105307151574788e-141,1.1611184136046583e-140
Bicdl2,25.28875,1.0031649,4.247522778321569e-141,1.2010933414712046e-140
Fam98b,25.287628,0.9532338,4.3700498395814395e-141,1.2354854570245232e-140
Glcci1,25.282307,1.1719435,5.000425816541435e-141,1.413410976461433e-140
Anxa1,25.274416,0.20650095,6.106171048080919e-141,1.7256021715748414e-140
Tgfbrap1,25.273422,1.4485976,6.261775415240539e-141,1.769210305855669e-140
Jmjd6,25.272612,1.0646887,6.391572434718625e-141,1.8055102880557155e-140
Pde7a,25.27222,1.2252048,6.455137356231857e-141,1.823089701496709e-140
Sgms1,25.271528,0.9531979,6.569087487154563e-141,1.8548889404674508e-140
Shisa2,25.270626,0.49547368,6.721041384138559e-141,1.897403817673303e-140
Mtf2,25.268147,1.069051,7.156282578097822e-141,2.0198589113619757e-140
Urm1,25.26749,1.4525522,7.276001926913889e-141,2.0532258842457167e-140
Il6st,25.26456,0.4900072,7.83595218484569e-141,2.210782878641733e-140
Tarbp2,25.26285,0.70817715,8.182785576262887e-141,2.3081599165716785e-140
Rfx1,25.26122,0.5357509,8.526925983936228e-141,2.404737323784861e-140
Nhlrc3,25.253736,1.3715434,1.0304588018585782e-140,2.9054688897765064e-140
Fastkd1,25.2487,1.0771075,1.17046238991771e-140,3.2995409569418027e-140
AI661453,25.243624,0.7850784,1.3307366247312034e-140,3.750581892662656e-140
Phf2,25.242424,1.1930034,1.37169770029381e-140,3.8652310017551724e-140
Id2,25.22004,1.2828531,2.4150845986329704e-140,6.803931167347727e-140
Phlda1,25.218954,2.092345,2.4821679131823477e-140,6.991482227140804e-140
Scamp3,25.216928,0.45621973,2.612512243725226e-140,7.357105628694907e-140
Ergic1,25.213512,-0.10087974,2.847912943189015e-140,8.0183672015873545e-140
Setx,25.21209,1.080046,2.9521257987791646e-140,8.310070049054153e-140
Snrpb,25.202534,1.4890426,3.7574957457509754e-140,1.0574964874077916e-139
Spint2,25.196707,0.7995425,4.3527315687325955e-140,1.2247655185682765e-139
Rab25,25.196415,0.1846099,4.385060302776227e-140,1.23360830365079e-139
Riok2,25.191801,1.0758139,4.926374387075038e-140,1.3856061238842277e-139
Gxylt1,25.19013,1.2942435,5.138528272808287e-140,1.4449799327709916e-139
Osbpl11,25.187944,0.940954,5.4298840285495165e-140,1.5265967123851694e-139
Ahctf1,25.177486,0.32470468,7.068856949587265e-140,1.986980858902484e-139
Irs2,25.175571,0.93450314,7.418446401849272e-140,2.0848182191797947e-139
Stxbp5,25.171452,0.82875925,8.230384903091568e-140,2.3125233932561574e-139
Zfp518a,25.168892,0.8861429,8.779136570111502e-140,2.466201573464971e-139
Hnrnpdl,25.162344,0.8559242,1.0354669340619488e-139,2.9081968213795746e-139
Gspt1,25.160791,0.6911152,1.076766911755251e-139,3.0235703322901555e-139
Psmd9,25.1592,0.66058975,1.1207881911306276e-139,3.1465363403225892e-139
Dars2,25.156202,1.0375906,1.2087637676189505e-139,3.39282523033439e-139
Rfng,25.156183,0.7753059,1.2093447399695289e-139,3.3937593513407155e-139
Nipsnap1,25.153696,0.39979583,1.2875267154355058e-139,3.6124185132500084e-139
Siah2,25.153267,0.7908564,1.3015210220272027e-139,3.650933328455794e-139
Ints12,25.14766,1.1080937,1.4990534440676292e-139,4.204174702137988e-139
Gys1,25.146727,0.41211164,1.534663001248516e-139,4.303161070755271e-139
Rida,25.146452,0.75821716,1.5452962378351164e-139,4.3320881616226355e-139
Zfp638,25.1411,1.3338739,1.7682575981644815e-139,4.95612270032779e-139
Dock8,25.135763,0.91830343,2.02260236472929e-139,5.6678457659166065e-139
Baz1a,25.130184,1.2466701,2.3275289788858198e-139,6.5209913514164275e-139
Dus3l,25.118088,1.0823327,3.1556313595197614e-139,8.839258263300438e-139
Ints13,25.112751,0.6317433,3.609092233864239e-139,1.0107379950459445e-138
Fkbp3,25.104128,0.5127941,4.483030996875846e-139,1.2552303210949466e-138
Eif4a3,25.103386,1.2741969,4.5673844155331625e-139,1.278587141912303e-138
Tnfsf13,25.102581,0.13359164,4.660859079503056e-139,1.3044872679534239e-138
Akt2,25.101095,0.5849007,4.838184391025008e-139,1.3538402199154282e-138
Zbtb18,25.10096,1.1823692,4.8547408929691474e-139,1.3581952068607424e-138
Dcun1d1,25.099306,1.7185137,5.0609188979580834e-139,1.415587357937754e-138
Cryz,25.098291,1.0051831,5.1914732957531064e-139,1.4518077161436347e-138
Phb,25.086441,0.5187991,6.992542602851696e-139,1.955081171416826e-138
Snrpd1,25.082123,0.7399113,7.794134226890524e-139,2.1787568592135716e-138
Cse1l,25.080944,0.7802482,8.028162171644933e-139,2.2437179173767517e-138
Aldoa,25.079891,0.6473861,8.243496067942478e-139,2.3034288665531956e-138
Nsf,25.076954,0.54709274,8.874626566812819e-139,2.4792751440483206e-138
Lrig2,25.076202,1.3521544,9.04359672759772e-139,2.5259637510191754e-138
Rnf168,25.072012,0.7249619,1.0047333998774964e-138,2.8057441787471436e-138
Zw10,25.065598,-0.18916996,1.1803331819330528e-138,3.295438191697529e-138
Lyn,25.054497,0.40724987,1.5595428783755537e-138,4.3532861526404765e-138
Sgpp1,25.054482,0.6845032,1.560196087382178e-138,4.354220713255364e-138
Eif2s2,25.046581,-0.07072652,1.9022409712195343e-138,5.3077219509135136e-138
Ovol1,25.039488,0.80390364,2.27259878035912e-138,6.339818099023045e-138
Htra2,25.036167,0.8498514,2.4699595320042347e-138,6.888985641476221e-138
Nfib,25.02846,0.24317306,2.9964787639716315e-138,8.355800794721056e-138
Abce1,25.020823,0.9722239,3.62872774219477e-138,1.0116789372989498e-137
Cpeb2,25.020042,0.20614538,3.700313746954707e-138,1.0314266304444683e-137
Nln,25.019936,0.73551553,3.7102747777622907e-138,1.0339924105542964e-137
Fdx2,25.007732,0.53967166,5.0371623394984224e-138,1.4034880805346561e-137
Sept11,25.005,0.3794054,5.393898595060692e-138,1.5025781887849859e-137
Ndufaf7,25.003342,0.42137742,5.622754417788862e-138,1.5660115410033135e-137
Immp2l,25.002811,2.524381,5.697771438640382e-138,1.586581641690231e-137
Exosc7,25.002161,0.35482734,5.791393429987435e-138,1.6123229876848162e-137
Zc3h7b,24.988726,0.4160664,8.107110189247448e-138,2.2565587591687127e-137
Ripk3,24.988186,1.1778436,8.217170130227998e-138,2.286727747880909e-137
Emc6,24.982002,1.0391988,9.592460903903107e-138,2.6689095190412e-137
Npm1,24.97589,0.14128458,1.1177488566405218e-137,3.109279010284609e-137
Fbxl17,24.973787,0.62504023,1.1781119429852447e-137,3.2765265040315687e-137
Tuft1,24.964703,1.5986053,1.478642028545826e-137,4.111514790639319e-137
Nudt14,24.951412,2.0133712,2.0613394303730648e-137,5.730599046625668e-137
Pqlc3,24.948572,0.6800395,2.212910398264637e-137,6.150721482981486e-137
Tmem97,24.945412,0.38331077,2.394786730149242e-137,6.654888952406194e-137
Abcf2,24.937347,1.2326919,2.929300175637416e-137,8.138598110898347e-137
Capg,24.930487,1.4750602,3.476782491284567e-137,9.65772914245713e-137
Cyb561a3,24.917267,1.0507522,4.836059586263117e-137,1.343077068280831e-136
Ostm1,24.91398,0.75580347,5.249537330089084e-137,1.4576126495221974e-136
Lamc2,24.913824,1.1532054,5.269875138302022e-137,1.4629626982598487e-136
Tbx3,24.911802,0.93298876,5.542525992139382e-137,1.5383406320784666e-136
Kmt2a,24.896416,1.1604822,8.135973116637903e-137,2.257699520495603e-136
Ifit1bl2,24.895277,1.5553385,8.369973032616162e-137,2.322162329499412e-136
Kif21a,24.894121,0.34437674,8.614787537497802e-137,2.3895987743465e-136
Mbtps2,24.879148,0.60489905,1.2512361980002876e-136,3.4700172394349895e-136
Cers6,24.871038,0.20828281,1.5314211758180224e-136,4.246185032301593e-136
Aldh2,24.86258,0.71459836,1.8905393320840353e-136,5.2408524967056926e-136
Kat14,24.861845,0.7617889,1.925424727983372e-136,5.33647814251573e-136
Slc25a1,24.858665,0.2309277,2.084092126235041e-136,5.775067847267312e-136
Tmc4,24.854858,0.6495701,2.291298249775782e-136,6.347954531135295e-136
Rfx7,24.846403,1.6684943,2.8280532922322694e-136,7.833426933618855e-136
Fam210b,24.846336,1.1617537,2.8327550601902414e-136,7.844861370615947e-136
Elf3,24.841251,0.7344798,3.214853779347443e-136,8.9012199701511e-136
Zfp946,24.832735,1.0866419,3.97338901851807e-136,1.0999209479399718e-135
Tmem161b,24.828762,1.2552395,4.3861685147637e-136,1.213941599663906e-135
Zfp36l2,24.820423,0.031848527,5.3967761427035625e-136,1.4933410309888955e-135
Slc36a1,24.807545,0.36602467,7.43256940289885e-136,2.0562489699502685e-135
Slc9a2,24.804585,0.4483942,7.999963775339598e-136,2.2127731518561693e-135
Cetn2,24.803583,0.71952546,8.201460282743407e-136,2.2680479143885963e-135
Lrrc26,24.793083,0.79166526,1.0644957178757797e-135,2.9431821556715096e-135
Thop1,24.792068,0.507815,1.0916824994360672e-135,3.01773967652885e-135
Diaph2,24.784649,1.4025731,1.312478144214011e-135,3.627352187171908e-135
Phf20l1,24.779222,1.5901743,1.5017877003541292e-135,4.1497164684467e-135
Smndc1,24.777758,1.308526,1.557347388613588e-135,4.302368795816327e-135
Ehd1,24.775723,1.4125879,1.6380524305105968e-135,4.5244126413315306e-135
Leng9,24.764132,0.98628926,2.183813982201608e-135,6.030625243660538e-135
Nmd3,24.763409,1.0749129,2.2232931435236378e-135,6.138407780675499e-135
Clec2e,24.763136,0.97616804,2.2384628287996886e-135,6.179043032667691e-135
Sh3rf2,24.7618,0.656066,2.3138223863150643e-135,6.385776212484058e-135
Elp3,24.758102,1.1910704,2.5360266509820602e-135,6.997611874935366e-135
Arhgef38,24.755201,0.67698157,2.7251951341008398e-135,7.51806404253157e-135
Ccdc32,24.747026,1.1956736,3.337413289272683e-135,9.205148594353356e-135
Smc3,24.744442,0.60539013,3.558173070035873e-135,9.812062257055971e-135
Nudt22,24.742676,0.47306758,3.717411016200707e-135,1.0249112025513038e-134
Ccdc174,24.739765,0.99146146,3.995467377352421e-135,1.1013508644485863e-134
Atpaf2,24.733265,0.22951727,4.693756329982633e-135,1.2935735149639763e-134
Ncor2,24.726847,1.3007537,5.502470190296923e-135,1.5161450705684149e-134
Ppp6r2,24.724876,0.5653089,5.777803655013411e-135,1.591689463785423e-134
Sectm1b,24.715471,0.5914892,7.292781559266592e-135,2.0086362099289153e-134
Usp1,24.707521,1.2226248,8.878841722017098e-135,2.4449891371039835e-134
Pitx2,24.707258,0.64908814,8.936649405143361e-135,2.4604123337091897e-134
Tfrc,24.703907,0.40020654,9.709490713937735e-135,2.672650674579278e-134
Psmg1,24.703363,1.0216122,9.84095743554561e-135,2.7082932769387443e-134
Smim11,24.69034,-0.08276511,1.3581575456635297e-134,3.73698278409432e-134
Rin2,24.684372,1.1101018,1.5740911391194983e-134,4.3302547430012347e-134
Zdhhc5,24.682861,0.08556569,1.6340245014198783e-134,4.494224669532751e-134
Asxl2,24.681162,0.5971179,1.7041517231492905e-134,4.686160228044751e-134
Map4k5,24.672575,0.4984428,2.1070974242195621e-134,5.793035238480602e-134
Ube2e1,24.66129,1.1712352,2.7847140408025094e-134,7.654465227733531e-134
Pde6d,24.657322,1.620156,3.0713739902333973e-134,8.440723335297772e-134
Abcf3,24.65634,0.80768716,3.1467872660156875e-134,8.646235857497393e-134
Ifit1bl1,24.638464,0.9980258,4.892612783134114e-134,1.3440433870903778e-133
Nsd2,24.627085,0.76565856,6.47837280929984e-134,1.779308057183678e-133
Pgap1,24.624788,0.6296882,6.85580924243392e-134,1.882594204624174e-133
Pip4p2,24.624557,0.583338,6.895023548099212e-134,1.8929822730426965e-133
Tbc1d8b,24.622307,0.48395327,7.28854572569567e-134,2.0006194861278262e-133
Slc5a3,24.613947,0.6120727,8.957219699787197e-134,2.458157322789282e-133
Atxn10,24.612928,0.6994462,9.18485491709963e-134,2.520122210901634e-133
Etfbkmt,24.610636,0.7508902,9.719087161338088e-134,2.6661688451614512e-133
Slc25a28,24.608381,0.90770596,1.0274674220528357e-133,2.818013838061077e-133
Utp3,24.606646,1.2769305,1.0723724048460583e-133,2.9405840457729792e-133
Bop1,24.59475,1.0565244,1.4376344965752717e-133,3.941389683373465e-133
Scnn1a,24.594156,0.19350915,1.4588117915379638e-133,3.9986472738588204e-133
Dhps,24.590055,0.53336084,1.6138528467778893e-133,4.42273300194141e-133
Prdm4,24.587826,0.8935437,1.7049274829793409e-133,4.6713851592351205e-133
Crlf3,24.581383,1.1120654,1.9981072230008596e-133,5.473580984482523e-133
Ppil4,24.578241,0.96463126,2.1588109799647285e-133,5.9126257061922015e-133
Gjb1,24.574427,0.6623524,2.3713348094702187e-133,6.493392775231326e-133
Gstm5,24.572048,0.870686,2.5143464615648087e-133,6.883621193573325e-133
Slc35b4,24.569286,0.66061825,2.6911109442644834e-133,7.366081297601444e-133
Zbtb10,24.567774,0.58539796,2.7932535002820124e-133,7.644134804153796e-133
Sdr39u1,24.566658,0.59919286,2.8710025699148906e-133,7.855334162382178e-133
Gal3st2c,24.548018,0.77569973,4.541071144636051e-133,1.2419829580579599e-132
B4galt6,24.54411,-0.26806572,4.998955307017636e-133,1.3669408882916651e-132
Uap1l1,24.543674,1.3913479,5.0528584348190055e-133,1.3814042202349041e-132
Ap5b1,24.542143,1.2440474,5.2465912021629e-133,1.434082244444886e-132
Bub3,24.537535,0.7942134,5.8758343630111395e-133,1.6057560934088196e-132
Nfu1,24.536032,1.2050738,6.0971330887018856e-133,1.6658999997602054e-132
Rcor3,24.53243,1.01815,6.661076847392891e-133,1.819620972594842e-132
Fnip2,24.520088,1.7701017,9.02080054719606e-133,2.4637397140584406e-132
Zfp280d,24.515226,1.3105831,1.0164551237553478e-132,2.775563861292808e-132
Tmsb4x,24.514967,0.7347039,1.0229615942709577e-132,2.7927729689868926e-132
Pitpnm1,24.505388,2.7448704,1.2941629962425407e-132,3.532470853017314e-132
Kiz,24.497177,0.5312113,1.5830586861738124e-132,4.3201611521506454e-132
Bmp2,24.493275,1.1154517,1.742131907060143e-132,4.753322791110825e-132
Tmem43,24.482662,0.87181866,2.260163792252404e-132,6.16551762598277e-132
Yrdc,24.480528,1.1568158,2.3815659385647057e-132,6.495395733919496e-132
Grhl2,24.47752,1.2638594,2.563890829329317e-132,6.991267615369575e-132
Ggh,24.475887,0.57744294,2.6686227248603587e-132,7.275401866520215e-132
Bmt2,24.475714,0.5651763,2.6800327574485652e-132,7.30505241341621e-132
Maco1,24.47008,1.388234,3.0768891753849334e-132,8.385105514824425e-132
Arid4a,24.466415,1.5077885,3.365989491905779e-132,9.17113096270403e-132
Gstm2,24.462578,0.049331825,3.697939214028173e-132,1.0073569472477146e-131
Sarnp,24.459042,1.5264769,4.03254326440732e-132,1.0982877741639137e-131
Ppt2,24.455595,1.1488436,4.387877614935607e-132,1.1948272876193631e-131
Map3k9,24.451712,1.2408472,4.825755410504459e-132,1.3138006219121735e-131
Med9,24.448315,-0.13279894,5.2444190355019025e-132,1.427496622422144e-131
Snrpa1,24.444637,0.7308806,5.73873025305415e-132,1.561734053940607e-131
Pus10,24.441463,1.0352416,6.202329878022959e-132,1.6875618997605246e-131
Themis3,24.438627,0.7788838,6.648383381494834e-132,1.8085665952246243e-131
Gca,24.436003,1.5298599,7.089545412004067e-132,1.9281927905559987e-131
Celsr1,24.432169,1.62769,7.786891329645274e-132,2.1174336634102033e-131
St6galnac2,24.432093,0.21287018,7.801442456208955e-132,2.1209686995756947e-131
Malrd1,24.427992,1.200827,8.624848148541122e-132,2.3438950403676437e-131
Slc7a6os,24.422842,1.2742056,9.782844926174105e-132,2.6580648592376494e-131
Slc35d1,24.421179,0.3311129,1.0189276468642535e-131,2.7679450875782017e-131
Maz,24.41843,0.48211384,1.0897895365527917e-131,2.9598553947089227e-131
Eif3g,24.413649,-0.009286164,1.2249997934351558e-131,3.326424180942366e-131
Aqr,24.409784,0.19494161,1.3463986675675733e-131,3.6553507601720397e-131
Jkamp,24.408808,1.1241992,1.3788816772577833e-131,3.7427961366614105e-131
Secisbp2,24.408709,1.5848923,1.3822613198653886e-131,3.7512251536334966e-131
Desi2,24.402048,0.59009516,1.6266925726729052e-131,4.4136946292265833e-131
Zfp386,24.399082,1.1745394,1.7489789144564766e-131,4.744552004600738e-131
Hpf1,24.396467,0.506131,1.8644069095166902e-131,5.056676812304787e-131
Cnp,24.387115,0.62586087,2.3430178705446037e-131,6.353513658476592e-131
Utp6,24.378809,1.2000369,2.869947206458604e-131,7.780834268104958e-131
Hmgb3,24.37233,1.7114203,3.3618780583009603e-131,9.112721991529363e-131
Ipo5,24.370447,0.26281175,3.520050329469953e-131,9.53957357421752e-131
Ric1,24.369328,1.1977962,3.617444880933318e-131,9.801576926245912e-131
Unc119b,24.369144,1.696839,3.633690167599948e-131,9.843643629542251e-131
Ugt8a,24.36427,1.1943849,4.0928375863700914e-131,1.1085275102715586e-130
Rfxank,24.354708,0.6324253,5.168345169063712e-131,1.3995469343949756e-130
Sdhaf4,24.35406,0.12428788,5.250750893197453e-131,1.4215802507320366e-130
Polr2k,24.352219,0.8891726,5.49185203173624e-131,1.486561293230267e-130
Scrib,24.35207,1.8417723,5.512008424886351e-131,1.49172205047142e-130
Mthfd1,24.34542,0.5966795,6.482393568415976e-131,1.753991532411723e-130
Brk1,24.341585,-0.10972041,7.117964451625341e-131,1.9255818768739177e-130
Zfp704,24.33905,0.18081121,7.57161552340058e-131,2.047900361600137e-130
Fbxo42,24.335695,1.5573151,8.21675649768217e-131,2.2219526419973044e-130
Rmnd1,24.326897,0.6391156,1.0182066614911977e-130,2.7528620197493335e-130
Aimp2,24.319798,0.5567568,1.2104748067309157e-130,3.2720385416179624e-130
Zfp524,24.314087,0.5289786,1.3911655274262877e-130,3.759721064734088e-130
Slc10a3,24.312494,0.63580436,1.4461792031675795e-130,3.907627070404396e-130
Rnf19a,24.311516,0.60887504,1.4810152266495407e-130,4.000964682819531e-130
Kifc3,24.306412,1.5357251,1.677004603741037e-130,4.5295354446294055e-130
Phip,24.30573,1.4631305,1.7050749572354439e-130,4.604443135899426e-130
B3gnt3,24.304527,0.42981312,1.7557899238848796e-130,4.740459468731635e-130
Cnih4,24.30205,0.11123381,1.864917849274803e-130,5.0341001951900766e-130
Glrx3,24.300446,1.33562,1.9391915316380484e-130,5.2335591464674e-130
Trp53i11,24.300379,0.06554796,1.942344857160166e-130,5.241035106879493e-130
Aspg,24.294153,1.6572913,2.260050944542324e-130,6.097099362125918e-130
Wdr24,24.29129,1.4378818,2.4231223616704518e-130,6.535739308844858e-130
Ahsa2,24.28857,0.49545664,2.5889137006399986e-130,6.981541087803585e-130
Ccdc88c,24.271086,1.0695946,3.961069359371421e-130,1.0679736492390416e-129
Pold4,24.266367,0.08781449,4.442432558809105e-130,1.197521491064745e-129
Parl,24.25593,1.2180406,5.724981729114454e-130,1.5429468889562507e-129
Zc3h18,24.228086,0.48577818,1.1256911664860403e-129,3.033266345161892e-129
H2-T23,24.227299,0.9918588,1.1473894613264537e-129,3.091125075579049e-129
Smim12,24.224665,0.96128535,1.2231316241322316e-129,3.2945292416797843e-129
R3hdm1,24.223413,0.26595694,1.2608470075559355e-129,3.39544758336499e-129
Cwf19l2,24.217909,1.028661,1.4409923490310732e-129,3.879813028745802e-129
Vegfa,24.214006,0.70762694,1.584065640003131e-129,4.264192446268272e-129
Lig3,24.212296,0.9940669,1.6512122062188185e-129,4.444071426892805e-129
Fcsk,24.207117,1.6332752,1.8721313050557125e-129,5.037661471199698e-129
Dpm2,24.196955,0.8091597,2.395166091832098e-129,6.443811982255349e-129
Ptger4,24.196001,0.40729415,2.451168416006035e-129,6.593180190574849e-129
E2f3,24.170612,0.47336656,4.533953544983568e-129,1.2193080575742438e-128
Smarca2,24.167618,1.2265958,4.87482858325719e-129,1.3107212126630373e-128
Rhod,24.166513,0.76388097,5.006839852625816e-129,1.3459511496885793e-128
Herc2,24.163012,1.4347903,5.449771957845869e-129,1.4647333239689908e-128
Farsa,24.16104,0.38710025,5.716451278445352e-129,1.5361067249506816e-128
Stard3,24.159678,0.8856644,5.907908294138534e-129,1.5872425525018557e-128
Sirt3,24.150541,1.5235538,7.369352253082828e-129,1.9794911031409874e-128
Pqlc1,24.149916,1.8214768,7.48197774217116e-129,2.0093488928552754e-128
Papola,24.139557,0.1338004,9.612062324192364e-129,2.5808944096471744e-128
Smim4,24.127151,0.44096726,1.2973738928531042e-128,3.482840201171221e-128
Morf4l2,24.125227,1.2889613,1.3591181694720945e-128,3.6478785019687717e-128
Smc5,24.12456,1.3329592,1.381219700345483e-128,3.7064716252402824e-128
Pgd,24.116028,0.4266278,1.697429065281297e-128,4.5532252780937105e-128
Nfia,24.109941,1.2250122,1.9662365969295752e-128,5.273246805846625e-128
Cdc40,24.10834,0.75621396,2.043798817625534e-128,5.480186045299838e-128
Reg4,24.103079,-0.109098546,2.3206684284583283e-128,6.221356745572954e-128
Chordc1,24.096004,1.0700499,2.7527648559706667e-128,7.378294669815537e-128
Pan3,24.091124,0.55985934,3.097015376972045e-128,8.299370033331906e-128
Nrarp,24.090994,1.102583,3.1066515384719284e-128,8.32356187080792e-128
Snrnp48,24.089811,0.61360395,3.196573428987632e-128,8.562809332302814e-128
Timm17b,24.087282,0.93999475,3.397745465414497e-128,9.099915636416617e-128
Zan,24.083143,1.6056981,3.7545165922008786e-128,1.0053458860064033e-127
Rab33b,24.07635,1.0757896,4.4231074428962867e-128,1.1841424095850963e-127
Ogdh,24.074848,0.63871986,4.586251523240983e-128,1.2275785785930797e-127
Maip1,24.072851,0.6903642,4.812605418442876e-128,1.2879134852682257e-127
Galnt2,24.072065,0.7754361,4.90449099711509e-128,1.31224641724807e-127
Gdap2,24.06865,1.2230414,5.325575566265747e-128,1.4246331351464024e-127
Map3k21,24.06855,1.7792295,5.338447051125013e-128,1.4277970550388137e-127
Topors,24.067982,1.2452135,5.411974277218143e-128,1.4471792772967952e-127
Gtf3c5,24.067818,0.72516274,5.433479412402858e-128,1.4526457666590241e-127
Wdr18,24.066072,0.5999693,5.666940883940109e-128,1.5147657659867279e-127
Kcne3,24.063492,0.8199779,6.030840553195616e-128,1.6117206285899953e-127
Arg2,24.060871,1.1529003,6.42396815475565e-128,1.7164471378718936e-127
Tmem223,24.058569,0.92694217,6.790588931318965e-128,1.8140516435981023e-127
AA986860,24.057808,0.0645654,6.916187620326267e-128,1.847243470858627e-127
Cnot4,24.047926,1.2993426,8.775367107596311e-128,2.3433537433387923e-127
Snrpf,24.044273,-0.12189757,9.582324515732812e-128,2.5583422052449472e-127
Ciao1,24.042873,1.0192722,9.911356551235725e-128,2.64567247390491e-127
Ccl28,24.042065,0.24679035,1.0106154520617713e-127,2.697144088006386e-127
Kdelr1,24.034258,0.33974868,1.2196415665166416e-127,3.254360667729771e-127
Trim36,24.02709,0.91524947,1.4492690784983586e-127,3.866319673910467e-127
Palld,24.026714,0.40221798,1.4624672637175324e-127,3.900768447695973e-127
Cybc1,24.013813,0.98887855,1.9948400769306617e-127,5.319703208273556e-127
Slc25a44,24.013636,0.4949908,2.0033233259975974e-127,5.341284165142746e-127
Hsd17b13,24.012018,0.53046995,2.0828636920743393e-127,5.552273097293682e-127
Ppargc1a,24.005686,0.5338432,2.4254644043153165e-127,6.46428098402104e-127
Pam,24.003756,0.45919937,2.5407406836840773e-127,6.770192683043601e-127
Clasrp,23.996603,1.3664663,3.017401224478413e-127,8.038761298410734e-127
Ttc39a,23.992498,0.35799602,3.330314026508763e-127,8.870674778439294e-127
Adnp2,23.983416,0.93181217,4.14258484833706e-127,1.1032102785006677e-126
Mtx1,23.97241,0.543168,5.395871666462371e-127,1.4366928551182423e-126
Fam32a,23.968897,0.00013649366,5.870915496749272e-127,1.5628726770108294e-126
Dlg5,23.962505,1.6193322,6.84451715504443e-127,1.821696615321771e-126
Atp5o,23.95945,0.60494196,7.365479369821962e-127,1.9599714026525652e-126
Pde8b,23.958025,1.000495,7.62184594028801e-127,2.0277965609618393e-126
Ints14,23.95237,0.5165081,8.729535207280812e-127,2.3220461769999048e-126
Pgam5,23.945456,0.48362067,1.030436164605504e-126,2.740415120766291e-126
Strip1,23.944763,0.98686373,1.0477261501667927e-126,2.785855551921231e-126
Hspe1,23.942219,0.23157787,1.1136375495400343e-126,2.960535281874022e-126
Bbx,23.940857,0.28439716,1.1505936341925921e-126,3.05818619000655e-126
Rab5c,23.937891,0.16208622,1.2354013673434248e-126,3.282960298954787e-126
Naaladl1,23.93778,0.38541502,1.2387250549732528e-126,3.291153123520348e-126
Aff1,23.9358,-0.4135403,1.2989128034352369e-126,3.450394830415086e-126
Zfp236,23.935387,1.0380226,1.311895978456708e-126,3.4842061575831197e-126
Sdc4,23.933693,0.07618008,1.3662298760986361e-126,3.627804573912398e-126
Ndufaf5,23.928434,0.74765265,1.5497995783102307e-126,4.114445589864571e-126
mt-Nd4l,23.92598,-0.10977003,1.6437489590806223e-126,4.363017666037948e-126
Ipo7,23.9248,1.121508,1.6908045751527404e-126,4.487046878558844e-126
Wdr20,23.913342,1.0420295,2.2250565205388502e-126,5.9036957544370924e-126
Dip2b,23.902243,1.1300594,2.902608969675586e-126,7.699937470477912e-126
Kctd9,23.899769,0.94980955,3.0797743674080355e-126,8.168330968639427e-126
Nsa2,23.89828,1.1255579,3.191614095262559e-126,8.463316415108688e-126
Dbr1,23.892284,1.428622,3.683948574082663e-126,9.766963309534786e-126
Dedd2,23.890028,1.6124784,3.8884681064158254e-126,1.0307191578840165e-125
Mettl5,23.886679,0.6251337,4.212965288306703e-126,1.1165174480153908e-125
Med16,23.885899,2.0425174,4.2922866376078935e-126,1.1373187322086407e-125
Lias,23.881535,0.60694903,4.7647878917399756e-126,1.2622718794952375e-125
Entpd5,23.879942,0.4902107,4.949806660638002e-126,1.3110324633783593e-125
Epn3,23.876955,0.75332594,5.3164152839647796e-126,1.407861715883392e-125
Marcks,23.869514,0.9172501,6.351757914601937e-126,1.681709380100319e-125
Gatc,23.86833,1.2604269,6.534273307694606e-126,1.729697783250556e-125
Myo1b,23.865814,0.7027382,6.939242508305717e-126,1.8365423127749308e-125
Sowahb,23.8642,1.0834795,7.212214409180338e-126,1.9084178027387988e-125
Gpank1,23.861767,1.2697477,7.644295574091095e-126,2.0223591018706853e-125
Fam204a,23.860926,0.78776085,7.799617582952673e-126,2.0630516527442517e-125
Alcam,23.85898,0.62370485,8.170827230054603e-126,2.1608211636239936e-125
Mapk13,23.858398,0.3678493,8.28521394592747e-126,2.190647732222702e-125
Sytl1,23.85547,0.43925327,8.885624532110848e-126,2.3489448188017755e-125
Rcn2,23.851894,1.4613876,9.678258213891679e-126,2.557985718495723e-125
Blzf1,23.850748,1.4735535,9.94708271835924e-126,2.628528621711355e-125
Nop2,23.849417,1.0825084,1.0268293965472382e-125,2.71288485274024e-125
Tmem129,23.847836,0.9584159,1.0664042078895589e-125,2.816897342648198e-125
Grhpr,23.846172,0.42638293,1.1095847243141186e-125,2.930392256661949e-125
Taf11,23.84519,1.2956595,1.1359252035710894e-125,2.999377709757607e-125
Ttyh2,23.841858,-0.11229232,1.2300446518580016e-125,3.2472703888336237e-125
Slc37a3,23.83606,1.1161311,1.412701249515707e-125,3.728756917029008e-125
Med22,23.83494,0.080907114,1.4510055088419743e-125,3.8291200952169046e-125
Deaf1,23.829664,1.0449262,1.645768213043491e-125,4.342249722818781e-125
Mccc2,23.826893,1.2657903,1.7583696157017847e-125,4.6384460830867874e-125
Gmps,23.826086,0.8513005,1.7925142690097992e-125,4.727605135720154e-125
Cldn8,23.825274,0.73759675,1.8276327060699108e-125,4.81929758108485e-125
Atp5j2,23.824566,0.73213565,1.8587788540123149e-125,4.900482133915251e-125
Zfp646,23.822039,1.0515952,1.974323469120434e-125,5.204100508909394e-125
Per1,23.821718,0.8979157,1.9894315279826588e-125,5.242913113348017e-125
Armc1,23.8204,1.0104134,2.0530110814438998e-125,5.409427078756326e-125
Slc25a35,23.818928,0.85128516,2.1264666462054867e-125,5.601893929273749e-125
Dhrs7,23.806597,1.0603603,2.853596257946986e-125,7.515972424388488e-125
Rap2a,23.806183,0.66025585,2.881964950826031e-125,7.589229867619098e-125
Macrod2,23.806047,0.6415023,2.8913192252241187e-125,7.612397074497463e-125
Ecd,23.801506,1.0324455,3.222007372515162e-125,8.481414979623646e-125
Bap1,23.801033,1.5216968,3.258473736057634e-125,8.575756031675933e-125
Paf1,23.794334,0.18353565,3.8226944406657865e-125,1.005875437292758e-124
Men1,23.790955,0.63493776,4.143437005568353e-125,1.0900635061782845e-124
Gnl2,23.784317,0.73356485,4.853393081110147e-125,1.2765945448005628e-124
Tpm4,23.778532,0.23637979,5.570664213274622e-125,1.4649775599332779e-124
Abl2,23.771955,1.2318685,6.515377575119664e-125,1.7130895662326744e-124
Paxip1,23.768414,0.6716298,7.088422461914114e-125,1.863402098552009e-124
Cpox,23.752207,0.9434141,1.0425510417883212e-124,2.7401279062954628e-124
Tsku,23.750875,-0.12070531,1.07607628778999e-124,2.827698546412012e-124
Asb13,23.749088,0.978975,1.1228385199933136e-124,2.950012826303278e-124
Nt5c2,23.740204,0.16197209,1.387079689605414e-124,3.6435487428647784e-124
Oplah,23.734648,1.2393531,1.582940122787068e-124,4.157231837740188e-124
Hif1a,23.733753,-0.3360937,1.6170375603304594e-124,4.245965560199507e-124
Virma,23.730406,0.67517054,1.7509667928897354e-124,4.596750027407781e-124
Pi4k2a,23.729414,0.7771126,1.7927359428575154e-124,4.705501731012768e-124
Cemip2,23.72854,1.8288528,1.8303064510917127e-124,4.803193382974318e-124
Rtf1,23.722424,0.5396786,2.1167295712086307e-124,5.553775304351117e-124
Ubl3,23.714943,0.10193946,2.528483354137214e-124,6.632842867413466e-124
Trim15,23.714657,1.7257957,2.54572574291559e-124,6.6767931596414824e-124
Samd8,23.710165,0.38071007,2.8323424071001385e-124,7.427091546902089e-124
Rpp25l,23.708263,0.6445966,2.9632529514620503e-124,7.768881156296691e-124
Las1l,23.706087,0.8918966,3.120452986425473e-124,8.17945075510223e-124
Pin4,23.685085,0.71626234,5.137278570106331e-124,1.3463450449636656e-123
Ttc33,23.682775,1.1708578,5.426698422784366e-124,1.4219218419539414e-123
Dalrd3,23.676914,1.1224589,6.235966340654447e-124,1.6336559331120605e-123
Frmd4b,23.670776,1.2765585,7.213223236297453e-124,1.8893090932075785e-123
Pdik1l,23.66247,0.4713784,8.783108214509384e-124,2.3000575418118696e-123
Tbc1d2,23.66182,1.9389162,8.919655371505463e-124,2.335368317161348e-123
Yars,23.66177,0.48953173,8.930246353329114e-124,2.3376936998808504e-123
Tmem82,23.659756,0.42497316,9.36698524384703e-124,2.4515506834374763e-123
Smarcad1,23.658127,1.0678924,9.735526614515865e-124,2.5475186845293618e-123
Smg5,23.657532,1.0993515,9.874013552522217e-124,2.5832625852447163e-123
Gstz1,23.649405,0.89782685,1.1970857666361617e-123,3.131244808483074e-123
Pole4,23.636105,1.5256032,1.640328125606572e-123,4.289823506917168e-123
Mllt1,23.635353,-0.2527956,1.6697548661601078e-123,4.3659460410591725e-123
Aasdhppt,23.627258,0.6836484,2.0224954789235906e-123,5.287254000053546e-123
Acss2,23.624668,-0.0032889023,2.1503000536100497e-123,5.62028922651327e-123
Prodh,23.622452,0.8536189,2.2661341477219235e-123,5.921915625854635e-123
Brpf1,23.621763,0.952163,2.3033830284440378e-123,6.0181052567772674e-123
Rab11fip4,23.615913,0.9309203,2.6453386281336402e-123,6.910220771676702e-123
Trim30d,23.614243,1.7944661,2.75201499361074e-123,7.187510511387866e-123
Krt19,23.611681,0.63660973,2.9238414631974012e-123,7.634816117858404e-123
Phospho2,23.611055,0.78623307,2.967525398600158e-123,7.747405465035731e-123
Jmjd8,23.61082,-0.26812,2.9839691546081286e-123,7.788848671362123e-123
Suco,23.606958,1.1758,3.2693579021375776e-123,8.532150632009804e-123
Arsb,23.591665,0.35211325,4.69331705459481e-123,1.2245966556303e-122
Zup1,23.588493,1.3375001,5.058777239179856e-123,1.3197019982026808e-122
Nasp,23.580181,0.57930505,6.156608138910988e-123,1.6057908887966384e-122
Ifi30,23.575872,-0.0014276638,6.816022063575208e-123,1.7774428245497895e-122
Fam241b,23.57251,1.0979531,7.379566405558735e-123,1.9240337577886692e-122
Dusp16,23.571032,0.52748466,7.641677278566301e-123,1.991992695089481e-122
Stim2,23.568676,0.06375733,8.078700338533577e-123,2.1055122380302395e-122
Hars2,23.567438,1.2273439,8.318175768039407e-123,2.1675124548006648e-122
Gna12,23.566494,1.4005153,8.505651628660335e-123,2.215941817906841e-122
Carnmt1,23.564247,0.57652384,8.969246326642259e-123,2.3362751146063408e-122
Ckmt1,23.559502,0.8133683,1.0031997170075177e-122,2.612598767868559e-122
Kif1bp,23.55594,-0.0019109503,1.091167024759633e-122,2.8411479557479016e-122
Gbe1,23.554348,0.5890049,1.1329509654804888e-122,2.949382153616159e-122
Cdkn2aipnl,23.55271,0.7850794,1.1775898024117718e-122,3.0650058142331516e-122
Tasor2,23.549507,0.6741844,1.270058248693659e-122,3.305051674764184e-122
March2,23.54011,0.8802906,1.5852157174638492e-122,4.1243959163466775e-122
Dipk2a,23.53935,0.8610538,1.613809801763619e-122,4.197992969206294e-122
Abcb8,23.53103,1.4810051,1.9635611389036224e-122,5.106827420027964e-122
St3gal1,23.527023,1.0302637,2.1580797944276117e-122,5.611664040463508e-122
Tmem186,23.525831,0.839951,2.2195663868836998e-122,5.770450635101634e-122
Ms4a12,23.507948,0.7472722,3.382615249150334e-122,8.792484989950736e-122
Lats2,23.50631,2.0546036,3.515625294278729e-122,9.136483447218096e-122
Slc7a7,23.50529,0.70045215,3.6011167744608025e-122,9.356882365713751e-122
Tfpt,23.500647,1.2132057,4.017202004486975e-122,1.0436025344103226e-121
Mocos,23.500011,1.0038013,4.077624564119317e-122,1.0590981180309908e-121
Atp5f1,23.492167,0.42034647,4.9046572883654e-122,1.2736648009570234e-121
Pcnx,23.49167,1.0815815,4.962227998629267e-122,1.2883703793669116e-121
Ythdc2,23.476357,1.5624514,7.114574889992247e-122,1.8468453230949883e-121
Adra2a,23.470703,0.40723878,8.125961769557689e-122,2.1089870411596392e-121
Ring1,23.466108,0.23583837,9.053256697226488e-122,2.3492084503713896e-121
Lsm2,23.462673,-0.124692634,9.814647192206257e-122,2.5462967245953437e-121
Acbd6,23.45277,0.5473303,1.2386330254376825e-121,3.2128806189037e-121
Rbbp5,23.450092,1.6380844,1.3190408762979079e-121,3.4208010588609692e-121
Chpt1,23.447329,-0.005462947,1.4074930242428175e-121,3.649500778634913e-121
Eef1akmt2,23.44164,0.9327644,1.6086651406928812e-121,4.170330957151687e-121
Fbxl19,23.439121,1.7437748,1.7067260241076134e-121,4.423707046943065e-121
G6pc3,23.438875,0.47507763,1.7165949718615848e-121,4.448443479288833e-121
Usp2,23.430912,2.0757225,2.0695525940531187e-121,5.36209392263668e-121
Rad23b,23.425707,-0.4495899,2.3384231646419755e-121,6.057574687720973e-121
Spsb2,23.423761,1.383547,2.447647043110004e-121,6.339313127751763e-121
Pld3,23.422737,0.12514123,2.5072375950726564e-121,6.492420774970381e-121
Actr2,23.422232,2.4041858,2.5371479281686635e-121,6.568628912856204e-121
Gorasp2,23.412243,-0.10349173,3.2071135755056774e-121,8.301585868832128e-121
Ylpm1,23.411947,-0.18499339,3.2294268173837206e-121,8.357761492755939e-121
Ezh2,23.40901,0.79753876,3.4597139821759273e-121,8.952050843189367e-121
Mfap3l,23.407354,0.6597611,3.596782333556174e-121,9.304956188305086e-121
Kdm4c,23.401985,1.3734778,4.079270139604474e-121,1.0551166854376998e-120
Ndfip1,23.399895,0.31434572,4.284189321095506e-121,1.107910154424755e-120
Lmnb1,23.398262,0.92394,4.451366757989859e-121,1.1509253245511688e-120
Trim28,23.39553,1.0601178,4.745473682241192e-121,1.2267363441332383e-120
Clca1,23.39167,-0.01909281,5.195020490521527e-121,1.3426933511223185e-120
Thrb,23.389212,0.6025768,5.5030073392738755e-121,1.4220261784688255e-120
Calm1,23.389103,0.7247609,5.517165670412298e-121,1.4254154646304209e-120
Cnih1,23.385986,-0.2707887,5.935002489283557e-121,1.533078183622075e-120
Smad5,23.385258,0.6477733,6.037305730339199e-121,1.5592097424435986e-120
Gars,23.379654,0.21147478,6.8839312682635366e-121,1.7775256815238643e-120
Nit2,23.373274,0.75970674,7.993626824230287e-121,2.0636746615319835e-120
Dock6,23.367266,0.92450243,9.200859783758149e-121,2.3748916108511266e-120
Rhbdd1,23.365154,1.0084802,9.667212041209866e-121,2.494793822674937e-120
Faim,23.359491,1.1758255,1.1037011551269341e-120,2.8477572257284576e-120
Pck2,23.35766,0.8694201,1.1520158595607587e-120,2.9718575513098236e-120
Cpsf4,23.356716,1.0680935,1.1777472649889094e-120,3.0376638718829376e-120
Epc2,23.352892,0.56873745,1.2879745035296288e-120,3.321337230957509e-120
Eipr1,23.352509,1.6249475,1.2995918118021128e-120,3.3506632779777324e-120
Pm20d1,23.35014,0.8076773,1.373668576770597e-120,3.540983560289899e-120
Galns,23.349771,0.9568728,1.3855164137315695e-120,3.570851292457447e-120
Sik2,23.341362,0.7373287,1.686708256542037e-120,4.346285172076947e-120
Krt18,23.332308,0.110644534,2.0843558810048026e-120,5.3699258991598856e-120
Mov10,23.321907,0.73059285,2.6578834476079405e-120,6.846215133930794e-120
Fnip1,23.310785,0.97420436,3.4463159705332544e-120,8.875399415638842e-120
Exosc5,23.301245,0.9875021,4.3062319717268575e-120,1.108787840583031e-119
Ier5,23.301096,1.3879622,4.321355902166732e-120,1.1124725519979304e-119
Zbtb8a,23.296041,0.9721035,4.8624094824313554e-120,1.251523615137376e-119
Hunk,23.290636,0.5917389,5.515985872883049e-120,1.4194788635994673e-119
Gnptab,23.28973,0.22979565,5.633818561401978e-120,1.449529046607188e-119
Ripk4,23.27339,0.9974968,8.247815171001167e-120,2.121686840922516e-119
Tcirg1,23.27052,1.2926209,8.818636213159121e-120,2.2680994962375584e-119
Rubcn,23.268728,0.5669312,9.194486480194125e-120,2.3643212225771845e-119
Coq10a,23.261486,0.6928851,1.088524288031934e-119,2.7985654519339533e-119
Gusb,23.256582,0.6743436,1.2202902260320398e-119,3.1367422633436363e-119
Nadk2,23.248354,1.1966528,1.4781517189513983e-119,3.7988582515806e-119
Hnrnpl,23.246553,-0.15949653,1.541431781778038e-119,3.960744008984342e-119
Gabpb2,23.241886,1.3763806,1.7184265404352447e-119,4.414706545266198e-119
Med4,23.24155,0.9933114,1.731928924596072e-119,4.448558986448401e-119
Ogfod2,23.236242,1.0738015,1.9596831742109565e-119,5.032613597621564e-119
Rad50,23.226864,0.7271801,2.4377079261374194e-119,6.259041661646491e-119
Tbck,23.220974,0.51403856,2.795791210682831e-119,7.177106214771488e-119
Mep1b,23.212395,0.1970308,3.4132876847087743e-119,8.760643597671263e-119
Adck2,23.20241,0.6776767,4.3051143829108997e-119,1.104755848870455e-118
Rangap1,23.200521,1.4305264,4.4982597734990914e-119,1.1541032345703579e-118
Amn1,23.199839,1.1875241,4.570365527232116e-119,1.1723832036184429e-118
Comtd1,23.193535,0.5059945,5.29135535535397e-119,1.3570758530469907e-118
Adh5,23.193073,0.081705905,5.348524504111112e-119,1.3714808286840328e-118
Akip1,23.181963,0.6654775,6.92327881598697e-119,1.77495009015039e-118
Bmp3,23.179163,0.103819415,7.38862023634371e-119,1.8938965647985048e-118
Mcm9,23.17839,0.8757693,7.522339912669135e-119,1.9278110627014696e-118
Bmi1,23.175285,0.6206568,8.084497557418015e-119,2.071491551390132e-118
Cda,23.17431,0.029260647,8.269600550837744e-119,2.118523558124881e-118
Zbtb1,23.17307,0.264137,8.51105978625267e-119,2.179972702322631e-118
Eif2d,23.172628,0.23134989,8.599126041363315e-119,2.2021170152742195e-118
Usp45,23.171844,0.4432424,8.757132280587084e-119,2.242160343325751e-118
Cutc,23.166075,0.91912943,1.0011957704813565e-118,2.562963714214255e-118
Cpne8,23.15211,1.0861359,1.384324476648871e-118,3.543072659212673e-118
Ndufb10,23.134066,0.60552806,2.1034522947339703e-118,5.382617913639043e-118
Rnf186,23.122301,0.89486957,2.7626249805384855e-118,7.068081685474984e-118
Zdhhc17,23.115498,0.7694617,3.234157850865749e-118,8.272934644704286e-118
Apoo,23.108925,1.4016285,3.7657836371646745e-118,9.631025105335126e-118
Plxna1,23.101654,1.0723097,4.4560684198249205e-118,1.1394303597813349e-117
Rsf1,23.099148,1.3098329,4.722096648092166e-118,1.2072288589018578e-117
Gng11,23.094332,1.1484369,5.279009269678392e-118,1.3493542385579817e-117
Mkrn1,23.091633,0.069757834,5.619110952420798e-118,1.4360183568371223e-117
Coasy,23.084906,0.52126914,6.56523375705117e-118,1.6774957329535642e-117
Bag5,23.083105,0.8359722,6.844283072784605e-118,1.7484694754404907e-117
Rundc1,23.08028,0.8936724,7.306322684643504e-118,1.8661554484964496e-117
Crtc2,23.078154,0.26391917,7.674543315910001e-118,1.9598390260517134e-117
Slc35e3,23.077297,0.9199759,7.827915547419457e-118,1.9986322836251135e-117
Tgfbr1,23.07284,0.8302865,8.677692671525245e-118,2.2151847542114568e-117
Hs2st1,23.071688,0.3166194,8.911758078514478e-118,2.2745108571049923e-117
Arntl,23.06365,0.37903205,1.0731139803337589e-117,2.7383529914282804e-117
Zfp644,23.063425,1.336683,1.0786849186299221e-117,2.7520552728104823e-117
Clcn7,23.060722,0.7324611,1.1482104013504571e-117,2.9288896173227943e-117
Traf6,23.060299,0.8806982,1.1595225487973092e-117,2.9571933709069755e-117
Dynll1,23.057823,0.06557342,1.2277399328282774e-117,3.130588025624966e-117
Pctp,23.056171,0.93626994,1.2754994561919096e-117,3.2517626889307164e-117
Nat9,23.055462,1.0961493,1.296602720508559e-117,3.30494728852834e-117
Urod,23.054977,-0.054838736,1.311177641941405e-117,3.3414748888462e-117
Tut4,23.048882,0.60061693,1.5093909914905513e-117,3.845895622998563e-117
Stx18,23.047134,0.4437486,1.5715401698843535e-117,4.003504437997119e-117
Pole3,23.046537,0.426075,1.5933159372363802e-117,4.058222283797262e-117
Plpp1,23.041822,0.4947624,1.7765680922147164e-117,4.524128242278631e-117
Washc4,23.039555,0.75832826,1.8720183214943423e-117,4.766309913691144e-117
Sil1,23.037989,1.1002442,1.9409334093235026e-117,4.940853382818113e-117
Tdg,23.037735,1.6754931,1.9523943779467995e-117,4.9691035024050776e-117
Cfap20,23.035097,0.13326573,2.074891031629542e-117,5.27989111602791e-117
Dmtf1,23.034672,0.5392762,2.0954253566906345e-117,5.331151953998963e-117
Gopc,23.02925,1.4915202,2.374645024568828e-117,6.040414938798126e-117
Tnk1,23.029095,1.932355,2.3831500032181394e-117,6.060921758230995e-117
Htatsf1,23.009365,0.6593454,3.756284575745818e-117,9.551355815047242e-117
Sf3b5,23.005495,-0.0779011,4.1069095529538875e-117,1.0440971953270944e-116
Tmem69,23.00104,0.8467786,4.551040047208006e-117,1.1567931718507339e-116
Ankra2,22.993849,0.7062137,5.371012604397536e-117,1.3649618540259488e-116
Fbxo32,22.989202,0.5981407,5.9777382425552664e-117,1.5188697596979426e-116
Tmem252,22.986853,0.46871158,6.3102700913045684e-117,1.6030641556490798e-116
Rsbn1l,22.984295,0.5808182,6.693153513604852e-117,1.70001623882887e-116
Dgcr8,22.982008,1.1698104,7.054937912445885e-117,1.791574298100232e-116
Cstf3,22.97497,1.0887089,8.295722068273023e-117,2.1062755158491196e-116
Nbn,22.969694,0.64172083,9.36670898658967e-117,2.3777565508003295e-116
Ephb4,22.964748,0.7937429,1.0495920826644293e-116,2.6639145750623736e-116
Sorbs1,22.95453,1.2308844,1.3276817389729084e-116,3.369094039794864e-116
Tiam2,22.951696,1.2268348,1.417107019860976e-116,3.5953503704265026e-116
Mpzl1,22.95002,0.40040955,1.4727824485792212e-116,3.7359117017846135e-116
Npdc1,22.948471,0.75531155,1.5262009663453605e-116,3.870696998288725e-116
Tbce,22.945234,1.0092572,1.6441267397048966e-116,4.169002997490165e-116
Hook3,22.936285,1.6344706,2.0196011705212863e-116,5.120142010915571e-116
Sec61g,22.934645,-0.109136894,2.0971694496149088e-116,5.315809494621664e-116
Mospd2,22.933668,0.5480955,2.144683995971359e-116,5.435239741458179e-116
Zfp335,22.921345,1.3263888,2.8465447732837793e-116,7.212618079424807e-116
Sumo2,22.904518,0.8549367,4.188586452068691e-116,1.0611137408677167e-115
Usp40,22.900312,1.1516881,4.612897428809154e-116,1.1683899303383067e-115
Mboat1,22.89942,0.477286,4.7084879691879564e-116,1.1923809810860242e-115
Gtpbp10,22.898699,1.4929658,4.7869055063285364e-116,1.2120150490472642e-115
Gramd1b,22.892876,1.2422009,5.471104878418519e-116,1.3849936914545212e-115
Acy1,22.890507,0.44469908,5.776674526212766e-116,1.4620770709968458e-115
Zfp68,22.88901,1.0002261,5.978451521512921e-116,1.5128668496796668e-115
Kat8,22.887394,0.764287,6.203858163326738e-116,1.5696162883162466e-115
Ube2s,22.88636,0.10177333,6.352799884155952e-116,1.607002190451954e-115
Asb7,22.883778,0.88482744,6.740218231889612e-116,1.7046880769574706e-115
Enpp4,22.876503,1.3249947,7.963578779472378e-116,2.013719301207189e-115
Brd3,22.875587,1.4647107,8.132428979747432e-116,2.0560356128313207e-115
Kmt2b,22.875359,1.7534844,8.175196913692601e-116,2.0664661329897655e-115
Hdgfl2,22.861628,0.9698815,1.1197813994358457e-115,2.8294550327577957e-115
Adi1,22.85246,0.4210904,1.3813266310983799e-115,3.489680709453232e-115
Gpam,22.851612,0.77964514,1.408429570636213e-115,3.557494344006319e-115
Mtrex,22.85138,0.839288,1.4159832191945636e-115,3.575913300551368e-115
Zmiz1,22.847706,-0.24155754,1.5402192351996393e-115,3.888939815612088e-115
Cers5,22.83462,0.19054925,2.077945056008338e-115,5.245689245138273e-115
Edc3,22.82266,1.2495143,2.7317283119602577e-115,6.89486612514886e-115
Slc10a2,22.81707,0.45640972,3.1041753978581007e-115,7.833474546172638e-115
Dis3l,22.81414,0.4417208,3.319193981670787e-115,8.374534630876016e-115
Pigg,22.802692,0.8827592,4.311659787159773e-115,1.087658136679762e-114
Sh3d21,22.802267,0.31941286,4.3536623583229205e-115,1.0980511388798588e-114
Mars,22.794098,0.19151394,5.24685244941239e-115,1.3230814539132295e-114
Abcc10,22.786417,2.0813046,6.252714314400049e-115,1.5764356240674902e-114
Mast4,22.784096,1.0782514,6.593096201731707e-115,1.6619463697452734e-114
Tmem185b,22.783955,1.1290263,6.614298994963998e-115,1.6669837588671706e-114
Rfxap,22.783895,0.63673085,6.6233037447724855e-115,1.6689456183851803e-114
Uri1,22.781403,1.0766436,7.01085190363464e-115,1.7662748670265975e-114
Lmf1,22.77992,0.68358415,7.2521875248571875e-115,1.826739075380771e-114
Eif4enif1,22.775454,0.330505,8.030581712461229e-115,2.022434713036967e-114
Tceal9,22.761452,0.19963273,1.1052369958236652e-114,2.782934251130293e-114
Rbmx,22.749874,1.4620423,1.4391423753416142e-114,3.6230250336517995e-114
Nifk,22.742989,0.8978035,1.6836304604868312e-114,4.2377409437065005e-114
Slc5a8,22.740356,0.08823773,1.7876828586816957e-114,4.498815438438018e-114
Ppp1r8,22.735584,0.38514367,1.9930152236908664e-114,5.014624320878123e-114
Gstm1,22.734505,0.21308206,2.0426498353633358e-114,5.138564477298311e-114
Zcchc7,22.734266,0.89764696,2.0537718704094952e-114,5.1655932182913085e-114
Pitrm1,22.73152,0.19638112,2.1863404293752675e-114,5.498014963535635e-114
Nlrc4,22.730453,1.9359546,2.240050030033997e-114,5.6320434198777186e-114
Hspa14,22.730246,0.8743843,2.2507778657718598e-114,5.657975609270254e-114
Abcd4,22.716059,1.2975868,3.1088850725154655e-114,7.813637817799851e-114
Dnajb14,22.6987,0.4237492,4.6143198070931516e-114,1.1595153135244184e-113
Mafg,22.690752,1.7220862,5.528356542687569e-114,1.388944988448512e-113
Atg2b,22.690498,1.0983915,5.5605091952346416e-114,1.3967664078771807e-113
Zfp628,22.683249,0.69678783,6.556627188454132e-114,1.6466827695520707e-113
Mplkip,22.677074,1.3597217,7.544227275216541e-114,1.8943684904257472e-113
Fbxw9,22.675093,1.3752509,7.891544104852239e-114,1.9812165528521086e-113
Abtb1,22.65761,1.7692279,1.1738226550919377e-113,2.9464069031538635e-113
Zfyve19,22.651392,0.7666599,1.3517335362179406e-113,3.39235751656824e-113
Atp5j,22.638662,0.3372793,1.804388475475855e-113,4.527525211400425e-113
Eif1b,22.634764,0.8767441,1.971164502953521e-113,4.9450879797999266e-113
Cars,22.63067,0.4593382,2.162888431320416e-113,5.425073238867699e-113
Sord,22.628052,0.3731781,2.295262292604011e-113,5.756044718752952e-113
Ntpcr,22.620869,1.0475574,2.70112689430677e-113,6.772627480683e-113
Coprs,22.611689,0.5605084,3.325770485896265e-113,8.337288981600628e-113
Fem1a,22.611422,1.1207885,3.345949103518418e-113,8.386336875112605e-113
Kalrn,22.60431,0.6833431,3.9307621834052367e-113,9.850315715240354e-113
Cab39l,22.602636,1.2073141,4.082600795866643e-113,1.0228942081985405e-112
Mdm4,22.601528,1.721051,4.1863866436271536e-113,1.048705575226256e-112
Clcc1,22.600655,0.6774341,4.2699247494506383e-113,1.069436281112408e-112
Slc26a3,22.59432,0.64395946,4.9283756572164456e-113,1.2341244664426825e-112
Hsd11b2,22.59217,0.42156285,5.1742084260542877e-113,1.2954467269551883e-112
Ndufb7,22.59054,0.33930352,5.368753274182274e-113,1.3439081278499467e-112
Tm2d1,22.586714,2.0522597,5.854395602944969e-113,1.4652060737604766e-112
Gch1,22.573162,0.5673965,7.955049048773396e-113,1.9905818068065176e-112
Trip4,22.572535,1.054836,8.068656595593865e-113,2.0186403026847073e-112
Hoxa9,22.569523,0.6414135,8.637202183001395e-113,2.160485455506568e-112
Dexi,22.564833,0.6534192,9.603818902727371e-113,2.401832909561024e-112
Bahd1,22.563356,1.5421021,9.929623426910773e-113,2.4828597616201286e-112
Mocs1,22.559061,0.83627456,1.0942246145655587e-112,2.7355615364138966e-112
Sugp2,22.553633,1.4922919,1.237045179038046e-112,3.0920476737973457e-112
St7l,22.54884,0.9100728,1.3784992937813577e-112,3.4449886408004508e-112
Nans,22.547401,0.30070812,1.4240796908726598e-112,3.5582477202053027e-112
Alg1,22.546154,0.6170814,1.4647607603986114e-112,3.659226050137196e-112
Ino80c,22.540749,1.0880836,1.6549374519895688e-112,4.1335652339648134e-112
Mfap3,22.5402,0.5254513,1.675648491657779e-112,4.184531249711492e-112
Trmt10c,22.538225,0.7415136,1.752033764202208e-112,4.374486347537921e-112
Pfdn4,22.536613,0.52895904,1.8169661784229774e-112,4.535781761579813e-112
Nme1,22.530533,0.54922104,2.0843812929371126e-112,5.202393535483667e-112
Dmap1,22.530167,0.6047275,2.1016145867612195e-112,5.24444880911673e-112
Zfp110,22.526154,1.2690321,2.3009523056092625e-112,5.740836121001034e-112
Slc27a2,22.522753,0.4702542,2.484433172172992e-112,6.197486980931352e-112
Slc16a9,22.518908,0.10491887,2.709632536351938e-112,6.758020232466305e-112
Man2c1,22.518116,1.3762386,2.758454487773318e-112,6.878531203555821e-112
Vars,22.514997,0.6631288,2.959495499351985e-112,7.378505187536627e-112
Zhx1,22.512306,0.7184365,3.144742784091974e-112,7.838927738326239e-112
Bag4,22.511284,0.27136374,3.2181291425085936e-112,8.020396578058141e-112
Pcbd1,22.508532,0.65987885,3.4243146660188256e-112,8.532708283128179e-112
Rptor,22.508066,1.4651018,3.4604035720424996e-112,8.621063736141588e-112
Phf13,22.506964,0.6906221,3.547428809333724e-112,8.836263928531635e-112
Sac3d1,22.499979,0.61017025,4.152523597911066e-112,1.0341606301481302e-111
Trim44,22.49889,0.7569187,4.2557733314994975e-112,1.059681360310554e-111
Sars,22.498363,1.5005063,4.306618920130473e-112,1.0721466181100348e-111
Dtymk,22.494493,0.83965206,4.699073319137005e-112,1.1696364695886157e-111
Fam118a,22.488976,1.1081848,5.321399938230327e-112,1.3242974368571378e-111
Lamp1,22.48634,0.26735264,5.647113016126169e-112,1.4050995359447845e-111
Faap20,22.482384,0.3314788,6.173361346990671e-112,1.5357598038948048e-111
Fam122a,22.47997,0.93432117,6.518125018033885e-112,1.6212324412807088e-111
Gins4,22.469196,0.97150105,8.308132513220016e-112,2.066079507515616e-111
Mospd1,22.45956,1.1358838,1.0320417681715114e-111,2.5660311235900764e-111
Lpcat4,22.455591,1.4981382,1.1284604862055806e-111,2.8052530719617005e-111
Tmtc4,22.452421,1.3551034,1.2118981512233713e-111,3.0121241762958198e-111
Mettl3,22.4511,0.40955204,1.2484443586776295e-111,3.1023944402901296e-111
Mycbp2,22.444199,1.0145887,1.4580874675174994e-111,3.622700966261229e-111
Arhgef39,22.44375,1.2075812,1.4728574750962981e-111,3.658733146583447e-111
Siae,22.425186,0.35197288,2.2355611766451018e-111,5.552360895499776e-111
Gjb2,22.419199,0.47740054,2.557502951714562e-111,6.350799503304273e-111
Tnfsf10,22.407635,1.2729356,3.315944931862224e-111,8.232670105885242e-111
Golt1b,22.40609,0.716146,3.432967123232472e-111,8.521660085351979e-111
Bid,22.406017,0.23159528,3.438483538775892e-111,8.533804426998245e-111
Cir1,22.403503,1.2366643,3.638207303836489e-111,9.027850640530573e-111
Sdhaf1,22.395916,1.4786637,4.313476424972264e-111,1.0701522153754665e-110
Nom1,22.391161,0.63167244,4.799239588853375e-111,1.1904516847010686e-110
Coq8b,22.389118,1.5743415,5.024328495823284e-111,1.2460589804204464e-110
Noc2l,22.381857,0.8220652,5.913070057777271e-111,1.4662054948341644e-110
Ppp2r3a,22.378262,1.3599343,6.409493798430216e-111,1.5890106543425163e-110
Reps2,22.37567,0.3888,6.792923994378163e-111,1.683763560324839e-110
Prlr,22.370916,0.83790445,7.556780621687242e-111,1.872761417208645e-110
Atad3a,22.362164,1.1086805,9.194689253161191e-111,2.278263735042205e-110
Senp7,22.361414,0.5424979,9.350205508218718e-111,2.3163779044364307e-110
Gpatch11,22.357933,0.92315984,1.0108499919795509e-110,2.5037807716573736e-110
Il1r1,22.35601,0.88103765,1.0553664811919655e-110,2.6135705596342138e-110
Vac14,22.347876,0.77552587,1.2662497723233949e-110,3.1352463582332834e-110
Ncf2,22.342628,0.36165714,1.4240986254786893e-110,3.5254432844715924e-110
Rlf,22.338293,0.96012056,1.5692665827957666e-110,3.88411231126373e-110
Ccm2,22.337807,0.6606469,1.5864415214598673e-110,3.925911655078481e-110
Ppp1r3b,22.333836,0.14211872,1.7339112012331167e-110,4.290073399106726e-110
Srd5a3,22.318645,1.6936393,2.4356169835643607e-110,6.025155978698015e-110
Cdc26,22.3173,0.7931042,2.5099611643292898e-110,6.207943375330627e-110
Gmpr2,22.30822,0.17268085,3.074923722958817e-110,7.603902696466875e-110
Cstf2,22.306911,0.85076886,3.1662059758277497e-110,7.82821672743527e-110
Manbal,22.304115,-0.31340986,3.370403845297713e-110,8.331574942958466e-110
Ces2g,22.300486,0.79872936,3.6550674475310394e-110,9.033625039759075e-110
Lpar1,22.297855,0.5933775,3.8764510469122416e-110,9.579050969737063e-110
Dcaf6,22.288082,0.5579262,4.822036441847244e-110,1.191352273572919e-109
Morc2a,22.277458,0.52941436,6.11306552471458e-110,1.5100464423856917e-109
Dglucy,22.257853,0.54571044,9.46755003581978e-110,2.338247186921356e-109
Gpat3,22.252533,1.2415915,1.0659727673761174e-109,2.632209749705382e-109
Rab27b,22.24763,0.5636345,1.1891222349865267e-109,2.9357729849143804e-109
Cks2,22.245523,0.77628076,1.2463157796873894e-109,3.0764202684521752e-109
Pcnt,22.244688,1.2670064,1.2697116835149607e-109,3.1336053550021813e-109
Nacc2,22.24052,1.1694056,1.3932836978236314e-109,3.437956435896456e-109
Kdm1b,22.24028,0.62824816,1.4007797746913054e-109,3.455829590276673e-109
Tceanc2,22.236166,0.9313038,1.535284433011008e-109,3.7869795493191797e-109
Pan2,22.213278,1.6194904,2.5559413950120904e-109,6.303426253704299e-109
Nipal1,22.212696,1.2382364,2.5892478988724534e-109,6.3844148966968625e-109
Qrsl1,22.209663,0.5870053,2.770022205820895e-109,6.828926205985351e-109
Hmgcl,22.205133,0.305336,3.0637682974819423e-109,7.551736025246135e-109
Crebzf,22.1962,1.770073,3.737465503150492e-109,9.210639891076407e-109
Baiap2l2,22.194777,1.4078181,3.8576576048945714e-109,9.50512932377176e-109
Tada1,22.192165,0.91431296,4.088225091054728e-109,1.0071424629827672e-108
Med23,22.18554,1.407476,4.737266844268573e-109,1.1668250017178087e-108
Stk4,22.184654,1.4837015,4.831327618354667e-109,1.1897785914100499e-108
Nlk,22.178732,0.06977433,5.510963258163319e-109,1.3569035389878174e-108
Ppfibp2,22.178154,1.3364925,5.582368982860945e-109,1.3742375488861103e-108
Tmem62,22.16519,0.7036591,7.445601254974012e-109,1.832588141860504e-108
Tmem176a,22.162512,0.38602343,7.901711952164898e-109,1.944500826810419e-108
Cbx5,22.155651,0.9658884,9.201986380174633e-109,2.2640727554675804e-108
Tmem109,22.15392,0.14279212,9.56292762316754e-109,2.352456111653465e-108
Mep1a,22.14566,0.4559706,1.1486538137836193e-108,2.825151241635071e-108
Cox7a2l,22.14558,-0.03972558,1.150721662743441e-108,2.829728239168595e-108
Rab3d,22.140762,0.10023718,1.280549771110764e-108,3.1484210931211253e-108
Rnf185,22.138975,1.3207375,1.3322933109529015e-108,3.2750514160131094e-108
Prmt2,22.135347,0.5817746,1.4439548141500492e-108,3.548900446351891e-108
Cmc2,22.118746,0.6753953,2.0864778279664818e-108,5.1271490202051465e-108
Hdac2,22.116098,0.4179341,2.2126156387094577e-108,5.43613346377144e-108
Cdca4,22.113895,1.077171,2.3232989628928435e-108,5.707043886754021e-108
Dnlz,22.113647,0.21911271,2.3360977715166483e-108,5.737452770382572e-108
Rbp2,22.102888,0.48551267,2.9648339006875234e-108,7.280320271485344e-108
Mif,22.098993,0.04291402,3.2319536701070542e-108,7.934823418081502e-108
Cnbp,22.097906,1.4333827,3.3106954681025954e-108,8.126684711237298e-108
Foxn2,22.095913,0.7709711,3.460061103476708e-108,8.49180466440129e-108
Dyrk1b,22.090487,1.5695983,3.901667534591774e-108,9.573892613590976e-108
Tyw1,22.090244,1.7664812,3.922724670678316e-108,9.623835642541437e-108
Nrbf2,22.08552,0.83833504,4.3551676037203674e-108,1.0682855063834265e-107
Eif3m,22.084658,0.8699247,4.4389071228774034e-108,1.0886308268534522e-107
Cd82,22.079569,0.38233918,4.9680543512572305e-108,1.2181843868288081e-107
Twsg1,22.07783,0.61225444,5.16306014293311e-108,1.2657735291253188e-107
Wdr77,22.076128,0.50629145,5.36089588743275e-108,1.3140392769428726e-107
Tmem29,22.073671,0.6635032,5.660420010331914e-108,1.3872086674066116e-107
Zxdb,22.072449,1.2619734,5.8156206644232564e-108,1.424988578856621e-107
Mllt3,22.068151,0.6450747,6.395223501784591e-108,1.5667266461287046e-107
Zfp84,22.06432,1.011178,6.960920780581211e-108,1.7050079110594316e-107
Morc3,22.059088,1.8422655,7.814160432177547e-108,1.9136576631451997e-107
Slc38a1,22.057673,0.16972774,8.062608697418077e-108,1.9741481456972642e-107
Dcp1a,22.05373,1.0004492,8.796736720541531e-108,2.1535154789367248e-107
Zfp639,22.043427,0.6047298,1.1045456134597163e-107,2.7035370080654412e-107
Thap2,22.04046,0.7840422,1.1793170193224442e-107,2.8860344021536194e-107
Chrac1,22.034203,0.37339836,1.3540811705998917e-107,3.313125784210685e-107
Cirbp,22.03261,1.223335,1.402536453294002e-107,3.4310708405716417e-107
Taf6,22.028156,0.36482203,1.547419082026332e-107,3.78482488762477e-107
Setbp1,22.027306,1.1616077,1.5767626687464207e-107,3.8559065620721216e-107
Hmbox1,22.025679,1.6263499,1.634458076469737e-107,3.9962836037410425e-107
Tubb5,22.02035,0.03153633,1.8383934741979174e-107,4.494106320996875e-107
Katnb1,22.020147,1.0393115,1.8466316899745017e-107,4.5134384915820035e-107
Hbegf,21.9991,1.3747154,2.937519591842577e-107,7.178445392860479e-107
Fam53c,21.997625,0.60888773,3.034484551763798e-107,7.414074726705368e-107
Muc13,21.996708,0.51602095,3.0964995904319187e-107,7.564242925894336e-107
Sp2,21.986256,0.17089821,3.89866103824408e-107,9.522091390960493e-107
Setdb1,21.97029,0.7307132,5.541370205044224e-107,1.3531828134639242e-106
Mbtd1,21.964045,1.1259371,6.358095534006632e-107,1.552347017095888e-106
Rbbp8,21.9535,1.1526151,8.018423626772467e-107,1.9573713512337288e-106
Pip5k1c,21.947971,0.73087966,9.055234724994854e-107,2.2100720125701346e-106
R3hcc1l,21.947445,0.883316,9.160767613229861e-107,2.235429998410392e-106
Mt1,21.938318,0.28795975,1.1196339518707015e-106,2.731667135027983e-106
Slc4a1ap,21.932396,1.3158587,1.27534480494526e-106,3.1110132371791707e-106
Zfand1,21.931759,0.7824803,1.2933107155645614e-106,3.1542757330739034e-106
Nr1d2,21.925694,1.2019842,1.4776775581306321e-106,3.603288268087802e-106
Siah1a,21.921083,1.4257054,1.6351896198276964e-106,3.9866675077810215e-106
Bche,21.91932,0.68512344,1.699796133233388e-106,4.143442445983348e-106
Thap12,21.914904,0.15039733,1.87287243032479e-106,4.56452156205516e-106
Emsy,21.912155,0.73982996,1.9893958475501908e-106,4.847645797442777e-106
Pex3,21.906734,1.1047268,2.2408362585103933e-106,5.459368579214257e-106
Gan,21.903515,1.1757627,2.40498767022823e-106,5.8582483773372e-106
Txnrd2,21.90121,1.3972433,2.529666945162806e-106,6.160854047213067e-106
Acp2,21.901054,0.21872278,2.5384171020796703e-106,6.181063723457887e-106
Cnksr3,21.900667,0.60375535,2.560023028893143e-106,6.232564522007074e-106
Rabl3,21.895353,0.8253159,2.876627228823089e-106,7.00211416058308e-106
Oaf,21.875055,1.2546133,4.489723858167315e-106,1.0924728427124206e-105
Spindoc,21.873627,1.3197365,4.632478485726003e-106,1.1270084200729957e-105
P2ry2,21.873285,1.3282611,4.66722287317839e-106,1.1352592100803005e-105
Pex11g,21.867704,1.42374,5.274437923528089e-106,1.2827305460474235e-105
Vps39,21.865347,0.2982841,5.554087143944363e-106,1.350500385729715e-105
Wiz,21.859564,0.60992026,6.304328660757242e-106,1.5326523455263162e-105
Ak6,21.857693,1.0052297,6.56811866075356e-106,1.596498803515907e-105
Akr1c19,21.844763,0.39155543,8.717749699140351e-106,2.1186285256041282e-105
Haus2,21.842943,0.43781736,9.071852459454634e-106,2.204292508582838e-105
Ifitm2,21.839174,0.03541448,9.851923361235399e-106,2.3934100544482872e-105
Wfdc2,21.835775,0.29578865,1.0612764591994987e-105,2.5777896233664556e-105
Gart,21.83523,0.86199343,1.0740297131251833e-105,2.6083033789712097e-105
Brd9,21.810923,1.4349953,1.82753435569366e-105,4.437416959181606e-105
Lrrc45,21.809774,1.296356,1.8740114936499233e-105,4.549459821704722e-105
Sdhd,21.806688,0.37632883,2.004703105961998e-105,4.865870602419297e-105
Zxdc,21.794292,1.1016701,2.6282262529538973e-105,6.378171075269662e-105
Tecpr1,21.790043,0.9097591,2.8838654675110603e-105,6.997313745247295e-105
Hoxb9,21.787169,1.9718318,3.070539427390838e-105,7.448931465242099e-105
Pphln1,21.780642,0.72363096,3.540750827330314e-105,8.588110600167087e-105
Fam89b,21.778046,0.79981256,3.74716125980765e-105,9.087148470982375e-105
Ndufa7,21.775427,0.1343308,3.967641280029704e-105,9.620123139079115e-105
Tmbim1,21.76894,0.18712628,4.570838948149109e-105,1.1080698921457023e-104
Tjap1,21.754974,1.1927223,6.198090549316916e-105,1.50228444278463e-104
Uck2,21.744396,0.7175561,7.80513295224109e-105,1.891461866416745e-104
Rnf34,21.738827,1.1603338,8.812436410320651e-105,2.135189013308556e-104
Hira,21.737103,1.4288688,9.149597240102554e-105,2.2164879053747108e-104
Zbtb11,21.734886,1.3184482,9.602284786696386e-105,2.3257393634090166e-104
Nup214,21.7256,1.0421454,1.1754071197031801e-104,2.8464126725590555e-104
Cisd3,21.724434,0.46032232,1.2056196075145806e-104,2.9190595135909864e-104
Cuedc2,21.71985,-0.07820643,1.3321364678885678e-104,3.224812568308757e-104
Ticam1,21.706648,0.6999122,1.7754443344922703e-104,4.2972037653419114e-104
Mri1,21.699486,0.14141652,2.0746681462276313e-104,5.02054271804333e-104
Dpp4,21.695889,1.1215498,2.243461711597771e-104,5.428050054157735e-104
Ctdspl,21.69533,2.428054,2.2709542553845876e-104,5.4935962218970876e-104
Stambpl1,21.684952,0.46653926,2.8455583223485425e-104,6.882385931750321e-104
Zpr1,21.68208,0.5930761,3.0288400571536644e-104,7.324383338917129e-104
Herc3,21.680967,0.6173838,3.102837056321276e-104,7.501997302898418e-104
Plekhh3,21.657028,1.880293,5.2182265866238316e-104,1.261432712958828e-103
Rnf2,21.654003,0.8927843,5.572305002896176e-104,1.3467881038282997e-103
Mall,21.651138,0.42819583,5.929769470489813e-104,1.4329315693399574e-103
Gtf2h2,21.646446,0.7086231,6.565098513252256e-104,1.5861788369032615e-103
Vps50,21.624664,0.7254857,1.0527938337440876e-103,2.5431824194400987e-103
Tifa,21.612955,1.307583,1.3568132721715867e-103,3.277008388722439e-103
Ppp2r3c,21.608927,0.8061122,1.4805164818449223e-103,3.5751479585430536e-103
Igsf8,21.608593,1.2298703,1.4912553325291177e-103,3.6004443277428817e-103
Rwdd2b,21.60707,0.59422207,1.5411864794509626e-103,3.720339824623462e-103
Ncdn,21.605133,1.4738688,1.607238047090285e-103,3.8790999459865246e-103
Gprin3,21.603252,0.25533116,1.6740393201240689e-103,4.0396131467613627e-103
Bzw2,21.602526,0.34334868,1.7005986282799624e-103,4.1029792240170233e-103
Snx20,21.600903,0.38525283,1.7614272387419073e-103,4.2489887969298964e-103
Ndufa10,21.600412,0.51036936,1.780159999412233e-103,4.2934193989351477e-103
Pdcd2l,21.598904,0.8903762,1.8392670042876074e-103,4.4351924323105325e-103
Cinp,21.580061,0.86274844,2.764986211523919e-103,6.666288159835965e-103
Xiap,21.579163,2.073443,2.8192517465262327e-103,6.795922375065439e-103
Mon1b,21.577822,0.54489833,2.902275026036772e-103,6.99482040554333e-103
LTO1,21.577616,0.96923006,2.9151701218457466e-103,7.024661042509355e-103
Cln6,21.571331,0.5999003,3.3394039701429425e-103,8.045516083809856e-103
Bcat2,21.569313,0.6718334,3.4883884613545764e-103,8.402979075043831e-103
Usp10,21.559937,0.33224717,4.271912349358078e-103,1.0288552549748453e-102
Amz2,21.554453,-0.20197277,4.809115428471873e-103,1.1580322853381382e-102
Vma21,21.552837,1.0702657,4.979975171805815e-103,1.1989640928599389e-102
Ube2n,21.551006,0.7265471,5.180843077353566e-103,1.247104894962331e-102
Cebpb,21.550974,0.29684663,5.184578790569753e-103,1.2477844942105134e-102
Pnp,21.547773,1.7072276,5.555439592775501e-103,1.336805145718898e-102
Larp7,21.529356,1.0087779,8.267477612205998e-103,1.9890527154630016e-102
Cstf1,21.521479,0.926859,9.7985847879232e-103,2.3570034648170582e-102
Mecp2,21.520052,0.4751704,1.0105046652574951e-102,2.4302939320077816e-102
Hps1,21.519676,0.9469703,1.0186941278272608e-102,2.4495590290201846e-102
Sestd1,21.493853,2.1542583,1.7773595958525904e-102,4.273099942560509e-102
Parn,21.49188,0.03822348,1.854459732359051e-102,4.457679177361579e-102
Cnpy3,21.48933,0.8881546,1.9591871041368133e-102,4.7085911509790724e-102
Npm3,21.48853,0.719879,1.993275591052758e-102,4.789675576813647e-102
Stat5b,21.484484,0.79006696,2.1746997599261453e-102,5.224704711347512e-102
Zfp809,21.482597,1.1989655,2.2648059096795545e-102,5.440228493741069e-102
Rsbn1,21.47386,1.2693766,2.7334119377771155e-102,6.5647011326136384e-102
Sh3bp5l,21.468246,0.95002985,3.0843846205764074e-102,7.406314255730004e-102
Zfp277,21.461533,0.7437682,3.56355899959264e-102,8.555419473214423e-102
Tiparp,21.455645,0.29153118,4.0446178924891675e-102,9.708644844618108e-102
Zbtb38,21.45367,-0.29130006,4.219968597802558e-102,1.0127776513680234e-101
Nelfa,21.453537,0.33742973,4.232098314275666e-102,1.0155105184720079e-101
Gtf2h3,21.449821,0.29582754,4.584110945303755e-102,1.0997845118776992e-101
Tpmt,21.449333,1.6463866,4.6325215986839316e-102,1.111203874092313e-101
Idh3a,21.444593,0.34472752,5.129270299117255e-102,1.2301433065666164e-101
Eif4ebp1,21.44279,0.4252786,5.332099335335294e-102,1.278563184476769e-101
Mlf2,21.431725,0.32314023,6.762790400509917e-102,1.621338687359276e-101
Cmpk2,21.431028,1.403811,6.864659174659888e-102,1.645472641778685e-101
Pdcd7,21.424484,0.59848297,7.900377650750916e-102,1.8934045631619136e-101
Aste1,21.422886,1.3515216,8.176420114220482e-102,1.9592175409490992e-101
Slc22a1,21.420416,0.7310117,8.621637945210754e-102,2.0655378223678532e-101
Tmem220,21.415396,0.643675,9.60263669868671e-102,2.3001586416980338e-101
Rif1,21.412918,1.2858919,1.0126881244273339e-101,2.4253082489568808e-101
Eno3,21.411846,0.024931967,1.0362708995125171e-101,2.481352574126015e-101
Ces1f,21.406284,-0.19338259,1.1676084604797858e-101,2.7953511374406637e-101
Map3k4,21.401663,1.2557603,1.2892485949536334e-101,3.0860273999634056e-101
Spryd3,21.401468,1.4141848,1.2946653735802112e-101,3.098450994698878e-101
Rybp,21.40107,1.5534862,1.3057674264761304e-101,3.124474113221537e-101
Crcp,21.396019,0.827785,1.4551677371948183e-101,3.4813538849088766e-101
Fam13a,21.394453,0.33131,1.504866221510725e-101,3.599623155354061e-101
Sugp1,21.393234,0.6205417,1.544688527368207e-101,3.694231481595003e-101
Snapin,21.38046,0.88194215,2.0311289596181286e-101,4.856738682073423e-101
Ube2e3,21.369316,0.48286694,2.5788152033187132e-101,6.165261871570525e-101
Orai1,21.3661,0.3858519,2.7626667619066787e-101,6.60364760864776e-101
Dctpp1,21.349699,-0.25833425,3.9245804453394776e-101,9.37934945648678e-101
Lcmt1,21.34942,0.5459833,3.948071547437433e-101,9.433842112739279e-101
Pdrg1,21.34725,0.5961317,4.135634438910243e-101,9.880293667382524e-101
Gtf3c3,21.34116,0.9632705,4.711142677209249e-101,1.1253253469141742e-100
B3galt5,21.340454,0.9936481,4.782781706689789e-101,1.1422378595700814e-100
Tbc1d23,21.331514,1.3355606,5.790256489938343e-101,1.3826044613219286e-100
Mapre3,21.327684,0.26725924,6.284386066762014e-101,1.500331345373089e-100
Pi4kb,21.32735,0.32399285,6.329376682504547e-101,1.5108086251221797e-100
Ddx52,21.311546,0.62246907,8.871561071794202e-101,2.1172530132074295e-100
Wdr74,21.303751,0.9227239,1.047840936628162e-100,2.500300961156886e-100
Tgds,21.302032,0.96995586,1.0870065501004175e-100,2.593303309948222e-100
Ogfod1,21.287127,0.76304513,1.4941464836872178e-100,3.564007180258626e-100
Stard13,21.281914,1.1586723,1.6698231360647997e-100,3.982356363042577e-100
Tmem176b,21.280218,0.591681,1.7313795604341724e-100,4.128442107922809e-100
Prps2,21.272285,0.6148637,2.050406080649763e-100,4.888302502246427e-100
Foxj2,21.265862,-0.019570123,2.351339386518014e-100,5.604770108180903e-100
Tpra1,21.261253,0.70827204,2.5939602028842444e-100,6.180938451723653e-100
Pus1,21.2608,1.6933614,2.6191164171125494e-100,6.239793903138348e-100
Xab2,21.25878,1.3705211,2.734393535934668e-100,6.51329587247981e-100
Fbxl20,21.25637,1.9107156,2.8783162991385705e-100,6.854924310470211e-100
Usp42,21.254911,1.2423301,2.96917732445755e-100,7.070085305930174e-100
Hdac11,21.252178,1.1936197,3.147245762667829e-100,7.492790007744178e-100
Smc4,21.252096,0.6524955,3.152683705199448e-100,7.504429881392942e-100
Gpn2,21.24809,0.8459767,3.433389381584478e-100,8.171179915274581e-100
Zcchc17,21.245817,-0.023798829,3.603752055852444e-100,8.575136482300709e-100
Cspp1,21.242811,1.111303,3.8419474141789496e-100,9.140332444136594e-100
Ppp1cb,21.240519,0.09394671,4.03417162401079e-100,9.595981380822324e-100
Kctd6,21.235977,1.2866613,4.44359821555692e-100,1.056803575612885e-99
Tnik,21.2351,0.4971338,4.527342553540377e-100,1.0765329407001331e-99
Arrdc3,21.212992,0.37808272,7.245662161462536e-100,1.7226083111613383e-99
Atg16l1,21.212671,1.6744934,7.295037273728107e-100,1.7340454496476946e-99
Wsb2,21.207632,1.6836644,8.11993020713966e-100,1.929788765773981e-99
Polr2i,21.199331,0.12611386,9.686345229161173e-100,2.3016641356868642e-99
Ptms,21.198761,0.07757626,9.804311449837783e-100,2.329290463456075e-99
Isoc1,21.195614,0.8280455,1.0482138638783317e-99,2.489894839071771e-99
Phf6,21.19276,0.35144523,1.1137139539190783e-99,2.6450222854886067e-99
Slc15a4,21.19104,0.72288984,1.155180314463193e-99,2.7430267060746946e-99
Fam120a,21.188414,0.13041812,1.221460070697636e-99,2.8999073727066276e-99
Igsf3,21.187914,1.3609439,1.2344519391057856e-99,2.9302430597590035e-99
Dffa,21.18433,1.336004,1.332099881804022e-99,3.161483145378341e-99
Bcor,21.182884,0.93913174,1.3735895635204263e-99,3.259385264817253e-99
Arfgef2,21.181688,1.478759,1.408933568462689e-99,3.3426728918680206e-99
Myb,21.17956,0.4665218,1.4740640851280475e-99,3.496587400542246e-99
Rab14,21.177887,0.20236099,1.5272888112570116e-99,3.622212017679437e-99
Dsp,21.174862,0.6237532,1.6285645039396657e-99,3.861733932959065e-99
Pnp2,21.17164,1.6706728,1.7438461169323845e-99,4.134378579932448e-99
Dipk1a,21.164845,0.5138689,2.014222271355376e-99,4.774569173302958e-99
Tmem260,21.163933,0.93698764,2.053611688716901e-99,4.8670952934495e-99
Smg9,21.160532,0.48692217,2.207145971380231e-99,5.230067780042395e-99
Nfxl1,21.154535,0.91304064,2.5064916812458373e-99,5.938370364004994e-99
Acad10,21.152937,1.1296849,2.592821019255839e-99,6.141837422193591e-99
Sult1a1,21.151878,0.42052853,2.6516584165949447e-99,6.280122765316223e-99
Ccdc117,21.149035,0.679188,2.816433357402917e-99,6.669216651512535e-99
Ppp2r1b,21.145357,1.153095,3.0447902294592037e-99,7.2087095546839696e-99
Ankle2,21.137829,0.9029324,3.5713694722402302e-99,8.453951451079305e-99
Smyd2,21.132147,0.6235837,4.028048256687364e-99,9.533326394980911e-99
Plekhg2,21.131626,1.2101051,4.0728338810059705e-99,9.637654148253443e-99
Rhoc,21.130863,0.11335976,4.1391689378090354e-99,9.79292996964335e-99
Flcn,21.129395,0.914556,4.269913910586445e-99,1.0100514223710367e-98
Alg12,21.121458,0.3994806,5.0511721931526716e-99,1.1946520190481284e-98
Frs2,21.120111,0.9709974,5.197260651999491e-99,1.2289908251096841e-98
Pla2g3,21.118141,0.52114,5.418453913956947e-99,1.2810746416556232e-98
Fbl,21.116278,1.545647,5.636512955360629e-99,1.3323995620493794e-98
Mbnl1,21.116266,0.57452035,5.637934997005573e-99,1.332505376495873e-98
Armt1,21.115944,1.0124006,5.676465728661283e-99,1.3413801423784871e-98
Fam53a,21.093105,0.78510106,9.20171401086671e-99,2.174040067356639e-98
Hnrnph3,21.088955,0.6735823,1.0045471143571705e-98,2.372980098261238e-98
Samd10,21.064068,0.57755244,1.699385426369594e-98,4.0136607436276684e-98
Commd2,21.060736,1.0047605,1.8232474224481757e-98,4.305458211358799e-98
Slc50a1,21.048332,0.04718277,2.3687350128168586e-98,5.5926193543284775e-98
Mfsd7a,21.041573,0.9239208,2.7316507491750503e-98,6.448355600719629e-98
Zkscan6,21.038527,1.4032068,2.912907850564098e-98,6.875045712196071e-98
Ctns,21.02782,0.6157557,3.650424172097579e-98,8.614245134328626e-98
Klhdc4,21.02503,0.99963564,3.871422405342667e-98,9.134178984310037e-98
Cldn2,21.022879,0.7706365,4.0510727051746425e-98,9.556394556367645e-98
Dact2,21.013708,1.0914718,4.9144182517963455e-98,1.159100889846758e-97
Rmdn1,21.011047,0.6688435,5.197625297658818e-98,1.2256859104239411e-97
BC003965,21.007446,0.48227778,5.6069097807449844e-98,1.3219739870980633e-97
Prdx4,20.994202,0.6537071,7.409659281561922e-98,1.7467176465326544e-97
Tmem159,20.993387,1.043299,7.537867775724288e-98,1.7766346403486665e-97
Slf2,20.989378,0.99689937,8.201357495536879e-98,1.932682470299273e-97
Lin37,20.985764,0.18995447,8.849142711536181e-98,2.084976336668802e-97
Tead1,20.985104,1.3532265,8.972905522770786e-98,2.1137723173796814e-97
Hivep2,20.981121,0.18992683,9.75651402916404e-98,2.2979732922634903e-97
Degs2,20.980745,0.43855786,9.834097617646432e-98,2.3158478546808153e-97
Tubg1,20.971128,0.19323386,1.2037561247229337e-97,2.8342570601904473e-97
Parp10,20.969257,2.65213,1.252045617442914e-97,2.9474477222468327e-97
Lrig1,20.965717,0.84243935,1.348744486259076e-97,3.1745405937337116e-97
Golga1,20.950577,1.4647441,1.8537397317725461e-97,4.362397320941244e-97
Tmem241,20.940989,1.1958498,2.2670770441939033e-97,5.334184201540198e-97
Pou2f1,20.934454,-0.021634936,2.6002712087161635e-97,6.117101114604084e-97
Ndufv3,20.93017,0.47061896,2.844796123920151e-97,6.691191433541118e-97
Cbx1,20.924444,0.89600277,3.2078377068776224e-97,7.543797186853222e-97
Ttc37,20.923403,0.9574142,3.2786921800072315e-97,7.709098274002561e-97
Rnaseh2a,20.923117,0.32270095,3.2984205952596963e-97,7.75415190651132e-97
Vdr,20.922903,0.45892838,3.3131289592360185e-97,7.787390601160632e-97
Emp2,20.921165,0.46507052,3.436094939729186e-97,8.075029781886342e-97
Snx21,20.913303,1.2034333,4.0518130356973967e-97,9.52036825827524e-97
Hadhb,20.910135,0.43735373,4.3300033788579364e-97,1.0172272153561635e-96
Aak1,20.90932,0.09753273,4.4046237142990114e-97,1.0345796855554617e-96
Sppl2b,20.888254,1.2089323,6.847792368049894e-97,1.6081669351379411e-96
Slfn4,20.88362,1.1584512,7.54541153779219e-97,1.7716947592600996e-96
Epb41l2,20.880768,1.1391325,8.009386254497374e-97,1.880315142150242e-96
Polg,20.877676,1.7599046,8.544765481048139e-97,2.0056585642522022e-96
Slc22a21,20.876846,1.9103043,8.69439244980098e-97,2.0404293247130325e-96
Isg20,20.87073,0.7282572,9.881434685869926e-97,2.318610489520783e-96
Nnt,20.86277,0.7536706,1.1671321584629274e-96,2.7381252816916334e-96
Wdr83,20.861914,0.7872238,1.1882064329411764e-96,2.7870879880738573e-96
Cpm,20.85996,0.5456043,1.2377158492542784e-96,2.9027206720206237e-96
Gon4l,20.847748,1.1667737,1.5976515047758566e-96,3.746207875138861e-96
Ifngr2,20.844799,0.33930728,1.6991859034934255e-96,3.9836048740395326e-96
Repin1,20.84457,0.28363776,1.7073297800604813e-96,4.00201144023433e-96
Atp8b1,20.843058,0.33538038,1.7621876469168897e-96,4.129891357598709e-96
Fbxo7,20.838518,0.7283109,1.9374423181362567e-96,4.539842991863144e-96
Tmem265,20.837969,1.3387717,1.9597570919137917e-96,4.591344566030684e-96
Cyb561d1,20.837433,1.5561985,1.9818348595128923e-96,4.642273330565057e-96
Whamm,20.826332,0.9686589,2.498841327657771e-96,5.852312922712796e-96
Sos1,20.815384,0.70580614,3.140165131720405e-96,7.353040783608996e-96
Atpaf1,20.813877,1.0689505,3.240434771746864e-96,7.586534070131546e-96
Odf2,20.809406,0.93728405,3.557278717325317e-96,8.326906275149557e-96
Mfsd12,20.807377,0.5355117,3.7110214618975494e-96,8.68530181267311e-96
Tanc1,20.791243,0.6558909,5.194823963114478e-96,1.215592363032007e-95
Tmem18,20.789783,0.8789202,5.3551840071374634e-96,1.252902331866635e-95
Nudt5,20.787521,0.11104186,5.613668024876794e-96,1.3131527581284666e-95
Anapc5,20.776443,0.7273979,7.070697238064934e-96,1.6536990718409093e-95
Cic,20.768532,0.54585755,8.336927749646442e-96,1.9495124311972483e-95
Pycr2,20.758148,1.0635719,1.0347621262562393e-95,2.419280573868024e-95
Rdh13,20.756437,0.584409,1.0722753961578172e-95,2.506558297856094e-95
Vamp2,20.754948,0.48590204,1.106032507457591e-95,2.5850272670453868e-95
Otc,20.750977,0.50450736,1.2012856830482003e-95,2.807173909036934e-95
Ap1m1,20.74817,1.0718106,1.2734727406007682e-95,2.9753527640040158e-95
Tmem79,20.743057,1.7825739,1.4163394832874193e-95,3.308582581816785e-95
Sox13,20.731709,0.9651865,1.7930834622880946e-95,4.1879447219111346e-95
Fbxl3,20.729134,0.91517425,1.8916198935375145e-95,4.4173329993383726e-95
Clp1,20.726765,0.79356724,1.987076730622095e-95,4.6394526705236724e-95
Fut4,20.714273,0.7916544,2.5756443543624457e-95,6.012621465671977e-95
Adgrg1,20.703619,0.29846537,3.2131098563030346e-95,7.49944995476088e-95
Cdkal1,20.699389,1.1092901,3.507979314018368e-95,8.186282784846618e-95
Med27,20.69836,0.72356397,3.583561098962815e-95,8.36123494767386e-95
Cdc25a,20.694399,1.536232,3.89054051808596e-95,9.075936810785654e-95
Tmem125,20.691196,1.7286313,4.157659047634227e-95,9.697422390652917e-95
Tex10,20.68823,0.71176875,4.421381204249985e-95,1.0310775574372195e-94
Gzf1,20.68803,0.60201436,4.439778777951889e-95,1.0351913859930449e-94
Osbpl3,20.687662,0.61871105,4.473927404981215e-95,1.0429757460470186e-94
Rffl,20.68418,0.37244067,4.808962134589365e-95,1.1208889925091113e-94
Map3k13,20.682968,1.352776,4.9312277626270804e-95,1.1491912006463076e-94
Mta1,20.681704,0.44501567,5.0620950675314635e-95,1.1794879885584046e-94
Cep120,20.674782,0.7154536,5.8431323239187744e-95,1.361240792667619e-94
Fig4,20.668032,0.72704506,6.720083775069583e-95,1.5652724514405817e-94
Thap11,20.660286,0.789375,7.88943721766633e-95,1.837330619066537e-94
Vps18,20.651064,1.1548522,9.549457344644176e-95,2.2231669933266786e-94
Slc5a6,20.638891,0.98041683,1.2284860919651692e-94,2.8594974140636067e-94
Il1rn,20.63749,0.92591035,1.2646300690576827e-94,2.9431273305588516e-94
Ddx56,20.636118,0.96859205,1.3010006627083486e-94,3.027256093676479e-94
Ipo13,20.634047,0.9789146,1.3579575552020377e-94,3.1592496712126344e-94
Acaa1a,20.625322,1.410536,1.6264497726060776e-94,3.7832455588345146e-94
Ice2,20.624102,1.4675049,1.6680116796970294e-94,3.8792618571185165e-94
Wdr7,20.623568,0.8998351,1.6865266104394497e-94,3.9216547182042975e-94
Lemd3,20.623262,1.331412,1.697198480712351e-94,3.9457989159709963e-94
Tapt1,20.622826,1.3574018,1.7125730370075574e-94,3.980866272493345e-94
Lrrc31,20.61931,1.4025189,1.8416760901692677e-94,4.2802380239742927e-94
Gpr180,20.618881,0.25936887,1.8580815845706743e-94,4.3176322292275225e-94
Ppie,20.613476,0.1952327,2.0776185771728208e-94,4.826951077614394e-94
Cd9,20.613419,0.33015892,2.080076067125724e-94,4.831839683700404e-94
Papolg,20.612663,0.80852574,2.1128088422546644e-94,4.906449996936014e-94
Zfp777,20.612661,1.3975773,2.1129129091010006e-94,4.906449996936014e-94
Lactb,20.610662,0.9211146,2.201943498125558e-94,5.111454309432525e-94
Mmgt1,20.60957,0.68421924,2.2522848379606353e-94,5.227426198084129e-94
Pbxip1,20.607307,2.2035406,2.3600379383102696e-94,5.476585577192081e-94
Tmem209,20.60724,0.33395404,2.3632940921086473e-94,5.48321118248825e-94
Usp21,20.60211,0.60315925,2.627440480568263e-94,6.095037925660899e-94
Cdc16,20.601631,1.7303356,2.6535677772684174e-94,6.154603011218726e-94
Calcoco1,20.600264,1.5564014,2.729481438615425e-94,6.329601267265718e-94
Bloc1s1,20.599264,-0.049509313,2.78649751727398e-94,6.460724575910762e-94
Brf1,20.598679,2.0170815,2.8203040237500865e-94,6.537999241359965e-94
Kri1,20.585407,0.8099433,3.7090237458297437e-94,8.596762665122329e-94
Nsmce1,20.568966,0.27033287,5.206415460790496e-94,1.2065367128674805e-93
Ern1,20.56346,1.1195586,5.832310004676738e-94,1.3513527501517179e-93
Zfp655,20.554798,1.1340998,6.971917993060377e-94,1.6151275377791066e-93
Katnbl1,20.548267,0.55144626,7.97608712604467e-94,1.8474422670843642e-93
Fubp3,20.54364,1.3714367,8.773554359323147e-94,2.0318095827899075e-93
Tfpi2,20.540993,0.7545208,9.264855254147703e-94,2.1452234270313213e-93
Nudt18,20.53059,1.3142505,1.1477342015350436e-93,2.6570619952584595e-93
Oaz2,20.526377,0.08515175,1.2516563935659482e-93,2.897156598174398e-93
Ifrd2,20.51809,0.80430275,1.4843487630875034e-93,3.435178428705637e-93
Wdr46,20.517147,0.9248693,1.5133748735038951e-93,3.501759965341077e-93
Cenpc1,20.51212,0.6571217,1.6782089871211454e-93,3.8825085262868655e-93
Zfp532,20.51066,0.7056742,1.7293112108888054e-93,4.00005595549804e-93
Senp1,20.509161,0.56728816,1.783450971278778e-93,4.124588539191153e-93
Rcbtb2,20.508316,0.89444906,1.8146609642839542e-93,4.196058283155744e-93
Spata13,20.506388,0.4889286,1.8880461540681542e-93,4.3650094939783615e-93
Exo5,20.494127,0.66306114,2.429003072075992e-93,5.614584659281149e-93
Fyco1,20.49412,1.7455755,2.4293599582425274e-93,5.614584659281149e-93
Slc12a2,20.4778,0.2138727,3.3965415573577777e-93,7.84854778588503e-93
Ywhaq,20.469728,-0.51295453,4.008484375114166e-93,9.26102784755638e-93
Cwh43,20.4632,0.8548183,4.58306290569345e-93,1.0586720478945597e-92
B4gat1,20.461979,0.6261231,4.6992495799275206e-93,1.0853274447814363e-92
Actn1,20.451857,0.2384634,5.783231032690397e-93,1.3354556631550351e-92
Uba5,20.449747,1.6103476,6.038838109757133e-93,1.394244658972291e-92
Srprb,20.44469,1.4762907,6.698239853388273e-93,1.5462260296266818e-92
Lin54,20.443192,0.39457905,6.907260777232788e-93,1.5942074452094238e-92
Rbm34,20.420048,0.4188359,1.109562493470592e-92,2.560456817112782e-92
Ankhd1,20.417328,1.0189846,1.1730863896550759e-92,2.706589569517996e-92
Rbfox2,20.405853,0.271419,1.4834879880733697e-92,3.4221825635801844e-92
Cyp39a1,20.404694,0.4827299,1.5191372174106726e-92,3.5038288831322226e-92
Gne,20.402151,0.107027665,1.600181131776315e-92,3.6901310247961395e-92
Bola1,20.40095,1.0171521,1.6399861407419292e-92,3.781286540995765e-92
Fam160a1,20.39764,1.3036023,1.7547878960907617e-92,4.045300822495139e-92
Aldh1a7,20.394526,0.84759945,1.8702081580997148e-92,4.310651704367706e-92
Msh2,20.387932,0.20575358,2.1400508893758442e-92,4.931782256861252e-92
Mpg,20.385876,0.78804964,2.23183412562813e-92,5.142431620550072e-92
Eid1,20.382912,0.80143774,2.3712573375480712e-92,5.4627601231418256e-92
Washc5,20.379753,0.74450105,2.5293260854946615e-92,5.825927946629526e-92
Oxld1,20.37597,0.54345757,2.732410176719102e-92,6.292642163461387e-92
Zrsr2,20.375704,1.483036,2.7473517091017704e-92,6.325986634444638e-92
Zfp317,20.373438,1.0198996,2.877550681269584e-92,6.624664236761205e-92
Map3k5,20.37287,0.6600527,2.911086428263074e-92,6.700741778572216e-92
Elmo3,20.372786,1.0131024,2.9160509321270703e-92,6.711039464294461e-92
Amot,20.371399,-0.03174099,2.9998524844608182e-92,6.902739815749905e-92
Fyb2,20.366024,1.1062424,3.347864052319254e-92,7.702227610273519e-92
Gpn3,20.36354,1.0535183,3.5218353176398896e-92,8.101109834941209e-92
Lsm1,20.361435,0.8889067,3.676630879595284e-92,8.455756353593258e-92
Chic2,20.357832,1.8572713,3.95709554747591e-92,9.099257039134534e-92
Ankrd10,20.35374,1.6810079,4.3015774860918065e-92,9.88972295264046e-92
Ift22,20.345688,0.27852407,5.069536107232103e-92,1.1653371367691884e-91
Gmeb1,20.337383,1.7575521,6.0050674165759746e-92,1.3801562507844782e-91
Hes6,20.32749,1.0599211,7.346631809684502e-92,1.6882068559474973e-91
Supv3l1,20.323856,0.85455513,7.91108421432235e-92,1.817608814362536e-91
C77080,20.323076,0.12476471,8.037724249881085e-92,1.8463947441142924e-91
Akr1b8,20.318748,-0.018423997,8.77872501634932e-92,2.0162758582226565e-91
Rnf169,20.318678,0.45976612,8.791094976201832e-92,2.0187778975576836e-91
Ifi44,20.317427,2.19742,9.018064854620993e-92,2.0705513244953338e-91
Prkd2,20.309366,1.1285965,1.0626502711633908e-91,2.439439727742046e-91
Rapgef2,20.303875,1.2436827,1.1883553226572337e-91,2.7275527085158896e-91
Hmgcs1,20.302376,0.3880067,1.22518025676689e-91,2.8116026197830546e-91
Jup,20.292812,0.49465382,1.488308472844359e-91,3.4148688533803036e-91
Nr2c2ap,20.292097,0.8709947,1.5101182476483665e-91,3.4643293133016967e-91
Prap1,20.283918,-0.03222623,1.7834135843677215e-91,4.0906039527387777e-91
Tepsin,20.277285,0.74873865,2.0409294328764526e-91,4.6804813004503586e-91
Ilf2,20.275826,0.9564133,2.1023579454522072e-91,4.8205474352882183e-91
Togaram1,20.274853,1.2720267,2.1443315197245627e-91,4.915965386795204e-91
Rabepk,20.274794,0.48699078,2.1469304427005964e-91,4.9210985256337e-91
Rpa1,20.266127,0.7854038,2.560286174855808e-91,5.867590655463915e-91
Lsm10,20.265356,0.71155775,2.6007763831797563e-91,5.959386233241148e-91
Shmt1,20.263569,0.95988494,2.696840741669386e-91,6.178471627128305e-91
Cmtm8,20.252596,0.6317827,3.370009207058738e-91,7.71940969958597e-91
Setd7,20.252033,1.0754678,3.4087210627280267e-91,7.806776173640222e-91
Bivm,20.251781,0.35435566,3.4262526572299036e-91,7.845613711925474e-91
Wdfy1,20.249588,1.2743827,3.582241805883236e-91,8.201432562439855e-91
Clns1a,20.248291,0.33498338,3.6777913762004326e-91,8.418780895470525e-91
Iars,20.235754,0.8012727,4.7431593547715214e-91,1.085568270736411e-90
Mfsd6l,20.234793,2.2920666,4.836498935159291e-91,1.1067456984321168e-90
Stk10,20.22861,1.4609154,5.482744100297224e-91,1.25441735940379e-90
Rdh16,20.22655,1.60626,5.71657527409288e-91,1.3076976726868541e-90
Ptpn1,20.220955,1.2082201,6.403202184059718e-91,1.464522325924346e-90
Elac2,20.215197,0.9865041,7.195676013575494e-91,1.645499489726503e-90
Ddt,20.205946,-0.5978558,8.679151136447457e-91,1.9844071524982277e-90
Ikzf5,20.2054,1.0988234,8.775653483165348e-91,2.006136097998765e-90
Dhrs9,20.197683,1.5045658,1.0259985524296803e-90,2.3450660545672533e-90
Aarsd1,20.193796,0.5624623,1.1099712568408168e-90,2.5365736860458172e-90
Batf2,20.193562,1.8881071,1.1152868284037474e-90,2.5482953013235164e-90
Aup1,20.190979,-0.122617796,1.1751207493679038e-90,2.684560014635163e-90
Zfp703,20.181465,0.48440355,1.4246070025680786e-90,3.2539670553062427e-90
Mmd,20.16537,0.4057421,1.9726096784409775e-90,4.504916057561852e-90
Lhpp,20.163832,1.0944805,2.034982210594912e-90,4.646582355966843e-90
Tsc1,20.155838,0.07002587,2.391748638850815e-90,5.460294263152737e-90
Arhgef28,20.153484,0.20818163,2.5081949688149533e-90,5.725182139633531e-90
Mybbp1a,20.144476,1.4342624,3.008756617296438e-90,6.86661327462096e-90
Nfya,20.128283,0.08717854,4.172080111730694e-90,9.519972555968171e-90
Atf6b,20.125822,1.0945749,4.384400961219692e-90,1.0002783307420635e-89
Zscan29,20.124603,0.76212215,4.4934887670976155e-90,1.024995144121099e-89
Zfp260,20.122015,0.49577552,4.734401690342533e-90,1.079768897855806e-89
Acvr1,20.119108,0.33659995,5.0201978350337505e-90,1.144759136136177e-89
Mtmr1,20.105106,0.53864056,6.657837047914141e-90,1.5179380065059334e-89
Fnbp4,20.103699,1.5409619,6.8492650267353625e-90,1.5613218743224884e-89
Kansl2,20.094559,1.6443084,8.23422041219092e-90,1.8767160689451805e-89
C2cd3,20.08964,0.61849594,9.092079596613445e-90,2.071891159534892e-89
Rab29,20.086967,1.0650932,9.59478235529245e-90,2.186082117771147e-89
Rdh10,20.074478,1.3151722,1.2337376359528201e-89,2.810488451050277e-89
Map2k6,20.072872,0.44116288,1.2742191419189734e-89,2.9022229789710127e-89
Mkks,20.069977,1.085619,1.350686827662813e-89,3.0758771637450408e-89
Dok1,20.064384,1.1389579,1.5115259056987988e-89,3.441577882189656e-89
Ormdl1,20.06025,1.0910574,1.6425609216866033e-89,3.739307575173015e-89
Mesd,20.056305,0.6460695,1.7781791363408056e-89,4.047370121414866e-89
Hnf4a,20.055922,0.5975182,1.7919540583170383e-89,4.078044890578382e-89
Zbtb24,20.051294,1.165156,1.9666429597411263e-89,4.474848997414293e-89
Miga2,20.045542,1.0185357,2.207674925575013e-89,5.022451273870954e-89
Zdhhc16,20.044882,1.0877095,2.2371649789970202e-89,5.08869445904595e-89
Reep5,20.041483,0.23509689,2.395199256258245e-89,5.447255917068269e-89
Wwc1,20.030981,0.7213169,2.9577813304339877e-89,6.725583587243895e-89
Pop5,20.028572,0.36745083,3.1042926493661996e-89,7.057556438916505e-89
Hdhd5,20.02376,0.9436634,3.41922378417467e-89,7.772254861799969e-89
Oxnad1,20.023054,1.046794,3.467999574611038e-89,7.881817215025086e-89
Hcfc2,20.019276,1.1928458,3.7412354209553494e-89,8.501394878957196e-89
Fabp2,20.015472,0.61390483,4.0378724266061124e-89,9.173933449715665e-89
Prkg2,20.015123,0.752054,4.0663647813351234e-89,9.237132622052794e-89
Serpinb1a,19.994408,0.6036659,6.1604857958816775e-89,1.3991802567460877e-88
Mdh1,19.98673,0.48268956,7.18530086909672e-89,1.631667043920585e-88
Slc35e2,19.98572,0.1962823,7.33230122393377e-89,1.664772027848154e-88
Piga,19.96998,0.79711586,1.0049241480408395e-88,2.2812645624931077e-88
Zwint,19.966208,1.52051,1.0837795713022644e-88,2.4598648361092888e-88
Cdc23,19.960331,0.9681738,1.219033967476168e-88,2.7663938774040154e-88
Nudcd2,19.95909,0.6632128,1.2497093578211449e-88,2.8355359993701934e-88
Zg16,19.956623,-0.41955608,1.3128881888171667e-88,2.9783918351152543e-88
Snap47,19.942673,0.78041005,1.7353975233087436e-88,3.9362350524543154e-88
Ubr7,19.942146,0.2903097,1.7537728259422025e-88,3.977254294321662e-88
Lancl2,19.939623,0.9435898,1.844466019587502e-88,4.1822372438831193e-88
Bcl9l,19.933199,1.2518655,2.0971831431739609e-88,4.7544727259456096e-88
Nedd1,19.933159,0.9903605,2.0988822283357653e-88,4.7575359642784006e-88
Pard3b,19.9327,1.1864463,2.1182683949118282e-88,4.8006828472686854e-88
Cbs,19.927216,0.21494664,2.3635124984826418e-88,5.355597914954453e-88
Ttpal,19.923895,0.024571264,2.525612007221148e-88,5.721958946114843e-88
Ccdc34,19.916414,0.26214382,2.93255609541761e-88,6.642820043868779e-88
Fam76a,19.916208,1.6726795,2.944584890671245e-88,6.668962964546087e-88
Zyg11b,19.916136,0.7356621,2.948932909012877e-88,6.677704509149048e-88
Rab5if,19.905224,-0.09037154,3.666501215189073e-88,8.301225847303075e-88
Zfp180,19.902617,1.0426271,3.8623575888877325e-88,8.743211393484479e-88
Mto1,19.897848,1.4630698,4.2477829210405995e-88,9.614106495403872e-88
Usp39,19.896439,0.18901725,4.368853538120622e-88,9.886492161806967e-88
Tmed5,19.8943,0.48523203,4.5592188810497246e-88,1.0315572170475676e-87
Sbk1,19.890894,0.9084836,4.8797216830422405e-88,1.1038907198610859e-87
Gstm4,19.886303,-0.042039514,5.347530664268367e-88,1.209518389577736e-87
Pigyl,19.885452,0.40629193,5.439034288453652e-88,1.2300114750223862e-87
Trnt1,19.883842,1.2560523,5.616334964207682e-88,1.2698971665929242e-87
Ddit4,19.879377,-0.061485432,6.139084920930519e-88,1.3878655363485674e-87
Pttg1ip,19.878384,0.09893588,6.261920453265111e-88,1.4154010280727337e-87
Micall2,19.862448,0.8158694,8.601611377137834e-88,1.9439272117395452e-87
Tbcel,19.856949,0.2190359,9.596514536105753e-88,2.168412694666989e-87
Nudt8,19.854141,0.4656832,1.0148238234761783e-87,2.2927004437529717e-87
Slc25a25,19.852356,1.6512634,1.0515376917257126e-87,2.375252384266455e-87
Rev3l,19.852148,0.5613958,1.0558871660672722e-87,2.3846832363286456e-87
Zer1,19.848856,1.246067,1.127381819379443e-87,2.5457309081925173e-87
Mfsd8,19.847174,1.1363133,1.1657765798651892e-87,2.6319951675179895e-87
Slc31a2,19.846544,0.41293818,1.1804665151063576e-87,2.664720963037214e-87
Atp6v0e2,19.83772,-0.4024846,1.40693960538433e-87,3.1754248396815837e-87
Pmf1,19.833284,0.4726157,1.5367026901141156e-87,3.467724304836721e-87
Ccnd1,19.833141,0.60559076,1.541079324190419e-87,3.4770268533746874e-87
Slc25a15,19.827644,0.7566624,1.7190515950368814e-87,3.8779331181341723e-87
Ptprr,19.824308,1.1687634,1.8368676129388414e-87,4.1430256650072004e-87
Trmt1,19.822529,0.94456625,1.9030395851813885e-87,4.2915676661206285e-87
Sox9,19.81412,0.2725921,2.2490513424272395e-87,5.071026728391179e-87
Rilp,19.813751,1.8424876,2.2656199915334277e-87,5.1075425954862545e-87
Senp2,19.811861,1.5134984,2.352311430175458e-87,5.302102984613381e-87
Tmem39a,19.810976,1.1088327,2.3939978971644007e-87,5.395174891846272e-87
Alpi,19.803679,0.17208281,2.7672906512389165e-87,6.235409401168592e-87
Kremen1,19.802698,-0.014469159,2.821647492653586e-87,6.35684175651364e-87
Acat2,19.800882,0.55990607,2.925259077887459e-87,6.589181006442267e-87
Adamtsl5,19.80012,0.72081923,2.969894011702943e-87,6.688619995065505e-87
Cep104,19.792622,1.2224902,3.446381337903362e-87,7.760458553569648e-87
Trmt2a,19.78518,0.76524407,3.9947446948962667e-87,8.993765838443604e-87
Zbtb14,19.780771,0.9602406,4.359694594663175e-87,9.813798120496942e-87
Uba6,19.776293,0.8730956,4.7646444449857975e-87,1.072358669933851e-86
H2afj,19.753633,0.809417,7.464963187286328e-87,1.6798316864594462e-86
Prorsd1,19.749279,0.9230086,8.13697524185438e-87,1.8307524914833605e-86
Mmgt2,19.747274,1.1399624,8.466458892870168e-87,1.9045702477381074e-86
Mogs,19.731718,1.122492,1.151893973429159e-86,2.5908141589874584e-86
Guf1,19.72941,1.7288071,1.2056933142288236e-86,2.711372483486131e-86
Tmem170b,19.727802,1.5012654,1.2446258194950622e-86,2.7984640055236725e-86
Yaf2,19.727484,0.8437853,1.2525142666284864e-86,2.815737727460883e-86
Mgst3,19.71322,0.6199471,1.6605410431127277e-86,3.732396246641445e-86
Prss8,19.712227,0.31368518,1.693487383242148e-86,3.805824152150595e-86
Casp9,19.711266,1.6644471,1.7259469860511582e-86,3.878134248151428e-86
Slc25a24,19.700584,0.50574565,2.1314883144036618e-86,4.788582667893884e-86
Ypel2,19.683964,0.5338153,2.959318522348913e-86,6.647286595453578e-86
Pigb,19.671652,0.25294742,3.772832522987012e-86,8.473227911290423e-86
Prxl2b,19.65989,0.5951132,4.757559336220707e-86,1.0683025274682786e-85
Rbx1,19.65808,1.0602782,4.930518630567151e-86,1.1069585006239664e-85
Ipp,19.647352,1.208104,6.090726132223971e-86,1.3672140488864541e-85
Hat1,19.643759,0.41968974,6.537625995771896e-86,1.4672909156766894e-85
Gtf3c4,19.641577,1.1717098,6.82458017562318e-86,1.5314429586748768e-85
Nagpa,19.640793,0.84902036,6.930800427672959e-86,1.555023721877403e-85
Csad,19.638746,1.6419319,7.215634487589896e-86,1.6186647247013095e-85
Gstm3,19.615522,-0.4054567,1.1395862306693391e-85,2.5559851901596216e-85
Aqp8,19.609625,0.5306457,1.27971280411057e-85,2.86980527979863e-85
Foxk1,19.602922,0.93914706,1.459958444790975e-85,3.273476263734478e-85
Ubald1,19.596579,0.5286954,1.653779082039578e-85,3.707447368342824e-85
Tmem268,19.59459,1.1630626,1.7196549296613216e-85,3.854496174908797e-85
Neurl4,19.575024,0.80764633,2.5252430335928995e-85,5.65924262280939e-85
Fbxl8,19.569576,1.0313447,2.8101262724551344e-85,6.29665357624512e-85
Upp1,19.564083,0.8877694,3.1298352935016907e-85,7.011877070549742e-85
Mtfp1,19.556744,0.74224555,3.614410327557412e-85,8.096160725527863e-85
Camk1,19.556425,0.24132669,3.6369502362873693e-85,8.145315178714342e-85
Btrc,19.55628,0.9948931,3.647334932155184e-85,8.167235172297714e-85
Lpar5,19.554356,0.62002647,3.7875355411261077e-85,8.479788560068684e-85
Ythdc1,19.55269,0.86854535,3.913309791460504e-85,8.759946210218103e-85
Caml,19.548016,0.81936693,4.288841264049322e-85,9.599002338113663e-85
Fiz1,19.541006,1.2217067,4.9202300753468375e-85,1.1010333215573229e-84
Ppcdc,19.538876,1.2725357,5.130010744644061e-85,1.1477895440609872e-84
Nanp,19.537477,1.4265891,5.272334480073266e-85,1.1794401114837545e-84
Tmem45b,19.536875,0.591145,5.33499223896973e-85,1.1932616759553656e-84
Zranb2,19.534174,-0.084415264,5.624825948019457e-85,1.2578821723494045e-84
Coq6,19.500578,1.2190455,1.0854925118137739e-84,2.427094522408986e-84
Pofut2,19.490168,0.63284147,1.3304575767694625e-84,2.9743350273536703e-84
Rest,19.484653,0.36761343,1.481800650989278e-84,3.3121320533308883e-84
Fkbp9,19.482668,0.9562683,1.5404123038032044e-84,3.44257856749613e-84
Zfp148,19.472204,0.8561072,1.889622689553337e-84,4.222318673144098e-84
Tent4a,19.46648,0.8232111,2.112998387449458e-84,4.720675208033219e-84
Rmnd5b,19.46134,0.8566662,2.33592937118124e-84,5.217875555521635e-84
Nucb1,19.45646,0.4579438,2.569256045754176e-84,5.738131051067836e-84
Cdca7,19.446922,0.33497602,3.094528170999828e-84,6.910135979494228e-84
Cables2,19.44014,0.737021,3.5319609882350865e-84,7.88564351250854e-84
Czib,19.436867,0.8701205,3.764613763059534e-84,8.40370440904981e-84
Mak16,19.435823,1.1258123,3.8420008441601113e-84,8.57505492800547e-84
Lman2l,19.43555,0.8509873,3.8624015924732187e-84,8.619181099391526e-84
Apol7a,19.423096,0.69587606,4.9230976857082635e-84,1.0984395635839535e-83
Erh,19.423014,0.77060425,4.930874694337595e-84,1.0999952927417066e-83
Thumpd1,19.41517,0.48928392,5.7443905722321725e-84,1.2812679999229319e-83
Cbwd1,19.413357,0.16681424,5.950869749647944e-84,1.3271060637057344e-83
Kifap3,19.413067,1.0411463,5.984653164052405e-84,1.3344225015231801e-83
H2-Q1,19.411144,1.4807113,6.212702557505836e-84,1.3850457690559555e-83
Ltv1,19.409798,0.8054263,6.377710939566254e-84,1.4216006047036436e-83
Mtfr1l,19.408716,0.78552246,6.513463389926427e-84,1.4516234005417844e-83
Tprkb,19.40771,0.44469452,6.642230364601791e-84,1.480079847416156e-83
Wnk4,19.40723,1.2148223,6.704452063322637e-84,1.4937012376333831e-83
Plch2,19.404335,1.4755608,7.093141514766318e-84,1.5800408896307117e-83
Usp46,19.402248,0.38774318,7.3869072046380365e-84,1.645211010153504e-83
Prorp,19.391245,0.68380415,9.14967564897997e-84,2.0374827308223594e-83
Fam199x,19.385498,1.0209824,1.0230813149636507e-83,2.2778633966343086e-83
Nr1d1,19.382648,1.0203118,1.0813740284390998e-83,2.4072586421788524e-83
Ankrd46,19.382172,0.578771,1.0914402595937233e-83,2.4292717366445582e-83
Dnajb2,19.380447,0.9816597,1.1286155588800528e-83,2.5116058206159028e-83
Ctnnbl1,19.369253,0.66385365,1.4027933829582597e-83,3.1212495138226816e-83
Klhl12,19.366167,1.2320924,1.4893939019259466e-83,3.313398667453606e-83
Cidec,19.361423,1.5552502,1.6330913052212827e-83,3.632485946470566e-83
Mynn,19.354368,0.6177948,1.8727993571028843e-83,4.1643140176230805e-83
Galnt11,19.350546,0.80148506,2.0169461770615784e-83,4.484106482086991e-83
Rdm1,19.34984,1.1780914,2.0447491358143566e-83,4.545179524099695e-83
Dohh,19.334185,2.1851842,2.7700988991733834e-83,6.1565256697864484e-83
Supt7l,19.334156,0.5234191,2.771635523963684e-83,6.158939842411989e-83
Tk2,19.325483,1.1263235,3.278957224602088e-83,7.285091802832422e-83
Ctss,19.325167,0.3763279,3.299163922337989e-83,7.328795750157895e-83
Egln3,19.324009,0.83588266,3.374063726266225e-83,7.493961581401757e-83
Tmpo,19.322554,1.4176793,3.4704783721394155e-83,7.706851532803915e-83
Acsm3,19.319155,0.6084675,3.706722460406217e-83,8.230139575589385e-83
Stard10,19.315765,0.59364265,3.958271559447823e-83,8.787234346663796e-83
Eri1,19.314426,0.47975272,4.062131786547624e-83,9.016336987670632e-83
Slc45a3,19.313744,1.2730702,4.1163116699080556e-83,9.135112315156226e-83
Ulk2,19.297915,0.6024474,5.592179776095406e-83,1.2408414479653526e-82
Heatr6,19.29097,0.29904512,6.396267014402364e-83,1.4190290626533473e-82
Engase,19.290361,1.0077115,6.4719189831554564e-83,1.4355797582262915e-82
Nudt1,19.289385,0.9355561,6.595430773108496e-83,1.4627394716551845e-82
Msh3,19.287022,0.9932046,6.903762711723288e-83,1.5308732784630448e-82
Upk1a,19.28231,0.83928216,7.56212552240973e-83,1.6765899241075398e-82
Setdb2,19.277983,1.8939131,8.222243860767298e-83,1.8226484810502968e-82
Terf2,19.272497,0.605176,9.141810924372455e-83,2.0261631181652077e-82
Jade1,19.269476,0.9060374,9.691225953556662e-83,2.1475857221663806e-82
Osr2,19.268787,0.501888,9.821088962746979e-83,2.1760108808419463e-82
Eml2,19.267374,1.7626064,1.0093014581558673e-82,2.235897851981449e-82
Cdpf1,19.26252,0.89016026,1.1085074693137428e-82,2.4552704313031153e-82
Gabpb1,19.256634,0.1584268,1.2419444551542587e-82,2.7503790160703624e-82
Polr2d,19.246641,0.90207654,1.506190397189972e-82,3.335031360358301e-82
Cd99l2,19.24572,1.7052779,1.5331758260984145e-82,3.3942333530671553e-82
Sec16b,19.231085,1.3175381,2.0332783574310528e-82,4.5006606568257763e-82
Iba57,19.230986,0.9147229,2.037207753170953e-82,4.50862858465978e-82
Wdsub1,19.226671,0.9056088,2.2139397198409315e-82,4.8989685548260095e-82
Terf2ip,19.22374,1.1394721,2.3425775929583658e-82,5.182777638522189e-82
Rpap1,19.222048,1.0941598,2.4202618840374596e-82,5.353782152088687e-82
Lrrk1,19.22139,0.98365086,2.451149120553947e-82,5.42122985986984e-82
Ercc6,19.216673,1.687713,2.684439953096054e-82,5.936241325774343e-82
Zfp62,19.206593,1.3130851,3.259689345283422e-82,7.207154696321874e-82
Pnkp,19.205608,1.1329782,3.3220843572099913e-82,7.343922338319857e-82
Slc30a6,19.204002,0.23749544,3.426478782994919e-82,7.573476217464929e-82
Rnf215,19.203875,1.2859251,3.434825267113472e-82,7.590697402678852e-82
Krr1,19.191319,0.68840396,4.373936541695375e-82,9.66449866015257e-82
AI597479,19.187035,0.6431409,4.749740435182809e-82,1.0493166470294815e-81
Ilkap,19.186975,1.6047145,4.755189589187307e-82,1.0503507936058217e-81
B3gat3,19.185755,0.57560307,4.868169830852236e-82,1.0751327912936746e-81
Zfp24,19.167099,1.2787647,6.968858640751884e-82,1.5388203118404976e-81
Slc45a4,19.166512,0.5056769,7.047846735678777e-82,1.5560107218341503e-81
Mterf4,19.160097,1.2802671,7.972435551324945e-82,1.7598556281576855e-81
Gtpbp6,19.147251,1.8455554,1.0203421218564121e-81,2.251965544930025e-81
Mal,19.143082,0.35752472,1.1053696634447544e-81,2.439233523899793e-81
Snx29,19.138283,1.8376096,1.2120122229355958e-81,2.6741315180129515e-81
Oas1g,19.134718,1.902792,1.2977978425709049e-81,2.862943296847415e-81
Ces2b,19.133383,1.137078,1.3314679998970077e-81,2.9367459513857387e-81
Mterf2,19.130846,0.6441938,1.397859778015793e-81,3.0826854482125417e-81
Taf8,19.121937,0.71479374,1.6583064661088137e-81,3.6564561309316396e-81
Atp11c,19.117954,0.6876036,1.7899163752384377e-81,3.9460110319822075e-81
Acvr1c,19.117907,0.8546197,1.791553091945716e-81,3.948982677684988e-81
Rnaseh2b,19.11589,0.03750279,1.8621703619823301e-81,4.10397738921972e-81
Tmem60,19.113773,0.4298224,1.9392811453686209e-81,4.273230690125023e-81
Zfp865,19.109953,0.3615035,2.0865354146753693e-81,4.596966617639065e-81
Tstd1,19.103405,0.4798907,2.3654500156457205e-81,5.210620000637118e-81
Lbh,19.102797,0.57751024,2.3931552657143484e-81,5.270800170501484e-81
Ube2j1,19.095407,0.9141565,2.756998664183037e-81,6.071168555990826e-81
Fcgbp,19.092813,-0.04437628,2.897366394227785e-81,6.379244154091928e-81
Rnf113a2,19.092525,1.739958,2.9134110232563885e-81,6.413537627661158e-81
Vps33b,19.0917,0.8404119,2.9597813203718746e-81,6.514567770173087e-81
Elmod3,19.088968,0.968381,3.1186865242731687e-81,6.863218252242611e-81
Pskh1,19.080748,0.6637399,3.6499482835489495e-81,8.031060784799982e-81
Ttc3,19.07874,0.43485162,3.7930149995330516e-81,8.344510958593063e-81
Vps8,19.074888,0.7538084,4.082902694593739e-81,8.980809771363902e-81
Cramp1l,19.067396,0.82162017,4.711905392276369e-81,1.0362706053293558e-80
Mfsd4a,19.067148,0.5152252,4.734293936502596e-81,1.0410270072627916e-80
Sectm1a,19.065668,1.5501122,4.870204732794666e-81,1.070740349211689e-80
Rdh11,19.064657,1.0465996,4.965228946634584e-81,1.0914564514584142e-80
Vkorc1,19.063196,1.00157,5.105888855591247e-81,1.122195919321927e-80
Shprh,19.062996,1.2252971,5.125470704801989e-81,1.1263186869382483e-80
Rpp14,19.062403,1.2764673,5.183958048095626e-81,1.1389882118847636e-80
Gorasp1,19.054037,0.99386424,6.082589918216774e-81,1.3362155362508335e-80
Phlpp1,19.050997,1.4209625,6.446254519682407e-81,1.4158774583465614e-80
Slc25a37,19.049627,0.9822802,6.6172779070644865e-81,1.4532082122869256e-80
Zswim7,19.045649,0.62477237,7.13975014600823e-81,1.5676956205308692e-80
Sfi1,19.04503,1.1354709,7.22443677770843e-81,1.5860358474099017e-80
Suds3,19.04064,-0.17671648,7.856325876157117e-81,1.7244824455288698e-80
Ocel1,19.038181,1.2297664,8.233760700006278e-81,1.8070402435016185e-80
Ate1,19.036465,0.4988581,8.508014335633952e-81,1.8669302958888686e-80
Mios,19.036194,1.2131678,8.552265501780498e-81,1.876339334780175e-80
Bod1,19.034029,1.0067778,8.913015809928615e-81,1.9551731023544085e-80
Zfp574,19.02987,0.98545086,9.649457819994849e-81,2.1163806846580522e-80
Rnaseh2c,19.029253,0.7296402,9.763373815845089e-81,2.1410220803669273e-80
Mzt2,19.0265,0.68774873,1.0290012434962073e-80,2.2561475075854792e-80
Tysnd1,19.019472,0.357142,1.1766196335993584e-80,2.57939619901751e-80
Tbc1d32,19.014746,0.91049725,1.2876161571794591e-80,2.822271349483748e-80
Igtp,19.005001,2.0357072,1.5504059986901343e-80,3.397724684629421e-80
Txnip,18.986668,0.54303384,2.1984659922645095e-80,4.817180330751028e-80
Smad4,18.985735,-0.14648025,2.2378283892028622e-80,4.902643899767565e-80
Atm,18.98097,1.0104302,2.450322914888846e-80,5.367317933862721e-80
Fra10ac1,18.971703,1.0815597,2.922810424378105e-80,6.401254412775558e-80
Fastkd3,18.971464,0.64742017,2.9360959574382145e-80,6.429321412004417e-80
Dnmt1,18.970306,0.2890662,3.001526197652289e-80,6.571545109333182e-80
Naa25,18.968464,0.7939502,3.1086037853719236e-80,6.804891430280304e-80
B3galt4,18.967705,1.101218,3.1537520253638942e-80,6.90261826934239e-80
Ppfia3,18.964142,1.2082924,3.374926250551481e-80,7.385520319457752e-80
Hcn2,18.962458,0.120852284,3.484685646586969e-80,7.624492194732289e-80
Rad17,18.956135,0.50590026,3.929916911077406e-80,8.59728263621557e-80
Ppp1r35,18.955898,0.9893615,3.9475867126880566e-80,8.634556669227315e-80
Rad54l2,18.955658,0.537526,3.96569512662393e-80,8.672778003611426e-80
Sept10,18.953726,0.67004913,4.113949304584577e-80,8.995563917523838e-80
Mrtfa,18.952017,0.4637226,4.249786344391376e-80,9.291099641814878e-80
Pias3,18.950975,1.3350716,4.334761165413102e-80,9.475361083283914e-80
Ppp2r1a,18.9447,0.21862493,4.88360408915784e-80,1.0673371570917926e-79
Ssbp4,18.94168,0.07963384,5.171995104260077e-80,1.1301858908717891e-79
Alg11,18.941624,0.73172545,5.177618731541537e-80,1.1312340014991296e-79
Hadh,18.941267,0.44925946,5.212668783717854e-80,1.138709993887247e-79
Hsd3b2,18.936892,1.9084231,5.6644835834957045e-80,1.2372115158010502e-79
Nsun3,18.930033,0.39765364,6.452268036936722e-80,1.4090508688136324e-79
AU022252,18.913206,0.77895826,8.878967864111563e-80,1.9386857024066044e-79
Mier2,18.910639,1.1880344,9.321991586085062e-80,2.0350931503785636e-79
Tmem175,18.90998,0.8420538,9.439029310764569e-80,2.0603148575371984e-79
Meaf6,18.909729,0.8064269,9.484367030670121e-80,2.069880611944046e-79
Lrch1,18.908722,0.5646015,9.667025927246902e-80,2.109407683981193e-79
Tbl3,18.905005,1.0013441,1.0373238411172929e-79,2.2631467018632706e-79
Fbrsl1,18.892658,1.2795986,1.3107829472087415e-79,2.8593008140181113e-79
Sde2,18.892164,1.4789298,1.3230946954336717e-79,2.88569696332623e-79
Zfp64,18.884886,0.8537867,1.5186612885331158e-79,3.311703575297458e-79
Gcc1,18.88396,1.6146914,1.5454965647537574e-79,3.3696851918060637e-79
Nif3l1,18.883839,0.94865495,1.549058865619073e-79,3.3769137553548264e-79
Ints7,18.8817,1.7155985,1.6130690454636443e-79,3.515894038367124e-79
Miga1,18.876747,1.0328696,1.771670830419677e-79,3.860971889400651e-79
Ctnnal1,18.873955,0.60676634,1.8678012969637728e-79,4.069818791583746e-79
Coa7,18.870749,1.3849108,1.9846501309456575e-79,4.323735947217121e-79
Abcc5,18.868248,1.6623375,2.0808197877600094e-79,4.5325279703119033e-79
Reps1,18.855888,0.27735457,2.6288863787809674e-79,5.725437367388076e-79
Slc1a1,18.855608,1.2582488,2.642787550585312e-79,5.754796139212443e-79
Fam98a,18.854456,0.9092513,2.7010763531552576e-79,5.880786360356336e-79
Ddx18,18.848507,0.85182554,3.022518234063481e-79,6.579582434068466e-79
Med19,18.843967,0.02090152,3.293242076435548e-79,7.167767848998267e-79
Fxyd3,18.829004,0.5865541,4.3689768429170924e-79,9.507599988365888e-79
Mllt11,18.825933,1.2149259,4.629739024676066e-79,1.0073457623300748e-78
Inpp5k,18.821096,0.9127,5.072352849595295e-79,1.1034747887084897e-78
Zfyve26,18.8198,1.3804013,5.1980347642356494e-79,1.130636637520638e-78
Zfp414,18.818546,0.26134706,5.322510062369007e-79,1.1575274348424962e-78
Mdh2,18.813776,-0.13472652,5.823807841534947e-79,1.2663471495148735e-78
Fam13b,18.811296,1.9405286,6.102672583437359e-79,1.326773411422987e-78
Anks3,18.805372,1.7285014,6.824105315828873e-79,1.4833832489899833e-78
Agfg2,18.796642,0.840343,8.045025931158503e-79,1.748501742031032e-78
Tecr,18.786592,0.092927955,9.722597450563024e-79,2.1127684750746757e-78
Eif2s3x,18.785227,0.981616,9.976041624259997e-79,2.167498716424459e-78
Sned1,18.785105,1.634818,9.998916260259979e-79,2.1721235879119173e-78
Snapc3,18.779085,1.5909163,1.119931020080572e-78,2.432505829034597e-78
Dolk,18.778858,0.35017422,1.124717621238201e-78,2.442514446630522e-78
Atg7,18.772293,0.82962674,1.272708320719445e-78,2.763462414391618e-78
Cdc42ep3,18.769505,0.5713411,1.3413149021990273e-78,2.9119671832944433e-78
Fam160b1,18.767132,1.0571477,1.4025534778119843e-78,3.0444315569966485e-78
Bcs1l,18.765562,0.53517807,1.4446393315592473e-78,3.135286916215316e-78
Cradd,18.762989,1.5625508,1.5162836209419345e-78,3.290253652234363e-78
Nek3,18.752005,1.4733696,1.8643221344918037e-78,4.0448366157663676e-78
Def8,18.746893,0.553243,2.05237826719873e-78,4.452137183366534e-78
Pex26,18.746847,1.4388938,2.0541266759404887e-78,4.455223202773383e-78
Tcerg1,18.739052,0.49400628,2.3782700035887527e-78,5.157444068994005e-78
Ly6g2,18.735893,1.1997026,2.5237019238539106e-78,5.471955574552438e-78
Pvr,18.729977,1.0446391,2.820407854157082e-78,6.114311573493674e-78
Pold2,18.727535,0.45839652,2.952730886317294e-78,6.400157690662387e-78
Psmg3,18.713045,1.7124882,3.8757795629512007e-78,8.399569813527365e-78
Dtd2,18.712605,0.746049,3.9079896037243326e-78,8.468033248444026e-78
Tmc8,18.709719,1.2384591,4.12552875148514e-78,8.93799202733829e-78
Atp5d,18.709686,0.5356348,4.127928353619792e-78,8.941774154245313e-78
Tsc22d1,18.704836,0.21142909,4.521245671099807e-78,9.792213264537512e-78
Ghdc,18.697489,0.67085576,5.189202421718546e-78,1.1237108965479196e-77
Rfesd,18.696806,0.9961307,5.255966940579874e-78,1.1379884089998383e-77
Snx4,18.69541,1.3151857,5.395451568833896e-78,1.1680038024980772e-77
Ppp1r21,18.687958,0.69086146,6.204318051376155e-78,1.3428941018133732e-77
Clic6,18.67886,1.1918803,7.357301134920058e-78,1.5921996046847885e-77
Dmac2l,18.673225,1.5438181,8.176331402790924e-78,1.769166644512118e-77
Atad2b,18.672638,0.6025302,8.266617504432795e-78,1.7884194648492083e-77
Tinf2,18.663664,1.2013509,9.779208209285143e-78,2.1153222439413847e-77
Snx11,18.645494,1.8961704,1.373764965450191e-77,2.97109535070874e-77
Wwox,18.641586,0.84591883,1.4779453959996021e-77,3.195905011115522e-77
Slc25a32,18.626556,0.58411413,1.9571544843558156e-77,4.2314762962159336e-77
Wipf1,18.620634,-0.21667616,2.1861341033660827e-77,4.725795741942962e-77
Mnat1,18.619076,0.6390354,2.2506146462576853e-77,4.864415250130211e-77
Zfp637,18.617908,1.4313849,2.3002420636768384e-77,4.970892892032358e-77
Zc3h12d,18.61347,0.8128549,2.4989828318206056e-77,5.399524447013238e-77
Nudcd1,18.608707,0.31222126,2.731317544126686e-77,5.900595168393749e-77
Spout1,18.60658,0.60993576,2.8418806701236764e-77,6.138480202802287e-77
Slc10a7,18.602186,0.028275954,3.08465655083915e-77,6.661825384195416e-77
Anxa5,18.58612,0.6455961,4.162094980481463e-77,8.987312309819044e-77
Coq4,18.583456,0.19478828,4.374068935818861e-77,9.443541632037089e-77
Eri3,18.566795,1.3175867,5.965956385068162e-77,1.2878366782289994e-76
Rab11fip3,18.566404,1.2568157,6.009545703420892e-77,1.2970413114627636e-76
Rad51d,18.5622,1.1620535,6.4986675629591635e-77,1.4023872324990778e-76
Bod1l,18.557974,1.3002758,7.030594344923988e-77,1.5169355895682478e-76
Phf21a,18.557535,1.3410001,7.088224854544328e-77,1.5291288040052638e-76
Snx33,18.557486,1.2449765,7.094832125202087e-77,1.5303127651756866e-76
Tbc1d10a,18.548365,0.6123129,8.407080168573762e-77,1.8130708296048918e-76
Sema5a,18.545692,0.9317647,8.835538345919753e-77,1.9051716632048665e-76
Osbpl1a,18.535362,0.6421717,1.070649551634306e-76,2.3082346868357457e-76
Ift140,18.528814,0.6394349,1.2092211637827211e-76,2.6065730477189014e-76
D10Wsu102e,18.520332,0.61747557,1.415604654453491e-76,3.050968266296531e-76
Lmnb2,18.51719,0.7232594,1.5006696682186297e-76,3.233794155828831e-76
Pigv,18.512875,0.5587674,1.6258544626625917e-76,3.503002958391514e-76
Eef1e1,18.512468,0.6995178,1.6382065598403907e-76,3.529060287620879e-76
Rpusd3,18.509153,0.4476393,1.7421471090192456e-76,3.7523801726001235e-76
Tcf4,18.508839,0.65692765,1.7523532239510597e-76,3.7737685570914553e-76
Trim21,18.508167,1.2994852,1.7743573667413467e-76,3.820553769514709e-76
Prkacb,18.507025,0.5668301,1.8123664318415475e-76,3.901780691976253e-76
Rfc1,18.503902,1.0023366,1.9205133098907264e-76,4.133955534826961e-76
Sp100,18.484846,0.30869785,2.734818099324044e-76,5.885841597144523e-76
Vhl,18.482742,0.8110765,2.8435188829630696e-76,6.118130755045405e-76
Cops7b,18.48274,0.5426931,2.843644539602822e-76,6.118130755045405e-76
Mpp7,18.48095,0.58226204,2.939593426592181e-76,6.323570883852145e-76
Zfp362,18.480114,0.030511782,2.985538029958406e-76,6.421395495388676e-76
Exd2,18.474976,0.6434481,3.283736224378528e-76,7.061659516964361e-76
Ip6k2,18.473928,0.8838592,3.348031082378029e-76,7.198793247094269e-76
Evi5l,18.462143,0.7561124,4.164819053114074e-76,8.953608009956762e-76
Cadps2,18.459654,0.7142669,4.3612230352950375e-76,9.374367338519277e-76
Zfp688,18.45436,1.2708944,4.8103107769077334e-76,1.0338048070754873e-75
Retnlb,18.44661,0.30816284,5.552080355494529e-76,1.193034237293961e-75
Yae1d1,18.44348,2.018351,5.883053568359694e-76,1.2639553424559123e-75
Gigyf2,18.44035,1.1685193,6.233696013305076e-76,1.3390793745200583e-75
Prdm10,18.432043,0.68752974,7.268430618048784e-76,1.5611086650199014e-75
Dennd5b,18.426546,0.60087407,8.045786772035195e-76,1.7277973320914148e-75
Chpf2,18.41893,0.6266635,9.261615849541072e-76,1.988579003650089e-75
Fam168a,18.413328,0.08095382,1.0271282657843212e-75,2.2050202566091984e-75
Tars2,18.4003,0.72964597,1.3064015563262342e-75,2.8041188640341e-75
Mppe1,18.397406,0.47106043,1.3780652287391268e-75,2.957476773855549e-75
Scly,18.39531,0.73432136,1.4323875175020929e-75,3.073575914301133e-75
Nfx1,18.389536,0.8096264,1.5933676505771758e-75,3.4184660529718984e-75
Satb2,18.38795,0.1811702,1.6406414151944967e-75,3.519336682789764e-75
Ormdl2,18.38238,0.49840406,1.8181440738323583e-75,3.899485603773134e-75
Fhdc1,18.378258,0.82580566,1.961675698259921e-75,4.206666955261788e-75
Timm9,18.377462,0.88480574,1.9906776388082942e-75,4.268190139652465e-75
H2afx,18.373152,-0.1215496,2.1552530035320541e-75,4.620329961326358e-75
Trim12a,18.36197,2.7003224,2.6481813705001257e-75,5.676156777678561e-75
Cnnm3,18.35883,1.3693237,2.8059206210486474e-75,6.013315231600102e-75
Tyms,18.35779,0.7943508,2.8601365947377844e-75,6.128544019592479e-75
Mphosph6,18.356314,1.3910055,2.938907133588265e-75,6.296342636976269e-75
Zbtb39,18.35184,0.9657703,3.191233585289034e-75,6.8358582830243635e-75
Polg2,18.343534,2.3617015,3.71822176857066e-75,7.963458525482188e-75
Unc13d,18.339998,1.5168366,3.9680774502209736e-75,8.497253230781681e-75
Agmo,18.337706,1.1182721,4.139036537143001e-75,8.861957827686008e-75
Dennd3,18.332323,0.8234454,4.569711999597516e-75,9.78253155831184e-75
Ap3s2,18.330698,0.6539208,4.708166121506546e-75,1.007734727055909e-74
Rrm2,18.32672,0.35814214,5.065433796144863e-75,1.084034540880767e-74
Pomt1,18.322224,0.575512,5.501780540889725e-75,1.1772312454493348e-74
Hdac8,18.322138,1.2478524,5.510464161401581e-75,1.1789048405376504e-74
Pop4,18.318872,0.9269573,5.851278845025188e-75,1.2516226842752924e-74
Tbc1d5,18.311632,0.2355831,6.683587260585746e-75,1.429434716742416e-74
Zbtb41,18.30912,0.98577076,6.999220766549855e-75,1.496705926232514e-74
Pik3r4,18.298481,0.93653077,8.508949983324469e-75,1.8192603349274878e-74
Cubn,18.283726,1.2605269,1.1153892531201e-74,2.3843908138842218e-74
Snapc1,18.279959,0.8547247,1.1951461283023113e-74,2.554489419276978e-74
Bloc1s5,18.278427,0.5514655,1.2292094609511584e-74,2.626885353728253e-74
Stk19,18.275564,1.4814041,1.2954466774532971e-74,2.768005205339662e-74
Akr1b3,18.27517,-0.007870079,1.3048205293324556e-74,2.787598928077071e-74
Ptrh1,18.27277,1.3361673,1.3635133010655542e-74,2.912534269302008e-74
Csnk1g1,18.272095,0.65287834,1.3804766711124205e-74,2.9483083675562006e-74
Chchd5,18.264435,-0.046216473,1.5884710045177057e-74,3.3919957818206784e-74
Nxt2,18.256388,0.8595435,1.8407475525032877e-74,3.930089427085474e-74
Eny2,18.249882,0.56404114,2.0735781412860786e-74,4.426503447094462e-74
Arid5b,18.244347,0.5593569,2.2946569393352313e-74,4.897679669956187e-74
Emp1,18.24348,0.5157767,2.3312814440749704e-74,4.97507393066873e-74
Rwdd4a,18.241793,0.14737605,2.404399619557229e-74,5.130311249406321e-74
Nfil3,18.24147,0.7453787,2.4185990207137735e-74,5.159803683036014e-74
Tmem251,18.237663,1.0754728,2.5930533959858176e-74,5.531119199829364e-74
Wdyhv1,18.22518,0.37203252,3.2580484532356588e-74,6.9485047719896495e-74
Cd320,18.218292,0.6783784,3.695070743269536e-74,7.879322066772322e-74
Pik3r3,18.201612,0.7974602,5.011108630456613e-74,1.0683958609525131e-73
Fitm2,18.200735,0.95139825,5.092009982973115e-74,1.0854752379915408e-73
Lgmn,18.199562,0.73739165,5.202209429433278e-74,1.108793858283979e-73
Yars2,18.194992,1.3200397,5.654739648043922e-74,1.2050578882188035e-73
Zfp609,18.193949,0.95329386,5.7635233354506415e-74,1.2280489500200611e-73
Tob1,18.18263,0.22491738,7.085103149118368e-74,1.5094062247109158e-73
Rexo4,18.177206,0.5139923,7.821932377192442e-74,1.6661203311231566e-73
Chml,18.176205,1.0865767,7.96602582800387e-74,1.696548873975283e-73
Thrap3,18.17342,1.6860778,8.380807278970472e-74,1.784608214573672e-73
Klf4,18.171122,0.42918625,8.739312983866707e-74,1.8606586494531714e-73
Abcc1,18.170437,0.3333456,8.84897091043374e-74,1.8837122851833965e-73
Nol12,18.169249,0.25990734,9.042906486380676e-74,1.9246964389300503e-73
Pogz,18.164652,0.037374597,9.832870709535197e-74,2.0925071110005262e-73
Rusc1,18.15831,1.0502158,1.1036897213460757e-73,2.3483673470371223e-73
Ptgr1,18.158161,0.79962546,1.1067128304304184e-73,2.3544334094797716e-73
Jmy,18.153376,1.4578413,1.2074646548441986e-73,2.56837442137104e-73
Nt5m,18.14886,0.6848858,1.31091443017195e-73,2.7879867546814022e-73
Cog8,18.147533,0.53988546,1.3429861418515934e-73,2.8557511257690155e-73
Tesk2,18.142544,0.9044106,1.4706497522582747e-73,3.126731244112548e-73
St6galnac4,18.137405,0.46906236,1.614745041247084e-73,3.432556884665611e-73
Fbxo46,18.135975,1.3140104,1.657312461619275e-73,3.5224973442094474e-73
Ctbs,18.131838,1.3189332,1.786879784681798e-73,3.7972930933214593e-73
Fahd2a,18.1215,0.8689104,2.1563287165872354e-73,4.5816959601197084e-73
Arhgef26,18.105549,1.1644286,2.8812017453306744e-73,6.12093115852058e-73
Slc26a1,18.105011,1.1952175,2.9095299987503123e-73,6.180152645683523e-73
Dkc1,18.102734,0.5202449,3.032333863213799e-73,6.440000866508573e-73
Supt5,18.101847,2.0368173,3.081556091309591e-73,6.543521669046376e-73
Zfp169,18.099392,1.8648981,3.222039121760993e-73,6.840767736389006e-73
Lrrcc1,18.09302,0.4546348,3.6171169444900596e-73,7.678372278159199e-73
Higd1a,18.085453,0.5842323,4.149410344471856e-73,8.806951181228096e-73
Tpst2,18.071692,0.8957529,5.325606661627482e-73,1.1301624937578494e-72
Mtg1,18.070948,0.97535384,5.3978928691250996e-73,1.145324825217777e-72
Xrcc6,18.066347,0.85584927,5.867301984613014e-73,1.2447309128076785e-72
Prpsap2,18.064661,1.8606162,6.049258889734754e-73,1.283133477852067e-72
Rab19,18.062578,0.74552304,6.281989670504459e-73,1.332292319233072e-72
E2f2,18.050003,0.6602381,7.888766610299921e-73,1.6728001767072634e-72
Slc25a23,18.048632,0.60155445,8.08698865407824e-73,1.7145669743336424e-72
Fastkd2,18.047392,0.93340176,8.270522481078079e-73,1.7532071760772397e-72
Thyn1,18.04542,1.0152049,8.571002930860215e-73,1.8166222113997743e-72
Mapk1ip1,18.0379,0.47753018,9.82030305450506e-73,2.0810885521518164e-72
Ankrd16,18.035135,1.0959426,1.0324106065064208e-72,2.1875139516540604e-72
Wdr55,18.024683,0.7110742,1.2472585589746142e-72,2.642333198137544e-72
Klhl26,18.015676,0.8464896,1.467767321947071e-72,3.10900218829402e-72
Cbfa2t2,18.011696,0.34792274,1.5772410081055203e-72,3.340370262636362e-72
Eml3,18.005848,1.5346504,1.7529685186968884e-72,3.7119610549984436e-72
Pramef8,18.00279,0.9916324,1.852440280813237e-72,3.921988053897045e-72
Samd12,18.001242,0.71449,1.9050044630689456e-72,4.0326526366049274e-72
Tppp,18.000774,-0.06559525,1.921144460876101e-72,4.0661895221298067e-72
Synj2,17.996542,1.4099591,2.0736601508797852e-72,4.388316707409635e-72
Arhgef19,17.99434,1.4627752,2.1577719144239508e-72,4.56560899423604e-72
Wdr43,17.992283,1.0267353,2.2393996638633964e-72,4.737591337149125e-72
Aqp4,17.982426,0.57037026,2.6753034769939653e-72,5.658897919240908e-72
Tead3,17.980526,0.3855076,2.7685738305745334e-72,5.855281028937016e-72
Cisd1,17.977755,0.153039,2.91039756435008e-72,6.154273495049844e-72
Dcaf5,17.975107,1.2690195,3.0527636154504266e-72,6.454320105331568e-72
AW209491,17.972935,0.9616762,3.174666003573233e-72,6.711015241747405e-72
Cdc14b,17.960932,1.0157359,3.9413525442590433e-72,8.330447610933912e-72
Acot2,17.95952,1.5386494,4.042846162915849e-72,8.543644147407546e-72
Lrrc61,17.958735,1.7920054,4.1005486907481233e-72,8.664246499687977e-72
Nars2,17.957943,0.6799933,4.15942944084183e-72,8.787300726635567e-72
Igdcc4,17.955767,0.50548655,4.325733708730164e-72,9.137227134211462e-72
Swt1,17.943176,1.2291551,5.426276402621998e-72,1.1460128155344528e-71
Fbxl4,17.94057,0.87824434,5.686797304611141e-72,1.2008485660987855e-71
Clca3b,17.931128,-0.119575456,6.739820285846139e-72,1.422989692897112e-71
Smarcd1,17.921268,1.3354834,8.047247602616797e-72,1.6987667639052901e-71
Lnpk,17.907787,0.46286163,1.025314735028677e-71,2.164096157048489e-71
Lage3,17.899714,1.783946,1.1853150352405399e-71,2.501417146128763e-71
Rbm18,17.898935,0.24696235,1.201970543388757e-71,2.5361745380097594e-71
Polr2c,17.896555,1.3865625,1.2544768753000655e-71,2.646555271479234e-71
Osgin1,17.8949,1.0580986,1.2922926850798647e-71,2.7259143094967067e-71
Myof,17.885197,1.06969,1.5380815604838144e-71,3.2438718907489455e-71
Ippk,17.883537,1.3319957,1.5845523869294625e-71,3.341365287781095e-71
Slc25a5,17.880985,0.6114662,1.6588098898148338e-71,3.497413697690079e-71
Zbtb9,17.876492,0.59138876,1.798029977797255e-71,3.790359171632105e-71
Ppfibp1,17.873266,0.87012523,1.905082459998417e-71,4.015413477262385e-71
Sdsl,17.872614,0.84383214,1.9274412781827293e-71,4.061913928054989e-71
Scaper,17.870317,0.8222288,2.008506695934257e-71,4.232100010308315e-71
Fto,17.86501,1.4140272,2.208918912406148e-71,4.653669099854271e-71
Selenbp2,17.850176,1.125,2.8813194251655492e-71,6.0693227262998904e-71
Btbd6,17.846048,0.020228263,3.102255476100879e-71,6.533704548849456e-71
Rbm28,17.841574,0.7798571,3.3609470108786572e-71,7.077448471476076e-71
Mief2,17.836739,1.8130002,3.664665361315952e-71,7.715827377366534e-71
Ogfod3,17.812223,0.50117433,5.680802924455567e-71,1.1958894703191176e-70
Nkiras1,17.806145,0.9543484,6.332490740423865e-71,1.3328738013744245e-70
Eral1,17.80436,1.1738911,6.53770077435627e-71,1.3758550029135424e-70
Thbs4,17.802454,0.64036924,6.7639220121034496e-71,1.4232440916374008e-70
Gdpd2,17.794954,0.3765908,7.733089368186772e-71,1.6269230324608325e-70
Scyl3,17.793459,1.176161,7.942191216112055e-71,1.6706578200328004e-70
Gm2a,17.79314,0.13756649,7.987605515972723e-71,1.6799524058893722e-70
Hsf1,17.784077,0.88980067,9.389829782640286e-71,1.974564389937043e-70
Tmco6,17.782322,1.248331,9.688377406589113e-71,2.037031996234719e-70
Pxmp2,17.781948,0.7557055,9.753276572068949e-71,2.0503621387093447e-70
Dnajc25,17.781242,0.44619086,9.876815283609925e-71,2.0760136643616005e-70
Gtf2h4,17.76862,1.2263811,1.2369898601727586e-70,2.5996367508625285e-70
Aldoc,17.767885,0.81069773,1.2532851698267008e-70,2.6334779805439662e-70
Thtpa,17.761892,1.4308283,1.3945495487744444e-70,2.9298609739576784e-70
Zc3h13,17.75813,0.7196808,1.4912160719494755e-70,3.132470012889259e-70
Rabep2,17.756542,1.5166678,1.5339926645979345e-70,3.2218322359663266e-70
Rngtt,17.738989,0.98743385,2.0967309519946667e-70,4.4030706032750415e-70
Cfap97,17.735704,0.6925912,2.2229415655132605e-70,4.667392278273275e-70
Parp1,17.734331,0.52470917,2.2779157660336287e-70,4.78208444895761e-70
Smco4,17.73339,0.9917661,2.31629815339323e-70,4.8619151569689053e-70
Ccdc84,17.724392,1.2623354,2.71834196231252e-70,5.7049303767071376e-70
Zfp26,17.721998,1.4818379,2.8365143547954382e-70,5.952022986316958e-70
Xrcc5,17.719933,0.69443226,2.9426735863340315e-70,6.173835730763713e-70
Rnmt,17.71559,0.64427817,3.178849091709638e-70,6.66831743045395e-70
Pkp1,17.711239,1.0484934,3.434351549276595e-70,7.203183655883041e-70
Trp53bp1,17.689453,0.8997208,5.056323562037278e-70,1.0603469515543593e-69
Ugdh,17.68096,0.5327225,5.878685873730632e-70,1.2326131450976142e-69
Ephb2,17.680166,-0.23015757,5.962044624260009e-70,1.2498997430132704e-69
Pdp2,17.679842,0.7219121,5.996426960530474e-70,1.256915062618857e-69
Lyar,17.669874,0.5482494,7.155578508457089e-70,1.4996557257187846e-69
Rtn4ip1,17.6579,0.9390863,8.847019690070749e-70,1.853861389238699e-69
Tent4b,17.657167,0.61662215,8.962459791612665e-70,1.877763714574892e-69
Crebl2,17.651583,0.8574916,9.894390130114464e-70,2.072698912826521e-69
Kptn,17.648787,0.8596595,1.0396624680277883e-69,2.177574552041661e-69
Nlrx1,17.643702,0.5922767,1.1375897365719662e-69,2.382318475899179e-69
Dnajc19,17.641954,0.58514214,1.173322484443791e-69,2.4567730783599514e-69
Glul,17.636911,-0.27862504,1.282820596406189e-69,2.685635587240453e-69
Tmem205,17.635973,1.2276026,1.3043168672100937e-69,2.730220902969238e-69
Cpne1,17.619188,1.6367577,1.7550676537832077e-69,3.6731787825964744e-69
Cwc22,17.610783,1.1216036,2.0361234246642396e-69,4.2607479467916565e-69
Chd1l,17.609428,1.5072424,2.0854180723969028e-69,4.3632331915586974e-69
Gpatch2l,17.60888,1.0025826,2.1057156923941673e-69,4.4050270909423644e-69
Zfp143,17.607948,0.8147229,2.1406746012389794e-69,4.477474024463604e-69
Rnf25,17.606768,0.19753203,2.1857630251428666e-69,4.5710826378389204e-69
Tuba1b,17.601986,0.006653718,2.3783844632020985e-69,4.973150999126712e-69
Hddc2,17.599241,0.77312523,2.496451928110554e-69,5.219229493489042e-69
Pfkfb4,17.589281,0.92172045,2.9762733208627204e-69,6.221421226352446e-69
Alpk1,17.584805,2.3986313,3.2209038947842937e-69,6.73175313482733e-69
Capn15,17.584059,1.8129926,3.2635811456831023e-69,6.81990711601718e-69
Hnrnpa0,17.582544,2.0997932,3.351902282776457e-69,7.003401637428274e-69
Zfp131,17.581886,1.3684504,3.391029727207055e-69,7.084071420647185e-69
Rft1,17.576277,1.1863571,3.743638677158089e-69,7.819498840711298e-69
Actr8,17.575808,1.4807553,3.7747677727288847e-69,7.883315408073839e-69
Gorab,17.572247,0.83451474,4.019395045685143e-69,8.392919109748714e-69
Prdx3,17.570662,-0.06542527,4.1333043196291775e-69,8.629455965027328e-69
Cep83,17.5654,0.439261,4.5349112466592077e-69,9.466480124876305e-69
Ccdc22,17.555773,0.8296603,5.373035018671333e-69,1.1214324462809903e-68
Twistnb,17.554152,1.6913147,5.528642999296083e-69,1.15373406097015e-68
Maob,17.553946,0.93642527,5.548873087947921e-69,1.1577790582497378e-68
Rcan3,17.552382,0.48272955,5.703807265464571e-69,1.1899247041224716e-68
St7,17.549704,0.43235883,5.979111849280257e-69,1.2471683120638731e-68
Pgghg,17.539787,1.7066827,7.119422383696997e-69,1.4847964175241183e-68
Mettl4,17.537756,0.64188933,7.378457585160992e-69,1.5385850484458152e-68
Pbdc1,17.536695,0.53241473,7.517464908753916e-69,1.5673324077940205e-68
Xrcc4,17.533936,0.6729153,7.89122221030075e-69,1.6450070689918103e-68
Dmd,17.525414,0.32676238,9.167190224398163e-69,1.9107045620887803e-68
Leng1,17.52485,1.4571712,9.258318505820798e-69,1.9294042299161752e-68
Dhx35,17.516392,0.8580341,1.0742800971377575e-68,2.2384245510222205e-68
Ercc2,17.51286,0.46620962,1.1430359784284996e-68,2.381324955059374e-68
Tab1,17.512362,0.7163768,1.1530857277362342e-68,2.4018960132205643e-68
Snx16,17.512312,1.1405953,1.1541003676644088e-68,2.403643394427473e-68
Fndc3b,17.506975,0.28611973,1.2675467414067312e-68,2.6395160177763133e-68
Tff3,17.496008,-0.34305713,1.5366851354127107e-68,3.199477653283925e-68
Edf1,17.492374,0.23720601,1.6378622748346792e-68,3.4096158636572138e-68
mt-Co1,17.482098,-0.073920965,1.961468302161527e-68,4.082660431059191e-68
Nlrp9b,17.481339,2.1673641,1.9878046983379903e-68,4.136848158540864e-68
Gpkow,17.477116,0.77983814,2.1405583434491663e-68,4.454068068573851e-68
Stk39,17.473562,0.09766718,2.278195076209149e-68,4.739741011282536e-68
B3galnt2,17.47017,1.1827363,2.417772021755144e-68,5.029363005400303e-68
Caap1,17.468903,1.7985009,2.472012131169691e-68,5.141409261406164e-68
Ubiad1,17.466614,0.57261586,2.5731701103046573e-68,5.3509886341873764e-68
Tmem68,17.463472,0.9390219,2.718805441680452e-68,5.6529822738300414e-68
Pla2g4a,17.461199,0.516366,2.8293184362036977e-68,5.8818682905268426e-68
Wdr92,17.460217,0.48186034,2.878419005277937e-68,5.983033880099679e-68
Ica1,17.448647,0.44151065,3.5248316715680147e-68,7.325543025637173e-68
Ago3,17.43965,1.1272838,4.12591756933643e-68,8.573457340932332e-68
Ifit3,17.438782,1.4304491,4.1890361906765505e-68,8.70329229831386e-68
B4galt7,17.43181,1.0189443,4.732452742936167e-68,9.830820486047711e-68
Ston1,17.428886,1.0488938,4.980616045698909e-68,1.0344763734042008e-67
Upf3b,17.408909,0.9335573,7.061618787833934e-68,1.4664789206321798e-67
Kat2a,17.40589,1.3463359,7.444119689611855e-68,1.545677752132434e-67
Klhl21,17.402674,1.4998139,7.874096915275837e-68,1.6347089011142715e-67
Arsa,17.40173,0.39881468,8.00495414710804e-68,1.6616233752535282e-67
Naa10,17.399134,-0.06339742,8.376095387598321e-68,1.7383989137260135e-67
Hoxa3,17.394808,1.3372513,9.032784986487654e-68,1.8744056857392818e-67
Nupr1,17.391655,0.4328136,9.543857885066673e-68,1.98015864934436e-67
Rbm10,17.390701,0.99727917,9.703978155741092e-68,2.0130749587342146e-67
Nr2f2,17.388288,0.7043412,1.012114027741589e-67,2.0992961215480402e-67
Depdc5,17.385025,1.2258302,1.0714046243384876e-67,2.221937858330121e-67
Ttc32,17.383667,0.2575465,1.0971002874899732e-67,2.274881945629323e-67
Ipo11,17.375721,0.6450923,1.2601324440839465e-67,2.6125395956409897e-67
Ttf1,17.373919,1.3941013,1.3003500565677866e-67,2.6955111449999215e-67
Aptx,17.36266,1.5607338,1.5822237620091112e-67,3.2793134200476806e-67
Thoc1,17.359928,1.1138237,1.6593370494620066e-67,3.438617086133193e-67
Rhno1,17.34394,0.6651966,2.1918172751620194e-67,4.5413789754303966e-67
Ces1e,17.340046,0.47826454,2.3455191978610228e-67,4.859108473072184e-67
Klc2,17.335546,1.0017571,2.5364305317463148e-67,5.253815135054658e-67
Tnfrsf1b,17.335032,1.0245339,2.5592485841432565e-67,5.300276296858857e-67
Hexdc,17.334469,1.9933261,2.584413367731478e-67,5.351582798868559e-67
Pkm,17.326498,0.22069718,2.968661002305137e-67,6.146319334825549e-67
Megf8,17.318712,1.4441471,3.398822833956701e-67,7.035861679436555e-67
Map3k3,17.318686,1.1654011,3.4003718741619856e-67,7.038002933126253e-67
Mettl27,17.315615,0.69616574,3.586701601619214e-67,7.422540012430804e-67
Sprtn,17.31442,0.851184,3.661898007925472e-67,7.57700942024222e-67
Nol6,17.306786,0.34232798,4.181199421799108e-67,8.650212116959577e-67
Tssc4,17.294544,0.23809034,5.171101337599525e-67,1.0696537708617986e-66
Paxx,17.282534,1.4392972,6.368819901492767e-67,1.3172052654705624e-66
Tspan17,17.278996,1.0295768,6.771700949578418e-67,1.4003177148871143e-66
Nup205,17.27814,0.90752625,6.872919375988023e-67,1.4210337536534052e-66
Rhbdd2,17.277708,1.2456259,6.924521867968572e-67,1.4314865690774033e-66
Impa2,17.275558,0.82495356,7.187493337511747e-67,1.4856253233142857e-66
H2-Ab1,17.274738,1.9542665,7.290385504995372e-67,1.5064995643626812e-66
Zfp280b,17.274736,0.26765656,7.290686740001627e-67,1.5064995643626812e-66
Ak3,17.274609,0.15025416,7.306669960332162e-67,1.5095741306472625e-66
Lrrc57,17.273584,0.95932746,7.437642895638295e-67,1.536401308124678e-66
Ldlrap1,17.272852,0.97717154,7.53258063550101e-67,1.5557776799649043e-66
Jrkl,17.265312,1.6186936,8.583880155204854e-67,1.7726451392695015e-66
Mapk8ip3,17.260159,1.2341818,9.38539990043923e-67,1.9378732241960815e-66
Gar1,17.259977,0.7032004,9.414893468869822e-67,1.9436695076508877e-66
Them4,17.256573,0.7187678,9.986558132956497e-67,2.061376339142341e-66
Fas,17.243685,1.0732485,1.2482060526080617e-66,2.576096856235322e-66
Zdhhc23,17.241423,1.1787419,1.298027986023622e-66,2.678517082974654e-66
Tbp,17.240385,0.6103228,1.3215229432641825e-66,2.726588148632724e-66
Ice1,17.237865,0.7102155,1.3803942920671302e-66,2.847622860766029e-66
Cdk10,17.236107,1.422964,1.4230410033077696e-66,2.9351562172298265e-66
Commd9,17.232035,0.8587652,1.5268447134086798e-66,3.148786224681601e-66
Chka,17.228167,1.3542178,1.632465320645834e-66,3.3660981996127535e-66
Cc2d1b,17.210693,1.4416119,2.2077027551941374e-66,4.5515355310236437e-66
Mpv17,17.207836,0.22894573,2.3193964928828464e-66,4.781089394056817e-66
Prpf3,17.188105,1.2663897,3.2602100476752505e-66,6.719423120114401e-66
Scaf8,17.18458,1.871775,3.4644370273079955e-66,7.139267080837378e-66
Tmem123,17.183994,0.3423086,3.4996454432271825e-66,7.210735488342884e-66
Ssh2,17.17717,0.9588727,3.9365960931466487e-66,8.109814940310397e-66
Card10,17.174828,1.3354622,4.09866344317893e-66,8.442419428448842e-66
Rbks,17.17285,1.8859019,4.240819022231662e-66,8.733915682081021e-66
Ace,17.161972,0.07571877,5.114756196812968e-66,1.053219259018481e-65
Surf6,17.15857,1.0003259,5.423293663949587e-66,1.1165844753765523e-65
Zfp746,17.144379,1.765185,6.923557065010873e-66,1.4252542957101262e-65
Kin,17.139761,0.967185,7.495878066297131e-66,1.542837636312662e-65
Ap5s1,17.133028,0.42673337,8.415782768437378e-66,1.731916167921462e-65
Krit1,17.131073,2.1400156,8.70338582387828e-66,1.790833601287022e-65
Umps,17.113981,0.7841699,1.167411146518881e-65,2.401737239152354e-65
Manba,17.113916,0.9352531,1.168702185672779e-65,2.404031646972812e-65
Thada,17.095718,0.898631,1.5971779253504509e-65,3.2849162474308042e-65
Rsu1,17.094204,0.11495834,1.6391935279237372e-65,3.3708227811063318e-65
Ubr1,17.071398,0.9363905,2.4233159211758272e-65,4.982535742306335e-65
Acd,17.071321,1.3745322,2.426484618294125e-65,4.9883008351130725e-65
Fgd3,17.066862,1.2737765,2.619008200514038e-65,5.383276287694193e-65
Cpn1,17.065857,0.4781439,2.6645181323376857e-65,5.4759972136636384e-65
Ipo4,17.060226,0.7792172,2.9341851770126816e-65,6.029298616926885e-65
Bri3,17.056423,0.10355157,3.1315023677744043e-65,6.433788293166312e-65
Ipo9,17.053394,0.7966803,3.2981609019738153e-65,6.77517655618025e-65
Ift27,17.046371,0.27655828,3.719226839350657e-65,7.638994747389641e-65
Tmem104,17.042877,0.51695186,3.948148089575437e-65,8.107962926106638e-65
Pknox1,17.038832,0.59603834,4.230927927339356e-65,8.687378289244097e-65
Pde4d,17.038038,1.2946588,4.288742134701142e-65,8.804766355207645e-65
Gng12,17.035803,0.25359648,4.455861180364217e-65,9.146487787673471e-65
Rtkn,17.033646,0.8344135,4.6232486283053275e-65,9.488657510442046e-65
Tbc1d24,17.033606,1.138673,4.626452159908571e-65,9.493807516018863e-65
Lancl1,17.025164,0.6574354,5.344325577515734e-65,1.096528916316994e-64
Zscan21,17.024824,0.5057037,5.375321275141211e-65,1.1027230488682277e-64
Nrbp2,17.02051,0.98473823,5.786461981635401e-65,1.1868886695494841e-64
Rcc2,17.018936,1.1312435,5.944054347053911e-65,1.2190303418710593e-64
Egr1,17.006702,1.242014,7.324647336923234e-65,1.5019426050746021e-64
Lyplal1,17.003925,0.6276095,7.680122184473729e-65,1.5745977642080697e-64
Dnajc24,17.000826,0.59909457,8.097119866890647e-65,1.6598428148662808e-64
Uvrag,16.98054,1.3238777,1.1443096326112068e-64,2.3453888228354695e-64
Nudt13,16.97452,1.3537565,1.2678823123621617e-64,2.5982752317627096e-64
Fem1c,16.973139,0.98986304,1.2980427814827774e-64,2.659684602453848e-64
Wrap53,16.963991,0.99939376,1.51680472822767e-64,3.107461372061931e-64
Ankrd12,16.954006,1.658442,1.7977704372371313e-64,3.6825210798708464e-64
Atat1,16.953888,1.2198396,1.8013466384598587e-64,3.689293886616529e-64
Med31,16.940409,1.440416,2.265487460923075e-64,4.639194523528459e-64
Ube2e2,16.937801,0.60586894,2.3680802808269694e-64,4.848554849574608e-64
Tnip3,16.936193,1.0343311,2.433737270805044e-64,4.9822390985417635e-64
Cdk5rap1,16.926447,0.9774001,2.8719840436503705e-64,5.8785184548598743e-64
Nat8f4,16.926014,1.0505513,2.893226705765156e-64,5.9211127209426076e-64
Reep6,16.917887,-0.8019039,3.321346297353123e-64,6.796260753599276e-64
Tmem219,16.915367,0.73960274,3.4664973365414466e-64,7.092212908019791e-64
Il17ra,16.912956,0.63551885,3.6112417598240213e-64,7.387244736812788e-64
Cish,16.905045,0.54704356,4.130110527380099e-64,8.447391783117388e-64
Acadsb,16.899578,0.79068613,4.531345147559359e-64,9.266658425732651e-64
Zfp954,16.89714,1.0819105,4.7226637454745864e-64,9.656463325263901e-64
Mettl14,16.895348,0.83774465,4.868414688966827e-64,9.952993103845321e-64
Ptcd1,16.888288,1.5408121,5.487204759673626e-64,1.1216371463159467e-63
Prune1,16.888063,0.12165488,5.5080826912110115e-64,1.1257365237230695e-63
Asf1a,16.887056,1.0904921,5.603017322332831e-64,1.1449680496548336e-63
Ints6l,16.886395,1.0781939,5.666066634566112e-64,1.1576790860255727e-63
Trit1,16.885328,0.60635394,5.7695378901196416e-64,1.1786440192319406e-63
Paip2b,16.882687,1.2018237,6.0336035648377e-64,1.232405209098664e-63
Tbc1d12,16.878332,0.8877337,6.495320211153107e-64,1.3265158884038044e-63
Ccdc120,16.87805,1.231767,6.526604029926902e-64,1.3327058400664534e-63
Tmem161a,16.876743,0.5136102,6.672616273627437e-64,1.3623175207801612e-63
Pdia5,16.868944,0.5410768,7.614405740820576e-64,1.5543663010258454e-63
Med17,16.865953,1.2754017,8.009933042646142e-64,1.6348631993759102e-63
Tcof1,16.857044,1.19243,9.313091681129135e-64,1.9005600468503348e-63
Hmces,16.852055,0.30281416,1.0133143032025126e-63,2.0676026702916082e-63
Tm6sf2,16.844765,0.89722776,1.1462335223484172e-63,2.3384668682850373e-63
Rab13,16.842642,1.2027916,1.1881337646016431e-63,2.423587295782737e-63
Prmt5,16.841051,-0.00713276,1.2204959976662825e-63,2.489229346470755e-63
Flywch2,16.839174,1.5282524,1.2598119049880006e-63,2.56903188200282e-63
Coq8a,16.835558,0.7215337,1.339191964681963e-63,2.73049800462589e-63
Asb6,16.825346,1.199249,1.59130335613253e-63,3.244047912211143e-63
Acer3,16.82521,0.7798391,1.5949584654932166e-63,3.251014609572177e-63
Tmem263,16.816406,0.85712093,1.8504976295684196e-63,3.7713196847016596e-63
Lsg1,16.813757,1.3117512,1.9350753994601405e-63,3.943101786263958e-63
Inpp5e,16.800797,1.0509664,2.407905413166589e-63,4.905856156891107e-63
Tefm,16.80069,1.6579556,2.4122644408543174e-63,4.914005098865304e-63
Ifit2,16.797735,1.792683,2.5354215003967643e-63,5.164118114078903e-63
S100a11,16.795599,-0.03981366,2.628369494280899e-63,5.352636311882545e-63
Pxmp4,16.795025,0.9333651,2.653944357354898e-63,5.403914396490207e-63
Lzts3,16.79434,0.74759835,2.684724410598451e-63,5.465774350890846e-63
Orai3,16.792433,0.1286219,2.7724130910173905e-63,5.643457728440431e-63
Vgll4,16.791334,0.081456825,2.824233860471166e-63,5.748087221601904e-63
Chd6,16.789387,1.2309351,2.918454630204431e-63,5.938968313697262e-63
Dnajc9,16.786991,0.42318067,3.0386633089027593e-63,6.182669357126206e-63
Tmem9,16.780813,0.4779347,3.371820472403931e-63,6.859512787879166e-63
Naa40,16.779284,1.6432422,3.459848541620396e-63,7.037547048439523e-63
Rras,16.77777,0.43231156,3.5491691382577245e-63,7.218157044270432e-63
Irgq,16.763786,1.7778972,4.4909537305118277e-63,9.132162418550073e-63
Tor2a,16.762442,1.0219407,4.593688228368818e-63,9.339679827972583e-63
Kctd12,16.762373,0.45074567,4.5990335245737793e-63,9.349157640634225e-63
Mmab,16.753681,0.7916476,5.322898573925072e-63,1.0819060344593541e-62
Rfx5,16.752136,1.0992837,5.462950863837059e-63,1.110207357155176e-62
Mthfsd,16.738039,0.8602454,6.923112743199296e-63,1.4067394764227394e-62
Nmnat1,16.73592,1.474273,7.173989722905626e-63,1.457499769138827e-62
Lig4,16.734562,0.5478021,7.339589895909944e-63,1.4909223384814094e-62
Zfp942,16.732454,1.2206901,7.603981042909418e-63,1.544399833087573e-62
Ccdc85b,16.732014,1.8383526,7.660501356523666e-63,1.5556482929976407e-62
Dhx57,16.731953,1.5569983,7.668171276046845e-63,1.556974642909289e-62
Fam126b,16.73065,0.54592544,7.83791782939693e-63,1.591204369314178e-62
Gnb5,16.728962,0.456256,8.063197466986642e-63,1.636696235134961e-62
Tnfrsf14,16.726557,1.4461439,8.395446408987992e-63,1.7038843817588423e-62
Proser1,16.726254,0.7916822,8.438220817250967e-63,1.7123114657353758e-62
Ddhd1,16.71996,1.3391049,9.378245966212212e-63,1.9027821007114542e-62
Aatf,16.719547,0.40278047,9.443368639249597e-63,1.9157108165218547e-62
Slc17a5,16.715332,1.20943,1.0135288100062768e-62,2.0557707619157277e-62
Nkapd1,16.713984,1.8485609,1.0367297753617584e-62,2.1025181192454465e-62
Acsl1,16.711657,0.6315704,1.0779869040311653e-62,2.1858646074475362e-62
Hdac10,16.710918,1.3487359,1.0914303863024895e-62,2.2127962242678346e-62
Dnajb4,16.708775,1.217607,1.1313685870854337e-62,2.293428020811341e-62
Gpt2,16.695036,0.69930357,1.4243338154506662e-62,2.886877860721485e-62
Fbxw7,16.693014,1.0791522,1.473399702808582e-62,2.985883363353195e-62
Smox,16.68949,0.93162847,1.5630396921379322e-62,3.1670718313803857e-62
Ier3,16.687136,0.35080355,1.6258631025256296e-62,3.293878211413035e-62
Tmem35b,16.683168,1.0117581,1.7375258709392754e-62,3.519577290045118e-62
Nprl2,16.68228,0.6998846,1.763586307696585e-62,3.571836901325652e-62
Smarcal1,16.667292,0.42897025,2.2663222850903836e-62,4.589361357709314e-62
Nup37,16.666853,0.37899435,2.283011417475371e-62,4.622472776721306e-62
Gla,16.662914,0.66239446,2.438444138891489e-62,4.936450569850646e-62
Zfp35,16.65132,1.5652213,2.9600225541013243e-62,5.991460690843045e-62
Vrk2,16.651215,0.26262665,2.965215566323544e-62,6.001083745667377e-62
Maml1,16.647696,0.48140898,3.1447782556140147e-62,6.3635458191064885e-62
Cyb5d2,16.643345,0.8252847,3.3818460195936613e-62,6.842246533206587e-62
Tatdn1,16.640383,0.743303,3.5534246916732185e-62,7.18832583707563e-62
Tbc1d2b,16.632448,0.91228545,4.056714009317689e-62,8.205230598642124e-62
Prr12,16.631199,0.7485622,4.142186892052923e-62,8.376871598465502e-62
Dcaf17,16.630787,1.1711762,4.170798153650481e-62,8.433485842254965e-62
Gna14,16.629673,0.32293424,4.2490190684701825e-62,8.590380804454428e-62
Chchd10,16.623007,0.5734463,4.7490648637589265e-62,9.599920474782458e-62
Axin2,16.618214,1.3305628,5.144223932360453e-62,1.0397171486111322e-61
Lrfn3,16.611555,0.94710124,5.7482702673576324e-62,1.161631386228988e-61
Usp30,16.608543,0.2007877,6.044384726160354e-62,1.2212907968416495e-61
Xpo5,16.597769,1.4571825,7.232888252127167e-62,1.4612165289974738e-61
Tex9,16.59457,1.568314,7.628754412266311e-62,1.5409633173964814e-61
Zfp422,16.592047,1.0215348,7.95632002806858e-62,1.60689228155129e-61
Rab12,16.583242,0.50946337,9.212193210618264e-62,1.8602590395039098e-61
Nsun4,16.582096,1.0033941,9.389681406165497e-62,1.8958200683495225e-61
Fer,16.57349,1.2435284,1.083513716506592e-61,2.1873413157997704e-61
Slc20a2,16.565544,0.7538303,1.2365682441100372e-61,2.495951400473027e-61
Sharpin,16.55834,1.1578807,1.3938746422199293e-61,2.8130513182345827e-61
Ghitm,16.556097,0.12136377,1.4468143582832508e-61,2.919460874948127e-61
Nol9,16.551952,0.6233666,1.5499149752848219e-61,3.127041500002942e-61
Slc39a8,16.543283,0.5183346,1.7899598950928726e-61,3.610813035166696e-61
Akap8l,16.54254,1.3132653,1.812201085581447e-61,3.6551400951808683e-61
Zfp553,16.536617,1.1492316,1.9993842156529932e-61,4.0320865873845574e-61
Lpl,16.528973,0.1330924,2.2698080082231925e-61,4.576765631443845e-61
Recql,16.526875,0.98268104,2.350185647912795e-61,4.7381378055738565e-61
Myo7a,16.520395,0.72829074,2.6167898568602263e-61,5.274852784870813e-61
Rnf8,16.51993,1.1005701,2.6370368585664308e-61,5.3148826884150245e-61
Nup54,16.519627,1.1355293,2.6503072238921757e-61,5.340841627869953e-61
Acsl4,16.514204,0.5440504,2.899619718351171e-61,5.8423898111761106e-61
Manea,16.504875,0.60333574,3.3842962135035075e-61,6.817950901541023e-61
Lrrc14,16.503248,1.3419843,3.476813055308988e-61,7.003302184614878e-61
Ugt2b5,16.4908,1.1215451,4.2724789393670405e-61,8.604734830021248e-61
Cyp20a1,16.490055,0.09594624,4.3255691505330025e-61,8.710375222137949e-61
Plekhn1,16.486078,1.6632508,4.6197744074575754e-61,9.301445085686447e-61
Degs1,16.485655,0.7643145,4.6523245396313605e-61,9.36560254371542e-61
Znrf1,16.473627,1.5350032,5.676244889438573e-61,1.1425176459092211e-60
Ccdc82,16.46424,1.3538326,6.629066269611408e-61,1.3341056841344517e-60
Dcakd,16.449718,0.28190762,8.425834151964289e-61,1.6954573576826317e-60
Eif2ak3,16.448055,1.5781378,8.660508440228585e-61,1.7424224351938488e-60
Cbr2,16.445621,0.733856,9.015556790054567e-61,1.813588395174996e-60
Nup160,16.440636,1.0821909,9.788593726138476e-61,1.968804518384228e-60
Adpgk,16.438725,1.1366738,1.0102311999960905e-60,2.0316046558744906e-60
Pelp1,16.436317,0.4458983,1.0511682637303028e-60,2.1136194686828248e-60
Zfp608,16.430923,0.37118033,1.1489459152049205e-60,2.309884650165729e-60
Bri3bp,16.4264,0.31555447,1.2379449354151304e-60,2.4884458315157885e-60
Vezt,16.423376,0.96605945,1.3011970698125263e-60,2.615207220706393e-60
Vps9d1,16.42072,0.9046625,1.359471827387704e-60,2.731929057976025e-60
Fastkd5,16.399721,1.2745467,1.9211823233703872e-60,3.8601481445915435e-60
Rnf41,16.388699,1.1379622,2.303259905291996e-60,4.6271601593753556e-60
Zfp397,16.387672,0.7504617,2.342425279188832e-60,4.705150659945252e-60
Psip1,16.38417,0.5815255,2.4812986554355038e-60,4.983368940091131e-60
Xpc,16.383375,1.2058179,2.514001087523853e-60,5.048306148588647e-60
Hmgcs2,16.376896,0.48230207,2.796596369022978e-60,5.614954536248602e-60
Tfap4,16.376215,0.11696221,2.828002917844596e-60,5.677178494058257e-60
Ahr,16.374989,0.5971455,2.885648953560431e-60,5.792051877284441e-60
Ephx2,16.368647,0.57514554,3.202563562154564e-60,6.42721701092804e-60
Parp11,16.366394,1.6682614,3.323309132550141e-60,6.668562345946174e-60
Qsox2,16.362951,1.4813925,3.5166301699095685e-60,7.055445653391043e-60
Acyp2,16.361958,1.455082,3.5745143199499955e-60,7.170527112412527e-60
Vars2,16.358236,1.718303,3.7997521927549276e-60,7.621239547656737e-60
Ccdc28b,16.348125,2.176165,4.485649851609312e-60,8.99563890904199e-60
Acpp,16.347853,1.0359784,4.505873803249278e-60,9.034871592292356e-60
Usp37,16.336748,0.80156803,5.406088990471111e-60,1.0838332641063251e-59
B3glct,16.335703,1.0334352,5.499443582005616e-60,1.1023877306351041e-59
Hoxa7,16.308058,0.58338976,8.650072357618798e-60,1.7336910375265581e-59
Creb3l1,16.30751,-0.0044599236,8.72771515781847e-60,1.7489962600112482e-59
Foxa3,16.302471,0.32361054,9.478073416904918e-60,1.8990865051454176e-59
March5,16.293474,0.75687677,1.0980932040260498e-59,2.1998863998031394e-59
Osbpl8,16.290413,0.5728497,1.154457505434532e-59,2.3124661471828367e-59
Ndufb3,16.28811,1.120735,1.1987541716373738e-59,2.4008440681225963e-59
Myg1,16.28727,1.1604129,1.2153602977015716e-59,2.433746093288767e-59
Cd24a,16.286676,-0.3568984,1.2272116231280253e-59,2.457118440157503e-59
Zcchc9,16.283756,1.5780581,1.2872141542082062e-59,2.576877991333219e-59
Phtf1,16.283445,0.9584841,1.2937508595078633e-59,2.589584748795379e-59
Gnpda2,16.283232,0.85279167,1.2982956333203517e-59,2.598301300403309e-59
Pin1,16.273834,0.44159144,1.5137670522006588e-59,3.0290846413292375e-59
Cwc27,16.271612,0.73664093,1.5697113021564553e-59,3.1405708934878608e-59
Tmem185a,16.267391,0.9394998,1.6816893609073811e-59,3.364116736455301e-59
Gal3st2,16.265343,1.5018923,1.7389348368149698e-59,3.478124015422658e-59
Ccdc116,16.26137,1.3958628,1.8554120583017912e-59,3.7105527781920147e-59
Sec24d,16.255281,0.037587564,2.0492374241313085e-59,4.097575928497681e-59
Mrrf,16.253635,1.0727671,2.1050602366586246e-59,4.208581686594546e-59
Kti12,16.25281,0.98984444,2.133578651271456e-59,4.264974134795668e-59
Socs2,16.249332,0.626618,2.258128893692154e-59,4.51328743368024e-59
Ctsb,16.243084,0.26273346,2.5003447159908656e-59,4.99667017261071e-59
Nol11,16.233103,1.2105,2.9420853500895573e-59,5.878582285574911e-59
Cdk6,16.231798,0.13283806,3.005264330082226e-59,6.003942982304521e-59
Stk35,16.217148,1.1184442,3.8149852781190865e-59,7.620497177662651e-59
Hmgxb4,16.208292,0.7398853,4.406421622555934e-59,8.800615698620185e-59
Nob1,16.208069,0.16585658,4.422515807901544e-59,8.831469578424887e-59
Ilf3,16.20771,0.2019755,4.448319389858984e-59,8.881700636052212e-59
Kbtbd4,16.202765,1.1188534,4.821044556484557e-59,9.624494059843258e-59
Pnpla2,16.200312,-0.041644536,5.01726062125443e-59,1.0014748065341457e-58
Lysmd4,16.19817,0.6069422,5.194985878009175e-59,1.036798480469578e-58
Slc9a6,16.195887,0.20289227,5.391504693024859e-59,1.0758620556999116e-58
Spryd4,16.192406,1.4706446,5.705335934317997e-59,1.1383202349255704e-58
Atp1b1,16.189745,0.56636745,5.957438031853398e-59,1.1884458801691497e-58
Epm2aip1,16.184294,1.9739084,6.509266380202246e-59,1.2983403989099432e-58
Dcp1b,16.182253,0.069464535,6.72866013116223e-59,1.341905021053573e-58
Slc35f2,16.180801,0.50925606,6.88921754854272e-59,1.3737248465488727e-58
Cyb5r1,16.168234,0.24861567,8.448680233893272e-59,1.6844394547090027e-58
Ptch1,16.138195,0.6922848,1.3750231871789055e-58,2.741026542955034e-58
Armh3,16.135757,0.46470076,1.4304292783116465e-58,2.851059667819817e-58
Ccnh,16.12974,1.2610888,1.5768286058444583e-58,3.1423974329529245e-58
Akr1b10,16.129578,0.5624972,1.5809727362411821e-58,3.1501970228905967e-58
Pex12,16.120792,0.68540454,1.8225497386984152e-58,3.6310267594261115e-58
Pacs2,16.119537,0.85115296,1.859980455728787e-58,3.705059392875624e-58
Fdxr,16.112257,0.3726634,2.092471381841267e-58,4.1675715331604035e-58
Polr3gl,16.103651,0.3190523,2.404880420629925e-58,4.789098551349094e-58
Ino80e,16.10076,0.05322533,2.5199549345719547e-58,5.0175282076691145e-58
Mmachc,16.097498,0.26779187,2.6563274599181824e-58,5.288292038780193e-58
Plch1,16.094942,0.85897523,2.7683097240786458e-58,5.510427289195848e-58
Slc25a40,16.09378,0.10800331,2.820723886923452e-58,5.613942534373193e-58
Nr2c1,16.092522,0.7081939,2.878668197002925e-58,5.7284324205493306e-58
Klhl7,16.091394,0.29285067,2.9315827793839678e-58,5.832881493972903e-58
St14,16.058601,0.23185945,4.976451570083892e-58,9.900054585524763e-58
Ints9,16.04432,0.46926844,6.26418089828474e-58,1.2460025277679101e-57
Maf,16.034174,1.685664,7.375834249231536e-58,1.4669071169028688e-57
Tonsl,16.033867,0.44325927,7.412434404411368e-58,1.4739717970092404e-57
Sfmbt1,16.03091,0.50899553,7.773609110104506e-58,1.5455670918970505e-57
Il4ra,16.026237,0.636982,8.380578886581257e-58,1.6660040161941954e-57
Nufip1,16.0194,0.676094,9.354800694768797e-58,1.859402609025629e-57
Cebpz,16.009342,0.931419,1.0996547933698438e-57,2.1854060891342266e-57
Steap3,16.006157,-0.13910584,1.1574010824334069e-57,2.299834321749032e-57
Spata5,16.004244,1.2052585,1.1935526255364435e-57,2.3713253166077095e-57
Map3k7,15.9961815,1.1589072,1.3585725325626446e-57,2.6987913106906106e-57
Sdr42e1,15.994331,1.3982103,1.3995338961730342e-57,2.7797568671265425e-57
Hsph1,15.993702,0.36935452,1.4137478090390198e-57,2.807580785449985e-57
Ppox,15.991504,1.5569319,1.4645263382359613e-57,2.9080002432665554e-57
Dusp1,15.98793,0.8526348,1.5509889690411563e-57,3.0792355040124584e-57
Acacb,15.977045,1.160546,1.8469533541561673e-57,3.6662922221056155e-57
Zfp507,15.972761,1.0825851,1.9783010682515827e-57,3.9264538618781415e-57
Hoxb5,15.965274,1.8167642,2.2306162266198512e-57,4.4265965605901126e-57
Rsad2,15.964131,0.99615824,2.2718145984419004e-57,4.50769945352481e-57
Nudt12,15.953654,1.0077077,2.687030649435098e-57,5.330791256495715e-57
Ophn1,15.952889,0.43280968,2.7201645513023223e-57,5.395742709466095e-57
Champ1,15.950126,0.23710237,2.843221190129983e-57,5.639020997103339e-57
Mtg2,15.942473,0.5956139,3.213757705172613e-57,6.372989648816051e-57
Elp2,15.941089,0.3934232,3.285790783082424e-57,6.514888931224033e-57
Dis3l2,15.939117,0.8241596,3.3911055293754376e-57,6.722726603973486e-57
Galk1,15.935851,0.26751143,3.573018006676358e-57,7.082333851471112e-57
E2f6,15.931713,0.6457117,3.817554327507892e-57,7.565950062126148e-57
Msto1,15.929607,0.9697355,3.948260600559089e-57,7.823860848086586e-57
Bcl11b,15.926971,1.7750033,4.118282086373968e-57,8.159592513932775e-57
Yod1,15.914699,1.7008406,5.0107617147755215e-57,9.926432920404933e-57
Saysd1,15.90924,1.0745022,5.467352675821107e-57,1.082938120536698e-56
Zfyve9,15.905733,2.2886658,5.782272216537006e-57,1.1451494940064239e-56
Ppp1r1b,15.904924,0.104939595,5.857371760354432e-57,1.1598546021263661e-56
Bckdha,15.902174,0.630225,6.120378552425376e-57,1.2117587477112643e-56
Ggcx,15.892149,0.9255757,7.182221248731786e-57,1.4217845335322403e-56
Tcp11l2,15.891472,0.5193968,7.260220832056309e-57,1.4370172221503839e-56
Mtrf1l,15.887212,0.7621005,7.770743342490968e-57,1.537842477692677e-56
Ptbp2,15.882721,1.9106284,8.347737341519264e-57,1.6517914649873525e-56
Anxa3,15.87226,0.24086517,9.862431877102509e-57,1.9512262141113543e-56
Myzap,15.86766,2.0315883,1.0612552475193142e-56,2.0993295978340257e-56
Ranbp6,15.864632,0.8788625,1.1136887267932085e-56,2.20273262060994e-56
Maff,15.8608055,1.6514617,1.1836593019946911e-56,2.3407868336626755e-56
Fhl1,15.853818,0.4216881,1.3229275614758056e-56,2.615445193462721e-56
Zbtb17,15.852595,0.9394196,1.3489295387902954e-56,2.6664659501239217e-56
Zfp407,15.852586,1.0850589,1.3491342704233157e-56,2.666485207116468e-56
Mapk8,15.840478,0.86343765,1.6357308278076228e-56,3.2324594032180983e-56
Pstk,15.8384495,0.9911637,1.6893612669792743e-56,3.337959157049787e-56
Psen2,15.835374,0.866692,1.7740156213751218e-56,3.5047188128149076e-56
Smug1,15.834385,1.5411342,1.802137628613126e-56,3.559761963207352e-56
Thap3,15.834067,0.41033491,1.811243841717316e-56,3.5772327463148897e-56
Xpot,15.825862,0.8716802,2.063533883554868e-56,4.074920701460336e-56
Klhl5,15.816145,0.99110055,2.4079111481820123e-56,4.754286016660268e-56
Cytip,15.806337,0.82875544,2.813538055394766e-56,5.554371720445131e-56
Lztfl1,15.76984,0.23680355,5.017673836604824e-56,9.904256598667865e-56
Rint1,15.7675495,1.409719,5.203002128830711e-56,1.0268589134328183e-55
Rhbdf2,15.765773,0.91338634,5.351353008793909e-56,1.0559848830484374e-55
Eif4g2,15.763024,0.35991,5.589295951376356e-56,1.1027791391584427e-55
Gmpr,15.759437,0.25546268,5.915802990562069e-56,1.1670312448923295e-55
Trmt112,15.759198,1.2540601,5.938158935679237e-56,1.171272514718211e-55
Urb2,15.755126,1.1928107,6.333255689300685e-56,1.249023241291994e-55
Foxa2,15.748518,1.436285,7.0309520826491e-56,1.3864206161532293e-55
Sh3rf1,15.743276,0.67658,7.638460705563616e-56,1.5059969744605311e-55
Arl13b,15.74217,0.30969468,7.773180651661161e-56,1.532337399617506e-55
Insl6,15.742113,0.37749138,7.780212937943006e-56,1.5335026221731133e-55
Sms,15.740993,0.48283944,7.919212786658396e-56,1.5606749511104418e-55
Angel2,15.740046,1.5106102,8.038548418741968e-56,1.5839646920215622e-55
Pakap-1,15.735609,0.60392666,8.622271738330837e-56,1.6987403259137615e-55
Scrn3,15.735512,0.8325383,8.635596238566721e-56,1.7011204056813588e-55
Vstm5,15.733388,1.0894151,8.93028011656601e-56,1.7589166152101425e-55
Epb41l5,15.730417,0.12862115,9.359243906923761e-56,1.8431402711287794e-55
Mtmr14,15.729871,1.5206981,9.440286153873535e-56,1.8588324428253505e-55
Kyat1,15.720198,-0.08705703,1.099806771370816e-55,2.165254477180522e-55
Pmaip1,15.710328,0.59393835,1.2851276170384989e-55,2.5297423582843637e-55
Dhfr,15.702187,0.32763842,1.4611709053290326e-55,2.8758653037384167e-55
Terf1,15.702163,0.75362676,1.4617201648013019e-55,2.876532343309513e-55
Hr,15.695865,1.4751893,1.6142802452073307e-55,3.176299619166942e-55
Fkrp,15.685623,1.6175613,1.8969179696425456e-55,3.731887963582478e-55
Clec2h,15.683962,0.21815225,1.9472093423184553e-55,3.830277295196329e-55
Rbsn,15.679513,1.3184621,2.0884812529783715e-55,4.107576748810475e-55
Polr1a,15.674145,0.34340325,2.2726332740858923e-55,4.469119934300342e-55
Rap2b,15.671678,1.8914697,2.3626077575702686e-55,4.645386209169435e-55
Ddit3,15.662929,1.6454192,2.71120401950776e-55,5.3300337790064146e-55
Tnfrsf10b,15.659851,0.4709515,2.845639555121777e-55,5.5935203271942364e-55
Csnk1e,15.65294,0.899587,3.172204295463939e-55,6.234534886529083e-55
Cct5,15.650673,1.3075776,3.287260982274029e-55,6.4597347223160435e-55
mt-Nd6,15.647311,-0.16416265,3.465542168395867e-55,6.809093269082397e-55
Slco2b1,15.642512,0.33504003,3.736878261437228e-55,7.341159348535281e-55
Borcs5,15.637244,0.7922471,4.059187244734045e-55,7.973195284650684e-55
Pwwp2b,15.629837,0.46971455,4.559658566048729e-55,8.954952016475136e-55
Ctdp1,15.622202,1.2688322,5.1399732426103904e-55,1.0093212822041512e-54
Rrm1,15.618821,0.11012075,5.419838614254454e-55,1.0641248104799662e-54
Donson,15.611762,0.67717135,6.054121912168186e-55,1.1884886182730398e-54
Nadk,15.611727,0.34029308,6.057516372642463e-55,1.1889843030843358e-54
Arl16,15.611641,0.7916984,6.06567081345709e-55,1.1904140122563966e-54
Ppp1r12c,15.601895,1.8533674,7.066459652142968e-55,1.3866241317700544e-54
Arhgef10l,15.596286,1.4418277,7.715391076030377e-55,1.513744231918442e-54
Nyap1,15.589568,1.7493494,8.571098730351985e-55,1.6813911223291264e-54
Eps15l1,15.581964,1.3052129,9.654314732431269e-55,1.8936137975616407e-54
Spns1,15.570819,1.3747518,1.1492683663879501e-54,2.2538713481077325e-54
Dpy19l4,15.570077,1.16031,1.1626671944503384e-54,2.2798213197746453e-54
Ctu2,15.56757,1.1489596,1.2091543245566654e-54,2.3706358979659356e-54
Tmtc3,15.562391,0.97204006,1.3110713181167383e-54,2.5700831816580272e-54
Mt2,15.558783,0.5422612,1.3871298224762813e-54,2.718790357225619e-54
Pcid2,15.552844,0.80305856,1.521947961261226e-54,2.9826079636353205e-54
Pitpnm3,15.550663,1.4081289,1.5746814343427405e-54,3.0855091867942363e-54
Surf2,15.550324,0.5593472,1.5830267440973952e-54,3.1014170093885215e-54
Iyd,15.549711,0.85674685,1.5982427347013795e-54,3.130779171614577e-54
Jag1,15.544248,1.0803677,1.74054985910136e-54,3.409054615183486e-54
Vldlr,15.540112,0.70859694,1.8566039631681005e-54,3.635838349752796e-54
Gphn,15.527486,0.6328023,2.260696333629643e-54,4.42654959369779e-54
Iqcc,15.526931,1.3963984,2.280359237347999e-54,4.464411248494472e-54
Mphosph10,15.523481,0.8949978,2.4063426278284193e-54,4.7103829710211326e-54
Ftsj1,15.515068,0.3953272,2.743424443928329e-54,5.369447441064821e-54
Hspbp1,15.500798,1.2626771,3.4260905775229585e-54,6.704606274703271e-54
Abt1,15.495332,0.84638715,3.730294157320896e-54,7.298865732059417e-54
Kctd20,15.482311,0.92611563,4.567656026131187e-54,8.93600803395479e-54
Cyp4b1,15.48089,-0.20117381,4.6696666102674244e-54,9.134271333916038e-54
Sesn2,15.4754305,0.67656916,5.083171707275648e-54,9.941700957808136e-54
Prpf31,15.467972,0.830619,5.707729504369104e-54,1.1161618900650292e-53
Vasp,15.463389,0.38326833,6.12866644261311e-54,1.1983058850834185e-53
Mroh3,15.46021,2.151427,6.43886285643557e-54,1.258776977294588e-53
Tigar,15.459785,1.2781963,6.481418724541948e-54,1.266915395341783e-53
Crem,15.458734,1.0260357,6.588062567970821e-54,1.2875768989138342e-53
Slc12a9,15.45179,1.2413584,7.337746005443595e-54,1.4338907777142205e-53
Evi5,15.438559,0.19431177,9.00907507187119e-54,1.7602386284874772e-53
Ppib,15.434955,-0.047063358,9.526767986434796e-54,1.8611221744927976e-53
Med7,15.434132,0.27284756,9.648983089934515e-54,1.8847285209949222e-53
Zfp707,15.428835,0.75146556,1.047440363399937e-53,2.0456650913302112e-53
L3mbtl3,15.407499,1.1426166,1.4574448553733067e-53,2.8460029126417204e-53
Dnajc1,15.403639,1.164439,1.54711517371161e-53,3.020673900700495e-53
Srd5a2,15.384823,1.3932383,2.0694152146526502e-53,4.0398648194682354e-53
Noc4l,15.382529,0.5778021,2.1440439191088565e-53,4.184955836970256e-53
Cep89,15.382277,1.3154415,2.1524292313525433e-53,4.200723524867422e-53
Tirap,15.38145,1.1202831,2.1801083725571346e-53,4.254135558607138e-53
Usp28,15.378863,1.5078411,2.2689630454837823e-53,4.426889662860711e-53
Mrgbp,15.376072,1.1642294,2.368910597501686e-53,4.621234296838167e-53
N4bp2,15.370577,1.074029,2.578634486296066e-53,5.029642932548667e-53
Rbm12b2,15.364557,1.6760857,2.829646624987864e-53,5.5184565882357445e-53
Hoxa13,15.360359,0.04323844,3.0189697870495405e-53,5.886840416070508e-53
Kat2b,15.358188,2.4900584,3.121808084394234e-53,6.086502075005867e-53
Spg20,15.349062,0.5987206,3.593452212534121e-53,7.005054740756109e-53
Pikfyve,15.346659,0.9131822,3.729034531357794e-53,7.268322009167309e-53
Esf1,15.344707,1.1805766,3.8429368487899664e-53,7.489263418441327e-53
Sesn3,15.338329,0.64668125,4.23965384468644e-53,8.261223471941731e-53
Fam57a,15.335083,-0.1511163,4.457055078050976e-53,8.683605669233096e-53
Sh2b3,15.327824,0.71749157,4.984081994986208e-53,9.70902012556074e-53
Zfp282,15.325662,0.5946614,5.152741041208013e-53,1.0036139259153906e-52
Ppil3,15.323756,1.0645409,5.306018856415846e-53,1.0333211031257006e-52
H3f3a,15.323401,-0.110986136,5.335100850638007e-53,1.0388367383237185e-52
Zkscan3,15.31982,2.0266953,5.637274875654034e-53,1.0975189909534297e-52
Mptx1,15.303803,0.09490578,7.211635023458983e-53,1.4038307323245779e-52
Xrcc1,15.300926,0.96169126,7.537669161182672e-53,1.4670883259204814e-52
Ppat,15.2953615,1.196796,8.210333203068994e-53,1.5977843539486053e-52
Snx18,15.295233,0.9229047,8.226583828031095e-53,1.6007190359750317e-52
Plk3,15.282179,0.37979785,1.0052299129170415e-52,1.9556863080296685e-52
Tigd2,15.280446,1.2380742,1.0323243499027528e-52,2.008113155749665e-52
Zfp451,15.274727,1.3457661,1.1269973645101959e-52,2.1919625884905317e-52
Itfg2,15.274531,0.22927152,1.1303818433017638e-52,2.1982326090943716e-52
Atp1a1,15.272319,0.5811015,1.1693968933292136e-52,2.2737811056842024e-52
Muc4,15.267897,-0.34311107,1.2514492339361738e-52,2.432978145305257e-52
Eefsec,15.263045,-0.08367296,1.3480705397501407e-52,2.6204498409499894e-52
Selenom,15.262862,-0.39468777,1.3518688366452535e-52,2.6274596846395453e-52
Zswim5,15.258068,0.77218014,1.4549317858941636e-52,2.827368505343568e-52
Rexo1,15.239623,-0.21354893,1.929794886369473e-52,3.749636980832984e-52
Bcas3,15.236095,1.0406727,2.036852023342703e-52,3.957089276773898e-52
Scmh1,15.235318,0.07012983,2.0612170429531844e-52,4.003855548634204e-52
Clca4a,15.222383,0.68819577,2.5121176075767704e-52,4.879024042552526e-52
Tox,15.219408,-0.12878415,2.6290012015428798e-52,5.105309774367918e-52
Nat10,15.218432,1.0674522,2.6684727710138853e-52,5.181224640581411e-52
Fabp6,15.216483,1.0218173,2.7491948667765175e-52,5.337200426344247e-52
Pigh,15.203331,0.4975001,3.360894872440538e-52,6.5238094223739324e-52
Eif2ak4,15.201691,0.6425441,3.446118115097136e-52,6.688286293493236e-52
Zfp830,15.201068,1.1465484,3.4790084766163734e-52,6.751162326909167e-52
Tmem106c,15.192886,-0.3907716,3.941718508233148e-52,7.647985329183925e-52
Ppan,15.188798,0.86623794,4.1954062215975594e-52,8.13905235924906e-52
Krt8,15.180481,0.41635913,4.762779034858657e-52,9.238440184637183e-52
Fntb,15.179527,0.53022915,4.832523342892335e-52,9.372394938881391e-52
Timm21,15.1724615,1.052085,5.382015508671746e-52,1.0436622529932803e-51
Stag1,15.172449,1.2015917,5.382993123915757e-52,1.0437038277264708e-51
Ppp1r14b,15.169589,0.49716926,5.622808481659845e-52,1.0900468668372324e-51
Atp13a2,15.161099,1.0328171,6.398904796060661e-52,1.2403263371527928e-51
Nsmaf,15.152992,1.7959167,7.239455743530754e-52,1.4030549502945447e-51
Guca2b,15.152844,-0.32298046,7.255757893177804e-52,1.406015150761038e-51
Shpk,15.149528,1.2504488,7.631268746761062e-52,1.478571834966811e-51
Ldlrad3,15.143404,0.9898411,8.37638349465159e-52,1.6227092263686144e-51
Hist1h2ap,15.140185,0.074132375,8.796532844663817e-52,1.703861000719231e-51
Edrf1,15.134314,0.94830024,9.617861341259359e-52,1.862685934594558e-51
Mmp14,15.132159,0.5216049,9.938103094317179e-52,1.924434435213642e-51
Tamm41,15.131268,0.3147098,1.0073677106052254e-51,1.9504110778035476e-51
Myc,15.124125,0.14593582,1.1228320073406692e-51,2.173659074233246e-51
Ncapd3,15.1177025,1.4775096,1.2378621344735781e-51,2.396003494540153e-51
Smpd4,15.117474,0.76938385,1.2421708906059438e-51,2.4040032449810756e-51
Pfas,15.111516,0.8693335,1.3597414609317926e-51,2.6311680314478937e-51
Tlr5,15.108184,1.154381,1.4302798162881164e-51,2.7672717158658733e-51
Trmt11,15.102274,0.8056847,1.564436701498556e-51,3.0264071145837813e-51
Klhl11,15.099387,1.1550322,1.6344564602495657e-51,3.161413308898559e-51
Rgl2,15.099332,1.2822976,1.635816075171591e-51,3.1635956481362615e-51
Csf2ra,15.097518,2.0054283,1.6814422517734995e-51,3.2513748293272915e-51
Orc5,15.0949335,0.39407274,1.748630269531174e-51,3.380817041685113e-51
Ddx27,15.08429,1.2865756,2.0547389847024375e-51,3.972088721487961e-51
Tsr3,15.078497,0.8373475,2.2431809449019376e-51,4.3357596355525086e-51
Ercc6l2,15.075653,0.7974021,2.3418971154431247e-51,4.525924682544478e-51
Fbxl12,15.062698,1.6956747,2.849155959731659e-51,5.505469513823716e-51
Det1,15.059673,0.7266934,2.982568642054322e-51,5.762450717729987e-51
Pwp1,15.0424595,0.77129215,3.8690608849389845e-51,7.474135838612886e-51
Pgm2l1,15.037589,0.69491446,4.164444588237142e-51,8.043612958212277e-51
Itpka,15.025011,1.2729589,5.0352809448435966e-51,9.724257438318906e-51
Flot2,15.023269,1.0443168,5.169448596169092e-51,9.981955599069802e-51
Trim59,15.019714,1.1368744,5.454240067135912e-51,1.053038725371786e-50
Erich1,15.012863,1.0258088,6.048001460774808e-51,1.1675101634118506e-50
Zfp787,15.011542,0.6484671,6.169646605631972e-51,1.1908245212705323e-50
Nup35,15.0109005,1.3599758,6.229588076931259e-51,1.202224343099562e-50
Nop56,15.007664,0.6604342,6.541159706868201e-51,1.262175236227214e-50
Slx4ip,15.006879,1.2593777,6.618949145613095e-51,1.2770052139709235e-50
Dut,15.006435,0.77852714,6.663334201868901e-51,1.2853871520744424e-50
Ercc1,15.003801,0.17976348,6.933196303899633e-51,1.3372561277267625e-50
Sp4,15.002531,1.1026161,7.067228050165859e-51,1.3629155772954184e-50
Gnl3,14.996483,0.6344971,7.741419205748513e-51,1.4927228939454444e-50
Kazn,14.995729,0.14656153,7.829758471490893e-51,1.5095438756187504e-50
Mki67,14.988747,-0.118887596,8.697856041001366e-51,1.67667298224829e-50
Ddx55,14.98125,1.5947129,9.736886064754946e-51,1.876700732001746e-50
Ankrd49,14.97928,0.5736434,1.0029688432057906e-50,1.9328634344474617e-50
Svbp,14.9746895,2.2777412,1.0746919224704533e-50,2.0707921713094898e-50
Tha1,14.955499,1.0602788,1.4340367113890215e-50,2.7628137543314836e-50
Luc7l,14.954443,1.1168897,1.4569670591463664e-50,2.8065959337690604e-50
Rcc1l,14.951608,1.227464,1.5203321580289112e-50,2.9282453888796285e-50
Cwc25,14.949735,1.1677189,1.5637191023824114e-50,3.011386949032457e-50
Uspl1,14.937333,0.5881657,1.8836406996792732e-50,3.6269764246851675e-50
Ndufb5,14.936894,-0.13030298,1.8960780761666411e-50,3.6504107689115613e-50
Lsr,14.935967,-0.048994165,1.9226420953062476e-50,3.701031905027159e-50
Wdr4,14.928525,1.5064615,2.149701438472361e-50,4.1375323252793155e-50
Pim3,14.912135,0.98086035,2.7482202153421843e-50,5.288757591444465e-50
Pip5k1a,14.912116,1.2667537,2.749005389200413e-50,5.28952422925505e-50
Harbi1,14.911265,0.6092693,2.784272063774122e-50,5.35662921667292e-50
Nip7,14.907692,1.0885019,2.9373356682843176e-50,5.650311613980594e-50
BC017158,14.904268,0.86082625,3.091814989409079e-50,5.946634315073018e-50
Enc1,14.901205,0.32404175,3.2368935701274886e-50,6.224795327168247e-50
Gnpda1,14.899641,1.2512127,3.3135500831943076e-50,6.371315718178032e-50
Tbccd1,14.898039,0.61557734,3.393950404581117e-50,6.52499251829703e-50
Nfrkb,14.889259,0.9340592,3.8703487672905356e-50,7.439839667233353e-50
Szt2,14.885974,1.2541094,4.0652275539918646e-50,7.813350217967498e-50
Gatb,14.88368,0.7331425,4.207035448270297e-50,8.084768093745968e-50
Arl3,14.882315,0.30656642,4.293830169973966e-50,8.250404324068286e-50
Zfp523,14.875623,0.43839175,4.745467045253742e-50,9.116923552099595e-50
Micall1,14.858008,1.0788869,6.173337899432141e-50,1.1858462673793304e-49
Nprl3,14.853596,1.0835506,6.593519362077877e-50,1.266381703320435e-49
Hace1,14.845807,0.7066998,7.405777064051773e-50,1.4221879139293355e-49
Ccdc181,14.82711,0.45742074,9.785557891568212e-50,1.8789315384329586e-49
Dhx33,14.821568,0.435652,1.0627486076433979e-49,2.040304255162637e-49
Twnk,14.821189,0.88245314,1.0687629542329657e-49,2.0515628016754362e-49
Sun2,14.816878,0.8863769,1.1395825080285552e-49,2.187198708391648e-49
Yeats2,14.815462,1.0517403,1.1638542072045844e-49,2.2334698685830328e-49
Tlr4,14.815436,1.5113391,1.1643085028600185e-49,2.2340281712657153e-49
Cbll1,14.8132715,1.1379331,1.2024236997962843e-49,2.306838397126008e-49
Gmfg,14.809364,0.5221532,1.2743956955269115e-49,2.444573030765958e-49
Echdc2,14.806096,0.7016164,1.3378819224784374e-49,2.5659937292977042e-49
Rdh1,14.805598,0.99661463,1.3478327151507452e-49,2.5847163623175492e-49
Tti2,14.8014,1.5175198,1.434656162590558e-49,2.750830485617762e-49
Nkap,14.801133,0.88615286,1.4403627764869128e-49,2.7613852472253652e-49
Smg8,14.795214,0.9876794,1.572844515595493e-49,3.0149493623168443e-49
Rnpc3,14.792694,1.7344764,1.6328588791242304e-49,3.129550829996335e-49
Paics,14.790181,1.1894168,1.6949723613201759e-49,3.2481428028382015e-49
Cfap36,14.787568,0.4396935,1.7620563463239694e-49,3.376225379848715e-49
Pdcd11,14.783072,0.86864066,1.8837390974090005e-49,3.608872535313545e-49
Ttll5,14.775635,0.87941206,2.103670419403158e-49,4.0290886534087094e-49
Wdr3,14.774721,0.65228075,2.132372508328509e-49,4.083488874302249e-49
Gcnt2,14.77017,0.6544792,2.28135238462484e-49,4.368173321162795e-49
F8a,14.751135,1.2917405,3.0253417171304107e-49,5.791900879428583e-49
Zfp512b,14.74133,-0.21093515,3.4982770199894574e-49,6.6963799339803795e-49
Cracr2a,14.7411175,1.5185107,3.509285502258171e-49,6.716512140431139e-49
Cep57,14.739611,0.41479897,3.588456293756166e-49,6.867078060049759e-49
Gga3,14.7377205,0.6391206,3.690315209705879e-49,7.061013081394696e-49
Eif4e3,14.723861,1.3889846,4.5304191267222396e-49,8.667247000269534e-49
Zbtb2,14.723324,1.1152012,4.56650444418045e-49,8.735060606262085e-49
Hoxb7,14.716871,0.7140326,5.023742344403222e-49,9.60834637198798e-49
Ncald,14.715047,1.0810554,5.161026004234349e-49,9.869533017466749e-49
Sass6,14.713211,0.7923279,5.302977843190969e-49,1.0139572428081166e-48
Unc13b,14.710833,0.6150037,5.492760069966062e-49,1.0500977765522982e-48
Mis18a,14.707705,0.6488432,5.7525760353833855e-49,1.09961528213402e-48
Fbxw17,14.692025,1.8853881,7.25132541488395e-49,1.385910203333865e-48
Ranbp10,14.690734,0.60312384,7.390932454162368e-49,1.4123952111608492e-48
Ern2,14.68572,0.7643144,7.958414276575175e-49,1.5206275706604097e-48
Polr3b,14.685372,1.4367939,7.999384384506461e-49,1.5282422668081288e-48
Zfp617,14.68367,1.1284959,8.202789023985699e-49,1.566882803506138e-48
Zdhhc1,14.677935,0.1946516,8.926872639950278e-49,1.7049578680351964e-48
Slc6a9,14.674406,1.1882962,9.403526483700533e-49,1.795743955657098e-48
Ptprs,14.67114,0.42894754,9.86729874419673e-49,1.884045103698552e-48
Pik3cb,14.666837,0.88101655,1.0513257043917965e-48,2.0071030305120503e-48
Hopx,14.660761,-0.10501833,1.1497777818038168e-48,2.194753094104857e-48
Inpp4a,14.658,1.2723559,1.1974851271191609e-48,2.2855002251716016e-48
Nup155,14.655781,0.50151664,1.2372653447510964e-48,2.3610945561640026e-48
St3gal6,14.647043,0.22313046,1.407063207060126e-48,2.6847480614688466e-48
Pla2g12a,14.646803,0.83599955,1.4120571486300033e-48,2.6939008799547006e-48
Cldn15,14.642796,-0.39977673,1.4978126522545914e-48,2.85710531728017e-48
Rab15,14.637822,0.12529123,1.6114694544202194e-48,3.0734790500971405e-48
Bud13,14.6377125,1.1923292,1.6140702125737886e-48,3.07801006232695e-48
Mcoln2,14.63501,0.17891455,1.679522412490061e-48,3.2023799485222515e-48
Lrrc8d,14.630697,0.52251184,1.7894454611102155e-48,3.4114968187205067e-48
Mcat,14.623255,0.90966034,1.996254221225492e-48,3.8052378694255093e-48
Zfp120,14.612308,1.0166638,2.344412084902979e-48,4.468269722794179e-48
Zc2hc1a,14.611013,0.5657682,2.3893867778414415e-48,4.5533534262795034e-48
Lrrc8b,14.607914,0.6620452,2.5005807907329234e-48,4.764587197056253e-48
Tubgcp6,14.605218,0.36755493,2.6015002450907156e-48,4.9561877753713474e-48
Slc27a1,14.602705,0.4342867,2.6991945116488984e-48,5.141591439866094e-48
Napepld,14.593911,0.4618049,3.070780521005302e-48,5.848596605118037e-48
Tyk2,14.59363,1.1757617,3.08347167571561e-48,5.871950308510092e-48
Sirt5,14.585054,1.3173937,3.4964262560092836e-48,6.657425376068915e-48
Gng10,14.582193,0.5851355,3.646089119756895e-48,6.941426801152101e-48
Stk11ip,14.566353,0.9655762,4.597924538200778e-48,8.752313204328457e-48
Rnf125,14.556307,0.98366773,5.325833180961866e-48,1.0136502261608005e-47
Ect2,14.555916,0.3685282,5.356370871189303e-48,1.019320507424349e-47
Trmt10b,14.555094,0.9601417,5.421181872697711e-48,1.0315105344252288e-47
Ckap4,14.54572,0.7767629,6.217334460908373e-48,1.182833176863133e-47
Utp15,14.540837,0.73811084,6.677061425879249e-48,1.270118444830974e-47
Slc46a1,14.538461,0.2563007,6.912955638292488e-48,1.3148076266154352e-47
Bicd2,14.537581,0.8222607,7.002350119008386e-48,1.331624779271863e-47
Slc6a4,14.534444,0.3194633,7.33063794617211e-48,1.3938608719953224e-47
Zfp618,14.531881,0.8661873,7.610139833031133e-48,1.4468047020255908e-47
Ndor1,14.525793,1.2929627,8.317451676538389e-48,1.581055764201591e-47
Cdhr5,14.518974,0.4823844,9.187415962072055e-48,1.746183645327802e-47
Pola2,14.502268,0.9215765,1.1721174092839073e-47,2.227446577537164e-47
Sycn,14.499548,-0.05322198,1.219499941866758e-47,2.31716850146282e-47
Macrod1,14.497684,0.590824,1.253070493917833e-47,2.3806250353329213e-47
Trmt6,14.488663,1.305416,1.42896836013811e-47,2.714424548532942e-47
Twf2,14.481056,0.9161826,1.5962554344654217e-47,3.031776814765923e-47
Zfp955b,14.480312,1.1927139,1.613622890503543e-47,3.0643373180997013e-47
Mettl6,14.472174,1.3105413,1.8164000965081222e-47,3.448940755310827e-47
Fam126a,14.469923,0.8554662,1.8768156587610772e-47,3.5631617567066127e-47
Znrd2,14.459829,1.1549548,2.1733486632831523e-47,4.125561211881886e-47
Srrd,14.457658,1.1332384,2.2430099666805075e-47,4.2572048985920804e-47
Mphosph8,14.451493,1.1704717,2.453096056862027e-47,4.6552995528154615e-47
Baiap2,14.451412,1.0080869,2.4559847868328506e-47,4.660134863318889e-47
Asns,14.436995,0.48901653,3.0276059566108266e-47,5.7439666282815e-47
Zswim3,14.434221,0.6072493,3.151835926657029e-47,5.978825953257717e-47
Gstcd,14.429199,0.60650426,3.3899634431616967e-47,6.429646336371179e-47
Zfp182,14.422061,1.4659011,3.759445458282706e-47,7.129443439469699e-47
Kdm4b,14.416664,1.1085675,4.0652135360312078e-47,7.708235594180084e-47
Ccdc115,14.400778,0.5024585,5.116453508397002e-47,9.700194333471371e-47
Cdt1,14.394477,0.45128247,5.604725384329258e-47,1.0624427450887525e-46
Primpol,14.3823595,0.6122197,6.677844464802719e-47,1.265689855248471e-46
Nabp1,14.3781595,0.864779,7.095695480113051e-47,1.34470115979138e-46
Apobec3,14.373153,0.8471679,7.627812231524422e-47,1.4453420017472146e-46
Tob2,14.371272,1.4683651,7.837842109705631e-47,1.4849333728210653e-46
Xpo4,14.370719,0.97005635,7.900687856619666e-47,1.4966325867748155e-46
Bcl2l12,14.370228,0.73323244,7.956910756663855e-47,1.5070741633985901e-46
Slc25a38,14.357079,1.1980153,9.619816643553505e-47,1.8217835839993655e-46
Nop16,14.349805,0.95022964,1.0683756199043916e-46,2.0229903907771468e-46
Bdp1,14.3435755,1.7794441,1.1687531676534644e-46,2.212750874658885e-46
Tmigd1,14.340875,0.09926003,1.215143391565319e-46,2.3002610575381693e-46
Alkbh3,14.338805,0.9929041,1.2519190222214201e-46,2.369549152785871e-46
Rbpj,14.337344,1.1673994,1.2785560631375442e-46,2.419631077138931e-46
Mob3c,14.336996,2.289318,1.2849830027887443e-46,2.431457390775713e-46
Thoc3,14.336076,0.6264355,1.3021300626500817e-46,2.46356234182898e-46
Vav3,14.335731,0.18220694,1.3086299881899126e-46,2.4755173728727423e-46
Ccdc122,14.328838,1.0996152,1.445179906661426e-46,2.733448855269018e-46
Zbtb42,14.319753,0.82940924,1.647073068060902e-46,3.1148837236527224e-46
Poglut1,14.319214,0.99872994,1.6598909745104534e-46,3.1386904143294317e-46
Zfp758,14.311789,1.0978105,1.8470157536752477e-46,3.4920420892449903e-46
Cracr2b,14.302765,1.7331535,2.1028472540310742e-46,3.975177799125648e-46
Car8,14.301898,-0.075645454,2.129235817009135e-46,4.024505846247398e-46
Dennd1a,14.284433,0.9947495,2.7362748703993727e-46,5.1711662317179966e-46
Noa1,14.283305,0.7910024,2.780920630839656e-46,5.25481409793178e-46
Dmac1,14.276621,0.76743454,3.06087288612909e-46,5.7830114282695916e-46
Trim68,14.276483,1.1718293,3.066950370667648e-46,5.793693371858003e-46
Sfxn5,14.273925,0.20070438,3.181574934239629e-46,6.009397406868361e-46
Slc2a9,14.273736,0.63694805,3.1901807834131725e-46,6.024820081918952e-46
Ublcp1,14.27212,1.2801998,3.264997576177245e-46,6.165263995336071e-46
Tspan33,14.271145,0.30862632,3.310972136299778e-46,6.251214132804013e-46
Bicra,14.268761,0.8682732,3.426110623954794e-46,6.46770607158777e-46
H6pd,14.252898,0.81757,4.300541616725666e-46,8.11730940078999e-46
Cactin,14.245022,0.8398477,4.813959085501877e-46,9.08513531524126e-46
Dhx30,14.234885,0.86313397,5.565389216817273e-46,1.0501821103901782e-45
Zbtb7c,14.229186,0.5674139,6.038075919116542e-46,1.1392203117262516e-45
Gba2,14.218865,0.82253826,6.997798314033017e-46,1.3201116284232517e-45
Gfpt1,14.216508,0.19650237,7.237535580318172e-46,1.3651489525634622e-45
Bahcc1,14.212801,0.8255369,7.631104787196586e-46,1.4391857394140576e-45
Braf,14.211046,0.8832228,7.824740807433677e-46,1.4755009727200155e-45
Ppwd1,14.20973,1.4736412,7.973169466648615e-46,1.503282675533156e-45
Ppm1d,14.197193,1.0783008,9.535534844572573e-46,1.7976073752347662e-45
Osbpl6,14.189059,0.7578017,1.0708509533066348e-45,2.0184544157778403e-45
Slc16a1,14.187698,0.34156016,1.0918375305186445e-45,2.0577285322274617e-45
Ampd2,14.181641,0.71781874,1.1903044433874924e-45,2.242994799961962e-45
Dpp7,14.1722145,0.790622,1.3613806791399567e-45,2.565015264155264e-45
Ankzf1,14.16622,0.7250853,1.4827088166179917e-45,2.7932281398610055e-45
Polr3e,14.16083,0.27311683,1.6009376262951736e-45,3.0155402258383606e-45
Fnbp1,14.157063,0.7106707,1.689079730870512e-45,3.181127299222456e-45
Nup188,14.154864,1.5726887,1.742728534011082e-45,3.2817147759021684e-45
Tab3,14.152154,0.21112005,1.8112277618188503e-45,3.410235390730108e-45
Acyp1,14.149046,1.1718086,1.8930919258763464e-45,3.5638810691573567e-45
Hoxa5,14.138535,2.4159129,2.1981329303007655e-45,4.137572996815274e-45
Zswim4,14.136762,1.2287848,2.2542280416636793e-45,4.242577548823399e-45
Mga,14.131688,1.3759989,2.4226587064866217e-45,4.558945618715364e-45
Utp4,14.129695,0.56165844,2.4922030213646054e-45,4.689168453104153e-45
Trpv6,14.129388,1.4102844,2.5031096299227604e-45,4.709041709890459e-45
Tbc1d17,14.128444,1.3702266,2.536887945980926e-45,4.771931590273612e-45
Unk,14.126835,0.2529709,2.5955133181858953e-45,4.881535500782853e-45
Igsf9b,14.119752,0.9220452,2.869996427289646e-45,5.3970298601740795e-45
Tle1,14.119044,1.2225767,2.898975226945611e-45,5.4507749523554564e-45
Tbc1d30,14.101632,0.71398586,3.710884588705796e-45,6.976401807884487e-45
Pelo,14.078922,0.96974456,5.118415994370721e-45,9.621214944744964e-45
Adck1,14.077097,1.1217561,5.25237855132746e-45,9.871670792936094e-45
Zbtb40,14.07554,1.3353987,5.369329869993047e-45,1.0090090143212163e-44
Lrp4,14.074651,1.301476,5.437292604094689e-45,1.0216402357927299e-44
Ing2,14.062759,1.0017017,6.432793037532997e-45,1.208523764092097e-44
Als2cl,14.057927,2.9756148,6.887385179738616e-45,1.2937498946830436e-44
Zbtb45,14.057684,1.2457722,6.91108690523092e-45,1.2980238075680927e-44
Gk5,14.057467,0.5648195,6.932301054756511e-45,1.3018294002169087e-44
Ints4,14.057115,0.51071,6.966941656201224e-45,1.3081549793842064e-44
Ptma,14.0563545,0.5146611,7.042192999484109e-45,1.3221030926406533e-44
Gng5,14.052699,0.9289249,7.415259640942302e-45,1.391951621000494e-44
Apex1,14.038537,0.35729834,9.05633390606755e-45,1.699771701420172e-44
Ttll6,14.032765,1.4177445,9.824485342676426e-45,1.8436920140126272e-44
Proser2,14.023187,0.37011263,1.124498121106172e-44,2.109976921806655e-44
Scarb1,14.013506,0.43702012,1.2888281775771734e-44,2.417989481186424e-44
Eef2kmt,14.011581,1.233197,1.3242244603192288e-44,2.484056172135179e-44
Peak1,14.011293,0.9891824,1.3296144497663184e-44,2.493824934927226e-44
Bcl7b,14.009432,0.7192468,1.3649333887141493e-44,2.559718059608611e-44
Hddc3,14.000974,0.82826436,1.537505805280151e-44,2.8829551470185196e-44
Fam171a1,13.999801,0.4297315,1.5630910682043198e-44,2.930527880133545e-44
Mre11a,13.99739,0.8525326,1.617002864696037e-44,3.031187686733147e-44
Fn3krp,13.992668,1.0980695,1.7280619568970197e-44,3.2389319161960995e-44
D6Wsu163e,13.988949,0.775627,1.8208333099562173e-44,3.412346925263981e-44
Ndufaf6,13.986954,0.81908643,1.8726343561287312e-44,3.50894420664023e-44
Btbd8,13.983721,1.0515895,1.9596853234414544e-44,3.6715573089549102e-44
Afmid,13.981632,1.1431553,2.0180505221189422e-44,3.7803891630104843e-44
Lsm5,13.971939,0.44766125,2.312422417335511e-44,4.3312390846545837e-44
Trim39,13.968723,1.604882,2.4192335817982526e-44,4.530679160653397e-44
Tspan13,13.96473,0.10859582,2.558711546671657e-44,4.791233794431728e-44
Zfp426,13.962077,2.433185,2.655787039025416e-44,4.972328554035126e-44
Exosc8,13.960318,0.52154917,2.722166771210474e-44,5.095911101478882e-44
Mbd5,13.95287,0.5786755,3.021931475597733e-44,5.656297964522174e-44
Epop,13.938362,0.341122,3.703418787477365e-44,6.93092266576611e-44
Map7d1,13.938181,2.022825,3.712830642055298e-44,6.94758607417983e-44
Nme6,13.936124,0.7733652,3.821388681886848e-44,7.14974554997984e-44
B3gnt7,13.935735,0.57495385,3.8422444653074493e-44,7.187782908765987e-44
Cyp2d22,13.933113,-0.37678686,3.9859806122879994e-44,7.455653791962576e-44
Zfp444,13.932579,1.3222078,4.0158996879682594e-44,7.510589200350922e-44
P2ry6,13.930135,0.7506296,4.1556818667115574e-44,7.770948930299542e-44
Jade3,13.927215,1.0729557,4.329101300310007e-44,8.094129106062257e-44
Msantd4,13.919866,0.40359277,4.798076963146387e-44,8.969747432812965e-44
Mlxipl,13.917739,1.0973153,4.942958997705045e-44,9.239333555715758e-44
Vrk1,13.916788,0.9290197,5.009167138033206e-44,9.36180956848491e-44
Snx30,13.915293,1.8193465,5.114995502559082e-44,9.558289627971502e-44
Bclaf3,13.911231,1.2663543,5.413976930955721e-44,1.0115607942453816e-43
Phka2,13.910332,1.623007,5.482438688777999e-44,1.0242124189759447e-43
Tnip2,13.908777,2.0882747,5.602878333728446e-44,1.046569610896551e-43
Lonrf3,13.907453,1.4877799,5.707661626353188e-44,1.0659966230589982e-43
Zmynd19,13.906353,0.78010005,5.796018029442128e-44,1.082350765432488e-43
Ercc4,13.905755,0.56809247,5.844696109574807e-44,1.0912919074062736e-43
Naaa,13.894622,0.029815942,6.828306974933643e-44,1.2747726673340284e-43
Phf11b,13.885904,1.9040148,7.712120391317993e-44,1.4395747522696363e-43
St3gal4,13.878314,0.08881936,8.573748813858476e-44,1.600191279234539e-43
Mettl21a,13.866258,0.6662498,1.0143186788552607e-43,1.8928504275853837e-43
Mcm7,13.859166,0.31937864,1.119676758361816e-43,2.0891771961519762e-43
Gstm6,13.847917,0.7381012,1.3095611713072327e-43,2.4431444771659493e-43
Dapp1,13.846057,1.1512516,1.343896021148818e-43,2.5068582852557748e-43
Cdk2,13.844231,0.369463,1.3784859726852796e-43,2.571030506883688e-43
Ogg1,13.842938,0.78288615,1.4034945365207016e-43,2.617317303548424e-43
Gpn1,13.839392,0.88629544,1.4744974743136657e-43,2.749352735374881e-43
Ganc,13.832285,1.2518166,1.6276698154611017e-43,3.0345446116469757e-43
Chac2,13.828707,0.85034347,1.7106862849334942e-43,3.1888815357777443e-43
Nepro,13.8282175,1.0534794,1.7223465222411993e-43,3.210179731722557e-43
Tpm2,13.827922,0.44233012,1.7294378864464875e-43,3.2229576311196124e-43
Ccdc66,13.82592,1.2397021,1.7782470270644884e-43,3.3134661527601693e-43
Prmt7,13.822819,0.5840684,1.8565614219285588e-43,3.4589206328164907e-43
Tbl2,13.821977,0.32848918,1.8783959640116416e-43,3.4991233902546242e-43
Prmt1,13.815642,0.8210723,2.0511511581436643e-43,3.820415702480878e-43
Tnfaip8l1,13.809998,1.6138889,2.21838768617801e-43,4.131342994482403e-43
Cln8,13.797049,1.6791885,2.6550329729969642e-43,4.943842035094429e-43
Fam78a,13.792917,1.3716557,2.8115757626226573e-43,5.234621995080305e-43
Crtc3,13.791368,0.525575,2.872629628715825e-43,5.347564684547905e-43
Thnsl1,13.785033,0.37618002,3.136219003912997e-43,5.837456768546377e-43
Tbc1d7,13.7823515,0.65901715,3.2549505774887717e-43,6.057627809901871e-43
Bcorl1,13.772056,0.6463948,3.753800344004637e-43,6.985061872943722e-43
Rfc3,13.759862,0.53624314,4.4437735404374895e-43,8.267837165371792e-43
Txndc16,13.758365,1.129582,4.536747607213493e-43,8.439671273111757e-43
Rnf43,13.753024,1.4985096,4.8844155426373634e-43,9.08519893166022e-43
Zfp319,13.745572,1.5871769,5.4143213663592145e-43,1.0069474321360295e-42
Qser1,13.7299,-0.2512111,6.722584072686461e-43,1.2500861734292542e-42
Alkbh1,13.729514,2.2685401,6.7585123001005325e-43,1.2565908103837215e-42
St3gal3,13.729505,0.776656,6.759401829018395e-43,1.2565908103837215e-42
Pex11b,13.728355,0.38003877,6.867447069221781e-43,1.2765031761806151e-42
Btc,13.72611,0.74020183,7.08359036822211e-43,1.316500384417469e-42
Dph6,13.722884,1.0171019,7.405929926354464e-43,1.3762208417298178e-42
Gbp7,13.714383,1.938739,8.327115030509558e-43,1.54719154948666e-42
Zfp462,13.711409,0.58699244,8.675729411709798e-43,1.6117456827215255e-42
Tmem64,13.709065,0.99712884,8.960508677407452e-43,1.6644248324306834e-42
Crybg3,13.700669,1.7825801,1.005933939818808e-42,1.8682801340516368e-42
Amn,13.69772,0.97087264,1.047626430848956e-42,1.9454496797745073e-42
Nrf1,13.692482,1.7087764,1.1259567932665344e-42,2.0906258177759483e-42
Ptpre,13.69145,0.56800807,1.1420685173163696e-42,2.1202534583629317e-42
Meis3,13.689619,0.6745172,1.1712115707159863e-42,2.1740624717715638e-42
Fpgs,13.68529,0.7835752,1.2430989183905375e-42,2.307190242805456e-42
Ghr,13.666009,-0.18270259,1.620418552759774e-42,3.0070728450422336e-42
Gtpbp3,13.665999,1.708076,1.6206308495766917e-42,3.0070728450422336e-42
Syt7,13.655737,0.22104941,1.8659254810698684e-42,3.461746161122026e-42
Abhd3,13.648523,0.34885588,2.0601171967748164e-42,3.821500632921272e-42
Qsox1,13.646549,0.03661947,2.1166711459968268e-42,3.925875209752693e-42
Stimate,13.641874,1.2651123,2.2568465059218644e-42,4.1852964427015855e-42
Fgf1,13.640182,0.5084163,2.30984360331095e-42,4.282998139020643e-42
Lyrm4,13.639199,0.5193191,2.341162548192116e-42,4.3404823544640974e-42
Dnal4,13.632375,1.8315984,2.5707797958501727e-42,4.765543406296749e-42
Utp20,13.631781,0.22949708,2.5917784540154325e-42,4.8038181565005474e-42
Gstm7,13.6238785,0.43592218,2.8881454135805026e-42,5.352403920682121e-42
Slc7a1,13.620581,0.51876485,3.0215379991710256e-42,5.598852593314875e-42
Zfx,13.615088,0.45106226,3.257505278444548e-42,6.035277697158811e-42
Plekhm2,13.614195,0.9258666,3.297609099054618e-42,6.108751616035208e-42
Tut1,13.606595,1.216882,3.6589939688851835e-42,6.777291416023958e-42
Knop1,13.604301,0.9489339,3.7755904667628376e-42,6.99230764260317e-42
Stom,13.600806,-0.11142949,3.9604177871355374e-42,7.333610458913808e-42
Mical3,13.600118,1.6947749,3.997901953082315e-42,7.402018576821101e-42
Fance,13.598018,1.0099107,4.1143617154113147e-42,7.616609781812608e-42
AI413582,13.596382,0.5308638,4.207375815647452e-42,7.787745571058324e-42
Sirt1,13.579539,1.0951744,5.295826786127155e-42,9.801113993813621e-42
Snapc2,13.575764,0.85292345,5.575963891391024e-42,1.0318174048007071e-41
Zfp593,13.56628,0.75533503,6.346183597879957e-42,1.1741856406576703e-41
Sorbs2,13.562545,0.094880484,6.677858185186138e-42,1.2353856964613154e-41
Setd6,13.555303,0.75254405,7.370784404196345e-42,1.3633907307910864e-41
Zkscan14,13.545816,0.87740076,8.387579742427989e-42,1.5512598455193772e-41
Dusp19,13.540112,1.3401893,9.065060426254567e-42,1.6763313229077916e-41
Polm,13.534443,1.2166432,9.79217943776369e-42,1.81054696878608e-41
Tspan8,13.533702,0.53954273,9.891466211531956e-42,1.8286575698620996e-41
Taf1b,13.531077,1.1224604,1.0251075719467826e-41,1.894883217947047e-41
Pank4,13.529232,0.51470774,1.0511635253866074e-41,1.9427843235115362e-41
Lyst,13.525907,1.4479133,1.099799286908488e-41,2.032399357901834e-41
Slc39a3,13.519286,1.899453,1.203379086383807e-41,2.2235115533439483e-41
Ccdc61,13.51648,1.0262529,1.250155937242187e-41,2.3096301596577825e-41
Ybx2,13.515913,1.2501435,1.259832202053646e-41,2.3271924034963677e-41
Smim27,13.515274,0.29281083,1.2708173566206896e-41,2.3471673894905363e-41
Shmt2,13.512837,0.19123328,1.3135899328087613e-41,2.425839612580663e-41
Fkbpl,13.507223,0.8013275,1.417680266902698e-41,2.6177123480818787e-41
Rel,13.503507,1.1038982,1.4910599295430637e-41,2.752834418320696e-41
Bcl9,13.499145,1.4426267,1.582027672534746e-41,2.92038720598173e-41
Notch1,13.498959,1.2347248,1.5860253036255664e-41,2.927371578766314e-41
Ankrd37,13.495824,1.2232476,1.654953920255552e-41,3.054182842037068e-41
Pibf1,13.492362,0.8199268,1.7345292306575057e-41,3.200605482288678e-41
Adgrl2,13.490455,0.97254723,1.7799865524466445e-41,3.284041568363176e-41
Nme7,13.488321,1.0206125,1.8322474472174608e-41,3.380005914029243e-41
L2hgdh,13.486999,0.6595653,1.8654187260192723e-41,3.4407338924080856e-41
Capn13,13.484883,0.087210976,1.9196774042385024e-41,3.540335603905802e-41
Cry2,13.480866,0.110839374,2.0271102587739157e-41,3.7379628895271434e-41
Ccdc127,13.479723,1.4550904,2.0587942033534963e-41,3.795875789518547e-41
Maged1,13.478931,-0.21842661,2.080996605876254e-41,3.836293958662412e-41
Rab8b,13.473357,-0.09122261,2.244239463657486e-41,4.136672687089381e-41
Heatr1,13.463093,0.9493375,2.578928533270724e-41,4.752944432948403e-41
Fut11,13.463028,0.7479009,2.581176506550955e-41,4.75644639901419e-41
Fuz,13.462516,0.7151504,2.5991467200559645e-41,4.788915574880802e-41
Znrf3,13.46247,0.45240757,2.600740756670631e-41,4.791207038592332e-41
Slc25a42,13.458857,0.6924741,2.7311124104175085e-41,5.030706116979988e-41
Crtap,13.450114,0.8164475,3.073965753215041e-41,5.661479013497062e-41
Adprhl2,13.449168,1.4905252,3.113560912403417e-41,5.733631225035917e-41
Ccdc130,13.447757,0.8150611,3.1735486285886915e-41,5.843311901972581e-41
Slc25a19,13.441604,-0.20898838,3.448801460362496e-41,6.349267631994767e-41
Tagln2,13.439671,-0.1414741,3.540098712706763e-41,6.516469228195583e-41
Clic4,13.43336,0.59108865,3.8551374961468483e-41,7.095424664846319e-41
Ankrd44,13.426368,1.140254,4.236865368494931e-41,7.796949793320977e-41
Stoml1,13.426063,1.1041237,4.2543546094037094e-41,7.828081173788446e-41
Dbf4,13.423193,0.98513824,4.42241719878793e-41,8.136224296169103e-41
Msh6,13.420666,1.0175339,4.5758351889326803e-41,8.417345467938446e-41
Rmi1,13.420292,1.1648623,4.599004072212719e-41,8.458827261265491e-41
Nup93,13.417533,0.39280817,4.773381863094463e-41,8.778375064257233e-41
Zfp263,13.4158125,0.95098054,4.885514295555027e-41,8.983381469909237e-41
Ing5,13.411066,0.72424895,5.208489323829332e-41,9.575973582060516e-41
Nsun6,13.409385,1.9683928,5.327871846327588e-41,9.794145382246238e-41
Fhod1,13.408599,1.6445976,5.384684231828782e-41,9.897252267507874e-41
Mettl7b,13.4063835,0.27687937,5.547875638851791e-41,1.0195833807458438e-40
Lamp2,13.400221,-0.103130944,6.028310207022427e-41,1.1077283268077356e-40
Tmem199,13.397401,0.9545177,6.261763912509298e-41,1.1504718729486049e-40
Eef1akmt4,13.394905,0.7534393,6.47586702198534e-41,1.1896491338749264e-40
Tmem39b,13.394028,0.14166547,6.552836477624109e-41,1.2036271166085921e-40
E4f1,13.389544,0.89195234,6.960699504744165e-41,1.2783718201366702e-40
Map3k20,13.376139,0.64843935,8.336676227418282e-41,1.5308721285073855e-40
Trim30a,13.374561,2.7363422,8.51551387665496e-41,1.563502312879385e-40
Kctd13,13.3651085,0.67627245,9.669375555486438e-41,1.7751202942848308e-40
Sirt4,13.364055,1.4801749,9.80726915237092e-41,1.8001933645459376e-40
Zfp516,13.355606,0.99519205,1.0985994805472863e-40,2.0162861221962343e-40
Qpctl,13.354447,0.712197,1.1158259508509862e-40,2.047627466168443e-40
L3mbtl2,13.351503,0.5488277,1.1608192147906589e-40,2.129907790455154e-40
Aaas,13.35095,0.06539248,1.169470515370347e-40,2.145493600441306e-40
Haghl,13.347358,1.2282349,1.2272488583022822e-40,2.251190897019948e-40
Pigw,13.346995,2.1964664,1.233231842494458e-40,2.2618623184162704e-40
Lyrm9,13.345482,0.8875963,1.2585418547566433e-40,2.307973697706463e-40
Zfp799,13.344018,1.1791648,1.2835059118700791e-40,2.3534383675011174e-40
Tnni1,13.342972,0.26425213,1.3016561280808245e-40,2.386398652836208e-40
Tmem140,13.336599,1.1231346,1.4178105126940744e-40,2.5990025148916177e-40
Gab2,13.306553,1.0526695,2.120425028938034e-40,3.886451182244688e-40
Plod3,13.30177,0.1537686,2.260518900356599e-40,4.1426689845050245e-40
Uvssa,13.293015,1.5121884,2.5413090032560246e-40,4.656626104720104e-40
Habp4,13.288141,0.62228906,2.7123170105787408e-40,4.96931070735052e-40
Zfp992,13.279724,1.0511992,3.0351138378623866e-40,5.559970761254941e-40
Ssh1,13.279459,1.4237417,3.045857941350774e-40,5.5789053506525355e-40
Pex10,13.277998,0.2874173,3.1058772630665057e-40,5.688077082152734e-40
Ddx28,13.277566,0.69266254,3.1238229739184887e-40,5.72017664278727e-40
Wwc2,13.273681,0.30307636,3.290150330311951e-40,6.023939719777203e-40
Inafm2,13.272716,1.6495963,3.3328249812346715e-40,6.10125590607552e-40
Zfp398,13.270925,0.91083854,3.413419327891334e-40,6.24796001993227e-40
Haus7,13.265811,0.49579933,3.654442289583335e-40,6.688235855199693e-40
Cyp4f16,13.254175,2.0701277,4.2678204790412085e-40,7.809774528420785e-40
Igf1r,13.2454,1.156065,4.797177664126873e-40,8.777281851342653e-40
Dock9,13.244909,1.4198639,4.828659761062726e-40,8.833701970907396e-40
Ap4b1,13.24167,0.5751236,5.0415608662903065e-40,9.2219562395024e-40
Duox2,13.232379,1.8110753,5.705230535398266e-40,1.0434536254055274e-39
Slc44a2,13.230434,0.8259578,5.854833289781993e-40,1.0706719074320506e-39
Dstyk,13.228286,1.4755245,6.0245545754907966e-40,1.1015614897691757e-39
Large1,13.224212,0.7410861,6.360032018828313e-40,1.1627464954208178e-39
Soat1,13.220967,-0.40880084,6.64043121550183e-40,1.213847037454719e-39
Slc19a1,13.20982,0.950322,7.700810771570967e-40,1.4074924793000932e-39
Serinc2,13.207119,0.14934391,7.98211663270783e-40,1.4587123473510566e-39
Lyrm7,13.1977625,0.54955065,9.0380010929856e-40,1.6514519634764576e-39
Gramd1c,13.196873,0.27265996,9.14529672106656e-40,1.6708341036818328e-39
Zfp623,13.195114,0.5521883,9.36133288439967e-40,1.7100751695720742e-39
Amigo1,13.192746,-0.06115671,9.660043614401206e-40,1.764406256537151e-39
Atf4,13.192687,1.5242126,9.667685079746711e-40,1.765566152050431e-39
Mkx,13.189791,0.5439365,1.0046395362999915e-39,1.8344833300710887e-39
Ulk3,13.18795,0.9597079,1.0294651302447746e-39,1.879564173043697e-39
Agbl5,13.1839905,0.104486465,1.0849659731063593e-39,1.9806313819556084e-39
Zfp511,13.182601,0.48170486,1.1051436507445791e-39,2.0171969332530858e-39
Poglut3,13.178343,0.966559,1.1693089400542635e-39,2.1340317303139e-39
Isoc2a,13.178133,1.3795702,1.172564533045542e-39,2.1396877487854e-39
Itgb1bp1,13.166216,0.6428324,1.3730895173185697e-39,2.5052700666219404e-39
Zfp715,13.1582155,0.7647206,1.5264849537921857e-39,2.7847761130080228e-39
Camkmt,13.152015,1.1525338,1.6569903668440148e-39,3.022454750779232e-39
Fam222b,13.1451,0.42292437,1.8156708949550814e-39,3.3114563201534726e-39
Ttc23,13.14134,1.0047027,1.9081782105815324e-39,3.4797088984801247e-39
Tmc7,13.137378,0.6018266,2.0107467789744652e-39,3.6662616269967754e-39
Kank1,13.130846,0.8128543,2.1919445053716872e-39,3.996112666438851e-39
H2-T24,13.119368,2.5137727,2.550555257409774e-39,4.6492726133136046e-39
Serf1,13.118301,0.70902604,2.5866690545267904e-39,4.714474119772605e-39
Polr3f,13.115036,1.3104676,2.700550802635734e-39,4.921379561039933e-39
Hspbap1,13.106208,1.186994,3.033925687481492e-39,5.528172388582199e-39
Dhx37,13.105844,0.9495631,3.048547311063535e-39,5.5540746707692295e-39
Hykk,13.100525,0.3713564,3.2698889602032386e-39,5.956538101875489e-39
Filip1l,13.095917,0.048817754,3.47453940483591e-39,6.328493122153845e-39
Tec,13.093779,1.7969275,3.5737842644000824e-39,6.508389907533776e-39
Hemk1,13.092798,0.500102,3.6201943380670394e-39,6.592031634229929e-39
Cyb561d2,13.091199,1.1315196,3.697254726986384e-39,6.731454984893996e-39
Zfp51,13.089993,0.88769865,3.756442520160386e-39,6.838305572842555e-39
Nek1,13.089337,0.94092345,3.789003946117331e-39,6.896662979256555e-39
Map3k10,13.085139,0.3862657,4.0042710820310285e-39,7.287517573432835e-39
Ttll10,13.078483,0.81367165,4.3707550041500355e-39,7.953436418064103e-39
Ints2,13.078031,0.9223021,4.396873523935867e-39,7.999899606149943e-39
Armc5,13.077122,1.0924206,4.4497165246419654e-39,8.094967869426484e-39
Thoc6,13.074826,0.9116639,4.586112151141421e-39,8.341990378672377e-39
Prkrip1,13.074537,0.62224495,4.603541482359166e-39,8.372580099915095e-39
Hpse,13.074509,0.5283383,4.605273596541863e-39,8.374616546902923e-39
Med18,13.070902,1.1782101,4.828937004061956e-39,8.780177307611654e-39
Zfp790,13.067079,0.91632277,5.07785469547391e-39,9.231542536639951e-39
Birc2,13.062308,1.1685658,5.4063342608406706e-39,9.827412071912291e-39
Scfd2,13.060151,0.8377311,5.5617536431455504e-39,1.0108583342638943e-38
Cyp27a1,13.055311,0.7770603,5.926719227541304e-39,1.0770483114501972e-38
Tpcn2,13.053194,1.5240455,6.093763766167215e-39,1.1072577664408274e-38
Mettl16,13.050431,0.7380828,6.318847485490047e-39,1.1480037114929772e-38
Nudt6,13.043268,1.083447,6.941674192203215e-39,1.260990895036915e-38
Bms1,13.037785,0.8087613,7.45928804594136e-39,1.354838146211291e-38
Ffar4,13.035797,0.10056743,7.656311302213973e-39,1.3904390047513422e-38
Abhd10,13.035554,1.1496475,7.680760024362238e-39,1.3946938432233914e-38
Sars2,13.035131,1.2156035,7.723370100305162e-39,1.402244903367938e-38
Tldc2,13.035007,1.1713059,7.735932920349159e-39,1.4043393427024393e-38
Aldh18a1,13.021879,0.57652014,9.188131996782408e-39,1.6677423023095225e-38
Dcun1d2,13.016561,0.7240136,9.850866869674689e-39,1.7877983336801772e-38
Mcc,12.989496,0.76372963,1.4034785044380773e-38,2.5467845738044996e-38
Ndst2,12.987293,0.98265827,1.4444541408013896e-38,2.6207921421598784e-38
Srfbp1,12.980426,1.0240698,1.5800055644446746e-38,2.8663539524782335e-38
Sdccag8,12.977586,1.8662077,1.639670303982475e-38,2.9741996825786375e-38
H2-Aa,12.97612,1.7974074,1.6713511084244764e-38,3.0312634492977077e-38
Tsen54,12.967032,1.2733663,1.881753276173175e-38,3.412408971179972e-38
Npat,12.96642,0.7635353,1.8968505799367853e-38,3.4393306391720414e-38
Prex1,12.965712,1.0394899,1.9144477024666415e-38,3.4707771882846776e-38
Zfp280c,12.959466,0.2778126,2.0768825655775858e-38,3.7647626039598996e-38
Zfp369,12.957134,0.8930747,2.140967321051931e-38,3.8804145944844474e-38
Parp16,12.956467,0.055230185,2.1596740141226352e-38,3.913800973115165e-38
Fam110a,12.956388,0.29253992,2.1618894079209875e-38,3.91729662823897e-38
Pxdc1,12.953976,0.80090076,2.2309362116231305e-38,4.0418723759865275e-38
Cep192,12.952564,0.45436046,2.2723389889428975e-38,4.11633801480913e-38
Zfp46,12.950283,1.3769674,2.3408902311804773e-38,4.23995680945603e-38
Ap5z1,12.942187,1.3139429,2.6011646966399475e-38,4.7107571482653e-38
Pyroxd2,12.938692,0.12605631,2.722228339380827e-38,4.929352825878285e-38
Zfp933,12.938309,1.6455057,2.735860583907638e-38,4.953381899236986e-38
G2e3,12.934773,1.119774,2.864664807356606e-38,5.185900349563355e-38
Isg20l2,12.921807,0.8875839,3.3908223305509934e-38,6.137590386536708e-38
Galc,12.921779,0.49978727,3.392083414964801e-38,6.139060441985661e-38
Thsd4,12.917905,1.8674568,3.567233590410519e-38,6.455196420386907e-38
Stmn1,12.915306,-0.26343766,3.689727594332736e-38,6.67597576772958e-38
Slc35d2,12.91272,1.3422912,3.815811423530151e-38,6.903191059237309e-38
Pag1,12.912394,1.0638334,3.8320332286433754e-38,6.931620952605577e-38
Pigr,12.900604,0.49212506,4.465790087608905e-38,8.076931549801848e-38
Ttc30b,12.899129,1.14128,4.5521280606339653e-38,8.231995666380518e-38
Dph5,12.897992,1.1632346,4.6197901467684193e-38,8.353250067044577e-38
Ass1,12.897282,0.178571,4.6625676529888693e-38,8.429483428691537e-38
Pop7,12.895582,1.0612564,4.766522703441578e-38,8.616285257047399e-38
Zc3hc1,12.895141,0.4731259,4.793870007103683e-38,8.664574722064879e-38
Ndufb11,12.892003,0.05010022,4.992958721567852e-38,9.023220631351973e-38
Klhl15,12.888172,0.9989506,5.24724796464039e-38,9.481516373739077e-38
Sart3,12.885989,1.0213162,5.397912563792287e-38,9.752471173187942e-38
Tgfbi,12.885875,1.1291406,5.405925163959932e-38,9.765657413098026e-38
Aifm2,12.880852,0.5671653,5.769543388677496e-38,1.0421147251375614e-37
Trim65,12.8598995,0.7796725,7.567517857132008e-38,1.3666905268922373e-37
Llph,12.855861,1.067654,7.973313927886613e-38,1.439786979583381e-37
Gle1,12.852762,0.55115914,8.29933314848224e-38,1.4984602694150336e-37
Slc19a2,12.8438225,1.5153755,9.31589910143659e-38,1.68178112491281e-37
Apopt1,12.830133,-0.19132599,1.111721338991821e-37,2.0067039744869525e-37
Tsr2,12.828555,0.55509317,1.1345973186722092e-37,2.0477257929051684e-37
Lsm6,12.803737,0.88413125,1.5624809596092359e-37,2.8195997786561496e-37
Plcg1,12.799801,1.4999607,1.6437242157177146e-37,2.9658172120252997e-37
Praf2,12.798087,0.056831896,1.6804048079350584e-37,3.0316010222311244e-37
Bcl7c,12.79545,0.7543363,1.7384230988321253e-37,3.1358575222964402e-37
Fbxw4,12.794034,1.3791327,1.7704004325082512e-37,3.1931186909193263e-37
Arl15,12.788733,0.38430494,1.895406047039724e-37,3.418129723495744e-37
Nos1ap,12.773597,1.3721224,2.302631096771423e-37,4.151962058062923e-37
Cdk4,12.764929,0.8930807,2.573858534963629e-37,4.6404107403596086e-37
Mcm2,12.76377,0.5086974,2.612439354296047e-37,4.709347240970003e-37
Zfp53,12.759761,1.1224414,2.750454951493124e-37,4.9574893187911515e-37
Metap1d,12.756116,0.73788023,2.8821929350742583e-37,5.194252554973706e-37
Zbtb20,12.755453,0.28005975,2.906810418697903e-37,5.237927589365374e-37
Myo9b,12.752384,0.92733985,3.023528158915044e-37,5.447529324527435e-37
Unc119,12.75129,-0.18065205,3.0662719941611622e-37,5.523813663569213e-37
Topbp1,12.750683,0.49840343,3.090277541401871e-37,5.5663257874961255e-37
Mbd6,12.738,1.0927575,3.6359612039701476e-37,6.548369480349239e-37
Spc25,12.731764,0.45253107,3.938406693361305e-37,7.092140048948622e-37
Ptpn21,12.729547,1.417956,4.051846590767199e-37,7.295457818135807e-37
Kyat3,12.72537,0.33656108,4.27444705803895e-37,7.695242695982443e-37
Hfe,12.723336,-0.036134716,4.38718320796317e-37,7.897160769895531e-37
Mob3a,12.7168665,0.8234404,4.76590938551572e-37,8.577758732156814e-37
Sdad1,12.713226,0.7876967,4.9931005399658626e-37,8.98547833715399e-37
Dtx4,12.711012,0.82634366,5.136552854900098e-37,9.242415827731426e-37
Trim37,12.70967,0.20391496,5.225474757084952e-37,9.401179753076793e-37
Ly6g6e,12.705434,-0.10420806,5.516298155801229e-37,9.923096195814499e-37
Tcaf2,12.704232,0.94828254,5.60167258474335e-37,1.0075348230483402e-36
Phkg2,12.696041,1.6079503,6.219758191200698e-37,1.1185585647641971e-36
Fgfr4,12.694649,0.9542343,6.331352824475782e-37,1.1384779733689194e-36
Il15ra,12.6904745,0.37845597,6.678013948633029e-37,1.2006552819820755e-36
Chic1,12.685859,0.26187903,7.0832952545295e-37,1.2733543132074524e-36
Zmat3,12.68271,1.292411,7.373771298404114e-37,1.325398560800161e-36
Hist3h2a,12.681811,1.7933366,7.458820638381721e-37,1.3405095574959922e-36
Klf12,12.678369,1.211052,7.793695667220339e-37,1.4005097010412369e-36
Ufsp1,12.672838,1.9936384,8.363282779549955e-37,1.5026657733588969e-36
Dpysl2,12.662461,0.7310802,9.54593057352912e-37,1.7149316946007715e-36
Nmnat3,12.659314,0.7693806,9.9363663246942e-37,1.7848392156862363e-36
Ereg,12.653461,0.7408183,1.0705203538920359e-36,1.922690548919568e-36
Utp18,12.649219,1.5249971,1.129935485878424e-36,2.029135623031838e-36
Vegfb,12.634485,0.47540805,1.3628243065597807e-36,2.447035503178178e-36
Bckdhb,12.62427,0.5985692,1.551726873792489e-36,2.785855979928093e-36
Bco2,12.62211,0.45732322,1.5948845879863958e-36,2.8629622920338624e-36
Kcnn4,12.614609,0.9368166,1.754272047075382e-36,3.1486638986423215e-36
Trmt12,12.612463,0.52345717,1.8026984306524563e-36,3.235157616689283e-36
Pigl,12.612027,1.0627465,1.8127064726465008e-36,3.2526913808477757e-36
Aen,12.600546,1.3831416,2.0968846134443367e-36,3.7621224204737997e-36
Gadd45b,12.582916,0.53247064,2.621682138455019e-36,4.7030700830870245e-36
Zfp983,12.582116,0.73115665,2.6484050135049687e-36,4.750385435425032e-36
Armc10,12.574928,0.9982214,2.900636650999525e-36,5.20212540359587e-36
Cyth3,12.573855,0.23704472,2.9402771764476284e-36,5.272526932588686e-36
Rpp30,12.573154,0.9301586,2.966465944683076e-36,5.318791371907836e-36
Wfs1,12.569738,0.978572,3.097470229618407e-36,5.5529503657618925e-36
Bfsp1,12.5595665,1.2920539,3.5225854147708123e-36,6.314242436360055e-36
Stn1,12.545041,1.5747707,4.2319503984959854e-36,7.584786592324063e-36
Tfcp2,12.541837,0.8285549,4.406603656880871e-36,7.896776963418413e-36
Fcho1,12.540826,1.3934647,4.4631749662318155e-36,7.997106612057137e-36
Ndufa2,12.538864,0.21469672,4.575050068753152e-36,8.196490199161452e-36
Sct,12.53469,-0.24600093,4.82243025217133e-36,8.63855563249187e-36
Alg3,12.534125,1.2822994,4.856919146794569e-36,8.699197031095709e-36
Uqcrfs1,12.53377,0.5232748,4.8787274158418745e-36,8.737113333111267e-36
Polr1e,12.530082,0.443367,5.11098324476606e-36,9.151852281285304e-36
Ncapd2,12.515292,0.6223711,6.158089424507417e-36,1.1025382676111406e-35
Sec61a2,12.51416,1.324776,6.246536297462434e-36,1.1182273055085585e-35
Plp2,12.508303,-0.22253188,6.724592490443055e-36,1.203649244853518e-35
Phc1,12.49361,0.8173677,8.089744195678235e-36,1.4478111749234374e-35
Rpusd4,12.492633,1.0823153,8.189765198638712e-36,1.4655200090471655e-35
Ctu1,12.4892435,1.4614438,8.546284773992505e-36,1.529117418348129e-35
Cep164,12.481183,0.896195,9.457095641348633e-36,1.6918600588100807e-35
Zfp276,12.479633,2.6414907,9.64294832515381e-36,1.7248831699997168e-35
Tcaf1,12.47479,0.22531864,1.024768082130475e-35,1.83281500433354e-35
Ifnlr1,12.47179,1.0362741,1.064080194856345e-35,1.9028765090441372e-35
Hltf,12.467648,1.7409071,1.1208687163116583e-35,2.0041683702356075e-35
Thap1,12.467082,0.3687979,1.1288424115506832e-35,2.0181618483403836e-35
Bcap29,12.458312,0.7071535,1.260099746455104e-35,2.2525312461141893e-35
Alkbh8,12.4464,1.1998405,1.462977060356922e-35,2.614849209303478e-35
Homer2,12.43376,0.77444714,1.7138006521522844e-35,3.0627579610797816e-35
Slc7a4,12.432053,0.21499051,1.7507961257479643e-35,3.1284642649422986e-35
Utp23,12.430608,1.8910347,1.7827272191231255e-35,3.1851051373802904e-35
Cyp4v3,12.420491,1.2162611,2.0231625985953012e-35,3.614206209770182e-35
Fbxo30,12.402356,0.5512662,2.537499427859841e-35,4.5324326901754605e-35
Dusp12,12.396854,1.1706926,2.717849367105743e-35,4.853936279896962e-35
Bok,12.394866,0.37952495,2.7861049679787796e-35,4.975187442819249e-35
Cdo1,12.391243,-0.072957434,2.914913529943155e-35,5.204523112935454e-35
Slc35c2,12.38756,1.2978594,3.0519042399027446e-35,5.448406067972589e-35
Poc1a,12.381599,1.0899075,3.287246947222287e-35,5.867785145968513e-35
Cad,12.3757305,0.5765732,3.536620044312807e-35,6.312095941787736e-35
Zfp318,12.364629,1.3820331,4.0608411283484026e-35,7.246770511570457e-35
Spats2l,12.356249,1.0397652,4.5070073632045414e-35,8.041926629935034e-35
Mms19,12.353634,1.4415767,4.655980285044965e-35,8.306657586169588e-35
Rtn4r,12.352058,0.5590725,4.7480958141086185e-35,8.469894372284811e-35
Tnfsf13b,12.347176,2.0472567,5.045153338257243e-35,8.998626829355392e-35
Arfgef3,12.339116,0.63613915,5.576485840654623e-35,9.943727196629543e-35
Vcpkmt,12.337807,1.3605931,5.66786066706396e-35,1.0105344800795262e-34
Snrnp35,12.334033,0.8896773,5.939745754641669e-35,1.0588713752408397e-34
Cox18,12.330987,0.58552575,6.168668565372524e-35,1.0995378340911008e-34
Bex3,12.327225,-0.10389803,6.46345593094068e-35,1.1519322280152979e-34
Ighmbp2,12.322071,0.8211209,6.890189591034277e-35,1.2278256796637182e-34
Tnfaip3,12.31536,0.7603062,7.488016543134611e-35,1.334184055079685e-34
S100pbp,12.310156,1.3645607,7.986861892317119e-35,1.4228808803730666e-34
Mib2,12.309701,1.4208686,8.032047701743365e-35,1.4307444616561226e-34
Agl,12.306721,1.2342796,8.334101481507581e-35,1.4843557926493379e-34
Fdxacb1,12.304869,0.9974507,8.527518268485354e-35,1.5186067498572368e-34
Zhx2,12.304668,0.08246187,8.54869347923168e-35,1.522179470423089e-34
Slc41a1,12.302125,0.78132266,8.822259080208101e-35,1.5706860164281444e-34
Btnl2,12.301434,2.1266227,8.898103024504513e-35,1.5839828021361522e-34
Dcun1d4,12.291199,0.24317716,1.0099664225290073e-34,1.7976429556272518e-34
Arid3b,12.285676,1.262502,1.0813783138261833e-34,1.924498756061043e-34
Fan1,12.284972,0.8963557,1.0908232388660478e-34,1.941055015158517e-34
Asb3,12.284848,0.26618302,1.0924965831283807e-34,1.9437797000104875e-34
Dusp18,12.278269,0.41099888,1.185070495418412e-34,2.108213740711173e-34
Bloc1s4,12.276484,1.7525593,1.2115102814904612e-34,2.1549691856636392e-34
Mapk3,12.2753725,0.3970696,1.2282550150514063e-34,2.184469674967874e-34
Pds5b,12.256599,0.7499897,1.5486427936351825e-34,2.7539259041561925e-34
Phf1,12.255981,1.5344442,1.5604841342316424e-34,2.774622355430725e-34
Zfhx2,12.251429,-0.2902718,1.6506307439364762e-34,2.9345261860805137e-34
Nrep,12.2501955,1.6341968,1.6759090522176237e-34,2.9790792004518395e-34
Cdc42ep1,12.24636,0.48189288,1.7570668564733058e-34,3.122938557612745e-34
Rpgr,12.244732,0.44176316,1.7926867917726803e-34,3.1858339022081096e-34
Spats2,12.243919,1.739192,1.8107382500872441e-34,3.2174955262400033e-34
Aar2,12.235973,0.78199685,1.9969660875734234e-34,3.547942217431021e-34
Zfp691,12.232152,1.5118641,2.0931892857335708e-34,3.718415625150244e-34
Fgfr1op,12.2256775,1.1280642,2.266847896132338e-34,4.026385891623551e-34
Rbbp9,12.217517,0.5971841,2.5062293142055792e-34,4.4509981651638045e-34
Magohb,12.201821,0.92644644,3.03948359272846e-34,5.397342959428865e-34
Fbxl6,12.201576,0.8524091,3.048664237784497e-34,5.412942541119579e-34
Tti1,12.196693,0.66246027,3.237035457704028e-34,5.7466519387384895e-34
Pwwp3a,12.189938,1.3160286,3.516911171650709e-34,6.2426999315061586e-34
Ccna2,12.189882,0.28090543,3.519278192728868e-34,6.2460907573740775e-34
Gimap9,12.189734,0.65678036,3.5256667441898572e-34,6.256617275732715e-34
Elob,12.179348,0.13578601,4.00469899657011e-34,7.10578159829976e-34
Casp8ap2,12.171805,1.0797251,4.392579886460929e-34,7.793011150409083e-34
Tmem59,12.152632,0.00078782515,5.554837285137073e-34,9.853729390874235e-34
Dtx2,12.151306,0.7073816,5.645640757969256e-34,1.0013506791858569e-33
Srgap1,12.14675,0.37567633,5.969126975734648e-34,1.0585891764125446e-33
B3gnt5,12.145604,0.07960137,6.053408098976445e-34,1.073396729168865e-33
Ddx20,12.144142,0.93819815,6.162533576357751e-34,1.0926052982846135e-33
Zfp949,12.142217,0.8739862,6.3093634133379015e-34,1.1184929307414545e-33
Nod1,12.138612,0.5489775,6.59352234333633e-34,1.1687157232031667e-33
Cnpy4,12.129624,0.935666,7.3586201004997745e-34,1.3041618698073409e-33
BC005561,12.122745,1.2897067,8.00335078078685e-34,1.4182431246243381e-33
Gpatch4,12.120964,1.3592122,8.179178398636945e-34,1.4492130681699951e-33
Ftsj3,12.119917,0.62273264,8.284294019077245e-34,1.467647631958561e-33
Mlh1,12.117159,1.0165753,8.567802627259474e-34,1.5176774731576853e-33
Mboat2,12.1150465,0.3984163,8.791403430055536e-34,1.5570838221216094e-33
Trpt1,12.113667,0.8834007,8.940648269914383e-34,1.583312161241637e-33
Fbxo31,12.107261,-0.14192449,9.666870891257414e-34,1.7114766887356955e-33
Rbm43,12.0983925,0.43382776,1.0769926661460795e-33,1.9065209979996944e-33
AI854703,12.096192,1.0087465,1.1062439176066822e-33,1.9580488704726093e-33
Ache,12.093451,2.0979803,1.143795481882483e-33,2.0242530367209727e-33
Maml3,12.092812,0.47780722,1.1527269695768169e-33,2.0397957180335106e-33
Hmgb1,12.09208,1.3522042,1.1630433464911946e-33,2.057784676318681e-33
Gcat,12.090743,0.7491847,1.1821325691116514e-33,2.0912888593275335e-33
Odf3b,12.087458,-0.2385225,1.2303532984670648e-33,2.1760322499401334e-33
Ercc5,12.079178,1.1524234,1.3607274280806081e-33,2.406303837967453e-33
Camk2g,12.078427,1.2337942,1.373210129216523e-33,2.4280641992547135e-33
Zfp142,12.077715,1.2377224,1.385163987922244e-33,2.4488839734759778e-33
Abhd18,12.0707245,1.790914,1.5079999891456058e-33,2.6657057719191e-33
Vnn1,12.068675,1.9099755,1.5460399508837344e-33,2.7325961391152988e-33
Prpf4,12.066698,0.71911335,1.5836104862509012e-33,2.7986396225744474e-33
Ppm1l,12.064115,0.4503988,1.6341090134400596e-33,2.887510112261638e-33
Orc2,12.057408,0.634813,1.7727381140038417e-33,3.1320663706721624e-33
Slc1a4,12.049322,1.0015166,1.955515309375414e-33,3.454550039492157e-33
Cip2a,12.045954,0.5107801,2.0370685402676173e-33,3.5981545192662964e-33
Faap100,12.045736,2.014365,2.0424350270820013e-33,3.60716763468247e-33
Enpep,12.038926,0.071956836,2.2182515696326617e-33,3.9171733231826766e-33
Trub2,12.038421,0.115372665,2.23188150843969e-33,3.9407333283296013e-33
Htr4,12.03637,0.78270656,2.2880311611586226e-33,4.039352714800435e-33
Hlcs,12.035669,1.7548964,2.3075465310310697e-33,4.073279825977782e-33
Amt,12.034003,0.44039398,2.3546116587459725e-33,4.155822719843983e-33
Hpcal1,12.030341,0.23605679,2.461409720379594e-33,4.3437576366229126e-33
Rprd1a,12.029149,0.66716194,2.497202143118035e-33,4.406353458985694e-33
Aplp1,12.025774,1.3781736,2.6013956620647436e-33,4.589612395656737e-33
Papss2,12.025309,0.3863987,2.6160785853129506e-33,4.614921911010655e-33
Zmym3,12.01496,1.152653,2.9651193230380955e-33,5.229976363026694e-33
Kbtbd7,12.014777,1.5214561,2.9717108110872945e-33,5.240926662576574e-33
Slc25a34,12.014116,2.2238429,2.9955436219754798e-33,5.282277115475782e-33
Tmem141,12.009397,0.9267627,3.171519427651689e-33,5.591867995505009e-33
Mcm6,12.008531,0.017562188,3.204877864897124e-33,5.649955498577822e-33
Rap1gap,12.005814,0.37476662,3.311922259307488e-33,5.837914010831387e-33
Clec14a,12.003191,1.3346912,3.4185749789765036e-33,6.0251337591833595e-33
Eogt,11.998575,1.0205208,3.614633436353157e-33,6.369859825016678e-33
Tmem42,11.996006,1.5388345,3.72860126825289e-33,6.569852125158907e-33
Nup107,11.987159,0.9709531,4.148916153166645e-33,7.30951151694845e-33
Borcs7,11.974229,1.4155711,4.8492625388879526e-33,8.542272989732417e-33
Sipa1l2,11.971905,1.0413924,4.987064108254975e-33,8.783887387994176e-33
Trim6,11.9682,2.078009,5.2147807264151575e-33,9.183789624433649e-33
Zfp395,11.965706,0.45459068,5.373842087496434e-33,9.462695151495459e-33
Srbd1,11.965086,1.2765703,5.4141213269610135e-33,9.532394637078907e-33
Ugt2b35,11.96219,1.1937329,5.6063597912482456e-33,9.869589359593172e-33
Abitram,11.961463,0.5489499,5.655672226080703e-33,9.955118765819746e-33
Zbed4,11.950149,2.569411,6.480912682525813e-33,1.1406239502386164e-32
Tceal8,11.948585,0.2941932,6.604012788310581e-33,1.1621396844697876e-32
Rapgef4,11.947147,1.1910278,6.719214321703105e-33,1.1822601112878276e-32
Fgfr3,11.93919,1.2495222,7.393982109950623e-33,1.300819572283221e-32
Uimc1,11.934979,1.5533988,7.777768276657566e-33,1.3681628657485494e-32
Tbc1d25,11.933051,0.31827518,7.960124712337566e-33,1.40006052014426e-32
Zfp668,11.929976,1.2768911,8.259725360058354e-33,1.452568728122402e-32
Mtx3,11.927092,0.82456714,8.550914224219027e-33,1.5035843129252309e-32
Tgs1,11.925652,0.8717752,8.700059904077894e-33,1.529613257756045e-32
Slf1,11.923987,1.42672,8.875637349740586e-33,1.5602820511338543e-32
Ddhd2,11.923582,1.6829267,8.918929934396804e-33,1.567691090653937e-32
Snip1,11.923132,1.4916911,8.967307318036561e-33,1.5759918721777402e-32
Ripk2,11.922231,1.1897131,9.064845240109804e-33,1.592929306842734e-32
Hid1,11.921687,-0.08593743,9.124186298752131e-33,1.6031510681669712e-32
Il7,11.921294,0.48070922,9.167370947644049e-33,1.6105318307943522e-32
Dck,11.91964,0.14731592,9.351241603272403e-33,1.64262336447977e-32
Epb41l4b,11.919298,0.16112474,9.389581153263215e-33,1.649146188940078e-32
Hinfp,11.910132,0.7726411,1.048108015205041e-32,1.8406160405713286e-32
Nlrc5,11.900668,2.5430787,1.1740335187200006e-32,2.0614931135716495e-32
Hps3,11.900086,0.62711495,1.1822455582978256e-32,2.0756461689206274e-32
Gigyf1,11.885898,1.7594616,1.4012195647671e-32,2.4597788893697167e-32
Prdm15,11.881368,0.54705435,1.479264708860494e-32,2.5964503778291947e-32
Zfp146,11.879897,1.6243663,1.505525798441495e-32,2.6422055048366844e-32
Glt8d1,11.87974,0.9853614,1.50836219200462e-32,2.646843702766994e-32
Zbtb26,11.879051,0.84652555,1.5208447804141885e-32,2.668405487832182e-32
Ifitm3,11.873833,0.7758094,1.618784068906244e-32,2.8398809675808706e-32
Ptpn13,11.869749,1.2841697,1.6997731462908864e-32,2.981580012253447e-32
Pus3,11.866686,1.6830146,1.76315652185789e-32,3.092364426882986e-32
Ccdc86,11.866254,1.1857054,1.7722710366931772e-32,3.107951580761631e-32
Cdca3,11.859775,0.19592474,1.9149025618081595e-32,3.357647458998151e-32
Arhgap20,11.857848,-0.0030861904,1.9594610103994095e-32,3.435337091950247e-32
Rin1,11.853591,1.0602745,2.0616393044537865e-32,3.614013266043524e-32
Mast3,11.847583,0.42481813,2.2148694685831663e-32,3.882125093934222e-32
Utp14a,11.837175,1.6335397,2.507579402857558e-32,4.394610833535449e-32
Ears2,11.83656,0.9186272,2.5260313226652694e-32,4.426381129862578e-32
Aplf,11.823834,1.4324101,2.939541606153867e-32,5.150317932627051e-32
B3gntl1,11.823381,0.7306697,2.9554380137377563e-32,5.177506384558521e-32
Gbp2,11.818954,1.5057573,3.1153693617052013e-32,5.456984247639122e-32
Nup85,11.817386,0.80656576,3.1740767549236703e-32,5.559105996872591e-32
Edn2,11.814015,0.4888404,3.303978028723352e-32,5.785875213573036e-32
Usp36,11.812911,1.3701222,3.347649636681066e-32,5.861601636570241e-32
Klf16,11.811625,1.4680562,3.3993086916388906e-32,5.951292582020462e-32
Neil1,11.808045,1.3284059,3.547097055221309e-32,6.20923607656828e-32
Cep95,11.798245,1.271086,3.9853395680747157e-32,6.97549194847328e-32
Mad2l1,11.797897,0.4109579,4.001854798125236e-32,7.003501966260891e-32
Haus8,11.788126,1.0798806,4.494311780972201e-32,7.864326756851549e-32
Ehbp1,11.786982,1.2749557,4.5557790152378156e-32,7.970864640913143e-32
Mnt,11.776087,0.75164855,5.184442616484693e-32,9.069624252325468e-32
Fancl,11.762877,1.1351635,6.063186478198228e-32,1.0605535314576716e-31
Bin1,11.761245,0.79561013,6.181615412445603e-32,1.0811304612507178e-31
Dhx34,11.757972,0.73416734,6.425951231611774e-32,1.1237197326379924e-31
Mis12,11.756904,1.0707496,6.507732742895565e-32,1.1378755307389956e-31
Zfp771,11.756522,0.7228554,6.537190184594724e-32,1.1428800277976584e-31
Dhodh,11.754806,1.0039448,6.671395565220085e-32,1.1661937153826494e-31
Actr5,11.751817,1.1791588,6.911699735225323e-32,1.2080456784152134e-31
Polr3d,11.750639,0.46244076,7.008707450701606e-32,1.2248444011290026e-31
Rai1,11.749845,0.36446786,7.074860861517057e-32,1.2362474096760255e-31
Plscr2,11.742934,1.3117381,7.677599341436302e-32,1.3413973552336966e-31
Rnf135,11.740841,0.616888,7.870010342389907e-32,1.3748389298950175e-31
Jak3,11.740447,1.3788688,7.906700384467715e-32,1.3810720112095543e-31
Nfic,11.739261,0.41935888,8.018470597186392e-32,1.4004161611305735e-31
Jmjd4,11.730378,1.2433704,8.906027322523822e-32,1.555228242057378e-31
Lcmt2,11.7272215,1.3917484,9.244356828351482e-32,1.6141034171055479e-31
Dclre1b,11.725656,0.58631575,9.416950638414924e-32,1.644029107370408e-31
Morn2,11.720327,0.66679484,1.0028391111846434e-31,1.7505520609458767e-31
Nav2,11.719895,0.6324023,1.0079600005302912e-31,1.7592664974156646e-31
Zfp219,11.710691,1.2795576,1.12359597652403e-31,1.9608441780201773e-31
Nme2,11.699347,1.2060882,1.284390130917399e-31,2.2411681817398786e-31
Ap4e1,11.690354,1.0759099,1.4278984269506324e-31,2.491261927602692e-31
Thg1l,11.680206,0.96980774,1.609053434332908e-31,2.806965903112963e-31
H2-Q7,11.679851,1.4919722,1.6157913669258638e-31,2.8183605794274472e-31
Abhd14a,11.679011,1.8318379,1.631820631234971e-31,2.8459567825708747e-31
Nsun5,11.666431,1.15774,1.8919363711364965e-31,3.299187691314918e-31
Mars2,11.663297,1.7825146,1.962920442020884e-31,3.42253436754247e-31
Tia1,11.662427,0.49110317,1.9830878258279675e-31,3.4572572690205834e-31
Mcrip1,11.6596775,0.2539737,2.048155710290421e-31,3.5702395587280448e-31
Nol8,11.652758,1.4187101,2.2215208199208195e-31,3.871947133879328e-31
Naf1,11.644724,0.9240513,2.4411165750861004e-31,4.254144152453475e-31
Idua,11.639402,0.9313127,2.5982869869631964e-31,4.527468724098078e-31
Camta1,11.6333885,0.10876701,2.7880723086416044e-31,4.85754730802318e-31
Rph3al,11.6304035,0.6318072,2.8872967064438284e-31,5.029781205174441e-31
Xxylt1,11.618302,0.97813934,3.3267982229268593e-31,5.794671468414826e-31
Arl14ep,11.618045,0.6042261,3.336837296747343e-31,5.811417477460509e-31
Gpa33,11.611616,0.4434717,3.597523745255417e-31,6.264629723209962e-31
BC029722,11.599281,1.1027768,4.155527837300228e-31,7.23540147378159e-31
Taf7,11.597653,1.5103678,4.235335858875101e-31,7.373420479963973e-31
Zfp212,11.593274,1.3629316,4.457617305544019e-31,7.759408942631677e-31
Sult1d1,11.584125,0.38118437,4.960085975197712e-31,8.632961144308096e-31
Nop14,11.58325,0.61164856,5.01098277063828e-31,8.720436420015077e-31
Zmym6,11.582726,0.8899191,5.041741307184249e-31,8.772847992841914e-31
Bloc1s3,11.58226,1.6483957,5.06916120104359e-31,8.819437585785126e-31
Hoxa10,11.575433,0.41857767,5.489359389834296e-31,9.549292667088666e-31
Plekhg1,11.574824,0.72839385,5.5284076797706645e-31,9.615997840354088e-31
Rnaseh1,11.573764,0.83244914,5.597212349222512e-31,9.73443709469895e-31
Sprr2a3,11.564786,0.11865891,6.214594757924837e-31,1.0806788315694578e-30
Pla2g15,11.559882,0.5540413,6.579882829201119e-31,1.1440546432209192e-30
Poglut2,11.554978,0.7034953,6.9664758714475635e-31,1.2111181991106715e-30
Mtmr7,11.554705,0.76000714,6.988742441943085e-31,1.2148347895458458e-30
Boc,11.5544615,0.8882385,7.00855103336373e-31,1.2181232254861339e-30
Mthfr,11.550814,1.6561371,7.312455689460565e-31,1.2707819488292442e-30
BC024978,11.54771,0.738691,7.581350225610729e-31,1.317343892442525e-30
Psph,11.540168,0.6104316,8.27639828529066e-31,1.4379335097363714e-30
Thbs1,11.538286,0.8081892,8.459353744798232e-31,1.4695333137717965e-30
Ccpg1os,11.535275,-0.6121845,8.760613463292893e-31,1.5216739376416907e-30
Ankrd54,11.529931,1.0422319,9.321853256390288e-31,1.6189527975760375e-30
Mkrn2,11.527728,0.38867658,9.563413819104623e-31,1.660694399698485e-30
Gemin5,11.523333,0.99617445,1.0064216482557762e-30,1.7474372828717294e-30
Aopep,11.517577,1.6729742,1.0759360522137998e-30,1.8678971072773534e-30
Xylt1,11.503061,1.1216398,1.2731750353020107e-30,2.210036634647753e-30
Suox,11.502535,0.69433117,1.280971971790172e-30,2.2232887059564163e-30
Piezo1,11.502171,0.9547858,1.28639759673543e-30,2.2324222252991123e-30
Rpain,11.492017,1.3624903,1.4469344690261225e-30,2.5107002745758438e-30
Cers4,11.486763,0.52590185,1.5376646549048901e-30,2.6677955031495016e-30
Vta1,11.483418,0.2514739,1.5983393991022814e-30,2.7727123281395027e-30
Tnfaip8,11.482527,0.8663806,1.614910877022364e-30,2.80110429265358e-30
Nrp2,11.48015,0.0531454,1.6599246408422956e-30,2.8788166726085467e-30
Kank2,11.479995,0.8240099,1.6629022095921773e-30,2.8836149779575226e-30
Phka1,11.479451,0.9482259,1.6733885787055144e-30,2.9014313191071266e-30
Mcts2,11.477237,1.2323011,1.7167988095331335e-30,2.9763214655635905e-30
Spry1,11.468798,1.1978806,1.8927063780742763e-30,3.28086699457038e-30
Zc3h10,11.460406,1.5089958,2.0853420432674066e-30,3.614328573090214e-30
Incenp,11.453112,0.085730605,2.2685364352624546e-30,3.9313440314553375e-30
Iffo2,11.44384,0.52183723,2.524573721217684e-30,4.3744989404019034e-30
Hoxa6,11.434505,1.2630897,2.81135277879494e-30,4.870803148361942e-30
Rbm38,11.433394,-0.3699842,2.847563017686138e-30,4.932914145788946e-30
Parp3,11.429192,0.9487151,2.9887933743176127e-30,5.176915692690735e-30
Cd177,11.422231,0.8771228,3.2381585393854e-30,5.6081329820282856e-30
Fancg,11.41792,0.9967051,3.402799854874366e-30,5.892527290794854e-30
Tmem37,11.417704,0.59496135,3.4113026880574855e-30,5.906503451403661e-30
Gdpgp1,11.407598,1.8807832,3.8316529402843664e-30,6.633479422507749e-30
Fen1,11.398565,0.63925964,4.250671045334887e-30,7.35796538543729e-30
Usp49,11.397161,0.39354852,4.319770515103008e-30,7.476631033291182e-30
Srm,11.396453,0.40994376,4.3550351832331734e-30,7.536713000596514e-30
Naa16,11.391347,1.3704902,4.6179711051484115e-30,7.990731983158867e-30
Dcps,11.383556,-0.11132187,5.049781558701442e-30,8.73681209707012e-30
Bmyc,11.380357,0.3354769,5.238500187655709e-30,9.062174581428441e-30
Msantd2,11.37228,0.9839632,5.746654563448626e-30,9.939982438041989e-30
Mcm4,11.368993,0.13217029,5.967229550464395e-30,1.0320205400607134e-29
Ado,11.366342,0.5155498,6.151200161320733e-30,1.0637033662880756e-29
Vmac,11.364363,0.8434899,6.29217488693963e-30,1.0879440078252553e-29
Rad9a,11.349371,0.8961412,7.469846981618167e-30,1.2914052777955554e-29
Frat1,11.343957,1.2850177,7.946836644998643e-30,1.3736947430205592e-29
Exosc1,11.343415,0.49621955,7.996145084428009e-30,1.3820435291905082e-29
Pcsk1,11.3388815,1.2070451,8.421403774910602e-30,1.4553607559952292e-29
Bmp8a,11.321466,1.2123905,1.0273830949580229e-29,1.7752670992609254e-29
Oit1,11.317454,0.17805761,1.0754930242863558e-29,1.8581638796103493e-29
Wnk2,11.313931,0.8130741,1.1195825877913385e-29,1.9340944780250828e-29
Toe1,11.313442,0.93130845,1.1258378405045993e-29,1.9446548527094097e-29
Haus4,11.309681,0.63241196,1.1751633288299032e-29,2.029598196735151e-29
Cnn3,11.290202,-0.34198043,1.4669954328552928e-29,2.533294929195117e-29
Nup210,11.284733,0.26634085,1.5611479291501973e-29,2.6955426680718367e-29
Map1s,11.282011,0.8675716,1.6102303814408105e-29,2.779939460447303e-29
Pomgnt1,11.281248,1.1978517,1.6242563655999322e-29,2.8038002776545154e-29
Arhgap11a,11.279924,1.5744575,1.6488707418583363e-29,2.8459305054793323e-29
Lrfn4,11.275011,1.3500688,1.7435596343327104e-29,3.008982584490133e-29
Cbx7,11.27479,-0.25565395,1.7479573019993656e-29,3.016191306604583e-29
Zfp512,11.273517,1.3297671,1.7734223039325573e-29,3.0597464050312547e-29
Sfxn2,11.272258,0.21104272,1.7989630736721213e-29,3.103421222715562e-29
Haspin,11.269652,0.1320844,1.8530000055054942e-29,3.196238026650812e-29
Josd2,11.266162,1.348298,1.927910172583995e-29,3.325031102293622e-29
Plpp3,11.262603,0.67394596,2.0073989735445873e-29,3.4616873850217194e-29
Vopp1,11.262312,0.78624856,2.014036309175365e-29,3.4726953130718844e-29
Eif2b3,11.26083,0.19661917,2.0482158793631676e-29,3.5311840834961315e-29
Mgme1,11.2576065,0.5713542,2.1245077247581825e-29,3.6622517504182715e-29
Tcf3,11.255993,0.5194445,2.1637629120581745e-29,3.7294501918824726e-29
Kcnk6,11.250231,0.03143838,2.3098732714198772e-29,3.9807834891829644e-29
Ctse,11.250078,0.19540244,2.3138723466760163e-29,3.9871729260073744e-29
Ro60,11.248633,0.80067986,2.352080733424959e-29,4.052501452637812e-29
Llgl1,11.244456,1.0893724,2.4661017214668754e-29,4.2484178686142e-29
Ruvbl1,11.240695,0.68800026,2.5734842680013785e-29,4.432850153031723e-29
Bnip2,11.237772,2.2523444,2.660104800223517e-29,4.581477725825768e-29
Hist1h1b,11.2328615,-0.13518785,2.8122113335292507e-29,4.8428396909724846e-29
Bysl,11.2286415,0.5680354,2.9497771919243593e-29,5.079098854138204e-29
Osgepl1,11.215898,1.140019,3.4071264835906987e-29,5.865851021415436e-29
D11Wsu47e,11.21516,1.045887,3.4356139302981935e-29,5.914151623467748e-29
Bbs2,11.209862,0.3159009,3.6476428404811546e-29,6.278353158411554e-29
Tubgcp5,11.202014,0.77912915,3.9857015380271714e-29,6.859359241444949e-29
Ctif,11.198106,1.2801092,4.1654244385192105e-29,7.167758801654739e-29
Zfp784,11.176489,1.1088619,5.31514689233477e-29,9.145021861182432e-29
Bcl2l11,11.173006,0.8884377,5.527789941931509e-29,9.509690207059177e-29
Trub1,11.164392,0.15735349,6.090586757484016e-29,1.047657533441433e-28
Prmt9,11.1588,1.0004271,6.486096447498023e-29,1.1155498543521e-28
Calu,11.158412,0.8014549,6.514504534418221e-29,1.120294888181202e-28
Prss23,11.143922,0.65829563,7.666687874630844e-29,1.3182692906522922e-28
Mettl8,11.135314,0.14029,8.444699272867312e-29,1.4518639999555004e-28
Qtrt1,11.133724,0.07519302,8.596750009074286e-29,1.4778196904348317e-28
Megf9,11.13216,1.0040985,8.748941880092122e-29,1.503793114759424e-28
Zfhx3,11.132003,-0.34370312,8.764401078010693e-29,1.506260961942896e-28
Cwf19l1,11.131781,0.49749812,8.786230502061136e-29,1.5098228463896208e-28
Klhl28,11.128603,1.1411859,9.105111461423668e-29,1.564422656551937e-28
Ing3,11.126677,0.38490993,9.303963435580635e-29,1.5983881907231806e-28
Cby1,11.124422,0.48449382,9.542258712010589e-29,1.6391205613207489e-28
Etaa1,11.114176,0.5764109,1.0703454515255029e-28,1.8383539374040758e-28
Slc5a9,11.111032,1.4969182,1.1087157061424905e-28,1.904016988760336e-28
Nbea,11.098647,0.88755846,1.2735744732525288e-28,2.186857222718274e-28
Trmt5,11.0953665,1.4257892,1.3211725760217549e-28,2.2683031986311988e-28
Aldh3b1,11.093297,0.94512826,1.352101562518098e-28,2.3211133401249044e-28
Tmem177,11.091057,1.4664433,1.3864066057308302e-28,2.37970507510595e-28
Amacr,11.081836,1.6632948,1.5368916689455365e-28,2.637674896188531e-28
Lrrc51,11.080374,0.09906543,1.5621843529337373e-28,2.6804104173612115e-28
Tyw5,11.074634,0.887274,1.665599751434981e-28,2.857492987187726e-28
Zfp950,11.0709095,2.058298,1.7362849317994094e-28,2.978386407721641e-28
Arsk,11.069981,0.9936998,1.7543929496882557e-28,3.0090710632117015e-28
Cep68,11.068893,0.93409485,1.775803105705931e-28,3.045411019629873e-28
Ano6,11.056924,0.27055576,2.0293932765864135e-28,3.4798687219209037e-28
Xkr9,11.054441,1.3614116,2.086304316462475e-28,3.577007463343072e-28
Gbp3,11.045333,2.282466,2.3091014152899613e-28,3.9585009219117736e-28
Spidr,11.044527,1.0857973,2.329910517910028e-28,3.9936733933842606e-28
Esrrg,11.026376,0.181211,2.851242328054538e-28,4.88666986290836e-28
Zfp626,11.02552,1.9223495,2.878494725119834e-28,4.932758817796207e-28
Pym1,11.016886,0.40020913,3.16832056336416e-28,5.428741223406201e-28
Ubxn2b,11.016771,0.57783854,3.1723496027468247e-28,5.434963770679381e-28
Atrip,11.006652,1.3106018,3.549520343405672e-28,6.080382149075857e-28
Gas7,11.004196,0.8831274,3.647547967655188e-28,6.247522351914416e-28
Spef1,10.993719,1.123075,4.096906406988516e-28,7.016304961248336e-28
Slc25a33,10.989003,0.4516632,4.316663975679688e-28,7.391733016205827e-28
Lig1,10.988396,0.32823145,4.345832476984935e-28,7.440748606832227e-28
Osgin2,10.986622,1.130481,4.432057895449074e-28,7.587430110198559e-28
Lrrc8e,10.986274,1.6112006,4.449176587548249e-28,7.615782930870235e-28
Swsap1,10.984875,1.0555713,4.518667561392241e-28,7.733764568465444e-28
Hells,10.980593,0.8659451,4.738039952932734e-28,8.10820877942124e-28
Tex30,10.977868,1.18164,4.883119028810256e-28,8.355437026899431e-28
Sbf1,10.970144,1.6425276,5.3187526241299565e-28,9.099705008754804e-28
Nolc1,10.968008,0.2889728,5.445884914089064e-28,9.316046559940949e-28
Map4k4,10.961082,1.0807004,5.879162508090305e-28,1.0055978398766094e-27
G3bp1,10.950956,1.427551,6.574997200159451e-28,1.1244758218131627e-27
Mettl15,10.949895,0.19943115,6.6524563458317575e-28,1.137580849434154e-27
Rbm19,10.944672,0.78927547,7.047233148895059e-28,1.2049376508019497e-27
Sqor,10.942627,0.37269285,7.208083725175503e-28,1.2322858475031254e-27
Klhl18,10.94189,1.7196927,7.266899895180122e-28,1.242185700832352e-27
Whrn,10.935908,0.6032361,7.762434910313407e-28,1.326725376809597e-27
Hoxb3,10.927315,1.0144136,8.533640851692946e-28,1.4583546444251567e-27
Elac1,10.919152,1.7438437,9.336323888903807e-28,1.5953296161534367e-27
Nlrp1b,10.918604,1.3626677,9.392850599360265e-28,1.6047880053254826e-27
Sesn1,10.91545,1.1096112,9.724656109786887e-28,1.6612701099479782e-27
Lrwd1,10.911448,0.61393046,1.016253085147732e-27,1.735855725630182e-27
Nr1h3,10.908484,1.1435195,1.0499243904005058e-27,1.793145502526154e-27
Zcchc10,10.906796,0.1216889,1.0695954080838154e-27,1.826513137555716e-27
Rev1,10.904668,1.9823719,1.094928477495619e-27,1.8695401335688088e-27
Cdon,10.9041195,1.1666659,1.1015490361437783e-27,1.8806096216312318e-27
Tln2,10.900365,2.0395615,1.1479647042917067e-27,1.959607705803157e-27
Lrrc28,10.898729,0.14023425,1.1687828743381561e-27,1.9948958819987873e-27
Fam185a,10.897011,1.0319073,1.1910668338183037e-27,2.0326767693080377e-27
H2-Eb1,10.893921,1.472257,1.2321868794671044e-27,2.1025899147382896e-27
Mab21l4,10.889787,0.7425858,1.2894138252503077e-27,2.199966819750213e-27
Mettl2,10.885477,0.7046177,1.3518907996481361e-27,2.3062757840803718e-27
Dusp23,10.880642,1.1156594,1.425548003011333e-27,2.431516409760499e-27
Rarg,10.880635,0.87251425,1.4256598591195377e-27,2.431516409760499e-27
Sema4d,10.880609,0.42139792,1.42607007265988e-27,2.4319127377009427e-27
Fam172a,10.868289,0.78351957,1.6323343992816804e-27,2.7833133304460075e-27
Zfp526,10.865027,0.8379179,1.6917182060785317e-27,2.884209757901e-27
Ccdc163,10.864491,1.355984,1.701688380720858e-27,2.900846248611036e-27
Glis3,10.862754,0.78638923,1.7343937327558438e-27,2.9562301253192278e-27
Emc8,10.860222,1.3135481,1.7831571350897003e-27,3.0389673258165068e-27
Cst6,10.857056,1.139298,1.8460514473847567e-27,3.1457636813690405e-27
Irf2bpl,10.852982,2.3042884,1.930237019416668e-27,3.288810271682399e-27
Ttf2,10.849483,1.0536567,2.0055832609610896e-27,3.4167623138959636e-27
Tipin,10.847882,0.29207247,2.0409871928327616e-27,3.4766442279506744e-27
Xpnpep3,10.845472,0.53334856,2.0955042154647746e-27,3.5690646589215086e-27
Rpap2,10.844994,-0.10505518,2.1065137780194907e-27,3.587369354223728e-27
Lin52,10.841541,1.5226641,2.1875397262292792e-27,3.724891763937914e-27
Naca,10.836259,-0.21982665,2.3175630897072127e-27,3.9458012016616204e-27
Slc7a8,10.834857,1.9036692,2.353331921456318e-27,4.006201173399122e-27
Pprc1,10.827391,0.90457684,2.5532831737248816e-27,4.346047722266337e-27
Lrrc40,10.824711,0.6230426,2.6290752187896648e-27,4.474499516732877e-27
Adat2,10.8112135,0.83060044,3.046146801463933e-27,5.183680625935699e-27
Hcfc1r1,10.809508,-0.31042564,3.103277470568844e-27,5.280243798684702e-27
Rrs1,10.808254,1.434513,3.1459836289216418e-27,5.3522426132748754e-27
Epn2,10.806133,1.2852733,3.219574388306706e-27,5.4767607613004366e-27
Rad52,10.805323,-0.31549934,3.248136141510137e-27,5.524659419794916e-27
Tkt,10.802441,-0.010024819,3.3517486464362264e-27,5.700181910212087e-27
Gstp3,10.800066,0.40726864,3.439563933867477e-27,5.8487984078136966e-27
Smc2,10.798486,0.63559306,3.4992802499545496e-27,5.9496030608141816e-27
Rogdi,10.79305,-0.11834878,3.712594879495913e-27,6.3115036023255356e-27
Ube2o,10.783385,0.75801116,4.124207098964313e-27,7.010383104827469e-27
Zfp579,10.7785015,1.0172648,4.3491502597717804e-27,7.391825727365038e-27
Fzd8,10.773514,0.66308904,4.591364509441082e-27,7.802523880527748e-27
Pmp22,10.770374,0.1858369,4.750660702846868e-27,8.0722272752772e-27
Wdr59,10.764965,1.3428108,5.038060725933736e-27,8.559508066485755e-27
Ada,10.761699,-0.07768024,5.2198691057495554e-27,8.867293170326108e-27
Cdk1,10.751821,0.56359214,5.810351236213847e-27,9.86915329216549e-27
Fktn,10.751558,1.2166197,5.8268959587024664e-27,9.896026109694018e-27
Cenpl,10.747022,0.48417553,6.120627559891193e-27,1.0393590200113258e-26
Zfp948,10.735033,0.70431143,6.96942975012245e-27,1.1833492902026882e-26
Heatr3,10.733936,0.8149917,7.052663308567816e-27,1.1973329701386082e-26
Zfp729b,10.725485,1.514975,7.728049229182538e-27,1.3118306009070408e-26
B4galnt2,10.724355,0.3769373,7.823085025877151e-27,1.3277980356071744e-26
Ss18l1,10.724269,0.5701847,7.830350101426997e-27,1.3288661905809653e-26
Slc38a6,10.723032,1.9246657,7.935834724372928e-27,1.3466005690011142e-26
P4ha1,10.722317,0.78569573,7.997449828719033e-27,1.356887424413558e-26
Itgb3bp,10.72016,0.0067714523,8.186210370087043e-27,1.3887411836117147e-26
Dnajc17,10.713461,0.17387527,8.800913854194757e-27,1.492836727314727e-26
Orc6,10.70925,0.96141046,9.210432602325261e-27,1.5621067324419936e-26
Sri,10.705348,0.48981678,9.606886022983786e-27,1.6291439281287608e-26
Sh3bp2,10.703732,0.8562193,9.775999045964893e-27,1.6576167012221936e-26
Ccnjl,10.688196,-0.09689071,1.1559768635896239e-26,1.9598293589868715e-26
Ctsf,10.679063,0.9762077,1.2755246079670656e-26,2.1622411074686526e-26
Zfp606,10.677597,1.4702084,1.2958257513157852e-26,2.1963828890980866e-26
Gtdc1,10.674493,0.5001574,1.3398677723266073e-26,2.2707512438426513e-26
Pomt2,10.673885,0.4776431,1.3486657250111252e-26,2.2853784125808102e-26
Asah2,10.667244,0.94822323,1.4485995281236254e-26,2.4544168686768153e-26
C1qtnf6,10.6649885,0.5910037,1.4841751925864682e-26,2.5143825270837407e-26
Adgre5,10.663706,0.05369157,1.504792420148973e-26,2.5489949641443334e-26
Sh3tc1,10.660295,1.9048878,1.5610235355731735e-26,2.643918361278566e-26
Rnf32,10.651191,1.0762645,1.7214956662037168e-26,2.915350245862022e-26
Bcdin3d,10.650952,0.8109456,1.725910293050607e-26,2.9224644944857664e-26
Stat5a,10.650306,0.11903827,1.7379304335580827e-26,2.942453717829241e-26
Cdkn2d,10.649584,0.34651366,1.7514682210767292e-26,2.965007170490749e-26
Tacc3,10.648959,0.6731138,1.7632584128666167e-26,2.984596954567519e-26
Fads2,10.643712,-0.09664962,1.8654630819073617e-26,3.1572039164706895e-26
Sgsh,10.633966,0.2947936,2.071121310804981e-26,3.504836520883321e-26
Slc38a9,10.632553,0.97337204,2.102764054867459e-26,3.557943386576652e-26
Casp14,10.632479,1.1161419,2.1044313471438377e-26,3.5603239728061336e-26
C1qtnf12,10.630741,1.0958667,2.1440196219661053e-26,3.626851599503524e-26
Rcl1,10.629344,-0.0043927166,2.1763768387507753e-26,3.6811321298598455e-26
Armc6,10.626669,0.7798241,2.23968719408712e-26,3.7877470169603467e-26
Brat1,10.624381,0.93955463,2.2953035401116152e-26,3.8813250786479954e-26
Rab23,10.624257,0.9151279,2.2983548765726558e-26,3.886004319625503e-26
F11r,10.620843,0.23081563,2.3839825895679705e-26,4.03028333691952e-26
Adamts15,10.615901,1.1690195,2.5135710157569914e-26,4.248836049502702e-26
Matn2,10.613712,0.34606472,2.5731657396310917e-26,4.3490349140347525e-26
Slc37a4,10.613553,1.818656,2.5775696904144095e-26,4.3559398809215334e-26
Kif23,10.609593,0.8313728,2.6891691438929807e-26,4.54397479831169e-26
Agtrap,10.606637,1.2273271,2.7755929251960347e-26,4.689428373122779e-26
Nicn1,10.60514,0.25125408,2.820407056565095e-26,4.764554230824913e-26
Shank2,10.604855,1.1273007,2.8290515344480683e-26,4.778567160767952e-26
Prickle3,10.603183,-0.052915666,2.880077110853398e-26,4.864153944784515e-26
Hs3st1,10.597414,0.1861576,3.063340522451003e-26,5.173028111202454e-26
Cluap1,10.596515,0.36001435,3.0929126142883283e-26,5.222321274279898e-26
Ano1,10.586109,-0.0388664,3.4566157806154284e-26,5.835706271594565e-26
Klhl42,10.5850315,0.7577593,3.496618438030547e-26,5.902512916932197e-26
N6amt1,10.584639,0.44215217,3.5113352320280316e-26,5.926624203651362e-26
Tmem267,10.582028,0.84892523,3.610569178399168e-26,6.093364619845567e-26
Cntnap1,10.57492,1.7443744,3.895128325538612e-26,6.572788728003519e-26
Zfand2a,10.572149,0.9385456,4.0119363079780043e-26,6.769059717655671e-26
Fbxo45,10.572016,1.8191636,4.017652480740493e-26,6.777867958811528e-26
Prxl2a,10.570662,1.0005502,4.076088977615001e-26,6.875603400627252e-26
Zswim1,10.558175,0.25091356,4.656281163689722e-26,7.853310916805248e-26
Dclre1a,10.557376,0.67607695,4.696056000164869e-26,7.91941864622698e-26
Dusp5,10.55279,0.90356266,4.9311026519031555e-26,8.314775433387874e-26
Zdhhc15,10.550803,1.3875461,5.0364495193954016e-26,8.491363232367416e-26
Slc37a2,10.549213,-0.4736566,5.122408710310738e-26,8.635224249691733e-26
Gpr39,10.548263,1.2982969,5.174523089151983e-26,8.722002125496533e-26
Knstrn,10.539413,0.59370613,5.685252114627192e-26,9.581688768489875e-26
Gcnt1,10.529162,0.93448216,6.339609157760019e-26,1.0683198426662756e-25
Raet1e,10.527363,0.91886014,6.461971737747187e-26,1.0888056125393392e-25
Cep85,10.5182085,1.0774856,7.121493918117059e-26,1.1997835324658222e-25
Pinx1,10.508964,1.0637286,7.855217351484642e-26,1.3232335215761578e-25
Adap2,10.506806,1.4988391,8.036951811629392e-26,1.3536804535537864e-25
Ceacam1,10.498134,0.3629198,8.810515948693686e-26,1.4837907093397312e-25
Klf7,10.4948435,2.0265129,9.122878553019058e-26,1.53620692294712e-25
Slc25a14,10.487825,0.6479016,9.826408845968622e-26,1.6544710781657338e-25
Sh3bp5,10.483577,0.8907367,1.0278109657270238e-25,1.7303108403689586e-25
Jmjd7,10.481995,0.5356932,1.0451632137766735e-25,1.7593066160014785e-25
Arhgap8,10.475598,0.42534646,1.1182843762385403e-25,1.8821586270845587e-25
Kdm2b,10.473424,0.97788167,1.144276572205552e-25,1.9256684869444896e-25
Trim62,10.470203,0.44366902,1.18388462972362e-25,1.9920785420783198e-25
Fhit,10.470151,0.27626526,1.184540733793965e-25,1.9929373197136408e-25
Chst4,10.466563,0.105044626,1.2302903509572766e-25,2.0696543916029965e-25
Atg16l2,10.458286,0.76485425,1.34262218866668e-25,2.258346670358776e-25
Alg2,10.455139,0.6853362,1.3879462042509775e-25,2.334296438707677e-25
Per2,10.453273,0.38912863,1.4155447291195006e-25,2.3804198439140645e-25
Nt5c3b,10.450424,0.39094055,1.4587169397401508e-25,2.4527178348637107e-25
Lmbr1,10.44614,0.57871604,1.5261060903982977e-25,2.5657119235550433e-25
Taf5,10.431297,0.8389117,1.7843435831038337e-25,2.9994958203988844e-25
Rapgef5,10.427695,0.7185664,1.8532817528492928e-25,3.1149985214127437e-25
Riok1,10.425531,1.1716365,1.8959714627178867e-25,3.1863598073819714e-25
Ripor1,10.4223585,0.07310929,1.9603156380933093e-25,3.2940914660759405e-25
Ttbk2,10.415869,0.45449245,2.0987190665376605e-25,3.5262296639516534e-25
Mocs3,10.3991,1.628783,2.5028437103599572e-25,4.204715938473269e-25
Wdr75,10.399017,0.76200473,2.5050360321881926e-25,4.207882046452958e-25
Arf2,10.397918,1.0605761,2.5340902710238124e-25,4.256163652204695e-25
Trim34a,10.397301,2.0722935,2.5505598407671406e-25,4.283299253652296e-25
Mdc1,10.391556,0.61906695,2.7089857677602303e-25,4.548794250260455e-25
March3,10.388576,1.2901487,2.794958759544366e-25,4.6925796239127325e-25
Itga7,10.384666,0.9357631,2.9118682141096985e-25,4.888263912097978e-25
Gpr21,10.375748,1.5138354,3.196996899619891e-25,5.366261519860318e-25
Wdr70,10.372033,1.4972982,3.323750056510123e-25,5.578336036177704e-25
Vsig2,10.370728,0.98879606,3.369506973417667e-25,5.654437091850116e-25
Saa1,10.369318,-0.2382613,3.419554076454981e-25,5.737718036260352e-25
Ift74,10.360906,0.71561515,3.7341022528147294e-25,6.264734180743642e-25
Tecpr2,10.348475,1.091397,4.252013262235332e-25,7.132762679228184e-25
Srpk2,10.346199,0.5928404,4.354308631463346e-25,7.303467500951951e-25
Il18bp,10.3365345,1.4147245,4.816400131397679e-25,8.0775413044963525e-25
Ube2c,10.330141,-0.26638472,5.148484317591373e-25,8.63341790840736e-25
Tor1b,10.328939,0.68973535,5.213375216315916e-25,8.741160628141263e-25
Ptrh2,10.315404,0.50537556,6.002853822522927e-25,1.0063629523476895e-24
Bbc3,10.315334,0.37159398,6.007175752866945e-25,1.0069640649724869e-24
Sdhaf3,10.311584,1.1665556,6.246280920270837e-25,1.0469161856196065e-24
Clec16a,10.302876,0.8726176,6.838551356828821e-25,1.1460439927038496e-24
Acaa1b,10.295587,1.8907664,7.376893230370424e-25,1.2361109536247463e-24
Zfp961,10.29109,1.5001823,7.729630352125979e-25,1.2950587486562456e-24
Zrsr1,10.283228,0.67194974,8.387066280205393e-25,1.4050365231141582e-24
Hps4,10.280408,0.8509059,8.63614788509846e-25,1.4465865057413206e-24
Nubpl,10.2704525,1.405574,9.575447783250749e-25,1.60372625151199e-24
Aldh3b2,10.269141,0.70467025,9.706472666936897e-25,1.6254716350766844e-24
Ubtd1,10.261713,1.0277268,1.0483032324404888e-24,1.7553014207938883e-24
Zfp408,10.247934,1.5658507,1.2090002568244946e-24,2.0241281234176007e-24
Tmeff1,10.244989,0.4190447,1.2463794196747217e-24,2.086453490519258e-24
Fbxl15,10.243021,0.9782806,1.272016246917052e-24,2.1291092015410878e-24
Ddx51,10.239535,0.689763,1.3186798872893687e-24,2.2069449833168665e-24
Cchcr1,10.235135,2.1066656,1.3800293134935687e-24,2.309336865152295e-24
Creb3l2,10.234732,-0.3571811,1.3857851257637802e-24,2.3186848886357144e-24
Krba1,10.2227125,2.1025467,1.5688875159232433e-24,2.6247292366344937e-24
Zdhhc2,10.215787,-0.19203953,1.685063446915941e-24,2.81874527664532e-24
Ptpn4,10.206707,1.1376929,1.8503925015347655e-24,3.0949263036311058e-24
Prmt3,10.204423,0.59114254,1.8944429738553304e-24,3.1682166647268732e-24
Itpripl2,10.202296,1.3864758,1.936391929543868e-24,3.2379750105786734e-24
Brms1l,10.193274,1.1347533,2.1248705481698528e-24,3.552708735324947e-24
Crtc1,10.190508,1.4592578,2.1861921928038372e-24,3.654789515475853e-24
Snapc4,10.19031,1.6024551,2.1906464701758125e-24,3.661788348570375e-24
Apip,10.184574,0.8630054,2.3237482642161054e-24,3.883800722702914e-24
Ccl6,10.184479,0.60005605,2.326027475523177e-24,3.887135002783752e-24
Zkscan5,10.183377,1.8766252,2.352513412766348e-24,3.9309165346505144e-24
Socs5,10.176109,1.2847506,2.5349585187799566e-24,4.2352544586824564e-24
Tcf7l1,10.160713,0.18802215,2.9689533417264165e-24,4.959740648437423e-24
Dll4,10.157295,1.0622416,3.0748886693622415e-24,5.136081904669433e-24
Zkscan8,10.153981,1.3609793,3.181144770562046e-24,5.312915820400095e-24
Pkd2,10.1509495,0.53111273,3.2815636338691408e-24,5.479958809764379e-24
Fzd6,10.140715,0.041720174,3.644226244177238e-24,6.084834418696426e-24
Fggy,10.136722,1.4312705,3.796255248073166e-24,6.3379063017214674e-24
Sox4,10.135248,0.3655103,3.853919643719211e-24,6.433392471662623e-24
Ttc27,10.134631,1.2399809,3.878343662526482e-24,6.473373560972739e-24
Lrrc20,10.132593,0.45218006,3.96006483659928e-24,6.6089683476318226e-24
Pars2,10.132536,1.4528893,3.962383207328399e-24,6.612030550361911e-24
Myorg,10.131978,1.4117349,3.985057895171768e-24,6.64905645637798e-24
Dusp8,10.131575,0.911678,4.0015139454426354e-24,6.675698817119438e-24
Emc9,10.124731,0.8313877,4.291581609110941e-24,7.158743413587718e-24
Nek2,10.122986,0.61038935,4.368811077038173e-24,7.286680263263449e-24
Zmym4,10.120859,1.4857378,4.464784205662611e-24,7.445844391760512e-24
Fam214a,10.119365,0.98322475,4.533492088878505e-24,7.559505464627918e-24
Prps1,10.118856,1.6390622,4.5570705452100446e-24,7.597895599335207e-24
Zfp213,10.118842,1.0450162,4.557736483074673e-24,7.598079532615648e-24
Zfp870,10.111345,1.5725839,4.9204038320155756e-24,8.20167264783191e-24
Zfp775,10.104275,0.48558044,5.2885618502615104e-24,8.814269750435851e-24
Rbm41,10.095518,0.6166228,5.7824823914444535e-24,9.636296210456118e-24
Fbxo21,10.091048,0.90962934,6.051965169158127e-24,1.0084150565156256e-23
Zfp952,10.087134,1.4321343,6.298152970065389e-24,1.0493085022617469e-23
Mpv17l,10.086858,0.18330662,6.3159154730929196e-24,1.0521396527536322e-23
Mdn1,10.086777,1.0236264,6.321131120272095e-24,1.0528802444545786e-23
Tpgs2,10.079527,-0.38616446,6.805297676929414e-24,1.1333874769456794e-23
Abhd8,10.076957,-0.054151192,6.985602746749468e-24,1.1632746902313563e-23
Kcnf1,10.074831,0.87957495,7.138368763526668e-24,1.1885692541242809e-23
Dpf3,10.073603,1.0749881,7.228070696798466e-24,1.203358494992927e-23
Acap3,10.071,0.7794732,7.421983527597048e-24,1.2354914758355403e-23
Hepacam2,10.070042,-0.37305978,7.494659089162662e-24,1.2474374761964386e-23
Gemin2,10.065259,1.1918976,7.867981901195533e-24,1.3094152671151141e-23
Pex1,10.061304,1.0302923,8.190595982000962e-24,1.3629398887060496e-23
Sclt1,10.059101,0.5591795,8.375924846472268e-24,1.3936095908931532e-23
Pdzd7,10.056987,1.369964,8.557737576897068e-24,1.4236868779083627e-23
Tnfrsf12a,10.04846,0.91766936,9.331449922747946e-24,1.552214787660603e-23
Snupn,10.042927,0.09664934,9.870142910464847e-24,1.6416225285892337e-23
Fmo4,10.038816,0.715402,1.029010358359463e-23,1.7112631218005175e-23
Fam220a-1,10.032645,0.7553054,1.095423476748613e-23,1.821487845882452e-23
Hpdl,10.026216,0.32338706,1.1691224172764374e-23,1.943799277356265e-23
Mfap1b,10.023688,1.1330442,1.1994141821375182e-23,1.993920367217428e-23
Ero1lb,10.0189495,0.8812722,1.2583363636618553e-23,2.0916190316124797e-23
Tfb1m,10.01417,0.31329674,1.3206648849699843e-23,2.19495531137148e-23
Zfp65,10.012029,1.6924062,1.3495627619012275e-23,2.242711236966738e-23
Pla2g6,10.008257,1.6304575,1.4020031979316851e-23,2.3295739649715423e-23
Capn8,9.999494,0.36634824,1.5317764409976974e-23,2.5448964683080444e-23
Duoxa2,9.985739,0.86350775,1.7598504925669142e-23,2.923463980302788e-23
Zfp251,9.985553,1.3271573,1.7631533988574907e-23,2.928595011463159e-23
Ttr,9.983784,-0.4546512,1.7948819032732922e-23,2.980933935786042e-23
Zfp157,9.9788065,1.0081563,1.88723249826684e-23,3.133928890564546e-23
Lgals12,9.974896,0.8428344,1.9630543014068008e-23,3.259442395791404e-23
Helq,9.972437,1.1202494,2.0123048612016673e-23,3.3408120646998666e-23
Rfc5,9.970355,0.6017634,2.0549212849629068e-23,3.411149377502762e-23
Zfp113,9.970162,0.5949573,2.0589204028750814e-23,3.417373043975815e-23
Rhobtb2,9.9679165,0.8588411,2.1059984679307244e-23,3.495088476814643e-23
Apbb2,9.965039,0.99000865,2.167881188119331e-23,3.597351686389012e-23
Uqcr10,9.945515,-0.08707334,2.6380589890018806e-23,4.377027017059053e-23
Rbm8a,9.943176,1.751319,2.700751666884838e-23,4.480502128430203e-23
Btg3,9.931176,1.054435,3.046419445613639e-23,5.053346181315685e-23
Pclaf,9.928136,0.5826578,3.14070806256381e-23,5.2091185876967986e-23
Traf3,9.92282,1.3578914,3.3126176487117513e-23,5.493578261718796e-23
Alkbh2,9.92128,1.4028323,3.364135352369513e-23,5.578337691724639e-23
Xylt2,9.919067,0.52381665,3.439533401211896e-23,5.702669648590286e-23
Pus7,9.903439,0.70014817,4.022021900218763e-23,6.66761419390127e-23
Zfp87,9.899131,1.490195,4.199071794785511e-23,6.96027961135659e-23
Alg6,9.89673,0.9336796,4.3010635959043147e-23,7.128474690824324e-23
Ano8,9.892828,1.168588,4.4721226885518147e-23,7.411085526653668e-23
Pla2g5,9.882095,0.47595632,4.978076809200425e-23,8.248539969200994e-23
Clasp2,9.875376,1.6318998,5.323326205098101e-23,8.819540326474017e-23
Spink4,9.868631,-0.21501641,5.693618231082312e-23,9.431887257425877e-23
Extl2,9.86065,0.40201524,6.164902956298942e-23,1.0211367239266961e-22
Dip2c,9.858645,1.1536746,6.289232911986875e-23,1.0416042154707583e-22
Ntmt1,9.857098,1.2785367,6.386872481732111e-23,1.0576469022485665e-22
Enpp1,9.852364,-0.0024105327,6.695077412555799e-23,1.1085504736251428e-22
Atr,9.849326,0.48690552,6.900493347697474e-23,1.142424292127881e-22
Dtd1,9.840156,1.0219653,7.559398288338044e-23,1.2513590557199218e-22
Rims4,9.832353,0.6915688,8.16876071719736e-23,1.3520673300372051e-22
Endov,9.831459,1.3287033,8.241610420505855e-23,1.3639600931915473e-22
Kbtbd8,9.8302355,1.1237538,8.342311565109486e-23,1.3804587445894509e-22
Cdkn2c,9.815346,0.8192486,9.67056892173327e-23,1.6000608591010582e-22
Spc24,9.814447,0.89719284,9.757126197045484e-23,1.614187040220143e-22
Hic2,9.813317,1.4072162,9.867043207088238e-23,1.6321738944832668e-22
Itga1,9.809536,0.676935,1.0243813128333414e-22,1.6942929914121846e-22
Homez,9.805328,0.0918486,1.0679866698116735e-22,1.7662011984127023e-22
Taf3,9.801705,0.73504597,1.107008281365538e-22,1.830512484603837e-22
Odf2l,9.801529,0.99463487,1.108943630821437e-22,1.8334910109398078e-22
Uevld,9.791476,0.93870693,1.2249472079834311e-22,2.0250426824435953e-22
Zfp945,9.777394,0.46530053,1.4078881292248953e-22,2.327193299546772e-22
Lnx1,9.774333,1.0601712,1.451098866815834e-22,2.3983293453839174e-22
Ephb3,9.774164,0.2619732,1.4535261784936666e-22,2.4020508146103796e-22
Flvcr1,9.773017,1.7332468,1.470076535251187e-22,2.4291078563992245e-22
Edn3,9.760184,0.89677554,1.6685138748384284e-22,2.7566663330210834e-22
Dnajc28,9.755319,0.5257383,1.7504958410307346e-22,2.8917649946962186e-22
Cd55,9.743502,0.21188287,1.9665809126512506e-22,3.248338444317653e-22
Wdfy2,9.742786,1.5910202,1.9804744653687866e-22,3.270892308444222e-22
Rbak,9.741254,1.6371133,2.0105810880241503e-22,3.320214512586675e-22
Fam120c,9.739461,0.35220742,2.0463664033578612e-22,3.378901299917743e-22
Cd302,9.734016,0.4987675,2.1589650726311165e-22,3.564390603432394e-22
Uros,9.718156,0.66798145,2.523090582665556e-22,4.165048734663384e-22
Rsrc1,9.709793,1.3739587,2.7389208138457363e-22,4.520789635406209e-22
Atg14,9.701519,0.5178709,2.9704383149111354e-22,4.902334534927561e-22
Trim23,9.693252,1.3758116,3.221081702945901e-22,5.315348411703294e-22
Tmem201,9.680333,0.49706715,3.655241460093134e-22,6.031060203519982e-22
Pold1,9.670659,0.27122653,4.0178294784442863e-22,6.627722330244345e-22
Nek4,9.664685,0.41179422,4.25929142442717e-22,7.025185168139132e-22
Dus2,9.659376,-0.13939221,4.485888859332828e-22,7.3980378860801285e-22
Mtrf1,9.652309,0.3947866,4.806076442047235e-22,7.925129066079336e-22
Ift172,9.641103,1.0638715,5.36087769290519e-22,8.838919996440617e-22
Ces2c,9.627415,0.13498129,6.125115058675227e-22,1.009776352349412e-21
Zfp54,9.615498,1.8313622,6.877612516818845e-22,1.1335585291972726e-21
Ppm1k,9.59917,1.3847357,8.059079459389982e-22,1.3281261943499397e-21
Znhit6,9.595685,0.3529973,8.33617759706001e-22,1.3736260831400849e-21
Zfp846,9.589937,1.2341934,8.813877437245425e-22,1.4521659512570023e-21
Anp32b,9.589481,0.72037345,8.852858724000094e-22,1.4584127581098816e-21
Impdh1,9.587284,0.45972824,9.043442587723772e-22,1.4896299372093783e-21
Slc6a14,9.583906,0.099539414,9.344288342579534e-22,1.5389996758373495e-21
Ankrd39,9.577006,1.1965934,9.989820410452848e-22,1.6451203529978649e-21
Klk1,9.575483,-0.3290721,1.0138196385059084e-21,1.6693538298095482e-21
Hoxb13,9.572923,0.1857939,1.039250719249238e-21,1.711022584364716e-21
Stra6l,9.571193,0.9260085,1.0567980660789321e-21,1.7397030881942213e-21
Large2,9.570317,0.5034455,1.065779646899481e-21,1.7540662740823688e-21
Rasa4,9.564622,0.5438849,1.1261198480277559e-21,1.8531514947989844e-21
Mycl,9.559585,0.92673826,1.1822982418403252e-21,1.9453649930413244e-21
Taf4b,9.558174,1.4927163,1.1985290656530445e-21,1.9718340920121974e-21
Haus1,9.55805,-0.13583198,1.1999652345591865e-21,1.9739594108741578e-21
Tmem80,9.554862,1.6385775,1.2374817201598394e-21,2.035429699685567e-21
Mb21d2,9.554805,1.5098687,1.2381656596601818e-21,2.0363097289059513e-21
Setd4,9.548173,1.8924857,1.320033228029176e-21,2.1706895614837643e-21
Polr3h,9.540764,0.69335806,1.4178392224867245e-21,2.3312434011670022e-21
Top2a,9.539093,0.04589836,1.440871270842503e-21,2.3688283997080106e-21
Mus81,9.53623,1.3796116,1.4811947656236137e-21,2.434828515434898e-21
Psmg2,9.534008,0.8148441,1.513254178387649e-21,2.4872296742128723e-21
Cdca7l,9.529055,0.94259495,1.5872268841483125e-21,2.6084998967345478e-21
Chek2,9.527144,0.7944385,1.6166865100445664e-21,2.656595532907888e-21
Rfc4,9.524706,0.9877659,1.6550987484951116e-21,2.719389088750529e-21
Rhbdl1,9.522158,1.6994038,1.6962030518491343e-21,2.786590189096217e-21
Aqp1,9.51507,0.30386114,1.8159038521594896e-21,2.9828811024962187e-21
Trp53rka,9.5147295,1.5603365,1.821867441912933e-21,2.9923177117654766e-21
Fancc,9.512441,2.2228918,1.8624074372212773e-21,3.0585350911493895e-21
Trmt44,9.509797,1.7076317,1.910351513506582e-21,3.136894446109811e-21
Rfx3,9.507301,0.43889388,1.9567349119507017e-21,3.2126725802528326e-21
Noc3l,9.497813,0.79292744,2.1434461528594555e-21,3.518802657905529e-21
Sh3kbp1,9.494528,0.33775505,2.2121144487411193e-21,3.631096517409051e-21
Mcf2l,9.4694395,1.0056267,2.813491350430539e-21,4.617678134558045e-21
B3galt6,9.461792,1.5153347,3.027103817735857e-21,4.9676760719474195e-21
Fbxl18,9.461423,1.0017829,3.037821615006104e-21,4.984666496905264e-21
Pde8a,9.46028,0.31398094,3.071180872161029e-21,5.038800051206008e-21
Cited4,9.448726,0.28816256,3.429806007361407e-21,5.6265111745042265e-21
Polk,9.447761,0.6351993,3.461582551985108e-21,5.677958665994524e-21
Tor3a,9.444628,0.8525597,3.566698324345207e-21,5.849676131616779e-21
Mafb,9.443772,-0.029746262,3.595962241335233e-21,5.896964102441457e-21
Zbtb34,9.440436,0.58927894,3.712285355270607e-21,6.086990675458699e-21
Tmem101,9.437006,1.2912871,3.835817287473016e-21,6.288790481500239e-21
Slc41a2,9.432873,0.7834069,3.990085465191264e-21,6.540927683587933e-21
Zbtb5,9.432177,0.56407565,4.0166607290821754e-21,6.583703160757371e-21
Gin1,9.422002,1.2284911,4.425678663392202e-21,7.25325452083993e-21
Utp25,9.409301,0.7743979,4.994497346972741e-21,8.18451182982052e-21
Ift88,9.405319,0.3834754,5.187245088715379e-21,8.499350178310904e-21
Elp1,9.395354,0.5644286,5.702543432787998e-21,9.342551987944875e-21
Rab11fip2,9.391698,0.31414306,5.904086235520601e-21,9.671583525484453e-21
Mknk1,9.389733,1.7812144,6.015238564319347e-21,9.852483814476832e-21
Lifr,9.368829,0.124405205,7.334187643431887e-21,1.2011379164542641e-20
Ormdl3,9.365043,0.38488317,7.601929683056894e-21,1.2448376052664715e-20
Cmc4,9.3629265,1.3204817,7.755839935670562e-21,1.2698887825705812e-20
Card14,9.352742,1.3144301,8.540434827868115e-21,1.3981856371494847e-20
Dpep1,9.351157,-0.009000826,8.66943360076497e-21,1.41913460007734e-20
Zfp160,9.343979,1.1062865,9.278049298886879e-21,1.518579583031455e-20
Bcl6,9.338894,0.7672133,9.734575885028951e-21,1.5931106417875887e-20
Lmf2,9.336393,1.0563343,9.967172916633242e-21,1.6309810893258295e-20
C87436,9.336166,0.74824923,9.988506902351281e-21,1.634276524164319e-20
Zc3h6,9.331186,1.3843031,1.046921259475082e-20,1.7127226011869538e-20
Cep70,9.329213,0.55337137,1.0666014804594382e-20,1.744709957569715e-20
Ptrhd1,9.329034,0.58273023,1.0684020753409357e-20,1.7474462839716894e-20
Fancf,9.326829,1.3547783,1.090858107136516e-20,1.78396132684667e-20
Wrap73,9.325179,0.945721,1.1079622476104162e-20,1.8117163381648262e-20
Rad1,9.319803,0.7343032,1.1655601909753432e-20,1.905671402628864e-20
Aoc2,9.307519,1.7658807,1.3085295710563732e-20,2.139168186992935e-20
Csgalnact2,9.306441,0.69701976,1.3218679427551964e-20,2.1607152901239913e-20
Orai2,9.305243,0.7397266,1.3368694042159386e-20,2.1849753917357428e-20
Zfp322a,9.29554,0.8597358,1.4646092350792794e-20,2.3934669323266188e-20
Selenoh,9.295058,0.9035911,1.4712543075702548e-20,2.4040390316672522e-20
Tsga10,9.288178,0.5306068,1.5695135368245442e-20,2.56428884301979e-20
Pqlc2,9.285101,1.7174919,1.6155424157614342e-20,2.639176028615173e-20
Ppl,9.283158,1.1929134,1.6452848045170534e-20,2.687442630407394e-20
Slc39a10,9.278848,0.26358554,1.7132119811908463e-20,2.798062085606691e-20
Cep295,9.2728615,1.063723,1.8121727088385027e-20,2.9593338659382044e-20
Hoxb4,9.267984,1.9345766,1.8969692984224774e-20,3.097439421603269e-20
Klhl25,9.26103,1.014242,2.0246885526368886e-20,3.305589297673048e-20
Zfp607a,9.256401,1.227542,2.1143950032257253e-20,3.4516356295943415e-20
Cklf,9.252372,1.3271767,2.1956512602151267e-20,3.5838542591837975e-20
Afap1,9.250792,1.005197,2.2283652306880274e-20,3.6368175832030996e-20
Tppp3,9.249373,-0.90685403,2.2581339570827405e-20,3.684962036170224e-20
Ccser1,9.243378,1.3811754,2.3883672805981714e-20,3.897019754466053e-20
Vav2,9.237673,1.440676,2.5191668219155237e-20,4.1099506430082067e-20
Zkscan7,9.224833,2.2947392,2.8400324896254854e-20,4.63288134267309e-20
Pogk,9.219758,1.2077603,2.9777264033513053e-20,4.8569189606189286e-20
Mmp28,9.210628,0.71448034,3.242248962817468e-20,5.28774651956218e-20
Rhbg,9.184571,1.6340382,4.13171039540117e-20,6.737555408670522e-20
Jade2,9.179407,0.8465537,4.334702608059194e-20,7.067730793514901e-20
Fzd1,9.176406,0.90343016,4.457191294744238e-20,7.266582135864026e-20
Znhit3,9.175734,0.9465827,4.4850927655316585e-20,7.311198422773327e-20
Ndc1,9.172265,0.2593888,4.631819208710457e-20,7.549478865210429e-20
Otud3,9.161283,1.0818797,5.1284160498394854e-20,8.357894110541647e-20
Rnf217,9.160599,0.9187277,5.1610374913959664e-20,8.4100557310343e-20
Dcun1d3,9.160108,1.502973,5.1845785502014856e-20,8.447409945669643e-20
Ntn4,9.156913,0.83701086,5.340321659979041e-20,8.700130891138122e-20
Ldhd,9.156245,0.5121932,5.373444461046556e-20,8.753049792115742e-20
Impact,9.149458,1.1886548,5.721977374106244e-20,9.31968087076023e-20
Taf13,9.14838,1.2784903,5.779330231432681e-20,9.411973432754783e-20
Cdan1,9.145937,0.927389,5.911503047097473e-20,9.626078133967365e-20
Nxpe4,9.134867,0.38742906,6.548765228429196e-20,1.0662503214521878e-19
Hsbp1l1,9.130702,0.7492101,6.805679889596792e-20,1.1079484820266205e-19
Fbxo36,9.129087,0.21946572,6.907896333909512e-20,1.1244552120725221e-19
Mbip,9.126773,1.9300524,7.057156305925526e-20,1.1486147641458172e-19
Tmem131l,9.124597,0.9143382,7.200406463449977e-20,1.171790531806241e-19
Cd44,9.121424,-0.10925773,7.414404329556858e-20,1.2064728606222041e-19
Ptges3l,9.118531,0.59844524,7.614898619353545e-20,1.2389498943445534e-19
Ceacam18,9.114446,2.159156,7.907367922058508e-20,1.2863818264828706e-19
Zfp346,9.10481,-0.30907676,8.641767641484542e-20,1.4056877899048543e-19
Txnrd3,9.097555,1.069164,9.238766603514622e-20,1.5026181410925602e-19
Smim3,9.096976,0.63059723,9.288161100157358e-20,1.510472149419097e-19
Dis3,9.096771,1.4718937,9.305704737207844e-20,1.5131452114306451e-19
Zfp810,9.096116,0.19145569,9.362023667077184e-20,1.5221219075886398e-19
Slc46a3,9.094929,0.47413582,9.464870818522752e-20,1.538660347637882e-19
Shq1,9.092273,1.1682092,9.698994633754673e-20,1.5765333604730197e-19
Inip,9.084811,0.11362086,1.0387883531877455e-19,1.688308857837226e-19
Mettl1,9.083848,0.4887529,1.0480252954096197e-19,1.7031189441148604e-19
Alg8,9.077078,0.898852,1.115289404565217e-19,1.8122127622896082e-19
Grwd1,9.075655,1.4671324,1.129962682148774e-19,1.8358369583443607e-19
Kctd11,9.066544,1.3158233,1.228526874782155e-19,1.9957359245243488e-19
Ddb2,9.065208,0.7369613,1.2436648539772641e-19,2.0200875256133848e-19
Saal1,9.061969,0.2180327,1.281172253685384e-19,2.080763725551975e-19
Tceanc,9.060572,0.89972156,1.2976883376406058e-19,2.1073373729052705e-19
Lpin1,9.044001,-0.33283567,1.5104003582262637e-19,2.452472678549532e-19
Zfp60,9.040177,1.9062301,1.564182073971992e-19,2.5394977871977907e-19
Ak4,9.039619,1.3203987,1.5721846053736422e-19,2.5521871413205786e-19
Trmu,9.039545,1.1746575,1.5732478001889578e-19,2.553609930870504e-19
Bicdl1,9.039114,1.6545515,1.579469685801571e-19,2.563404694200864e-19
Rbm15b,9.029154,0.6600711,1.7300428447517603e-19,2.8074446305898095e-19
Dusp28,9.026541,0.16912907,1.7718365457010755e-19,2.8749246277245144e-19
Nup133,9.024487,0.8114741,1.8054066749041624e-19,2.929046895161279e-19
Wdr73,9.021008,0.39992324,1.8636645859126928e-19,3.0232044142771145e-19
Fam174b,9.0206,0.46499395,1.8706130821660278e-19,3.0341162256696034e-19
Ppid,9.018524,1.7530303,1.9064049540309393e-19,3.091803575234001e-19
Cdkl2,9.017453,1.5842215,1.9251191269304277e-19,3.121783951236049e-19
Bora,9.015191,1.0155978,1.9652724882969825e-19,3.186519003730287e-19
Polr3g,9.012069,1.121337,2.022063001880134e-19,3.278211209331456e-19
Mettl17,9.010185,1.7133504,2.0570913637956716e-19,3.3346045993250125e-19
Grk5,9.009508,0.7014886,2.0698298006002995e-19,3.354856290530887e-19
Zfp612,8.988191,1.7346077,2.513329654262443e-19,4.0732143899074313e-19
Wars2,8.985781,-0.023287693,2.5690347525673385e-19,4.162999199118184e-19
Zscan22,8.983101,0.821963,2.632398833774155e-19,4.2651722810262523e-19
Hsdl1,8.981049,1.1004006,2.6819788324591246e-19,4.344989993351325e-19
Rdx,8.979537,0.720774,2.719075970276627e-19,4.404568099210243e-19
Socs7,8.971215,0.5499115,2.932610564195193e-19,4.74990518362777e-19
Cenpw,8.964502,1.1505713,3.116860539071453e-19,5.047734233988883e-19
Cdca8,8.9510565,-0.022718275,3.520953826080937e-19,5.701485325240593e-19
Rasa3,8.949869,0.47547296,3.559027568202356e-19,5.762455836510445e-19
Rab3a,8.94772,0.68624777,3.6290268174464865e-19,5.875096688597218e-19
Klf11,8.946451,0.41224363,3.670948282262554e-19,5.942260624992948e-19
Kansl1l,8.943829,1.4867843,3.75915119236372e-19,6.084316789628816e-19
Yif1b,8.93909,0.92719483,3.9239010556709606e-19,6.35021857234324e-19
Abraxas1,8.933792,0.021308413,4.1164946414023724e-19,6.661112793891544e-19
Ttc7b,8.92892,1.4653354,4.301891155330863e-19,6.960288872355602e-19
Ang4,8.924776,0.36061284,4.46600393042158e-19,7.224961995565493e-19
Zfp367,8.922722,0.34052286,4.549678632634873e-19,7.359457688819716e-19
Dbi,8.915917,0.16519476,4.837924033850606e-19,7.824791385323128e-19
Hsf2,8.915377,0.7692364,4.861610022119171e-19,7.862170890785202e-19
Hebp2,8.914585,0.83913034,4.896458519535927e-19,7.917591374559985e-19
Map2k5,8.900101,1.2685878,5.579614838339346e-19,9.021190933351921e-19
A4galt,8.897462,0.1659491,5.713850281904406e-19,9.237132356666597e-19
Meak7,8.888045,2.099618,6.219348403842801e-19,1.0053142957748263e-18
Dnah8,8.886583,1.6456777,6.301659749293335e-19,1.0184989607798884e-18
Dvl2,8.880538,0.9281973,6.653772114782961e-19,1.0752816552783856e-18
Ttc6,8.872495,1.1908067,7.152523399441171e-19,1.1557456869592109e-18
Hacl1,8.871987,1.2706646,7.185220273925406e-19,1.160891862546431e-18
Zfp748,8.869722,1.2054948,7.332858260987281e-19,1.1846052772475024e-18
Acbd4,8.869126,1.4114484,7.372205827513004e-19,1.1908211043142017e-18
Trdmt1,8.868821,0.55144155,7.392432430930219e-19,1.1939472480568177e-18
Ephx1,8.86402,0.63464636,7.717997250158836e-19,1.2463818185630854e-18
Wipi1,8.857917,0.06815341,8.152332552224212e-19,1.3163673119809432e-18
Sntb2,8.854365,0.77216434,8.4161533757255465e-19,1.358806344900199e-18
Wee1,8.851619,0.49810386,8.625891898801544e-19,1.3925046832264325e-18
Igf2bp1,8.847712,0.8070002,8.933221086752515e-19,1.4419475727259282e-18
Ctc1,8.844114,0.43002883,9.225723299919617e-19,1.4889857916487756e-18
Slc29a3,8.839289,0.634269,9.632952824022738e-19,1.5545271402939693e-18
Arrdc2,8.836147,1.346752,9.907627312927174e-19,1.5986643481330867e-18
Hirip3,8.835472,0.759627,9.967606407218256e-19,1.6081526382575465e-18
Dgke,8.826683,0.340415,1.078258712050867e-18,1.7394346923788613e-18
Gadd45g,8.825372,1.4896924,1.0909672497785539e-18,1.759728372342737e-18
Gatm,8.805602,0.038762838,1.3015210845540206e-18,2.099103765924783e-18
Nt5dc3,8.79819,0.6400039,1.3903998441227747e-18,2.2421837108937434e-18
Qtrt2,8.796436,1.0689087,1.4123025672214922e-18,2.277235892790226e-18
Nxpe2,8.789287,0.7575862,1.5051282339133773e-18,2.4266244516346893e-18
Phf7,8.786898,1.1255137,1.5374654867179487e-18,2.478467585862071e-18
Irs1,8.783486,1.4398493,1.584840540143131e-18,2.554537292133111e-18
Rac3,8.77031,1.082391,1.781742779052555e-18,2.8715771954677298e-18
Marcksl1,8.770013,0.091203704,1.786464521206402e-18,2.8788477878267203e-18
Cenpo,8.764704,0.39508763,1.872688358887605e-18,3.017440003274184e-18
Tada2a,8.759533,0.54340047,1.9606128821415992e-18,3.158739533846179e-18
Arpc3,8.757152,-0.25817087,2.0024684666065926e-18,3.2257929415532048e-18
Cdc42ep2,8.751158,1.420849,2.1117428090559116e-18,3.401423193620682e-18
Sprr1a,8.747017,1.0072374,2.1906625493274297e-18,3.52812511624692e-18
Zfp958,8.746573,1.1537755,2.1992840694677334e-18,3.5415932230300585e-18
Tctex1d2,8.746249,0.4556831,2.20560917287656e-18,3.551360583902856e-18
Tlcd1,8.746035,-0.10868914,2.209804775900472e-18,3.557697234570162e-18
Maged2,8.73885,0.24977563,2.3549544396952273e-18,3.790936075671834e-18
Hgh1,8.732628,1.5177155,2.488226137079534e-18,4.005001462401439e-18
Zfp281,8.729719,0.3896602,2.5530494653930518e-18,4.108372727612377e-18
Steap2,8.72838,-0.1574603,2.5834689619149895e-18,4.156834692809446e-18
Atpsckmt,8.723707,1.5204823,2.6923853406275994e-18,4.331572886244991e-18
Fam133b,8.705537,1.0971969,3.1607443431015085e-18,5.084481695319742e-18
Hrh1,8.704181,1.4481004,3.198772716147603e-18,5.1450502109290125e-18
Cnn2,8.69556,0.18812372,3.45122234699528e-18,5.55044873517117e-18
Slfn2,8.695329,0.26678836,3.4582584996880596e-18,5.561110651838454e-18
Mapk7,8.692211,0.90846366,3.554532279554024e-18,5.7152532537214914e-18
Elp6,8.688333,1.1333549,3.677985121055109e-18,5.91305508234524e-18
Lpcat1,8.676663,0.40010613,4.075502456253955e-18,6.551369000737374e-18
Nacad,8.671938,0.087283514,4.248264547936708e-18,6.828281346148857e-18
Zfp764,8.670636,1.5187138,4.297113961647569e-18,6.905985829772065e-18
Polr1b,8.655129,0.7681118,4.923538859519561e-18,7.911797168499412e-18
Dll1,8.64664,1.0130157,5.303795571417937e-18,8.521842843278144e-18
Dhrs13,8.635417,1.0141392,5.8513437626208936e-18,9.400508218261363e-18
Anks6,8.625692,0.026880955,6.370596679408263e-18,1.0233514576636672e-17
Zfp7,8.624443,1.9825069,6.440515028328297e-18,1.0344613931452837e-17
Ugt1a1,8.6231985,1.3205153,6.510919504551132e-18,1.0456467906604431e-17
Slc16a13,8.612702,1.362776,7.13580615299714e-18,1.1458683553573965e-17
Cep162,8.610838,0.6153732,7.252820944424702e-18,1.1645218552895128e-17
Mypop,8.601246,0.28038356,7.885563376137915e-18,1.265967118674407e-17
Med26,8.600159,1.3716463,7.96061602010068e-18,1.277866229309506e-17
Ralgps1,8.586169,0.40141642,8.991693468852566e-18,1.4432090162741648e-17
Dtwd1,8.584832,-0.0132089555,9.096912466058383e-18,1.4599258065174087e-17
Wdr76,8.583662,0.51845896,9.189999112392337e-18,1.4746918312833278e-17
Zfp329,8.576653,1.053267,9.767375177854866e-18,1.5671577561558758e-17
Hist1h1a,8.562693,-0.5394235,1.1026149749816795e-17,1.7689183227210778e-17
Suv39h1,8.548542,0.39854306,1.2465331180269033e-17,1.999336193879651e-17
Mfsd10,8.547218,0.7175143,1.2609009218903227e-17,2.0221437911164727e-17
Nkain1,8.545641,0.32637742,1.2782525812589419e-17,2.0497307749432492e-17
Adcy9,8.54509,1.5088356,1.2843626018784571e-17,2.0592869715896238e-17
Apoa2,8.523875,0.78993493,1.543015982693734e-17,2.4737096791719592e-17
Nop9,8.521672,0.3641191,1.5726532588085186e-17,2.5209275951478715e-17
Sstr1,8.520373,1.0095783,1.5903967527485067e-17,2.5490712135297503e-17
Dffb,8.510051,1.9362488,1.738567516463166e-17,2.786231195081893e-17
Ikbip,8.507097,0.9845488,1.7834170451684695e-17,2.857772216156412e-17
C2cd2,8.505059,0.3710934,1.8150302537069496e-17,2.9080888950723534e-17
Apol9a,8.497812,2.491615,1.9319760072532983e-17,3.09509980074846e-17
Bcas1,8.496668,0.2732646,1.9511085756278957e-17,3.1253847688545707e-17
Cps1,8.492141,0.526593,2.028651904436643e-17,3.249217005524841e-17
Zfp239,8.490756,0.30095804,2.0529781397269346e-17,3.2877943624271963e-17
Pwp2,8.490189,1.6468161,2.0630259988760416e-17,3.303498891642841e-17
Trim3,8.487714,1.3437717,2.107418452625975e-17,3.374188893532398e-17
Cyp2w1,8.487349,0.809103,2.114041057091715e-17,3.384396096432826e-17
Slc29a1,8.484099,0.4559171,2.1739520785476103e-17,3.479493758677267e-17
Ankrd22,8.473897,0.7370245,2.3731812648601075e-17,3.7979232061980076e-17
Fchsd1,8.47302,0.66503394,2.391129386778441e-17,3.8261987320612196e-17
Rrp9,8.472099,0.81949997,2.410099317735069e-17,3.856102511995679e-17
Lrrc49,8.462713,0.901009,2.6122661942182342e-17,4.179075831297889e-17
Myef2,8.460065,0.6530543,2.672283112288284e-17,4.274590193068462e-17
Fam49a,8.454101,0.166733,2.8124691510977745e-17,4.498305922954628e-17
Atad5,8.451516,0.9732821,2.8754349976749716e-17,4.5984766218226213e-17
Mtmr10,8.451492,0.7319355,2.8760222894082474e-17,4.598878017733604e-17
Pdk4,8.447578,1.1913272,2.974078078873343e-17,4.7551172370621963e-17
Kctd18,8.439092,1.1645147,3.19813963672995e-17,5.1127612265936474e-17
Pecr,8.438429,0.06841859,3.2163216358203116e-17,5.14122716187525e-17
Faap24,8.43753,0.70702684,3.241141524838173e-17,5.1802957400843866e-17
Socs1,8.433949,1.1628302,3.341915891495735e-17,5.340738555124948e-17
Znrd1as,8.433215,1.1700706,3.362959405480262e-17,5.373740344699998e-17
Naaladl2,8.422943,0.58550715,3.671439470339583e-17,5.865981394659867e-17
Inf2,8.422647,0.5771701,3.680717875057071e-17,5.880118801566056e-17
Ly6g6d,8.419908,0.40649933,3.76780039996582e-17,6.018534104606072e-17
Tmem25,8.416611,0.48524827,3.8753164634929944e-17,6.189552982745468e-17
Krt20,8.404606,0.19809464,4.2930170293990533e-17,6.855892546657953e-17
Mlh3,8.399623,0.6168477,4.4791335187903453e-17,7.152282913294953e-17
Rbm4b,8.385334,0.89897645,5.058190530572745e-17,8.07597845949589e-17
Fry,8.372919,0.4996504,5.620842707804383e-17,8.973269207240828e-17
Cacna2d2,8.369559,0.2725953,5.783393518400241e-17,9.231692116741368e-17
Ppia,8.365819,0.5713587,5.969862578451828e-17,9.528229547190563e-17
Slc25a26,8.349241,0.6621149,6.870270751202617e-17,1.0964050942081432e-16
Slc38a7,8.347237,1.4632763,6.987860293444577e-17,1.1150407177695984e-16
Slc25a4,8.343189,0.64245915,7.23135873961038e-17,1.153760713617687e-16
Cep44,8.342159,0.72284883,7.294632464522676e-17,1.1637202397614045e-16
Efna4,8.33921,0.38959476,7.478847825500326e-17,1.1929691358184643e-16
Fah,8.338204,0.049419735,7.542736104108023e-17,1.2030197833412317e-16
Ttc21b,8.332371,0.11345933,7.923947145296421e-17,1.2635258536838685e-16
Pir,8.310226,0.31671646,9.551969289277519e-17,1.5229471846901023e-16
Golm1,8.306364,0.22692578,9.867887288353472e-17,1.5731331157406592e-16
Nrde2,8.303816,-0.14927755,1.0081973909534366e-16,1.60707533760208e-16
Ceacam10,8.302757,1.6418232,1.0172233258912048e-16,1.6212737740748514e-16
Vangl1,8.301544,0.9040622,1.0276686863554189e-16,1.6377309504615258e-16
Pea15a,8.296111,0.34591207,1.0757486362444569e-16,1.7141531811515902e-16
Adal,8.295868,0.4677853,1.0779516167514972e-16,1.7174633996361093e-16
Slc2a8,8.290993,0.57732946,1.1230698168080603e-16,1.789140231226727e-16
Gsap,8.288735,1.390441,1.1445891088212612e-16,1.823209791861473e-16
Zfp560,8.288408,0.6165928,1.147735725947466e-16,1.8280090906512458e-16
Gchfr,8.287105,-0.2104321,1.1603844666029306e-16,1.8479396274362494e-16
Acox2,8.281981,1.0219922,1.2114221183716586e-16,1.9289936502948804e-16
Col16a1,8.281419,1.2401409,1.2171601251920596e-16,1.9379048448016551e-16
Syde2,8.2802725,0.4648274,1.2289380575636027e-16,1.9564293291248275e-16
Zfp1,8.275726,1.2602929,1.2767496414317343e-16,2.032307222276681e-16
Tarsl2,8.269273,0.67053246,1.3477828762442563e-16,2.145126959106169e-16
Ldha,8.269082,0.26310304,1.3499403477489454e-16,2.1483107477559443e-16
Pcyox1l,8.260837,0.76352346,1.4465529335569789e-16,2.3017932704668004e-16
Pde2a,8.256006,-0.2320533,1.5062738054972788e-16,2.396543838298463e-16
Trim11,8.254769,1.4773126,1.5219595663115134e-16,2.4212188307712826e-16
Zbtb37,8.249611,1.5250895,1.589116290044065e-16,2.527761459387297e-16
Arhgap29,8.249289,1.1794454,1.5934013129660587e-16,2.534282734916359e-16
Racgap1,8.241962,0.84370697,1.6940813112276405e-16,2.6940995384391185e-16
Nfatc2ip,8.236675,0.7759767,1.7706209911150762e-16,2.8154932620347287e-16
Cfap410,8.235066,0.21584292,1.794583635038878e-16,2.853264877241792e-16
Cryzl2,8.23438,0.6175814,1.8049047412217712e-16,2.869341122553792e-16
Txnl4b,8.22791,1.1359993,1.9050862864437787e-16,3.0282523500079823e-16
Tedc1,8.227502,1.8029698,1.911578815245123e-16,3.038219467512443e-16
Acvr2b,8.22225,1.5878229,1.9971987414337512e-16,3.173932921453405e-16
Zfp692,8.220977,2.1752443,2.0185155069236205e-16,3.2074366206345004e-16
Pla2g12b,8.220557,0.84292763,2.025590281209629e-16,3.2183045306775504e-16
Ung,8.21763,0.5897824,2.0756378068365817e-16,3.2974380818413396e-16
Gtf2e1,8.214526,0.83849925,2.1300328004205253e-16,3.383459001713403e-16
Apex2,8.211518,0.9143091,2.184096980860629e-16,3.46893451954345e-16
Ppp3cc,8.210614,0.18512142,2.200595902443139e-16,3.494733360342576e-16
Mcph1,8.204912,1.0043287,2.3075978041354723e-16,3.664235946534206e-16
Recql5,8.204442,1.1157361,2.3166354628924993e-16,3.678159753286303e-16
Nrm,8.196923,0.48454064,2.4661722187226e-16,3.915127129211929e-16
Gcnt4,8.190304,1.2452598,2.605685032225033e-16,4.1361280111058996e-16
Nfatc1,8.185705,0.8778891,2.707145533908218e-16,4.2966823556400745e-16
Scai,8.184976,1.4140261,2.723594299900636e-16,4.3222875770153414e-16
Rcan1,8.171452,-0.25052232,3.047013240953426e-16,4.834985619637746e-16
Ssc4d,8.168827,2.925293,3.1140316353425775e-16,4.940756771471139e-16
Zcchc4,8.168627,2.3189795,3.1192040007567826e-16,4.948389177534687e-16
Nde1,8.168469,0.6173779,3.123273941800158e-16,4.954271100117987e-16
Nle1,8.167856,0.7391875,3.139171979000527e-16,4.978911715707749e-16
Rhobtb3,8.16214,-0.042593874,3.291409610353937e-16,5.219764168107398e-16
Kif3a,8.158299,1.7286232,3.397747231822676e-16,5.387777527269839e-16
Nxt1,8.157395,1.0035619,3.42325186410444e-16,5.427590636710518e-16
Ccdc167,8.154332,1.0507913,3.5111377954501723e-16,5.566289050867274e-16
Nbdy,8.1477,0.451648,3.709098949917741e-16,5.879439914237291e-16
Med12,8.139056,1.9836329,3.9837065384108546e-16,6.313999410381136e-16
Tagap,8.138575,0.92424965,3.9995803244073683e-16,6.338424027844566e-16
Pmepa1,8.134785,1.382564,4.126723169405431e-16,6.539158672261793e-16
Avpi1,8.133278,1.5507628,4.1783594840176553e-16,6.620213873704257e-16
Ccnb2,8.126915,-0.15994346,4.403538444418338e-16,6.97618028584578e-16
Acot1,8.125797,0.30796596,4.444324294497461e-16,7.03997853900762e-16
Sumf2,8.123006,0.3901223,4.547790714353094e-16,7.203038918088783e-16
Mmaa,8.122329,1.7169316,4.573239722423222e-16,7.242507609048936e-16
Kit,8.121661,0.19583616,4.598467671063334e-16,7.281617114612215e-16
Dph7,8.121442,1.6039544,4.60678675059247e-16,7.29394567724349e-16
Patz1,8.116569,0.83270806,4.795488081246262e-16,7.591838331910469e-16
Frmd4a,8.112378,0.19515534,4.963864240554694e-16,7.857488539134789e-16
Rad18,8.108897,0.64874566,5.108116405979133e-16,8.084894890250538e-16
Prpf40b,8.103812,1.3292844,5.326317973513855e-16,8.429278820483968e-16
Mosmo,8.099271,1.1776172,5.528944193788229e-16,8.748936802829673e-16
Rpa2,8.096168,0.07118585,5.671782698825226e-16,8.973924378853983e-16
Yju2,8.095538,0.8938788,5.701185666235929e-16,9.019402358373013e-16
Fzd7,8.085837,0.59078395,6.173833444730227e-16,9.766011839986796e-16
Mcm5,8.053247,0.5322745,8.062582379381167e-16,1.2752233869770698e-15
Hoxb8,8.052196,0.91326106,8.132160177864256e-16,1.2860794545194138e-15
Tkfc,8.048026,1.3584476,8.413977970846592e-16,1.3304943195111836e-15
Hspa1b,8.043823,0.39364484,8.70778536225239e-16,1.3767945985524505e-15
Ppp1r13l,8.0416355,1.053836,8.864750262073401e-16,1.4014504027035118e-15
Slc3a1,8.038571,0.2146687,9.089158487843692e-16,1.4367615572912088e-15
Smyd3,8.038012,2.1815715,9.130799249248908e-16,1.4431770658053493e-15
Dagla,8.029649,0.6916757,9.775207586396293e-16,1.544851077591232e-15
Shld3,8.025659,0.781723,1.0098308000015934e-15,1.5957287023366987e-15
Ttll1,8.024354,0.15725026,1.0206148310276733e-15,1.6125832252228113e-15
Smyd4,8.02403,0.40019524,1.0233136147242205e-15,1.6166605454428971e-15
Smo,8.021217,-0.13159826,1.0470265879778203e-15,1.6539319152820484e-15
F3,8.021033,1.3796657,1.0485926376335629e-15,1.6562144051327063e-15
Cntrob,8.018847,0.96239775,1.0674211748884818e-15,1.6857586980713696e-15
Rexo5,8.018773,1.1674759,1.0680634763656216e-15,1.6865782955311633e-15
Rom1,8.017903,1.1386108,1.075654751118949e-15,1.6983695556577334e-15
Atp2c2,8.0161085,1.0257022,1.0914839826903608e-15,1.7231636415713097e-15
Sinhcaf,8.007455,1.0679185,1.1710701041820598e-15,1.848595599063796e-15
Plk1,8.006229,0.24201551,1.1827918257684946e-15,1.866883450759945e-15
Ldb3,8.003643,0.20294279,1.2079159387654442e-15,1.906318576182048e-15
Mtus2,8.001876,1.1541096,1.2253757989338572e-15,1.933650363538022e-15
Cldn4,7.989065,0.11773996,1.359659934859615e-15,2.145303981678232e-15
Slain1,7.9835606,0.21099918,1.4217153694564194e-15,2.242957738499831e-15
Mthfd1l,7.9782443,0.8473409,1.4842927219360747e-15,2.3414122704436292e-15
Miip,7.978142,0.508171,1.4855256502091705e-15,2.3430868819619844e-15
Heg1,7.977894,0.43807063,1.4885117880888303e-15,2.34752608720041e-15
Pot1a,7.9753456,0.96562326,1.5195506273534357e-15,2.396200971985497e-15
Cdk5rap2,7.9675574,0.5702361,1.6184142539044545e-15,2.5518061711222665e-15
Zmym1,7.9675,1.7750046,1.6191634698371123e-15,2.5526931577152998e-15
Wdr19,7.966518,0.688795,1.6320784064803604e-15,2.572757603299012e-15
Hist1h1e,7.9652066,-0.29882365,1.6494774674833095e-15,2.5998852429500067e-15
Snx10,7.964282,0.94427353,1.6618614848359093e-15,2.619102893296192e-15
Reg3b,7.959202,-0.40679824,1.731528213934389e-15,2.7285835821102526e-15
Actr6,7.958515,0.5676479,1.7411614880598704e-15,2.7434477876735483e-15
Aspa,7.9522715,0.82891846,1.8312220269656554e-15,2.885018573589325e-15
Atf3,7.9491844,-0.20712493,1.877433467150758e-15,2.9574821637238354e-15
Brip1,7.9459734,0.74407744,1.9267190553887957e-15,3.0347711451787358e-15
AW554918,7.940159,0.89129597,2.019223434570014e-15,3.1801083113837313e-15
Zbtb16,7.940018,2.063245,2.021514481226034e-15,3.1833498999039633e-15
Lcp1,7.9284706,0.23812294,2.2186118274820673e-15,3.493323746783796e-15
Rnf180,7.9281178,0.60569924,2.224922631845938e-15,3.5028571253158185e-15
Fes,7.9267373,0.88869697,2.249781830583653e-15,3.5415870304168824e-15
Bcl7a,7.9248137,0.9701961,2.2848870158788673e-15,3.5964353064161495e-15
Lfng,7.9213357,0.41669023,2.3497292424064543e-15,3.698071974900249e-15
Arhgef37,7.9187536,0.90653723,2.3990294720883045e-15,3.775227621496843e-15
Cerk,7.9183674,0.5545683,2.406491074730971e-15,3.786533821993559e-15
Map3k14,7.9168205,1.2943348,2.4366134002487832e-15,3.833489214036138e-15
Slc36a4,7.9046316,0.9521295,2.6872754159444055e-15,4.227365847583083e-15
Alms1,7.900367,0.5370185,2.780843399273321e-15,4.374054921217238e-15
Hoxa4,7.8992677,1.6969043,2.80546984556184e-15,4.412282937096971e-15
Taf6l,7.895172,0.9674148,2.899150661017058e-15,4.55909444450417e-15
Rab11fip1,7.88936,-0.27491224,3.0374005481721847e-15,4.775951764545777e-15
Bik,7.884566,0.68944836,3.1563059306578202e-15,4.962345780839928e-15
Btd,7.871254,1.6205101,3.5110344050074123e-15,5.519415506204893e-15
Tk1,7.869335,0.22641571,3.565309064759194e-15,5.6040921219059735e-15
Polr3a,7.866081,0.8622292,3.6592340057656836e-15,5.751065972744021e-15
Bace2,7.8659,0.2732404,3.6645345261872305e-15,5.758734732890184e-15
Gpatch3,7.86302,1.7278774,3.7498069843230436e-15,5.89206141682381e-15
Me1,7.858298,0.7310268,3.8938928582431446e-15,6.117760206396485e-15
Bcl2l14,7.856195,1.2749264,3.9597849521458394e-15,6.220569697943062e-15
Ly6m,7.8446355,1.0405746,4.3421328640198274e-15,6.820430383123265e-15
H2-M3,7.8440943,0.99025095,4.36089603781256e-15,6.849116035039251e-15
Sap25,7.8440704,2.7575169,4.361724442404839e-15,6.8496304260319444e-15
Zfp770,7.843951,2.01777,4.365868789780623e-15,6.8553514410667145e-15
Tcf19,7.8411193,0.48482624,4.4654867919022494e-15,7.010968068801752e-15
Zfp825,7.839455,0.03281228,4.525056667923806e-15,7.1036792485200374e-15
Pradc1,7.8393407,1.0347718,4.529181792305841e-15,7.109338958882274e-15
Tmed1,7.8381033,1.619057,4.574021802343647e-15,7.178899133140064e-15
Syne1,7.832461,0.8061888,4.784127566517954e-15,7.507797162282881e-15
Ifnar2,7.819328,0.15580502,5.3106195655529934e-15,8.332589293632577e-15
Lrrc58,7.8193207,1.6990957,5.3109212638611725e-15,8.332589293632577e-15
Ramp1,7.811182,-0.11451462,5.6654200384226455e-15,8.887761732870216e-15
Tbc1d8,7.8043375,1.292925,5.981486171620084e-15,9.382521610106061e-15
Tmem218,7.8000846,0.59199584,6.186562796809923e-15,9.703090520286236e-15
Cep250,7.797007,1.3918307,6.339268379207556e-15,9.94145585844763e-15
Rpusd1,7.7940273,0.11949239,6.4906572921225945e-15,1.0177701922918987e-14
Atf5,7.790199,0.6126099,6.690394291869089e-15,1.0489697539705318e-14
Zfp119a,7.7861223,0.9944659,6.90971692946259e-15,1.0832325921174013e-14
Hsh2d,7.7767963,0.97760516,7.438427549045794e-15,1.1659846026272492e-14
Cdc20,7.7758236,0.7388443,7.49581045506969e-15,1.1748447905223842e-14
Mylip,7.7711654,0.3240725,7.776725981426098e-15,1.218733988035777e-14
Nt5e,7.768474,0.17987534,7.943732238961771e-15,1.244763817667036e-14
C1qtnf4,7.7524376,0.66690195,9.014528537288942e-15,1.4123931914233075e-14
D3Ertd751e,7.747982,0.5239799,9.33645017659187e-15,1.4626641787706933e-14
Cox6b1,7.7425895,0.20567898,9.74122316497393e-15,1.5259017958879552e-14
Hao2,7.740215,0.07870458,9.924882366347585e-15,1.5544927999061188e-14
Lrif1,7.7351565,3.0625403,1.0327610645769766e-14,1.617385199048346e-14
Tcf23,7.7327247,1.8705938,1.0526874341797921e-14,1.648402686637886e-14
Tcaim,7.732465,0.31951442,1.0548390657748529e-14,1.6515828056413e-14
Cdc25b,7.729795,0.46135506,1.0771997969439705e-14,1.6864003689992898e-14
Rbm48,7.723873,1.2627782,1.1284704461394391e-14,1.7664644403567798e-14
Phf11c,7.7184668,1.8870726,1.1773755856164742e-14,1.842807729575974e-14
Tmem138,7.70294,0.5743819,1.3297071533705285e-14,2.080996260281755e-14
Pde11a,7.699152,0.50438774,1.3697211597357066e-14,2.1433730243032142e-14
Fbf1,7.691905,0.9803485,1.4496031653441154e-14,2.268114792457755e-14
Gpatch1,7.6912065,0.7017082,1.4575402743104137e-14,2.2802726520071966e-14
Nbl1,7.689342,0.20538154,1.478933905379527e-14,2.313477597353584e-14
Hilpda,7.6851797,0.59420174,1.5278214729444614e-14,2.3896784447575784e-14
Arhgap31,7.6819735,1.1648426,1.5665620801754172e-14,2.4499927317473503e-14
Tmem86b,7.6693125,2.2057595,1.7292061089172423e-14,2.7040472886727602e-14
Cadm4,7.667682,0.61441666,1.7513249341397238e-14,2.7383224873497283e-14
Fosl1,7.6668835,1.8969045,1.762259295795661e-14,2.7551041351326927e-14
Tmx4,7.661865,2.1947808,1.8325194383718378e-14,2.864452986436262e-14
Tmem38a,7.661858,0.56221855,1.832621512126571e-14,2.864452986436262e-14
Ppm1j,7.658268,1.7595097,1.8845751095813523e-14,2.945321671259999e-14
Tmem144,7.655574,1.5357962,1.9245064273158618e-14,3.0073849152719015e-14
Il1rap,7.650103,1.0816137,2.0081848567939377e-14,3.1377888387405277e-14
Lipt1,7.650041,0.5089437,2.0091530592050483e-14,3.138943000643098e-14
Birc5,7.648005,0.18139951,2.0412112995081695e-14,3.188663984552686e-14
Glmn,7.6465726,1.2698303,2.0640733231961865e-14,3.224009445426368e-14
Zbtb4,7.641936,0.19955714,2.1398013904818243e-14,3.3419122904110263e-14
Naif1,7.641218,1.1507498,2.151762407754238e-14,3.360209081425055e-14
Cpeb3,7.6411753,0.12688924,2.1524797649286152e-14,3.360945511006944e-14
Rab31,7.638679,0.41480124,2.1946133485380397e-14,3.426342909151466e-14
Haus3,7.62876,0.21447854,2.370229175510104e-14,3.7001009103996204e-14
Ifi27l2a,7.6275654,-0.48336408,2.3922847914789308e-14,3.734105070594039e-14
Bace1,7.613226,1.151577,2.673374691808525e-14,4.172380610646151e-14
Zfp869,7.6075287,1.4518138,2.79386794380955e-14,4.3599388487499254e-14
Abcg5,7.607319,1.879852,2.798405003916476e-14,4.366520815672959e-14
Cep290,7.6057453,0.38650542,2.8326647231624558e-14,4.419474054677306e-14
Supt3,7.602334,0.7476615,2.9083691195631256e-14,4.537069097652948e-14
Sh3bp4,7.6008105,0.8967174,2.942813596577359e-14,4.59027899317844e-14
Phldb3,7.6005745,0.9429686,2.9481858376695204e-14,4.598134275790453e-14
Nhej1,7.5916896,1.3109903,3.157601821423923e-14,4.9241880383136214e-14
Mcm3,7.5893607,0.48607156,3.214876136903308e-14,5.012933999105215e-14
Trim32,7.5876703,0.72358114,3.257078124180621e-14,5.077861496754602e-14
Smyd5,7.587663,1.6195457,3.257257846400831e-14,5.077861496754602e-14
Rilpl2,7.5833364,0.7989111,3.3677969903280346e-14,5.2495866684983326e-14
Intu,7.5822687,1.348227,3.39564435337897e-14,5.292390760480672e-14
Cabcoco1,7.578612,0.963459,3.4927227725904987e-14,5.443075090048441e-14
Map10,7.5688305,0.64711064,3.765993492946263e-14,5.868272677306306e-14
Exog,7.566132,1.0703031,3.845018373872644e-14,5.990728752729681e-14
Ace2,7.56607,0.21092026,3.846852458137077e-14,5.99290355035595e-14
C2,7.5651093,1.5633472,3.8753910220736164e-14,6.03667527359115e-14
Zfp267,7.563588,0.18813376,3.9209974241732846e-14,6.107020475577411e-14
Dclre1c,7.5618815,0.3267327,3.9728082065428246e-14,6.187011983199308e-14
Pcgf6,7.5580597,0.26216856,4.091256715465486e-14,6.370751034387442e-14
Hes2,7.5481834,1.1677538,4.4137137843175386e-14,6.872086530859881e-14
Best2,7.546765,0.535017,4.4620302870031195e-14,6.946523699313258e-14
Dennd4a,7.5433154,0.2247359,4.581713692337219e-14,7.13203582728645e-14
Dcaf4,7.5422735,0.6693797,4.618475197189179e-14,7.18844164825427e-14
Pdp1,7.538998,0.7574288,4.7359591535689355e-14,7.370461070337453e-14
Cyp2f2,7.5291977,0.3912904,5.1052995018084716e-14,7.944352604373105e-14
Lynx1,7.527148,0.6773563,5.186072252359729e-14,8.0691248209147e-14
Flt3l,7.5261273,1.1219882,5.2267377304153513e-14,8.131471952608638e-14
Cavin3,7.520115,0.035944156,5.4728049473900605e-14,8.513321312201011e-14
Cenpt,7.5097404,1.3030591,5.924478803886976e-14,9.214882579976614e-14
Rasd1,7.5070295,0.4555201,6.048398341253865e-14,9.406556046474082e-14
Wrb,7.503244,0.68796784,6.225746236388315e-14,9.681269022357313e-14
Crppa,7.4965334,1.0922822,6.552774134959759e-14,1.0188651085341068e-13
Pcsk9,7.494021,1.5143933,6.679517340529704e-14,1.0384538384691189e-13
Mad1l1,7.4893627,0.89240295,6.920892328245937e-14,1.0758577081819164e-13
Pacs1,7.4851623,0.23883149,7.145889218471979e-14,1.1107073773880918e-13
Lrsam1,7.4820366,1.4913774,7.317946502795848e-14,1.1373214959169588e-13
Dtnb,7.479076,0.39762658,7.484701629358664e-14,1.163105622516815e-13
Eef1aknmt,7.4773283,1.2003889,7.584863554249857e-14,1.178536633386738e-13
Tpsg1,7.475865,0.6729154,7.669777703794011e-14,1.1915952067641796e-13
Nol10,7.4736238,1.0545938,7.801590074955207e-14,1.2119362066910424e-13
Dph2,7.4735665,0.70861536,7.804984485575793e-14,1.2123257932786117e-13
Oas1c,7.471369,0.77283,7.936491357138047e-14,1.2326123714805543e-13
Zfp719,7.4704604,1.5105224,7.991468007263368e-14,1.2410098228404105e-13
Pms1,7.466825,0.7765592,8.215291450078808e-14,1.2756229201751754e-13
Klhl36,7.4665627,0.78624874,8.231672277471848e-14,1.2780213260039455e-13
Poll,7.463912,0.50251585,8.399080837959851e-14,1.3038645755375293e-13
Tsen15,7.4634137,0.49422178,8.430916718323628e-14,1.3086581852789515e-13
Gsta3,7.461044,-0.36114472,8.583958423064524e-14,1.332262302070223e-13
Prim1,7.457604,1.1567923,8.811001337973007e-14,1.3673450215249757e-13
Slc25a39,7.4572296,-0.056788407,8.836057074062548e-14,1.371077731621529e-13
Mtap,7.4461064,0.9207797,9.613530920747253e-14,1.4915479389745708e-13
Maoa,7.443646,0.3329997,9.794362512159826e-14,1.5194317340191222e-13
Tyro3,7.4330497,1.1373918,1.0612204635554172e-13,1.6461195371053006e-13
Ccne2,7.417013,1.506804,1.1979116122463525e-13,1.8579382213302564e-13
Ahcy,7.4138446,1.667304,1.2268948096977064e-13,1.9026748154475091e-13
Uhrf1,7.4070053,0.7553299,1.2918325287940079e-13,2.003153399621052e-13
Lama3,7.406605,0.69706094,1.2957380377618978e-13,2.0089815948292463e-13
Sh3bgr,7.4062376,0.9881835,1.299328279063455e-13,2.0143197161538086e-13
Tmem216,7.4057703,0.7951296,1.303911818141755e-13,2.0211963401823284e-13
Tma16,7.403928,1.1417313,1.3221441458706766e-13,2.0492260223032418e-13
E2f8,7.3986425,0.5436554,1.3758362852937838e-13,2.1322032186528213e-13
Omp,7.397987,2.0366187,1.3826439282741727e-13,2.1425105630764092e-13
Lacc1,7.3921394,0.56570745,1.4448510175783786e-13,2.2386514463385822e-13
Foxq1,7.38632,0.70910615,1.5094814773251227e-13,2.338524889817724e-13
Sytl2,7.3837337,0.5024532,1.5391131636273148e-13,2.384160909900717e-13
Lad1,7.382673,-0.08213715,1.5514308637195246e-13,2.4029694259105786e-13
BC052040,7.3685336,1.4344616,1.725149381122857e-13,2.671734743698196e-13
St6gal1,7.3665266,0.1543663,1.7513123242829618e-13,2.7119461028841017e-13
Sidt1,7.362405,0.64451164,1.8062645688551014e-13,2.796724182415479e-13
Zfp653,7.3560586,1.2585971,1.894198140694598e-13,2.932543821351594e-13
Ccnq,7.349553,0.37252653,1.988708762978258e-13,3.078513961255114e-13
ccdc198,7.3482823,1.2199359,2.007701079817584e-13,3.107562225976849e-13
Armcx5,7.3381267,0.67088366,2.1660387417155993e-13,3.3522611807334567e-13
Steap1,7.337633,0.7172919,2.174037464686616e-13,3.3642596276552533e-13
Zfp597,7.32923,1.8104029,2.314787487781842e-13,3.5816608842969774e-13
Dusp7,7.3279953,0.51696795,2.33621127522604e-13,3.6142490768090704e-13
Armcx3,7.327986,0.7822608,2.3363774653742e-13,3.6142490768090704e-13
Nectin1,7.3239403,0.51908433,2.407941436401937e-13,3.7245333268630795e-13
Zfp839,7.3209314,2.2703524,2.4625529071752963e-13,3.808573965802101e-13
Zdhhc24,7.311706,1.1892287,2.637720068635464e-13,4.079025436909417e-13
Taf1a,7.311513,1.4255611,2.641514135471667e-13,4.0844307782197016e-13
H2-DMa,7.299848,1.257097,2.8809243712987634e-13,4.4541142767112027e-13
Clca3a2,7.2928753,1.3533281,3.034088888017913e-13,4.690387242103207e-13
Cc2d2a,7.282648,1.0905509,3.2732979085716367e-13,5.059607652279545e-13
Tango6,7.272259,0.70441645,3.535244429926517e-13,5.463886480475263e-13
Mfsd3,7.268812,1.7977307,3.6266258967695804e-13,5.604487415337779e-13
Ptp4a3,7.2685976,0.43262923,3.6323895986268025e-13,5.612522163016421e-13
Srgap3,7.268588,1.3965083,3.6326459718360767e-13,5.612522163016421e-13
Pbk,7.256883,1.0617849,3.961122789760833e-13,6.11933508246491e-13
Nap1l1,7.2450776,1.6403742,4.321911684983289e-13,6.675945136354511e-13
Zfp788,7.244496,1.7523134,4.34049947365565e-13,6.703899966370116e-13
Zfp873,7.2423315,1.2821245,4.4103625626534926e-13,6.811034222957257e-13
Ofd1,7.2351513,1.6009845,4.650110188009338e-13,7.180471637424086e-13
Cep78,7.234982,0.62832254,4.655913280598705e-13,7.188620764614125e-13
Sgsm1,7.229635,0.8664639,4.842947875645909e-13,7.476553646360104e-13
Tef,7.2211623,0.38143113,5.154508805842606e-13,7.956643855954129e-13
Ccl25,7.217558,0.84498113,5.29294936552585e-13,8.169422412366365e-13
Creb3l3,7.215815,1.7116402,5.36118333981103e-13,8.273804556135406e-13
Ccdc171,7.2116885,2.803192,5.526223236169986e-13,8.527544883166843e-13
Zfp760,7.210916,1.3495231,5.557664091194209e-13,8.575093811021189e-13
Tgfbr3l,7.201562,0.9618213,5.952676456667488e-13,9.183534583137173e-13
Rmdn2,7.2003317,0.4883841,6.006628635784052e-13,9.265724376124864e-13
Sptbn2,7.2000456,1.1179672,6.019244292944642e-13,9.284137796753662e-13
Wdhd1,7.1946793,0.37526467,6.260771531824785e-13,9.655582575584068e-13
Kif11,7.1727853,-0.11481642,7.348696640872624e-13,1.13321410198391e-12
Zfp820,7.1718965,1.8432119,7.39659819774909e-13,1.1404722105560809e-12
Tctn1,7.171031,0.20362467,7.443509756986216e-13,1.1475760532895884e-12
Gcfc2,7.1678653,0.71769243,7.617632917301192e-13,1.1742884696662586e-12
Atoh1,7.160048,-0.17673704,8.06487019601183e-13,1.243091748539921e-12
Glipr2,7.138898,0.14457637,9.408205728920388e-13,1.449985499188395e-12
Abi3,7.1311812,-0.2628065,9.951111038360473e-13,1.5334848258911367e-12
Ficd,7.1283517,0.9392031,1.0157801150122364e-12,1.5651597828498403e-12
Mfap1a,7.1281037,0.661212,1.0176109932694243e-12,1.5678042285893847e-12
Rufy2,7.1195407,0.75647044,1.0828733054529938e-12,1.668164070301869e-12
Cox6a1,7.1167326,0.108439155,1.1051574481025467e-12,1.7023009802660875e-12
Glrx,7.112468,-0.0855035,1.1398631039605082e-12,1.7555612058407422e-12
Cmtm7,7.1102886,0.49062395,1.158004754755443e-12,1.783301241135212e-12
Mark1,7.0980806,1.3909982,1.2650136400561714e-12,1.9478731593027976e-12
Rrm2b,7.0979137,1.4970355,1.266541598786917e-12,1.9500063458017438e-12
C4bp,7.095504,0.7458609,1.2888126913583726e-12,1.9840722227091913e-12
Hmgn1,7.0882754,0.6330683,1.3579334765918829e-12,2.0902454178741558e-12
Skiv2l,7.085198,2.879264,1.3884568376852916e-12,2.13698899891349e-12
Mogat2,7.0776076,0.26938036,1.4666434605985653e-12,2.257072847590072e-12
Hoga1,7.076134,0.87837344,1.4823121022231868e-12,2.2809292222237064e-12
Angel1,7.07412,1.0199376,1.5040021335802133e-12,2.3140446868484943e-12
Gulp1,7.06971,0.2899947,1.5525820868321973e-12,2.3885206477028124e-12
Cdkl3,7.0647345,0.86095417,1.6092347709322694e-12,2.4753976931944636e-12
Agk,7.0626936,0.43626344,1.6330534483344494e-12,2.5117541228178604e-12
Bnip3l,7.0612516,1.7695937,1.6500961741078348e-12,2.5376816442785245e-12
Tpbg,7.0553775,0.41144878,1.7213272475787795e-12,2.646930182237694e-12
Pus7l,7.053213,1.0454937,1.748329838892811e-12,2.688150499984168e-12
Smtn,7.0531106,0.16363086,1.7496188493641896e-12,2.689829990450286e-12
Plk4,7.0528865,0.031322885,1.7524399337670968e-12,2.6938642192294346e-12
Dazap2,7.04634,-0.5681299,1.836849760036916e-12,2.8233022893677443e-12
Adamts18,7.03895,2.4557025,1.9369390846363156e-12,2.9768084943135106e-12
Trip13,7.036261,0.44217578,1.9746704051413713e-12,3.0344553084962638e-12
Cyp2r1,7.035224,0.8232488,1.989412871958919e-12,3.0567664071953057e-12
Atg10,7.0264106,1.8966926,2.1191431938362584e-12,3.255733420482062e-12
Poc5,7.0229754,0.6511404,2.1719257351959005e-12,3.3364507334086657e-12
Bcl11a,7.0159473,0.39151815,2.283957421910143e-12,3.5081565477503324e-12
Prkch,7.0104027,0.5678529,2.376334098847816e-12,3.649637107114092e-12
Plscr4,7.009113,1.7974842,2.398339560701635e-12,3.683020044087014e-12
Kcnma1,7.0078397,0.42196134,2.4202562482041476e-12,3.716259172938661e-12
Ccdc125,7.003868,-0.15351197,2.489903038923566e-12,3.822771309900052e-12
Lins1,6.9947305,0.5911402,2.657689678293413e-12,4.079917641520254e-12
Alyref,6.993651,2.42962,2.6782376477035967e-12,4.1110000934276225e-12
Krt23,6.9933457,0.4505598,2.684071873375308e-12,4.1194930267572765e-12
Pnpla7,6.988535,1.2622164,2.777716323805265e-12,4.2627393926649086e-12
Hmcn1,6.9871187,0.94895446,2.805885852157069e-12,4.305485752720817e-12
Inpp5f,6.98489,0.48884097,2.8507952750235173e-12,4.373906135526377e-12
Ewsr1,6.980613,0.85441434,2.938946148788799e-12,4.508648035078172e-12
Tshz2,6.9697876,0.09603225,3.1741950810607967e-12,4.868998063208793e-12
Fam122b,6.967585,1.0718967,3.224276313751369e-12,4.945264534606322e-12
Cbr3,6.963964,-0.5703827,3.3082956010064977e-12,5.07356087739866e-12
Fmo1,6.9632177,0.086845994,3.325873208046641e-12,5.099945741201818e-12
Gnai1,6.959654,-0.22759055,3.411101438273555e-12,5.230049576005255e-12
Rita1,6.959182,0.8500979,3.4225485749922413e-12,5.247012529486424e-12
Mapkbp1,6.9569597,1.0170556,3.4769389686984017e-12,5.329799394344877e-12
Fabp5,6.9311132,0.39440584,4.17540995715307e-12,6.399768119711749e-12
Elmo2,6.929838,0.53713053,4.213226338907253e-12,6.457006632809222e-12
Bcl2,6.920598,1.3610653,4.497410709774029e-12,6.891762825656639e-12
Cmtr2,6.911072,1.1153657,4.810052902862568e-12,7.370025036038724e-12
Pkmyt1,6.9069786,1.2053306,4.950843121237821e-12,7.584895774470895e-12
Pomk,6.906962,0.55500484,4.951425292931932e-12,7.584937927729826e-12
Slc7a6,6.902094,0.12766373,5.1241496715445115e-12,7.848649950534409e-12
Neu3,6.9017434,0.55844355,5.136809207409207e-12,7.867159358418738e-12
Pole2,6.8999343,1.0946077,5.2026631280816886e-12,7.967124107112776e-12
Trmt61a,6.897946,1.1092088,5.275978723520102e-12,8.078491663210995e-12
Nr6a1,6.8904057,2.0829842,5.563350196408398e-12,8.517556419154147e-12
Sytl4,6.8832183,1.525669,5.851530216465355e-12,8.957760630265726e-12
Chst15,6.867923,0.5371984,6.514338269999268e-12,9.97129794518021e-12
Phykpl,6.85443,0.99551517,7.159742575537391e-12,1.095797198886109e-11
Phf20,6.8483343,0.53070915,7.471480238503522e-12,1.1433806206528162e-11
Orc1,6.8477693,1.7733504,7.501038801919434e-12,1.1477756027330004e-11
Zdhhc8,6.8407464,0.8612018,7.878166893901289e-12,1.2053471948321787e-11
Grhl1,6.8385077,0.55939907,8.002230639926252e-12,1.2241917888017843e-11
Unc5cl,6.8382335,0.6566857,8.01755578196335e-12,1.2263990527779511e-11
Creb3l4,6.831318,0.32886374,8.413804259039737e-12,1.2868669415319137e-11
Btbd10,6.826438,1.0867335,8.704887212895505e-12,1.3312383430591145e-11
Camsap2,6.8235703,0.27211156,8.880532828391879e-12,1.3579479640865364e-11
Mex3d,6.8144565,0.7839618,9.462082539564991e-12,1.4467126423138557e-11
Nox1,6.8125324,1.505655,9.58952898830635e-12,1.466034755898148e-11
Cbx4,6.8032045,1.192341,1.0231733511513571e-11,1.564039299909994e-11
Sergef,6.8018074,0.9454637,1.0331466840417397e-11,1.5791081819907e-11
Kif20b,6.8017144,0.5482769,1.033813807887321e-11,1.5799512542310142e-11
Plcxd2,6.797974,0.93920636,1.0610055622072391e-11,1.621326523989719e-11
Natd1,6.795857,0.41759223,1.0767043556891836e-11,1.6451320741954845e-11
Adgrf1,6.7895446,2.2522185,1.124881131314958e-11,1.7185509407588035e-11
Ctps,6.787542,0.47141895,1.1406003485769061e-11,1.7423715110354326e-11
Mblac2,6.7874155,1.2047364,1.1415993408858856e-11,1.7437027796955752e-11
Srl,6.785902,-0.13203171,1.1536352548876766e-11,1.7618898939679447e-11
Atad2,6.7801256,0.6153109,1.2007139609594835e-11,1.8335860877856992e-11
Gbp6,6.7692385,1.2616165,1.2946214364344724e-11,1.976769555967107e-11
Nkrf,6.7679677,0.46993816,1.3060391461463157e-11,1.993980721620059e-11
Spdef,6.7670283,0.09121716,1.3145425971294397e-11,2.0067392292637962e-11
Csrp1,6.757428,0.75288403,1.4046242659612635e-11,2.1440157201719256e-11
Samd1,6.7527657,2.2062328,1.4505334227898262e-11,2.213844258554785e-11
Rad51,6.7490463,0.25318125,1.4881985790264825e-11,2.2710763941733233e-11
Ddx31,6.7479596,1.8835328,1.49938816037911e-11,2.2878970199937883e-11
Urb1,6.746405,1.0005207,1.5155305540734338e-11,2.312270481641661e-11
Lin9,6.7343044,0.81084365,1.6471603181405145e-11,2.5128198740039644e-11
Kifc1,6.727753,0.46405533,1.7230262271581258e-11,2.6282636538078492e-11
Strada,6.726137,1.0095811,1.7422642847589207e-11,2.6573125244343343e-11
Celf6,6.7250476,0.077830255,1.75535003337014e-11,2.6769724218062523e-11
Atp23,6.721503,0.47242114,1.798598375416702e-11,2.7426218536823593e-11
Tbc1d19,6.720878,0.043215785,1.8063258268416426e-11,2.7540980802831378e-11
Zhx3,6.713927,-0.038760427,1.894555542239579e-11,2.8882995585425015e-11
Melk,6.7134094,-0.22679766,1.9012874815862212e-11,2.8982394728226035e-11
Tedc2,6.7118073,-0.018805651,1.9222836939732456e-11,2.9299185817079955e-11
Tctn2,6.70986,0.847442,1.9481162924747534e-11,2.9689613618179265e-11
Hist1h1d,6.7066793,0.354845,1.9910282087289443e-11,3.0340217020691236e-11
Rab27a,6.7012753,0.17260832,2.0660849387512525e-11,3.1480458537519084e-11
Cenpf,6.697609,0.76100194,2.118575626816634e-11,3.227665073163711e-11
Cgnl1,6.687892,0.7556104,2.264082699911825e-11,3.448961893872586e-11
Afm,6.6866736,0.7173636,2.2830010259345187e-11,3.4773935207902144e-11
Rpusd2,6.685053,1.7260065,2.308416260601585e-11,3.515713594356462e-11
Zfp27,6.6807523,1.0418091,2.377191090827964e-11,3.620054361589355e-11
Slc16a10,6.6776767,1.7204233,2.4275963936457813e-11,3.69640136767688e-11
Polh,6.6772118,0.21088207,2.4353062741411362e-11,3.7077280448541566e-11
Cul7,6.6767664,0.8154564,2.4427223646995888e-11,3.7186049579502255e-11
Ccdc134,6.676614,1.8280417,2.4452655663384658e-11,3.7220621793943143e-11
Caprin2,6.6727014,0.7433642,2.5113673951053615e-11,3.8222536592171196e-11
Phlda2,6.669209,0.9765169,2.5718553591167173e-11,3.913879594471523e-11
Iqce,6.6584673,0.30443284,2.7669800272226998e-11,4.210354052772941e-11
Arv1,6.6534467,1.1266342,2.863075694771131e-11,4.356092581886428e-11
Tubd1,6.65204,0.53457516,2.890577813795287e-11,4.39695790919361e-11
Pcgf1,6.65204,1.1861285,2.890577813795287e-11,4.39695790919361e-11
Ncapg2,6.648741,0.7694702,2.956109929935279e-11,4.496140951158374e-11
Tlcd2,6.6481996,1.4259366,2.966996246999695e-11,4.512196805796356e-11
Pola1,6.6472745,0.3758846,2.985694618662031e-11,4.540128312043064e-11
Sh3pxd2b,6.6453915,0.53046674,3.0241232263241645e-11,4.598052603956298e-11
Mrm3,6.645208,1.8818914,3.027894588680892e-11,4.60327498612687e-11
Alkbh4,6.6328473,1.6285781,3.2927251891770105e-11,5.0053375902618516e-11
Hoxa2,6.627929,0.7896955,3.404286041042017e-11,5.174348295126107e-11
Arhgap19,6.6277957,0.59347636,3.407365351500378e-11,5.178453120889939e-11
Il34,6.6209874,1.1590108,3.568077247994478e-11,5.422097607103511e-11
Camk2b,6.6192803,0.6621667,3.609516724637285e-11,5.48446013437943e-11
Ran,6.615552,0.43001458,3.7016801097712784e-11,5.623872403191004e-11
Rnf24,6.6152754,1.3594083,3.7086067567691666e-11,5.6337699843166355e-11
Bicd1,6.614529,-0.14900303,3.7273601062488366e-11,5.6616293960849536e-11
Pla2g4f,6.608653,0.6850963,3.8783291673342086e-11,5.890287801343326e-11
Klhl20,6.6038923,0.98024035,4.0050083432714285e-11,6.082008783368883e-11
Prrg4,6.5798216,0.8079125,4.710125162506507e-11,7.152005507137073e-11
Pde1b,6.560548,0.77714294,5.3610464805136526e-11,8.139481583326768e-11
Cdkn3,6.5486784,0.7937033,5.8048531756457246e-11,8.812318736340506e-11
Lrrk2,6.5484066,0.95905083,5.8154243332852025e-11,8.82738680848875e-11
Fam83c,6.545229,0.46632674,5.940438726383139e-11,9.016148677390613e-11
Ncapg,6.5402346,0.33091024,6.142247058985668e-11,9.321410335326713e-11
Zfp111,6.53268,1.1515378,6.460316329117004e-11,9.803021060882715e-11
Mastl,6.5304294,0.18289801,6.55814001163856e-11,9.950356669162022e-11
Kif20a,6.521957,0.53738075,6.939593622296185e-11,1.0527950164732674e-10
Rnf219,6.514903,0.86975795,7.273667681054892e-11,1.1033544707534736e-10
Galnt5,6.513766,0.40539336,7.328973440531699e-11,1.1116205833991902e-10
Cntn3,6.5089335,2.631338,7.568616221307088e-11,1.147841042767821e-10
Ppdpf,6.5075483,-0.39529452,7.638706743087746e-11,1.1583423676172647e-10
Epb41l4a,6.5037866,1.1063514,7.832291730702169e-11,1.1875661316925619e-10
Smim13,6.4938912,0.2921569,8.364722931272368e-11,1.2681550563763816e-10
Fam124a,6.4932523,1.8074491,8.400288778165576e-11,1.27340593106545e-10
Nusap1,6.4910135,0.6115146,8.526072437102683e-11,1.2923303101017422e-10
Efcab2,6.4895525,0.4837494,8.60917837700604e-11,1.3047823817528273e-10
Bmf,6.488463,0.82338417,8.67164984081357e-11,1.3141047381773666e-10
A4gnt,6.4844723,0.044606254,8.904292174214003e-11,1.349209922242399e-10
Tubgcp2,6.47856,1.044871,9.260203671491585e-11,1.402983439038859e-10
Mcm3ap,6.473792,0.87098354,9.55732680565508e-11,1.4478391942764285e-10
Mms22l,6.4698253,0.42037225,9.81161949931601e-11,1.4861973488385736e-10
Igsf23,6.465191,0.998692,1.0117086685965205e-10,1.532297712156099e-10
Lgals2,6.457436,0.18654059,1.0649160577467363e-10,1.6127051040627485e-10
Ttl,6.454962,0.60714114,1.0824626237339764e-10,1.639096044686317e-10
Taf9b,6.442718,0.7206011,1.1735268687169363e-10,1.77679140054297e-10
H2-Q6,6.4418883,1.1365744,1.1799610095181125e-10,1.786335304457012e-10
Krt10,6.431523,0.9037987,1.2633162627802237e-10,1.9123145775425679e-10
Vegfc,6.4311914,1.2267159,1.266073818742863e-10,1.9162766431996293e-10
Cbx2,6.427878,0.27205354,1.2939749615699006e-10,1.95828990697968e-10
Pfkm,6.422374,0.40696466,1.341656738310571e-10,2.030226391102917e-10
Pard6a,6.421513,0.6181576,1.349265123183937e-10,2.0415136711153285e-10
Tns2,6.420135,1.2172656,1.3615348610094783e-10,2.0598505613789816e-10
Zfp81,6.4155602,1.2536663,1.403058354875894e-10,2.1224361728902492e-10
Gspt2,6.4135604,1.12881,1.4215991790415225e-10,2.1502454123872159e-10
Shld1,6.412533,1.8535509,1.4312166045009143e-10,2.1645528717706263e-10
Itih2,6.40309,-0.39218086,1.522633151184717e-10,2.302555384546169e-10
Prc1,6.401705,0.46086943,1.5365132527455333e-10,2.3232882276973873e-10
Slc43a2,6.3933873,0.30665627,1.6225036693958412e-10,2.453038991596255e-10
Tmem67,6.3918643,0.04646617,1.6387541916644257e-10,2.4773340228842606e-10
Nipa1,6.3881717,0.0869631,1.678809964902415e-10,2.53760652924069e-10
Arid3a,6.378047,0.9119328,1.793604672407365e-10,2.710824922101096e-10
Bbs5,6.375463,0.16192618,1.82411215337959e-10,2.756628765329417e-10
Prim2,6.372409,1.2965226,1.8608178292505945e-10,2.8117882668510364e-10
Hmmr,6.3708954,1.0889311,1.8792796087226842e-10,2.8393711909493655e-10
Cenpa,6.3684254,0.064596556,1.9097847476320166e-10,2.885142114877135e-10
Lrrc56,6.3543653,0.96881413,2.0928912011344236e-10,3.1614146885577423e-10
Spata6,6.3459787,1.13394,2.2101602935302704e-10,3.3381866593799923e-10
Mageh1,6.343504,0.23436439,2.2459707312485905e-10,3.391899475408556e-10
Fam161a,6.340536,0.5338813,2.2896706133707692e-10,3.4575138734369776e-10
Card6,6.329079,0.3723169,2.4662888764642556e-10,3.7238048344538693e-10
C9orf72,6.328233,1.8460698,2.4798502576846377e-10,3.7438675506554895e-10
Gmip,6.327999,1.6313577,2.4836067732180475e-10,3.749124917072171e-10
Lrrc29,6.3246784,1.6774892,2.5376077404796764e-10,3.8302191888586724e-10
Dzip3,6.3226256,0.8453757,2.5715568834291554e-10,3.8810330406018874e-10
Rasd2,6.3202515,0.4148792,2.611382622650098e-10,3.9407037480401773e-10
Brf2,6.315412,0.13347661,2.694427415591104e-10,4.065573751319469e-10
Ppp1r3d,6.315357,1.7080914,2.6953829377047205e-10,4.0665668218349576e-10
Hivep3,6.313419,1.0942522,2.729371981877998e-10,4.117392372000179e-10
Tmem184c,6.311822,0.84486425,2.75769693389603e-10,4.1596630896788236e-10
Snx24,6.3116026,0.8647592,2.761608677046081e-10,4.1651040761668856e-10
Cenpj,6.3099647,1.1188072,2.79099100164109e-10,4.208954780264877e-10
Anxa8,6.3093376,1.2961075,2.802319876552112e-10,4.225573305970905e-10
Inpp4b,6.3089943,0.7046573,2.808541771138648e-10,4.2344882822845663e-10
Fut9,6.3059072,0.63825846,2.865105193745333e-10,4.319293740984172e-10
Tspyl2,6.2977257,0.83295006,3.020444274681989e-10,4.552973485039263e-10
Kif12,6.297411,1.5427976,3.026580243464309e-10,4.561719919472548e-10
Stk26,6.296996,0.08457967,3.0346871663605784e-10,4.5734347586489867e-10
Zbtb49,6.2916846,0.95503736,3.1403859222616353e-10,4.732206885611886e-10
Coil,6.288388,1.4098644,3.207796269751171e-10,4.833254075456948e-10
Trmt13,6.2842207,1.1931504,3.2950215107919924e-10,4.964131228388289e-10
Rhbdd3,6.2769094,0.9111009,3.4536938823352684e-10,5.20260672405098e-10
Fads3,6.2715287,-1.015305,3.5752012662598444e-10,5.385050921478507e-10
Otud1,6.2665844,1.2576919,3.690530035718823e-10,5.558149585732919e-10
Gen1,6.264978,0.9722496,3.728785128145801e-10,5.615145537649359e-10
Als2,6.26114,0.67589194,3.821739602356535e-10,5.754491198219073e-10
Mycbpap,6.2593017,1.7623699,3.8670511333177865e-10,5.822076874173812e-10
Dusp10,6.2538066,0.67205894,4.0056657997984973e-10,6.030105659648222e-10
Slc28a3,6.2488604,0.16135488,4.1345893598145533e-10,6.223501320359275e-10
Xylb,6.241844,0.79912573,4.3244138669855063e-10,6.508514157057759e-10
B9d1,6.23988,1.3683733,4.379069165661823e-10,6.59004851330752e-10
Tyw3,6.2351933,1.7871366,4.512210255427049e-10,6.789664969516383e-10
Dhx29,6.2350073,1.372593,4.517573243074901e-10,6.796986918148231e-10
Hdac6,6.2333765,0.9694636,4.564869786056407e-10,6.867392114886839e-10
Flna,6.229059,0.64858526,4.692440980983666e-10,7.058533760307075e-10
Trappc2,6.228561,0.84133184,4.707385517234425e-10,7.080235036095553e-10
Ppp1r15a,6.226275,1.0761151,4.77655648635728e-10,7.183482893537423e-10
Plet1,6.224389,-0.53124124,4.834355590733375e-10,7.268808433565575e-10
Akr1b7,6.2212567,0.026417019,4.931882955831133e-10,7.414632741973477e-10
Zbtb12,6.2155876,1.2366359,5.113287042603965e-10,7.686512070749612e-10
Chpf,6.2145963,0.9296919,5.145683601838727e-10,7.734361755896306e-10
Pm20d2,6.2111297,0.40298963,5.260497050274107e-10,7.906066288877724e-10
Stil,6.2097354,0.51286095,5.307392837502183e-10,7.975670005806852e-10
Ccdc114,6.208026,1.5914134,5.365426911488989e-10,8.061994617581797e-10
Wtip,6.2043476,0.6184773,5.492425621855461e-10,8.251913906709891e-10
Zfp750,6.200717,-0.20237097,5.620652858479034e-10,8.443637025123674e-10
Bbs4,6.2001877,0.6364909,5.63958616774666e-10,8.471149038217879e-10
Anln,6.193496,0.34034705,5.884416675162163e-10,8.837934984386883e-10
Zfp472,6.190733,0.99373424,5.988504263175029e-10,8.993278695246928e-10
Ablim2,6.1868114,0.35544124,6.139328867875519e-10,9.218768229735118e-10
Csrnp2,6.182761,1.6460848,6.298993979281762e-10,9.457481627874188e-10
Top1mt,6.1810927,0.2292864,6.365949196790219e-10,9.556960727424114e-10
Rpf2,6.174856,1.5335926,6.622372026304488e-10,9.940827383064093e-10
Wdr6,6.172005,1.3019407,6.742935594414035e-10,1.0120694133861479e-09
Spice1,6.1665077,0.40339005,6.981467642693712e-10,1.0477564751299003e-09
Tmem14a,6.1641884,1.1618267,7.084566073849752e-10,1.0631124883122502e-09
Cdk17,6.162913,0.92328435,7.14188560847596e-10,1.0715962880832649e-09
Rgcc,6.162057,-0.02511069,7.180602002438808e-10,1.0772872450175612e-09
Zfp37,6.160147,0.16725414,7.267725437948624e-10,1.0902385406312795e-09
Ccdc112,6.1580734,0.76380575,7.363522177739089e-10,1.1044879431894487e-09
Hoxd13,6.149644,0.54709667,7.765711064010738e-10,1.16468632156555e-09
Kdelr3,6.148218,0.666764,7.835814126716865e-10,1.175071369479692e-09
Hpd,6.1451097,-0.22960512,7.990828349154645e-10,1.1981861587137038e-09
Dipk1b,6.1430836,0.05263643,8.093478959527943e-10,1.2134450693075828e-09
Zfp563,6.142769,1.1057775,8.109534942131597e-10,1.2157190345719096e-09
Dnajc18,6.1333404,0.3404105,8.605281482439074e-10,1.2898961336441338e-09
Prmt6,6.1208534,2.0326912,9.307555918036213e-10,1.3950112579915082e-09
Pced1a,6.120827,1.363927,9.30908796126437e-10,1.3950879766607152e-09
Zbed3,6.1163144,0.50375056,9.576434225875175e-10,1.4348388083580916e-09
Dlgap5,6.1163144,0.5616385,9.576434225875175e-10,1.4348388083580916e-09
Aurka,6.1132226,-0.05956453,9.763915132287513e-10,1.4627688369197166e-09
Rnf170,6.0971212,1.7479209,1.0799549450672187e-09,1.6177438792632509e-09
Gtse1,6.0844007,0.65077174,1.1692774725150493e-09,1.7513548123377107e-09
Mis18bp1,6.073702,0.8358298,1.249947391120577e-09,1.8719779403760693e-09
Acrbp,6.072517,1.9865215,1.2592076082245337e-09,1.8856399520883156e-09
Gins2,6.0666933,0.21685411,1.3057072357847287e-09,1.9550581900094345e-09
Tpd52l1,6.060836,-0.29896778,1.3541601337285069e-09,2.027385573542515e-09
Ckap2l,6.0583353,0.59630835,1.375376615985382e-09,2.0589244908155555e-09
Senp8,6.0554338,0.45625657,1.4003971337598823e-09,2.0961504820672498e-09
Wdr47,6.0551977,1.1567413,1.402451894122432e-09,2.098996350237962e-09
Gja1,6.0497913,0.098003805,1.450337580940037e-09,2.170427491721931e-09
Spry4,6.0471926,0.45746797,1.473914783545322e-09,2.205469380127178e-09
Runx1,6.0434165,0.06092527,1.5088445796837197e-09,2.2574890182904667e-09
Focad,6.0425725,1.1687114,1.516760457404167e-09,2.269084263756918e-09
Fer1l6,6.0323315,-0.028743206,1.61611013858454e-09,2.4174476203394864e-09
Mthfd2,6.025158,-0.05985719,1.6894439519106527e-09,2.526867116086424e-09
Fbxo10,6.00874,1.0101179,1.8697061386147363e-09,2.796175792383696e-09
Ssbp2,5.9996095,1.2493294,1.977924197501578e-09,2.9576941936395932e-09
Nags,5.99391,1.3055146,2.0485513904396363e-09,3.062636959031598e-09
Serp1,5.990777,1.1731924,2.088405263692627e-09,3.121878222671259e-09
Pole,5.9891205,0.2640283,2.1097891278965306e-09,3.1534994342534765e-09
Rasal2,5.9876375,-0.20509845,2.129107680846031e-09,3.182027053067702e-09
Zfp385b,5.974526,0.7600506,2.3076001983533264e-09,3.4484135845789248e-09
Tpx2,5.9673195,-0.10562994,2.4118286156445045e-09,3.6037758215623466e-09
Usp20,5.967198,0.6550327,2.413625765000697e-09,3.606067118582381e-09
Nol3,5.9502816,0.43960643,2.676814750101777e-09,3.998846592488726e-09
Serac1,5.9454136,1.2729112,2.7575953917026343e-09,4.119073400495196e-09
Chrnb4,5.942744,0.9235098,2.8029051647760806e-09,4.1862962132277086e-09
Tmem173,5.9422646,0.36696875,2.811113022850268e-09,4.198096602323622e-09
Ckap2,5.9416804,-0.22135924,2.8211492818328263e-09,4.212624637373215e-09
Lipt2,5.940629,1.8287821,2.8393025482026733e-09,4.239268735306426e-09
Nfkbil1,5.937852,1.7702849,2.887807343800694e-09,4.311218933021233e-09
Tfpi,5.9377494,0.0041906144,2.889613003869593e-09,4.313443710066225e-09
Rassf4,5.917162,0.22004943,3.2754429472199544e-09,4.888854213406776e-09
Greb1,5.9111233,0.632466,3.3978233156063624e-09,5.070962986021718e-09
Padi2,5.9052353,1.1993108,3.5214412390546495e-09,5.254878758628582e-09
Ift122,5.9049325,1.7796606,3.5279142697799127e-09,5.263963735869101e-09
Slc35g2,5.899919,0.44685006,3.636800698873806e-09,5.425840012775398e-09
Mad2l2,5.8938923,0.13712187,3.772027121521987e-09,5.62697402496053e-09
Epha4,5.89143,1.4138256,3.828681399213909e-09,5.710865852339682e-09
Zscan12,5.8725514,1.1955285,4.291379956555075e-09,6.400329469504924e-09
Trpv3,5.872263,0.48659107,4.298855752667229e-09,6.410779980122612e-09
Lsm11,5.870411,0.3849004,4.3471643826343475e-09,6.48211459301327e-09
Mfge8,5.860315,0.6235804,4.619900203210626e-09,6.8880435323708365e-09
Kctd21,5.859769,0.40491334,4.635113053242163e-09,6.909971765298875e-09
Slc12a8,5.857352,0.50386727,4.70306260304631e-09,7.0105058967362435e-09
Zfp229,5.855473,0.9261546,4.756535961386759e-09,7.089441882502881e-09
Svil,5.8509107,1.2420318,4.888894758182808e-09,7.285923694218602e-09
Agbl2,5.849752,0.48138124,4.923069526054124e-09,7.3352555860525326e-09
Apbb3,5.8485646,2.141881,4.9583292104807294e-09,7.386986812651049e-09
Thpo,5.8458233,0.5258256,5.040693640330744e-09,7.508876419555873e-09
Sgo2a,5.8431697,0.7765886,5.121674977867885e-09,7.628679372872599e-09
Dock11,5.8399444,0.84175307,5.221824416295901e-09,7.777003800135749e-09
Zfp599,5.8395605,0.8831924,5.233867785449943e-09,7.794091469675265e-09
Prr11,5.835634,0.19903675,5.358631834009424e-09,7.979016804233327e-09
Pip4k2b,5.835403,0.6124381,5.366069345486033e-09,7.989221371749755e-09
Disp1,5.8298745,0.54460895,5.546899725438036e-09,8.257549939621722e-09
Gas8,5.82412,1.1827142,5.741432588157109e-09,8.546216462724335e-09
Map4k2,5.820537,1.1055144,5.86588781213843e-09,8.730519790051482e-09
Kctd1,5.8149014,-0.3411932,6.0669652547536386e-09,9.028811607221244e-09
Zfp358,5.8145247,1.4331458,6.080640889259372e-09,9.048178907575833e-09
Rbmx2,5.814048,1.0666041,6.097994825734408e-09,9.073014823405291e-09
Smpx,5.7951746,1.1185416,6.82502040406989e-09,1.0153628592869424e-08
Etv5,5.793277,0.09079338,6.902618508240674e-09,1.0267954759076604e-08
Kazald1,5.7884874,1.2963542,7.102301179311567e-09,1.0563842574188132e-08
Tnnt1,5.784995,2.1432726,7.251443902330708e-09,1.07845019428355e-08
AU041133,5.7822847,1.7879307,7.3692897917439924e-09,1.0958573064604078e-08
Syce2,5.7800508,1.2628167,7.467804331960523e-09,1.1103862589927167e-08
Eri2,5.7778006,0.49701074,7.568349436417387e-09,1.1252139437161097e-08
Sik1,5.7688584,0.11979205,7.981033995494802e-09,1.1864402640329537e-08
Slc7a5,5.768739,0.07072848,7.986680110312131e-09,1.1871505490056348e-08
Smn1,5.7661624,2.7334352,8.109703122119861e-09,1.2053058384413552e-08
Slc6a20a,5.7605505,0.72462016,8.384007945581424e-09,1.245939020384981e-08
Nup43,5.752581,0.56290525,8.7891139940431e-09,1.3059994987345365e-08
Slc23a3,5.7519445,0.62900376,8.822277505706395e-09,1.3107849292756947e-08
Exosc2,5.7439704,0.85791034,9.248202877448029e-09,1.3739182438794329e-08
Traf3ip1,5.73633,0.63890857,9.675016778306465e-09,1.43716982884359e-08
Adam4,5.7236238,1.8343754,1.042756762310232e-08,1.5487888263921388e-08
Ptprn2,5.721335,-0.2324826,1.0569028057933378e-08,1.569629221244993e-08
Fam149a,5.721211,0.16782115,1.0576743514589365e-08,1.5706044908460153e-08
Mettl18,5.712617,0.8297931,1.1125187950443212e-08,1.6518669405245484e-08
Trim35,5.708419,1.1483508,1.1403047830939018e-08,1.692939736055706e-08
Prkd3,5.7083664,0.87799513,1.1406561402948719e-08,1.6932775421767666e-08
Fhl2,5.7051673,0.4496248,1.1622890332868365e-08,1.725203791403179e-08
Fignl2,5.6972766,1.4693753,1.2173642045035993e-08,1.806756619989876e-08
Fkbp14,5.6954074,1.9084946,1.2307760293084806e-08,1.8264636137594654e-08
Cenpm,5.6919985,0.77558655,1.2556096212313585e-08,1.8631143196982233e-08
Pter,5.684613,0.24063504,1.3110911983776481e-08,1.9452286142795203e-08
Prkdc,5.6834593,0.43254682,1.3199714690342042e-08,1.9581915642268108e-08
Icosl,5.6770563,0.25881937,1.3703254270202333e-08,2.0326716796292103e-08
Ube2t,5.6769085,0.7387182,1.3715094881718873e-08,2.0342074024675226e-08
Kif4,5.6732965,0.4478759,1.4007534410324155e-08,2.0773563936794578e-08
Nudt15,5.6701117,0.91277426,1.427044093109336e-08,2.1161166746118163e-08
Pipox,5.6670294,0.8375717,1.4529446869656766e-08,2.1542902086366287e-08
Pcnx4,5.650218,1.1889542,1.6024452565265892e-08,2.3756980575673362e-08
Ybey,5.64843,1.0707717,1.61919739247035e-08,2.400273641412687e-08
Rad54l,5.6457887,0.76302296,1.6442575232284565e-08,2.4371582083404665e-08
Elk1,5.642604,0.7318001,1.674975631684109e-08,2.482420262629261e-08
Bend7,5.6370993,1.4475708,1.729384408594082e-08,2.562779777581715e-08
Mtbp,5.6346035,0.87544584,1.7546176337047565e-08,2.5998912277508447e-08
Pla2g2c,5.632868,0.82467806,1.7723731452154456e-08,2.625915792071638e-08
Zfp90,5.617871,0.9116938,1.9332521257669134e-08,2.8639608731299472e-08
Sox6,5.6156487,0.9628164,1.95826082345433e-08,2.9006950564057583e-08
Spata2l,5.611546,3.1876788,2.0052690895381576e-08,2.9700048520994594e-08
Ggct,5.6099606,1.4119275,2.023725146351862e-08,2.9970155270047335e-08
Cdca2,5.6030855,0.44326237,2.105692562893283e-08,3.1180666808408926e-08
Zfp341,5.601629,0.5982907,2.1234672528162063e-08,3.144046630820877e-08
Usp31,5.5956764,1.1203915,2.19763383325876e-08,3.25350683878029e-08
Fam92a,5.593552,-0.057504505,2.2247024466951124e-08,3.293224286485783e-08
Zfp74,5.587955,0.69557816,2.2975941931324307e-08,3.400757721732437e-08
Sardh,5.576898,0.97854793,2.4484506181790627e-08,3.623653918138385e-08
Gdf15,5.574152,0.94024897,2.487386010627152e-08,3.680879092665978e-08
Zfp101,5.5740376,2.1511683,2.489021291098363e-08,3.6829004713016784e-08
Mks1,5.566457,1.5255843,2.5997143797106073e-08,3.846272221415401e-08
Arl10,5.562421,0.96965945,2.6605799813240385e-08,3.935896932562335e-08
Gkap1,5.5572095,0.31843284,2.7412179868190356e-08,4.054749158437027e-08
Cenpk,5.540658,0.6864462,3.01337417850208e-08,4.456834511249832e-08
Fads1,5.5398927,-0.27637166,3.026571264645932e-08,4.4758691515121785e-08
Cnnm2,5.534133,0.6351633,3.127714024751299e-08,4.6249447760028125e-08
Zkscan17,5.5265617,0.68499255,3.265672990734687e-08,4.8284223319598705e-08
Fsd1l,5.5226474,0.5802156,3.3392947371097085e-08,4.936741138375704e-08
Atxn7l2,5.5194316,1.4456955,3.400981696444643e-08,5.0273943031975456e-08
Psmb4,5.511269,1.4885775,3.562558665347759e-08,5.2656711790564864e-08
Zfp52,5.505166,0.9243297,3.6882032386896284e-08,5.450792098679419e-08
Ccdc191,5.50426,1.3843365,3.70721614235447e-08,5.4782991945858414e-08
Ska2,5.503195,0.33208716,3.729703008210255e-08,5.510933402190733e-08
Zfp689,5.496119,0.9418503,3.882402346614315e-08,5.735939076269528e-08
Hsd17b14,5.493547,0.6474305,3.9394041101598523e-08,5.819525894613372e-08
Zfp677,5.489294,1.2516879,4.0354345479164374e-08,5.960743944994306e-08
Sval1,5.482633,-0.23384379,4.19040955535665e-08,6.188320806641706e-08
Gpr19,5.482054,0.30534422,4.2041575766339044e-08,6.207953229723424e-08
Cd274,5.480626,1.6836784,4.238233765257974e-08,6.257595199730382e-08
Fam189b,5.470759,0.5232346,4.481122092200077e-08,6.615496557361119e-08
Iqgap3,5.4610233,0.7353452,4.7339838113369305e-08,6.988042813043235e-08
Tspan5,5.448605,0.8028828,5.0766333268331054e-08,7.493034079270665e-08
Slc25a29,5.444724,1.1352125,5.188569193946452e-08,7.657423238421943e-08
Hyls1,5.4420614,1.4693496,5.266750185835324e-08,7.771965985895981e-08
Cep152,5.4358892,1.5884634,5.452374444616482e-08,8.04501732090315e-08
Parpbp,5.4332767,0.9465986,5.532850773403403e-08,8.161999387949464e-08
Tmprss13,5.432621,0.34164825,5.5532232303688084e-08,8.191168986656613e-08
Zfp994,5.430111,0.649087,5.631905426348143e-08,8.306331611875631e-08
Bnipl,5.4231644,1.0406195,5.85531821520543e-08,8.634905272612342e-08
Plod1,5.413233,0.97348046,6.189695600780267e-08,9.127031199123371e-08
Slc13a1,5.406136,0.6378974,6.439897437682024e-08,9.494943122404493e-08
Slx4,5.4057283,1.243736,6.454562862320279e-08,9.515539795410717e-08
Castor2,5.4031463,0.38186473,6.548198045758341e-08,9.652539428235993e-08
Ccdc189,5.395096,0.08635951,6.84869684322139e-08,1.0094409283364143e-07
Aspm,5.3903184,0.54705364,7.033291226551703e-08,1.0365368846114295e-07
Ncaph,5.3832526,0.32934636,7.315177356638317e-08,1.0779639046554847e-07
Slc22a15,5.3724008,0.49612474,7.769509120838838e-08,1.1447908331803804e-07
Vamp1,5.3604884,1.6487144,8.299718411459229e-08,1.2227822589604066e-07
Rnf113a1,5.356896,1.1052012,8.466382252681053e-08,1.2472021685383326e-07
Wdr5b,5.356672,0.82300645,8.476884685256503e-08,1.2486148004188137e-07
Mcm10,5.356126,0.3094189,8.502523225901791e-08,1.2522563824901132e-07
Mme,5.35599,1.0526482,8.508916532469795e-08,1.2530630366306746e-07
Eif3j1,5.355654,1.2509435,8.524751559225631e-08,1.2552597994229621e-07
Rttn,5.3520327,1.3412547,8.697162757874107e-08,1.2805092669458272e-07
Eps8l1,5.3498635,1.4226685,8.802062633808837e-08,1.295814474295789e-07
Ltbp3,5.3417726,2.3695047,9.204216273945823e-08,1.3548725247169983e-07
Dctd,5.3375983,0.28247914,9.418590230126784e-08,1.3862794252177782e-07
Ccdc137,5.3351474,1.0805377,9.546691219942369e-08,1.4049828070674976e-07
Tm4sf5,5.32961,0.76974344,9.842406840689438e-08,1.4483472887811049e-07
Kifc2,5.3291116,1.477602,9.869442907250284e-08,1.4521694830713107e-07
Slx1b,5.327588,0.7359412,9.952550049512542e-08,1.4642401498341477e-07
Ccdc51,5.3232303,1.3889874,1.0194054273627109e-07,1.499609425471716e-07
Anpep,5.318231,-0.16562292,1.047808507381973e-07,1.5410605870561928e-07
Nrap,5.316894,0.17835861,1.0555359758963999e-07,1.552258788082941e-07
Rassf9,5.3151774,0.38037205,1.0655344366475324e-07,1.5667939162532264e-07
Amotl2,5.314071,2.1812606,1.0720263931748004e-07,1.5761704038990855e-07
Edn1,5.3053126,-0.5662255,1.1247995402886367e-07,1.6535834996180508e-07
Diaph3,5.3010335,1.0365868,1.1514885534466645e-07,1.6926374253878465e-07
Zfp141,5.2884083,2.0021956,1.2338522925481276e-07,1.8135135533744245e-07
Dtl,5.2878957,0.97109586,1.2373136325648404e-07,1.8184055803679948e-07
Slfn5,5.281042,2.316249,1.28451148625926e-07,1.887566577970705e-07
Usp54,5.2798643,0.3121296,1.2927947549741645e-07,1.899534573361094e-07
Glt1d1,5.279121,0.86460084,1.2980528929557538e-07,1.907055577048768e-07
Creld1,5.2782006,1.4978217,1.3045867903009653e-07,1.9164490662118058e-07
Armc7,5.277364,-0.046212934,1.3105558479649894e-07,1.9250108722794017e-07
Slc23a4,5.273521,0.5858463,1.3383102869547064e-07,1.9655668751053175e-07
Plcb4,5.2720237,0.27324072,1.3492759936368572e-07,1.9814593227001743e-07
Zfp938,5.2719975,1.6654497,1.3494688405137313e-07,1.9815297319902582e-07
Srgap2,5.2704554,-0.12937364,1.3608587686025843e-07,1.9980399034400194e-07
Cep131,5.2635775,0.26974535,1.4127887545874296e-07,2.074061859257445e-07
Rin3,5.263184,0.6758324,1.4158159925611672e-07,2.0782829216695967e-07
Per3,5.261654,1.3513173,1.427654509302373e-07,2.0954358070956262e-07
Cenpe,5.2525187,1.1042517,1.5003334395903988e-07,2.2018737697358554e-07
Ercc8,5.2514052,0.68810046,1.509431605003802e-07,2.2149884320664224e-07
Hus1,5.250783,0.39637357,1.514539666553948e-07,2.2222457017301757e-07
Slc25a30,5.246716,0.84425485,1.5483421087182668e-07,2.2715994353312196e-07
Sec22c,5.2464967,1.4521071,1.5501855667558985e-07,2.274060032759806e-07
Lmntd2,5.245648,1.227627,1.5573389655870984e-07,2.284308736930556e-07
Gins1,5.2368608,0.3659051,1.6333061761864315e-07,2.3954806906209194e-07
Rtn4rl1,5.236687,0.30692893,1.6348462845312767e-07,2.397482352918521e-07
Hist1h2ae,5.2327294,0.19239862,1.6702493597300321e-07,2.449137893449302e-07
Haus6,5.230224,0.5268298,1.6930462255125815e-07,2.4822994675549e-07
Sat2,5.227733,0.60327125,1.7160110731820756e-07,2.515700195729512e-07
Plk2,5.223895,0.009855785,1.7519828335374462e-07,2.568160065240066e-07
Far2,5.21383,-0.044134315,1.849810424893421e-07,2.7112709067971636e-07
Tent5c,5.2069573,1.1697369,1.919624234725107e-07,2.8132956178186513e-07
Zfp3,5.2041583,2.0820851,1.9487772632437838e-07,2.855714645827126e-07
Cdca5,5.2018604,1.0762643,1.973035056853435e-07,2.8909519342623724e-07
Cep135,5.2013407,0.49337155,1.978561065429125e-07,2.898738222599452e-07
Cyb5rl,5.200504,0.8827636,1.987489892405635e-07,2.911507689196257e-07
Ess2,5.199643,1.8337811,1.9967137222670192e-07,2.9247065287062436e-07
Plaur,5.1932783,2.0855532,2.0662306064542345e-07,3.0262079408012917e-07
Erich4,5.1914473,0.8320208,2.0866558555014083e-07,3.0557955476527906e-07
Wdr60,5.1899934,0.40967518,2.103017943053715e-07,3.079427173279746e-07
Slc34a2,5.1857834,-0.32131654,2.151089650262475e-07,3.149480831620915e-07
Pcdhgc3,5.1813874,-0.08520591,2.2024172998439683e-07,3.2242861123398205e-07
Chaf1a,5.177032,1.2388022,2.254437882366366e-07,3.300089706846506e-07
Knl1,5.17476,0.5113977,2.2820420154986535e-07,3.3401396298773506e-07
Rpp38,5.1715894,1.1401393,2.321112653384633e-07,3.3969622790062983e-07
Poli,5.1684666,1.0545623,2.3602271415598254e-07,3.4538369353483803e-07
Tmem53,5.1638703,1.4858536,2.418954621043495e-07,3.539397008642178e-07
Rsl1,5.1585493,0.35097724,2.488705821616757e-07,3.6410668782078906e-07
Tctn3,5.157629,0.416936,2.500963962417099e-07,3.6586095620511156e-07
Wipf3,5.156285,0.8286234,2.518979748074664e-07,3.684570334251902e-07
Tbc1d31,5.15515,0.6151324,2.5342820518147285e-07,3.706556904659509e-07
mt-Atp6,5.152985,-0.029450927,2.5637215546599395e-07,3.7492131600871214e-07
Rai2,5.1527658,0.44582608,2.5667227762145387e-07,3.7532008088894157e-07
Pecam1,5.151245,-0.070620246,2.5876291650885214e-07,3.78336670935374e-07
Zfp944,5.142291,1.1799895,2.7140831874466563e-07,3.9678306166701973e-07
Foxm1,5.1349845,0.013813859,2.8216761382295653e-07,4.124684253371385e-07
Tsen2,5.1325717,0.8153964,2.85809714672544e-07,4.1774773922050443e-07
Tas1r3,5.1223855,2.3287494,3.0169466043062463e-07,4.409185082172482e-07
Rec8,5.118173,0.14660056,3.0850973631453043e-07,4.508303744497973e-07
Dnaaf2,5.1096745,0.5397352,3.227147782697457e-07,4.715380481716821e-07
Ccdc166,5.1068873,1.0934873,3.275087277923914e-07,4.784916509146317e-07
Ccdc9b,5.101607,0.8253479,3.3678143966437575e-07,4.919865599199165e-07
Taf1c,5.0951705,3.0026686,3.484275848683932e-07,5.089454414735395e-07
Dpy19l3,5.0950823,0.9809134,3.4858984906672683e-07,5.091280771107006e-07
Spata17,5.09262,1.3941844,3.53149649798107e-07,5.157327489309177e-07
Kif18a,5.090722,0.37889928,3.5670251993348626e-07,5.208656657864842e-07
Hps6,5.0906696,1.030615,3.568012031209564e-07,5.209541375911893e-07
Dnaaf5,5.084643,1.2647793,3.6831800259179525e-07,5.377120407219815e-07
Bub1,5.082073,0.58469534,3.7333741818114375e-07,5.44981767039618e-07
Cep72,5.081687,0.3244227,3.7409741021342723e-07,5.46032883410035e-07
Sugct,5.0765305,2.0266454,3.8438887276559645e-07,5.609944327715615e-07
Mphosph9,5.0745473,1.6460882,3.8841980589976473e-07,5.668168654016949e-07
Ldhb,5.070206,0.911764,3.9738515547989736e-07,5.798380282957315e-07
Zfp661,5.054706,1.3963509,4.3105458915573554e-07,6.288991258620169e-07
Hacd2,5.0540767,1.9170109,4.3247823834090586e-07,6.309088872745773e-07
Them6,5.050734,0.81995827,4.4011501379766354e-07,6.419811001261919e-07
Fgd1,5.039768,0.44883853,4.6609595100412267e-07,6.798061145457954e-07
Msrb2,5.0358396,0.39050737,4.757589922181323e-07,6.938257671518565e-07
Tchp,5.0323257,1.463112,4.845652524781898e-07,7.065177340483255e-07
Fkbp11,5.031515,0.4137806,4.866187490204239e-07,7.09436182607068e-07
Nucb2,5.02751,0.37470108,4.968892493251927e-07,7.243322123997452e-07
Fam111a,5.0269427,0.47806188,4.983610361191794e-07,7.264002524973118e-07
Mical1,5.0243063,1.4529415,5.052558579704185e-07,7.363715078061892e-07
Rnf122,5.0234575,0.47025046,5.07494672006623e-07,7.395555882023199e-07
Ube2cbp,5.016444,0.56210977,5.263661347252548e-07,7.669746289150623e-07
Tdp1,5.0129466,0.3910027,5.360272705770317e-07,7.809687753186564e-07
Sept6,5.011812,0.45127082,5.391986115562101e-07,7.855055942293782e-07
Abcc4,5.0074615,1.4381351,5.51526121163144e-07,8.033787502030245e-07
Ano7,5.000958,0.104077436,5.704612325916529e-07,8.308720157302005e-07
Sorcs2,4.9924808,1.0030761,5.960862660311521e-07,8.681022031923329e-07
Cep55,4.971216,0.20156786,6.65341682034863e-07,9.688582155070548e-07
Dimt1,4.967252,0.80875796,6.790837167791185e-07,9.887638231425092e-07
Snta1,4.966286,1.293725,6.824715797614485e-07,9.93590849913532e-07
Tmem107,4.962894,0.27842167,6.945047257295256e-07,1.0110019293539774e-06
Bex4,4.962448,0.84921503,6.961011484951299e-07,1.013218010183172e-06
Tspan3,4.9534225,0.26731697,7.291931689772882e-07,1.0612725187063022e-06
Bub1b,4.952157,0.56602633,7.339539376588973e-07,1.0680876979339599e-06
Xpnpep2,4.951356,0.22180189,7.369818553663321e-07,1.0723799608570538e-06
Ift80,4.9431553,0.95072824,7.68682366798236e-07,1.1183882717274049e-06
Fanca,4.9424686,0.84397507,7.713951499066183e-07,1.12221581648649e-06
Chek1,4.9416366,0.49676433,7.746948758619311e-07,1.126896333093491e-06
Dnaja4,4.940228,0.4959395,7.803136944647592e-07,1.1349489227617085e-06
Cbfa2t3,4.9354887,0.08119347,7.995037796453443e-07,1.1627368059821422e-06
Rabl2,4.933505,0.92188954,8.076692622970015e-07,1.174487150352137e-06
Ttc30a1,4.9135494,1.0762855,8.944220950554244e-07,1.3005020893017467e-06
Nuf2,4.9110937,0.72708505,9.056969728065233e-07,1.3167559114532432e-06
Ccl9,4.908171,0.34647536,9.19295797873477e-07,1.3363846110258104e-06
Smoc2,4.9077134,0.16869283,9.214431928110915e-07,1.339363909618588e-06
Gimap1,4.906605,1.0975143,9.266639458410564e-07,1.3468093803142148e-06
Igflr1,4.9022164,1.9580852,9.476146040598728e-07,1.3771126153579979e-06
Gdpd5,4.901115,0.18083891,9.529433326564032e-07,1.3847093905085872e-06
Aasdh,4.894237,2.0626,9.868773939569116e-07,1.4338661668466603e-06
Cd200,4.893391,1.329308,9.911324986332258e-07,1.43989556133107e-06
Uhrf1bp1,4.8914933,1.0200884,1.0007378138650354e-06,1.4536955178037348e-06
Cenpq,4.887009,0.45872533,1.023793169248027e-06,1.4870283153974264e-06
Gemin6,4.875583,0.9314816,1.0848752795977922e-06,1.575580867512724e-06
Unkl,4.8744674,1.70498,1.0910239936833384e-06,1.5843424778188014e-06
Depdc1a,4.8714256,0.84331787,1.1079592843442697e-06,1.6087644100029613e-06
Peli2,4.870527,0.29637837,1.1130111147361405e-06,1.6159281233694363e-06
Guca1a,4.8696113,0.79630166,1.1181795293032646e-06,1.6232595608516076e-06
Wdr12,4.866057,1.0526811,1.1384673071335048e-06,1.6525358693398447e-06
Dsn1,4.8526354,0.79316044,1.2183149741623984e-06,1.7682506125738482e-06
Zdhhc14,4.8515053,0.61270607,1.2252780652105054e-06,1.7781680507008024e-06
Siva1,4.8493505,0.78560454,1.2386641666122516e-06,1.7974037010210675e-06
Tuba4a,4.848466,1.8057129,1.2441984180023053e-06,1.805242797472841e-06
Fgf9,4.847591,1.1094974,1.2496963999521062e-06,1.813027611854981e-06
Traf1,4.8468904,0.17346276,1.2541176308713155e-06,1.8192488174567986e-06
Cep128,4.8439484,0.39085862,1.2728394363135765e-06,1.8462112103933134e-06
Ccdc149,4.8438005,1.9165658,1.2737871364990444e-06,1.8473898707842223e-06
Spag5,4.84371,0.54556006,1.2743683204495059e-06,1.8480367743528095e-06
Ckmt2,4.842435,-0.44278923,1.2825779036413844e-06,1.859744760078033e-06
Zbtb48,4.840778,1.7369235,1.293318683463184e-06,1.8751201225995591e-06
Shcbp1,4.8318763,0.8350951,1.3525226373825519e-06,1.9607491854347923e-06
Hist2h2be,4.821163,0.7246103,1.4272366778806278e-06,2.06884265105126e-06
Lpo,4.8206577,-0.4954969,1.4308575228443635e-06,2.0738713963854446e-06
Eml6,4.805548,1.1571691,1.543279363876188e-06,2.236577501166476e-06
Cpt1b,4.805279,2.9109094,1.5453587998671898e-06,2.239353776431474e-06
Tsacc,4.804328,1.1928219,1.5527228018901166e-06,2.249786428888254e-06
Gabbr1,4.8039083,1.1291535,1.5559817950754407e-06,2.2542696310686146e-06
Bend3,4.798301,1.2478914,1.6001699125512768e-06,2.3180427493791006e-06
Mgmt,4.7978005,0.524969,1.6041734183495497e-06,2.323596175821427e-06
Cxxc5,4.7940507,0.8480127,1.634469255590113e-06,2.3672280311581018e-06
Cuedc1,4.793755,0.36991876,1.636880729404952e-06,2.370469551478632e-06
Nphp1,4.7874427,-0.07846811,1.6892011601345385e-06,2.445979019995745e-06
Zfp568,4.78319,0.78635156,1.725352500632768e-06,2.498061984770048e-06
Zbtb25,4.780865,1.117601,1.7454231447508025e-06,2.5268538539558785e-06
Dennd6b,4.7804027,0.5942081,1.749443364322958e-06,2.5324058438781045e-06
Dtwd2,4.7787676,1.2489562,1.7637306810161937e-06,2.5528172166486503e-06
Bbs9,4.7760115,0.9085993,1.7880607181042624e-06,2.5877585268362567e-06
Ttk,4.768028,-0.2915293,1.8603805004058366e-06,2.692137919899451e-06
Abcb9,4.742341,0.400988,2.112624556867522e-06,3.0568342836909706e-06
Dpy19l1,4.7393804,1.8472207,2.1437278842153897e-06,3.1015106661707e-06
AW146154,4.7367606,0.59156525,2.171616419195562e-06,3.1415269790013028e-06
Itga5,4.7325816,0.22087033,2.2168235205543914e-06,3.2065857460949127e-06
Tac1,4.727349,0.3522502,2.27470433749567e-06,3.28996105925471e-06
Gga2,4.722507,0.15909396,2.329551029432598e-06,3.3689308721965716e-06
Zfp955a,4.7211194,2.089431,2.3455004259430534e-06,3.391637763008486e-06
Gprasp1,4.7153363,1.1949402,2.413120221512562e-06,3.4890483219691567e-06
Wdr53,4.7128806,0.47977707,2.4423918663023387e-06,3.5309978614742024e-06
Gdpd3,4.71126,1.263265,2.461903315883009e-06,3.5588295818921935e-06
Upb1,4.709944,-0.044912536,2.4778519704249917e-06,3.581505728312204e-06
Kif2c,4.707026,0.3990994,2.5135709285902167e-06,3.6327502059259365e-06
Cep97,4.706125,0.3583993,2.52470131229338e-06,3.648450855501635e-06
Lrat,4.7047276,0.9498947,2.542049926984526e-06,3.6731332155022604e-06
Camsap1,4.7026587,1.774581,2.567957624937381e-06,3.7101764945608757e-06
Ttll4,4.699931,2.4764895,2.602490611179078e-06,3.7596724179034326e-06
Ifit3b,4.6949296,2.3194785,2.666982787081514e-06,3.852433676279677e-06
Stxbp4,4.680884,0.44950238,2.8564085464782257e-06,4.125621765218603e-06
Esco2,4.6749644,-0.1487581,2.9400446400292984e-06,4.245972167325024e-06
Dusp22,4.6745114,0.24038912,2.9465403725795632e-06,4.254903864311038e-06
Cdc45,4.6731577,0.58555865,2.9660414054305323e-06,4.282611785372456e-06
Gpld1,4.672278,0.8817333,2.978776495173912e-06,4.300545668444178e-06
Lekr1,4.6656694,1.3854312,3.0761362977549206e-06,4.440638010323925e-06
Gngt2,4.6615167,0.7563145,3.138873978037547e-06,4.530726372140959e-06
Neil3,4.6613617,0.47650003,3.1412385284494498e-06,4.533660884068203e-06
Trim13,4.6551876,0.66845644,3.2368596244335114e-06,4.6711751122972e-06
Itpr1,4.649206,0.5431443,3.3321483336947704e-06,4.808180696768596e-06
Alyref2,4.6435876,1.7789106,3.424110683322176e-06,4.9403580496339685e-06
Tasp1,4.640195,1.812751,3.48080445660689e-06,5.0216268534760234e-06
Cfap47,4.628123,1.342866,3.6899500304495268e-06,5.322791842446971e-06
C1ra,4.6277986,1.3985415,3.695729739724157e-06,5.330566837963067e-06
Rpgrip1l,4.6275315,0.89920235,3.7004960160132285e-06,5.336878614108933e-06
Zfp763,4.626483,1.0994763,3.71927778540467e-06,5.3634001598026844e-06
Dnajc12,4.618642,0.7451608,3.8625946980766795e-06,5.569483603563749e-06
Mettl25,4.6151376,0.66939163,3.9283474121370344e-06,5.663695399153816e-06
Pkia,4.6127777,0.23718978,3.973232963896793e-06,5.727805268953052e-06
Timp4,4.6028724,0.7650212,4.1670343007974125e-06,6.006555714494004e-06
Zfp58,4.599077,0.45842096,4.243663841621607e-06,6.116368363635695e-06
Telo2,4.596474,1.7134352,4.29700511681388e-06,6.192596161073855e-06
Palb2,4.5926266,1.3453234,4.377022706740109e-06,6.307248210186616e-06
Ogfrl1,4.5899396,-0.09713147,4.433740590552888e-06,6.388304981120087e-06
Kif15,4.586147,0.5163546,4.515009895929652e-06,6.504715584369784e-06
Grik5,4.5840635,0.39418158,4.5602597081886e-06,6.569214316810186e-06
Pde3b,4.583477,1.1029325,4.5730740697878535e-06,6.586979977285538e-06
Chaf1b,4.582881,0.50383234,4.586132131987008e-06,6.6050928809818155e-06
Tspan6,4.582819,-0.3091842,4.587492219147318e-06,6.606355949540815e-06
Accs,4.580302,0.88464737,4.643060394666322e-06,6.68567451795956e-06
Klf2,4.5742536,-0.41875294,4.779208348599575e-06,6.880993279332406e-06
Lysmd2,4.5707254,0.53803414,4.8603898094769285e-06,6.997139766775134e-06
Hmga2,4.5700293,-0.36916405,4.876561932758953e-06,7.019682571629335e-06
Mtr,4.566544,0.93232656,4.958311339261359e-06,7.13660746915052e-06
Prr13,4.5634093,-0.24932401,5.032960836422333e-06,7.243289774581709e-06
Cdc7,4.56103,1.5158883,5.090332098145889e-06,7.325085914147641e-06
Pltp,4.555828,0.9411473,5.217956375113115e-06,7.50794964537793e-06
Grasp,4.5549746,0.62516665,5.2391860749010125e-06,7.537703269255271e-06
Sema6b,4.5533824,0.84219134,5.279020364415959e-06,7.594214546958577e-06
Nthl1,4.5489817,0.254324,5.390614961921497e-06,7.753934953642208e-06
Copz2,4.5448813,0.6160771,5.4966224302485214e-06,7.905586004801065e-06
Defb37,4.5413914,1.1232606,5.5884215908531175e-06,8.03677203227641e-06
Rpp40,4.53823,0.37730643,5.6728326808498494e-06,8.157306720359799e-06
Fgfbp3,4.5364447,0.70651835,5.72105082386355e-06,8.225777522482814e-06
Pomgnt2,4.536342,0.41589954,5.723830895908645e-06,8.228909535486831e-06
Ercc6l,4.529324,0.24353822,5.917274547305367e-06,8.505226974395722e-06
Ankrd13b,4.529324,0.9049926,5.917274547305367e-06,8.505226974395722e-06
Sf1,4.527245,0.25084776,5.975762565423089e-06,8.588392336538176e-06
Cplane1,4.5163198,0.38424453,6.2923682671553495e-06,9.04246911027211e-06
Ctf1,4.509988,0.0951874,6.483132750215447e-06,9.315628912387964e-06
Letm2,4.5009694,0.698481,6.764420412877211e-06,9.718790622619864e-06
N4bp3,4.5003543,1.020844,6.784023551392505e-06,9.745931512269408e-06
Hoxd4,4.4969645,1.4197911,6.893047671541359e-06,9.901515431547067e-06
Zbtb3,4.4951935,0.35804886,6.9506777569124124e-06,9.983249482804037e-06
Smpdl3b,4.4935555,0.3528349,7.004374091732321e-06,1.0059316919180792e-05
Fignl1,4.4901133,0.5918562,7.118534308136443e-06,1.0222194336213993e-05
Plekhm3,4.4805775,1.3641897,7.444134335034027e-06,1.0688632615664672e-05
Dach1,4.4805346,0.06521546,7.445631224932591e-06,1.0689659527659127e-05
Mrm1,4.4729133,0.9284708,7.716110326063605e-06,1.1076822245320154e-05
Dnph1,4.460994,1.780415,8.158052050570258e-06,1.1710020131368562e-05
Izumo4,4.4599137,1.082646,8.19926607682019e-06,1.1767943283009665e-05
Myl7,4.4588385,1.1045896,8.240495804503552e-06,1.1825876810429854e-05
Kdm8,4.457201,0.83636296,8.303681357967797e-06,1.1915303522582331e-05
Siah1b,4.453782,-0.062252566,8.437066241636222e-06,1.2105432887879063e-05
R3hcc1,4.4454,1.6650827,8.77283132673497e-06,1.258586533708568e-05
Pbp2,4.444428,1.4416127,8.812610611130109e-06,1.2641608109430844e-05
Cdr2l,4.437991,1.4739021,9.080233148543118e-06,1.3024143938150528e-05
Mylpf,4.436556,0.7006422,9.140952921774638e-06,1.3109861689068502e-05
Fam151b,4.433154,1.706227,9.28643858101857e-06,1.3317119085091123e-05
Sema7a,4.431042,1.3717836,9.377878525667622e-06,1.344683745816344e-05
Fam219a,4.42652,0.65937734,9.576560132322572e-06,1.3730285155117549e-05
Rbp1,4.4138947,1.795795,1.0152742087988629e-05,1.4554853554171768e-05
Gfod1,4.41306,1.1542228,1.0191964622469713e-05,1.4609550965647099e-05
Slc26a11,4.4122663,1.2826413,1.0229416372560142e-05,1.4661698867493967e-05
Tram2,4.4088693,0.20571923,1.0391172660935541e-05,1.4891981360122985e-05
Itpkb,4.4052672,0.80416995,1.056535816115431e-05,1.5140026496257488e-05
N4bp2l1,4.404545,0.7371094,1.0600621497409524e-05,1.5188966783012913e-05
Rusc2,4.4033384,2.300558,1.0659760788783877e-05,1.527210359210262e-05
Srd5a1,4.4027305,0.96380764,1.0689683444043235e-05,1.5313369065293447e-05
Sgo1,4.4011455,0.5896318,1.0768094803393696e-05,1.5424080489830187e-05
Pemt,4.399231,0.4557479,1.0863510043847673e-05,1.5559122313533404e-05
Cttnbp2,4.395858,1.4979988,1.1033612998968196e-05,1.5801095168173638e-05
Adam1a,4.3951235,2.3039756,1.1070974466271334e-05,1.585293987709534e-05
Timp3,4.3933167,0.5736149,1.1163437580107399e-05,1.5983667564440236e-05
Ntrk2,4.3913903,0.86745924,1.1262811464504007e-05,1.612426159726678e-05
Klhdc7a,4.3875856,1.8399912,1.1461586418944009e-05,1.6407117583906557e-05
Ddx11,4.3845034,0.8157006,1.1625075086960038e-05,1.6639407767864614e-05
Hpn,4.3806343,0.1442497,1.1833441423696093e-05,1.693587770476652e-05
Nhlrc1,4.3797235,0.5813296,1.1882999588339016e-05,1.7005025049239854e-05
Adat1,4.377268,1.5350473,1.2017614077412731e-05,1.7195864027269972e-05
Nupl2,4.377025,1.0686696,1.2031023749588215e-05,1.7213250656582847e-05
Slc35e4,4.376844,1.4105698,1.2041024552976115e-05,1.7225756958044604e-05
Cep126,4.371876,1.2585553,1.2318369157292318e-05,1.7620679730750257e-05
Kctd14,4.3673487,0.30160317,1.2576393057131113e-05,1.7987885687299233e-05
Nemp1,4.355646,1.7082618,1.3267509464090002e-05,1.8974397816506043e-05
Myo9a,4.344787,1.0870782,1.3941075385009218e-05,1.9935606597302212e-05
Kif22,4.3435736,0.54236996,1.4018337686423465e-05,2.004399496673368e-05
Lbhd1,4.3434544,1.0411768,1.402594929384552e-05,2.0052781661613956e-05
Ccdc138,4.343323,0.71427524,1.4034326614765822e-05,2.0062661139130525e-05
Zscan20,4.338482,0.90567243,1.4347041660847381e-05,2.0507556675246988e-05
Pnpla1,4.3378716,1.1787045,1.4386926597969413e-05,2.0562418606525054e-05
B9d2,4.3365793,0.4084773,1.447171970071141e-05,2.0681447058964213e-05
Cenpp,4.3356614,0.08055854,1.4532240234608718e-05,2.076576647944349e-05
Arsg,4.3268194,0.7871397,1.51277763393978e-05,2.1614496023536193e-05
Macc1,4.3259807,1.0947707,1.5185488743679697e-05,2.1694688525890083e-05
Nek8,4.3235846,0.9495933,1.5351421741665956e-05,2.192945704766342e-05
Arhgap9,4.3129835,0.17291838,1.6106626104829814e-05,2.3005860871479812e-05
Bambi,4.3069615,1.3029547,1.6551235716130874e-05,2.3638448920949317e-05
Gpr52,4.3067946,1.8910547,1.6563721674599956e-05,2.365381097537118e-05
Zfp963,4.3020887,1.0490462,1.6919544517414745e-05,2.4159420619781417e-05
Gtf2ird2,4.297359,1.2172123,1.7284502567999382e-05,2.4677967489809097e-05
Sp140,4.296084,0.22413202,1.7384192965898792e-05,2.4817709448654974e-05
Gabre,4.29488,4.411652,1.7478795713669218e-05,2.495015985223659e-05
Zfp984,4.2853584,0.6756565,1.8244473903579668e-05,2.6040411296467172e-05
Hist2h3c1,4.282574,1.7759149,1.8474358902789232e-05,2.6365775203051842e-05
Cd3eap,4.282436,1.6378361,1.8485846037694637e-05,2.637941610826194e-05
Apobec2,4.280209,1.2198114,1.8671768130915873e-05,2.6641947953910116e-05
Grip1,4.278207,0.7668276,1.8840498715384517e-05,2.6879897749909573e-05
Kif24,4.2677364,0.98158395,1.974663017457886e-05,2.8169744172477148e-05
Rnf26,4.2648616,1.2506152,2.000261684834549e-05,2.85319479921899e-05
Cav2,4.260127,0.75632185,2.043106676602956e-05,2.9140054028520467e-05
March9,4.2596693,-0.03501454,2.0472948003237922e-05,2.919674251165696e-05
Cldn3,4.2558956,0.22568995,2.0821378986640088e-05,2.968745257452854e-05
Trp53i13,4.246219,1.1083694,2.1740780170336475e-05,3.0995117684461145e-05
Nid2,4.2447557,0.40175635,2.18831778177023e-05,3.119487716637954e-05
Shf,4.24426,1.0812409,2.1931617748498755e-05,3.1260670493091565e-05
Zfp712,4.242014,2.0884442,2.215227537824203e-05,3.1571898467687314e-05
Scoc,4.2412276,1.3985745,2.2230074390284032e-05,3.1679477624753454e-05
Agtpbp1,4.223086,0.38105708,2.4098001395484204e-05,3.4337831518521044e-05
Sgcb,4.2212596,0.14402126,2.4294081263797298e-05,3.461362380521234e-05
Chst11,4.2202945,-1.0097713,2.4398365221990823e-05,3.4758583645246846e-05
Pot1b,4.220266,0.50145864,2.4401461603813684e-05,3.475937369084918e-05
Polrmt,4.215672,2.8691075,2.4903568647766883e-05,3.547091982691513e-05
Cep76,4.2142534,1.8507105,2.506057981178415e-05,3.569083825517062e-05
Hs3st3b1,4.210499,0.087850004,2.54807556788823e-05,3.628546640723893e-05
Slc6a7,4.2081027,1.0418918,2.5752360781411606e-05,3.6668422916056195e-05
Pusl1,4.2066417,0.8722085,2.5919376000039864e-05,3.690239112967674e-05
Ephb6,4.1992774,0.5703443,2.6776784705836892e-05,3.811914749659791e-05
Trmt10a,4.197144,1.2944036,2.7030204864792194e-05,3.847590835078935e-05
Tiam1,4.1965313,0.7047024,2.7103395103792837e-05,3.857607494216976e-05
Syne3,4.1885953,0.93665195,2.8068644140169497e-05,3.9945749673932556e-05
Mipol1,4.1862783,1.0847756,2.8356585087309088e-05,4.034713360409445e-05
Npy1r,4.17659,0.96190065,2.9591183834091018e-05,4.209940063786878e-05
Olfr165,4.1717696,1.0382202,3.0224315901335253e-05,4.2995685004760174e-05
Sufu,4.1698194,0.13805312,3.04840894331161e-05,4.336071593487234e-05
Spdl1,4.1682773,0.54908335,3.069105962903639e-05,4.3650571027256645e-05
Stxbp1,4.1536827,-0.21124062,3.271665844450831e-05,4.6526653933927944e-05
Proser3,4.153635,0.7496499,3.272347940165648e-05,4.6531515110497285e-05
Pacc1,4.151449,1.7698748,3.303767530637194e-05,4.6973405054547336e-05
Lmln,4.146252,1.6333026,3.379616306919089e-05,4.804683750610099e-05
Tarbp1,4.141372,1.8517798,3.452340980617696e-05,4.907563712052701e-05
Pla2g2f,4.1386642,-0.43149215,3.493338930517811e-05,4.965326876086796e-05
Mcm8,4.136807,0.48947644,3.5217196294273545e-05,5.00514611644347e-05
Zfp629,4.1309237,0.85714066,3.613087078018406e-05,5.134465945329076e-05
Cit,4.1282916,0.46006557,3.654682667508126e-05,5.193036728821033e-05
Fzd3,4.128175,1.3512328,3.656539345898266e-05,5.1951351226139e-05
Anapc10,4.126206,1.2729605,3.687972751197434e-05,5.2392507139647736e-05
Coro1b,4.1242557,1.1251792,3.7193544330159724e-05,5.2832836679644145e-05
Tmem35a,4.119123,-0.73565286,3.80316817343535e-05,5.401778642680558e-05
Clspn,4.1188416,0.45319554,3.807813213911625e-05,5.4078144875107976e-05
Muc1,4.1176453,-0.44640276,3.827634574928783e-05,5.4354000843355254e-05
Dbp,4.116973,1.6178383,3.8388122058116204e-05,5.450706771308681e-05
Cenph,4.114751,0.851386,3.8759747031101345e-05,5.502902207748244e-05
Dapk1,4.1116304,1.3247867,3.92874665762838e-05,5.577245981840351e-05
Gas2,4.111137,0.39452076,3.937153992777664e-05,5.5884247861724644e-05
Hexim2,4.11112,1.3048792,3.937438597058259e-05,5.5884247861724644e-05
Ppp1r12b,4.10779,0.8030797,3.9946299442531175e-05,5.669008352808363e-05
Phtf2,4.1053085,0.870524,4.0377587830603465e-05,5.729620354711034e-05
Pcdh17,4.1007648,0.72319555,4.117872362347791e-05,5.842696052615277e-05
Plag1,4.0994725,0.96489936,4.1409278730853884e-05,5.874799114476884e-05
Prdm1,4.0986166,0.76415974,4.156266332370627e-05,5.895948350121196e-05
Cntf,4.0969815,1.1905731,4.185726080198413e-05,5.937123135225941e-05
Skp2,4.091279,0.4778879,4.290006061405412e-05,6.0844049875253066e-05
Sybu,4.0899725,1.7844262,4.3142408829182565e-05,6.118142079633637e-05
Amer1,4.087169,0.48435023,4.366687573701827e-05,6.191876044211165e-05
Trmo,4.0755787,1.5077302,4.5900086408256985e-05,6.50786606151285e-05
Prdm9,4.0714164,2.0816207,4.6728168718512574e-05,6.624587468646687e-05
Tmem150a,4.070849,1.545876,4.6842136962228685e-05,6.64005621393674e-05
Nme4,4.066224,0.54972184,4.778100197868196e-05,6.772441978218032e-05
P3h4,4.05918,2.3263135,4.924543291844792e-05,6.979285886203494e-05
Cbln3,4.0582643,-0.15510191,4.943882904254542e-05,7.005968778827032e-05
Slc25a47,4.0531125,1.2122943,5.054068201490919e-05,7.161370081378956e-05
Pask,4.0459085,0.6765034,5.2120633163321295e-05,7.384476362499157e-05
Pdgfrb,4.044392,0.5642842,5.245905356279455e-05,7.431653967380248e-05
Ccne1,4.043381,0.17529085,5.268582284777185e-05,7.463006292140875e-05
Iigp1,4.0433264,2.7685905,5.269815053475845e-05,7.463979374032333e-05
Hspg2,4.04187,0.6469102,5.302664076244887e-05,7.509727759180698e-05
Ankrd26,4.034725,1.9645646,5.4666203229115206e-05,7.741123839268411e-05
Ttc5,4.034501,1.848716,5.471839639567813e-05,7.747712473709861e-05
Grin2d,4.033574,1.3432015,5.4934889626410956e-05,7.77756098603551e-05
Zfp174,4.0302887,1.1244143,5.570834574426682e-05,7.88624873760713e-05
Ubtd2,4.027757,2.1601677,5.6311461443546666e-05,7.97080255916055e-05
Capsl,4.02108,-0.07810581,5.793197270093606e-05,8.199334782501559e-05
Hist1h2ac,4.0194755,1.4133608,5.832786409553177e-05,8.254512485836665e-05
Pik3ap1,4.0134583,0.97504926,5.983554630652776e-05,8.467002232427226e-05
Zc3h8,4.0083523,0.3917136,6.114392003698168e-05,8.651247868657263e-05
Ccdc77,4.0073795,1.4668056,6.139618572490053e-05,8.686042207614471e-05
Brap,4.000523,0.77867264,6.320256720083533e-05,8.940675560891932e-05
Pdgfc,3.996995,1.4018853,6.415163158990867e-05,9.073992159619373e-05
mt-Nd4,3.9969666,-0.6887173,6.415938155218472e-05,9.074149785149717e-05
Eepd1,3.9887085,0.64533097,6.643397122950248e-05,9.394876489797791e-05
Zfp558,3.9877074,1.4570587,6.671488926976801e-05,9.433627450771147e-05
Zfp2,3.9823387,1.3284853,6.824041825798799e-05,9.648342841997371e-05
Kif18b,3.9818072,0.46310124,6.839326388676505e-05,9.668953619885373e-05
Abca2,3.9788678,0.9637419,6.924423373692923e-05,9.788245775816697e-05
Tssk4,3.9753397,0.80052316,7.027890312973e-05,9.933478039266746e-05
Ephx4,3.9718065,-0.20312531,7.132961473140882e-05,0.00010080947513972878
Syn3,3.9696133,1.0121679,7.198933548160585e-05,0.00010173133850480107
Syn2,3.9585593,-0.5265181,7.540325634017396e-05,0.00010654469213183293
Rgs19,3.9484084,-0.094638035,7.867248544056398e-05,0.00011115262303954049
Rasip1,3.947424,1.9089583,7.899661265846175e-05,0.00011159903699426286
Slc47a1,3.941979,0.7016444,8.081203916748803e-05,0.00011415190947375259
Zfp275,3.9340978,0.5547405,8.350977338462105e-05,0.00011795043906576045
Mtcp1,3.9304647,2.6226203,8.478183315474444e-05,0.00011973474836219459
Ubac1,3.9288795,0.787647,8.534261742653775e-05,0.00012051428059767696
Lif,3.927914,0.96524847,8.56858630993029e-05,0.00012098649229560838
Tex12,3.9273226,0.77339774,8.58966916247209e-05,0.00012127165578856684
Nat8f1,3.9223428,1.3348677,8.7692137628995e-05,0.00012379374234298615
Cyp4f15,3.9206812,-0.38098395,8.829904016869476e-05,0.00012463763153456862
Isca1,3.9152362,1.6669436,9.03157247926445e-05,0.00012747110502006538
Tmem198b,3.9138894,0.24809548,9.082126869054035e-05,0.00012817139828102573
Ppp1r14a,3.9129953,0.7834769,9.115828117435704e-05,0.00012863373181914482
Cd1d1,3.9123182,1.2517165,9.141429762070041e-05,0.00012898168798628542
Pkn3,3.9121277,1.1957299,9.148653743458532e-05,0.00012907029809325845
Lgr5,3.9095292,0.18974236,9.247619268873106e-05,0.000130453057047493
Aurkb,3.908647,0.00552989,9.281442313907698e-05,0.00013091668245764597
Zwilch,3.9053597,0.19364773,9.408533706099479e-05,0.00013269564607148345
Xndc1,3.903591,1.792108,9.47759618065801e-05,0.0001336559015886339
Ccdc17,3.9030092,0.9107462,9.500411152404414e-05,0.000133963830180584
Mblac1,3.9025204,1.4080393,9.519619549507528e-05,0.00013422084476700223
Ccdc18,3.9017432,0.6255398,9.55024113376067e-05,0.00013463870876719296
Arhgef40,3.8942149,0.94808775,9.85172942842433e-05,0.00013887475511153768
Chrm1,3.8931994,0.755047,9.893080006249477e-05,0.00013944327879350814
Fbxo5,3.8930206,0.38622287,9.90037697925085e-05,0.00013953174811012612
Asb11,3.8902957,1.1892022,0.00010012213536744704,0.00014109338428996686
Itgam,3.8816087,0.91164976,0.0001037677428895584,0.00014621575311846586
Ttc39c,3.8807027,0.21724157,0.00010415504137762117,0.0001467463621305347
Armc9,3.8769338,0.6192674,0.00010578109993314319,0.00014902199872110158
Cyp2d12,3.8741994,0.5816551,0.00010697575163689304,0.0001506894729743008
Ccnf,3.871334,0.9227339,0.00010824134291053872,0.00015245652119699423
Ascl2,3.8692625,0.40260682,0.00010916510123198836,0.00015374178778037494
Spa17,3.8624325,-0.13775623,0.00011226359535444812,0.00015808924585234045
Nmral1,3.8596122,0.2954733,0.00011356705269692166,0.00015990830370988507
Fam222a,3.8580174,0.26424682,0.00011431047805354728,0.000160938514092686
Asf1b,3.8525918,0.7095171,0.00011687419685982032,0.00016453105230163092
Chchd6,3.8453064,0.7097819,0.00012040188255687237,0.00016947974719148012
Adhfe1,3.8418021,1.2368728,0.00012213431048468186,0.00017190064799073944
Dmpk,3.8403049,0.81000733,0.00012288156393299975,0.0001729345875047619
Lratd1,3.839721,1.824276,0.0001231742550230522,0.0001733286620127844
Zfp959,3.8395875,0.46918136,0.00012324124806091679,0.0001734050897451422
Rhebl1,3.83805,0.43089232,0.00012401534460102366,0.00017447632072211918
Slc41a3,3.8368435,1.2288388,0.00012462582618697754,0.00017531716624904
Zfp605,3.835282,0.3008127,0.00012542028155266714,0.00017641661697518238
Rgl3,3.834524,1.1728283,0.00012580770574135682,0.00017694336892040054
Fam217b,3.8325644,1.5845466,0.00012681439386079654,0.0001783408922301926
Lonrf1,3.832202,1.3357208,0.00012700137524997797,0.00017858548139264256
Gnb1l,3.8302805,0.36455765,0.00012799721850674056,0.0001799673003372072
Dscc1,3.828166,-0.009942867,0.00012910164438199577,0.00018150148935168006
Ndc80,3.8191452,1.4490719,0.0001339148602805871,0.00018824894267444782
Fzd4,3.8154836,-0.22444324,0.00013591647330869698,0.00019104304373485776
Nr1i3,3.8152475,1.6539948,0.00013604644563041995,0.00019120607851962927
Paqr7,3.8147638,1.2699127,0.00013631332082307136,0.00019156146976215198
Opn3,3.8105109,0.7246864,0.00013867997204244199,0.0001948673055569661
Mybl2,3.806868,1.461523,0.00014073773305032017,0.00019773846701563017
Traf5,3.80529,1.3976464,0.00014163814920996857,0.00019898312003763306
Ago4,3.7923238,0.23755579,0.000149244102742426,0.00020964695480253474
Glt28d2,3.7795436,2.1569679,0.00015711603085928418,0.00022068218179958001
Trim7,3.7790143,1.3502609,0.00015745028828562823,0.00022112896090232783
Ift81,3.7756865,0.13102472,0.00015956758013171694,0.0002240795500412024
Shld2,3.7693262,1.9591537,0.0001636888376978567,0.0002298433982460407
Kremen2,3.7618122,1.6937337,0.00016868675689461247,0.00023683689943879114
Cacnb1,3.7583601,0.22167908,0.00017103056013456852,0.00024010295758548653
Pkd1,3.7574258,2.181084,0.00017167031920780227,0.00024097635138233382
Ecscr,3.7373602,1.1625391,0.00018596238037564062,0.00026101155205140975
Hmox1,3.737272,0.6089808,0.00018602760655435453,0.00026107630538082903
Arvcf,3.7361135,0.78226274,0.00018688636009115097,0.0002622545894557711
Gal3st2b,3.731236,-0.22981374,0.00019054263571231128,0.0002673579461692855
Slc24a3,3.7256672,1.7383038,0.00019479931876718613,0.0002733026248221268
Morn1,3.7255409,0.5994786,0.00019489692471794502,0.00027341151472280446
Mctp1,3.7228923,1.5636849,0.00019695357565631248,0.00027626835030260266
Klb,3.7156355,-0.46598527,0.00020269350828839804,0.00028429063854808645
Rnf148,3.7131994,1.6763293,0.00020465562769165778,0.00028701319953680854
Mdm1,3.706057,-0.20192853,0.0002105109070193528,0.0002951944886679296
Robo2,3.7059045,0.9314199,0.00021063768602176176,0.00029534198260510526
Afap1l1,3.7022285,0.40301403,0.00021371403115430496,0.0002996247053552512
Top3a,3.6971126,0.92097735,0.00021806564813394008,0.0003056942837756669
Vav1,3.696588,0.71033657,0.0002185164308522613,0.0003062948126183552
Esr1,3.6931744,0.9191864,0.00022147206595937046,0.00031040591390738866
Adamtsl4,3.6921158,2.3264422,0.00022239607344379684,0.0003116690207362084
Lpcat2,3.6903708,0.7305535,0.00022392734276753616,0.0003137828068804239
Pop1,3.6901753,0.932271,0.00022409949349570804,0.00031399186204444744
Tmem81,3.6786206,1.266945,0.00023449885868788014,0.00032852903314791116
BC049715,3.6768422,0.44321606,0.00023613907331618048,0.0003307930575290686
Mill2,3.6747205,2.1846585,0.0002381099796421781,0.0003335198168192959
Setmar,3.674084,1.4291153,0.00023870425462423574,0.00033431797234600817
Bard1,3.6740386,1.7010481,0.00023874659684868446,0.00033434303245322687
Nphp3,3.6730611,0.68756634,0.00023966201602855554,0.00033559062760500684
Acer2,3.6699502,0.58195376,0.00024259769837406522,0.00033966658393215336
Crocc,3.665192,0.7086963,0.00024715316119398585,0.0003460093652055443
Lpar3,3.6637068,1.0882175,0.00024859138217584576,0.00034798721990528106
Efemp2,3.663175,0.7836205,0.00024910809185498407,0.0003486748368594583
Snx8,3.662684,0.17168382,0.00024958630603829756,0.00034930843670798477
Nlrp10,3.6617782,1.178611,0.0002504707086177639,0.00035051032954849787
Ugt1a7c,3.6613538,0.95558876,0.0002508859914900561,0.00035105555444863573
Nfatc2,3.657492,-0.28240356,0.00025469532816435375,0.0003563493567267789
Ddx43,3.655561,0.78296214,0.0002566202729591781,0.00035900585500938726
Cntd1,3.6546311,1.4733949,0.00025755195600217344,0.0003602724016294723
Ankrd24,3.6471934,0.9269009,0.0002651204208930444,0.00037082149490767953
Zfp759,3.641634,0.92914116,0.000270912987487705,0.0003788847518811992
Zfp39,3.640528,1.8847516,0.0002720795991501126,0.00038047740243151546
Phldb2,3.6402228,1.830351,0.0002724022507126834,0.00038088965015295966
Ly6g,3.6390285,-0.020802125,0.00027366858113549934,0.0003826211887361163
Tigd5,3.6382275,0.17264125,0.00027452094530955177,0.00038377365846535685
Nat14,3.6376767,1.4861134,0.0002751083882694808,0.00038455557697895834
Glyctk,3.6307967,1.8742763,0.000282547609227242,0.0003949139979745028
Bcam,3.6163216,0.4531227,0.00029881906401029676,0.000417571091389823
Etv4,3.6100066,-0.0020475567,0.00030618918235993895,0.00042780629034847175
Tmed6,3.6099923,0.08831365,0.0003062060672709939,0.00042780629034847175
Armh4,3.6003637,-0.0654182,0.0003177723972467959,0.00044392047526304365
Fbxl22,3.5998392,4.8502784,0.000318414001367998,0.00044474222737301736
Cenpi,3.5998297,0.4323297,0.0003184256781140192,0.00044474222737301736
Exo1,3.594268,0.8195204,0.0003253048563987655,0.00045430391250542466
Zgrf1,3.5864892,1.5228863,0.0003351598335103203,0.0004680190670125222
Rtel1,3.5835953,1.0545492,0.000338897157727567,0.0004731895682994159
Wdpcp,3.5833116,0.8458771,0.00033926559245012417,0.00047365563825987216
Cdc25c,3.5831661,0.85903805,0.00033945459919661615,0.00047387113556693816
Nradd,3.5799286,2.7001014,0.00034368791791008,0.00047973178293562763
Rsad1,3.5794282,1.8308012,0.0003443469471116663,0.0004806026231630982
BC055324,3.5785294,-0.097709164,0.0003455330284508976,0.0004822088135591412
Reg3g,3.5744314,-0.079717204,0.00035098978162629576,0.0004897740065040403
Plekhg5,3.566543,1.0509174,0.0003617214170282771,0.0005046975184023763
Wdr34,3.5647433,1.2023028,0.00036421262483843294,0.0005081215715839186
Cyp2d10,3.5622997,0.12977485,0.0003676204082527756,0.0005128235318633792
Kctd7,3.560955,0.81506217,0.0003695082117455991,0.0005154044059181016
Defb45,3.5590217,0.5127782,0.00037223865697234414,0.0005191599830797354
Abo,3.5579062,0.61740494,0.0003738228732223584,0.0005213163156552877
Foxp2,3.5555174,2.0466294,0.00037723593744865946,0.0005260223763240969
Ms4a5,3.551181,0.66539806,0.0003835064592259364,0.0005347115446487236
Wdr91,3.542456,1.1049758,0.0003964196343796607,0.0005526596493161239
Abcc6,3.5384152,2.7738683,0.00040253654754174317,0.0005611302026129805
Bbs7,3.538346,-0.13370894,0.0004026419658251745,0.000561219945230788
Pidd1,3.534582,1.1389663,0.00040842089761508745,0.0005691588479452075
Zfp595,3.5254896,0.8051699,0.0004227007677822454,0.0005889986753028536
Ankle1,3.5252798,1.1717778,0.0004230356829187674,0.0005894052943366424
Ccdc141,3.5212748,1.742605,0.00042947723087434936,0.0005983191862476291
Slc39a13,3.5185237,-0.500762,0.0004339548935194408,0.0006044955861137163
Ptk7,3.5173175,0.5120103,0.0004359319481874742,0.0006071877563112355
Dus4l,3.5138562,-0.34482056,0.00044165201963949045,0.000615092307625016
Mpp3,3.5088189,1.7383927,0.0004501013255377344,0.0006267958886688919
Sh3pxd2a,3.50823,0.9749949,0.000451098799049859,0.0006281209731195216
Prelp,3.50777,-0.624805,0.0004518796367612815,0.0006291441694879378
Zfp418,3.5050786,0.62159675,0.000456472663815094,0.0006354742622082267
Gas2l3,3.5026088,0.7094573,0.000460725639617341,0.000641329715163593
Slco4a1,3.4991212,-0.18721518,0.0004667945326599765,0.0006497114742112141
Nt5c1a,3.4945893,2.4081793,0.0004747918057401007,0.000660775284296344
Tead4,3.492246,0.6605749,0.00047897712196916237,0.0006665322217287367
Fam219b,3.4914901,0.9543908,0.0004803341331657373,0.0006683525916810599
Zfp438,3.4876711,0.6981464,0.0004872469837664757,0.0006778334184136882
Hhat,3.4713748,0.57207614,0.0005178009606455512,0.0007202652972055653
Slc2a6,3.4647188,1.0140325,0.0005307862028808537,0.0007382527791289336
Tubb2b,3.4624445,1.2151947,0.0005352922524856048,0.0007444443763592643
Nin,3.4621298,1.2635856,0.0005359185307041809,0.0007452395675594544
Trip6,3.4438167,0.65759385,0.0005735646377792243,0.0007974274523821567
Ror1,3.442937,0.24650328,0.0005754334984479767,0.0007999444028947932
Fanci,3.4388175,0.59484947,0.0005842609231760235,0.0008121333730872252
Fam221a,3.4327886,0.7100057,0.0005974077185949991,0.000830323259659174
Fcamr,3.430791,1.2691926,0.0006018243764003801,0.0008363768645604875
Pla2g4b,3.4279778,0.9163671,0.0006080950794059342,0.0008450056102912458
Abca1,3.4256225,1.1821091,0.0006133921775310206,0.0008522798239927562
Banp,3.4255247,1.1194986,0.0006136129215227749,0.0008524999189092701
Lamb2,3.424073,1.508913,0.0006169004932784313,0.0008569803175114332
Wdr90,3.4192789,0.35127574,0.0006278732791412682,0.0008721347986040469
Sec14l2,3.4172406,0.67313427,0.0006325932706715041,0.0008786017648215335
Apbb1ip,3.4116862,0.39023635,0.0006456240053200807,0.0008966089441202501
Jrk,3.4066703,1.78666,0.0006576048871514583,0.0009131546336104989
Tert,3.405364,0.720761,0.0006607591448823374,0.0009174414972348425
Ptger3,3.4000049,0.47887924,0.0006738463070901145,0.0009355175887773924
Map3k6,3.3968105,1.7511748,0.0006817615909214478,0.0009464104919146074
Clba1,3.3947556,2.6940684,0.0006868989524715511,0.0009534453080641961
Zfp956,3.384543,1.5131607,0.0007129688378767096,0.0009895309913695324
Cenps,3.3825595,0.17056297,0.0007181373179832649,0.0009966031889000555
Ctrl,3.3776343,2.4962554,0.0007311224695463323,0.0010145205247129472
Agr2,3.3705754,-0.4576909,0.0007501134798770765,0.0010407672318708424
Ccp110,3.3692954,0.91568637,0.0007536063374255727,0.0010455074225722539
Ttpa,3.3667421,0.9833205,0.0007606176819045155,0.0010551274903676455
Efcab11,3.3655765,1.644435,0.000763839038661948,0.0010594886756975493
Sapcd2,3.3647325,1.0867417,0.0007661789631351109,0.0010626265031310996
Pik3c2g,3.362277,0.9620944,0.0007730251247117426,0.0010720128364702444
Triqk,3.361843,0.6221101,0.0007742407229031391,0.0010735897267998811
Zfp109,3.3617597,0.74056697,0.0007744746951371236,0.0010738052779073473
Steap4,3.3611376,3.5911567,0.0007762215303971727,0.0010761181496534201
Cox6b2,3.3608491,-0.07941654,0.0007770326061638594,0.0010771333896898913
Scel,3.3605368,2.077134,0.0007779115998949584,0.0010782425632032795
Slc16a11,3.359688,0.69972926,0.0007803049804413055,0.0010814503504139915
Pycr1,3.357333,-0.09565058,0.0007869831400840062,0.0010905953020519644
Zfp287,3.3572733,0.81504065,0.0007871528079840091,0.0010907198955498352
Dnase1l2,3.3571422,0.39163038,0.0007875261968825818,0.0010911267216179642
Chtf18,3.3511155,-0.019565467,0.0008048670093445948,0.0011150396467214398
Lyrm1,3.3495135,0.62690896,0.0008095358428863041,0.0011213941097518445
Zfp13,3.348572,1.3987738,0.0008122918864506271,0.001125097898026165
Notch2,3.348293,0.3492693,0.0008131099033058481,0.0011261168652731896
Cd7,3.3344424,-0.19896698,0.0008547058047237598,0.0011836052536301181
Asrgl1,3.3337321,0.5236841,0.000856891597330197,0.0011865120082513612
Trf,3.3319871,0.1883622,0.0008622827497679986,0.0011938560902174122
Apoc2,3.330907,0.06191799,0.0008656348147291296,0.0011983757938267712
Ccdc15,3.328411,0.98231006,0.0008734285917525186,0.0012090430197606735
Atp6v1g2,3.323722,1.4132432,0.0008882469726819145,0.0012294309060146944
Itln1,3.3217504,-0.33637643,0.0008945464836779474,0.0012380248116886886
Atp10a,3.3152852,0.73155385,0.0009154963510686627,0.001266890568798215
Nav1,3.315123,-0.37817943,0.0009160274387462069,0.001267497240195728
Suv39h2,3.3123674,0.5685483,0.0009250997224184898,0.001279920953467508
Hist1h4i,3.311614,1.6853439,0.0009275941390667127,0.001283242271293606
Smim5,3.3094661,1.2928813,0.0009347406409040755,0.0012929980036782555
Phxr2,3.3067508,1.2864796,0.0009438478997261643,0.001305463743173389
Fancm,3.2970722,1.8779111,0.0009769839154524598,0.0013511584793499585
Tdrd1,3.2947502,3.2755866,0.0009850919210452642,0.001362233999422994
Myo3a,3.2944832,1.0025156,0.0009860282418797026,0.0013633909209003975
Bmp1,3.2942066,1.4348662,0.0009869988713906105,0.0013645950425909008
Hif3a,3.2922328,1.5550643,0.0009939528940087535,0.0013740705444368888
Fam216a,3.2897725,0.04005461,0.0010026837263804329,0.0013860001979432346
Prss27,3.287508,3.5107653,0.001010783535103977,0.0013970552701179388
Cycs,3.2871027,0.97427326,0.0010122393477904068,0.0013989260314334322
Sox21,3.2845209,1.0405504,0.001021559391425304,0.0014116637709924245
Wfdc17,3.2798173,1.2654316,0.0010387430045614454,0.001435264280830329
Urad,3.2778149,1.246435,0.0010461397465939878,0.0014453385567460885
Akna,3.277052,0.80179864,0.00104897035003809,0.0014491028928953309
Fxn,3.2767518,0.6620852,0.0010500868433682901,0.0014504987457637747
Blm,3.276437,0.6705561,0.0010512576822920368,0.0014519693773703266
Dok7,3.2750447,1.7538887,0.0010564522652671022,0.0014589966398230278
Cenpn,3.272041,0.86995286,0.0010677407459996917,0.0014744375140407738
Ccdc57,3.2677548,1.5299579,0.0010840425411896533,0.001496797430408775
Kif14,3.2624433,0.63569283,0.0011045623091882246,0.0015249762320190786
Thumpd2,3.260777,1.8767503,0.0011110737126092253,0.0015338111265829958
Car4,3.257244,-0.7104361,0.001124996566700894,0.0015528745381684392
Zfp709,3.2555015,0.84001034,0.0011319232887227661,0.001562278055438416
Dnajb5,3.2502496,0.64031565,0.0011530373760786825,0.0015912590693183957
Rims2,3.2486691,1.8020046,0.0011594626327572366,0.0015999648337997184
Bnip3,3.2434626,-0.082364775,0.0011808629555703945,0.0016293311388785334
Gins3,3.2404876,0.88144314,0.0011932549865210894,0.0016462633112062043
Six5,3.2253711,0.2839397,0.0012580947831008766,0.0017355438473625026
Ccn3,3.2219453,-0.37206933,0.001273233946269324,0.0017562511816857987
Echdc3,3.2166245,1.3841256,0.0012970824222479742,0.0017889664270540643
Lamc1,3.2140164,0.9369571,0.001308921543705997,0.0018051131615751824
Ccdc126,3.2117755,1.1756523,0.001319173669179625,0.0018190682591541164
Plxnb1,3.2117016,1.1497686,0.0013195130299012187,0.0018193527610303655
Gpr20,3.2076085,0.41221774,0.0013384355189903728,0.0018452571551762626
Ints5,3.2012339,0.46316206,0.0013684038891167293,0.0018863833854507331
Homer3,3.1986022,0.58036834,0.0013809563158700311,0.0019034953754180702
Bex1,3.1931882,-0.021547014,0.0014071120291303855,0.0019393526505097785
Cdkn1c,3.1918175,0.94844365,0.0014138065361371686,0.0019483829871687775
Tube1,3.190106,-0.19855244,0.001422207163388941,0.0019596943557611
Ciita,3.1900868,1.8871794,0.0014223010223714018,0.0019596943557611
Zfp934,3.187474,5.36508,0.0014352138186223815,0.001977286819429888
Ribc1,3.1799264,1.0156296,0.0014731242434144665,0.002029311375913451
Tmed8,3.1745293,0.5208499,0.0015007974512525233,0.002067224531212556
Cep57l1,3.1723075,0.8007121,0.0015123279583604448,0.002082897052128017
Cdk14,3.1698425,0.7844639,0.0015252158443028081,0.0021004357171038168
Brca1,3.1690414,0.36470905,0.0015294255124914207,0.002106020932768118
Strip2,3.1674204,0.5073511,0.0015379778425873292,0.002117584272793166
Chodl,3.166176,0.117512636,0.001544572872760621,0.002126450622672052
Kiss1r,3.165332,1.0573106,0.0015490601739849882,0.0021324137184663495
Scn2b,3.165015,-0.17018116,0.0015507491812569777,0.0021345239107890455
Acvrl1,3.1585832,1.0245601,0.0015853801489301893,0.002181971974297538
Plcg2,3.1430283,-0.20206644,0.0016720972923489948,0.0023010899137438363
Cenpu,3.1360385,0.6905005,0.001712466887932303,0.00235640820008797
Erfe,3.1356046,0.28081962,0.001715002086299853,0.002359517770282673
Il3ra,3.1355927,0.5737357,0.0017150717832987031,0.002359517770282673
Brca2,3.1345224,0.13149348,0.0017213412046185837,0.0023679047352539112
Zfp11,3.128682,0.6908407,0.0017559235655848398,0.0024152338321638185
Mrnip,3.119239,1.1332453,0.0018131876525147145,0.002493748481156464
Tbc1d9,3.1166787,0.9631209,0.001829007533944233,0.002515253220704685
Porcn,3.1143878,1.4478053,0.0018432703548429056,0.0025346125794345636
Mia,3.1106927,0.20066,0.0018664903877109393,0.002566283536290679
Tspan9,3.1097486,0.056199756,0.0018724656726208661,0.00257424028079726
Cpn2,3.1095247,1.3407328,0.0018738866265563885,0.0025759348228949147
Amotl1,3.10587,0.041049927,0.001897200509513299,0.0026077210742380505
Rnd2,3.0997505,0.98964924,0.0019368367726378417,0.002661933956364069
Lrmp,3.0979197,0.9086561,0.0019488421547932651,0.002678164653481851
Lefty1,3.0936954,0.2791625,0.0019768031920372486,0.0027161528839434157
Clps,3.0936835,-1.0213103,0.0019768826072313578,0.0027161528839434157
Fsbp,3.0854208,0.93264186,0.002032643246232155,0.002792485070546988
Syt11,3.085292,1.4987663,0.002033523298054318,0.0027934134707074633
Cspg4,3.0729268,2.4292967,0.0021197052815965303,0.0029115076060498746
Nfkbie,3.0706525,0.7037545,0.0021359160147731344,0.002933479110376882
Msantd1,3.068197,2.636539,0.0021535457289717165,0.0029573948427081965
Klhl8,3.066805,-0.07074714,0.0021636007732281806,0.0029709047669339663
Vasn,3.0666046,-0.38940963,0.0021650505820343877,0.0029725970591687
Lancl3,3.0662184,0.11844543,0.0021678491572785655,0.002976140671196103
Spata24,3.0609334,1.542171,0.0022064828721590746,0.0030288750528784728
Zfp867,3.0583181,1.4504824,0.0022258317804156823,0.003055128936784548
Hdac7,3.0549328,0.057782076,0.0022511086606795626,0.0030895133415087335
Nfkbid,3.0487585,1.6338676,0.002297890677674902,0.003153402410155974
Stc2,3.0460124,0.72432727,0.0023189834869720874,0.0031820288164101243
Slc7a9,3.0395782,1.0305628,0.0023690976306897983,0.0032504675528928456
Espl1,3.033902,0.8632117,0.0024141283790075183,0.003311918698126787
Zfp40,3.0293248,0.85832137,0.002451009556934187,0.0033621783219054072
Morc4,3.0269816,0.9567927,0.0024700908585865407,0.0033880132889840464
Cdhr1,3.0269506,1.2028083,0.0024703441135704805,0.0033880208357312527
Fam187b,3.0268075,1.1395106,0.002471513290633973,0.0033892844213216583
Syce3,3.0267646,0.3171997,0.002471864142471192,0.003389425664122485
Zfp273,3.0220802,1.3200389,0.0025104406483692555,0.0034419767261329023
Dna2,3.0170572,0.78759366,0.0025524161072835684,0.0034991769691331124
Slfn9,3.0166948,0.68274903,0.0025554689210872026,0.003503010975928979
Zfp420,3.014659,1.3482678,0.002572683086218794,0.0035262545057674656
Fam83d,3.014056,0.43740854,0.0025778031552861408,0.0035329182349707333
Hcst,3.0100152,1.3815966,0.0026123466165131723,0.003579901791844637
Pdzd4,3.0070662,0.79459757,0.002637822760359036,0.0036144515278466747
Phgdh,3.0049613,1.4243953,0.002656146933409632,0.0036391954027028073
Psat1,3.0048325,1.399219,0.002657271317236859,0.003640371194471453
Syt12,3.004637,5.539532,0.002658979546788473,0.0036423465193160744
Zfp459,3.0025249,0.9793359,0.0026775008743883076,0.0036673502060556996
Mapt,2.9996736,0.62537414,0.002702689584872876,0.003701480227655141
Ttll3,2.9976902,1.9367689,0.002720339670137785,0.003725279890760486
Capn9,2.997073,0.46969143,0.002725855564304879,0.003732459681773227
Amigo3,2.9949965,2.5859709,0.002744480201795795,0.0037575857788904182
Ska1,2.9926126,0.7990457,0.002766006560906832,0.003786679319291313
Ptpro,2.9882357,0.14278874,0.002805930912913344,0.0038409514748838822
Gramd2,2.9874656,0.27687716,0.0028130088354238266,0.003850254811772678
Ajuba,2.9831555,1.2302759,0.002852929603276167,0.003904504836349238
Lmo2,2.9830244,2.053538,0.002854152073987031,0.0039056699810276195
Cgas,2.983003,0.8488795,0.0028543521601747737,0.0039056699810276195
Mdfic,2.9827,0.4736724,0.002857176964297235,0.003909144070711825
Gamt,2.982257,0.018944904,0.0028613186854077417,0.003914419069923056
Ffar2,2.9774032,0.031624068,0.0029070146725447537,0.00397653552536256
Trim45,2.9753768,0.5271089,0.00292628839705934,0.004002499882955238
Phpt1,2.9730644,0.49772763,0.002948425551481267,0.004032375179168549
Usp11,2.9711049,1.6817151,0.002967304582674349,0.004057383278479324
Unc5a,2.9681368,0.58817023,0.0029961088457377636,0.004096359574631466
Lrit3,2.9657648,1.184567,0.0030193122632191953,0.004127671218586673
Ppm1f,2.9657075,3.1845856,0.003019873962745097,0.004128026433480528
Rad51b,2.9637623,1.1991228,0.00303902855433366,0.004153794650725917
Zfp189,2.9633477,2.599799,0.003043127296079658,0.004158981188675726
Rad9b,2.9512658,0.8074268,0.003164743575153656,0.0043247595073674676
Zfp747,2.948739,1.8350097,0.0031907338615510027,0.0043598406831244964
Slc16a6,2.9466317,0.89917314,0.003212557377087285,0.004389221913444762
Ttll9,2.946112,0.26334625,0.003217960060626652,0.004396164218688258
Wdr25,2.9443216,0.6461054,0.003236635508721726,0.004421235698908161
Calcrl,2.9432392,0.110460766,0.0032479731676580705,0.0044362797710471545
Eid3,2.941511,1.6134326,0.0032661535084440997,0.004460666056923306
Zscan2,2.9365523,0.93482685,0.0033188279996505723,0.004532152276335288
Wfdc18,2.9331028,-0.054670397,0.0033559273244114056,0.004582357080511829
Zfp518b,2.9318845,1.1690319,0.0033691187107529785,0.004599909980985122
Celf2,2.921524,0.14192697,0.0034832328831037197,0.004755237064634458
St8sia5,2.920046,-0.3300287,0.0034997960447352107,0.004777371821895988
Gemin8,2.9150589,1.013778,0.0035562136341432344,0.004853899735194005
Sgtb,2.913731,-0.17666277,0.003571373785167835,0.004874105440336341
Prr5l,2.9122984,0.97619516,0.0035877974271154157,0.004896031315817115
Sft2d3,2.9097953,1.4650693,0.003616655920659209,0.004934920147177677
Chad,2.9034064,0.0085742315,0.00369127336721712,0.00503623299378371
Cdkl1,2.900846,0.680932,0.0037215668564197757,0.005077057737583842
Dync2li1,2.9005861,1.6934886,0.0037246539333594436,0.005080762347999041
Limk1,2.8974419,0.3216463,0.0037621953541777087,0.005131460349928204
Mettl22,2.895623,0.6639185,0.003784068573084115,0.005160779668587342
Prkar2b,2.8919635,0.23734775,0.0038284235061611205,0.005220751041758409
Hspa1a,2.8871458,0.66677105,0.0038875421092733832,0.005300841394387627
Zfp619,2.8858368,1.449671,0.003903744142884579,0.0053224029066746385
Rftn2,2.8854744,1.2441343,0.003908240780218991,0.005328002459325561
Car15,2.8710113,0.5252968,0.00409160887918397,0.005577427374685086
Slc26a6,2.866334,1.2597702,0.004152557942388224,0.005659945167164255
Nexmif,2.8639526,0.544051,0.004183907093029209,0.005702105790031336
Ubxn10,2.863657,0.17000122,0.004187813220948361,0.005706860567660073
H2-DMb1,2.8611753,3.2039547,0.004220736491205311,0.005751153000919951
Ms4a10,2.8585553,0.10551627,0.004255748705382495,0.005798282708588783
Mthfd2l,2.8564885,1.4839754,0.004283555440395891,0.005835586834769258
Ap1s2,2.851723,0.42348382,0.004348296978135312,0.005923195654547304
Cxcl16,2.848338,1.3144276,0.004394823965074155,0.005985977860795725
Nectin4,2.842359,0.98545814,0.004478103375849233,0.00609880128122082
Adh1,2.841136,-0.3317104,0.004495312943995687,0.006121629606566523
Akr1c18,2.8397224,1.2214944,0.004515280917053724,0.006148209353849415
Pde4a,2.8347495,0.98204476,0.004586162502783111,0.006244103168614002
Vsig1,2.8269637,-0.40040556,0.004699165933338284,0.006397321467237535
Zfp93,2.8224342,0.92452943,0.0047660597682635765,0.006487743114772487
Bbs10,2.8203554,1.2661926,0.0047970480774882866,0.006529275650408313
Gcg,2.8192685,-0.52102417,0.004813325471567966,0.006550778843918386
Nccrp1,2.8163457,1.5009344,0.004857336932382466,0.00661001916114342
Fancd2,2.8141954,-0.05931213,0.004889949426104536,0.006653737154425824
Zfp316,2.8051412,0.9138426,0.005029452840415982,0.0068428780810554715
Mtrr,2.8004117,0.6561813,0.00510374850001881,0.006943271064241667
Ceacam2,2.7965353,-0.76350725,0.005165376075831026,0.0070264118011528175
Nmrk1,2.795539,0.7720303,0.005181327110683812,0.007047408816252351
Pros1,2.7951837,-0.47162062,0.005187023757832821,0.007054455483676163
Dnhd1,2.7857742,1.8541907,0.005340003165553561,0.0072617883143342235
Abcg8,2.781431,1.8622916,0.005411985981827331,0.007358944844535025
Zfp428,2.7786298,0.26940024,0.005458870858047099,0.007421958538854054
Ska3,2.7785869,0.49627453,0.005459591937101369,0.007422200988156003
Adora2b,2.7785296,0.9463024,0.005460553509588294,0.007422770302546712
Vsig10l,2.7734184,2.2175896,0.005547073334801849,0.0075396310360217956
Dsel,2.771361,0.9320165,0.0055822469737110535,0.0075866852877657185
Apoc1,2.763704,0.2134063,0.005714935002411601,0.00776624626433257
Adm,2.7526188,0.8340207,0.005912068833568667,0.008033340749110843
Zfat,2.7493958,1.1426005,0.0059705249476493935,0.008111965092807297
Rnf39,2.739748,0.056766983,0.006148629856200487,0.008353120731526095
Dpysl3,2.7397075,0.32960495,0.006149387996300632,0.008353320835344307
Invs,2.7350492,0.9454735,0.006237092486560716,0.008471616979908402
Frs3,2.7297428,1.4787679,0.006338376519900572,0.008608332397421821
Rmi2,2.7257903,2.045274,0.006414775571811831,0.008711227005414775
Atf7ip2,2.7231727,0.72090715,0.006465825372239426,0.008779680465234252
Pih1d2,2.7204812,0.40198475,0.006518697286103337,0.008850594260073782
Rgs2,2.7131174,0.23478952,0.00666535064834335,0.009048810693546641
Ccl5,2.7124975,-1.1396487,0.006677828728100543,0.009064850889098166
Sgk3,2.7124593,-0.20928206,0.006678597295422706,0.009064994343911217
Sh3bp1,2.7106786,0.47792113,0.0067145684254599014,0.009112914174093305
Ccdc142,2.705255,1.7242392,0.006825194364793407,0.00926213485546788
Zfp61,2.7030573,1.1413504,0.006870492685555425,0.009322681829229056
Ticrr,2.6984801,1.267152,0.006965691181702348,0.009450920419662626
D6Ertd527e,2.6943226,1.7464051,0.007053188219163983,0.009568685406455106
B3gnt9,2.690861,1.3044403,0.007126787026039356,0.009667573909442336
Ccr1,2.6883483,0.6414057,0.007180643160195493,0.009739664274516304
Nsl1,2.6878383,-0.19760083,0.007191622408339852,0.009753588855900771
Mterf1b,2.6858573,1.5629268,0.007234399776985898,0.009810632383010923
Pitpnm2,2.6767483,0.22405426,0.0074340466960067025,0.010080375663648156
Kntc1,2.676412,0.5895546,0.007441507572388844,0.01008949197426308
Chrnb2,2.6761713,0.5421482,0.007446856015577674,0.010095742640331584
Asb1,2.6543777,1.6465057,0.007945486341283241,0.0107706706698105
Apoe,2.6526492,0.6882574,0.007986281337531388,0.01082489813566674
Dhdh,2.6471257,0.33090016,0.008117917017705862,0.011002231438763891
Tmem191c,2.6470375,0.6365999,0.008120034761234178,0.011004011035564105
Zfp882,2.6466727,2.9406142,0.00812879716835883,0.011014794022721661
Rad51c,2.645147,0.18957587,0.00816554219470897,0.011063488508138826
Hyal1,2.6447847,0.362951,0.008174290955360314,0.011074244978655865
Cdyl2,2.6443937,1.800189,0.008183739815763402,0.011085947694954386
Nemp2,2.642508,0.2852947,0.008229450692531247,0.011146764879196195
Cdiptos,2.6408417,1.1783245,0.00827003502501552,0.011200626816587822
Dcbld2,2.637347,0.39552885,0.008355733954007596,0.011315573561205572
Recql4,2.6372993,-0.11407289,0.0083569085797893,0.011316043650719742
Fmnl3,2.6329057,0.7729891,0.008465786374253294,0.011462170050745834
Lck,2.632877,0.17344396,0.008466499428342497,0.011462170050745834
Tcte2,2.617775,1.4394592,0.008850516341020083,0.011980876159517881
Ccrl2,2.61541,1.1566677,0.008912038663524267,0.012062964339670825
Crlf2,2.612852,1.7385757,0.008979014263766575,0.012152416870250189
Alg13,2.6127853,1.6691104,0.008980767997961972,0.012153587567751605
Cnbd2,2.6103847,1.1579489,0.009044043467919559,0.012238006572709278
Smad6,2.6102703,3.0262291,0.009047069492619297,0.012240890008070535
Rnf208,2.6054883,1.2333292,0.009174343217846027,0.012411866195493117
Calhm2,2.603493,0.38489386,0.009227918794077541,0.012483113018994003
Col8a1,2.5992234,-0.038503412,0.009343497949682231,0.012636963155168086
Slc22a4,2.5982196,1.3365253,0.00937085324752416,0.012672707492078014
Cd46,2.5978167,1.6044275,0.009381854434923315,0.012686330406167935
Eme2,2.5951371,4.5592785,0.009455315687501815,0.012784402019634893
Stard8,2.5913134,0.52644455,0.009561036756550612,0.012926067982780983
Slc9a3r2,2.5865457,0.19770755,0.009694334271764806,0.01310498429877261
Ankrd42,2.584977,1.152351,0.009738549910117857,0.01316345458345969
Cdk20,2.58399,0.41919836,0.009766461512054694,0.013199877562497327
Psrc1,2.5820115,0.25670752,0.00982263438924737,0.013274486142203556
Ptpru,2.577792,0.509448,0.009943387321965697,0.013436346010660169
Ror2,2.571913,0.6349937,0.010113827074868596,0.013665308294519124
Ccdc88b,2.571241,1.130601,0.01013348256776893,0.01369051315098203
Plxna3,2.571198,1.4806119,0.010134738327707392,0.013690857120557006
Cdr2,2.5706973,3.3654811,0.010149399101586326,0.013709307854029337
Rgma,2.56664,-0.13573942,0.010268919577150279,0.013869380268398032
Slc25a27,2.5625396,0.60845524,0.010390975217247083,0.014032844765539587
Rab11fip5,2.5618768,1.3295215,0.010410823541167593,0.014058261274362284
Nr4a2,2.5577574,0.41474038,0.010534955574559836,0.014224478424378531
Pbx3,2.5546155,-0.426944,0.010630518243675174,0.014352091715100997
Rassf10,2.547621,1.3399589,0.010846023411636662,0.014641596263981378
Depdc1b,2.547454,0.32228628,0.010851212070145748,0.01464715477832821
Prrg1,2.547311,-0.50834,0.010855661247642446,0.0146517141296398
Tenm4,2.5455422,0.045497645,0.010910816906772241,0.014724703562628085
Lpar2,2.5406814,0.19554192,0.011063668128966123,0.014929510722677298
Pms2,2.539828,1.6355106,0.011090700631777927,0.01496451219926622
Rapgef3,2.5380137,0.040211458,0.011148358585874077,0.015040825144221389
Cdc6,2.5377183,-0.09377693,0.011157778758362668,0.015052049375615023
Shroom4,2.5371366,2.0262249,0.011176335872578937,0.01507559607984977
Fndc5,2.5330791,0.4338028,0.01130654358516322,0.015249727145389786
Rbbp8nl,2.5231001,0.82552767,0.011632530944237864,0.01568785608110974
Pkib,2.522504,1.4693624,0.011652261129245119,0.015712914992843607
Krt222,2.5200653,3.0620031,0.011733306704138758,0.015820643776286485
Celsr2,2.5162082,0.39292496,0.011862511268725489,0.01599328025237317
Rgs12,2.5140746,0.9077878,0.011934521669308406,0.016088779951477963
BC030867,2.511116,-0.20942186,0.012035011941016933,0.016222650398561512
Vtcn1,2.5101411,0.66528726,0.012068294757236215,0.016265910783087447
Mfsd2a,2.4975684,3.900405,0.012504838571943618,0.016852633041423967
Tle6,2.4961665,1.9986902,0.012554365064470625,0.016917712086779245
Aunip,2.4944453,0.023851657,0.01261541570490054,0.016998306213864903
Sowaha,2.4931438,1.2602144,0.012661758578260771,0.0170590688234203
Hist1h2be,2.4918563,1.0232984,0.012707740346517995,0.017119332995629354
Rwdd3,2.4913604,0.38067433,0.012725491233539665,0.017141557586549932
Slc16a12,2.4898634,1.4919463,0.012779218484650127,0.01721223409608889
Il20rb,2.4887621,1.071275,0.012818872011347295,0.017263942757058722
Slc16a3,2.4861684,0.25003284,0.01291268562738218,0.01738857468778447
Klhdc8a,2.4857512,-0.636133,0.012927831707217988,0.017407256655790272
Oip5,2.474902,0.3084452,0.013327274796299691,0.017943337879235823
Zfp235,2.4739628,1.4010237,0.013362364127177019,0.01798880974986668
Klhl3,2.467674,0.99968255,0.013599413130038419,0.018306129988510226
Mcub,2.4662197,0.8091343,0.013654753340465257,0.018378814166423466
Tmem86a,2.4655476,1.1225914,0.013680404015739797,0.018411526908300533
Asb4,2.464899,-0.122727014,0.013705185406590428,0.018443063416170448
Dand5,2.4645224,1.1468247,0.013719598676591133,0.01846064271400017
Fkbp7,2.4627845,1.3371338,0.013786273933040374,0.018548533651547336
Ppm1m,2.4575207,0.44653514,0.013989969462026717,0.018820741012613416
Sbsn,2.4554253,0.4208269,0.014071796645364886,0.018928961157324887
Muc16,2.45451,1.4503891,0.01410767604704696,0.018975358507265387
Fancb,2.4529843,0.72969735,0.014167654477262861,0.01905415764915122
Nexn,2.4528127,0.7654617,0.014174416110984913,0.019061376764452617
Cep41,2.4524813,1.6174152,0.014187477875812484,0.01907706587529358
Ywhaz,2.4474535,1.4003298,0.014386966671797025,0.019343404703256743
Piwil4,2.447382,1.4311824,0.014389822106791048,0.019345341851196185
Kcnc3,2.4437323,0.6598168,0.014536209724865424,0.019540220975870902
Mcpt2,2.439651,-0.029095398,0.014701457455566329,0.019760411903368344
Casc4,2.4378965,0.58728516,0.014773005980529478,0.01985398776163268
Glb1l,2.4378726,0.7731702,0.014773980216626995,0.01985398776163268
Cyp2d9,2.4368308,-0.4041195,0.01481660967379088,0.019909318786389928
Ddias,2.433522,-0.44059792,0.014952729167992704,0.020090250675211262
Lix1,2.431448,0.24705616,0.015038609629976609,0.020203653275363997
Anxa6,2.425774,-0.5101571,0.015275770861754122,0.020520252115372065
Hoxd11,2.4256885,0.9970621,0.015279383312851317,0.0205230887735234
Zfp658,2.4231663,1.1128083,0.015385885635289026,0.020664111772007214
Tnfsf15,2.4216619,0.74062085,0.015449715110829895,0.020747800661946265
Tmem229b,2.4209683,0.29716566,0.015479229966569027,0.020785395698431998
Nudt17,2.4151895,2.1796427,0.015727020060702864,0.02111605295337375
Dusp4,2.4147844,0.18463503,0.01574452829233015,0.02113748521476682
Mtfr2,2.4141765,-0.57613033,0.0157708227862378,0.02117070792203808
Doc2g,2.4130154,1.4073561,0.0158211474550527,0.021236178979961294
Rad51ap1,2.412267,0.07685248,0.015853669821188604,0.021277744116670348
Snai3,2.4101024,2.207287,0.015948046442782783,0.02140230962758141
Mxd3,2.4090128,0.61902964,0.015995733185594822,0.02146419893170535
Rtn1,2.4073298,0.7857938,0.016069648858615764,0.021561268459730238
Pcdhgc4,2.4064407,0.73139876,0.01610882171398342,0.02161170773459465
Serpina9,2.4041116,1.8357868,0.016211825415925578,0.02174776462259979
Ubash3b,2.4023976,-0.39900643,0.016287997840021967,0.02184780485162338
Greb1l,2.400762,1.2727635,0.016360967158512468,0.021943529412775404
Tmem8b,2.3979945,2.3540611,0.01648511637095757,0.022107871567406567
Xrcc3,2.394111,0.3952965,0.016660705015801622,0.022341159157784583
H2-Q4,2.3835478,1.485656,0.017146653746487425,0.02299053730593348
Syt2,2.3799005,1.8651412,0.017317313922391407,0.023217085087127692
Clca4b,2.3762102,0.2901923,0.01749149611769276,0.023448309911719294
Ppp1r3e,2.3735402,2.0591795,0.01761847528089825,0.02361621735603642
Fv1,2.370086,1.0703727,0.017783952977108518,0.02383569116553553
Tmem202,2.3686793,3.8396344,0.017851720943067993,0.023924175215254292
Slc17a2,2.3683267,0.068739556,0.017868755820611645,0.023944658093764257
Ccdc87,2.3666148,2.991101,0.017951600292550034,0.02405331510882047
Rad54b,2.3650105,0.43467677,0.018029557857210065,0.024155403516934223
Ranbp17,2.3644264,1.7625242,0.01805801118732907,0.024191154289451906
Ccdc157,2.364231,1.2603394,0.018067543122954145,0.02420155276779292
Spsb1,2.3572986,1.561274,0.018408439503300997,0.02465493809992506
Zswim9,2.3572748,1.2911063,0.01840962142145044,0.02465493809992506
Simc1,2.355184,1.2842023,0.018513534328975775,0.024791674691416347
Vstm2l,2.3532555,0.3727268,0.018609844899495746,0.024918205130774928
Prx,2.348335,0.58144677,0.018857550341510185,0.025247405611920088
Fam43a,2.3439581,1.2776108,0.0190803114586826,0.025543148232744454
Plcb1,2.3432,0.48178142,0.019119127115202365,0.025592606039584215
Zfp354a,2.3356287,0.7566196,0.01951059846789198,0.026114068126497293
Cand2,2.3334737,0.41897908,0.01962329732163404,0.026262340073727294
Zfp772,2.3332877,0.55526835,0.0196330479309486,0.02627281832427068
Frg2f1,2.3312352,0.7447965,0.019740961134768628,0.026414642222892463
Bco1,2.3284388,0.5339035,0.01988881209511308,0.026609872360891434
Zfp974,2.3269227,3.0328863,0.01996938027900711,0.026715053347233637
Ovca2,2.3260384,0.28186014,0.020016509831757553,0.026775483903872105
Slc25a45,2.3241334,0.7073286,0.02011833967068899,0.026909066412037552
Zfp458,2.3227127,1.122701,0.020194591951632136,0.027008415152916326
Tmem116,2.3165479,0.053129043,0.020528373223539852,0.027452132195570845
Arhgap24,2.3120399,0.2981551,0.020775484908195016,0.02777987250606892
Zfp697,2.3113081,1.0798804,0.0208158466895601,0.027831120793873128
Iqank1,2.3076224,2.8702426,0.021020142199246406,0.028101519657316904
Itpripl1,2.3045473,0.24118663,0.02119194361162262,0.02832842902140169
Atoh8,2.295734,0.06798014,0.021691100906054948,0.028992845752155355
Wdr54,2.294711,0.36060566,0.02174968056811088,0.02906830353488236
Socs3,2.2940295,1.4349356,0.021788810124615254,0.02911775417317635
Slc22a3,2.2933524,1.7370886,0.021827726655954786,0.029166910496402354
Pmel,2.2921486,0.8376916,0.021897076241403707,0.029256718866750922
Gjb5,2.2886703,-0.6820972,0.022098512858358146,0.02952297414400622
Afap1l2,2.2873425,0.32137117,0.02217583903837915,0.029623385645192426
Prss36,2.285066,1.0674123,0.022308965723882933,0.029798310829663912
Ankrd23,2.2832255,3.0109046,0.022417089662710023,0.02993980868615681
Rbp4,2.2829514,-0.44931436,0.022433235133130534,0.02995844633257422
Eid2b,2.2823815,0.32631442,0.022466821971538653,0.03000037012604151
Pcbp4,2.281123,1.8920263,0.022541177178103496,0.030096719186737484
B3gnt6,2.2789774,1.2927343,0.022668412088513012,0.030263646911101772
Arl6,2.2778997,-0.2237044,0.02273254739057649,0.03034630862613564
Rab6b,2.2762692,-0.03871192,0.022829901523246328,0.030473294614972526
Ppp1r26,2.2760618,1.7623602,0.022842310214643332,0.0304868819232137
Troap,2.2757113,0.83172154,0.022863289938771608,0.0305119049392702
Timeless,2.2756016,0.7849526,0.022869858460348263,0.030517692666399542
Gramd1a,2.2754395,0.43772626,0.022879571451723188,0.030527674856309354
Plekhd1,2.275354,0.3642872,0.022884715074289665,0.030531558891796214
Cdkl5,2.270915,-0.16162074,0.023152127920941953,0.030885313561494605
Soga1,2.269761,1.157148,0.023222080774896778,0.03097561008551633
mt-Cytb,2.2686694,-0.36241898,0.02328844474666595,0.031061102302804726
Phf21b,2.2668242,1.4650266,0.023400971233795996,0.0312081413713829
Nrp1,2.2548902,1.7918942,0.02414021889847986,0.032190881856334674
Vim,2.2544944,-0.6020976,0.024165075483261914,0.03222088604071828
Rab38,2.2534957,0.80111706,0.024227914610060405,0.032301524060892664
Cadm1,2.2495575,0.72238964,0.02447705397953933,0.032630504305927115
Cfp,2.2474453,1.3922096,0.02461158466256428,0.03280664979633166
Catsper2,2.2455406,0.541668,0.02473345408200928,0.03296588543581646
Xrcc2,2.2453117,0.6268188,0.024748131832546334,0.03298223397427844
Inca1,2.2448826,2.6043873,0.02477567295108084,0.0330157208737118
Proc,2.243245,0.45793876,0.024881032374128243,0.033152890745026184
Fmnl2,2.2420456,0.5752555,0.02495841910211293,0.033252765122895
Psmc3ip,2.2413497,0.93698645,0.02500343895026513,0.03330950098829768
Esr2,2.235385,1.2581682,0.0253920819826567,0.03382395491065949
Bbof1,2.232534,2.1304939,0.025579699539872502,0.03407055529441477
Wdr78,2.2312083,0.5621832,0.02566732730868195,0.034183940489503864
Kank3,2.2302787,1.186735,0.025728947663189037,0.034262670103623535
Scml2,2.228903,0.6473536,0.0258203488522604,0.03438103900240126
Col20a1,2.2192602,21.406607,0.02646902668547198,0.03524135331747924
Vamp5,2.216881,0.34224707,0.026631220055266053,0.03545384873985234
Arhgap33,2.2141824,1.2725945,0.026816229279140995,0.03569667433001587
Man2a2,2.2128904,-0.2929953,0.026905203640756922,0.03581162738829579
Zcchc3,2.2121418,3.2616217,0.026956866185617198,0.03587689976528615
Enkd1,2.2118843,0.73794883,0.02697465525150926,0.035897081604163994
Pkhd1,2.2059054,1.4067916,0.0273906164539802,0.036447083780108906
Tdrd12,2.2049997,-0.08730643,0.027454121198588158,0.036528031464360095
Ppil6,2.2025776,0.398655,0.02762453698261959,0.0367511959565447
Zfp41,2.201643,0.29506332,0.027690531443316176,0.03683541026141524
Cage1,2.1960027,2.1495776,0.02809174900183078,0.03736549631359167
Msantd3,2.1953351,0.06426719,0.028139560316030193,0.0374254510135881
Cyp11a1,2.1928344,2.951809,0.028319306033537307,0.03766084897487335
Lysmd1,2.1909869,2.9929173,0.028452736568884963,0.03783461421426506
Usp27x,2.1876352,0.89060193,0.028696188163607573,0.03815463034879276
Azgp1,2.1813488,-0.57757324,0.0291576293268707,0.03876439636836057
Katnal1,2.176526,0.8249139,0.029515943443223693,0.039236952132408284
Il1rl2,2.1710145,0.5670927,0.02993007679380991,0.03978361199021681
Cks1b,2.1673148,1.2338345,0.030210869889297956,0.04015294447819512
Cldn14,2.1631665,0.4334176,0.030528365264667113,0.04057098104901096
Zfp85,2.161331,1.8852673,0.03066977827693262,0.040754952670979845
Fap,2.1595144,2.480481,0.03081027547927701,0.04093767170415012
Cd276,2.1560268,0.494815,0.03108157214464692,0.04129407689326076
Arnt2,2.1559887,0.79507023,0.031084550459906858,0.04129407689326076
Bmp8b,2.1514282,1.1536889,0.031442415106084226,0.04176542268826632
Zfp12,2.1502054,0.58673024,0.03153898079205635,0.04188962338105775
Armcx1,2.149502,-0.015254536,0.03159462588038332,0.0419594550756766
Bag2,2.149154,2.166194,0.03162219661756735,0.04199199249808055
Usp35,2.145819,0.71325207,0.03188743246683096,0.04234009505621064
Fkbp1b,2.144758,0.24150081,0.03197219867112363,0.042448525905593754
Zfp667,2.1421046,0.9231112,0.03218505557211294,0.04272698135604741
Slc17a8,2.1402118,1.9152384,0.032337646135838116,0.04292538447947838
Dennd4b,2.1351938,-0.21037054,0.032745187140587974,0.04346214055590998
Pdlim4,2.1326692,0.037246052,0.032951873666943216,0.0437322275228502
Ccdc92,2.1317012,0.25300166,0.03303140889763049,0.0438335290320327
Zfp14,2.1308837,0.5492763,0.0330987304542796,0.04391860459560193
Zfp446,2.1274078,-0.25416833,0.033386208247507355,0.04429575994806084
Plekho1,2.1248524,2.6178951,0.03359893775649174,0.04457367809662636
Zfp551,2.1247714,1.5692575,0.03360570369982807,0.04457717337791539
Klhdc1,2.1247427,0.6868002,0.03360809195804809,0.04457717337791539
Trim29,2.122528,1.646986,0.033793424122190954,0.04481864754834267
Zfp566,2.114506,0.49671066,0.03447206295628223,0.04570982846185974
Pcsk4,2.105545,2.204926,0.03524389706430891,0.04672874659243982
Mcpt1,2.103831,-0.6435875,0.03539319738204198,0.04692214970425827
Stox2,2.102875,0.106268235,0.03547669920529197,0.047028292131869695
Myl6b,2.1008224,0.18809263,0.035656556702449146,0.04726213171522653
Spata1,2.1004791,2.1274393,0.03568671319352559,0.047297519182153754
C3,2.096355,1.0099217,0.036050713885630636,0.04777531857602471
Cd68,2.0944192,1.1826469,0.03622265139040182,0.04799852303912256
Angptl6,2.092853,-0.09862088,0.03636227942966199,0.048178875225329695
Clu,2.091494,0.82419455,0.03648378926683321,0.048335188744811484
Ecm1,2.0902236,0.27975357,0.03659772448603204,0.04848143779390566
Rhov,2.0886312,1.0232791,0.03674094550737479,0.04866645000129313
Car1,2.0765398,-0.043455232,0.03784404968494051,0.050122748614194815
Gpr17,2.076044,2.5351837,0.03788988238391578,0.050178592058885176
Rgs10,2.0749855,1.136892,0.03798787554525451,0.05030349550511818
Zfp874b,2.0742655,1.6025536,0.03805465164449499,0.05038704117336067
Vwa3b,2.0736077,0.14507546,0.03811576608238521,0.050463074951749225
Bbs1,2.0721152,1.8037779,0.0382546900930232,0.050642099421306125
Gpx7,2.0686777,0.21404962,0.03857634230060025,0.05106296398806587
Proz,2.0678291,0.7221415,0.03865610441308824,0.05116359154558475
Ambp,2.0653355,1.5216453,0.03889127289215259,0.05146986904095487
Abtb2,2.0648944,0.6107807,0.038932992021917606,0.05152009540349557
Nynrin,2.0639575,0.8512495,0.039021743153508065,0.05163254355338392
Ets1,2.0631804,-0.5257137,0.039095494023701806,0.05172512391390501
Agt,2.061364,0.019734759,0.0392683428946967,0.051948784858757605
Prkab2,2.0598476,1.1994984,0.039413106861612535,0.05213525211187381
Sdr16c6,2.057807,1.1315079,0.03960866147061105,0.05238886213469447
Podn,2.0568726,-0.0743452,0.03969848906556675,0.05250259554851309
Slc18a1,2.0528128,1.2497802,0.040090744612596214,0.05301623949107951
Rdh5,2.0521572,0.1425253,0.040154393236562426,0.0530952743676263
Grin3a,2.0518138,0.29448247,0.04018775614694637,0.053134251697717454
Pla2g4c,2.0506887,0.09973665,0.040297277227652965,0.05327390430086565
Pfkfb1,2.0506363,0.5845956,0.04030238819150665,0.05327551073164364
Lypd6b,2.0464025,0.472765,0.04071679968606791,0.05381811673177833
Serpinb9,2.0426,1.8202715,0.04109204955314884,0.05430886031113467
Snap23,2.0394652,2.2065823,0.04140362451808299,0.054715361933203026
Tnfrsf23,2.0376248,1.7345911,0.041587471894330805,0.054953007841817926
Phyhd1,2.0364518,0.47065067,0.04170499912392656,0.05510298193427012
Mapk15,2.0350692,0.18990147,0.04184390847570048,0.05528117557774167
Wdr31,2.0342705,0.59213233,0.04192431887624032,0.05538205763452341
Mettl7a3,2.0326471,-0.29897,0.04208818321388225,0.05559315226985799
Rccd1,2.0324278,0.34761384,0.0421103620383541,0.055617075610825996
Tcf7,2.0305016,-0.066316254,0.042305575140798274,0.05586950652345885
Kcnh1,2.0293813,0.66753477,0.04241947908836791,0.05601452071585855
Prdm11,2.0291476,0.4901724,0.042443261927199175,0.056040514324075384
Plcd4,2.0270402,0.06834908,0.04265830298833646,0.05631900882076667
Hoxa11,2.0244727,0.8595561,0.04292153733320312,0.05666106989396203
Prr3,2.0232213,0.7154874,0.04305035191377987,0.05682563343831465
Zmat1,2.0213616,1.0589203,0.04324233682990227,0.0570735407922897
Paox,2.0203986,2.2877815,0.043342059243407845,0.057199639080641025
Sun3,2.0183127,1.9694763,0.043558708476589464,0.057474463374890095
Tubg2,2.0182364,1.4876113,0.043566648955757944,0.05747939454606752
E2f1,2.009845,0.16218445,0.04444759734096511,0.0586360113484177
Smbd1,2.0085933,-0.016349977,0.044580268195361275,0.058805360043557964
Mss51,2.0079951,2.0121093,0.04464381545180057,0.05888350465889013
Egf,1.9938346,1.212549,0.0461701328127856,0.06089078659608864
Bmper,1.9937917,1.5200672,0.04617482397364508,0.06089110104528413
Cyren,1.991949,1.3882657,0.04637666233418346,0.06115136991803672
Slc9a9,1.9898535,0.99152553,0.046607080416086376,0.06144926963844786
Ksr2,1.9866471,0.32871497,0.04696151887165549,0.06191061125709909
Rgs13,1.9855028,-0.35369843,0.04708855774805782,0.062072105957652855
Rasgrf2,1.9848353,-0.18923402,0.047162797169739035,0.06216397602854759
Dclk3,1.9827136,0.969388,0.0473994265644722,0.06246984948623336
Slc29a2,1.9794,0.17854089,0.04777099054668069,0.06295348325391331
Cd83,1.9792999,0.02245949,0.047782255656363834,0.0629622611390225
Nlgn2,1.9765965,0.34780163,0.048087258658721474,0.06335805589729417
Zfp964,1.971514,1.819231,0.04866511517891525,0.06411324181807959
Zfp791,1.9684483,0.42254755,0.04901648312753047,0.06456992647808296
S1pr2,1.9625218,1.1933743,0.04970175965896248,0.06546634206668386
Pou5f2,1.9612393,2.6989057,0.049851114477447486,0.06565674568805686
Cacna1c,1.9573582,1.6153733,0.0503053597027968,0.06624863192755645
Cdsn,1.9570365,-0.070415445,0.0503431827172946,0.0662920581279734
Igf2,1.9555155,1.413439,0.05052225408661736,0.06652145432644833
Nrn1,1.9538444,-0.05703731,0.0507196230926856,0.06677489610017094
Gp1bb,1.9537777,1.278895,0.05072751998668279,0.0667788636713407
Cyp2c66,1.950998,20.916399,0.051057284870481036,0.06720650405273156
Dgkg,1.9489669,0.33003995,0.05129937860670492,0.06751867203529258
Rgn,1.9484138,1.3620597,0.05136546706319676,0.06759914946484609
Mycn,1.9453219,1.6314522,0.05173625000167432,0.0680805637772225
BC025920,1.9452456,1.8605578,0.051745426312304825,0.06808608725303267
Polq,1.9430596,0.5014132,0.052008964203837854,0.068426263756733
Sipa1,1.9410118,0.563942,0.05225685093463158,0.06874578514007569
Crym,1.9310088,0.86643654,0.053481958865601247,0.07035069137044027
Foxred2,1.9219428,0.7213808,0.05461295491869614,0.071831505098891
Rep15,1.9218618,0.37163588,0.054623155656838736,0.07183801246463452
Arid5a,1.9195493,3.8448396,0.05491484679756656,0.0722146869849719
Chgb,1.9131962,-0.4702042,0.05572293826497171,0.07327030584360462
Sema3f,1.9125288,0.17183222,0.05580841309895022,0.07337564168139066
Fbxo44,1.9119637,1.0706154,0.05588084675939854,0.07346381267398337
Fgl1,1.910531,1.6447452,0.05606487986619766,0.07369866693936873
Ttyh1,1.9099135,1.0146428,0.05614434411950617,0.07379603093370309
C1qa,1.9056034,0.271346,0.05670167610501395,0.0745214243859746
Ankrd35,1.9054127,1.943999,0.056726442801401794,0.07454681004316448
Nckap5,1.9046379,0.14706135,0.05682715009511378,0.07467197824067272
Rnf150,1.9026736,0.40954012,0.05708314871171794,0.07500115859269244
Ccdc159,1.9016223,0.89807135,0.05722055131592027,0.07517446817611775
Tead2,1.8981704,-0.4005349,0.057673641218404376,0.07576244415578096
B4galnt4,1.8967401,0.042115305,0.05786225765017459,0.07600291743023124
Slc2a5,1.8963491,-0.26317003,0.057913901936887585,0.07606344688695138
P2rx7,1.8953335,0.18640341,0.05804823014180405,0.07623255038789689
Il17rb,1.8945087,0.92697847,0.05815752284147937,0.07636874638536877
Papln,1.8913,1.7474297,0.05858431792636972,0.07692180006174805
Mrc1,1.8873473,0.83155376,0.05911361550220567,0.07760932142786699
Marc1,1.8864439,2.5226934,0.059235162676169836,0.07776143319541351
Rundc3a,1.8859075,-0.66170025,0.05930741935689116,0.07784881548334485
Igkc,1.8850517,-1.5521896,0.0594228603543571,0.07799286067240938
Cfap126,1.8834854,-0.7433662,0.059634609861675604,0.07826327157950229
Ttc8,1.8823864,1.0129864,0.05978356244247233,0.0784512250648507
Atp7b,1.8802099,0.35378122,0.060079470460438454,0.07883196685343465
Lor,1.8740785,2.597824,0.0609196045861457,0.07992666149050584
Trp53rkb,1.8740118,2.099174,0.060928803962243414,0.07993106237372205
Rbpms,1.8738925,-0.7006067,0.06094523428199687,0.07994494760731964
BC024139,1.872088,1.3327775,0.06119443809610759,0.08026249877100533
Nebl,1.8720546,1.6558061,0.061199054821592144,0.08026249877100533
Zfp455,1.8661734,0.5528331,0.06201710352446895,0.08132756911172928
Pip4k2a,1.8637276,2.4127939,0.06235997553065328,0.08176936095327295
Hpgds,1.8631554,0.09743622,0.06244040540187756,0.08186697448424503
Rcn1,1.8611004,0.48680237,0.06272999050710679,0.08223353505087329
Micu3,1.8610861,0.71345234,0.06273201006586546,0.08223353505087329
Ctcfl,1.8601922,0.44523755,0.06285833921263005,0.08239123825675414
Il17d,1.8601421,1.8388305,0.06286541985933627,0.0823926218685474
Gsto2,1.8571241,-0.050732676,0.06329350142732379,0.08294572419920009
Elfn2,1.8560752,1.0492979,0.0634428446985997,0.08313347079851964
Gbp5,1.8531191,1.3285224,0.06386528832798258,0.08367900909122945
Zfp729a,1.848809,0.54718494,0.06448539914994801,0.08448340998041186
Nxn,1.8470259,0.80218875,0.06474339865801475,0.08481329405578616
Fam189a1,1.8425298,0.8940528,0.06539769913835322,0.08566221606484485
Ccsap,1.8406656,0.91660434,0.06567058889754321,0.08601142641259489
Fam161b,1.8397667,0.5237404,0.06580248325216302,0.08617592017557263
Arrb2,1.83472,-0.78666884,0.0665471820641256,0.08714284350540243
Rsph1,1.8333802,-0.17810974,0.0667460390265668,0.08739487587976838
Ddx59,1.8304147,1.3833572,0.06718795408839481,0.08796508110663466
Rgs17,1.830305,-0.18871637,0.06720434105908933,0.08797811257735463
Rgs16,1.8273776,-0.4838759,0.06764301940500428,0.08854391599152231
Zfr2,1.8254013,0.14510417,0.06794049288907081,0.08892479328656616
Zfp951,1.8252702,1.7353505,0.06796026676441357,0.0889421617382865
Pld2,1.824679,0.7348756,0.06804948776210043,0.08905040623413621
Dnal1,1.8224858,-0.056427605,0.06838131071179351,0.089476071570546
Ccdc14,1.8214607,0.82300353,0.06853685738396034,0.08967102226613641
Gpsm1,1.8201925,2.0279725,0.06872970352949151,0.08991473220757643
Zfp59,1.8183092,2.018664,0.06901689533404849,0.09028181018682926
Il18r1,1.8154603,0.81788397,0.0694531913175361,0.09084384421495038
Polr2l,1.8149955,2.6071343,0.06952460054478463,0.09092854939268648
Crybb3,1.814614,1.2196853,0.06958323774785273,0.09099653592826681
Zfp937,1.8131671,2.3607404,0.0698060619783909,0.0912792022905427
Gfi1,1.8111383,1.4636308,0.07011944231710351,0.09168021547819014
Spsb4,1.8072621,0.8572466,0.07072142626153102,0.09245846119755609
Nfe2l3,1.8034955,0.9347551,0.07131043377174781,0.0932195948598271
Fgf12,1.7954831,1.2082841,0.07257675672151265,0.09486590978461913
Slc28a2,1.7952065,0.9593089,0.07262078853191416,0.09490730617185726
Zfp108,1.795197,0.8611015,0.07262230726013268,0.09490730617185726
Fbp1,1.7932351,0.2705231,0.07293533900787147,0.09530728723675513
Ttc41,1.7900931,1.0645323,0.0734389455219266,0.09595619912214277
Otub2,1.7900263,0.63011277,0.07344967506895261,0.09596104963866695
Syt5,1.7888082,2.6322157,0.07364571461443195,0.0962079812144017
Gata5,1.7798756,0.020580502,0.07509631642601984,0.09809362184791492
Fam110b,1.779213,0.5266214,0.07520486372313949,0.09822602783323138
Mfsd4b4,1.7780973,1.2165623,0.07538788734550392,0.09845567371309007
Prr15l,1.7759112,0.034524612,0.07574755832763683,0.09891523186050792
Traip,1.7758707,0.2858638,0.07575423936198168,0.09891523186050792
Tcf24,1.7739302,0.40798068,0.0760747061795137,0.09932419390918941
Npff,1.7728193,1.1581922,0.07625866475387018,0.09955486782903816
E2f7,1.7711648,0.31423482,0.07653330116810642,0.09990386535641993
Lca5,1.7689525,0.8308881,0.07690179798746832,0.10037530662199383
Adrb2,1.7669476,0.32413113,0.07723699619017899,0.10080319936063158
Xkr8,1.7624205,1.0965095,0.07799826249702067,0.10178702544582094
Pear1,1.7566491,0.5031684,0.07897763410770078,0.10305526206324506
Bhlhb9,1.7465079,0.4962569,0.08072272849327962,0.10532232727274103
Tacc1,1.7462338,-0.10793721,0.08077033551561323,0.10537438830147024
Pcdh18,1.7457856,0.2737087,0.08084821174656384,0.10546592536814467
Hist1h3a,1.7414373,-0.08052047,0.08160694632930092,0.10644553520156334
Zfp383,1.74118,0.4144283,0.08165205196174324,0.10649421178605997
Pik3cg,1.740665,-0.48946744,0.08174232390745118,0.10660178136891042
Ckb,1.7361116,-0.3280557,0.08254409010327325,0.10763711568248896
Oscp1,1.7333559,0.1285457,0.08303243640915393,0.10826359343012777
Nod2,1.7329983,1.5266017,0.08309597437802162,0.10833610922103591
Il4i1,1.7291316,0.99376285,0.083785550668103,0.10922472882614953
Colca2,1.7282877,-0.9270412,0.08393666432550402,0.10941129393301569
Ltb4r2,1.7278013,1.6866982,0.08402384693328267,0.10950517489995253
Tmprss12,1.7277966,1.8118563,0.08402470202743707,0.10950517489995253
Zranb3,1.7201918,0.3765876,0.0853975691849745,0.11128375820511972
Rpap3,1.7199559,-0.54405236,0.08544046381029852,0.11132904646077486
Ms4a18,1.7182823,0.20289245,0.08574512555026488,0.11171537651485064
Fosb,1.7149973,0.038074538,0.0863457181900427,0.11248715787833038
Chsy1,1.7148376,-0.56142527,0.08637500611807429,0.11251459408122175
Ftl1-ps1,1.7129853,0.32173315,0.08671524506229825,0.11294704031116569
Zfp82,1.70986,0.34590316,0.08729176867166952,0.11368713681762672
Tmem120b,1.7091115,-0.073021196,0.0874303110263298,0.11385672824350633
Gbp8,1.7053233,3.6357353,0.08813412875784202,0.11476235105346501
C8g,1.7047107,0.8196128,0.08824839009852738,0.11490019371582995
Samd13,1.698317,2.6658578,0.08944793832465159,0.11645092884516474
Tusc1,1.6978712,0.58335215,0.08953206304781863,0.11654177498654661
Zfp334,1.6978569,0.8936615,0.08953476329130959,0.11654177498654661
Exd1,1.6978092,0.5646072,0.08954376457656371,0.11654239845669637
Irak3,1.6957805,0.53998286,0.08992744489235734,0.11703062513351604
Mns1,1.6945505,1.2237638,0.0901607314527069,0.11732305667673107
Pitpnc1,1.6927911,1.0880882,0.09049523163578199,0.11774712584389332
Cap2,1.6913108,1.8247724,0.09077747419238495,0.11810312620881593
Tnfrsf18,1.6886383,0.46985224,0.09128875745148086,0.11875701656668576
Bach2,1.6874964,1.2011716,0.09150793205125253,0.11903081620858731
S100z,1.6842042,0.92329097,0.09214220033122833,0.11983545242128958
Ccnj,1.6841947,1.3402954,0.09214404257476123,0.11983545242128958
Zfp575,1.6773529,-0.30275744,0.09347349752305391,0.12155287929134292
Eme1,1.6771836,1.1618936,0.09350658051222081,0.12158433854755346
Gpx3,1.6752408,1.1406106,0.09388700911174022,0.12206739395351279
Slc43a1,1.6736125,0.639344,0.09420677737143707,0.12247149734332179
Lama5,1.6720463,1.2661818,0.09451519624816258,0.12286077078836724
Efcab5,1.668704,1.9218215,0.09517605033209921,0.1237080589574619
Fcer1g,1.6685705,-0.28510192,0.09520252346194966,0.12373070788273728
Trim5,1.6669471,1.9225253,0.09552492782006139,0.12413792530070697
Galnt17,1.6653212,-0.017278783,0.0958486812046762,0.12454681827004437
Phf19,1.6646228,0.82050836,0.0959880412025265,0.124716053533924
Cbarp,1.6635548,-0.19721429,0.09620143757740358,0.1249814420360055
Hbb-bs,1.6616572,1.8352839,0.09658153359214014,0.1254588674372112
Zscan25,1.6616286,1.1614704,0.0965872728613499,0.1254588674372112
Scml4,1.6611422,0.33358955,0.09668488218584725,0.1255737262694901
Hdac9,1.6605511,0.22299479,0.09680365074746278,0.1257160421625407
Arhgdig,1.6591707,-0.22447817,0.09708139126221343,0.12606476360371938
Iqcb1,1.6560311,0.37221426,0.09771551603354504,0.12687615664249227
Mettl24,1.6504623,0.30622798,0.09884841942249607,0.1283349601825343
Klhdc8b,1.6495993,2.7013872,0.09902491524041823,0.12855190012461737
Rnf183,1.6495469,3.0804253,0.09903564960785464,0.12855363155077476
Mbd4,1.6470914,0.30487972,0.09953925360719859,0.12919507337494693
Carf,1.6458995,1.4707246,0.09978445706409514,0.1295010392285756
Zfp9,1.6450579,-0.06586201,0.09995786065137403,0.12971377343020876
Wfikkn1,1.6439255,0.7076705,0.10019157322545896,0.130004721876663
Tmie,1.6424881,1.2767429,0.1004888925494585,0.13037814095008016
Megf11,1.6390028,0.6684096,0.10121267613390526,0.1313047477593354
Nr2e3,1.6379777,0.26950493,0.10142634209368963,0.13156945817977667
Tmem231,1.6370552,0.7369521,0.10161894844342499,0.13180680261442065
Syp,1.6368215,0.62748927,0.10166776832690587,0.13185761872822815
Sh3tc2,1.6354817,1.9837531,0.10194809612590501,0.1322086500257706
Klk1b4,1.6351027,0.70109826,0.10202751750650792,0.13229909936482986
Rfx2,1.6350121,0.50006866,0.10204650600630666,0.1323111756552805
Rtn2,1.633546,0.56735855,0.10235421118784177,0.13269755764066518
Ppp1r14c,1.63218,3.28683,0.10264156629664546,0.13305748593294403
Rab33a,1.6304135,2.516853,0.10301412327100631,0.13352778537734702
Clca3a1,1.6303563,2.327784,0.10302620784842788,0.13353079256252973
Asap3,1.6303086,1.9015894,0.10303627919073619,0.1335311900998216
H2al1m,1.6285279,1.5541615,0.10341300484327491,0.1340067128998185
Zfp975,1.625126,1.877272,0.1041357099047255,0.1349304370804549
Metrn,1.6214882,0.7673999,0.1049129869951401,0.13592468945130656
Lrp8,1.6214358,0.92314327,0.10492422641004855,0.1359263732623545
Efhc1,1.6207467,0.19567713,0.1050719602182809,0.13610486463815394
Sis,1.6164151,0.6854753,0.1060045774801754,0.13729992394784984
Hist1h3c,1.6131611,0.030828072,0.10670950413192255,0.13819987394677913
Hnmt,1.60923,0.9694319,0.10756604622875703,0.1392959926305163
Gad2,1.606572,-0.21620631,0.10814829106643188,0.14003672761418956
Hectd2,1.6022071,0.9412412,0.10910983444728516,0.14126841375370428
Disp2,1.6002785,0.14030805,0.10953682579168807,0.14180672246810003
Tmem17,1.6002356,-0.16206498,0.1095463412177703,0.14180672246810003
Hacd4,1.5983021,0.3412959,0.10997574238265188,0.14234910336798529
Pif1,1.5964451,0.2504086,0.11038945175646925,0.14287107256953596
Rab42,1.5953413,0.8894393,0.11063592249333466,0.14317651557645042
Pou6f1,1.591365,-0.10793555,0.11152746060008104,0.1443166184430458
Tmem174,1.5903518,0.95870537,0.11175552493404338,0.14459805123219258
Mfsd2b,1.5902803,1.497488,0.11177163748521633,0.14460521689785558
Fmo2,1.5901611,0.87857646,0.11179849580974786,0.14462628230047317
Ccn1,1.5887641,-0.2990276,0.11211365502455196,0.1450202641374147
AI429214,1.5849856,0.7324589,0.11296960197648244,0.1461136202618365
Pnma1,1.5817196,2.1586807,0.1137135845777249,0.14706196984115644
Eda2r,1.579188,0.40080327,0.11429295744328676,0.14779727593729988
Map3k15,1.5754118,0.09551592,0.11516142112043823,0.14890624374262412
Slc6a12,1.5747014,1.6785421,0.11532538491048284,0.14910415416950487
Map3k8,1.5746299,1.1522069,0.1153419014981146,0.14911141075692164
Pcolce,1.5712113,2.6431963,0.11613356612895,0.1501206651681058
Tgfb1,1.5690181,0.4474022,0.11664371243363215,0.15076585704441584
Zfp94,1.5675259,1.232564,0.11699183887771489,0.1512015307298697
Cyp2j9,1.5658928,1.2728845,0.11737371020173748,0.15168073020305803
Kif3c,1.5657355,0.33278,0.11741055525993653,0.15171400767075802
Bbox1,1.5605886,0.77506334,0.1186208485232287,0.1532620359564033
Tmem151a,1.5605457,1.1294152,0.11863097993407891,0.1532620359564033
Abi2,1.5548815,0.32096893,0.11997429194855072,0.1549828492722871
Eid2,1.5516561,0.05684148,0.12074453954590811,0.15596312253615693
Fbxo48,1.5485545,1.2567253,0.12148882863192188,0.15690968374967246
Dab1,1.5480754,0.35185093,0.12160413803550559,0.1570437801147926
Pdgfd,1.5461636,-0.0587882,0.12206508050013978,0.15762417146736651
Angptl4,1.5417318,-0.2789656,0.12313877593670984,0.15899563411712841
Atl1,1.5413384,0.9604084,0.1232344295929348,0.15910411864457924
Dnmt3b,1.5398438,1.2294241,0.12359844271540045,0.1595590204977911
Cma1,1.5393097,-0.642206,0.12372869217244438,0.15971208848953908
Fgf11,1.5369782,0.04027111,0.12429862596544913,0.16043262954955329
Me3,1.5361582,0.86645347,0.12449957964596929,0.1606768357548726
Zfp202,1.5346254,1.7296498,0.12487587886491162,0.1611472721975716
Sept1,1.5328398,-0.48992696,0.1253153293652498,0.16168688240796736
Dnajb7,1.5328302,1.2549382,0.12531767946194122,0.16168688240796736
Myom3,1.5278193,2.7708385,0.12655741422915454,0.16327100373431022
Klrd1,1.5215687,-0.14449951,0.12811719837584098,0.16526768114230972
Ggnbp1,1.5207653,2.0470443,0.12831875336688314,0.16551206869384333
Nrros,1.5183885,0.34679225,0.12891648857921342,0.16626737539571287
Dusp14,1.5171369,0.9244864,0.12923211214262567,0.16665077091559571
Slc16a7,1.5171131,1.155317,0.1292381298398459,0.16665077091559571
Tmem132c,1.5164385,0.14534111,0.12940852092221913,0.16685475425337984
Epm2a,1.510083,0.5058704,0.1310222636708792,0.16891953009326607
Hist4h4,1.5084666,1.4636512,0.13143513912390611,0.16943585289587257
Rbp7,1.5080805,0.2114226,0.1315339399089113,0.1695472361442513
Stpg1,1.5026118,0.067360036,0.13293919509661917,0.17134245927863026
Mnd1,1.5015914,1.961916,0.13320266059346164,0.1716658546428789
Etnppl,1.5015104,1.8461467,0.13322360741096273,0.1716684337427566
Pcdhgc5,1.5014865,1.0846798,0.13322976872481723,0.1716684337427566
Hesx1,1.5014246,0.3619848,0.13324578917299235,0.17167290059738746
Kif9,1.4997797,0.8477438,0.13367149227488892,0.1722051490211122
Cyp2u1,1.4991479,-0.23599486,0.1338352663333679,0.17239989328455219
Ndnf,1.4959797,0.6522133,0.13465895091462576,0.17344458451139752
AI987944,1.492852,1.7769477,0.1354759376680649,0.17448045277931695
Phlda3,1.492697,0.5845494,0.13551651271045975,0.17451627378430523
Il17rd,1.4921559,-0.13898493,0.135658286877984,0.1746823985928843
Ppm1e,1.4892999,1.3374658,0.1364084030487405,0.17562653403593376
Hist1h2bh,1.4892665,1.245209,0.1364171878997944,0.17562653403593376
Il33,1.4839313,0.7635611,0.13782713128194615,0.1774250230895805
Krt84,1.4808036,5.726081,0.1386589008851955,0.17847895986493303
Lyve1,1.480408,0.43232885,0.13876441500479697,0.17859796472382103
Palm,1.478999,-0.8038722,0.1391405727765375,0.17906524870310092
Acta1,1.4774042,0.74603015,0.13956732258909657,0.17959754741751158
Serpinc1,1.477142,1.2080305,0.1396375870571512,0.1796710578666299
Ltb4r1,1.4737711,3.894559,0.1405432309329077,0.18081933229913563
Haus5,1.4719188,1.0429801,0.14104280613140358,0.18144500224336255
Pimreg,1.4711226,0.017210236,0.14125797178264235,0.18170470925854898
Dnm1,1.4696469,0.20251855,0.14165740375381455,0.1822013728680788
Zfp72,1.4684287,0.6702611,0.14198779823008484,0.1826091545938503
Magee1,1.4682809,0.28246176,0.14202792546006843,0.18264358479090048
Limch1,1.4663476,0.16986255,0.14255361793986893,0.1833023719160985
Rdh16f2,1.4618086,1.5140522,0.1437936649940048,0.18487950063868144
Tulp3,1.4615011,2.672174,0.14387797906027447,0.18497051458580926
Igfals,1.457632,0.060146566,0.14494200897490128,0.1863209224226147
Ltn1,1.4562923,4.5251794,0.14531185486034154,0.18677879642966166
Csrnp1,1.4527879,1.4872612,0.14628266277483018,0.1880089674291168
Rarb,1.4524302,0.029026277,0.14638200319001068,0.18811896378379814
Lrriq3,1.4510238,0.50080466,0.1467732430017527,0.1886040310138102
P4ha2,1.4491214,0.29798582,0.14730368321960532,0.18926786319910766
Gimap8,1.4476386,0.6712556,0.14771814950136122,0.18978257181803032
Dennd2c,1.4475218,0.9802726,0.14775083821372256,0.18980673673768494
Rnf212,1.4457887,1.3682468,0.1482364816440051,0.1904068695864644
Pim2,1.4457554,0.971143,0.1482458457394579,0.1904068695864644
Kcnh6,1.4405869,1.1536219,0.14970140261775033,0.19225832839948684
Plppr2,1.4405297,0.9898205,0.14971757659114007,0.19226104421859708
Grb14,1.4387943,1.0850139,0.15020882089539966,0.1928737676755484
Neto2,1.4366606,0.05041834,0.15081443774941394,0.19363322093918275
Limd2,1.4330419,0.11808768,0.15184587056455948,0.19493919263709641
Ldhal6b,1.4318953,3.5324912,0.1521738129724257,0.19534186542738396
Jag2,1.4312897,-0.23364855,0.15234720577391656,0.19554608963378156
Tle2,1.4301549,1.1506449,0.15267255152609688,0.19594529724255044
C1rl,1.4300095,0.39964744,0.1527142831829895,0.19598046382576775
Sv2c,1.4298713,0.39302364,0.15275397051256132,0.1960130005404219
Fam117a,1.4293063,-0.7688131,0.15291622270545616,0.19620279090796705
Ulbp1,1.4232345,1.5851231,0.15466820512993987,0.19843209542658108
Celf3,1.4229889,0.18459721,0.15473937427188816,0.19850477890882465
Zfp78,1.4211581,0.14793393,0.15527081790513442,0.19916784868705684
Mybl1,1.4197038,3.2743742,0.1556939145994641,0.19969182912658712
Elk3,1.418314,-0.83920413,0.15609910124621754,0.20019274214967878
Cavin1,1.410993,1.0892602,0.1582466711328434,0.20291068475968455
Il6ra,1.4109882,1.3185751,0.15824807699905197,0.20291068475968455
Krt12,1.4075841,5.04247,0.15925428154095322,0.20418172698973705
Prkn,1.4059296,3.0381887,0.1597450357770266,0.20479172815701122
Adamts10,1.4040511,0.6513273,0.16030364662726682,0.20548859839031436
Shisa7,1.4037364,0.19895448,0.1603973652468862,0.20558946196936628
Myom1,1.4023156,0.85966575,0.16082103469736464,0.20610298541944003
Trmt9b,1.4022918,0.71922314,0.1608281504505188,0.20610298541944003
Bmp7,1.3999841,0.15653922,0.16151808195524786,0.20696774463437168
Asprv1,1.397171,1.564136,0.16236213399384547,0.20802981189598393
Schip1,1.3967563,0.3001088,0.16248687695407993,0.20817013700084722
L3hypdh,1.3920885,1.8769892,0.16389558247255587,0.20995523094259497
Hhex,1.3917763,0.10387389,0.16399015936217165,0.2100567093740818
Vangl2,1.3883125,0.7764734,0.1650419277717674,0.2113841305871424
Stt3a,1.3882457,0.56452495,0.1650622456028965,0.21139035480610693
Agbl3,1.386434,0.36006385,0.1656144489988407,0.21207768424563597
Chst14,1.3839523,-0.58471197,0.16637307667857903,0.21302919696437905
Fhad1,1.3814038,1.6882113,0.1671548255973756,0.21401013388672516
Pcdhga7,1.3809223,-0.12328755,0.16730285571388748,0.21417960605573966
Tbc1d16,1.3796207,0.38434345,0.16770346960701532,0.21467237170045256
Fgr,1.3755919,-0.27138716,0.16894803125117097,0.21624525714711373
Zfp850,1.3729123,1.7478484,0.1697796038768702,0.21728929181246606
Stx19,1.3710791,1.0980508,0.17035030104811744,0.21799928568528973
Snph,1.3709384,2.5813034,0.1703941459594681,0.21803499073600882
Adgrb1,1.3691553,0.73616767,0.17095074361680807,0.21872674204339917
Chrnb1,1.3623563,1.8199915,0.17308545499134886,0.2214373278142666
Grpr,1.3601726,-0.18319415,0.17377528813575294,0.22229907065074103
Slc15a2,1.358833,0.5826936,0.17419954188271025,0.222820946145923
Coro2b,1.3570306,1.6245257,0.174771465736675,0.2235315931489928
Styx,1.3535168,1.275772,0.17589059454863742,0.22494191344361888
Mutyh,1.3533571,0.0016041208,0.17594159072330173,0.22498609062475697
Mt4,1.353257,-0.050675135,0.17597356409610465,0.22500593632671634
Rnf133,1.3518051,2.2950387,0.17643766500115454,0.2255782599935292
Drd3,1.3465676,0.62637365,0.1781195169177252,0.22770724444703117
Enkur,1.3430942,0.89619267,0.17924144477294535,0.22912009322023066
Fndc10,1.342906,0.50280285,0.17930242666269247,0.22917662254531446
Angpt2,1.340553,-0.5516363,0.1800656150829093,0.230130587500821
Syde1,1.3396019,2.098026,0.18037482222533807,0.23049953012296823
Gpc1,1.3395613,0.04405974,0.18038800521945197,0.23049953012296823
Hba-a2,1.338026,0.8878732,0.180887935304904,0.23111674439825863
Gstp2,1.3378305,0.26401928,0.18095166476075486,0.231176570964436
Oaz3,1.3365791,2.5673854,0.1813600837946353,0.23167670676241361
Efna3,1.3365219,-1.9241828,0.18137877071887398,0.23167893607141804
Sval3,1.3361738,1.3103663,0.18149248029780107,0.23180252807251608
Card11,1.3346028,1.5757957,0.18200638941502367,0.23243718483848044
Dusp9,1.334517,0.5995967,0.1820344944197977,0.23245136905320138
Hoxd8,1.3317349,-0.5536128,0.18294730943040205,0.23359518734460766
Sod3,1.3189738,1.7576514,0.18717786755483634,0.2389746371778907
Ceacam12,1.316957,0.39197803,0.18785303235522166,0.23981424733547949
Tmem158,1.315243,3.2564092,0.1884282540862554,0.2405261247670627
Dock4,1.3100437,0.6544281,0.19018106686972425,0.24274090810560753
Mex3b,1.3065917,1.190128,0.19135140158151198,0.24421189142577474
Pcdhgb4,1.3048372,0.89343566,0.19194829515094192,0.24495081524721266
Mamld1,1.3030635,0.60606825,0.1925530671903738,0.24569965417825526
Pde7b,1.3011755,-0.30284625,0.19319839448449028,0.24650009745991833
Ovgp1,1.2978547,0.40926865,0.1943372730049855,0.2479257363611852
St6galnac1,1.2978117,0.6405227,0.19435202148386876,0.2479257363611852
Lrrc46,1.2976949,-0.12911953,0.19439217428219757,0.2479538273770219
Rgs11,1.2943766,1.3902807,0.1955353856282377,0.24938877060866912
Susd4,1.2942979,0.20739616,0.19556254730094058,0.24940015241447008
Sh2d3c,1.2926553,0.54286546,0.1961302819835905,0.25010085846005226
Kctd15,1.2908508,2.3037884,0.19675543979377774,0.2508746516717865
H1fx,1.289213,0.6324959,0.19732405105574902,0.2515569795846661
Akt3,1.2892034,1.5459712,0.19732736526542694,0.2515569795846661
Mras,1.2890414,-0.06452152,0.19738371306382319,0.25160535758275376
Nmb,1.2875896,1.3465023,0.19788888241848623,0.2522257868461925
Lbp,1.2874656,1.2685474,0.1979320605372059,0.2522573092121427
Tmem132a,1.2873845,0.21401265,0.19796029611026045,0.25226978373942893
Dab2,1.2856038,3.5714014,0.1985813919751277,0.253037694303007
Arhgap6,1.2821804,1.1876032,0.19977935913718936,0.2545404580453801
Casp12,1.2788,0.86515075,0.20096748107421347,0.25603039907675323
Ccl20,1.2786283,-0.012923946,0.20102794608360497,0.25608357360906364
Scnn1b,1.2785711,-0.3176736,0.20104810403590057,0.25608539704647354
Eml1,1.2769859,1.6014097,0.2016072339591125,0.25677367275690266
Ccdc89,1.273553,0.3919348,0.20282186586536322,0.2582966116324122
Higd1c,1.27182,0.49026594,0.20343710735674214,0.25905523154915994
Pomc,1.2717198,0.21778366,0.20347269235202126,0.25905523154915994
Itgb8,1.271715,1.8994862,0.20347438698863085,0.25905523154915994
Pigz,1.2700939,1.4057645,0.20405115924291495,0.25976536982376297
Plekhf1,1.2700177,0.87348706,0.20407833074600612,0.2597757770596327
Klf8,1.2682726,1.16122,0.20470059795814988,0.2605436222149758
Kantr,1.2664919,2.6939955,0.205337037931816,0.26131481227690295
Wdr62,1.2664704,0.1103443,0.20534471464187198,0.26131481227690295
Rbm20,1.2647587,0.7779771,0.20595781782168943,0.2620593076588667
Zmat4,1.2647302,0.4912568,0.20596807595740396,0.2620593076588667
Zfpm1,1.261469,1.0225021,0.20713993754085858,0.263525783409735
Ttc26,1.2613546,0.47916633,0.20718114317350111,0.2635536867811747
Lrr1,1.2596095,2.028869,0.2078102662303427,0.2643294010510591
Kbtbd13,1.2595427,1.681526,0.2078343585292982,0.26433545878796066
Ly6g5b,1.2580075,1.7381613,0.2083890406045279,0.2650162866425108
Eva1a,1.2543172,2.927184,0.20972673283442356,0.2666833006588093
Fbxo17,1.2542838,2.4112043,0.20973885912873813,0.2666833006588093
Tanc2,1.2508892,0.6030817,0.210974929612751,0.2682300262601683
Cd200r2,1.2491751,0.57144564,0.2116010389571964,0.26900104190198576
Ggt1,1.2490368,0.1792223,0.21165160417287066,0.26904031298233927
Sema4c,1.2473514,1.6429219,0.21226867894497736,0.2697745524695693
Prss53,1.2456398,0.9066637,0.2128966837227495,0.2705457726985765
Barx2,1.2455897,0.22778602,0.21291507172081026,0.2705457726985765
Hsf5,1.244033,0.80866086,0.21348742321266345,0.27124784097678833
Lyz1,1.2398754,-0.7418752,0.21502147172978203,0.27317155573251295
Chit1,1.2368479,4.1933804,0.2161435707589271,0.2745716052139645
Cacna1b,1.2352053,0.52175987,0.21675409267843593,0.2753151692612522
Lurap1,1.2351648,1.8016953,0.21676917202456325,0.2753151692612522
Lsmem2,1.233601,1.7902561,0.2173516340720214,0.27602930868637565
Abca5,1.2316533,-0.104376204,0.2180786207088865,0.2769268398360129
Ric3,1.2299011,1.6359905,0.2187341336429648,0.2777334519561322
Pfkfb3,1.2284279,0.48217413,0.2192863939865115,0.2784088234857994
Klk15,1.2265637,1.2038783,0.21998664275011848,0.2792719401789705
Kcnh8,1.2247399,0.574285,0.22067321982496846,0.2801175421058613
Efcab7,1.2246469,3.0887938,0.22070826291189893,0.28013602147022626
Sobp,1.2232596,0.285626,0.22123168775447122,0.2807743229737721
Skida1,1.2212809,0.86217874,0.22197969098690096,0.2816975013219999
Amph,1.2179291,0.9400468,0.22325092056832374,0.2832844334018583
Mnx1,1.2178433,0.589085,0.22328353807989132,0.2832995345372531
Dnajc27,1.2177217,2.4945984,0.22332975205727623,0.28333188230663814
Ttll7,1.2126511,-0.058531802,0.22526324427142919,0.2857583363090718
Ap3m2,1.2110229,-0.0052875048,0.2258866354461344,0.28652256188905373
Zfp128,1.2108297,2.5752797,0.2259606477691889,0.28658985886140403
Rasl2-9,1.207397,0.711983,0.2272793123203367,0.2882181924119199
Fam72a,1.2073779,0.41325969,0.22728665352615318,0.2882181924119199
Slc1a3,1.2038926,0.30504036,0.2286310983838432,0.2898961771348221
Prss16,1.1969483,-0.3267794,0.2313267326570978,0.293259672573536
Drc3,1.1969268,0.61824393,0.23133509591978596,0.293259672573536
Zfp991,1.1968935,0.78931296,0.23134810586642096,0.293259672573536
Fcna,1.1901374,0.6464402,0.2339924000921383,0.29658412005375767
Cdnf,1.1899443,0.7895766,0.23406829156318554,0.2966407628928027
Prdm16,1.1899133,-0.32645458,0.23408047329990744,0.2966407628928027
Rell2,1.1883972,0.6472374,0.23467699003281906,0.2973691473961083
Qk,1.1883209,0.9481391,0.23470703187397102,0.29737965911948055
Galntl6,1.1867212,0.60326254,0.23533759913182617,0.2981509790742749
Bricd5,1.1864995,2.6234603,0.23542508971317722,0.29823419192475203
Napb,1.1864136,1.4367148,0.2354589632144387,0.298249474060527
Timp2,1.186204,-0.7247489,0.2355417796271122,0.2983205706431216
Ubd,1.186161,1.7901945,0.23555872188697824,0.2983205706431216
Cbx6,1.1849405,0.46497083,0.23604099623257402,0.29890365992040463
Ahi1,1.1848308,1.0135002,0.2360843597373815,0.29892589343533316
Nt5dc2,1.1847855,-1.4703662,0.23610227239451798,0.29892589343533316
Marveld1,1.1841633,-0.57580894,0.2363484330447091,0.29920985205391565
Lat2,1.1794837,0.9236968,0.2382056417498185,0.3015331066304515
Hap1,1.1777792,0.17914027,0.2388846615853918,0.30236465634767057
Mitf,1.1760508,0.23410453,0.23957457148384542,0.3032098348025531
Pgbd1,1.1742271,0.8769022,0.2403040674486906,0.3041049530224731
Irf5,1.1726013,0.64013326,0.24095573399530812,0.30490142152177646
Gper1,1.1709278,0.8739334,0.24162780979693887,0.30572356578211873
Ldlrad4,1.169023,3.7214112,0.24239435489026695,0.30663507198897444
Rslcan18,1.1690135,2.7134244,0.24239819671045604,0.30663507198897444
Tgm7,1.1689706,2.641329,0.24241548543128355,0.30663507198897444
Plcd3,1.167452,0.027234929,0.24302787253936897,0.307381257581934
B3gnt8,1.1672852,0.85354847,0.24309523408246203,0.3074380214628381
Rac2,1.1653398,-1.2029303,0.24388144548695356,0.3084038068276392
Ltk,1.1640383,0.34714484,0.24440850972634065,0.3090417355994183
Cdh24,1.1638094,-0.2693375,0.2445012629632105,0.30913043371134463
Flacc1,1.1637045,4.3680806,0.24454378312066505,0.3091556100744286
Igfbp4,1.1623337,0.33723417,0.24509992145421433,0.309830044914622
Tbx6,1.1609249,1.7119998,0.2456724590876086,0.31052508346640606
Kcnj2,1.1604147,0.87768006,0.2458800050031652,0.31069461991483927
Zfp493,1.1603861,-0.40365297,0.245891646730806,0.31069461991483927
Cfap300,1.1603765,0.73641473,0.24589552739256493,0.31069461991483927
Adgrv1,1.1603718,0.5696374,0.24589746773954702,0.31069461991483927
Vwa7,1.1567816,2.3611636,0.2473615975398199,0.31248928326542347
Cct6b,1.1567768,2.1731162,0.2473635459852438,0.31248928326542347
Tcea2,1.1551391,1.1992652,0.24803347292682787,0.3133066453236995
Tpst1,1.1534585,0.79921055,0.24872227142492676,0.3141476920417358
Wnt8b,1.1533965,-0.14866105,0.24874769947389586,0.3141507933418476
Catsper4,1.1515179,4.6090374,0.24951922758047873,0.315096078785026
Wnt5a,1.1503927,0.29328173,0.2499821612018961,0.31565152857210793
Depdc7,1.148383,0.3067976,0.25081046044629063,0.3166681789865224
Gabrd,1.1449527,0.7447077,0.25222878851074404,0.31842953128548973
Rasl11b,1.1448191,0.24895543,0.2522840968455292,0.31843360947614596
Mok,1.1447953,0.14540964,0.2522939742234399,0.31843360947614596
Sp110,1.1447762,0.23780207,0.2523018763198568,0.31843360947614596
Nme3,1.1429573,1.3916273,0.25305633179312903,0.3193563434174086
Fstl3,1.1409023,-0.9325798,0.2539105675598833,0.320404817881462
Tmod4,1.1360797,1.305872,0.2559232224808127,0.32291475063896596
Zfp119b,1.1342965,-0.076522104,0.2566701967694073,0.3238273771401093
Mapk8ip1,1.1291139,0.99610746,0.25884980366344257,0.32652463505844237
Foxo6,1.1290996,0.52311313,0.25885583683133995,0.32652463505844237
Csta1,1.1289804,-0.32967857,0.25890611701973176,0.32655793675012285
Upk1b,1.1275715,0.69761646,0.2595009415833498,0.32727800204300544
Hspb6,1.1271542,4.8726206,0.25967725552960697,0.32747016500990184
BC051142,1.1255046,1.5203563,0.26037526363591146,0.32832012265754623
Cd52,1.1226249,-0.8980301,0.2615968608310477,0.3298300822298154
Ccdc3,1.1221743,-0.3026905,0.26178834600286427,0.3300410833953322
Csta2,1.1202576,3.5488906,0.26260400017265484,0.3309983333817591
Slc22a13,1.1202242,2.6735418,0.262618218633927,0.3309983333817591
Insrr,1.1202195,2.3203115,0.2626202498860758,0.3309983333817591
Soat2,1.1187342,0.2097952,0.26325351303028977,0.3317659009021484
Uqcrh,1.1168915,0.6778444,0.26404071117084715,0.3327043553905592
Mvb12b,1.1168772,0.15330553,0.2640468277187378,0.3327043553905592
Pdlim7,1.115311,-0.3337059,0.2647171809390588,0.3335182835214326
Tmem237,1.1149391,4.247106,0.2648765237346059,0.33366785470452276
Tceal1,1.11492,2.2785308,0.26488469694130157,0.33366785470452276
Rab30,1.1135254,0.19003597,0.2654828337296925,0.33439050854320207
Evl,1.1118352,-0.3555961,0.2662090011106645,0.33527427612712624
Prr22,1.1066431,-0.0055149295,0.26844828312845515,0.33806338261180807
Hspa2,1.10645,2.2534807,0.26853181099515133,0.3381296731801478
Hyal3,1.106407,1.10634,0.2685503751670629,0.3381296731801478
Cspg5,1.1046501,-0.61441255,0.2693112317996187,0.3390564440121327
Majin,1.1030505,0.09736882,0.2700052374914287,0.33989888821644915
Itgae,1.1011124,1.6190284,0.2708477539053108,0.3409281143828355
Sstr2,1.0978607,-0.096916996,0.2722653181392477,0.34268092273853773
Ankdd1b,1.0962445,0.46414405,0.2729718292263008,0.3435385389903979
Sytl3,1.0925756,1.2693789,0.27458019738639894,0.3455201808277728
Slc9a5,1.0925374,0.52536976,0.27459695248528226,0.3455201808277728
Nudt11,1.0908949,0.4552631,0.2753191314264176,0.34637570326078626
Igsf11,1.0908759,-0.4685771,0.2753275242738389,0.34637570326078626
Kbtbd3,1.0905373,2.9271796,0.27547652637238174,0.34653127570070097
Syt8,1.0889258,2.404849,0.276186614734268,0.3473925640628325
Vill,1.0857671,-0.19584286,0.2775820482613286,0.34911565437079634
Cplx2,1.0855931,0.24059103,0.2776590680639398,0.3491804079248093
Hoxd12,1.084034,0.8124181,0.2783497303129556,0.35001678731307295
P2rx3,1.0836669,2.2005339,0.278512533246949,0.3501893060088293
Prr7,1.0803819,0.8237169,0.27997218612477914,0.3519922446682316
Cib2,1.0751468,1.1349941,0.2823090353247347,0.35489759680692656
Zfp607b,1.0735304,0.58212423,0.28303318589499893,0.3557752382676818
Cntln,1.0734494,0.5434805,0.28306953334188045,0.3557882232031448
Plekhh2,1.0718093,0.23903175,0.2838057141585846,0.35668074084354784
Neu2,1.0700642,0.00018064807,0.28459039849774304,0.35763404700024226
Dcdc2b,1.0698617,1.3166751,0.28468161124699654,0.3577157983830449
Hspa12a,1.0667839,1.186393,0.2860694034364035,0.3594265979412733
Xkr4,1.0664741,-0.18733597,0.28620940302401443,0.3595694613094531
Coro1a,1.066126,-1.1538075,0.2863666885034457,0.3597340129785615
Id4,1.0648506,0.0681477,0.286943541717964,0.36042554725756937
Rdh19,1.0631175,1.3424047,0.2877286716395372,0.3613785437794518
Laptm5,1.0626812,-1.1330731,0.2879265321649961,0.36159384033027103
Angptl8,1.0612867,0.48019597,0.2885596525933436,0.36235567026758253
Akap5,1.0608552,20.297588,0.28875573108490904,0.3625685999987266
Nrg4,1.0576464,0.7457368,0.29021667817680685,0.36433609419515595
Tnnt2,1.0576464,0.6996033,0.29021667817680685,0.36433609419515595
Scn1b,1.0561041,-0.58544767,0.2909206986574928,0.365186391971839
Cd160,1.0546641,0.10476932,0.29157896536962213,0.3659791052252944
Nek5,1.0543613,-0.22556154,0.29171750303840893,0.36610769702178275
Klhl23,1.0543232,0.022913799,0.2917349597401365,0.36610769702178275
Rbpms2,1.0541277,-0.7157216,0.29182443635513733,0.3661863798088184
Lrmda,1.0526855,0.5871058,0.29248516912109346,0.36698180454454105
Stx11,1.0471143,2.882952,0.29504688440777227,0.37016203158498034
Myo5a,1.0458484,0.1765232,0.29563103229751053,0.37086087209140967
Catspere2,1.0457339,-0.06288572,0.29568387476387936,0.3708931377174876
Camk2n2,1.0454766,1.2493007,0.2958027934338814,0.37100827297150585
Arhgap10,1.0438626,0.2516462,0.29654896666878183,0.371910043946771
Pdzrn3,1.042263,0.70345134,0.2972897683093194,0.3728049134919709
Xkrx,1.0417957,4.2180824,0.297506390722833,0.3730164663878319
Cfh,1.0417814,3.8562002,0.2975130236849787,0.3730164663878319
Foxn1,1.0401795,1.320899,0.298256540927476,0.3739143928477479
Slit2,1.0387062,1.63503,0.2989414057840091,0.3747386308640869
Tslp,1.0353401,-0.68015474,0.30051011390313476,0.37667055981900716
Hoxd10,1.0349349,3.2609682,0.3006993503744413,0.3768376286562193
Uox,1.0348777,1.7157273,0.300726072506422,0.3768376286562193
Prdm14,1.0348777,1.6059525,0.300726072506422,0.3768376286562193
Dclk2,1.033278,1.0871994,0.3014738193184282,0.3777109927901793
Tigd3,1.0332685,0.58313376,0.30147828053417236,0.3777109927901793
Zfp296,1.0317118,0.8602127,0.30220716334021036,0.3785660136484895
Arntl2,1.0316927,1.0767027,0.30221610025598244,0.3785660136484895
Rwdd2a,1.031626,-0.3235435,0.30224738084594394,0.3785705196069137
Ubxn11,1.0296187,4.4514766,0.3031890392570258,0.3797151856250415
Krt36,1.0263528,0.49947047,0.30472535504422427,0.381604325112616
Plekhs1,1.0248175,0.98741853,0.30544931789234775,0.3824759108303136
Bbs12,1.0227363,2.437589,0.3064325347848068,0.3836650442582133
Tex19.1,1.0226886,1.5147624,0.30645508434606683,0.3836650442582133
Il16,1.0214132,-0.1913414,0.3070586932204509,0.38437013967725686
Car11,1.0213798,-0.2965274,0.30707449915715035,0.38437013967725686
Pcdhga9,1.0210748,0.9680086,0.3072190355616038,0.38451586228307993
Slc15a1,1.0198494,-0.6439751,0.3077998931442807,0.38520760856118225
Gpr155,1.0195466,1.2688503,0.3079435243306743,0.38534231207487163
Trdc,1.0195037,1.0083025,0.30796388509442574,0.38534231207487163
Mustn1,1.0174083,3.9796522,0.30895925291858417,0.3865255508008648
Bhlha15,1.017394,2.6113358,0.30896605453778814,0.3865255508008648
Syne4,1.0158254,2.102712,0.3097125660864458,0.38740846256256256
Tssk6,1.015792,1.4122992,0.3097284622447164,0.38740846256256256
Dtx3,1.0143235,1.0294894,0.310428426746318,0.3882073787670543
Rbms3,1.0143187,1.6007525,0.3104307010576315,0.3882073787670543
Ninl,1.0142138,1.2635745,0.31048073868923387,0.3882073787670543
Mt3,1.0142138,-0.83613217,0.31048073868923387,0.3882073787670543
Ak7,1.0125928,0.65193266,0.3112547244208246,0.38913954621089564
Camkk2,1.0109001,0.2423906,0.31206421348804214,0.3901030893333321
Gnat2,1.010862,-0.26947963,0.3120824714666657,0.3901030893333321
Ccdc146,1.0089477,1.303539,0.31299969804113537,0.39121386260054164
Icam1,1.0074102,1.3234034,0.3137377333648632,0.39210048471618575
Tdrp,1.0056007,-0.1582077,0.31460767745515505,0.39315178554320074
Hrc,1.0052074,3.9953706,0.31479700538091904,0.39331649598758045
C2cd4a,1.0052074,3.511025,0.31479700538091904,0.39331649598758045
Sez6l2,1.0042062,0.40789837,0.31527926887224444,0.3938830624728616
Zfp711,1.0036435,0.99573845,0.3155504679133109,0.3941858635895246
Pfn2,1.0024492,0.22400339,0.31612669904588786,0.394869620885323
Spon2,1.0023681,0.066490375,0.31616582956538963,0.3948824293822909
Ly6g6c,1.0021465,1.2136116,0.3162728792868311,0.39498005700889643
Zc4h2,1.0004014,0.51764876,0.3171162946325107,0.39599719926030347
Hoxb2,0.9989043,0.38562608,0.3178410549497426,0.39686599949212287
Sync,0.998685,-0.2629184,0.3179473211169287,0.3969624410000913
Evx1,0.9983393,2.5075033,0.31811485309336507,0.3971164081663029
Tmem95,0.9983107,1.4773675,0.3181287203994039,0.3971164081663029
Rprm,0.9967254,1.0380008,0.31889781936510353,0.3980401314181992
Pnliprp2,0.9938552,0.044589337,0.320293387669342,0.39974555776017634
Rassf8,0.99363106,0.94407874,0.32040251177693346,0.3998452590390185
Nr4a1,0.99346894,-0.75566155,0.32048146776859465,0.3999072973570154
Fgd2,0.9918455,0.020325134,0.3212728901815465,0.40084783071047686
Xkr5,0.99180263,-0.026375545,0.32129382613656576,0.40084783071047686
Plpp7,0.99149984,1.7847729,0.32144156625167486,0.4009601520840384
Pcdhga6,0.99147123,1.5645117,0.32145552824115253,0.4009601520840384
Hsf4,0.99143785,1.3338588,0.32147181772938915,0.4009601520840384
Camkk1,0.9882863,0.83677036,0.3230124393587165,0.402844971110848
Zfp947,0.9876927,20.170404,0.32330315481733407,0.4031707680217986
C2cd4b,0.9866319,-0.46671262,0.32382313115711625,0.4037823760895017
Llcfc1,0.9861265,1.8362558,0.32407104172316403,0.40405465860359846
Mapk11,0.98460793,1.6271522,0.3248166863504304,0.4049474141528066
Dync1i1,0.9845221,0.93254083,0.32485885970147,0.40496307259959907
Smim10l2a,0.9813801,0.85044754,0.3264053262962523,0.4068537815241318
Ubox5,0.9808914,5.4212565,0.32664629089380426,0.4071150924752537
Hus1b,0.9808342,4.0945544,0.32667450893827854,0.4071150924752537
Chst10,0.9797233,-0.21620764,0.32722272317967227,0.4077611390087496
Cyp2c70,0.97929895,1.4369985,0.327432284473426,0.40794890978143683
Hmgcll1,0.9792417,0.5662312,0.3274605465925742,0.40794890978143683
Fbxw22,0.97923696,1.0624732,0.32746290184064586,0.40794890978143683
Casr,0.97772557,0.6327254,0.32821006971410716,0.4088111135040143
Zfp385a,0.977716,1.4103948,0.3282147872146671,0.4088111135040143
Fbln1,0.9761951,-0.6073159,0.32896779150890465,0.4096477994204129
Slc29a4,0.9760997,0.5655533,0.3290150390826774,0.4096477994204129
Zc3hav1l,0.97608066,0.53522116,0.3290244891251801,0.4096477994204129
Hist1h2af,0.9760711,0.7177021,0.32902921421239995,0.4096477994204129
Chil6,0.9760568,0.2811839,0.32903630192569033,0.4096477994204129
Zfp786,0.9739566,2.458694,0.33007808843079633,0.4109074063988293
Lpxn,0.9727813,-0.34836093,0.3306619940409349,0.411596829465664
Cxcl9,0.96732694,2.6652634,0.3333806271978639,0.41494312159195307
Evx2,0.967079,1.8941842,0.3335045431904359,0.4150595766408091
Tgtp1,0.96330523,20.602098,0.33539435558360076,0.4173355607466552
Zfp105,0.96330523,20.21966,0.33539435558360076,0.4173355607466552
Rnase1,0.9589403,-0.5998307,0.33758881875550284,0.42002794072254585
Ctsw,0.95500207,-0.80261475,0.339576648445281,0.422462760870562
Npy2r,0.9533953,1.7246879,0.3403898152589738,0.42343588862607723
Fut1,0.95195544,-0.7993519,0.341119587694087,0.424305108397002
Katnal2,0.9518219,1.0676537,0.34118729942256876,0.42435073393393613
Atp2b4,0.9516932,0.4163385,0.3412526010240814,0.42439335385633986
Wnt6,0.9495858,2.616686,0.34232274990003975,0.4256663969542985
Pak6,0.9495548,1.0075042,0.34233850337867455,0.4256663969542985
Arhgef9,0.9480029,0.39283267,0.3431279819692211,0.4266092511527501
Adgrl1,0.9447369,-0.051727865,0.3447932006169272,0.42864063803967994
Adh6a,0.94271535,2.0601215,0.3458265130161523,0.4298561754066422
Purg,0.94270104,1.3859631,0.34583383121198374,0.4298561754066422
Hoxd3,0.9395209,0.9764984,0.3474633596934631,0.43180615256930754
Dct,0.9395161,0.0734864,0.3474658064257887,0.43180615256930754
Pcdhga5,0.93891776,20.179472,0.34777295833007527,0.43214858747512763
Tuba1a,0.9359355,-0.9288706,0.3493063967922483,0.4340146262160635
Mesp2,0.934467,-0.44164512,0.3500630461915569,0.4349152499926902
Clcn1,0.9320497,2.2537007,0.3513108325036314,0.4364258388887317
Pacsin3,0.93052876,1.668203,0.35209737140514585,0.4373632077359769
Trac,0.9301521,-1.1060257,0.3522923290054958,0.43756563116713487
Nxf7,0.9292391,-0.54359716,0.3527651996039489,0.43811316906584336
Rasl11a,0.9289363,0.8750685,0.3529220886515776,0.4382560330301581
Fat2,0.9288934,0.57356274,0.352944328465165,0.4382560330301581
Spaca6,0.92728186,-0.15624298,0.3537801987712813,0.43925406012323154
Ctxn1,0.92371076,1.7385535,0.3556369212507914,0.44149769730551275
Cpa2,0.92368215,1.6504551,0.35565181963565107,0.44149769730551275
Glipr1,0.9220873,0.691322,0.35648302729957126,0.44248937081979095
Psg17,0.9114312,1.1790124,0.36206821263651157,0.4493812677259299
Fzd2,0.9098602,0.29454276,0.3628962344107717,0.45036809198360134
Arhgap4,0.9083178,0.16410676,0.3637103306593943,0.4513374566031957
Slc4a11,0.9076908,4.2677927,0.36404158014922594,0.45167904542422893
Ppp1r3f,0.90767175,3.0514917,0.36405165913461435,0.45167904542422893
Inpp5d,0.9066443,0.077833965,0.3645949223621189,0.4523120351358047
Tmc1,0.90656567,-0.24114116,0.36463653879101465,0.4523226295325767
Fbxo47,0.9008275,1.788485,0.36768001661408545,0.45602783560448196
Rnft2,0.90080845,1.3926555,0.3676901583455223,0.45602783560448196
D16Ertd472e,0.89972377,-0.3049145,0.3682672560552085,0.45670216074680114
Gng7,0.89605254,-0.16911128,0.37022469010708325,0.45908801570677943
Ces2f,0.8954757,2.0477147,0.3705328734256367,0.4594285106623975
Ier5l,0.89397377,1.7413576,0.37133591571721836,0.46035971027447475
Hipk4,0.89394516,0.84331125,0.37135122223310646,0.46035971027447475
Dock10,0.8930059,0.45642176,0.37185400357432097,0.4609412163595757
C9,0.8908985,0.83795685,0.3729836064144163,0.4622995393562171
Kcnh3,0.8839923,0.13415611,0.3767003553485372,0.4668639984947658
Drc1,0.88328433,2.0284934,0.37708268283741153,0.4672954859811149
Gbp4,0.8801947,0.25594854,0.3787538193782378,0.46932389271451636
Fyn,0.8786738,0.66302764,0.37957816483170026,0.47029217530365897
Tmem44,0.8786261,0.3724117,0.3796040242048839,0.47029217530365897
Eaf2,0.87644005,2.434689,0.3807908397623848,0.4716802685835277
Tbc1d4,0.8764353,2.355549,0.38079343072483696,0.4716802685835277
Cacna2d1,0.87561285,0.5223935,0.38124053375352474,0.47219131410917947
Ccdc160,0.8733314,0.43358037,0.3824824443932826,0.47368659908333094
Guca1b,0.8711168,4.3357773,0.3836903883417302,0.47510619800939813
Tmsb15b1,0.8711025,3.5863662,0.3836981975002408,0.47510619800939813
Slc39a6,0.86848015,-0.30686265,0.38513152028440845,0.4768378035209856
Bex2,0.8680463,0.82210124,0.3853689852031571,0.477044250289113
Frmd6,0.8680272,0.51323336,0.38537942527402314,0.477044250289113
BC024063,0.8679843,0.5826836,0.38540291606538357,0.477044250289113
Slc25a48,0.86652535,-0.21381184,0.38620212349457494,0.47799022887033327
Ripply3,0.86638707,-0.14641406,0.3862779178296283,0.47804077161268477
Zfand4,0.86476606,-0.5940964,0.38716721825927536,0.47909797391146414
Jaml,0.86423206,2.011333,0.3874604374740087,0.4794174341709256
Rinl,0.8634191,-1.0207945,0.3879070712205245,0.47992664425410947
Gbp9,0.8632117,-0.3414519,0.38802107197941504,0.4800242590300797
Rdh12,0.86274207,0.65755016,0.3882792870649604,0.4803002488116991
Wdr35,0.8618338,-0.6568157,0.3887789745409026,0.480874862232891
Esam,0.86159545,-0.34807444,0.3889101909433018,0.4809936566111651
Aifm3,0.8612712,1.1542199,0.3890886885063809,0.481170900282579
Prickle1,0.8595762,0.011561405,0.3900226746914739,0.48228231091472157
Zcwpw2,0.85894454,4.52358,0.3903711332706723,0.4826259151502074
Osmr,0.85894454,4.407812,0.3903711332706723,0.4826259151502074
Trbc2,0.8581149,-0.7259283,0.39082901897020794,0.48314833071936303
Nmnat2,0.8574426,2.4837985,0.3912003034644328,0.4835557100155968
Tmem52,0.85739017,0.8672693,0.3912292779241362,0.4835557100155968
Ell3,0.8562626,-0.34271064,0.39185254391639013,0.4842822899282996
Tex38,0.8558311,0.6757123,0.39209120456526525,0.48437792609800856
Tmem40,0.8558168,0.39911854,0.3920991174775261,0.48437792609800856
Fer1l4,0.855812,0.60389,0.39210175513647194,0.48437792609800856
Ccdc30,0.85580724,0.14556073,0.39210439280618015,0.48437792609800856
Tnfsf12,0.8558025,0.21343021,0.3921070304866512,0.48437792609800856
Arhgdib,0.8525938,-1.0657238,0.3938846295956221,0.4865298807442988
Saxo2,0.8504959,0.55940056,0.3950494373147372,0.48788052517646807
Klc3,0.8504959,0.31426504,0.3950494373147372,0.48788052517646807
Tox2,0.8490393,0.4539592,0.3958594080980561,0.48883668103132716
Mamdc4,0.84672934,4.2910185,0.39714601584640774,0.4902615244620281
Nutf2,0.84671503,3.0056307,0.3971539903069504,0.4902615244620281
Ager,0.84671026,3.1072023,0.39715664848192667,0.4902615244620281
Mdfi,0.84671026,2.9343038,0.39715664848192667,0.4902615244620281
Klk1b5,0.8440975,-0.79055214,0.3986149421200538,0.49201726992433753
Tspan4,0.842176,0.20206347,0.39968942808241015,0.4932990008147075
Sec31b,0.8383641,1.1608491,0.4018262189043791,0.4958914848404823
Gimap4,0.8338037,-0.89228886,0.4043916024644322,0.4990123771612624
F8,0.8330122,1.5188069,0.404837818969221,0.4995179260492734
Pcp4,0.83004665,0.682068,0.4065124033542816,0.5015388953328943
Nyx,0.82989883,-0.2097803,0.4065959713598488,0.5015967440997684
Tspyl4,0.82831115,-0.21640344,0.4074942998651717,0.5026596203009402
Ttc25,0.827689,2.365968,0.40784666998161645,0.5030135294924027
Star,0.8276747,1.6171577,0.4078547725785566,0.5030135294924027
Insl5,0.82523113,-0.6663117,0.4092403737102098,0.5046768969688087
Avil,0.82350516,-0.5799524,0.41022076685295983,0.5058403053845109
Adamts4,0.8223323,3.1472836,0.41088779671088826,0.506617132812316
Nkd1,0.81786484,0.8718011,0.41343436789469956,0.5097110512946282
Mro,0.81613886,-0.92461014,0.4144207058716728,0.5108810198138579
Slc43a3,0.8140005,1.7127004,0.4156446578568489,0.5123042270744934
Rnf227,0.81399095,1.2847139,0.4156501206136384,0.5123042270744934
Spata22,0.8124295,0.83074653,0.41654521886895346,0.513361199354086
Tnf,0.8087392,2.0096085,0.4186651716662436,0.515927387810749
Capn11,0.8047867,20.39995,0.42094279466150053,0.5186406628521506
AI467606,0.8047867,19.42397,0.42094279466150053,0.5186406628521506
Hck,0.804298,-0.8722597,0.4212249110037283,0.5189415007185572
Tmem88,0.8033158,2.5752163,0.42179223146268663,0.5195936190660516
Kif27,0.8018449,1.2826475,0.4226426725333585,0.5205644554721421
Wwtr1,0.80182105,0.8737745,0.422656464285718,0.5205644554721421
Alb,0.8004265,-1.0625376,0.4234637405175755,0.5215117661723564
Enpp3,0.80020714,0.48908928,0.4235907788420752,0.5216212427433929
Spag17,0.7964525,1.1839817,0.42576907619994253,0.5241756977054715
Smad9,0.79644775,1.0883998,0.42577184644153365,0.5241756977054715
Kcnk7,0.79643345,-0.18451232,0.4257801572294243,0.5241756977054715
Map2,0.7949554,1.1641427,0.4266394488825991,0.5251526712121197
Minar1,0.7949363,0.43486285,0.4266505431200476,0.5251526712121197
Arhgef10,0.79259294,20.14018,0.4280150271493357,0.5267373556755909
Renbp,0.79259294,19.558111,0.4280150271493357,0.5267373556755909
Hist1h3d,0.79214716,-0.53915036,0.42827488564073657,0.5270097238492822
Gpr135,0.7911078,1.8196102,0.42888111534387696,0.5277082285700484
Asic5,0.78575826,3.1921873,0.4320091346158299,0.5315092142034614
Ppic,0.78524333,-0.75936335,0.43231092310635755,0.5318326622417632
Cmah,0.7849048,-0.3900193,0.4325093875900451,0.5320289534311294
Ttc21a,0.7843088,1.2478429,0.43285892504808365,0.5323975438946078
Catsperd,0.78426117,0.89080197,0.43288689510523903,0.5323975438946078
Cend1,0.78330994,-0.7703021,0.4334451162779859,0.5330361479407786
Ift57,0.7827926,0.75249416,0.43374888493648855,0.5333617481797034
Zfp454,0.7827211,0.43119574,0.43379089028476336,0.5333654400866875
Lrp11,0.7803992,19.663355,0.4351559409366742,0.5349957288779125
Tspyl3,0.7789379,2.1733627,0.4360163235069501,0.5360053239803616
Mxra7,0.77742404,0.8802602,0.43690861770838096,0.5370539637898526
Ido1,0.7759961,1.0002829,0.4377512882207941,0.5380414224716303
Syna,0.775915,-0.32808012,0.43779914729513125,0.5380518863360222
Cacna1a,0.7743631,-0.5440857,0.4387160882189286,0.5391303474473265
Cnnm1,0.77356213,2.5322576,0.43918977950984495,0.5396639621526759
Rsph9,0.7712783,-0.10658778,0.4405419751249047,0.5412455935132046
Ahnak2,0.7712545,0.05740815,0.44055610247864574,0.5412455935132046
Calhm6,0.77057266,0.7177942,0.44096025472947753,0.5416656283008497
Paqr3,0.77054405,0.45088798,0.4409772168097521,0.5416656283008497
Saa2,0.76820546,20.392717,0.44236513103435493,0.5433216424371119
Chrm3,0.76369745,0.21905619,0.44504754831857896,0.5465671507190452
Rcor2,0.7614089,4.4690866,0.44641286714408057,0.5481946801540322
Acot6,0.7598737,0.8371237,0.44733010318326105,0.5492717213819786
Smoc1,0.75840515,0.3742057,0.44820846125628167,0.5502265577177234
Slc7a11,0.7583813,0.6501732,0.4482227283917285,0.5502265577177234
Btn1a1,0.7583718,0.49594983,0.44822843531813084,0.5502265577177234
Ciart,0.7569176,0.6569077,0.44909922450656536,0.5512460187709614
Gipc3,0.7560117,19.100925,0.4496421681820735,0.5518629195736722
Pde6g,0.7545361,1.9387378,0.45052739123089636,0.5528536620414315
C4b,0.7545313,1.2533177,0.45053025300107585,0.5528536620414315
Pcdhga10,0.75307,-0.33446938,0.4514078705804183,0.5537990958552851
Pdx1,0.75304615,1.0211753,0.4514221953564068,0.5537990958552851
Nap1l3,0.75304615,0.54828984,0.4514221953564068,0.5537990958552851
Msh5,0.7491794,1.7978488,0.45374907515994645,0.5565538257074417
Gpr157,0.7491794,2.0643463,0.45374907515994645,0.5565538257074417
Cald1,0.7477205,1.0827053,0.4546287895815606,0.5575828428276091
Pde4b,0.7467812,-1.0438576,0.4551956497964088,0.5582280074402198
Pygm,0.74632823,0.32098192,0.455469150948951,0.5585133284816092
Agmat,0.74623287,0.67648005,0.4555267419228478,0.558529687790705
Rab40b,0.74617094,-0.65229785,0.45556417825356665,0.558529687790705
Emp3,0.74309087,-0.642819,0.45742665536891625,0.560762842865973
Eomes,0.74234235,1.1891613,0.4578799456576942,0.5612682195113812
Tmem211,0.74159855,-0.6145959,0.4583305982998376,0.5617702726315568
Slc1a2,0.7415032,-0.7163958,0.45838839226403405,0.5617907567853259
Fam184b,0.7408667,0.49095893,0.4587742716430947,0.5620834426841604
AW551984,0.7408429,0.8882344,0.45878872759082867,0.5620834426841604
Zmynd12,0.7408429,0.606093,0.45878872759082867,0.5620834426841604
Plekha4,0.7408381,0.029609136,0.4587916188110127,0.5620834426841604
Kbtbd6,0.73937196,0.42548501,0.4596811532654609,0.5630644644974933
Pcdhgb2,0.7393481,0.42679605,0.4596956252139439,0.5630644644974933
Ddah2,0.73931473,-0.20443827,0.4597158863703482,0.5630644644974933
Il2rg,0.7379154,0.50176185,0.460565857517803,0.5640549974526201
Ccna1,0.7370167,4.276839,0.4611122135507595,0.5646735488767471
Spns2,0.7350261,-1.0188339,0.4623236010255477,0.5661063076669381
Stx1b,0.73402244,0.95095223,0.46293504516275874,0.5667641856218887
Atp8b2,0.7340082,0.31487814,0.4629437625884092,0.5667641856218887
Fyb,0.7330212,-1.1031367,0.4635454859430994,0.5674500510493138
Boll,0.7325158,-0.12855092,0.4638537834215871,0.5677542949893586
Gng2,0.73247766,-0.10424877,0.46387705578911176,0.5677542949893586
Acot12,0.73162425,19.894938,0.4643979450176471,0.5683409609912586
Flrt2,0.7309472,-0.35081726,0.46481139583413256,0.568796048146019
Plin4,0.7302249,2.8968875,0.4652527327432904,0.5691858704916968
Dbil5,0.73022014,3.2914362,0.46525564663187313,0.5691858704916968
Vsig8,0.7301629,1.4355122,0.465290614086161,0.5691858704916968
Anxa9,0.7301534,1.740435,0.4652964421372343,0.5691858704916968
Mkrn3,0.7286587,0.39235088,0.46621049067578346,0.5702529928435902
Aqp12,0.72813183,-0.53969514,0.4665329047401269,0.5705963216457594
Hist1h3g,0.72723067,0.5458898,0.46708465081121964,0.5712200500664845
Rbm12b1,0.7247967,2.071038,0.46857675632907647,0.5729423410944314
Mcoln3,0.7247967,2.8142474,0.46857675632907647,0.5729423410944314
Tet1,0.72398376,-0.519352,0.46907568622210993,0.5735011183806306
Zfp30,0.72334254,1.2856292,0.46946947746726475,0.573931262682357
Trabd2b,0.7228419,-0.910708,0.4697770251373018,0.5742559058507735
Akap17b,0.72181684,0.30594203,0.47040711288027603,0.5749747290523574
Il2rb,0.72101104,-1.1882222,0.47090271855397725,0.575529062134743
Gimap3,0.71883214,0.088638216,0.47224434868228815,0.5771074100452925
Prr36,0.71874154,-0.36875802,0.47230017317072726,0.5771074100452925
Pard6g,0.71870816,0.11874498,0.4723207410037963,0.5771074100452925
Cfap299,0.7179644,1.019446,0.4727792378469452,0.5776160169353145
Pclo,0.71654594,1.6306881,0.4736542936054676,0.5786104884615041
Tnfrsf8,0.71650785,0.69642013,0.47367783680632825,0.5786104884615041
Trbc1,0.71628135,-0.63962424,0.47381763781283537,0.578729563870179
Gja4,0.7149845,0.45511243,0.47461861920151527,0.5796561237457105
Myrip,0.71348023,0.032393515,0.47554862945873366,0.580688231792855
Pnliprp1,0.71348023,0.14830524,0.47554862945873366,0.580688231792855
Lmo1,0.70723677,20.101837,0.4794193508544585,0.5853624663334571
Fbn1,0.7058088,2.1778274,0.48030704572850824,0.5863939693185742
Nos2,0.70446664,1.7628156,0.4811422060622851,0.58735945264902
Neurod1,0.7043999,1.5604146,0.48118376219575654,0.58735945264902
Trib2,0.7028098,0.5375941,0.4821742661190397,0.5884634617740176
Trim9,0.70123404,-0.15747288,0.48315695259182023,0.5896101487322097
Sphk1,0.6960371,0.59739524,0.4864055787774685,0.5935215748890765
Mtcl1,0.695043,19.848028,0.4870283330044628,0.5941754352605967
Gja6,0.695043,19.750227,0.4870283330044628,0.5941754352605967
Syngap1,0.6944828,-0.052086703,0.4873794752820151,0.5945507871972843
Zc2hc1c,0.69210607,0.57614255,0.48887073398161507,0.5962672341787472
Cnga3,0.6921013,0.35717955,0.48887372794238493,0.5962672341787472
Sertad4,0.6905875,-0.0031755255,0.4898248098265734,0.5973739654310525
Pcdhgb5,0.68822265,2.9702685,0.49131258491446406,0.5991349740240143
Cxcr5,0.6867637,0.5255698,0.4922316551552154,0.6002022188361632
Zfp112,0.68604136,-0.47365257,0.49268702608801174,0.6007039124245328
Rab2b,0.6852809,-0.4613738,0.49316668691446575,0.6012351291392815
Vps37d,0.68226284,0.013622231,0.495072757576385,0.6035050775411896
Kifc5b,0.6814309,2.8217583,0.495598897967395,0.6040106619977442
Smtnl2,0.68140703,1.4346597,0.4956139780214346,0.6040106619977442
Rgs14,0.6813975,1.9276459,0.4956200101116408,0.6040106619977442
Smim38,0.6800172,0.9178488,0.4964935684656594,0.6049650328209274
Tspear,0.6800172,0.99144846,0.4964935684656594,0.6049650328209274
Stx1a,0.6799505,0.6890105,0.4965358338853447,0.6049650328209274
Defa21,0.6794117,0.09836665,0.49687704642182073,0.6053268249281424
Tlr6,0.67843664,0.17378826,0.4974948680937701,0.6060255051828172
Selenon,0.67533755,-0.39510763,0.49946131773605174,0.6083667515846182
Hist1h4j,0.6693182,3.32145,0.5032925312271542,0.6129787463957369
Tchh,0.6678473,0.5011352,0.5042310672841965,0.6140671337707176
Izumo1,0.66773766,0.07790855,0.5043010761399636,0.61409770402618
Ncmap,0.66696763,-0.7965274,0.5047928044155792,0.6146417594500084
Lst1,0.66626674,0.7460593,0.5052406033172496,0.6151322338286492
Pdlim1,0.66537994,0.07927888,0.5058075057466892,0.6157676169399069
Tyrobp,0.663859,-0.47998053,0.5067805528057446,0.6168572315648448
Adam21,0.66383994,1.6166438,0.5067927602655233,0.6168572315648448
Hist2h4,0.66104597,1.0088536,0.5085828216490245,0.6189809617346396
Eva1b,0.6609125,0.34844735,0.508668436491085,0.6190300675461055
Tmem154,0.659444,0.092420116,0.5096106981450368,0.6201215783176168
Prox2,0.6584618,19.329882,0.5102414216631455,0.6208338323021189
Iqcd,0.657072,1.7728451,0.5111346231906226,0.6218653000117228
Fstl4,0.65636873,-0.5981155,0.5115868972244242,0.6223601832171516
Pik3ip1,0.65560114,1.4010698,0.5120808041845152,0.6229056215284865
Sec14l4,0.6541159,0.48932168,0.5130371124953765,0.6239915104890695
Lipk,0.65407306,0.3460054,0.5130647564123655,0.6239915104890695
Pkdrej,0.65023255,1.2568027,0.5155420257181267,0.6269486173139512
Sh2d6,0.6486663,-0.9353616,0.5165540880358213,0.6281235242655038
Fn3k,0.6472288,-0.20338467,0.5174838725680821,0.6291981823925067
Apol10b,0.64626807,19.812103,0.518105753413858,0.629898308849085
Syngr1,0.645746,-0.40969893,0.5184438605834752,0.6302386091074732
Arhgef33,0.64569354,-0.28444156,0.5184778319896947,0.6302386091074732
Klf15,0.64484966,1.1812655,0.5190246209504028,0.6307500860172682
Krt27,0.64483535,1.9391859,0.5190338911256711,0.6307500860172682
Cyp2c23,0.6448306,0.6261702,0.5190369812030946,0.6307500860172682
Ackr3,0.64339787,0.7669237,0.5199659796497632,0.6316657777346649
Fam71e1,0.6433931,0.7807148,0.5199690725896626,0.6316657777346649
Spta1,0.64338833,0.53227305,0.5199721655390499,0.6316657777346649
Slc16a2,0.64338356,1.0249704,0.5199752584979249,0.6316657777346649
Iqck,0.64189833,-0.30480948,0.5209391767691999,0.6327805331603135
Adam22,0.6394572,2.5754266,0.5225255272818956,0.634651086737714
Kcnh2,0.6388374,-0.9726914,0.5229287063151218,0.6350843746766688
Map3k12,0.6380269,1.0230964,0.5234561813520713,0.6356685267728953
Zfp879,0.6365346,0.06586442,0.5244280694807448,0.6366263943440588
Asxl3,0.6365346,0.11621198,0.5244280694807448,0.6366263943440588
Noxred1,0.6365346,-0.59390706,0.5244280694807448,0.6366263943440588
P3h1,0.6365298,-0.13692842,0.5244311760355262,0.6366263943440588
Cbx8,0.6326607,1.9548979,0.5269552496358407,0.6395352668035941
Ebf3,0.6326464,1.038696,0.5269645922674235,0.6395352668035941
Scarf1,0.6326416,1.0454577,0.5269677064967384,0.6395352668035941
Grk4,0.6272802,3.3456852,0.5304755916227011,0.6437353549951582
Zfp940,0.62587845,1.4673218,0.5313946777396102,0.6446673869085408
Efhb,0.62584984,0.8919052,0.5314134430023676,0.6446673869085408
Pf4,0.62583554,0.49496672,0.5314228257597357,0.6446673869085408
Gimap5,0.62582123,0.3061415,0.5314322086010954,0.6446673869085408
Gjb4,0.6243575,0.31247982,0.5323928299001017,0.6457754079194511
Srgn,0.62425977,-1.0087893,0.5324570069184773,0.6457959706971332
Ccdc69,0.6228985,0.09127923,0.5333511961553996,0.6467388188443861
Glis2,0.6228985,-0.1476953,0.5333511961553996,0.6467388188443861
Wfikkn2,0.6228604,0.056851864,0.533376263175648,0.6467388188443861
Krt15,0.6218806,19.57229,0.5340203763265354,0.6474050218320365
Itga2b,0.6218806,19.998665,0.5340203763265354,0.6474050218320365
Ddit4l,0.62045264,0.87082577,0.5349598232289711,0.6484864446995993
Insm1,0.6201046,0.35869983,0.5351889298709158,0.6487066669016818
Prkcg,0.6190247,0.92679447,0.5359001028365189,0.6492462454221277
Cep112,0.6190247,0.7977114,0.5359001028365189,0.6492462454221277
Fndc8,0.6190199,0.28528228,0.5359032437278544,0.6492462454221277
Chst8,0.61900085,0.27491888,0.5359158073858964,0.6492462454221277
Dmwd,0.61900085,0.067476176,0.5359158073858964,0.6492462454221277
Prune2,0.6189961,-0.11490487,0.5359189483235816,0.6492462454221277
Ms4a4b,0.6160686,-0.2746671,0.5378492325391426,0.6514997785528744
P2ry4,0.61603045,-0.9745731,0.5378744058399966,0.6514997785528744
Sstr3,0.6150888,3.0988593,0.5384960592024483,0.6520909216648523
Dcaf12l1,0.6150793,3.091835,0.5385023562690319,0.6520909216648523
Rab26,0.6150745,2.9020836,0.5385055048161738,0.6520909216648523
Cd164l2,0.6137014,1.8878493,0.5394126704712614,0.6531315980781388
Dcst2,0.61226624,0.67956334,0.5403616019071507,0.6542226565808132
U2af1l4,0.6106976,0.17063019,0.5413997601642224,0.6554215403900268
Srcin1,0.60968685,19.40523,0.5420692526042774,0.6561739425832959
Rnf225,0.608278,2.3681731,0.5430031250974625,0.65724621487943
Rora,0.60684526,0.45637217,0.5439536202566886,0.6583384155244019
Hgf,0.60537434,0.25370315,0.5449302798420914,0.6594620864460708
Cdh26,0.604509,-1.2194166,0.5455052851873878,0.6600995287972329
Mtfmt,0.60288316,1.0013156,0.546586411704586,0.6612322346125454
Ackr2,0.60288316,2.822302,0.546586411704586,0.6612322346125454
Plod2,0.60288316,2.418351,0.546586411704586,0.6612322346125454
Map9,0.60231817,-0.90590125,0.5469623594232405,0.6616285064230706
Wdr63,0.60146713,0.79671025,0.5475289019359937,0.6622120272554902
Nudt10,0.60144806,-0.39589724,0.5475416008905175,0.6622120272554902
Ltc4s,0.5985778,0.45140472,0.5494544524833347,0.6644667171656882
Gpr83,0.5970473,-0.34665015,0.5504757733584245,0.6656429569967685
Nrtn,0.596089,1.4078729,0.551115767494363,0.666306712881381
Trim38,0.59607947,1.5071453,0.5511221374333675,0.666306712881381
Gpr55,0.5955979,-0.25769415,0.5514438664276897,0.666636746233969
Cxcl10,0.5947755,1.7713845,0.5519935674537291,0.6672422907212715
Itm2a,0.5931949,-0.13186309,0.5530507043136408,0.668350622167012
Mreg,0.5931949,-0.05774486,0.5530507043136408,0.668350622167012
Fam227a,0.5931854,0.082620114,0.5530570852242712,0.668350622167012
Cd37,0.5923653,-1.2795354,0.5536059785233086,0.6689548251573956
Zfp456,0.5907347,4.1993895,0.5546981747890776,0.670215368460915
Olfr164,0.5892615,0.9132595,0.555685888869649,0.6713494593420312
Kcnk10,0.58787405,0.6490838,0.5566168505731425,0.6724095200818461
Car5b,0.5878073,0.19967069,0.5566616582703166,0.6724095200818461
Cd53,0.5858906,-0.9210905,0.5579490288036566,0.6739050493631871
Igha,0.5857786,-1.5082752,0.5580243303193382,0.6739364759442682
Arl4d,0.5852994,19.104324,0.5583464202183216,0.6742659216253575
Fhl3,0.5848035,-1.1994815,0.5586798222969984,0.6746089686456029
Tnfrsf11b,0.583962,1.4477379,0.5592458653628749,0.6752274529981636
Tnfrsf4,0.58389527,1.2236662,0.5592907758764314,0.6752274529981636
Ppp1r1a,0.5825007,0.95223355,0.5602294849435967,0.6761971602442307
Zfp941,0.5824816,0.8800866,0.5602423272809605,0.6761971602442307
Nuak1,0.5824816,0.86396736,0.5602423272809605,0.6761971602442307
Slpi,0.5810298,0.05555802,0.5612203687815842,0.6772409700307844
Carns1,0.58102024,-0.26909146,0.5612267954293513,0.6772409700307844
Ptpn14,0.5809774,0.10529547,0.5612557157849272,0.6772409700307844
Eef1akmt3,0.57850045,1.5505978,0.562926283777399,0.6791968352440384
Mpp2,0.577945,-1.1594578,0.5633012445524578,0.6795892826867984
Prox1,0.5770987,1.3442582,0.5638727681423786,0.6800543499613354
Shh,0.5770987,1.4791183,0.5638727681423786,0.6800543499613354
Wbp2nl,0.57709396,1.2718452,0.5638759887847455,0.6800543499613354
Dnajb3,0.57707965,0.36128289,0.5638856507650152,0.6800543499613354
Rtl8b,0.57518446,-0.18833622,0.5651665680030777,0.6814945050443766
Alox5ap,0.5751654,-0.2612758,0.5651794648415558,0.6814945050443766
Tbc1d10c,0.5727743,-0.02016542,0.5667975256651069,0.6833853080118442
Taar9,0.5702831,0.19674781,0.568485700435898,0.68531937842089
Dixdc1,0.5702593,0.48736686,0.56850186682315,0.68531937842089
Klhdc7b,0.5688361,0.36467263,0.5694673981324325,0.6864228003050696
AI182371,0.567451,0.2666909,0.5704078033899727,0.687495743994172
Fxyd5,0.5666667,-1.1070985,0.5709406500044782,0.6880773234168714
Dipk1c,0.5663091,2.6446824,0.5711836678211859,0.6883095397827562
Mndal,0.56498843,0.9886689,0.5720816400275763,0.6892268682473425
Slc2a4,0.56489784,0.6301574,0.5721432583664118,0.6892268682473425
Cavin4,0.56489307,0.34082356,0.572146501524229,0.6892268682473425
Pcdhga12,0.56489307,0.48758405,0.572146501524229,0.6892268682473425
Syt3,0.5634866,0.20982333,0.5731036142294681,0.6903190279739255
Rassf5,0.56201327,0.16484162,0.5741069629461699,0.691466682956568
Stac3,0.5609119,19.082617,0.5748575821492964,0.6921269093054788
Zfp811,0.5609119,19.407429,0.5748575821492964,0.6921269093054788
Pcp2,0.5609119,19.061745,0.5748575821492964,0.6921269093054788
Zfp473,0.5609119,19.583588,0.5748575821492964,0.6921269093054788
Samd5,0.56049234,-0.62774134,0.5751436543673796,0.6924103770995612
Gpr137c,0.55957454,1.3729073,0.5757696718646346,0.6930968257385273
Emilin1,0.5595078,0.7365325,0.5758152129590792,0.6930968257385273
Mindy4,0.5580846,0.3982347,0.5767866186656563,0.6942049824197192
Ptpdc1,0.5552191,-0.15324828,0.5787447873574675,0.69643284251938
Def6,0.55521435,-0.0666314,0.578748048142936,0.69643284251938
Robo1,0.55515236,-0.39973745,0.5787904391395067,0.69643284251938
Fam71f1,0.55411774,1.7897359,0.5794982580021566,0.6971618437740381
Lin7a,0.55411774,2.7786002,0.5794982580021566,0.6971618437740381
Tspo2,0.5527637,1.5489398,0.5804252331822992,0.6981895448551388
Syt17,0.5527208,0.5404924,0.580454620508817,0.6981895448551388
Msl3l2,0.5512571,-0.231123,0.5814574720133562,0.6993342946158879
Dok2,0.5487182,19.37241,0.5831988646578885,0.701367027895227
Nupr1l,0.5473188,1.1759523,0.5841597127896554,0.7024607872316688
Vipr2,0.54684204,-0.97078925,0.5844872568569803,0.7027928635820986
Zfp69,0.54589087,-0.048738852,0.5851409623834095,0.7035170266039322
Fam217a,0.5419693,4.2646775,0.5878396449256847,0.7066108286397987
Gnmt,0.5419407,3.292839,0.5878593524946998,0.7066108286397987
Plp1,0.5419264,1.0940635,0.5878692063937836,0.7066108286397987
Slc5a4b,0.5405342,0.8614104,0.5888286845505564,0.7075893774971377
Cxxc4,0.5405342,1.1664052,0.5888286845505564,0.7075893774971377
Yjefn3,0.5405199,0.55827534,0.5888385459537424,0.7075893774971377
Dyrk3,0.5391134,0.30076197,0.5898086227315755,0.7085841043923025
Rtl6,0.5390991,-0.13690075,0.5898184917011563,0.7085841043923025
Ramp3,0.5390943,0.17195207,0.5898217813745944,0.7085841043923025
Tcrg-C4,0.53863186,-0.66627926,0.5901409198790115,0.7089052248195259
Slc5a7,0.5365245,19.304539,0.591596144500331,0.710528480242581
Myl9,0.5365245,20.146358,0.591596144500331,0.710528480242581
Prdm5,0.53515846,1.9801036,0.5925402863053496,0.7113113506471039
Slc9a4,0.53514415,1.4233115,0.5925501762618733,0.7113113506471039
Ccdc162,0.53514415,0.9814675,0.5925501762618733,0.7113113506471039
Hes5,0.53514415,1.567905,0.5925501762618733,0.7113113506471039
Apol11a,0.5351394,1.4772079,0.5925534729308706,0.7113113506471039
Treh,0.53512985,0.09042578,0.5925600662940993,0.7113113506471039
Klhdc9,0.5337496,0.3847969,0.5935148103129004,0.712180492692876
Wnt11,0.5337162,0.16978794,0.5935379043783864,0.712180492692876
Neurl1a,0.53371143,-0.0445001,0.5935412035641805,0.712180492692876
Prr16,0.53370667,-0.31061792,0.5935445027583698,0.712180492692876
Rab37,0.53370667,0.42054114,0.5935445027583698,0.712180492692876
Agr3,0.533125,-1.1431178,0.593947067422588,0.7126009955258721
Gypa,0.53227633,-0.012510402,0.594534639817956,0.7132433721826957
P2rx2,0.5307887,-0.91909987,0.5955651823093169,0.7144170059719218
Jdp2,0.529735,1.2614412,0.5962956425138366,0.7151677698102715
Krtap12-1,0.529735,1.4361552,0.5962956425138366,0.7151677698102715
Adgrf5,0.5284239,2.1230316,0.5972051556355982,0.7160239670296523
Stk36,0.52834284,1.2320323,0.5972614007833438,0.7160239670296523
Fam131c,0.52834284,0.8772088,0.5972614007833438,0.7160239670296523
Zbtb32,0.52832854,0.5325507,0.5972713266476961,0.7160239670296523
Ptprcap,0.52832854,-0.015627585,0.5972713266476961,0.7160239670296523
H60c,0.52778023,-0.91641754,0.5976518746496556,0.7164173725310344
Plin5,0.5269411,-0.2560014,0.5982344917874051,0.7169980046299929
Slc9a7,0.5269316,0.38581824,0.5982411139179684,0.7169980046299929
Pcdhga11,0.525444,-0.30770597,0.5992745734831288,0.7181226547540627
Hepacam,0.52542967,-0.7702592,0.5992845145194415,0.7181226547540627
Dclk1,0.52522945,-1.2585164,0.599423696871908,0.7182265008957629
Tssk1,0.5240518,-0.11700526,0.6002425177311761,0.7191445969838648
Tesc,0.5231626,-1.4187427,0.6008611121845029,0.7198226639617238
Alox15,0.5229409,1.5703151,0.6010153910337483,0.7199444176932821
Ikzf3,0.52266437,-0.033257138,0.6012078499372929,0.7201118812203277
Calr3,0.52152723,0.41131037,0.6019995464990585,0.7209338644692728
Nfe2,0.52152723,0.59470546,0.6019995464990585,0.7209338644692728
Fam183b,0.52022797,0.8489765,0.6029046802705939,0.7219545974343582
Olfr658,0.5175675,3.462888,0.6047600369319683,0.7240614610630406
Klhl33,0.5175532,2.4509976,0.6047700188857075,0.7240614610630406
Acot5,0.51716703,-0.5946268,0.6050395595640499,0.7243207543586083
Adora2a,0.51615626,0.70606226,0.6057452788441363,0.7251021260673638
Map4k1,0.51476884,0.1606343,0.6067145780269232,0.7261988494107812
Gng13,0.512578,-1.0397379,0.6082465476681922,0.7279688026748231
Trim69,0.512137,19.567972,0.6085551502994045,0.7282744097614734
Fn1,0.51076144,2.09072,0.6095181044533389,0.7291795467976314
Mmp23,0.51076144,1.6490643,0.6095181044533389,0.7291795467976314
Mterf1a,0.5107567,0.4843862,0.6095214434271277,0.7291795467976314
Gls2,0.5107519,0.9878843,0.6095247824090475,0.7291795467976314
Fam229b,0.50935256,0.40810886,0.610505124771975,0.730288451824419
Msn,0.507927,-1.16432,0.6115045568830846,0.7313140631516467
Zfp184,0.50791985,-0.49381238,0.6115095725828318,0.7313140631516467
Klhl13,0.5079008,-0.33827272,0.6115229478712307,0.7313140631516467
Ighd,0.5073358,-1.3025306,0.6119192495463242,0.7317240064310933
Cxcl12,0.506735,0.8608579,0.612340758228945,0.7321640175553749
Adora1,0.5064966,-0.19306104,0.6125080591532812,0.7323000270083162
Cfap52,0.50537616,3.5959976,0.6132946439853266,0.7328119864956658
Neurl2,0.5053714,3.6444304,0.6132979921073061,0.7328119864956658
Mfsd13b,0.5053666,3.0530386,0.613301340237353,0.7328119864956658
Mzf1,0.5053571,2.6180158,0.6133080365216486,0.7328119864956658
Sorbs3,0.5053571,2.8932848,0.6133080365216486,0.7328119864956658
Aldh1a3,0.5053571,2.238566,0.6133080365216486,0.7328119864956658
Gpr146,0.5053523,1.4040136,0.6133113846758973,0.7328119864956658
C1qtnf1,0.504959,-1.2725251,0.6135876351824869,0.7330780107566406
Fbxo24,0.50398874,0.9951855,0.6142692876548403,0.7337922112565199
Fbxw10,0.50395536,-0.26760492,0.6142927410943064,0.7337922112565199
Asb16,0.50253934,-0.2910947,0.6152882002117409,0.7349171227090189
Chrna10,0.49994323,18.860592,0.6171150480108707,0.7369060671977521
Mrgpre,0.49994323,19.227032,0.6171150480108707,0.7369060671977521
Armcx6,0.49994323,18.77818,0.6171150480108707,0.7369060671977521
Zfp580,0.49858677,2.086334,0.6180705160792889,0.7379341780644573
Prss41,0.4985677,1.3865954,0.6180839543364017,0.7379341780644573
Trpm5,0.4981529,-0.654773,0.6183762680349789,0.7382187224249966
Rimbp3,0.49716836,0.34813404,0.61907033486477,0.7389303266651632
Pld6,0.49715406,-0.27646542,0.6190804206656508,0.7389303266651632
Pik3cd,0.49669874,-0.5103685,0.6194015227997909,0.7392490682743184
Sfmbt2,0.493161,1.8087277,0.6218988391931173,0.7421648159495488
Gzmm,0.4917783,0.5739487,0.6228760658387542,0.7430796819776488
Zkscan4,0.49177355,0.76836294,0.6228794367366242,0.7430796819776488
Spag8,0.49177355,-0.09049664,0.6228794367366242,0.7430796819776488
Cyp4f39,0.49176878,-0.46891508,0.6228828076423977,0.7430796819776488
Btbd11,0.49141833,-0.6553094,0.6231305908521972,0.7433104352672538
Olfr267,0.4877495,19.336142,0.6257272871004614,0.7461389217824826
Csf1,0.4877495,19.14254,0.6257272871004614,0.7461389217824826
Thbs3,0.4877495,19.020435,0.6257272871004614,0.7461389217824826
Tnfaip8l3,0.4877495,19.539738,0.6257272871004614,0.7461389217824826
Tcrg-C2,0.48768276,0.50333744,0.6257745735958533,0.7461389217824826
Avpr2,0.48639303,0.8730644,0.6266885182462074,0.7469842553877235
Dnd1,0.486374,0.87212425,0.6267020374452177,0.7469842553877235
Nr0b2,0.486374,0.3391422,0.6267020374452177,0.7469842553877235
Neu4,0.486374,0.88008195,0.6267020374452177,0.7469842553877235
Adcy5,0.48503184,0.77634853,0.6276537658055305,0.747963379565202
Plxnd1,0.48502707,0.7729381,0.6276571478288347,0.747963379565202
Sp5,0.48498416,-0.075001456,0.6276875863905125,0.747963379565202
Myrfl,0.48356095,-0.31541014,0.6286974906761787,0.7491015234814624
Serpine2,0.48215204,-0.12013157,0.6296979299876038,0.7502281924185817
Oprd1,0.4809744,3.132417,0.6305346902819717,0.7510942412548749
Ythdf2,0.4809744,2.620304,0.6305346902819717,0.7510942412548749
Chga,0.48051193,-1.3200012,0.630863426250193,0.7514203774907576
Lrrc3,0.4796108,1.0057076,0.6315041628528493,0.7520687023130552
Ticam2,0.47959173,0.92934346,0.6315177264102971,0.7520687023130552
Rimbp2,0.47684547,0.53010327,0.6334721719667475,0.7542800456231021
Ipcef1,0.47679302,-0.0038321235,0.6335095214062334,0.7542800456231021
Olfm1,0.4767501,-0.43911156,0.6335400807332323,0.7542800456231021
Sox5,0.47555575,19.420004,0.6343908993727086,0.7552272611579866
Lrp2bp,0.4741898,0.30258137,0.6353645838704692,0.756258784464852
Hist1h4a,0.47418502,0.11123975,0.6353679835259001,0.756258784464852
Lyl1,0.4727952,0.29793528,0.636359310508162,0.7573068985466116
Smarcd3,0.4727952,0.28395382,0.636359310508162,0.7573068985466116
Car7,0.46878305,1.9614264,0.6392247161913406,0.7602578363948596
Smpd5,0.46877828,0.83430845,0.6392281245241752,0.7602578363948596
Hamp2,0.46877828,1.1106149,0.6392281245241752,0.7602578363948596
Itprip,0.46877828,1.4545636,0.6392281245241752,0.7602578363948596
Lrrc24,0.46877828,1.8734186,0.6392281245241752,0.7602578363948596
Itga10,0.46877828,1.6150825,0.6392281245241752,0.7602578363948596
Pcdhga8,0.46877828,1.8818852,0.6392281245241752,0.7602578363948596
Rhbdl3,0.46741468,1.0248543,0.6402032201223028,0.7612311061586483
Cd59a,0.46740514,0.6994241,0.6402100411632398,0.7612311061586483
Adgrg6,0.46740037,0.34373727,0.6402134516951089,0.7612311061586483
Sst,0.46724066,-0.12826627,0.6403277089043898,0.7613007667594793
Rsph3a,0.466032,-0.17761418,0.6411925882094118,0.7622627700394424
Zfp647,0.4646255,-0.51329494,0.6421996686698084,0.7633936429989246
Atp12a,0.46422023,-0.7625672,0.6424899666390649,0.7636723419199662
Psd,0.463362,19.190392,0.6431048955354168,0.764203983876158
Igfn1,0.463362,18.968533,0.6431048955354168,0.764203983876158
Krt87,0.463362,18.509644,0.6431048955354168,0.764203983876158
Cd96,0.46310455,-0.522586,0.6432894219140963,0.7643568376640253
Camk2a,0.46199605,0.49557817,0.6440841616772063,0.7652346577702689
Rims1,0.46060622,-0.314301,0.6450811524368052,0.7663525983470864
Xcl1,0.45919254,-0.17681168,0.6460958991893258,0.767491436884471
Sh2d7,0.45825806,-0.6087348,0.6467670548561003,0.7682219643148764
Pygl,0.45778367,-0.18006869,0.6471078791264868,0.768560035353023
Sh2d4b,0.4566203,4.1101384,0.6479439825176788,0.7694862319521718
Stx2,0.4552281,0.9450452,0.6489451491424505,0.770608276703978
Lrrc8c,0.45380253,-0.2172032,0.6499709740426571,0.7717594052299501
Cd48,0.45110393,-0.22266965,0.6519146529572308,0.7740000763318399
Egfl7,0.44982615,2.1247637,0.6528358081056809,0.7747065031786882
Efr3b,0.44982615,1.7090315,0.6528358081056809,0.7747065031786882
Frem2,0.4498166,1.4432477,0.6528426843902395,0.7747065031786882
Hoxa1,0.4498166,0.87295884,0.6528426843902395,0.7747065031786882
Cfap69,0.44981185,0.5206229,0.6528461225435793,0.7747065031786882
B3galt2,0.44980708,0.11056451,0.6528495607042927,0.7747065031786882
Nkg7,0.44870093,-1.2456129,0.6536474131511417,0.7755859761251075
Gngt1,0.44843632,0.06674596,0.6538383374555037,0.775745207765401
Nhs,0.44702265,-0.8010624,0.6548587040315614,0.7768884165551837
Rnf223,0.4444051,2.9322047,0.6567497184701862,0.7787346450589848
Cpvl,0.44440034,2.9080226,0.6567531649522926,0.7787346450589848
Slc39a2,0.44439557,1.430869,0.6567566114417018,0.7787346450589848
Slc2a10,0.44439557,1.69248,0.6567566114417018,0.7787346450589848
Prr18,0.44439557,2.0630274,0.6567566114417018,0.7787346450589848
Impg2,0.44439557,1.2345135,0.6567566114417018,0.7787346450589848
Ms4a1,0.44309872,1.7861462,0.6576943274751887,0.7797685434683599
Gask1b,0.44303197,0.5357397,0.6577426068670955,0.7797685434683599
Mdga1,0.44162548,0.04061481,0.6587602543627761,0.7808436913519221
Sypl2,0.4416207,-0.5054009,0.6587637050915631,0.7808436913519221
Abca14,0.43897456,19.370817,0.6606799788037063,0.7829793491758977
Pcdhb22,0.43897456,18.508678,0.6606799788037063,0.7829793491758977
Abcg1,0.43764195,1.6281952,0.6616458650778685,0.7838048824560784
Syt6,0.43762764,1.3343695,0.6616562354313579,0.7838048824560784
Kcng3,0.43762287,0.9081741,0.6616596922302799,0.7838048824560784
Ulk4,0.4376181,0.9344804,0.6616631490364145,0.7838048824560784
Ifi204,0.4376181,0.78065324,0.6616631490364145,0.7838048824560784
Gfra3,0.43597558,-0.34889254,0.6628544475556717,0.7851480788500486
Ascl3,0.43481937,-0.84662205,0.6636935368298755,0.7860738884590809
Dnaaf3,0.43221375,3.038127,0.6655860608809746,0.7879823520880628
Adgrf2,0.43221375,3.502367,0.6655860608809746,0.7879823520880628
Slco1c1,0.43220899,2.1079512,0.6655895258288446,0.7879823520880628
Abca13,0.43220422,1.2133616,0.6655929907838547,0.7879823520880628
Extl1,0.43220422,1.6887165,0.6655929907838547,0.7879823520880628
Adamts9,0.43091214,1.5317088,0.6665322565369527,0.7886138226842296
Dazl,0.4309026,1.0583888,0.666539190333621,0.7886138226842296
Apoc3,0.43085492,0.82445276,0.6665738597443117,0.7886138226842296
Serping1,0.4308406,0.15734138,0.6665842607064012,0.7886138226842296
Rgs7,0.4308406,0.21299976,0.6665842607064012,0.7886138226842296
Sox12,0.43083584,-0.67272174,0.6665877277080081,0.7886138226842296
Prob1,0.43083584,-0.50829744,0.6665877277080081,0.7886138226842296
Susd1,0.43083584,-0.29398924,0.6665877277080081,0.7886138226842296
Otulinl,0.43059745,-0.61716187,0.6667610868672649,0.7887506801825128
Rtl10,0.4281039,0.060264938,0.668575488795291,0.7908286315436039
Taar8c,0.42678082,18.688604,0.6695389847768072,0.7918313255057371
Zfp738,0.42678082,18.922644,0.6695389847768072,0.7918313255057371
Ret,0.4254339,1.8490952,0.6705204000380628,0.792721880491269
Alppl2,0.42542914,0.80479175,0.6705238750744065,0.792721880491269
Siglece,0.42542914,0.19388375,0.6705238750744065,0.792721880491269
Folr1,0.42542914,0.87006736,0.6705238750744065,0.792721880491269
S100a4,0.42407268,0.04612099,0.6715128089296613,0.7937537956705953
Pdzk1,0.42407268,0.41961777,0.6715128089296613,0.7937537956705953
Ttc9,0.4200224,2.18846,0.6744690866795904,0.7970497770781306
Slfn8,0.42001763,2.238732,0.6744725696744476,0.7970497770781306
Dach2,0.42001286,1.9213344,0.6744760526762799,0.7970497770781306
Adora3,0.4186588,0.6250932,0.6754655072217486,0.7980203996326586
Rpp25,0.4186588,0.48002693,0.6754655072217486,0.7980203996326586
Apbb1,0.41864926,-0.11606306,0.6754724772027805,0.7980203996326586
Grin2b,0.41727614,-0.032823585,0.6764764447033456,0.7991374724704777
Phf11a,0.41458708,19.370884,0.6784442130825012,0.8011851998189295
Cnmd,0.41458708,19.010029,0.6784442130825012,0.8011851998189295
Trpc1,0.41458708,18.940546,0.6784442130825012,0.8011851998189295
Dnah11,0.41458708,18.931906,0.6784442130825012,0.8011851998189295
Zcwpw1,0.41441065,-1.1090324,0.6785733811208495,0.8012685421662737
Defb40,0.41327354,1.6949486,0.6794062177904907,0.8021423101764397
Plekho2,0.41324016,1.208322,0.6794306675520074,0.8021423101764397
Tulp2,0.4119171,0.2750969,0.6804001973760763,0.8031853966170103
Gpm6b,0.41187418,-0.64146155,0.6804316504430029,0.8031853966170103
Hcls1,0.40999565,-1.2746713,0.6818091400003157,0.8047419290095216
Pde4c,0.40786442,4.224172,0.683373211245398,0.8064735836011444
Pheta2,0.4078358,3.1387045,0.6833942147546663,0.8064735836011444
Dock2,0.40770948,-0.67636245,0.6834869831849636,0.8065134606138905
Mturn,0.40649128,0.88730574,0.6843816558571323,0.8072456897933626
Nptxr,0.4064865,0.55783176,0.6843851583827334,0.8072456897933626
Ppp4r4,0.40648174,0.06710491,0.6843886609151226,0.8072456897933626
Matn4,0.4064722,0.14687556,0.684395666000265,0.8072456897933626
Hebp1,0.40646267,-0.17946573,0.6844026711125591,0.8072456897933626
Hoxd9,0.40516582,0.5501327,0.6853556191014182,0.8082999647444497
Tpbgl,0.4036735,-0.6361223,0.6864528296837225,0.8095241847123926
Proca1,0.40239334,18.439194,0.6873945740014087,0.8103552413335573
Mdk,0.40239334,19.049744,0.6873945740014087,0.8103552413335573
Zdhhc19,0.40239334,19.19192,0.6873945740014087,0.8103552413335573
Peli3,0.40239334,19.105902,0.6873945740014087,0.8103552413335573
Rasgrp1,0.4022956,-0.27086234,0.6874664962226967,0.810370169454821
Slc12a4,0.40111318,3.0723305,0.6883368035641058,0.8113058526942467
Ak1,0.40105596,1.0855427,0.6883789256900434,0.8113058526942467
Cd2,0.40087956,-0.5379437,0.6885088083290554,0.8113889998190135
Ankrd29,0.39973766,0.2613649,0.6893497571536538,0.8121497472847276
Frmd3,0.3996995,0.3685909,0.6893778539340661,0.8121497472847276
Fank1,0.3996852,0.07965503,0.6893883903371582,0.8121497472847276
Gnaz,0.39968044,-0.28742066,0.689391902484908,0.8121497472847276
Spib,0.39897957,-0.74555266,0.6899082609727903,0.8126880410718329
Lipc,0.3983669,-0.42062616,0.6903597538702793,0.8131170547316025
Plac8l1,0.39832398,-0.57009906,0.6903913800722952,0.8131170547316025
Pik3r5,0.39810467,-0.3184316,0.6905530335459882,0.813237403870254
Olfr920,0.39686266,-0.8231076,0.691468750304978,0.8142456867666041
Serpina10,0.39563492,3.0623696,0.6923743650956279,0.8151758543884228
St8sia1,0.39563015,2.1131575,0.6923778829046823,0.8151758543884228
Sema6c,0.39293635,-0.10310527,0.6943665039977825,0.8173392324588511
Adcy2,0.39290297,-0.57116026,0.6943911550145536,0.8173392324588511
Zfp503,0.3928982,-0.32749054,0.6943946766147665,0.8173392324588511
Hapln1,0.3901996,19.026781,0.6963889588372094,0.8194750031923964
Stox1,0.3901996,18.242624,0.6963889588372094,0.8194750031923964
Hist1h1c,0.3901996,18.98969,0.6963889588372094,0.8194750031923964
Cnga4,0.388867,1.0875565,0.6973745435285614,0.8204977300756605
Wdr66,0.38886222,0.5523365,0.6973780706888045,0.8204977300756605
Cyth4,0.38753438,0.8286375,0.698360639090034,0.8215290129540824
Tm4sf4,0.3875153,-0.22555885,0.698374755070655,0.8215290129540824
Itk,0.38586563,-0.6385652,0.6995961817232935,0.8228950443029451
Cox8b,0.38344833,2.5359602,0.7013873640882693,0.824442915067251
Pnldc1,0.38344356,2.2989655,0.7013908986366039,0.824442915067251
Dbn1,0.38344356,2.0333898,0.7013908986366039,0.824442915067251
Abca8b,0.3834388,1.8441947,0.7013944331914002,0.824442915067251
Cdhr4,0.3834388,2.0541227,0.7013944331914002,0.824442915067251
Snn,0.3834388,0.9945555,0.7013944331914002,0.824442915067251
Trpv4,0.3834388,1.9104743,0.7013944331914002,0.824442915067251
Xlr3c,0.3834388,2.4228942,0.7013944331914002,0.824442915067251
Nkx2-2,0.38215148,1.5672666,0.7023489991658294,0.8254061387649307
Ehd2,0.38208953,0.13213357,0.7023949716129798,0.8254061387649307
Syt13,0.38208953,0.06460841,0.7023949716129798,0.8254061387649307
Lrg1,0.3807307,-0.7674185,0.7034031024190384,0.8265197994140188
Pamr1,0.37800586,19.082138,0.70542624031762,0.8285410835990256
Carmil2,0.37800586,19.547773,0.70542624031762,0.8285410835990256
Ppp1r1c,0.37800586,20.56024,0.70542624031762,0.8285410835990256
Tesmin,0.37800586,19.155603,0.70542624031762,0.8285410835990256
Cfap74,0.37800586,19.414158,0.70542624031762,0.8285410835990256
Ttc16,0.3766971,1.5375061,0.7063987257108251,0.8293479456241544
Zfp982,0.3766828,0.88187975,0.7064093566182967,0.8293479456241544
Ccdc173,0.37667802,0.17025325,0.7064129002668493,0.8293479456241544
Scn3b,0.37667802,0.8034091,0.7064129002668493,0.8293479456241544
Tcp11,0.37667325,-0.22581549,0.706416443921766,0.8293479456241544
Col4a1,0.37537402,0.8134975,0.7073823268079814,0.8303934427548508
Sptbn5,0.37531203,-0.9131349,0.7074284174108967,0.8303934427548508
Tgif2,0.37392697,-0.57898235,0.7084586445127969,0.8315313675832545
Tph1,0.37317842,-1.3485419,0.7090156504494161,0.8321137160912946
Mroh6,0.37126175,3.1105998,0.710442578193919,0.833657793913325
Sdr16c5,0.37124744,1.5135089,0.7104532307324234,0.833657793913325
Fam228b,0.36990294,-0.10794576,0.7114548216615711,0.8346898323800604
Zc3h12c,0.36990294,-0.78087294,0.7114548216615711,0.8346898323800604
Itga8,0.36853933,-0.5008245,0.7124711284585308,0.835747117436387
Ptprt,0.3685298,-0.9307905,0.7124782372997002,0.835747117436387
Dzip1,0.36714712,-0.575058,0.7135092834174616,0.836884762907092
Pram1,0.36581212,19.000305,0.714505273008414,0.8377655498919714
Moap1,0.36581212,19.502722,0.714505273008414,0.8377655498919714
Cetn4,0.36581212,18.752195,0.714505273008414,0.8377655498919714
Tgtp2,0.36581212,19.17051,0.714505273008414,0.8377655498919714
Ltbp4,0.36450335,1.1969256,0.7154821708039727,0.8387796589661224
Wfdc3,0.36448905,0.1301612,0.7154928498603157,0.8387796589661224
Agxt,0.3631469,-0.09638099,0.7164951487660489,0.8398148506058785
Serpinb1c,0.36314213,-0.09192505,0.7164987102024705,0.8398148506058785
Rfx6,0.36177137,-0.54298156,0.7175228786224845,0.8409432092185872
Rerg,0.35907993,3.5904047,0.719535287471525,0.8427448550972797
Cdk5r1,0.35905612,0.4550812,0.7195531208859844,0.8427448550972797
ETV3L,0.35905612,0.951241,0.7195531208859844,0.8427448550972797
Megf6,0.35905612,1.8650631,0.7195531208859844,0.8427448550972797
Cnpy1,0.35905612,1.7762122,0.7195531208859844,0.8427448550972797
Cmtm3,0.35905612,1.4595834,0.7195531208859844,0.8427448550972797
Cyp4a30b,0.35905612,0.19699942,0.7195531208859844,0.8427448550972797
Pdzd2,0.35905612,1.1199164,0.7195531208859844,0.8427448550972797
Pthlh,0.35896313,-0.69822055,0.7196226726608421,0.842754136219664
Spaca1,0.357764,0.86722684,0.7205199200639447,0.8435577333220096
Slc34a1,0.3577259,0.058823682,0.7205484670608088,0.8435577333220096
Spin4,0.35772112,-0.42128292,0.7205520354628054,0.8435577333220096
Derl3,0.35771635,-1.5951128,0.720555603870888,0.8435577333220096
Ifi209,0.35642424,-0.31220216,0.7215228665336832,0.8446123717472507
Nanos1,0.35634798,-0.5093494,0.721579988235695,0.8446123717472507
Stk32c,0.35361838,19.039885,0.7236248937402459,0.8467160453407941
Rasgef1a,0.35361838,19.088764,0.7236248937402459,0.8467160453407941
Eif5a2,0.35361838,18.612362,0.7236248937402459,0.8467160453407941
Pcdhb17,0.35361838,18.697802,0.7236248937402459,0.8467160453407941
Hspb1,0.3535254,-1.0590955,0.7236945803958716,0.8467251357728905
Tdrkh,0.35231438,1.1286834,0.7246025027937784,0.8474416140549645
Ces2h,0.35230485,1.2190393,0.7246096533280116,0.8474416140549645
Shoc1,0.35230008,0.6981927,0.7246132286041366,0.8474416140549645
Sult1c1,0.35230008,0.31869698,0.7246132286041366,0.8474416140549645
Prkd1,0.3522953,0.60850567,0.7246168038862669,0.8474416140549645
Klrk1,0.3510533,1.2342225,0.7255483692160914,0.8482645733048689
Lingo4,0.3509913,1.0224485,0.7255948687344019,0.8482645733048689
Gpr27,0.35097224,0.012727683,0.7256091764820244,0.8482645733048689
Zfp185,0.35095316,0.016525827,0.7256234843254161,0.8482645733048689
Jazf1,0.35094362,-0.5719297,0.7256306382830242,0.8482645733048689
BC049762,0.34956333,-1.167983,0.7266664258998805,0.8494028014514801
Cpe,0.34935355,-0.4110063,0.7268238951106465,0.8495142534733411
Depp1,0.3468886,3.2358031,0.728675021210107,0.8514077100721539
Pald1,0.34686476,0.7146712,0.7286929315308585,0.8514077100721539
Sdr9c7,0.34686476,1.4256346,0.7286929315308585,0.8514077100721539
Tmem198,0.34686476,1.2540598,0.7286929315308585,0.8514077100721539
Cited1,0.34555838,1.1108984,0.7296746432962566,0.8522157990494205
Mex3a,0.34555838,1.0906826,0.7296746432962566,0.8522157990494205
Slc7a2,0.34555838,-0.15941262,0.7296746432962566,0.8522157990494205
Dmgdh,0.34554407,0.4312406,0.7296853944211816,0.8522157990494205
Nkapl,0.34552976,0.15902211,0.7296961455992441,0.8522157990494205
Fbxl21,0.34416616,-1.1579707,0.730721334953871,0.8533402438509126
Scg5,0.34143418,-0.71881723,0.7327767444766113,0.8550917428113834
Sox1,0.34142464,18.977005,0.7327839220480148,0.8550917428113834
Smim41,0.34142464,19.08751,0.7327839220480148,0.8550917428113834
Dact1,0.34142464,18.50662,0.7327839220480148,0.8550917428113834
Hormad2,0.34142464,18.591469,0.7327839220480148,0.8550917428113834
Hist1h2bp,0.34142464,18.963943,0.7327839220480148,0.8550917428113834
Plekhg4,0.34142464,18.866049,0.7327839220480148,0.8550917428113834
Col9a3,0.34142464,18.228168,0.7327839220480148,0.8550917428113834
Zfp28,0.34142464,18.807764,0.7327839220480148,0.8550917428113834
Dlc1,0.34013018,0.7084454,0.7337584940265316,0.8557387769656024
Grb10,0.34011588,0.9176045,0.7337692651777303,0.8557387769656024
Morn4,0.3401111,1.0106109,0.7337728555731078,0.8557387769656024
Rragb,0.3401111,0.65082574,0.7337728555731078,0.8557387769656024
Baiap3,0.3401111,0.5136475,0.7337728555731078,0.8557387769656024
Gnao1,0.34010634,1.0767118,0.7337764459743074,0.8557387769656024
Smim1,0.34010634,-0.22308095,0.7337764459743074,0.8557387769656024
Arhgap45,0.3399228,-1.133256,0.7339146808467827,0.8558270026929098
Cecr2,0.33877373,-0.641528,0.7347801910722356,0.8566943672898905
Tmem108,0.33876896,-0.80792934,0.7347837831037021,0.8566943672898905
Rorb,0.3373839,-1.068527,0.7358275136010802,0.8578381286014298
Gimap7,0.3360942,-0.2660237,0.7367998252346755,0.8588984408903066
Gabrr2,0.33469725,3.4161446,0.7378534886267017,0.8599277654915907
Btbd19,0.33468294,2.8457994,0.7378642795407371,0.8599277654915907
Tsx,0.3346734,1.7270225,0.7378714735121261,0.8599277654915907
Fbxl16,0.33335748,-0.092434436,0.7388644615034106,0.8608774936406338
Cacna1e,0.33334795,0.8875354,0.7388716586604447,0.8608774936406338
Dennd5a,0.33334318,-0.22589256,0.7388752572475408,0.8608774936406338
Gpc3,0.33199388,-0.86971176,0.739893886957956,0.8619908761415955
Ltf,0.3292309,19.045082,0.7419811606225034,0.864128118847959
Olr1,0.3292309,19.229944,0.7419811606225034,0.864128118847959
Galnt18,0.3292309,18.955101,0.7419811606225034,0.864128118847959
Ifitm5,0.3292309,18.924246,0.7419811606225034,0.864128118847959
Bin2,0.32867306,-1.6279919,0.7424028083263172,0.8645455508696575
Tmem262,0.32793644,1.4966209,0.7429597179618519,0.864842640349167
BC028528,0.32793167,1.062834,0.7429633229935013,0.864842640349167
Gcsam,0.32792214,0.5335046,0.7429705330737093,0.864842640349167
Pced1b,0.32791737,-0.48121127,0.742974138122268,0.864842640349167
Hist2h2ac,0.32791737,-0.60168314,0.742974138122268,0.864842640349167
Krt83,0.32248682,2.2409751,0.7470839296726328,0.8691128987264491
Apold1,0.32248682,2.7279825,0.7470839296726328,0.8691128987264491
Myo1h,0.32248682,2.1647928,0.7470839296726328,0.8691128987264491
Cped1,0.32248205,1.7070292,0.7470875410990427,0.8691128987264491
Zbed5,0.32248205,1.9912817,0.7470875410990427,0.8691128987264491
Abcb1b,0.32248205,1.8584694,0.7470875410990427,0.8691128987264491
Frmd5,0.32248205,0.758083,0.7470875410990427,0.8691128987264491
Tvp23a,0.3211709,1.0996373,0.7480808938324472,0.8700590614826051
Klhl41,0.3211566,-0.46028507,0.7480917327175483,0.8700590614826051
Dnaaf4,0.3211566,-0.09048386,0.7480917327175483,0.8700590614826051
Npnt,0.31986928,0.011194526,0.7490674360262886,0.871005238679317
Kcnu1,0.31984544,-1.1094419,0.7490855084003025,0.871005238679317
Ppp1r32,0.31983113,-0.3064906,0.7490963518908553,0.871005238679317
Pld5,0.3170753,-1.1954597,0.7511864541703084,0.87317216635865
Hpcal4,0.31703717,19.107403,0.751215395774005,0.87317216635865
Gnrh1,0.31703717,18.630009,0.751215395774005,0.87317216635865
Gtsf1,0.31703717,18.775658,0.751215395774005,0.87317216635865
C2cd4d,0.31573793,0.8989283,0.7522014278956282,0.8741738777261236
Etnk2,0.31573316,0.5487951,0.7522050471081022,0.8741738777261236
Bcl2l15,0.31444347,-0.15544157,0.7531842438991224,0.8750606729706946
Lmcd1,0.31443393,-0.091521226,0.7531914852824477,0.8750606729706946
Pax4,0.31441963,-0.058743723,0.7532023473981458,0.8750606729706946
Rhobtb1,0.31439102,-0.833811,0.7532240717760911,0.8750606729706946
Ppp1r18,0.3141717,-1.4832006,0.753390631830289,0.8751798241827389
Il21r,0.31311086,0.094168544,0.7541964374572788,0.8759389516954705
Sfxn4,0.3130584,-0.76583475,0.7542362819900669,0.8759389516954705
Ccr6,0.3130584,-0.56505996,0.7542362819900669,0.8759389516954705
Mid1,0.31029546,2.220312,0.7563362870713887,0.877785649055272
Dmkn,0.31029546,2.0440593,0.7563362870713887,0.877785649055272
Chrna5,0.31029546,1.8562214,0.7563362870713887,0.877785649055272
Spire1,0.3102907,2.292063,0.7563399124547181,0.877785649055272
Apol6,0.3102907,1.0575856,0.7563399124547181,0.877785649055272
Dennd1c,0.3102907,1.0658275,0.7563399124547181,0.877785649055272
C1qtnf9,0.3102907,1.2449813,0.7563399124547181,0.877785649055272
Rgl1,0.3102907,1.3255104,0.7563399124547181,0.877785649055272
Peg3,0.30900815,1.1633662,0.7573153351022921,0.8786530910864115
Chac1,0.30897954,-0.23040797,0.7573370961549699,0.8786530910864115
Slc19a3,0.30897477,0.1787873,0.7573407230157836,0.8786530910864115
Zp2,0.30897,-0.47874677,0.7573443498819402,0.8786530910864115
Eya2,0.30768746,0.3414796,0.7583201706600354,0.8796906744891921
Armc3,0.30762547,-0.9094086,0.7583673390532422,0.8796906744891921
Ptges,0.30626664,-1.1900059,0.7594016410668172,0.8808157287182973
Ces1h,0.30484343,18.525902,0.7604853979076464,0.8816988398802089
Timm29,0.30484343,18.48681,0.7604853979076464,0.8816988398802089
Ldlrad1,0.30484343,18.550983,0.7604853979076464,0.8816988398802089
Comp,0.30484343,18.306507,0.7604853979076464,0.8816988398802089
Ccdc88a,0.30484343,18.389902,0.7604853979076464,0.8816988398802089
Shroom1,0.30355373,0.8972222,0.7614679020591464,0.8824764915505621
Cryab,0.3035442,0.19906984,0.7614751678497598,0.8824764915505621
Apln,0.30353943,-0.899779,0.761478800752953,0.8824764915505621
Samd14,0.30353943,0.29663467,0.761478800752953,0.8824764915505621
Fzd10,0.30353943,0.82463634,0.761478800752953,0.8824764915505621
Pyy,0.30302212,-1.0912888,0.7618730019657868,0.8828585121499987
Ccdc74a,0.3022068,-1.1677281,0.7624944030211912,0.8833540292540486
Map1b,0.3022068,-0.005494558,0.7624944030211912,0.8833540292540486
Fgf18,0.3022068,-0.92036307,0.7624944030211912,0.8833540292540486
Npc1l1,0.2995082,-0.8802197,0.7645522943288976,0.885663077081548
Pcdhgb6,0.2981041,2.0378542,0.7656237112640061,0.8866830972945688
Dnase1l3,0.2981041,1.6603465,0.7656237112640061,0.8866830972945688
Scn3a,0.29809934,1.4926311,0.7656273501173141,0.8866830972945688
Gbgt1,0.29679772,0.437982,0.7666209502475937,0.8876209327596799
Lrrc27,0.29678342,-0.36906227,0.7666318710657828,0.8876209327596799
Lag3,0.29678342,-0.9480629,0.7666318710657828,0.8876209327596799
Abcc8,0.29552472,0.47975844,0.7675930843785308,0.8886586038669496
Tsga10ip,0.2954389,-0.7810286,0.7676586346883427,0.8886592592366958
Rem2,0.29411343,-0.92266,0.7686712335956625,0.889756146895267
Itgb7,0.2937153,-1.3762747,0.7689754546903105,0.8900329532704185
Scd4,0.2926497,18.279175,0.7697899220101008,0.8909002355694082
Cyct,0.29136,0.51582515,0.7707760040370262,0.8917480182682027
Rab3b,0.29135522,0.06225773,0.7707796501304287,0.8917480182682027
Klf1,0.29135522,0.11338334,0.7707796501304287,0.8917480182682027
Rdh7,0.29135045,0.96371025,0.7707832962288962,0.8917480182682027
Epdr1,0.290056,0.05972771,0.771773399067625,0.8926922531232521
Pla2g7,0.29005122,-0.22793925,0.7717770465434541,0.8926922531232521
Spin2c,0.29002738,-0.7122678,0.7717952839982603,0.8926922531232521
Gimap6,0.2898939,-1.3849914,0.7718974160751313,0.8927184366320642
Ikzf1,0.28982714,-1.3767292,0.7719484835959165,0.8927184366320642
Ncf1,0.2887186,-0.9142826,0.7727967134915849,0.8936237998475751
Ptpn22,0.28843492,-1.3633361,0.7730138310510406,0.8937992846557015
Cacna1h,0.2872859,-1.1302311,0.7738934299433685,0.8947406708214038
Cd244a,0.2859819,-0.83044827,0.774891998678757,0.8950525443757716
Clcn6,0.28594613,3.646979,0.7749193869876323,0.8950525443757716
Vwa2,0.28592706,3.1834252,0.77493399420021,0.8950525443757716
Myl4,0.28591752,2.7174306,0.7749412978363693,0.8950525443757716
Ctsk,0.28590798,1.1121848,0.7749486014924414,0.8950525443757716
Acot9,0.28590798,-0.32316253,0.7749486014924414,0.8950525443757716
Ankrd13d,0.28590798,1.1204095,0.7749486014924414,0.8950525443757716
Nr1h5,0.28590798,0.99223375,0.7749486014924414,0.8950525443757716
Kcnn1,0.28590798,1.9764355,0.7749486014924414,0.8950525443757716
Cd72,0.28590798,1.4442105,0.7749486014924414,0.8950525443757716
Dsg4,0.28590798,0.13337733,0.7749486014924414,0.8950525443757716
Pex5l,0.28590798,1.2495152,0.7749486014924414,0.8950525443757716
Serp2,0.28461114,0.021234618,0.7759420839641964,0.8960612962673594
St18,0.28459683,-0.27642402,0.7759530435391642,0.8960612962673594
Pde1c,0.28325707,-1.0817168,0.7769797879089808,0.8971712065908395
Fli1,0.28190777,-0.521034,0.7780142339546468,0.8982898217941401
Wnt5b,0.28045595,18.707588,0.7791277081473713,0.8988923824276809
Rgs6,0.28045595,18.346796,0.7791277081473713,0.8988923824276809
Rnd1,0.28045595,18.2108,0.7791277081473713,0.8988923824276809
Spx,0.28045595,18.677267,0.7791277081473713,0.8988923824276809
Ssc5d,0.28045595,18.641893,0.7791277081473713,0.8988923824276809
Nat8f2,0.28045595,19.203945,0.7791277081473713,0.8988923824276809
Fam129c,0.28045595,17.946453,0.7791277081473713,0.8988923824276809
Tnfrsf25,0.28045595,17.87491,0.7791277081473713,0.8988923824276809
Thsd1,0.28045595,18.87151,0.7791277081473713,0.8988923824276809
Pnmal2,0.27918056,1.408182,0.7801062575732085,0.8992837597822174
Fam71f2,0.2791758,1.0093312,0.7801099163566357,0.8992837597822174
Pcdhga1,0.27917102,1.1556113,0.7801135751449333,0.8992837597822174
Efcab12,0.27916625,0.629714,0.7801172339381007,0.8992837597822174
Snx32,0.27916625,0.6657186,0.7801172339381007,0.8992837597822174
Ttll13,0.27916625,0.719293,0.7801172339381007,0.8992837597822174
Zfp354b,0.27916625,0.3395727,0.7801172339381007,0.8992837597822174
Vwa1,0.27916148,0.6150866,0.780120892736138,0.8992837597822174
Dnaaf1,0.27916148,-0.56191486,0.780120892736138,0.8992837597822174
Alox5,0.2791567,-0.855349,0.7801245515390454,0.8992837597822174
Art5,0.2778527,-0.4198874,0.7811254166734833,0.9003616042658366
Msr1,0.2765678,-0.42060566,0.7821119987158839,0.9014185728005405
Castor1,0.27648672,-1.1121043,0.7821742438648054,0.9014185728005405
Chst12,0.27513507,-1.4167234,0.783212478569751,0.9025390279296658
Tex33,0.27373093,2.9350698,0.7842914064427042,0.9030340415255754
Ppp3r2,0.27372617,2.9301724,0.7842950707424993,0.9030340415255754
Efcab9,0.2737214,1.511925,0.7842987350470764,0.9030340415255754
Adh7,0.2737214,2.296827,0.7842987350470764,0.9030340415255754
Ropn1l,0.27371663,0.15966633,0.7843023993564358,0.9030340415255754
Klk1b16,0.27371663,0.94849455,0.7843023993564358,0.9030340415255754
Pbx4,0.27371663,1.2391454,0.7843023993564358,0.9030340415255754
Syngr4,0.27371663,0.9863511,0.7843023993564358,0.9030340415255754
Dmrta2,0.27371663,1.0294079,0.7843023993564358,0.9030340415255754
Rtkn2,0.27371663,0.27035406,0.7843023993564358,0.9030340415255754
Adcy8,0.27243885,0.18011862,0.7852846063914983,0.904025370279486
Pstpip1,0.27242455,0.2810118,0.7852956031846446,0.904025370279486
Nrip3,0.2711134,-0.35498297,0.7863038242844201,0.9051098314048355
Ms4a6b,0.26842433,-0.52640593,0.78837271380146,0.9070241475424915
BC107364,0.26826224,17.587336,0.7884974819733191,0.9070241475424915
Tes3-ps,0.26826224,18.092989,0.7884974819733191,0.9070241475424915
Dppa3,0.26826224,17.979225,0.7884974819733191,0.9070241475424915
Chn1,0.26826224,18.899826,0.7884974819733191,0.9070241475424915
Adprhl1,0.26826224,18.850435,0.7884974819733191,0.9070241475424915
Pitx1,0.26826224,18.533503,0.7884974819733191,0.9070241475424915
Tagln3,0.26826224,18.009495,0.7884974819733191,0.9070241475424915
Fmr1nb,0.2670488,2.5697422,0.7894315805405014,0.9077080940166666
Gpr182,0.2669725,0.8189233,0.7894903159220645,0.9077080940166666
Il1f8,0.2669725,1.0010785,0.7894903159220645,0.9077080940166666
Chadl,0.2669725,-0.0034700986,0.7894903159220645,0.9077080940166666
Hic1,0.2669725,0.06563157,0.7894903159220645,0.9077080940166666
Trim47,0.2669725,-0.21118163,0.7894903159220645,0.9077080940166666
Qpct,0.26569235,0.056944,0.7904761472660826,0.9084934078587813
Clca2,0.26567328,-0.6964681,0.7904908363055775,0.9084934078587813
Amigo2,0.26567328,-0.1848422,0.7904908363055775,0.9084934078587813
Fev,0.2656685,-0.044685926,0.7904945085770805,0.9084934078587813
Plcb2,0.2656542,-0.36097547,0.7905055254194983,0.9084934078587813
Emb,0.2650964,-1.1533407,0.7909352149052387,0.9089108456999275
Itgb2,0.26264095,-1.4736562,0.7928273369529663,0.9109253921873428
Sall2,0.26153958,3.0235884,0.7936764335307546,0.9109253921873428
Itgal,0.26153243,-1.7834095,0.7936819479453094,0.9109253921873428
Car14,0.26153004,1.665945,0.7936837860857864,0.9109253921873428
Pxdn,0.26153004,1.8218836,0.7936837860857864,0.9109253921873428
Col11a2,0.26153004,1.7770829,0.7936837860857864,0.9109253921873428
Amy1,0.26153004,2.1614716,0.7936837860857864,0.9109253921873428
Lsp1,0.26152766,-1.5455803,0.7936856242274094,0.9109253921873428
Egflam,0.26152527,-0.07226964,0.7936874623701784,0.9109253921873428
Pdgfb,0.26152527,1.8219192,0.7936874623701784,0.9109253921873428
Cd84,0.26152527,1.4264625,0.7936874623701784,0.9109253921873428
Tnnc1,0.26152527,0.024450984,0.7936874623701784,0.9109253921873428
Tekt2,0.26152527,0.52756447,0.7936874623701784,0.9109253921873428
Apod,0.26152527,0.8295346,0.7936874623701784,0.9109253921873428
Axdnd1,0.26152527,0.21190162,0.7936874623701784,0.9109253921873428
Srms,0.2602475,-0.42508,0.7946728715721431,0.9115419367085443
Fmnl1,0.2602475,0.50018317,0.7946728715721431,0.9115419367085443
Nefh,0.26023796,-0.40855616,0.7946802266060655,0.9115419367085443
Rnf157,0.2602332,-0.11892361,0.7946839041298711,0.9115419367085443
Adamts16,0.26022843,-0.6214133,0.7946875816582397,0.9115419367085443
Dlg4,0.26022843,-0.1646912,0.7946875816582397,0.9115419367085443
Aph1c,0.26022366,-0.61150426,0.7946912591911711,0.9115419367085443
Slc25a43,0.25895542,-0.44228578,0.7956696447334968,0.9124725497632908
Cd8a,0.25893158,-0.7259021,0.7956880385209741,0.9124725497632908
Gpr171,0.2589125,-0.7766017,0.7957027536327052,0.9124725497632908
Resp18,0.25739157,-1.0674798,0.7968765173313204,0.913741939837817
Thbd,0.2560685,19.838284,0.797897955248594,0.9143764801830656
Srpx2,0.2560685,18.680538,0.797897955248594,0.9143764801830656
Tex29,0.2560685,18.706484,0.797897955248594,0.9143764801830656
Gpha2,0.2560685,18.7475,0.797897955248594,0.9143764801830656
Hey1,0.2560685,17.78493,0.797897955248594,0.9143764801830656
Ccdc158,0.2560685,18.640018,0.797897955248594,0.9143764801830656
Slc7a15,0.2560685,19.475622,0.797897955248594,0.9143764801830656
Ppm1n,0.25479308,0.8787613,0.79888291224615,0.9146705079059264
Tas2r138,0.2547883,0.39833868,0.7988865949299199,0.9146705079059264
L3mbtl4,0.2547883,0.9670799,0.7988865949299199,0.9146705079059264
Sell,0.2547883,0.086425036,0.7988865949299199,0.9146705079059264
Eml5,0.2547883,0.30945134,0.7988865949299199,0.9146705079059264
Ccdc190,0.25478354,0.47657946,0.7988902776181634,0.9146705079059264
Zyg11a,0.25478354,0.1430182,0.7988902776181634,0.9146705079059264
Zglp1,0.25478354,0.02601627,0.7988902776181634,0.9146705079059264
Rab36,0.25478354,-0.08819094,0.7988902776181634,0.9146705079059264
Lrrc73,0.25478354,-0.68768567,0.7988902776181634,0.9146705079059264
Slc4a8,0.25478354,-0.08599787,0.7988902776181634,0.9146705079059264
Epha7,0.25350815,-0.48201656,0.799875557129139,0.9156452573029447
Neurog3,0.25350815,0.3819272,0.799875557129139,0.9156452573029447
Cryba2,0.24933869,2.5248525,0.8030988078527048,0.9186471457442591
Zfp286,0.24933869,1.2705132,0.8030988078527048,0.9186471457442591
Kcnv2,0.24933392,0.5847926,0.8031024956031164,0.9186471457442591
Arhgef4,0.24933392,-0.25747535,0.8031024956031164,0.9186471457442591
Spaca7,0.24933392,1.1093055,0.8031024956031164,0.9186471457442591
Gata4,0.24933392,0.4912256,0.8031024956031164,0.9186471457442591
Ugt2b36,0.24933392,1.0161772,0.8031024956031164,0.9186471457442591
Egfl6,0.24933392,0.41913018,0.8031024956031164,0.9186471457442591
Nsg2,0.24808952,0.90980446,0.8040651481187491,0.9187956054506659
Plagl1,0.24805138,-0.80655414,0.8040946594114327,0.9187956054506659
Spata33,0.24805138,0.21632226,0.8040946594114327,0.9187956054506659
Ifitm1,0.24805138,-0.07701915,0.8040946594114327,0.9187956054506659
Syt14,0.24804184,-0.19728737,0.8041020372782328,0.9187956054506659
Vmn2r57,0.24804184,0.2875476,0.8041020372782328,0.9187956054506659
Il23a,0.24804184,-0.07625053,0.8041020372782328,0.9187956054506659
Dlgap1,0.24804184,-0.34233987,0.8041020372782328,0.9187956054506659
Slc9b1,0.24803707,-1.1435935,0.8041057262181769,0.9187956054506659
Dkkl1,0.24803707,-1.2383481,0.8041057262181769,0.9187956054506659
Cst7,0.24803707,-0.14367582,0.8041057262181769,0.9187956054506659
Klra6,0.24803707,0.33414775,0.8041057262181769,0.9187956054506659
Map6,0.24803707,-0.5402462,0.8041057262181769,0.9187956054506659
Lcp2,0.24673545,-0.3384763,0.8051129697194126,0.9198054510250748
Rgs7bp,0.24672115,-0.8558587,0.8051240401294439,0.9198054510250748
Ggt7,0.24387474,17.989014,0.8073278263696188,0.921553257562983
Prl6a1,0.24387474,18.23017,0.8073278263696188,0.921553257562983
Calcb,0.24387474,19.82719,0.8073278263696188,0.921553257562983
Asgr1,0.24387474,18.172052,0.8073278263696188,0.921553257562983
Catsper3,0.24387474,18.33309,0.8073278263696188,0.921553257562983
Ttc30a2,0.24387474,18.078194,0.8073278263696188,0.921553257562983
Cacng4,0.24387474,18.094057,0.8073278263696188,0.921553257562983
Vmn1r91,0.24387474,19.55497,0.8073278263696188,0.921553257562983
March4,0.24387474,18.832535,0.8073278263696188,0.921553257562983
Rgs22,0.24387474,19.00922,0.8073278263696188,0.921553257562983
Capn3,0.24263273,-0.1968568,0.8082899255407692,0.922223330497775
Ptgdr2,0.24260889,0.57254,0.8083083947763792,0.922223330497775
Rarres1,0.24259935,1.4391109,0.8083157825005329,0.922223330497775
Gpc6,0.24259458,0.12511137,0.8083194763690188,0.922223330497775
Slc22a17,0.24259458,-0.43809727,0.8083194763690188,0.922223330497775
Serpinf2,0.24259458,0.90503407,0.8083194763690188,0.922223330497775
Sh2d2a,0.24129535,-0.4172471,0.8093262144775717,0.9232949013915736
Gpr68,0.23999612,-0.22913685,0.8103332682473088,0.9243666535937561
Kcnab3,0.23715687,2.4791644,0.8125350949724208,0.9258869396586078
Klk1b3,0.2371521,2.279469,0.812538793666474,0.9258869396586078
Vwa5b2,0.23714733,1.5421258,0.8125424923647091,0.9258869396586078
Fmn2,0.23714733,2.171058,0.8125424923647091,0.9258869396586078
Kif5c,0.23714733,1.6198248,0.8125424923647091,0.9258869396586078
Ptpn5,0.23714733,1.877845,0.8125424923647091,0.9258869396586078
Xkr6,0.23714256,0.46015537,0.8125461910671263,0.9258869396586078
Erich5,0.23714256,0.87007165,0.8125461910671263,0.9258869396586078
Ifi211,0.23714256,1.1384896,0.8125461910671263,0.9258869396586078
Tctex1d4,0.23714256,-0.16579993,0.8125461910671263,0.9258869396586078
Zpbp2,0.23714256,1.0544827,0.8125461910671263,0.9258869396586078
Pdxp,0.23714256,0.4296242,0.8125461910671263,0.9258869396586078
Plcl1,0.23714256,1.188235,0.8125461910671263,0.9258869396586078
Kcnd1,0.23586956,0.05168038,0.8135338939830615,0.9267161837166732
Ces1c,0.23585525,-0.5780972,0.8135449934565748,0.9267161837166732
Adssl1,0.23585525,0.036440067,0.8135449934565748,0.9267161837166732
Ubap1l,0.23585525,-0.4934454,0.8135449934565748,0.9267161837166732
Samd4,0.23457271,-0.06363101,0.814540398199376,0.9276561826888178
Snap25,0.23453933,-0.49053317,0.814566304930153,0.9276561826888178
Zcchc24,0.2345298,-1.8582312,0.8145737068904807,0.9276561826888178
Pcdhga3,0.231681,18.926868,0.8167857809072679,0.9293240331064888
Pcdhb16,0.231681,17.796734,0.8167857809072679,0.9293240331064888
Iqch,0.231681,17.934072,0.8167857809072679,0.9293240331064888
Pcdhb20,0.231681,18.105324,0.8167857809072679,0.9293240331064888
Grin1,0.231681,17.789402,0.8167857809072679,0.9293240331064888
Btbd18,0.231681,18.022734,0.8167857809072679,0.9293240331064888
Pnck,0.231681,18.512688,0.8167857809072679,0.9293240331064888
Arc,0.231681,18.959059,0.8167857809072679,0.9293240331064888
Riiad1,0.231681,18.296045,0.8167857809072679,0.9293240331064888
Tgfb2,0.231681,18.381207,0.8167857809072679,0.9293240331064888
Lrfn1,0.231681,17.667576,0.8167857809072679,0.9293240331064888
Olfm4,0.23048668,-1.3338957,0.8177136214763272,0.9297551527479676
Pax6,0.23042469,1.0847973,0.8177617798663815,0.9297551527479676
T2,0.23041992,0.9210432,0.8177654843864156,0.9297551527479676
Vpreb3,0.23041515,0.39062166,0.8177691889105194,0.9297551527479676
Gp6,0.23041515,0.7892323,0.8177691889105194,0.9297551527479676
Rgs1,0.23041038,-0.17305508,0.8177728934386931,0.9297551527479676
Vegfd,0.23041038,0.92605424,0.8177728934386931,0.9297551527479676
Nab2,0.23040561,-0.21631426,0.8177765979709363,0.9297551527479676
Lmx1a,0.23040561,0.2234453,0.8177765979709363,0.9297551527479676
Mmp7,0.22915883,-0.7353378,0.8187454725898975,0.9306751250863686
Npb,0.22910638,-0.6806558,0.818786234387985,0.9306751250863686
Eva1c,0.22910161,-1.1691873,0.8187899400302816,0.9306751250863686
Myt1,0.22782622,-0.4681429,0.8197813444520005,0.9316766153833187
Selplg,0.22779284,-1.164962,0.8198072916202905,0.9316766153833187
Dtx1,0.22646977,-0.77494454,0.8208360701385681,0.9327076094624733
Ltb,0.2264507,-1.1975708,0.8208509016366264,0.9327076094624733
F5,0.22495598,1.6091719,0.8220135191242359,0.9335674442698743
Cep170,0.22495598,2.1912725,0.8220135191242359,0.9335674442698743
Ptprb,0.22495598,1.7074795,0.8220135191242359,0.9335674442698743
Trex2,0.22495121,1.2530327,0.8220172282598578,0.9335674442698743
Iqcg,0.22495121,-0.22829826,0.8220172282598578,0.9335674442698743
Lrrc36,0.22495121,0.8218929,0.8220172282598578,0.9335674442698743
Grhl3,0.22367343,-0.9404104,0.8230114197464904,0.9343170047431193
Gpr85,0.22366866,-0.47376657,0.8230151299493516,0.9343170047431193
Zfp423,0.22366866,-0.91203845,0.8230151299493516,0.9343170047431193
Tnfaip8l2,0.2236639,-1.0049946,0.8230188401561693,0.9343170047431193
Prkcq,0.2236639,-0.5864799,0.8230188401561693,0.9343170047431193
Thy1,0.2225077,-1.6052223,0.8239186819333506,0.935081328905113
Ocm,0.2224052,0.45363128,0.8239984729100359,0.935081328905113
Capn6,0.22238612,-0.93218577,0.8240133179436357,0.935081328905113
BC051019,0.22235751,-0.54987067,0.8240355856120855,0.935081328905113
Prrt1,0.22235274,-0.7614047,0.8240392969039319,0.935081328905113
Siglecf,0.2222717,-1.4164053,0.8241023894672337,0.935081328905113
Pcsk1n,0.22091524,-1.1600575,0.8251584304495907,0.936201902961765
Ugt2b1,0.21948728,18.466118,0.8262704921548691,0.9369971788886173
Clhc1,0.21948728,18.226799,0.8262704921548691,0.9369971788886173
Cfap206,0.21948728,17.732176,0.8262704921548691,0.9369971788886173
Olfml2a,0.21948728,18.563437,0.8262704921548691,0.9369971788886173
Serpine1,0.21948728,18.831564,0.8262704921548691,0.9369971788886173
Sspo,0.21948728,18.253077,0.8262704921548691,0.9369971788886173
Lama4,0.21822618,0.8763303,0.8272528866739931,0.9374977062709204
Ly6d,0.21822618,0.6322258,0.8272528866739931,0.9374977062709204
Ggn,0.21822141,0.24153364,0.8272566013449799,0.9374977062709204
S100a5,0.21821664,0.77018875,0.8272603160198316,0.9374977062709204
Fxyd6,0.21821664,-0.2650001,0.8272603160198316,0.9374977062709204
Cd55b,0.21821664,-0.44932097,0.8272603160198316,0.9374977062709204
Efnb3,0.21821664,0.4035778,0.8272603160198316,0.9374977062709204
Spn,0.21821664,-0.12633169,0.8272603160198316,0.9374977062709204
Epgn,0.21692695,-0.7720371,0.8282652772197858,0.9384117059658574
Nat8,0.21692218,-0.7091281,0.8282689929409841,0.9384117059658574
Lax1,0.21691741,-1.1907953,0.8282727086660255,0.9384117059658574
Krtap3-1,0.2127837,3.1263473,0.8314956795276252,0.940292541698293
S1pr4,0.21276939,2.407336,0.8315068366300405,0.940292541698293
Hsf3,0.21276939,1.7925681,0.8315068366300405,0.940292541698293
Cers3,0.21276939,2.5475316,0.8315068366300405,0.940292541698293
Fam221b,0.21276462,1.5286758,0.8315105556717246,0.940292541698293
Slc4a5,0.21276462,1.4543576,0.8315105556717246,0.940292541698293
Sbpl,0.21276462,2.0312655,0.8315105556717246,0.940292541698293
Xlr4c,0.21275985,0.44440484,0.8315142747171815,0.940292541698293
Mboat4,0.21275985,-0.25746253,0.8315142747171815,0.940292541698293
Rnf17,0.21275985,0.810573,0.8315142747171815,0.940292541698293
Islr2,0.21275985,-0.16428901,0.8315142747171815,0.940292541698293
Abhd15,0.21275985,0.9938605,0.8315142747171815,0.940292541698293
Rbm11,0.21275985,1.0284027,0.8315142747171815,0.940292541698293
Pnmal1,0.21275985,-0.09152427,0.8315142747171815,0.940292541698293
Mtss2,0.21275985,0.62794834,0.8315142747171815,0.940292541698293
Slc16a4,0.21275985,0.53550273,0.8315142747171815,0.940292541698293
Dnah2,0.21275985,0.73508644,0.8315142747171815,0.940292541698293
Th,0.21275985,0.7225494,0.8315142747171815,0.940292541698293
Shisal1,0.21275985,1.5174059,0.8315142747171815,0.940292541698293
Prlh,0.21275985,0.39386636,0.8315142747171815,0.940292541698293
Mrln,0.21275985,0.90242743,0.8315142747171815,0.940292541698293
Tnni3,0.21275985,0.52423435,0.8315142747171815,0.940292541698293
Acad12,0.21275985,1.4433528,0.8315142747171815,0.940292541698293
Hist1h1t,0.21148685,-0.54026043,0.8325073945746986,0.941264116787299
Palmd,0.21148208,0.17226842,0.8325111146283277,0.941264116787299
Gnat3,0.21017808,-0.97350955,0.8335286898240628,0.9423367091058249
Fads6,0.20745803,-1.9050435,0.8356521693517375,0.9437123277635546
Klk10,0.20729354,18.033543,0.8357806216851488,0.9437123277635546
Zp1,0.20729354,17.732355,0.8357806216851488,0.9437123277635546
Spred3,0.20729354,17.555061,0.8357806216851488,0.9437123277635546
Ros1,0.20729354,17.96943,0.8357806216851488,0.9437123277635546
Nek10,0.20729354,17.506144,0.8357806216851488,0.9437123277635546
Spock2,0.20729354,17.512608,0.8357806216851488,0.9437123277635546
Sec1,0.20729354,18.185942,0.8357806216851488,0.9437123277635546
Ccdc103,0.20729354,18.28282,0.8357806216851488,0.9437123277635546
Cldn20,0.20729354,17.77553,0.8357806216851488,0.9437123277635546
Ceacam9,0.20729354,17.93435,0.8357806216851488,0.9437123277635546
Panx2,0.20729354,18.104048,0.8357806216851488,0.9437123277635546
Enpp6,0.20729354,17.848936,0.8357806216851488,0.9437123277635546
Reep2,0.20729354,18.02314,0.8357806216851488,0.9437123277635546
Chd5,0.20729354,18.214828,0.8357806216851488,0.9437123277635546
Ripor2,0.20607059,1.9572378,0.8367357739729124,0.9443608215317255
Hist3h2ba,0.20603721,0.6354857,0.8367618438879263,0.9443608215317255
Bcl2l10,0.20603244,-0.27405527,0.8367655681761346,0.9443608215317255
Alkal2,0.20603244,0.5537905,0.8367655681761346,0.9443608215317255
Isl1,0.20602767,0.018221365,0.8367692924680014,0.9443608215317255
Ms4a7,0.20602767,-0.42719653,0.8367692924680014,0.9443608215317255
Efhd1,0.20474274,-0.66399574,0.837773122209645,0.945268096751963
Nfam1,0.20473321,-0.77526647,0.8377805727702956,0.945268096751963
H2afy2,0.20473321,-0.56092113,0.8377805727702956,0.945268096751963
Agtr1a,0.20057803,2.1107445,0.8410285297227735,0.9485498652704599
Serpinb8,0.20057803,2.073972,0.8410285297227735,0.9485498652704599
Golga7b,0.20056851,1.5690305,0.8410359865743565,0.9485498652704599
Ncf4,0.20056851,0.7119278,0.8410359865743565,0.9485498652704599
Kif1a,0.20056851,0.2521838,0.8410359865743565,0.9485498652704599
Mpeg1,0.19929072,-0.9552174,0.842035333422107,0.9495986462598807
St8sia4,0.19802248,-0.5105487,0.8430274741351402,0.9505118142485856
Gzma,0.19801295,-0.69386774,0.8430349347855506,0.9505118142485856
Layn,0.1979891,-1.17653,0.8430535864732062,0.9505118142485856
Ppp1r16b,0.19669703,-0.7748673,0.8440646393661076,0.9515732846934478
Pcdhb18,0.1950998,17.39684,0.8453148199157327,0.9522761481462759
Sycp2,0.1950998,17.467272,0.8453148199157327,0.9522761481462759
Aire,0.1950998,18.599241,0.8453148199157327,0.9522761481462759
Chst13,0.1950998,18.37339,0.8453148199157327,0.9522761481462759
Inka2,0.1950998,17.764902,0.8453148199157327,0.9522761481462759
Spaca3,0.1950998,18.892958,0.8453148199157327,0.9522761481462759
Entpd3,0.1950998,18.026274,0.8453148199157327,0.9522761481462759
Hrg,0.1950998,17.62386,0.8453148199157327,0.9522761481462759
Lix1l,0.1950998,18.233852,0.8453148199157327,0.9522761481462759
Ank1,0.19384347,0.18218593,0.846298444810321,0.9528389829359356
Tmeff2,0.19384347,0.92402554,0.846298444810321,0.9528389829359356
Mmp17,0.19384347,0.09486395,0.846298444810321,0.9528389829359356
Slc5a5,0.1938387,-0.6605631,0.8463021781893876,0.9528389829359356
Tmem163,0.1938387,-0.7564804,0.8463021781893876,0.9528389829359356
Etv1,0.1938387,0.3670454,0.8463021781893876,0.9528389829359356
H2al1n,0.1938387,-1.2930435,0.8463021781893876,0.9528389829359356
Ncs1,0.19258238,-0.96281976,0.8472860435619229,0.9537321572291977
Gipr,0.19256808,-1.6493362,0.8472972464387256,0.9537321572291977
Gng4,0.19255854,-0.40760657,0.8473047150404038,0.9537321572291977
Sytl5,0.19126408,-0.9431744,0.8483187047345235,0.9547949207608731
Bmx,0.18992193,-1.31385,0.8493703072159893,0.9558548133303922
Xlr4a,0.18988378,-1.8839798,0.8494001968256619,0.9558548133303922
Fam89a,0.18838193,1.8524169,0.8505772718576755,0.9568686492208226
Plek,0.18837716,0.9548631,0.850581009135526,0.9568686492208226
Nefm,0.18837716,0.4814722,0.850581009135526,0.9568686492208226
Pcsk6,0.18837716,0.9308483,0.850581009135526,0.9568686492208226
Cd200r1,0.18713751,0.46202743,0.8515528150274496,0.9574399885700293
Cxcl13,0.18711844,-0.17964387,0.8515677676520732,0.9574399885700293
Casc1,0.18711367,-0.58319914,0.8515715058165668,0.9574399885700293
Slc38a11,0.1871089,-0.033733673,0.8515752439843953,0.9574399885700293
Fam81b,0.18710414,-0.8899057,0.8515789821555587,0.9574399885700293
Atp8b5,0.18710414,-1.9025916,0.8515789821555587,0.9574399885700293
Iglc1,0.18710414,-1.4576027,0.8515789821555587,0.9574399885700293
Pou2f3,0.1857477,-1.5564064,0.8526426269690924,0.9585570473365947
Nts,0.18557844,-2.5090392,0.8527753677529311,0.9586274684768871
Trbv12-2,0.18450567,-1.1674283,0.8536167793879398,0.9591705663264982
Grap2,0.18320405,-1.5914285,0.8546379157287777,0.9591705663264982
Cd79b,0.18318975,-1.3553344,0.8546491383630976,0.9591705663264982
Slamf9,0.1831373,-1.5747072,0.8546902882738402,0.9591705663264982
Tbx1,0.18290606,18.254583,0.8548717266828052,0.9591705663264982
Prkar1b,0.18290606,16.580114,0.8548717266828052,0.9591705663264982
Chrna4,0.18290606,17.48373,0.8548717266828052,0.9591705663264982
P3h3,0.18290606,17.966244,0.8548717266828052,0.9591705663264982
Olfr699,0.18290606,18.603628,0.8548717266828052,0.9591705663264982
Batf,0.18290606,18.701035,0.8548717266828052,0.9591705663264982
S100a2,0.18290606,17.970598,0.8548717266828052,0.9591705663264982
Mtmr2,0.18290606,18.051598,0.8548717266828052,0.9591705663264982
Cxcr3,0.18290606,18.208199,0.8548717266828052,0.9591705663264982
Mpig6b,0.18290606,18.392775,0.8548717266828052,0.9591705663264982
Cfap65,0.18290606,17.583712,0.8548717266828052,0.9591705663264982
Rgs9bp,0.18290606,18.685102,0.8548717266828052,0.9591705663264982
Icam2,0.18290606,18.289795,0.8548717266828052,0.9591705663264982
Zfp114,0.18290606,17.384443,0.8548717266828052,0.9591705663264982
Maml2,0.18290606,17.969656,0.8548717266828052,0.9591705663264982
Dhtkd1,0.18290606,17.214691,0.8548717266828052,0.9591705663264982
Nptx1,0.18290606,16.527567,0.8548717266828052,0.9591705663264982
Gabrp,0.18290606,19.322208,0.8548717266828052,0.9591705663264982
Tex43,0.18290606,17.714987,0.8548717266828052,0.9591705663264982
Cabp1,0.1816688,1.060409,0.8558426458425653,0.9596468403850816
H2-M2,0.18166403,1.2163613,0.8558463877652975,0.9596468403850816
Adgrg2,0.18165927,1.3441962,0.8558501296912707,0.9596468403850816
Arxes2,0.18165927,-0.38525966,0.8558501296912707,0.9596468403850816
Azin2,0.1816545,0.3686771,0.855853871620485,0.9596468403850816
Best1,0.18164974,-0.7187558,0.85585761355294,0.9596468403850816
Nfasc,0.18164974,0.77992076,0.85585761355294,0.9596468403850816
Zik1,0.18164974,0.35956585,0.85585761355294,0.9596468403850816
Matk,0.18044586,0.62582016,0.8568025549968641,0.9605782271996335
Stat4,0.18041249,-0.19720872,0.8568287543240314,0.9605782271996335
Scgn,0.17905127,-0.8232924,0.8578974467032092,0.9616974820613482
Dnah7b,0.17619534,1.9591957,0.8601404862695056,0.9628784865458675
Aicda,0.17619057,2.2847805,0.8601442318587487,0.9628784865458675
Crybb1,0.17619057,1.6076475,0.8601442318587487,0.9628784865458675
Trim34b,0.17619057,1.7787442,0.8601442318587487,0.9628784865458675
Tnfrsf19,0.17619057,1.5685406,0.8601442318587487,0.9628784865458675
Dlk1,0.1761858,-0.10875444,0.8601479774511384,0.9628784865458675
Pappa2,0.1761858,1.3243504,0.8601479774511384,0.9628784865458675
Ccdc136,0.1761858,0.42779064,0.8601479774511384,0.9628784865458675
Nkpd1,0.1761858,-0.13531224,0.8601479774511384,0.9628784865458675
Atp4a,0.1761858,0.99759257,0.8601479774511384,0.9628784865458675
Fcor,0.1761858,1.2407469,0.8601479774511384,0.9628784865458675
Unc13a,0.1761858,0.71849006,0.8601479774511384,0.9628784865458675
Irx4,0.1761858,-1.1182396,0.8601479774511384,0.9628784865458675
Shank3,0.1761858,0.59842056,0.8601479774511384,0.9628784865458675
Rxfp4,0.1761858,0.17683792,0.8601479774511384,0.9628784865458675
Hist2h2aa1,0.1761858,1.4439187,0.8601479774511384,0.9628784865458675
Actl10,0.1761858,-0.15401681,0.8601479774511384,0.9628784865458675
Cyfip2,0.17506297,-1.1493019,0.861030151899602,0.9635995332321472
Rasal3,0.17496285,-1.6764032,0.8611088255746147,0.9635995332321472
Egr2,0.17492709,-0.25737756,0.8611369236497385,0.9635995332321472
Txk,0.17492232,-0.3498558,0.8611406700730353,0.9635995332321472
Jph1,0.17491755,-0.9246642,0.8611444164994567,0.9635995332321472
Myo1f,0.17364931,-0.54529786,0.8621410766204585,0.9646358388794608
Prickle4,0.17071232,16.885492,0.8644499718225205,0.9651660160575578
Ccdc106,0.17071232,17.847918,0.8644499718225205,0.9651660160575578
Ogdhl,0.17071232,17.923162,0.8644499718225205,0.9651660160575578
Dcdc2a,0.17071232,17.891035,0.8644499718225205,0.9651660160575578
Cd300lf,0.17071232,18.399487,0.8644499718225205,0.9651660160575578
Unc79,0.17071232,17.862349,0.8644499718225205,0.9651660160575578
Gpr153,0.17071232,17.053785,0.8644499718225205,0.9651660160575578
Zfp324,0.17071232,17.877983,0.8644499718225205,0.9651660160575578
Stxbp5l,0.17071232,17.066778,0.8644499718225205,0.9651660160575578
Slc25a2,0.17071232,18.01077,0.8644499718225205,0.9651660160575578
Galr3,0.17071232,17.22524,0.8644499718225205,0.9651660160575578
Fam169b,0.17071232,16.38822,0.8644499718225205,0.9651660160575578
Msrb3,0.17071232,17.310286,0.8644499718225205,0.9651660160575578
Vwce,0.17071232,17.866558,0.8644499718225205,0.9651660160575578
Hal,0.17071232,18.154507,0.8644499718225205,0.9651660160575578
Csf1r,0.17071232,18.957209,0.8644499718225205,0.9651660160575578
Klhl35,0.17071232,17.559385,0.8644499718225205,0.9651660160575578
Cd200r3,0.17071232,18.428577,0.8644499718225205,0.9651660160575578
Ppp1r3c,0.17071232,17.8512,0.8644499718225205,0.9651660160575578
P2rx1,0.17071232,17.769773,0.8644499718225205,0.9651660160575578
Krtap10-10,0.17071232,17.841864,0.8644499718225205,0.9651660160575578
Tubb6,0.17071232,17.188793,0.8644499718225205,0.9651660160575578
Asic3,0.17071232,17.543627,0.8644499718225205,0.9651660160575578
Slc30a2,0.17071232,17.72763,0.8644499718225205,0.9651660160575578
Neil2,0.17071232,17.291466,0.8644499718225205,0.9651660160575578
Iglc2,0.17071232,17.746782,0.8644499718225205,0.9651660160575578
Stra6,0.16947506,0.5507299,0.8654229791679645,0.9660283308811677
R3hdml,0.16947031,0.2677402,0.8654267291101697,0.9660283308811677
Gpm6a,0.16946077,-0.65447223,0.8654342290036698,0.9660283308811677
Slco3a1,0.16823305,0.3007529,0.8663999412841263,0.9667577841620398
Ifi206,0.16820444,-0.62943125,0.8664224457015435,0.9667577841620398
Itga4,0.16819014,-1.0877577,0.8664336979508611,0.9667577841620398
Slc6a1,0.16818537,-0.74243724,0.8664374487066492,0.9667577841620398
Msi1,0.1681806,-1.7126398,0.866441199465445,0.9667577841620398
Gpsm3,0.1667741,-1.6102378,0.867547804266344,0.9679135370271889
Vsir,0.1653199,-2.1309385,0.8686921940248684,0.9691112541434227
Sfrp5,0.16400875,2.1108348,0.8697242568091121,0.9693806399519513
Fitm1,0.16399921,1.7983824,0.8697317635353585,0.9693806399519513
Evi2,0.16399921,1.7595984,0.8697317635353585,0.9693806399519513
Vcan,0.16399445,0.3102935,0.869735516902884,0.9693806399519513
Ccl24,0.16399445,1.3407742,0.869735516902884,0.9693806399519513
Il1rl1,0.16399445,1.1356125,0.869735516902884,0.9693806399519513
Ms4a15,0.16399445,0.27089915,0.869735516902884,0.9693806399519513
Pcdhb7,0.16399445,-0.39711356,0.869735516902884,0.9693806399519513
Mzb1,0.16399445,0.33464888,0.869735516902884,0.9693806399519513
Cox6a2,0.16399445,1.81866,0.869735516902884,0.9693806399519513
Rab3c,0.16399445,0.9915417,0.869735516902884,0.9693806399519513
Apoa1,0.16393246,-1.9376513,0.8697843109477472,0.9693806399519513
S1pr1,0.16276911,-0.51678574,0.8707002294178743,0.9700396203132353
Tnfsf9,0.16274527,-0.35154718,0.8707190000566998,0.9700396203132353
Dzip1l,0.16273096,-1.6106853,0.8707302624749517,0.9700396203132353
Mxra8,0.16273096,-0.17099759,0.8707302624749517,0.9700396203132353
Lat,0.16273096,-0.479764,0.8707302624749517,0.9700396203132353
Myo1g,0.1614961,-0.4111245,0.8717026831699429,0.9709274862576653
Nlrc3,0.16145319,-0.94026476,0.8717364773456281,0.9709274862576653
Gpr34,0.16144842,-0.66359246,0.8717402322684911,0.9709274862576653
Prkcb,0.16012773,-1.5168957,0.8727804568956135,0.971677815097521
Rilpl1,0.15851858,17.721159,0.8740481757597518,0.971677815097521
Esyt3,0.15851858,17.06004,0.8740481757597518,0.971677815097521
Ptger1,0.15851858,17.738739,0.8740481757597518,0.971677815097521
Scara5,0.15851858,16.807257,0.8740481757597518,0.971677815097521
Efcab8,0.15851858,16.952806,0.8740481757597518,0.971677815097521
Lrp3,0.15851858,17.763006,0.8740481757597518,0.971677815097521
Syngr3,0.15851858,17.732397,0.8740481757597518,0.971677815097521
Jph4,0.15851858,17.310991,0.8740481757597518,0.971677815097521
Col25a1,0.15851858,17.646725,0.8740481757597518,0.971677815097521
Lrrc75b,0.15851858,18.67567,0.8740481757597518,0.971677815097521
Ect2l,0.15851858,17.202118,0.8740481757597518,0.971677815097521
Sdk1,0.15851858,17.57462,0.8740481757597518,0.971677815097521
Sult4a1,0.15851858,17.638405,0.8740481757597518,0.971677815097521
Eqtn,0.15851858,17.807894,0.8740481757597518,0.971677815097521
Tgm5,0.15851858,17.60539,0.8740481757597518,0.971677815097521
Exoc3l4,0.15851858,18.113373,0.8740481757597518,0.971677815097521
Pou4f1,0.15851858,17.74896,0.8740481757597518,0.971677815097521
Ttll11,0.15851858,17.580307,0.8740481757597518,0.971677815097521
Klra2,0.15851858,17.801344,0.8740481757597518,0.971677815097521
Timp1,0.15851858,17.471586,0.8740481757597518,0.971677815097521
Dlec1,0.15851858,17.664362,0.8740481757597518,0.971677815097521
Clic3,0.15851858,17.611704,0.8740481757597518,0.971677815097521
Gpr132,0.1573004,1.3660021,0.8750081011554829,0.9724538057112695
Sacs,0.15728134,1.1728106,0.8750231308078777,0.9724538057112695
Calcoco2,0.1572718,-0.84528834,0.8750306456509814,0.9724538057112695
Wdcp,0.1572718,-0.2964588,0.8750306456509814,0.9724538057112695
Plaat5,0.15602978,-0.255268,0.8760095500515074,0.9733336323794338
Ptprn,0.1559964,-1.1560577,0.8760358572084879,0.9733336323794338
Kif26b,0.1559964,-0.91202164,0.8760358572084879,0.9733336323794338
Sirpa,0.154721,-0.98612267,0.8770412687798969,0.97437154525673
Numbl,0.15180786,1.9528108,0.8793384831959072,0.9760556155768374
Zfp92,0.15180309,0.5775721,0.8793422437957321,0.9760556155768374
Krtap13,0.15180309,0.83347374,0.8793422437957321,0.9760556155768374
Rgs8,0.15180309,1.2767857,0.8793422437957321,0.9760556155768374
Notch3,0.15180309,-0.34973264,0.8793422437957321,0.9760556155768374
Syt16,0.15180309,-1.1072649,0.8793422437957321,0.9760556155768374
Ntn5,0.15180309,-0.19823135,0.8793422437957321,0.9760556155768374
Egfl8,0.15180309,1.4505711,0.8793422437957321,0.9760556155768374
Epx,0.15180309,-0.1632066,0.8793422437957321,0.9760556155768374
Atp1b2,0.15180309,1.1565391,0.8793422437957321,0.9760556155768374
Trbv4,0.15180309,-0.41505694,0.8793422437957321,0.9760556155768374
Serpina3g,0.15055868,-0.31031814,0.8803238531641898,0.9769991072778204
Runx1t1,0.15054439,-1.2821327,0.880335137102545,0.9769991072778204
Nckap1l,0.14926183,-1.3455869,0.8813470287387464,0.977679465426287
Ptgs1,0.14674442,-0.6427701,0.8833337570227691,0.977679465426287
Ackr4,0.1466586,-1.1097355,0.8834014994050704,0.977679465426287
Kcnb2,0.14632484,17.275633,0.8836649501037592,0.977679465426287
Lhfpl4,0.14632484,17.500729,0.8836649501037592,0.977679465426287
Sema4f,0.14632484,16.567017,0.8836649501037592,0.977679465426287
Ccdc96,0.14632484,17.300066,0.8836649501037592,0.977679465426287
Man1c1,0.14632484,16.812164,0.8836649501037592,0.977679465426287
Mamstr,0.14632484,17.054266,0.8836649501037592,0.977679465426287
Nid1,0.14632484,18.19393,0.8836649501037592,0.977679465426287
Tcrg-V7,0.14632484,18.758595,0.8836649501037592,0.977679465426287
Dmrta1,0.14632484,17.739254,0.8836649501037592,0.977679465426287
Art3,0.14632484,17.21089,0.8836649501037592,0.977679465426287
Celsr3,0.14632484,18.195131,0.8836649501037592,0.977679465426287
Npas3,0.14632484,17.829094,0.8836649501037592,0.977679465426287
Lct,0.14632484,18.077127,0.8836649501037592,0.977679465426287
Crip2,0.14632484,17.2366,0.8836649501037592,0.977679465426287
Rad21l,0.14632484,17.535603,0.8836649501037592,0.977679465426287
Cul9,0.14632484,17.711018,0.8836649501037592,0.977679465426287
Itgax,0.14632484,18.699245,0.8836649501037592,0.977679465426287
Pwwp3b,0.14632484,17.062862,0.8836649501037592,0.977679465426287
Ccl8,0.14632484,17.539625,0.8836649501037592,0.977679465426287
Upk3a,0.14632484,17.16024,0.8836649501037592,0.977679465426287
Rsph10b,0.14632484,17.49257,0.8836649501037592,0.977679465426287
Aif1,0.14632484,17.469814,0.8836649501037592,0.977679465426287
Sgce,0.14632484,17.890953,0.8836649501037592,0.977679465426287
Cldn34c1,0.14632484,17.17109,0.8836649501037592,0.977679465426287
Tubb4a,0.14632484,16.40024,0.8836649501037592,0.977679465426287
Tnfrsf22,0.14632484,17.680634,0.8836649501037592,0.977679465426287
Igsf21,0.14632484,17.798933,0.8836649501037592,0.977679465426287
Itgb1bp2,0.14632484,17.206493,0.8836649501037592,0.977679465426287
Ank2,0.14632484,16.852661,0.8836649501037592,0.977679465426287
Tspyl5,0.14632484,17.43785,0.8836649501037592,0.977679465426287
Klhl10,0.14632484,17.120686,0.8836649501037592,0.977679465426287
Abi3bp,0.14632484,17.946728,0.8836649501037592,0.977679465426287
Cacna1d,0.14632484,16.94779,0.8836649501037592,0.977679465426287
Traf3ip3,0.14632484,18.105345,0.8836649501037592,0.977679465426287
Rnf151,0.14632484,17.818628,0.8836649501037592,0.977679465426287
Kcnj8,0.14509237,0.38193575,0.8846379471599853,0.9780521369907276
Mfng,0.1450876,-0.4612189,0.8846417115106215,0.9780521369907276
Zfp641,0.14508283,-1.5201632,0.8846454758638617,0.9780521369907276
Lrrtm1,0.14508283,-0.5572679,0.8846454758638617,0.9780521369907276
Bicc1,0.14508283,-1.3164033,0.8846454758638617,0.9780521369907276
Syce1,0.14508283,-1.5078627,0.8846454758638617,0.9780521369907276
Tcrg-V1,0.14508283,0.75969297,0.8846454758638617,0.9780521369907276
Ccdc92b,0.14508283,0.041171584,0.8846454758638617,0.9780521369907276
Aldh1l2,0.14508283,-0.82046205,0.8846454758638617,0.9780521369907276
Klk8,0.14385034,-0.38312256,0.8856186482717197,0.9787657111657456
Tm6sf1,0.14383127,-0.41559896,0.8856337083918018,0.9787657111657456
Klre1,0.1438122,-2.0897624,0.8856487685531946,0.9787657111657456
Ly9,0.1438122,-1.595429,0.8856487685531946,0.9787657111657456
Arhgef17,0.1438122,-2.4463885,0.8856487685531946,0.9787657111657456
Ifi203,0.14251296,-0.7317518,0.8866748390219698,0.9798204786768029
Sgcg,0.1396165,0.6590285,0.8889629986705512,0.9810847005453207
Gfpt2,0.1396165,1.3692001,0.8889629986705512,0.9810847005453207
Cypt1,0.1396165,0.31409326,0.8889629986705512,0.9810847005453207
Cyp26b1,0.13961174,-0.384124,0.8889667659566413,0.9810847005453207
Unc93a2,0.13961174,0.39418545,0.8889667659566413,0.9810847005453207
Stac,0.13961174,0.6725762,0.8889667659566413,0.9810847005453207
Plekhb1,0.13961174,1.717838,0.8889667659566413,0.9810847005453207
Oscar,0.13961174,-0.3359549,0.8889667659566413,0.9810847005453207
Cdkl4,0.13961174,-0.15690812,0.8889667659566413,0.9810847005453207
Nrxn1,0.13961174,0.7949301,0.8889667659566413,0.9810847005453207
Cpne5,0.13961174,-1.0358428,0.8889667659566413,0.9810847005453207
Dgki,0.13961174,0.57548404,0.8889667659566413,0.9810847005453207
Kcnk3,0.13961174,-0.31933832,0.8889667659566413,0.9810847005453207
Lrrn3,0.13961174,-0.51450634,0.8889667659566413,0.9810847005453207
Dner,0.13961174,0.47307703,0.8889667659566413,0.9810847005453207
P2ry10b,0.13961174,0.76776725,0.8889667659566413,0.9810847005453207
Serpini1,0.13836734,0.07934563,0.8899501131173497,0.9818613029511135
Cercam,0.13836257,-0.51973677,0.8899538810575802,0.9818613029511135
Rhoj,0.13836257,-1.1318747,0.8899538810575802,0.9818613029511135
Kcnj11,0.1383578,-1.5852948,0.8899576490002963,0.9818613029511135
Gck,0.13413112,17.604176,0.893298898250345,0.9830888808605721
Synpo2l,0.13413112,16.869802,0.893298898250345,0.9830888808605721
Cadps,0.13413112,16.660067,0.893298898250345,0.9830888808605721
Tbx2,0.13413112,17.526861,0.893298898250345,0.9830888808605721
A2ml1,0.13413112,17.041355,0.893298898250345,0.9830888808605721
G0s2,0.13413112,17.566236,0.893298898250345,0.9830888808605721
Aldh3b3,0.13413112,17.568401,0.893298898250345,0.9830888808605721
Pcbp3,0.13413112,17.10256,0.893298898250345,0.9830888808605721
Tgm4,0.13413112,17.16645,0.893298898250345,0.9830888808605721
Zfp248,0.13413112,16.942308,0.893298898250345,0.9830888808605721
Sptb,0.13413112,17.876019,0.893298898250345,0.9830888808605721
Tmod1,0.13413112,17.66425,0.893298898250345,0.9830888808605721
Samd3,0.13413112,17.700167,0.893298898250345,0.9830888808605721
Gprin1,0.13413112,17.411322,0.893298898250345,0.9830888808605721
Kcnj14,0.13413112,16.654629,0.893298898250345,0.9830888808605721
Tekt5,0.13413112,18.17269,0.893298898250345,0.9830888808605721
Ccn6,0.13413112,17.926924,0.893298898250345,0.9830888808605721
Otud7a,0.13413112,17.365427,0.893298898250345,0.9830888808605721
Slc17a3,0.13413112,17.325981,0.893298898250345,0.9830888808605721
Terb1,0.13413112,15.929846,0.893298898250345,0.9830888808605721
Gprc5b,0.13413112,16.759083,0.893298898250345,0.9830888808605721
Fam131a,0.13413112,17.849352,0.893298898250345,0.9830888808605721
Rprml,0.13413112,17.649178,0.893298898250345,0.9830888808605721
Lbx2,0.13413112,18.170145,0.893298898250345,0.9830888808605721
Thap8,0.13413112,17.050133,0.893298898250345,0.9830888808605721
Cdk5r2,0.13413112,17.446144,0.893298898250345,0.9830888808605721
Efs,0.13413112,17.420237,0.893298898250345,0.9830888808605721
Fam166b,0.13413112,19.125982,0.893298898250345,0.9830888808605721
Rab44,0.13413112,16.382238,0.893298898250345,0.9830888808605721
Sh2d5,0.13413112,17.716095,0.893298898250345,0.9830888808605721
Slfn3,0.13413112,17.09106,0.893298898250345,0.9830888808605721
Arhgef6,0.13312271,-1.6644661,0.8940963312392176,0.9834533497351369
Skap1,0.1329034,0.19045642,0.8942697824028113,0.9834533497351369
Lyzl4,0.1329034,0.6078995,0.8942697824028113,0.9834533497351369
Krt14,0.13289863,-0.32690647,0.8942735531364606,0.9834533497351369
Tent5b,0.13289863,-0.6585831,0.8942735531364606,0.9834533497351369
Cd69,0.13289386,0.2469422,0.8942773238724991,0.9834533497351369
Rtl5,0.13289386,-1.240395,0.8942773238724991,0.9834533497351369
Slc35d3,0.13289386,-1.144285,0.8942773238724991,0.9834533497351369
Nme5,0.13289386,-0.84909534,0.8942773238724991,0.9834533497351369
Hvcn1,0.13037644,-1.0985874,0.8962686041005837,0.9855220229695764
Ypel1,0.13033353,-2.3561783,0.8963025520784367,0.9855220229695764
Jchain,0.12769215,-1.7923518,0.898392601869243,0.9867871251640437
Spi1,0.12742515,1.835339,0.8986039099161514,0.9867871251640437
Bhlha9,0.12742515,1.1328695,0.8986039099161514,0.9867871251640437
Ncr1,0.12742515,1.4735599,0.8986039099161514,0.9867871251640437
Lrguk,0.12742038,0.026771244,0.8986076833395127,0.9867871251640437
Notum,0.12742038,0.087235205,0.8986076833395127,0.9867871251640437
Tmem61,0.12742038,-0.70348066,0.8986076833395127,0.9867871251640437
Mroh7,0.12742038,-1.2167811,0.8986076833395127,0.9867871251640437
Trbv3,0.12742038,0.111503616,0.8986076833395127,0.9867871251640437
Irak1bp1,0.12742038,-0.43609136,0.8986076833395127,0.9867871251640437
Pcyt1b,0.12742038,-0.020113172,0.8986076833395127,0.9867871251640437
Eda,0.12742038,-0.6518996,0.8986076833395127,0.9867871251640437
Ikzf4,0.12742038,-0.53495884,0.8986076833395127,0.9867871251640437
Hyal5,0.12742038,-0.20181704,0.8986076833395127,0.9867871251640437
Dao,0.12742038,0.5248928,0.8986076833395127,0.9867871251640437
Olfr829,0.12742038,0.23615214,0.8986076833395127,0.9867871251640437
Wfdc13,0.12617122,-1.1049383,0.8995963989882154,0.9875556519357667
Pdcl2,0.12617122,-1.2567587,0.8995963989882154,0.9875556519357667
Pcdhb5,0.12617122,-1.9797845,0.8995963989882154,0.9875556519357667
Cxcr6,0.12617122,-1.2271239,0.8995963989882154,0.9875556519357667
Hmx2,0.12490773,-1.0354699,0.9005965943328604,0.988574283793696
Zap70,0.12229973,-1.4326837,0.9026616459591936,0.9887750099026371
Dusp27,0.12193737,17.036987,0.9029486159900645,0.9887750099026371
Tubb3,0.12193737,18.0494,0.9029486159900645,0.9887750099026371
Col7a1,0.12193737,17.057728,0.9029486159900645,0.9887750099026371
Adarb1,0.12193737,18.024284,0.9029486159900645,0.9887750099026371
Ebi3,0.12193737,17.454603,0.9029486159900645,0.9887750099026371
Sntb1,0.12193737,17.963028,0.9029486159900645,0.9887750099026371
Zfp442,0.12193737,17.223583,0.9029486159900645,0.9887750099026371
Cysltr2,0.12193737,17.11448,0.9029486159900645,0.9887750099026371
Vcam1,0.12193737,17.452938,0.9029486159900645,0.9887750099026371
Mb,0.12193737,17.193954,0.9029486159900645,0.9887750099026371
Wdr93,0.12193737,17.0366,0.9029486159900645,0.9887750099026371
Trim46,0.12193737,16.930103,0.9029486159900645,0.9887750099026371
Trat1,0.12193737,17.593588,0.9029486159900645,0.9887750099026371
Tex15,0.12193737,17.005077,0.9029486159900645,0.9887750099026371
Lcn2,0.12193737,17.473974,0.9029486159900645,0.9887750099026371
Mapk4,0.12193737,17.229599,0.9029486159900645,0.9887750099026371
Nme9,0.12193737,16.140469,0.9029486159900645,0.9887750099026371
Hsd17b1,0.12193737,16.929304,0.9029486159900645,0.9887750099026371
Caps2,0.12193737,17.23683,0.9029486159900645,0.9887750099026371
Actl9,0.12193737,16.922775,0.9029486159900645,0.9887750099026371
Mrvi1,0.12193737,16.220463,0.9029486159900645,0.9887750099026371
Ecm2,0.12193737,18.362171,0.9029486159900645,0.9887750099026371
Trbv1,0.12193737,17.046333,0.9029486159900645,0.9887750099026371
Rrh,0.12193737,17.269205,0.9029486159900645,0.9887750099026371
Il18rap,0.12193737,17.947914,0.9029486159900645,0.9887750099026371
Nxph3,0.12193737,16.978106,0.9029486159900645,0.9887750099026371
Cyp27b1,0.12193737,17.752422,0.9029486159900645,0.9887750099026371
Dlg2,0.12193737,17.075802,0.9029486159900645,0.9887750099026371
Lhx3,0.12193737,16.945625,0.9029486159900645,0.9887750099026371
Lyz2,0.12070966,-0.05415967,0.9039210098073687,0.9890519646095699
Kcnmb2,0.12070966,-0.6944328,0.9039210098073687,0.9890519646095699
Mroh8,0.12070966,-0.70529443,0.9039210098073687,0.9890519646095699
Olfr78,0.12070489,-0.11583714,0.903924786375898,0.9890519646095699
Edaradd,0.12070489,-1.869542,0.903924786375898,0.9890519646095699
Spatc1l,0.12070489,-1.9306598,0.903924786375898,0.9890519646095699
Tespa1,0.12070489,-1.1063864,0.903924786375898,0.9890519646095699
Mapk12,0.12070489,-0.002038527,0.903924786375898,0.9890519646095699
Cpa3,0.12070489,-0.4001264,0.903924786375898,0.9890519646095699
Pcdhb19,0.12070489,-0.6077123,0.903924786375898,0.9890519646095699
Rassf2,0.11958683,-1.5698924,0.9048104515274636,0.9899418293173906
Pacrg,0.1194581,-1.5595257,0.9049124333899914,0.9899742021286506
Coro6,0.1152481,3.21931,0.908248472612734,0.9917362324015165
Clec4a1,0.11524334,2.4505808,0.908252251615423,0.9917362324015165
Agrp,0.1152338,1.1827989,0.9082598096270303,0.9917362324015165
Ctnna2,0.1152338,1.3113774,0.9082598096270303,0.9917362324015165
Pax5,0.1152338,0.9667009,0.9082598096270303,0.9917362324015165
Sapcd1,0.11522903,0.13725121,0.9082635886359484,0.9917362324015165
Fbxo16,0.11522903,0.59700066,0.9082635886359484,0.9917362324015165
Fcgr2b,0.11522903,-0.8586326,0.9082635886359484,0.9917362324015165
Crmp1,0.11522903,0.5099584,0.9082635886359484,0.9917362324015165
Chat,0.11522903,0.7799845,0.9082635886359484,0.9917362324015165
Tff2,0.11522903,-0.48517945,0.9082635886359484,0.9917362324015165
Adig,0.11522903,-0.10182812,0.9082635886359484,0.9917362324015165
Slc22a29,0.11522903,-1.153433,0.9082635886359484,0.9917362324015165
Tmigd3,0.11522903,-1.0965625,0.9082635886359484,0.9917362324015165
Klrb1c,0.11522903,0.40399516,0.9082635886359484,0.9917362324015165
Adgrf4,0.11522903,0.6151925,0.9082635886359484,0.9917362324015165
Cfap53,0.11522903,0.2905839,0.9082635886359484,0.9917362324015165
Pianp,0.11522903,0.8473788,0.9082635886359484,0.9917362324015165
Rims3,0.11522903,0.41319507,0.9082635886359484,0.9917362324015165
Iffo1,0.11522903,-1.2948908,0.9082635886359484,0.9917362324015165
Fam167a,0.11522903,-0.15700375,0.9082635886359484,0.9917362324015165
Htra3,0.11522903,1.0772603,0.9082635886359484,0.9917362324015165
Rasl12,0.11522903,-0.7813976,0.9082635886359484,0.9917362324015165
Ccr5,0.11522903,1.5603484,0.9082635886359484,0.9917362324015165
Kctd12b,0.114003696,-0.18716043,0.9092348625190447,0.9924170712786816
Arhgap15,0.11398939,-0.5621023,0.9092462011504789,0.9924170712786816
Aqp3,0.11398463,-1.7935892,0.9092499806983987,0.9924170712786816
Mst1,0.11398463,-1.5755788,0.9092499806983987,0.9924170712786816
Nek11,0.11398463,-2.0658724,0.9092499806983987,0.9924170712786816
Runx3,0.112795055,-1.6965883,0.9101930418731209,0.9930754010319897
Sla,0.11272592,-1.3643062,0.9102478529392127,0.9930754010319897
Avpr1b,0.10974364,17.912266,0.9126126921220487,0.9930754010319897
Shc4,0.10974364,16.360722,0.9126126921220487,0.9930754010319897
Galr1,0.10974364,17.021284,0.9126126921220487,0.9930754010319897
Oit3,0.10974364,17.237564,0.9126126921220487,0.9930754010319897
Trps1,0.10974364,17.906816,0.9126126921220487,0.9930754010319897
Tspan18,0.10974364,16.862886,0.9126126921220487,0.9930754010319897
Adam8,0.10974364,17.892448,0.9126126921220487,0.9930754010319897
Cfap44,0.10974364,16.697395,0.9126126921220487,0.9930754010319897
Mos,0.10974364,17.798117,0.9126126921220487,0.9930754010319897
Uts2b,0.10974364,16.832409,0.9126126921220487,0.9930754010319897
Spock1,0.10974364,17.351248,0.9126126921220487,0.9930754010319897
Neurod2,0.10974364,17.820585,0.9126126921220487,0.9930754010319897
Spink5,0.10974364,16.980726,0.9126126921220487,0.9930754010319897
Nphp4,0.10974364,16.951677,0.9126126921220487,0.9930754010319897
Nptx2,0.10974364,15.89199,0.9126126921220487,0.9930754010319897
Fam24b,0.10974364,17.953083,0.9126126921220487,0.9930754010319897
S100a9,0.10974364,18.626205,0.9126126921220487,0.9930754010319897
Pdia2,0.10974364,18.119905,0.9126126921220487,0.9930754010319897
Cldnd2,0.10974364,16.342577,0.9126126921220487,0.9930754010319897
Nxnl2,0.10974364,17.367523,0.9126126921220487,0.9930754010319897
Apcdd1,0.10974364,16.865683,0.9126126921220487,0.9930754010319897
Rragd,0.10974364,17.162832,0.9126126921220487,0.9930754010319897
Ggta1,0.10974364,18.330124,0.9126126921220487,0.9930754010319897
Pate2,0.10974364,17.21241,0.9126126921220487,0.9930754010319897
Htra1,0.10974364,17.913551,0.9126126921220487,0.9930754010319897
Fgf7,0.10974364,17.075104,0.9126126921220487,0.9930754010319897
Camk4,0.10974364,18.409163,0.9126126921220487,0.9930754010319897
Rnase12,0.10974364,16.793482,0.9126126921220487,0.9930754010319897
Fat4,0.10974364,17.731003,0.9126126921220487,0.9930754010319897
Atp6v0a4,0.10974364,17.54461,0.9126126921220487,0.9930754010319897
Il12rb2,0.10974364,17.637255,0.9126126921220487,0.9930754010319897
Cd40,0.10974364,16.83092,0.9126126921220487,0.9930754010319897
Rab3il1,0.10974364,17.619762,0.9126126921220487,0.9930754010319897
Pip5kl1,0.10974364,17.386715,0.9126126921220487,0.9930754010319897
Zmynd10,0.10974364,17.458843,0.9126126921220487,0.9930754010319897
Gprasp2,0.10974364,16.01836,0.9126126921220487,0.9930754010319897
Cd27,0.10853499,0.75776494,0.9135713257742792,0.993739639428513
Fasl,0.10852069,-0.31581947,0.9135826713069196,0.993739639428513
Gfi1b,0.10852069,-0.26708594,0.9135826713069196,0.993739639428513
Tgfb1i1,0.10851592,-0.3540938,0.9135864531550467,0.993739639428513
P2ry10,0.10851592,-0.993913,0.9135864531550467,0.993739639428513
Ifitm10,0.10726913,-1.0343297,0.9145754733438304,0.9946654243293745
Gpr15,0.107259594,-1.4820513,0.914583038063441,0.9946654243293745
Lef1,0.105984196,-1.5366817,0.915594888762711,0.9956866881773418
Scg3,0.103342816,-1.8333089,0.917690893064695,0.9962592056085444
Hbb-bt,0.10306152,2.897509,0.9179141477085502,0.9962592056085444
Tnfaip2,0.10305198,1.7471685,0.917921715776101,0.9962592056085444
Col23a1,0.10305198,2.3885245,0.917921715776101,0.9962592056085444
Wnt10b,0.10305198,1.9981568,0.917921715776101,0.9962592056085444
AU021092,0.10305198,2.2781377,0.917921715776101,0.9962592056085444
Iapp,0.103047214,1.4754678,0.9179254998126655,0.9962592056085444
Zfp57,0.103047214,1.7007508,0.9179254998126655,0.9962592056085444
Scg2,0.103042446,1.2283659,0.917929283851089,0.9962592056085444
Klrb1b,0.103042446,1.1881069,0.917929283851089,0.9962592056085444
Tmem130,0.10303768,-0.35582054,0.9179330678913715,0.9962592056085444
Crtac1,0.10303768,-1.6573608,0.9179330678913715,0.9962592056085444
Slc38a5,0.10303768,-1.8575174,0.9179330678913715,0.9962592056085444
Scnn1g,0.10303768,-0.716882,0.9179330678913715,0.9962592056085444
Fam20c,0.10303768,-0.4712004,0.9179330678913715,0.9962592056085444
Pcdhgb7,0.10303768,-0.893624,0.9179330678913715,0.9962592056085444
Was,0.10303768,0.7192465,0.9179330678913715,0.9962592056085444
Tmem74b,0.10303768,-2.4354694,0.9179330678913715,0.9962592056085444
Gata3,0.10303768,0.9869436,0.9179330678913715,0.9962592056085444
Slc6a13,0.10303768,0.4245848,0.9179330678913715,0.9962592056085444
Adcy7,0.10303768,-0.45840165,0.9179330678913715,0.9962592056085444
Tmem45a,0.10303768,-0.08260385,0.9179330678913715,0.9962592056085444
Gpr174,0.10182188,0.27256316,0.9188980586050912,0.9962592056085444
Gprc5c,0.10181234,-0.38045245,0.9189056276337313,0.9962592056085444
Itprid1,0.10181234,-0.481698,0.9189056276337313,0.9962592056085444
Fzd9,0.10180758,-1.1410328,0.918909412150807,0.9962592056085444
Milr1,0.10180281,-0.90256405,0.9189131966697198,0.9962592056085444
Tmem210,0.10179804,-2.114733,0.9189169811904695,0.9962592056085444
Adgrg5,0.10179804,-1.0308119,0.9189169811904695,0.9962592056085444
Slit1,0.10179804,-1.8133385,0.9189169811904695,0.9962592056085444
Pld4,0.10179804,-1.1175253,0.9189169811904695,0.9962592056085444
Armcx4,0.10179804,-1.590017,0.9189169811904695,0.9962592056085444
Satb1,0.10054887,-1.0331125,0.9199085886563514,0.9962592056085444
Ooep,0.1005298,-1.5834209,0.9199237286708586,0.9962592056085444
Tmem249,0.0975499,16.427534,0.9222897090729931,0.9962592056085444
Tbx21,0.0975499,18.351841,0.9222897090729931,0.9962592056085444
Ly6g6f,0.0975499,16.057806,0.9222897090729931,0.9962592056085444
Ccdc184,0.0975499,16.236258,0.9222897090729931,0.9962592056085444
Sntg2,0.0975499,16.8731,0.9222897090729931,0.9962592056085444
Foxp3,0.0975499,16.128014,0.9222897090729931,0.9962592056085444
Gna15,0.0975499,17.523031,0.9222897090729931,0.9962592056085444
F2rl3,0.0975499,16.786577,0.9222897090729931,0.9962592056085444
Fjx1,0.0975499,16.411606,0.9222897090729931,0.9962592056085444
Elavl3,0.0975499,16.167065,0.9222897090729931,0.9962592056085444
Prcd,0.0975499,16.708076,0.9222897090729931,0.9962592056085444
C2cd4c,0.0975499,15.565516,0.9222897090729931,0.9962592056085444
Tbkbp1,0.0975499,17.164707,0.9222897090729931,0.9962592056085444
Tuba8,0.0975499,16.920752,0.9222897090729931,0.9962592056085444
AY761184,0.0975499,17.566753,0.9222897090729931,0.9962592056085444
Pacsin1,0.0975499,17.013693,0.9222897090729931,0.9962592056085444
Syt10,0.0975499,17.332432,0.9222897090729931,0.9962592056085444
Cby3,0.0975499,17.702415,0.9222897090729931,0.9962592056085444
Pfn4,0.0975499,16.790022,0.9222897090729931,0.9962592056085444
Tmc3,0.0975499,17.057098,0.9222897090729931,0.9962592056085444
Tprg,0.0975499,16.628683,0.9222897090729931,0.9962592056085444
Fbln5,0.0975499,16.270247,0.9222897090729931,0.9962592056085444
Skint8,0.0975499,17.11973,0.9222897090729931,0.9962592056085444
Amz1,0.0975499,17.946102,0.9222897090729931,0.9962592056085444
Nlgn3,0.0975499,17.230124,0.9222897090729931,0.9962592056085444
Bhlhe41,0.0975499,18.054548,0.9222897090729931,0.9962592056085444
Fsip1,0.0975499,15.939053,0.9222897090729931,0.9962592056085444
Bmp6,0.0975499,16.761635,0.9222897090729931,0.9962592056085444
Slc2a2,0.0975499,16.067533,0.9222897090729931,0.9962592056085444
Btbd17,0.0975499,16.388037,0.9222897090729931,0.9962592056085444
Tmem52b,0.0975499,16.577944,0.9222897090729931,0.9962592056085444
Coch,0.0975499,18.049835,0.9222897090729931,0.9962592056085444
Adgrg3,0.0975499,17.872173,0.9222897090729931,0.9962592056085444
Dmxl2,0.0975499,17.472885,0.9222897090729931,0.9962592056085444
Pirt,0.0975499,18.045681,0.9222897090729931,0.9962592056085444
Dnah9,0.0975499,17.191532,0.9222897090729931,0.9962592056085444
Crlf1,0.0975499,15.586671,0.9222897090729931,0.9962592056085444
Trpv2,0.0975499,17.53187,0.9222897090729931,0.9962592056085444
Icam4,0.0975499,17.361073,0.9222897090729931,0.9962592056085444
Hils1,0.0975499,16.691809,0.9222897090729931,0.9962592056085444
Cyp2ab1,0.0975499,17.28412,0.9222897090729931,0.9962592056085444
Kcnk16,0.0975499,16.778774,0.9222897090729931,0.9962592056085444
Slc25a21,0.0975499,16.530518,0.9222897090729931,0.9962592056085444
Il11,0.0975499,17.18183,0.9222897090729931,0.9962592056085444
Adam19,0.0975499,18.501347,0.9222897090729931,0.9962592056085444
Wee2,0.0975499,16.843702,0.9222897090729931,0.9962592056085444
Ppef2,0.0975499,16.145412,0.9222897090729931,0.9962592056085444
Timm8a2,0.0975499,16.58368,0.9222897090729931,0.9962592056085444
Gdf9,0.0975499,16.583786,0.9222897090729931,0.9962592056085444
Dll3,0.0975499,16.558153,0.9222897090729931,0.9962592056085444
Tmem229a,0.09634602,0.752728,0.9232457614116735,0.9962592056085444
Zfp831,0.09634602,1.473414,0.9232457614116735,0.9962592056085444
Myh10,0.09634602,-0.10479926,0.9232457614116735,0.9962592056085444
Mef2c,0.09634125,-0.6693132,0.9232495479789448,0.9962592056085444
Adgrd1,0.096336484,-0.21075547,0.9232533345479554,0.9962592056085444
Cd28,0.096331716,-0.79403055,0.9232571211187054,0.9962592056085444
Celf5,0.096331716,-0.9211788,0.9232571211187054,0.9962592056085444
H2-Eb2,0.096331716,-1.017392,0.9232571211187054,0.9962592056085444
Adcy3,0.096331716,-0.6275474,0.9232571211187054,0.9962592056085444
Trbv19,0.09632695,-0.017259128,0.9232609076911944,0.9962592056085444
Nr4a3,0.09632695,-1.1071782,0.9232609076911944,0.9962592056085444
Nuggc,0.09632695,-0.9819896,0.9232609076911944,0.9962592056085444
Grk3,0.09632695,-0.835271,0.9232609076911944,0.9962592056085444
Mptx2,0.09632695,-0.78580344,0.9232609076911944,0.9962592056085444
Ninj2,0.09508493,-1.4051082,0.9242473688064651,0.9970171447162447
Gdf11,0.09508493,-0.89928234,0.9242473688064651,0.9970171447162447
Trbv14,0.09507539,-1.0809785,0.92425494285688,0.9970171447162447
Trbv17,0.09507539,-1.3244694,0.92425494285688,0.9970171447162447
Gpc2,0.09085586,1.5794551,0.927607124097257,0.9985947481615235
Kcnip2,0.09085109,1.1756965,0.9276109126108363,0.9985947481615235
Clcf1,0.09085109,0.9966607,0.9276109126108363,0.9985947481615235
Clec2i,0.09085109,1.3418579,0.9276109126108363,0.9985947481615235
Themis,0.09085109,1.2822255,0.9276109126108363,0.9985947481615235
Spdya,0.09085109,0.32554874,0.9276109126108363,0.9985947481615235
Cd86,0.09085109,1.6564032,0.9276109126108363,0.9985947481615235
Cd34,0.09085109,0.9414456,0.9276109126108363,0.9985947481615235
Slc38a4,0.09084632,-1.4320016,0.9276147011260567,0.9985947481615235
Pou2af1,0.09084632,0.033153184,0.9276147011260567,0.9985947481615235
Pcdhb4,0.09084632,-0.4375834,0.9276147011260567,0.9985947481615235
Samsn1,0.09084632,0.20834254,0.9276147011260567,0.9985947481615235
Zfp651,0.09084632,-1.7580132,0.9276147011260567,0.9985947481615235
Osbp2,0.09084632,0.6303669,0.9276147011260567,0.9985947481615235
Tnfrsf13c,0.09084632,0.017066306,0.9276147011260567,0.9985947481615235
Zfp583,0.09084632,-0.009261104,0.9276147011260567,0.9985947481615235
Catsperg1,0.09084632,-0.3138354,0.9276147011260567,0.9985947481615235
Npffr1,0.09084632,-0.5975148,0.9276147011260567,0.9985947481615235
Psors1c2,0.09084632,0.28817114,0.9276147011260567,0.9985947481615235
Grm4,0.09084632,0.7961684,0.9276147011260567,0.9985947481615235
Apon,0.09084632,0.76126105,0.9276147011260567,0.9985947481615235
Adcy1,0.09084632,-0.99651647,0.9276147011260567,0.9985947481615235
Ankrd6,0.09084632,0.9007564,0.9276147011260567,0.9985947481615235
Gsdma,0.08962576,-0.48656213,0.9285846147646036,0.9985947481615235
Cfap45,0.08962099,-1.2671338,0.9285884036987404,0.9985947481615235
Klrb1a,0.08962099,-1.0051326,0.9285884036987404,0.9985947481615235
Krt80,0.08962099,-0.9650397,0.9285884036987404,0.9985947481615235
AB124611,0.08962099,-0.78214383,0.9285884036987404,0.9985947481615235
Klrc1,0.089616224,-1.1125757,0.9285921926344962,0.9985947481615235
Pglyrp2,0.089611456,-1.4499705,0.928595981571871,0.9985947481615235
Adgrb3,0.089611456,-0.7682494,0.928595981571871,0.9985947481615235
Cybb,0.088362284,-1.067254,0.9295887386816021,0.9985947481615235
Hmgn3,0.08835275,-2.1057506,0.9295963174035664,0.9985947481615235
Ripply1,0.0870702,-1.8842038,0.9306157134138735,0.9985947481615235
Nim1k,0.08535616,15.977731,0.9319782435208602,0.9985947481615235
Tspoap1,0.08535616,16.281256,0.9319782435208602,0.9985947481615235
Fndc11,0.08535616,17.194252,0.9319782435208602,0.9985947481615235
Actg2,0.08535616,17.128601,0.9319782435208602,0.9985947481615235
S100a8,0.08535616,17.795353,0.9319782435208602,0.9985947481615235
Armcx2,0.08535616,17.132353,0.9319782435208602,0.9985947481615235
Fbxw13,0.08535616,16.739208,0.9319782435208602,0.9985947481615235
Fgf14,0.08535616,17.295275,0.9319782435208602,0.9985947481615235
Gldc,0.08535616,16.244684,0.9319782435208602,0.9985947481615235
Drp2,0.08535616,16.518688,0.9319782435208602,0.9985947481615235
Erich3,0.08535616,16.72896,0.9319782435208602,0.9985947481615235
Aff3,0.08535616,18.086252,0.9319782435208602,0.9985947481615235
Cga,0.08535616,17.524439,0.9319782435208602,0.9985947481615235
Ppp1r27,0.08535616,15.891846,0.9319782435208602,0.9985947481615235
Spata20,0.08535616,16.427538,0.9319782435208602,0.9985947481615235
Nanos3,0.08535616,16.444817,0.9319782435208602,0.9985947481615235
Zbtb46,0.08535616,17.372131,0.9319782435208602,0.9985947481615235
Adgb,0.08535616,16.987524,0.9319782435208602,0.9985947481615235
Pcdhgb1,0.08535616,15.964498,0.9319782435208602,0.9985947481615235
Fkbp10,0.08535616,15.876605,0.9319782435208602,0.9985947481615235
Rubcnl,0.08535616,17.160366,0.9319782435208602,0.9985947481615235
Tmem71,0.08535616,17.17628,0.9319782435208602,0.9985947481615235
Col27a1,0.08535616,15.855124,0.9319782435208602,0.9985947481615235
Igfbp7,0.08535616,17.282845,0.9319782435208602,0.9985947481615235
Il5ra,0.08535616,17.759413,0.9319782435208602,0.9985947481615235
Zfp872,0.08535616,17.503738,0.9319782435208602,0.9985947481615235
Ddx25,0.08535616,16.460386,0.9319782435208602,0.9985947481615235
Vgf,0.08535616,16.928606,0.9319782435208602,0.9985947481615235
Relt,0.08535616,16.565767,0.9319782435208602,0.9985947481615235
Igfbp3,0.08535616,18.336546,0.9319782435208602,0.9985947481615235
Fcrla,0.08535616,17.637615,0.9319782435208602,0.9985947481615235
Tmem269,0.08535616,16.18663,0.9319782435208602,0.9985947481615235
Ttbk1,0.08535616,17.323952,0.9319782435208602,0.9985947481615235
Btla,0.08535616,17.664955,0.9319782435208602,0.9985947481615235
Mlf1,0.08535616,17.163418,0.9319782435208602,0.9985947481615235
Syn1,0.08535616,16.148441,0.9319782435208602,0.9985947481615235
Lzts1,0.08535616,16.660543,0.9319782435208602,0.9985947481615235
Kcns3,0.08535616,16.684467,0.9319782435208602,0.9985947481615235
Clec3b,0.08535616,17.654795,0.9319782435208602,0.9985947481615235
Phyhipl,0.08535616,16.81075,0.9319782435208602,0.9985947481615235
Hspb7,0.08535616,16.3641,0.9319782435208602,0.9985947481615235
Trim30b,0.08535616,17.285112,0.9319782435208602,0.9985947481615235
Brd3os,0.08535616,16.116285,0.9319782435208602,0.9985947481615235
Aldoa-1,0.08535616,17.12843,0.9319782435208602,0.9985947481615235
Wfdc15b,0.08535616,17.281054,0.9319782435208602,0.9985947481615235
Btnl9,0.08535616,17.887388,0.9319782435208602,0.9985947481615235
Duox1,0.08535616,16.930458,0.9319782435208602,0.9985947481615235
Il27ra,0.08535616,17.498964,0.9319782435208602,0.9985947481615235
Mtnr1a,0.08535616,15.603992,0.9319782435208602,0.9985947481615235
Actr3b,0.08535616,17.012724,0.9319782435208602,0.9985947481615235
Trib3,0.08415705,0.70941526,0.9329315648398409,0.9985947481615235
Arg1,0.08414751,0.486201,0.9329391463112708,0.9985947481615235
Serpina1b,0.08414751,-0.10025799,0.9329391463112708,0.9985947481615235
Spag4,0.08414751,-0.6624104,0.9329391463112708,0.9985947481615235
Acss3,0.08414751,0.17977361,0.9329391463112708,0.9985947481615235
Arx,0.084142745,-0.90153867,0.9329429370492671,0.9985947481615235
Vash2,0.084142745,-0.693594,0.9329429370492671,0.9985947481615235
Tnfrsf26,0.08413798,-0.30771217,0.9329467277887842,0.9985947481615235
Parvg,0.08413798,-0.7764753,0.9329467277887842,0.9985947481615235
Efcab1,0.08413798,-1.1800103,0.9329467277887842,0.9985947481615235
Cyp4x1,0.08413798,-2.1211061,0.9329467277887842,0.9985947481615235
Parp8,0.08413798,-1.5390503,0.9329467277887842,0.9985947481615235
Cfap61,0.08413798,-1.8473101,0.9329467277887842,0.9985947481615235
BC067074,0.08413798,-0.7514299,0.9329467277887842,0.9985947481615235
Gpr18,0.08290549,-1.1405178,0.9339266847117192,0.9994170984344076
Nefl,0.082900725,-1.639991,0.9339304758429823,0.9994170984344076
Lta,0.08289596,-1.4901506,0.9339342669757437,0.9994170984344076
Kcnab2,0.08165394,-1.2901908,0.9349219078434965,1.0
Spag6l,0.078659736,1.6977687,0.9373032705288761,1.0
Lrrc17,0.07865497,-0.044256292,0.9373070629606185,1.0
Morc1,0.07865497,-1.0151864,0.9373070629606185,1.0
Zfp354c,0.07865497,-0.5494408,0.9373070629606185,1.0
F2,0.07865497,-0.8167086,0.9373070629606185,1.0
Snx22,0.07865497,0.27700928,0.9373070629606185,1.0
Hpca,0.07865497,-0.7636285,0.9373070629606185,1.0
Gem,0.07865497,0.028279893,0.9373070629606185,1.0
H2-Oa,0.07865497,-0.43888763,0.9373070629606185,1.0
Card9,0.07865497,-1.5761936,0.9373070629606185,1.0
Adamts17,0.07865497,-0.65961456,0.9373070629606185,1.0
Reep1,0.07865497,-0.6106721,0.9373070629606185,1.0
Ppy,0.07865497,-0.42492607,0.9373070629606185,1.0
Gabbr2,0.07865497,-0.33497563,0.9373070629606185,1.0
Fhl4,0.07865497,-0.6119136,0.9373070629606185,1.0
Pappa,0.07865497,-0.774102,0.9373070629606185,1.0
Smarca1,0.07865497,-1.1350135,0.9373070629606185,1.0
Ghrhr,0.07865497,-0.051800773,0.9373070629606185,1.0
Ccr2,0.07865497,0.31526852,0.9373070629606185,1.0
Ccdc155,0.07865497,-0.16124928,0.9373070629606185,1.0
Jcad,0.07865497,-0.8446691,0.9373070629606185,1.0
Fgf10,0.07865497,-1.0035245,0.9373070629606185,1.0
Cemip,0.07865497,-1.354785,0.9373070629606185,1.0
Treml2,0.077439174,-0.7563907,0.9382741792392614,1.0
Erich2,0.07742487,-1.5621434,0.9382855576225604,1.0
Acap1,0.07742487,-2.7179122,0.9382855576225604,1.0
Ngb,0.07742487,-2.1983144,0.9382855576225604,1.0
Piwil2,0.07742487,-2.813002,0.9382855576225604,1.0
Wif1,0.07619954,-1.1161284,0.9392603523269688,1.0
Slc14a1,0.07358199,-1.806804,0.9413429989276537,1.0
Dnajb13,0.07316242,15.8000765,0.9416768670228366,1.0
Basp1,0.07316242,16.592253,0.9416768670228366,1.0
Tmem178,0.07316242,17.364025,0.9416768670228366,1.0
Ly6i,0.07316242,17.762823,0.9416768670228366,1.0
Opn1sw,0.07316242,17.77068,0.9416768670228366,1.0
Lrrn4cl,0.07316242,17.159462,0.9416768670228366,1.0
Fut7,0.07316242,16.507185,0.9416768670228366,1.0
Ina,0.07316242,15.944127,0.9416768670228366,1.0
Gzmc,0.07316242,16.797869,0.9416768670228366,1.0
Carmil3,0.07316242,16.47039,0.9416768670228366,1.0
Apom,0.07316242,17.225191,0.9416768670228366,1.0
Klra5,0.07316242,17.966219,0.9416768670228366,1.0
Mmp19,0.07316242,16.263538,0.9416768670228366,1.0
Slc26a4,0.07316242,18.392454,0.9416768670228366,1.0
Napsa,0.07316242,16.737246,0.9416768670228366,1.0
Aoah,0.07316242,17.726322,0.9416768670228366,1.0
Slc38a3,0.07316242,16.132822,0.9416768670228366,1.0
Kcne2,0.07316242,17.241913,0.9416768670228366,1.0
Muc20,0.07316242,16.218843,0.9416768670228366,1.0
Zmynd15,0.07316242,15.951839,0.9416768670228366,1.0
Jakmip2,0.07316242,16.11044,0.9416768670228366,1.0
Sit1,0.07316242,14.417524,0.9416768670228366,1.0
Hgd,0.07316242,15.239815,0.9416768670228366,1.0
Ms4a2,0.07316242,18.006746,0.9416768670228366,1.0
Pkd2l2,0.07316242,17.168566,0.9416768670228366,1.0
Maneal,0.07316242,16.620668,0.9416768670228366,1.0
Fezf1,0.07316242,16.626709,0.9416768670228366,1.0
Sfta2,0.07316242,17.72571,0.9416768670228366,1.0
Plk5,0.07316242,15.525154,0.9416768670228366,1.0
Astn2,0.07316242,16.454454,0.9416768670228366,1.0
Shisal2b,0.07316242,16.936516,0.9416768670228366,1.0
Sstr5,0.07316242,16.466698,0.9416768670228366,1.0
Mchr1,0.07316242,16.224026,0.9416768670228366,1.0
Zfp449,0.07316242,16.253204,0.9416768670228366,1.0
Dok3,0.07316242,16.591364,0.9416768670228366,1.0
Zscan18,0.07316242,16.290058,0.9416768670228366,1.0
Hcn4,0.07316242,15.957369,0.9416768670228366,1.0
Cidea,0.07316242,16.667126,0.9416768670228366,1.0
Prex2,0.07316242,17.52298,0.9416768670228366,1.0
Brsk1,0.07316242,16.326847,0.9416768670228366,1.0
Tenm3,0.07316242,16.273125,0.9416768670228366,1.0
Tdrd5,0.07316242,16.788448,0.9416768670228366,1.0
Amd2,0.07316242,17.517937,0.9416768670228366,1.0
Kirrel,0.07316242,15.903786,0.9416768670228366,1.0
Trbv13-1,0.07316242,17.932692,0.9416768670228366,1.0
Cd180,0.07316242,16.80832,0.9416768670228366,1.0
Kcnrg,0.07316242,16.453455,0.9416768670228366,1.0
Fam171a2,0.07316242,16.343607,0.9416768670228366,1.0
Fetub,0.07316242,16.472908,0.9416768670228366,1.0
Tnni2,0.07316242,16.582386,0.9416768670228366,1.0
Lypd1,0.07316242,16.40831,0.9416768670228366,1.0
Cd36,0.07316242,16.652008,0.9416768670228366,1.0
Tm4sf1,0.07236619,-1.0808536,0.9423104857440582,1.0
Arhgap22,0.07196332,-0.272877,0.942631103164414,1.0
Rasl10b,0.07195855,-0.3877279,0.9426348975091695,1.0
Acta2,0.07195855,0.39759213,0.9426348975091695,1.0
Bend5,0.07195378,-1.5487015,0.9426386918552269,1.0
Apela,0.07195378,-0.9123791,0.9426386918552269,1.0
Sdc3,0.07194901,-0.8462998,0.9426424862025858,1.0
Klri1,0.07194901,-1.0694435,0.9426424862025858,1.0
Gab3,0.07194901,-0.6663691,0.9426424862025858,1.0
Clstn2,0.07194901,-1.6199446,0.9426424862025858,1.0
Gzmb,0.07194901,-0.6569654,0.9426424862025858,1.0
Exoc3l,0.07194901,-0.5785372,0.9426424862025858,1.0
Onecut2,0.07194901,-1.9904197,0.9426424862025858,1.0
Agap2,0.07071652,-1.2377553,0.9436233684045634,1.0
Rftn1,0.07071652,-1.1896402,0.9436233684045634,1.0
Cxcr4,0.070711754,-1.8446043,0.9436271630868137,1.0
Cck,0.07070699,-2.1941507,0.9436309577703434,1.0
Fermt3,0.07070699,-1.6830509,0.9436309577703434,1.0
Slamf7,0.06815143,-1.5995655,0.9456650900452466,1.0
Reg3a,0.06694278,-0.86266375,0.9466272525693161,1.0
Fam234b,0.06646839,0.61529267,0.9470049274573908,1.0
Penk,0.06646839,0.96950716,0.9470049274573908,1.0
Cd200r4,0.06646839,1.1523591,0.9470049274573908,1.0
Fermt2,0.06646362,-0.57283545,0.9470087232454979,1.0
Rab34,0.06646362,0.3605542,0.9470087232454979,1.0
Mageb3,0.06646362,0.20636871,0.9470087232454979,1.0
Pcdh7,0.06646362,-0.53870463,0.9470087232454979,1.0
Henmt1,0.06646362,-1.69937,0.9470087232454979,1.0
Ccl17,0.06646362,-0.8379611,0.9470087232454979,1.0
Ascl1,0.06646362,-0.69249785,0.9470087232454979,1.0
Nup210l,0.06646362,-0.1731335,0.9470087232454979,1.0
F12,0.06646362,0.24586082,0.9470087232454979,1.0
Wnt3,0.06646362,-1.2275673,0.9470087232454979,1.0
Gpr183,0.06646362,-1.0091414,0.9470087232454979,1.0
Lypd3,0.06646362,-0.3767502,0.9470087232454979,1.0
Tmod2,0.06646362,0.87126034,0.9470087232454979,1.0
Rcn3,0.06646362,-1.4613453,0.9470087232454979,1.0
Sh2b2,0.06646362,-0.60644454,0.9470087232454979,1.0
Dse,0.06646362,-0.25742823,0.9470087232454979,1.0
Dnah17,0.06646362,-0.90755683,0.9470087232454979,1.0
Ppfia4,0.06646362,-1.0624444,0.9470087232454979,1.0
Nxpe3,0.06523828,-1.2637446,0.9479842804236445,1.0
Crnn,0.06523828,-1.9129826,0.9479842804236445,1.0
Cdh3,0.06399865,-1.4161222,0.9489713047816943,1.0
Mcam,0.060968686,14.980549,0.9513841466470861,1.0
Fcgr3,0.060968686,17.095379,0.9513841466470861,1.0
Gfra1,0.060968686,17.341614,0.9513841466470861,1.0
Slc5a4a,0.060968686,15.605551,0.9513841466470861,1.0
Snai1,0.060968686,16.763391,0.9513841466470861,1.0
Pax8,0.060968686,17.024885,0.9513841466470861,1.0
Mmp11,0.060968686,15.447767,0.9513841466470861,1.0
Npl,0.060968686,16.060005,0.9513841466470861,1.0
Rasgrp4,0.060968686,17.050943,0.9513841466470861,1.0
Mn1,0.060968686,17.3271,0.9513841466470861,1.0
Ifi207,0.060968686,16.371546,0.9513841466470861,1.0
Olfr702,0.060968686,17.847334,0.9513841466470861,1.0
Fbxo43,0.060968686,16.250885,0.9513841466470861,1.0
Kcnj10,0.060968686,16.90386,0.9513841466470861,1.0
Lrrc74b,0.060968686,15.681358,0.9513841466470861,1.0
Cr2,0.060968686,16.190733,0.9513841466470861,1.0
Cfap100,0.060968686,16.700443,0.9513841466470861,1.0
Dennd2a,0.060968686,15.489462,0.9513841466470861,1.0
Ly6k,0.060968686,15.793566,0.9513841466470861,1.0
Tmem156,0.060968686,17.130314,0.9513841466470861,1.0
Plac1,0.060968686,15.487693,0.9513841466470861,1.0
Rasal1,0.060968686,16.46592,0.9513841466470861,1.0
Evi2a,0.060968686,17.09454,0.9513841466470861,1.0
Zfp683,0.060968686,17.563795,0.9513841466470861,1.0
Aldh8a1,0.060968686,16.99342,0.9513841466470861,1.0
Ccr10,0.060968686,15.531257,0.9513841466470861,1.0
Ramp2,0.060968686,16.816484,0.9513841466470861,1.0
Map1a,0.060968686,15.179292,0.9513841466470861,1.0
C1qb,0.060968686,17.119541,0.9513841466470861,1.0
Slco1b2,0.060968686,16.67546,0.9513841466470861,1.0
Tlr7,0.060968686,17.122461,0.9513841466470861,1.0
Acbd7,0.060968686,17.205658,0.9513841466470861,1.0
Prss12,0.060968686,15.725012,0.9513841466470861,1.0
Igfbp5,0.060968686,17.142244,0.9513841466470861,1.0
Scarf2,0.060968686,15.396656,0.9513841466470861,1.0
Kif7,0.060968686,13.834478,0.9513841466470861,1.0
Enho,0.060968686,15.021683,0.9513841466470861,1.0
Pdcd1,0.060968686,16.97522,0.9513841466470861,1.0
Mybpc2,0.060968686,16.067898,0.9513841466470861,1.0
Nrsn1,0.060968686,16.025496,0.9513841466470861,1.0
Csf2,0.060968686,17.916994,0.9513841466470861,1.0
P4htm,0.060968686,16.989391,0.9513841466470861,1.0
Stk32a,0.060968686,17.076345,0.9513841466470861,1.0
Zeb2,0.060968686,16.504026,0.9513841466470861,1.0
Nat8f5,0.060968686,14.584069,0.9513841466470861,1.0
Slc27a5,0.060968686,16.28027,0.9513841466470861,1.0
P2rx6,0.060968686,14.953939,0.9513841466470861,1.0
Tmem150c,0.060968686,14.760371,0.9513841466470861,1.0
Slc16a8,0.060968686,15.692206,0.9513841466470861,1.0
Tifab,0.05977911,0.337581,0.9523315616974197,1.0
Fgfr1,0.05976481,-0.96455413,0.9523429538741577,1.0
Adam11,0.05976004,-1.1637458,0.9523467512685678,1.0
Gdap1l1,0.05976004,-2.285716,0.9523467512685678,1.0
Sla2,0.05976004,-0.50744396,0.9523467512685678,1.0
Clstn3,0.05976004,-1.2242771,0.9523467512685678,1.0
Slc2a3,0.05976004,-1.615362,0.9523467512685678,1.0
St6galnac3,0.05976004,-0.6199759,0.9523467512685678,1.0
Adamdec1,0.05976004,-2.3231902,0.9523467512685678,1.0
Adam18,0.05976004,-1.4932595,0.9523467512685678,1.0
Ptpn7,0.058522787,-1.7106346,0.9533322114381623,1.0
Efna2,0.05725693,-2.1987932,0.9543405306531739,1.0
Cd226,0.055971995,-2.7115402,0.9553641158546587,1.0
Trbv29,0.054286566,2.2353835,0.9567068519484716,1.0
Reg1,0.054281797,1.4368448,0.9567106505293255,1.0
Cpb2,0.054281797,1.4498286,0.9567106505293255,1.0
Gpr119,0.054277033,1.1414393,0.9567144491111625,1.0
Mei4,0.054277033,1.2822424,0.9567144491111625,1.0
Fcer2a,0.054277033,0.65768766,0.9567144491111625,1.0
Col3a1,0.054277033,0.20628013,0.9567144491111625,1.0
Haao,0.054277033,1.2747009,0.9567144491111625,1.0
Fsd2,0.054277033,1.9618078,0.9567144491111625,1.0
Crabp2,0.054272264,-0.36750874,0.9567182476939826,1.0
Serpinh1,0.054272264,-1.4626265,0.9567182476939826,1.0
Clcnkb,0.054272264,-1.6376082,0.9567182476939826,1.0
Adat3,0.054272264,-1.6297696,0.9567182476939826,1.0
Apobr,0.054272264,-1.2595044,0.9567182476939826,1.0
Wasf1,0.054272264,-0.5773573,0.9567182476939826,1.0
Spns3,0.054272264,0.52348393,0.9567182476939826,1.0
Mymx,0.054272264,-0.0805923,0.9567182476939826,1.0
Ece2,0.054272264,-1.1726364,0.9567182476939826,1.0
Ehd3,0.054272264,-0.5957332,0.9567182476939826,1.0
Tcrg-C1,0.054272264,0.06864736,0.9567182476939826,1.0
Pdzd9,0.054272264,-1.3786464,0.9567182476939826,1.0
Tmem132b,0.054272264,-1.4764116,0.9567182476939826,1.0
Nup62cl,0.054272264,-1.2002295,0.9567182476939826,1.0
Xrra1,0.054272264,-1.7547067,0.9567182476939826,1.0
Susd3,0.054272264,0.042041358,0.9567182476939826,1.0
Tmem91,0.054272264,-1.1031669,0.9567182476939826,1.0
Itgad,0.054272264,-0.47606725,0.9567182476939826,1.0
Xkr7,0.054272264,-1.8976789,0.9567182476939826,1.0
Cybrd1,0.054272264,-0.8502919,0.9567182476939826,1.0
Crisp2,0.054272264,0.7857644,0.9567182476939826,1.0
Il7r,0.054272264,0.16260168,0.9567182476939826,1.0
Ccr9,0.05307077,-0.5773329,0.9576755216687054,1.0
Sucnr1,0.053056464,-1.7448997,0.9576869181578554,1.0
Cd101,0.0530517,-1.6631949,0.9576907169894942,1.0
Emid1,0.0530517,-1.4193221,0.9576907169894942,1.0
Klhl6,0.0530517,-1.6496987,0.9576907169894942,1.0
Dnah5,0.050529514,-2.1134753,0.9597004315029436,1.0
Gpr65,0.0492422,-1.9021075,0.960726283245221,1.0
Lhfpl1,0.04877495,15.964654,0.9610986456078314,1.0
Slc25a53,0.04877495,15.386341,0.9610986456078314,1.0
Ctla2a,0.04877495,18.202719,0.9610986456078314,1.0
Ankrd34b,0.04877495,15.1601095,0.9610986456078314,1.0
Tdo2,0.04877495,16.52493,0.9610986456078314,1.0
Cux2,0.04877495,16.36865,0.9610986456078314,1.0
Spaca9,0.04877495,16.40373,0.9610986456078314,1.0
Reck,0.04877495,15.504985,0.9610986456078314,1.0
Tafa1,0.04877495,15.942162,0.9610986456078314,1.0
Gabrb2,0.04877495,14.111664,0.9610986456078314,1.0
Mmrn1,0.04877495,16.52942,0.9610986456078314,1.0
Adgrf3,0.04877495,15.328112,0.9610986456078314,1.0
Klhl14,0.04877495,14.661854,0.9610986456078314,1.0
Mmp20,0.04877495,16.160538,0.9610986456078314,1.0
Glt8d2,0.04877495,17.369783,0.9610986456078314,1.0
Dram1,0.04877495,14.492501,0.9610986456078314,1.0
Hrh3,0.04877495,13.94628,0.9610986456078314,1.0
Dlgap3,0.04877495,15.332841,0.9610986456078314,1.0
Necab3,0.04877495,14.815467,0.9610986456078314,1.0
Ccl4,0.04877495,17.07723,0.9610986456078314,1.0
Kif17,0.04877495,15.096033,0.9610986456078314,1.0
BC035044,0.04877495,16.047771,0.9610986456078314,1.0
F13a1,0.04877495,15.801759,0.9610986456078314,1.0
Adamts6,0.04877495,14.656428,0.9610986456078314,1.0
Gypc,0.04877495,16.70542,0.9610986456078314,1.0
Tlr12,0.04877495,16.99458,0.9610986456078314,1.0
Klk1b11,0.04877495,14.6858,0.9610986456078314,1.0
Axl,0.04877495,17.9212,0.9610986456078314,1.0
Cd33,0.04877495,16.80242,0.9610986456078314,1.0
Shc2,0.04877495,15.034323,0.9610986456078314,1.0
Wfdc6b,0.04877495,16.02264,0.9610986456078314,1.0
Lilrb4a,0.04877495,16.60245,0.9610986456078314,1.0
Sncb,0.04877495,15.928192,0.9610986456078314,1.0
Clip3,0.04877495,15.500039,0.9610986456078314,1.0
Akap12,0.04877495,14.37048,0.9610986456078314,1.0
Gp1ba,0.04877495,16.99298,0.9610986456078314,1.0
Duxf3,0.04877495,15.133506,0.9610986456078314,1.0
Hdgfl3,0.04877495,16.120947,0.9610986456078314,1.0
G6pc,0.04877495,16.383379,0.9610986456078314,1.0
Aebp1,0.04877495,17.075777,0.9610986456078314,1.0
Bcl6b,0.04877495,14.563528,0.9610986456078314,1.0
Kcnj13,0.04877495,15.278595,0.9610986456078314,1.0
Cpt1c,0.04877495,14.494814,0.9610986456078314,1.0
Tnr,0.04877495,16.168655,0.9610986456078314,1.0
Ism2,0.04877495,16.064444,0.9610986456078314,1.0
Perm1,0.04877495,15.923876,0.9610986456078314,1.0
Dnajc6,0.04877495,15.583292,0.9610986456078314,1.0
Mpdz,0.04877495,13.7197695,0.9610986456078314,1.0
Armc2,0.04877495,16.295122,0.9610986456078314,1.0
Clec5a,0.04877495,15.253619,0.9610986456078314,1.0
Hcar2,0.04877495,17.74541,0.9610986456078314,1.0
Pcdh19,0.04877495,16.821407,0.9610986456078314,1.0
Bcl2a1b,0.04877495,16.549631,0.9610986456078314,1.0
Sema3d,0.04877495,16.494612,0.9610986456078314,1.0
Ms4a4a,0.04877495,16.768576,0.9610986456078314,1.0
Il12rb1,0.04877495,17.104647,0.9610986456078314,1.0
Taar8b,0.04877495,15.727915,0.9610986456078314,1.0
Faxc,0.047580607,-0.3639957,0.9620504877802765,1.0
Hspb8,0.04757107,-2.5725389,0.9620580875380437,1.0
Pou2f2,0.04757107,-2.3916726,0.9620580875380437,1.0
Grap,0.04757107,-1.157204,0.9620580875380437,1.0
Lypd6,0.04757107,-1.8922706,0.9620580875380437,1.0
Cd8b1,0.04757107,-1.4044697,0.9620580875380437,1.0
Eddm3b,0.04757107,-2.875402,0.9620580875380437,1.0
Mapk8ip2,0.04757107,-3.1893795,0.9620580875380437,1.0
Ly86,0.04757107,-1.1654292,0.9620580875380437,1.0
Iqcn,0.04757107,-1.3847824,0.9620580875380437,1.0
Cldn10,0.04757107,-1.5546466,0.9620580875380437,1.0
Apba1,0.04757107,-1.6990343,0.9620580875380437,1.0
Plcxd3,0.046367195,-0.6026227,0.9630175844168508,1.0
Col15a1,0.04634812,-1.3238518,0.9630327848020357,1.0
Col1a1,0.042085677,-0.17139146,0.9664303977036591,1.0
Cd5,0.042085677,0.544156,0.9664303977036591,1.0
Crtam,0.042085677,-0.016947588,0.9664303977036591,1.0
Gpx8,0.042085677,-0.062266074,0.9664303977036591,1.0
Olfr700,0.04208091,0.14707144,0.9664341985182962,1.0
Npr1,0.04208091,-1.639758,0.9664341985182962,1.0
Sh2d1a,0.04208091,-2.5448935,0.9664341985182962,1.0
Lrrn1,0.04208091,-1.0000831,0.9664341985182962,1.0
Ebf1,0.04208091,-0.7480158,0.9664341985182962,1.0
Kcnc1,0.04208091,0.27616253,0.9664341985182962,1.0
Edar,0.04208091,-0.8322098,0.9664341985182962,1.0
Havcr2,0.04208091,-0.508141,0.9664341985182962,1.0
Col28a1,0.04208091,-0.59803975,0.9664341985182962,1.0
Wfdc16,0.04208091,-1.6371884,0.9664341985182962,1.0
Hes7,0.04208091,-1.9407933,0.9664341985182962,1.0
Nol4,0.04208091,-0.50257033,0.9664341985182962,1.0
Wscd2,0.04208091,-0.92411387,0.9664341985182962,1.0
Kynu,0.04208091,-1.4935411,0.9664341985182962,1.0
March1,0.04208091,-0.49339244,0.9664341985182962,1.0
Pcdhb12,0.04208091,-0.56920844,0.9664341985182962,1.0
Podxl,0.04208091,-2.098575,0.9664341985182962,1.0
Dusp2,0.04208091,-0.66226983,0.9664341985182962,1.0
Abcg3,0.04208091,-1.1576262,0.9664341985182962,1.0
Sparc,0.04208091,-0.2800067,0.9664341985182962,1.0
Tas2r126,0.04208091,-3.3124554,0.9664341985182962,1.0
Ak5,0.04208091,-0.0065118587,0.9664341985182962,1.0
Awat2,0.04208091,-1.1678971,0.9664341985182962,1.0
Nova2,0.04208091,-1.1354941,0.9664341985182962,1.0
Nckap5l,0.04208091,-0.12665674,0.9664341985182962,1.0
Tmem30c,0.04208091,-2.2825933,0.9664341985182962,1.0
Klra7,0.04086988,-1.2030774,0.9673996298965722,1.0
Tmem182,0.04086988,-1.5591214,0.9673996298965722,1.0
Rnf144a,0.04086988,-1.1640987,0.9673996298965722,1.0
Cdh2,0.04086988,-2.0821679,0.9673996298965722,1.0
Pknox2,0.04086988,-1.2990154,0.9673996298965722,1.0
S100a7a,0.04086988,-1.4865328,0.9673996298965722,1.0
Txlnb,0.040865112,-2.1276429,0.967403430902873,1.0
Smyd1,0.040865112,-2.4709592,0.967403430902873,1.0
Fcrl1,0.040865112,-2.0023205,0.967403430902873,1.0
Gpbar1,0.040865112,-2.1607618,0.967403430902873,1.0
Piezo2,0.03962071,-3.2283945,0.9683955186129242,1.0
Ifi208,0.037046075,-2.1771948,0.9704482674355992,1.0
B4galt2,0.03658121,14.42869,0.9708189239032938,1.0
Heyl,0.03658121,15.444479,0.9708189239032938,1.0
Ak8,0.03658121,15.044973,0.9708189239032938,1.0
Prf1,0.03658121,17.16443,0.9708189239032938,1.0
Actl6b,0.03658121,14.460264,0.9708189239032938,1.0
Itga9,0.03658121,15.098926,0.9708189239032938,1.0
Pgbd5,0.03658121,14.380591,0.9708189239032938,1.0
Ntn1,0.03658121,17.21904,0.9708189239032938,1.0
Trbv20,0.03658121,17.538591,0.9708189239032938,1.0
Chrdl1,0.03658121,15.382831,0.9708189239032938,1.0
Angptl1,0.03658121,16.133747,0.9708189239032938,1.0
Kif26a,0.03658121,17.202326,0.9708189239032938,1.0
Slc4a3,0.03658121,15.47997,0.9708189239032938,1.0
Cyp4f18,0.03658121,13.905053,0.9708189239032938,1.0
Dpysl5,0.03658121,15.738633,0.9708189239032938,1.0
Tmem178b,0.03658121,15.763479,0.9708189239032938,1.0
Htr1b,0.03658121,16.763666,0.9708189239032938,1.0
Il10ra,0.03658121,16.415817,0.9708189239032938,1.0
Igkv8-30,0.03658121,16.62223,0.9708189239032938,1.0
Fam20a,0.03658121,17.233786,0.9708189239032938,1.0
Acoxl,0.03658121,15.922637,0.9708189239032938,1.0
Fam81a,0.03658121,17.579412,0.9708189239032938,1.0
Susd2,0.03658121,14.678178,0.9708189239032938,1.0
Aoc3,0.03658121,15.811371,0.9708189239032938,1.0
Tnc,0.03658121,12.987435,0.9708189239032938,1.0
Jhy,0.03658121,14.028245,0.9708189239032938,1.0
Fbxo27,0.03658121,15.533957,0.9708189239032938,1.0
Glis1,0.03658121,14.909198,0.9708189239032938,1.0
Ubash3a,0.03658121,16.820435,0.9708189239032938,1.0
Pi16,0.03658121,17.20768,0.9708189239032938,1.0
Cd300c2,0.03658121,16.658363,0.9708189239032938,1.0
Tmprss3,0.03658121,15.213295,0.9708189239032938,1.0
Dyrk4,0.03658121,15.109991,0.9708189239032938,1.0
Asphd1,0.03658121,15.684897,0.9708189239032938,1.0
Trbv5,0.03658121,15.66658,0.9708189239032938,1.0
Hey2,0.03658121,14.264845,0.9708189239032938,1.0
Pnpla3,0.03658121,14.700482,0.9708189239032938,1.0
Colq,0.03658121,14.996221,0.9708189239032938,1.0
Arhgap23,0.03658121,15.73417,0.9708189239032938,1.0
Klrc3,0.03658121,16.298021,0.9708189239032938,1.0
Col6a5,0.03658121,13.667839,0.9708189239032938,1.0
Arl11,0.03658121,15.75157,0.9708189239032938,1.0
Slc15a3,0.03658121,16.589285,0.9708189239032938,1.0
Cd93,0.03658121,16.533377,0.9708189239032938,1.0
Aqp9,0.03658121,15.83466,0.9708189239032938,1.0
Clec2g,0.03658121,16.12849,0.9708189239032938,1.0
Myo3b,0.03658121,15.767126,0.9708189239032938,1.0
Tal2,0.03658121,16.886591,0.9708189239032938,1.0
Ms4a6d,0.03658121,16.518005,0.9708189239032938,1.0
Fbxl2,0.03658121,15.655479,0.9708189239032938,1.0
Sv2a,0.03658121,14.536825,0.9708189239032938,1.0
Snca,0.03658121,16.055082,0.9708189239032938,1.0
Chil3,0.03658121,16.085438,0.9708189239032938,1.0
Kcnip3,0.03658121,16.678833,0.9708189239032938,1.0
Serpina3f,0.03658121,15.601681,0.9708189239032938,1.0
Tgfbr3,0.03658121,17.695066,0.9708189239032938,1.0
Scrn1,0.03658121,14.952539,0.9708189239032938,1.0
Crip3,0.03658121,13.784159,0.9708189239032938,1.0
Atg9b,0.03658121,14.693783,0.9708189239032938,1.0
Angpt1,0.03658121,15.273092,0.9708189239032938,1.0
Csf2rb,0.03658121,14.7748785,0.9708189239032938,1.0
Gpr141,0.03658121,15.222752,0.9708189239032938,1.0
Parvb,0.03658121,15.629918,0.9708189239032938,1.0
Hc,0.03658121,14.749489,0.9708189239032938,1.0
Gprin2,0.03658121,13.95961,0.9708189239032938,1.0
Bcan,0.03658121,16.158136,0.9708189239032938,1.0
Trim67,0.03658121,14.391919,0.9708189239032938,1.0
Gxylt2,0.03658121,14.688296,0.9708189239032938,1.0
Fam71b,0.03658121,14.571956,0.9708189239032938,1.0
Drd4,0.03658121,16.395924,0.9708189239032938,1.0
Inka1,0.03658121,15.057605,0.9708189239032938,1.0
Ifitm6,0.03658121,13.423246,0.9708189239032938,1.0
Rab39b,0.03658121,13.476233,0.9708189239032938,1.0
F2rl2,0.03658121,17.042023,0.9708189239032938,1.0
Klrb1f,0.035391636,-1.8480066,0.9717674528133342,1.0
Il12a,0.035391636,-0.19672738,0.9717674528133342,1.0
Cntn1,0.035382103,-2.7885058,0.9717750564146242,1.0
Icos,0.035382103,-1.4624047,0.9717750564146242,1.0
Asb2,0.035382103,-2.867713,0.9717750564146242,1.0
Grik3,0.035382103,-3.3642426,0.9717750564146242,1.0
Itga11,0.035382103,-1.3043047,0.9717750564146242,1.0
Adamts3,0.035382103,-2.1632137,0.9717750564146242,1.0
Hcn3,0.035382103,-2.2592094,0.9717750564146242,1.0
Tspan2,0.035382103,-3.5329294,0.9717750564146242,1.0
Cyp2j13,0.035382103,-2.0297062,0.9717750564146242,1.0
Hsd11b1,0.035382103,-1.451599,0.9717750564146242,1.0
Bst1,0.035382103,-1.1853702,0.9717750564146242,1.0
Podxl2,0.035382103,-3.0632222,0.9717750564146242,1.0
Gpr75,0.035382103,-0.92601687,0.9717750564146242,1.0
Tcp11l1,0.034154385,-2.2327998,0.9727540412629753,1.0
Lamb1,0.034154385,-3.3633654,0.9727540412629753,1.0
Fabp1,0.03289806,-2.33917,0.9737558798944521,1.0
Flrt1,0.030313894,-2.484669,0.9758167162522723,1.0
Hba-a1,0.029894324,0.514902,0.9761513325857203,1.0
Kcnq4,0.029894324,0.07694132,0.9761513325857203,1.0
Alas2,0.029894324,1.545315,0.9761513325857203,1.0
Cnrip1,0.029894324,-0.23703367,0.9761513325857203,1.0
Sulf1,0.029889556,-2.435032,0.9761551350682841,1.0
Tbx15,0.029889556,-2.2912636,0.9761551350682841,1.0
Wdfy4,0.029889556,-1.4277594,0.9761551350682841,1.0
Bend4,0.029889556,-3.0919678,0.9761551350682841,1.0
Ap3b2,0.029889556,-2.1226685,0.9761551350682841,1.0
Sfrp1,0.029889556,-0.9270247,0.9761551350682841,1.0
Slamf1,0.029889556,-0.19968036,0.9761551350682841,1.0
Trbv16,0.029889556,0.30759138,0.9761551350682841,1.0
Meis1,0.029889556,-1.218032,0.9761551350682841,1.0
Serpinb6b,0.029889556,-2.1660793,0.9761551350682841,1.0
Apoa4,0.029889556,-2.0663896,0.9761551350682841,1.0
Ms4a6c,0.029889556,0.0059868833,0.9761551350682841,1.0
Fabp3,0.029889556,-0.51406896,0.9761551350682841,1.0
Plvap,0.029889556,-1.299837,0.9761551350682841,1.0
Rnase6,0.029889556,-1.4256061,0.9761551350682841,1.0
Tlr13,0.029889556,-2.263391,0.9761551350682841,1.0
Myl1,0.029889556,-0.827713,0.9761551350682841,1.0
Spaca4,0.029889556,0.88644874,0.9761551350682841,1.0
Dkk3,0.029889556,-0.49113286,0.9761551350682841,1.0
Ffar3,0.029889556,-1.1695244,0.9761551350682841,1.0
Slc27a6,0.029889556,0.38687027,0.9761551350682841,1.0
Disc1,0.029889556,-1.60694,0.9761551350682841,1.0
Ffar1,0.029889556,-1.7619717,0.9761551350682841,1.0
Grid1,0.029889556,-2.2122023,0.9761551350682841,1.0
Cpne7,0.029889556,-2.0627675,0.9761551350682841,1.0
Zcchc18,0.029889556,-0.42979047,0.9761551350682841,1.0
Heatr9,0.028678527,-1.9265444,0.9771209829526092,1.0
Slfn1,0.028678527,-2.115294,0.9771209829526092,1.0
Tspan32,0.028678527,-1.583276,0.9771209829526092,1.0
Ntrk3,0.024387475,13.25337,0.9805435389560225,1.0
Cd80,0.024387475,13.168818,0.9805435389560225,1.0
Six4,0.024387475,12.833771,0.9805435389560225,1.0
Hcar1,0.024387475,11.9430685,0.9805435389560225,1.0
Tnfsf11,0.024387475,15.567866,0.9805435389560225,1.0
Emilin2,0.024387475,16.936852,0.9805435389560225,1.0
Brsk2,0.024387475,14.950233,0.9805435389560225,1.0
Arhgap28,0.024387475,15.03359,0.9805435389560225,1.0
Cthrc1,0.024387475,15.430259,0.9805435389560225,1.0
Krt31,0.024387475,14.71823,0.9805435389560225,1.0
Batf3,0.024387475,13.551349,0.9805435389560225,1.0
Kdr,0.024387475,15.199293,0.9805435389560225,1.0
Ky,0.024387475,14.221456,0.9805435389560225,1.0
Tmem233,0.024387475,14.722572,0.9805435389560225,1.0
Elovl3,0.024387475,15.527399,0.9805435389560225,1.0
Retnla,0.024387475,11.700183,0.9805435389560225,1.0
Csf2rb2,0.024387475,14.953668,0.9805435389560225,1.0
C3ar1,0.024387475,15.477032,0.9805435389560225,1.0
Clec4a2,0.024387475,16.86357,0.9805435389560225,1.0
Lingo3,0.024387475,14.770113,0.9805435389560225,1.0
Ccr8,0.024387475,16.240372,0.9805435389560225,1.0
Olfml2b,0.024387475,16.025177,0.9805435389560225,1.0
Apoa5,0.024387475,15.355563,0.9805435389560225,1.0
Zfp366,0.024387475,14.090775,0.9805435389560225,1.0
Ccdc40,0.024387475,15.1999655,0.9805435389560225,1.0
Cbln4,0.024387475,15.685363,0.9805435389560225,1.0
Olfr424,0.024387475,14.95676,0.9805435389560225,1.0
Hrh2,0.024387475,14.190235,0.9805435389560225,1.0
Dmtn,0.024387475,15.711582,0.9805435389560225,1.0
Tekt4,0.024387475,13.632304,0.9805435389560225,1.0
Tpsb2,0.024387475,15.569262,0.9805435389560225,1.0
Atp1a3,0.024387475,16.157482,0.9805435389560225,1.0
Srpk3,0.024387475,13.986316,0.9805435389560225,1.0
Nlrp3,0.024387475,14.474511,0.9805435389560225,1.0
Necab2,0.024387475,13.795776,0.9805435389560225,1.0
Igsf6,0.024387475,15.714604,0.9805435389560225,1.0
Adgre1,0.024387475,16.755552,0.9805435389560225,1.0
Psg25,0.024387475,16.711996,0.9805435389560225,1.0
Tmem28,0.024387475,15.057644,0.9805435389560225,1.0
Kank4,0.024387475,15.894422,0.9805435389560225,1.0
Calhm3,0.024387475,14.35759,0.9805435389560225,1.0
Hlf,0.024387475,16.084076,0.9805435389560225,1.0
Hs6st2,0.024387475,13.281998,0.9805435389560225,1.0
Qrfp,0.024387475,14.019835,0.9805435389560225,1.0
Gata2,0.024387475,15.18356,0.9805435389560225,1.0
Ccr7,0.024387475,15.731877,0.9805435389560225,1.0
Ccr4,0.024387475,13.646572,0.9805435389560225,1.0
Gsdma2,0.024387475,15.871072,0.9805435389560225,1.0
Pilrb2,0.024387475,16.469826,0.9805435389560225,1.0
Ctla2b,0.024387475,16.945044,0.9805435389560225,1.0
Mef2b,0.024387475,15.891175,0.9805435389560225,1.0
Tns1,0.024387475,14.948701,0.9805435389560225,1.0
Spink13,0.024387475,17.11449,0.9805435389560225,1.0
Cnga1,0.024387475,15.766969,0.9805435389560225,1.0
Angptl2,0.024387475,15.263122,0.9805435389560225,1.0
Mcpt4,0.024387475,15.602081,0.9805435389560225,1.0
Tekt1,0.024387475,14.20809,0.9805435389560225,1.0
Lrrc10b,0.024387475,15.209741,0.9805435389560225,1.0
Ntm,0.024387475,14.052088,0.9805435389560225,1.0
Gabrb3,0.024387475,14.202389,0.9805435389560225,1.0
Igfbpl1,0.024387475,12.408551,0.9805435389560225,1.0
Epha5,0.024387475,13.826609,0.9805435389560225,1.0
Fam167b,0.024387475,16.16343,0.9805435389560225,1.0
Il2ra,0.024387475,16.091017,0.9805435389560225,1.0
Poln,0.024387475,13.601519,0.9805435389560225,1.0
Habp2,0.024387475,14.097677,0.9805435389560225,1.0
Scimp,0.024387475,14.983505,0.9805435389560225,1.0
Shcbp1l,0.024387475,13.872558,0.9805435389560225,1.0
Amh,0.024387475,16.320084,0.9805435389560225,1.0
Lcn4,0.024387475,14.527496,0.9805435389560225,1.0
Rab39,0.024387475,14.737555,0.9805435389560225,1.0
Cpeb1,0.024387475,16.01724,0.9805435389560225,1.0
Tgfb3,0.024387475,14.232078,0.9805435389560225,1.0
Cmklr1,0.024387475,15.263369,0.9805435389560225,1.0
Klri2,0.024387475,14.562673,0.9805435389560225,1.0
Clec12a,0.024387475,15.186744,0.9805435389560225,1.0
Zfp300,0.024387475,16.23646,0.9805435389560225,1.0
Plcxd1,0.024387475,13.17767,0.9805435389560225,1.0
Ggt5,0.024387475,15.32296,0.9805435389560225,1.0
Siglec1,0.024387475,15.875326,0.9805435389560225,1.0
Zeb1,0.023202667,-0.99424636,0.9814886104769107,1.0
Mcpt8,0.0231979,-1.3431011,0.9814924136349978,1.0
Cacnb2,0.0231979,-1.4717063,0.9814924136349978,1.0
Arhgap25,0.0231979,-1.260807,0.9814924136349978,1.0
Stap1,0.023193132,-2.7873642,0.9814962167935056,1.0
Fam92b,0.023193132,-2.1243398,0.9814962167935056,1.0
Entpd1,0.023193132,-2.3286028,0.9814962167935056,1.0
Cngb1,0.023193132,-1.6424809,0.9814962167935056,1.0
Il1b,0.023193132,-1.4308828,0.9814962167935056,1.0
Trbv2,0.023193132,-1.4845173,0.9814962167935056,1.0
Arl5c,0.023193132,-3.050355,0.9814962167935056,1.0
Rgs4,0.023193132,-1.3748982,0.9814962167935056,1.0
Arl4c,0.023193132,-2.696558,0.9814962167935056,1.0
Atcay,0.023193132,-1.6162556,0.9814962167935056,1.0
Pcdhb14,0.021970183,-3.4533663,0.9824717405963641,1.0
Rhoh,0.02073293,-1.5011287,0.9834587007013338,1.0
Glp1r,0.020723393,-2.0457778,0.983466307430529,1.0
Cep85l,0.01770297,0.27735373,0.9858758108863678,1.0
Ccdc80,0.017698202,-1.6143199,0.9858796144722248,1.0
Enox1,0.017698202,-3.7675643,0.9858796144722248,1.0
Pid1,0.017698202,-1.193218,0.9858796144722248,1.0
Cfi,0.017698202,-3.7593658,0.9858796144722248,1.0
Siglecg,0.017698202,-1.8155321,0.9858796144722248,1.0
Rcan2,0.017698202,-1.2219603,0.9858796144722248,1.0
Npm2,0.017698202,-2.9908223,0.9858796144722248,1.0
Plxdc1,0.017698202,-1.4925777,0.9858796144722248,1.0
Kmo,0.017698202,-0.49076608,0.9858796144722248,1.0
Loxl2,0.017698202,-0.720797,0.9858796144722248,1.0
Rbm24,0.017698202,-1.4226692,0.9858796144722248,1.0
Elavl4,0.017698202,-1.5214189,0.9858796144722248,1.0
Kcnh7,0.017698202,-1.4944016,0.9858796144722248,1.0
Lmx1b,0.017698202,-0.79790264,0.9858796144722248,1.0
Lce3f,0.017698202,-2.8703473,0.9858796144722248,1.0
Osm,0.017698202,-2.934474,0.9858796144722248,1.0
Pla2g2d,0.017698202,-2.2386627,0.9858796144722248,1.0
Hcn1,0.017698202,-3.9029903,0.9858796144722248,1.0
Trbv26,0.017698202,-0.09848297,0.9858796144722248,1.0
Cysltr1,0.017698202,-0.30805275,0.9858796144722248,1.0
Scn8a,0.017698202,-3.983833,0.9858796144722248,1.0
Zfp382,0.017698202,-2.8518884,0.9858796144722248,1.0
Plppr3,0.017698202,-1.4482404,0.9858796144722248,1.0
Sbk2,0.017698202,-1.2682325,0.9858796144722248,1.0
Amer2,0.017698202,-3.7657075,0.9858796144722248,1.0
Lgals1,0.017698202,-1.1584915,0.9858796144722248,1.0
Tmem89,0.017698202,-3.086667,0.9858796144722248,1.0
Tmem200a,0.017698202,-1.0973887,0.9858796144722248,1.0
Il6,0.017698202,-2.970324,0.9858796144722248,1.0
Kcnd3,0.017698202,-2.3733804,0.9858796144722248,1.0
Cd300a,0.017698202,-0.3608745,0.9858796144722248,1.0
Smim40,0.017698202,-1.1997216,0.9858796144722248,1.0
Aqp7,0.017698202,-2.0099838,0.9858796144722248,1.0
Fndc4,0.017698202,-0.79986006,0.9858796144722248,1.0
Ttc28,0.017698202,-1.8208394,0.9858796144722248,1.0
Ighg2b,0.017698202,-1.8863372,0.9858796144722248,1.0
Sez6,0.017698202,-1.7725773,0.9858796144722248,1.0
Chil5,0.017698202,-2.7805295,0.9858796144722248,1.0
Mab21l3,0.017698202,-1.545862,0.9858796144722248,1.0
Ccl21a,0.017698202,-2.1756341,0.9858796144722248,1.0
Siglech,0.017698202,-0.84155375,0.9858796144722248,1.0
Pkd1l3,0.017698202,-3.831935,0.9858796144722248,1.0
Pirb,0.017698202,-2.460517,0.9858796144722248,1.0
Lair1,0.017698202,-2.5590026,0.9858796144722248,1.0
Hp,0.017698202,-3.7192554,0.9858796144722248,1.0
Enah,0.017698202,-2.9891577,0.9858796144722248,1.0
Dcn,0.016520547,-0.042942103,0.9868191097920125,1.0
Htr1d,0.016501477,-2.164528,0.9868343244450345,1.0
Ankrd61,0.016496709,-0.74230146,0.9868381281090383,1.0
Trbv12-1,0.01649194,-2.1783295,0.9868419317733413,1.0
Sh2d1b1,0.01649194,-3.4217272,0.9868419317733413,1.0
Aatk,0.012193738,14.615895,0.9902710462551361,1.0
Adgrl3,0.012193738,11.431126,0.9902710462551361,1.0
Hlx,0.012193738,14.085694,0.9902710462551361,1.0
Spon1,0.012193738,14.52002,0.9902710462551361,1.0
Cavin2,0.012193738,12.91398,0.9902710462551361,1.0
Pcp4l1,0.012193738,15.482277,0.9902710462551361,1.0
Kcna2,0.012193738,15.3164425,0.9902710462551361,1.0
Kcnb1,0.012193738,13.378176,0.9902710462551361,1.0
Tmprss11a,0.012193738,13.662181,0.9902710462551361,1.0
Ocstamp,0.012193738,11.928752,0.9902710462551361,1.0
Mmp9,0.012193738,13.986573,0.9902710462551361,1.0
Cd3g,0.012193738,10.247223,0.9902710462551361,1.0
Zfp365,0.012193738,11.941907,0.9902710462551361,1.0
Car3,0.012193738,12.402891,0.9902710462551361,1.0
Ust,0.012193738,13.270126,0.9902710462551361,1.0
F10,0.012193738,11.627786,0.9902710462551361,1.0
Qprt,0.012193738,13.142157,0.9902710462551361,1.0
Cplx1,0.012193738,10.769743,0.9902710462551361,1.0
Pira2,0.012193738,13.436206,0.9902710462551361,1.0
Glb1l2,0.012193738,10.92582,0.9902710462551361,1.0
Tcrg-V6,0.012193738,14.933608,0.9902710462551361,1.0
Arhgef25,0.012193738,12.013239,0.9902710462551361,1.0
Cacna1i,0.012193738,14.237094,0.9902710462551361,1.0
Tmem26,0.012193738,12.69429,0.9902710462551361,1.0
Bfsp2,0.012193738,14.954155,0.9902710462551361,1.0
Krt4,0.012193738,13.300333,0.9902710462551361,1.0
St8sia6,0.012193738,15.172142,0.9902710462551361,1.0
Il4,0.012193738,13.883488,0.9902710462551361,1.0
Raver2,0.012193738,14.346868,0.9902710462551361,1.0
Ar,0.012193738,13.543864,0.9902710462551361,1.0
Ankrd63,0.012193738,11.271824,0.9902710462551361,1.0
Ccdc8,0.012193738,12.299686,0.9902710462551361,1.0
Ube2ql1,0.012193738,15.501686,0.9902710462551361,1.0
Il9r,0.012193738,12.620647,0.9902710462551361,1.0
Stac2,0.012193738,12.99808,0.9902710462551361,1.0
Lrrc25,0.012193738,14.875538,0.9902710462551361,1.0
Trem3,0.012193738,13.732186,0.9902710462551361,1.0
Tmem119,0.012193738,13.27411,0.9902710462551361,1.0
St8sia2,0.012193738,12.314929,0.9902710462551361,1.0
C1qc,0.012193738,15.336841,0.9902710462551361,1.0
Spef2,0.012193738,11.031039,0.9902710462551361,1.0
Itgb3,0.012193738,15.226819,0.9902710462551361,1.0
S1pr3,0.012193738,13.701075,0.9902710462551361,1.0
Trbv13-3,0.012193738,15.23158,0.9902710462551361,1.0
Kcnj3,0.012193738,13.558234,0.9902710462551361,1.0
Tshz3,0.012193738,14.4183235,0.9902710462551361,1.0
Ngfr,0.012193738,12.875276,0.9902710462551361,1.0
Pvrig,0.012193738,12.324932,0.9902710462551361,1.0
Xcr1,0.012193738,11.867535,0.9902710462551361,1.0
Zfyve28,0.012193738,14.52002,0.9902710462551361,1.0
Cstad,0.012193738,11.899461,0.9902710462551361,1.0
Tmem273,0.012193738,13.883488,0.9902710462551361,1.0
Gpr161,0.012193738,14.627775,0.9902710462551361,1.0
Trpc3,0.012193738,11.356868,0.9902710462551361,1.0
Bend6,0.012193738,15.210707,0.9902710462551361,1.0
Ahrr,0.012193738,15.373978,0.9902710462551361,1.0
Fras1,0.012193738,13.731881,0.9902710462551361,1.0
Apol7b,0.012193738,10.733975,0.9902710462551361,1.0
Cd300ld,0.012193738,16.074566,0.9902710462551361,1.0
Tnfrsf13b,0.012193738,12.051115,0.9902710462551361,1.0
Chst2,0.012193738,13.024629,0.9902710462551361,1.0
Hoxc6,0.012193738,14.627775,0.9902710462551361,1.0
Mcemp1,0.012193738,14.342204,0.9902710462551361,1.0
Ifi205,0.012193738,14.361301,0.9902710462551361,1.0
Ifi214,0.012193738,12.499999,0.9902710462551361,1.0
Mag,0.012193738,12.154626,0.9902710462551361,1.0
Cd79a,0.012193738,10.213348,0.9902710462551361,1.0
Ppp2r2b,0.012193738,14.047079,0.9902710462551361,1.0
Atp8b4,0.012193738,13.148134,0.9902710462551361,1.0
Obscn,0.012193738,12.785986,0.9902710462551361,1.0
Ugt1a9,0.012193738,12.592371,0.9902710462551361,1.0
Lrrc32,0.012193738,14.817302,0.9902710462551361,1.0
Cd209a,0.012193738,13.002617,0.9902710462551361,1.0
Atp6v0d2,0.012193738,13.082874,0.9902710462551361,1.0
Fam124b,0.012193738,14.539917,0.9902710462551361,1.0
Ugt1a8,0.012193738,11.613831,0.9902710462551361,1.0
Adgre4,0.012193738,16.038647,0.9902710462551361,1.0
Slc5a11,0.012193738,14.741067,0.9902710462551361,1.0
Nes,0.012193738,13.923544,0.9902710462551361,1.0
Adamts7,0.011013699,-0.7771327,0.9912125178001464,1.0
Cd22,0.011013699,-0.5925379,0.9912125178001464,1.0
Cacnb4,0.01100893,-1.1654859,0.9912163217512826,1.0
Rrad,0.011004163,-3.6381772,0.9912201257026184,1.0
Plxnc1,0.011004163,-2.143116,0.9912201257026184,1.0
Rgs9,0.011004163,-2.7744946,0.9912201257026184,1.0
Rasgrp3,0.011004163,-1.0428327,0.9912201257026184,1.0
Fcmr,0.011004163,-1.769626,0.9912201257026184,1.0
Pdgfrl,0.011004163,-3.8234346,0.9912201257026184,1.0
Igfbp6,0.011004163,-1.728879,0.9912201257026184,1.0
Fgf13,0.011004163,-2.0914862,0.9912201257026184,1.0
Pcdhb21,0.011004163,-1.876901,0.9912201257026184,1.0
Tex26,0.009785981,-2.974798,0.9921920415683273,1.0
Sash3,0.008539192,-3.2789347,0.9931867932759955,1.0
Tbxas1,0.005511617,0.4148234,0.9956023881552656,1.0
St6gal2,0.0055068494,-2.5056944,0.9956061922792904,1.0
Srsf12,0.0055068494,-2.5640173,0.9956061922792904,1.0
Irf4,0.0055068494,-3.4158385,0.9956061922792904,1.0
Arl13a,0.0055068494,-1.9248066,0.9956061922792904,1.0
Myrf,0.0055068494,-2.7289386,0.9956061922792904,1.0
Cdh11,0.0055068494,-0.8923797,0.9956061922792904,1.0
Clec4n,0.0055068494,-2.7051976,0.9956061922792904,1.0
Arhgap44,0.0055068494,-5.034956,0.9956061922792904,1.0
Igf2bp3,0.0055068494,-2.8612742,0.9956061922792904,1.0
Teddm2,0.0055068494,-2.4907796,0.9956061922792904,1.0
Slc11a1,0.0055068494,-1.2569324,0.9956061922792904,1.0
Shc3,0.0055068494,-1.9439565,0.9956061922792904,1.0
Ptger2,0.0055068494,-1.5380309,0.9956061922792904,1.0
Hsf2bp,0.0055068494,-3.3379202,0.9956061922792904,1.0
Ctnnd2,0.0055068494,-3.648792,0.9956061922792904,1.0
Tlr8,0.0055068494,-1.4866549,0.9956061922792904,1.0
Ptgfr,0.0055068494,0.0851609,0.9956061922792904,1.0
Fcgr1,0.0055068494,-1.296062,0.9956061922792904,1.0
Tmem59l,0.0055068494,-2.5751917,0.9956061922792904,1.0
Cerkl,0.0055068494,-2.4012938,0.9956061922792904,1.0
Zc3h12b,0.0055068494,-2.9635105,0.9956061922792904,1.0
Clnk,0.0055068494,-2.6588047,0.9956061922792904,1.0
Hapln4,0.0055068494,-3.2140484,0.9956061922792904,1.0
Trim30c,0.0055068494,-2.5625312,0.9956061922792904,1.0
Ccl3,0.0055068494,-2.691287,0.9956061922792904,1.0
Trpm1,0.0055068494,-1.8879876,0.9956061922792904,1.0
Rgs18,0.0055068494,-2.4938648,0.9956061922792904,1.0
Blk,0.0055068494,-1.6666217,0.9956061922792904,1.0
Fam78b,0.0055068494,-0.83499473,0.9956061922792904,1.0
Klrb1,0.0055068494,-0.24434845,0.9956061922792904,1.0
Ccdc102a,0.0055068494,-2.1272345,0.9956061922792904,1.0
Chst3,0.0055068494,-3.0178924,0.9956061922792904,1.0
Afp,0.0055068494,-1.6138263,0.9956061922792904,1.0
Sept4,0.004305355,-2.784874,0.9965648344868608,1.0
Iglc3,0.004305355,-3.608531,0.9965648344868608,1.0
Slc6a19,0.0031086283,-1.1034333,0.9975196774899618,1.0
Cyp24a1,0.0018356164,-2.0543683,0.9985353908464834,1.0
Ceacam16,0.0,0.0,1.0,1.0
Olfr1444,0.0,0.0,1.0,1.0
Cd3e,0.0,0.0,1.0,1.0
Slc13a5,0.0,0.0,1.0,1.0
Cd3d,0.0,0.0,1.0,1.0
Flt3,0.0,0.0,1.0,1.0
Evi2b,0.0,0.0,1.0,1.0
Map3k19,0.0,0.0,1.0,1.0
Lamp3,0.0,0.0,1.0,1.0
Utf1,0.0,0.0,1.0,1.0
Prph,0.0,0.0,1.0,1.0
H2-DMb2,0.0,0.0,1.0,1.0
Klrg2,0.0,0.0,1.0,1.0
Gria3,0.0,0.0,1.0,1.0
Ctla4,0.0,0.0,1.0,1.0
C1ql3,0.0,0.0,1.0,1.0
Trbv31,0.0,0.0,1.0,1.0
Eng,0.0,0.0,1.0,1.0
Adamtsl2,0.0,0.0,1.0,1.0
Csf3r,0.0,0.0,1.0,1.0
Adam23,0.0,0.0,1.0,1.0
Klhl4,0.0,0.0,1.0,1.0
Art2b,0.0,0.0,1.0,1.0
St3gal2,0.0,0.0,1.0,1.0
Mefv,0.0,0.0,1.0,1.0
Ifng,0.0,0.0,1.0,1.0
Actn2,0.0,0.0,1.0,1.0
Klra3,0.0,0.0,1.0,1.0
Slc26a10,0.0,0.0,1.0,1.0
Kcnmb3,0.0,0.0,1.0,1.0
Ighm,0.0,0.0,1.0,1.0
Sirpb1c,0.0,0.0,1.0,1.0
Cd247,0.0,0.0,1.0,1.0
Cd19,0.0,0.0,1.0,1.0
Slc18a3,0.0,0.0,1.0,1.0
Wdr86,0.0,0.0,1.0,1.0
Pilra,0.0,0.0,1.0,1.0
Fcgr4,0.0,0.0,1.0,1.0
Pilrb1,0.0,0.0,1.0,1.0
Gnb4,0.0,0.0,1.0,1.0
Tcrg-V4,0.0,0.0,1.0,1.0
Rab7b,0.0,0.0,1.0,1.0
Cryba4,0.0,0.0,1.0,1.0
Kcna3,0.0,0.0,1.0,1.0
Dscaml1,0.0,0.0,1.0,1.0
Cass4,0.0,0.0,1.0,1.0
Igkv4-72,0.0,0.0,1.0,1.0
Psg26,0.0,0.0,1.0,1.0
Treml4,0.0,0.0,1.0,1.0
Elovl2,0.0,0.0,1.0,1.0
Tal1,0.0,0.0,1.0,1.0
Trbv23,0.0,0.0,1.0,1.0
Ptprc,0.0,0.0,1.0,1.0
Spo11,0.0,0.0,1.0,1.0
Tmem121b,0.0,0.0,1.0,1.0
Havcr1,0.0,0.0,1.0,1.0
Apol7e,0.0,0.0,1.0,1.0
Eya1,0.0,0.0,1.0,1.0
Podnl1,0.0,0.0,1.0,1.0
Art4,0.0,0.0,1.0,1.0
P2ry13,0.0,0.0,1.0,1.0
Hrh4,0.0,0.0,1.0,1.0
Ccno,0.0,0.0,1.0,1.0
Tmem47,0.0,0.0,1.0,1.0
Gpr162,-0.0011800391,-2.0768723,0.999058465233933,1.0
Hpx,-0.0011848069,-5.100275,0.9990546610548365,1.0
H2-Ob,-0.0011848069,-2.3719316,0.9990546610548365,1.0
BC147527,-0.0011848069,-3.0687833,0.9990546610548365,1.0
Tnfsf8,-0.0011848069,-3.8806276,0.9990546610548365,1.0
Nrgn,-0.0023934531,-2.4690628,0.9980903025818695,1.0
Muc6,-0.0066797365,0.030245958,0.9946703809936468,1.0
Ptafr,-0.0066797365,0.12776507,0.9946703809936468,1.0
Adamtsl1,-0.0066845044,-4.100539,0.9946665768968197,1.0
Dapl1,-0.0066845044,-5.4650426,0.9946665768968197,1.0
Tbxa2r,-0.0066845044,-2.006258,0.9946665768968197,1.0
Gapt,-0.0066845044,-2.282132,0.9946665768968197,1.0
Tnfsf14,-0.0066845044,-5.86906,0.9946665768968197,1.0
Hip1,-0.0066845044,-2.4272428,0.9946665768968197,1.0
Tek,-0.0066845044,-4.2724404,0.9946665768968197,1.0
Ntf5,-0.0066845044,-3.3422797,0.9946665768968197,1.0
Kcnq5,-0.0066845044,-3.122372,0.9946665768968197,1.0
Erp27,-0.0066845044,-3.1176047,0.9946665768968197,1.0
Runx2,-0.0066845044,-4.391467,0.9946665768968197,1.0
Olfr558,-0.0066845044,-4.682248,0.9946665768968197,1.0
Ppp2r2c,-0.0066845044,-4.827513,0.9946665768968197,1.0
Shisa8,-0.0066845044,-4.2424455,0.9946665768968197,1.0
Themis2,-0.0066845044,-3.1549745,0.9946665768968197,1.0
Dnm3,-0.0066845044,-5.5929427,0.9946665768968197,1.0
Mogat1,-0.0066845044,-4.769707,0.9946665768968197,1.0
Ms4a4c,-0.0066845044,-4.057575,0.9946665768968197,1.0
Ablim3,-0.0066845044,-2.261555,0.9946665768968197,1.0
Cd300lb,-0.0066845044,-1.8841242,0.9946665768968197,1.0
Tcrg-V5,-0.0066845044,-2.685693,0.9946665768968197,1.0
Tmcc2,-0.0066845044,-2.58376,0.9946665768968197,1.0
Tmem121,-0.0066845044,-4.345582,0.9946665768968197,1.0
Zpbp,-0.0066845044,-4.337387,0.9946665768968197,1.0
Clec4a3,-0.0066845044,-1.9671663,0.9946665768968197,1.0
Btk,-0.0066845044,-4.486419,0.9946665768968197,1.0
Slamf8,-0.0066845044,-0.9097883,0.9946665768968197,1.0
Clec2f,-0.0066845044,-5.144995,0.9946665768968197,1.0
Clec9a,-0.0066845044,-3.047293,0.9946665768968197,1.0
Frmpd4,-0.0066845044,-3.3854768,0.9946665768968197,1.0
Nrip2,-0.0066845044,-4.2453527,0.9946665768968197,1.0
Flt1,-0.0066845044,-3.645294,0.9946665768968197,1.0
Bank1,-0.007881231,-3.085708,0.9937117526554211,1.0
Sept12,-0.007881231,-3.86895,0.9937117526554211,1.0
Bhmt2,-0.009106564,-3.9038029,0.9927341132724858,1.0
Wscd1,-0.013373776,-4.92234,0.9893295882569427,1.0
Prrt4,-0.013373776,-2.4593976,0.9893295882569427,1.0
Cd4,-0.013373776,-4.750191,0.9893295882569427,1.0
Ighg1,-0.013373776,-3.5014117,0.9893295882569427,1.0
Duoxa1,-0.013373776,-4.1116195,0.9893295882569427,1.0
Plau,-0.013373776,-3.6130912,0.9893295882569427,1.0
P2ry12,-0.013373776,-2.568618,0.9893295882569427,1.0
Egr3,-0.014563351,-1.2381928,0.9883805375590753,1.0
Rflna,-0.015819676,-3.8106172,0.9873782513938263,1.0
Ighg3,-0.017085535,-3.3127375,0.9863683778947465,1.0
Adamts14,-0.018875858,-17.124168,0.9849401387335496,1.0
Fcrl5,-0.018875858,-15.323843,0.9849401387335496,1.0
Il1r2,-0.018875858,-16.84611,0.9849401387335496,1.0
Kcnmb4,-0.018875858,-17.944376,0.9849401387335496,1.0
Adrb1,-0.018875858,-17.057377,0.9849401387335496,1.0
Izumo1r,-0.018875858,-17.563993,0.9849401387335496,1.0
Ckm,-0.018875858,-17.062517,0.9849401387335496,1.0
Arap3,-0.018875858,-17.008526,0.9849401387335496,1.0
Pcdh20,-0.018875858,-18.388712,0.9849401387335496,1.0
Cd40lg,-0.018875858,-16.606165,0.9849401387335496,1.0
Pik3r6,-0.018875858,-18.219307,0.9849401387335496,1.0
F2r,-0.020058282,-1.7601805,0.9839968804617449,1.0
Sept3,-0.020063048,-2.2680101,0.9839930770453711,1.0
Lman1l,-0.020067817,-3.4543948,0.983989273629361,1.0
Krt39,-0.020067817,-3.8763187,0.983989273629361,1.0
Tnfrsf9,-0.020067817,-4.2253633,0.983989273629361,1.0
Plxdc2,-0.02555321,-0.86996484,0.979613706498178,1.0
Neb,-0.025562746,-5.6289682,0.9796061006191911,1.0
Fcer1a,-0.025562746,-2.972367,0.9796061006191911,1.0
Tlr9,-0.025562746,-2.7096431,0.9796061006191911,1.0
Cd6,-0.025562746,-7.5531898,0.9796061006191911,1.0
Il25,-0.0322544,-6.862989,0.9742691719948019,1.0
Cav1,-0.0322544,-3.1028209,0.9742691719948019,1.0
Rnf144b,-0.0322544,-3.7965093,0.9742691719948019,1.0
Bcl2a1d,-0.0322544,-5.2828693,0.9742691719948019,1.0
Slamf6,-0.0334702,-4.2206903,0.973299629367593,1.0
Sh3gl3,-0.037751716,-17.787956,0.9698856421506497,1.0
Hmx3,-0.042700727,-3.323497,0.9659400990412516,1.0
Acsbg1,-0.04564725,-3.419678,0.9635914082319016,1.0
Rasgrp2,-0.045652017,-3.2113118,0.9635876080118279,1.0
Arhgap30,-0.048145596,-2.9047024,0.9616002083110101,1.0
Cnr2,-0.05113503,-5.1330004,0.9592179242102274,1.0
Rcsd1,-0.0536,-3.2651923,0.9572538576714564,1.0
Crisp3,-0.09138986,-3.6107805,0.9271828209814412,0.9985947481615235
Sult1b1,-0.2497821,-0.12824021,0.8027558662374881,0.9186471457442591
mt-Co3,-0.70424974,-0.19995,0.48127727064006176,0.5874211599431314
Cyp2c55,-1.2483336,-0.079474054,0.21190892450739673,0.26934236849508786
Prdx6,-2.0196047,-0.2873952,0.04342440220131716,0.057302779127956394
Cdh1,-2.1204827,0.17065969,0.03396536764884066,0.04504231987954771
Selenop,-2.60047,-0.29363033,0.009309614244030703,0.012592381284581587
Hsd17b2,-2.972125,-0.33399254,0.002957460904816111,0.004044327787336032
Adgrg7,-3.4613311,0.06649062,0.0005375110152382888,0.0007473780511828774
mt-Nd1,-3.489986,-0.36639377,0.0004830459927696399,0.0006720575797257937
Tgm3,-3.535874,-0.89512736,0.0004064285724731351,0.0005664401476325033
Tgoln1,-3.6197808,-0.0074777375,0.0002948528145040792,0.00041207074484857263
mt-Nd5,-4.186888,-0.79883915,2.828047757442709e-05,4.024303130388038e-05
Eef1a1,-4.2569995,0.059858203,2.0718889103484637e-05,2.9544401302414226e-05
Ubc,-5.0328526,-0.36335668,4.832349642155271e-07,7.046532454305111e-07
Crip1,-5.3227963,-0.21284725,1.0218407160669729e-07,1.5030302024541095e-07
Tm9sf2,-5.435222,0.07414478,5.472825536652891e-08,8.074321848498035e-08
S100a10,-5.4839325,0.09915812,4.159733846777761e-08,6.143682941428436e-08
Plac8,-5.850522,0.021986837,4.900330858548458e-09,7.3021711333388e-09
Bsg,-5.999057,-0.09525281,1.9846719072916406e-09,2.9674599094919294e-09
Sdhc,-6.224966,-0.006910689,4.816600335876978e-10,7.24290846636438e-10
Itm2b,-8.334116,-0.015124638,7.807961763824654e-17,1.2451764095662056e-16
Epcam,-8.4860525,-0.14215107,2.1377548220743092e-17,3.421959170299213e-17
Shisa5,-8.552828,-0.4890266,1.201087158511579e-17,1.926670603242914e-17
Tmem30b,-8.729853,-0.26488677,2.5500377866257483e-18,4.104009265871144e-18
Lgals3,-9.570764,-0.14531143,1.0611938039364495e-21,1.746729088689329e-21
Car2,-9.62073,-0.049869183,6.536553305933849e-22,1.0774754876885894e-21
Gsto1,-9.674428,0.0062053106,3.872516395783034e-22,6.388787756343707e-22
Guca2a,-11.080903,-0.5174659,1.5529771830216274e-28,2.664947042015404e-28
Hist1h2bc,-12.088945,-0.21391092,1.2082801129168556e-33,2.1372695051271505e-33
mt-Co2,-12.10947,-0.36998388,9.409938269499979e-34,1.6662036234029807e-33
AA467197,-12.345352,-0.20814548,5.160790289859008e-35,9.20367856205294e-35
Klf5,-14.780951,-0.29199964,1.9440311388570784e-49,3.7238584989312995e-49
St6galnac6,-15.859812,-0.4559696,1.2025443010115556e-56,2.3777896640157637e-56
Lgals4,-19.357206,-0.11269174,1.772396430682046e-83,3.9417012830666746e-83
Cd164,-20.611488,-1.0346414,2.1647390017197181e-94,5.025943267999516e-94
Ucp2,-20.653505,-0.16282067,9.078888177205155e-95,2.1139757504389662e-94
Muc3,-21.264593,-0.32890347,2.4157601365715473e-100,5.757323086025777e-100
Cfl1,-21.886059,-0.4705066,3.527231024628971e-106,8.584247065634664e-106
Ethe1,-22.867458,-0.40169948,9.797624478468791e-116,2.476113745020527e-115
Prss32,-24.124418,-0.24111964,1.385922380398824e-128,3.718361497342342e-128
mt-Atp8,-24.428719,-0.9247251,8.47275703010083e-132,2.3030203217378024e-131
Phgr1,-24.56445,-0.4865905,3.0312634306580457e-133,8.292163915632882e-133
Tspan1,-26.63342,-0.3316716,2.785321765925706e-156,8.421241465627687e-156
Tpt1,-26.813187,-0.4343573,2.267940271199939e-158,6.932070453432983e-158
Cystm1,-27.168886,-0.36716694,1.514931438733219e-162,4.712622253111185e-162
Cox7b,-27.299805,-0.2998616,4.2643563512030625e-164,1.3359696014364693e-163
Lypd8,-37.400307,-0.79777485,3.863031560914798e-306,2.799520752279272e-305
Muc2,-47.857704,-1.362754,0.0,0.0
Fth1,-53.523605,-1.1035097,0.0,0.0
